nces_id,school_name,district_name,city_name,total_students,frl_eligible_students,national_school_lunch_program,admin_approved,min_grade,max_grade
050004501204,Academies at Rivercrest High School,Rivercrest School District,Wilson,351,351,Yes under Community Eligibility Option (CEO),true,9th Grade,12th Grade
051449905192,Academies of Math and Science School,Academies of Math and Science,Little Rock,486,341,Yes participating without using any Provision or the CEO,false,Kindergarten,8th Grade
050007300001,Acorn Elementary School,Ouachita River School District,Mena,321,254,Yes participating without using any Provision or the CEO,false,Kindergarten,6th Grade
050007300002,Acorn High School,Ouachita River School District,Mena,281,182,Yes participating without using any Provision or the CEO,true,7th Grade,12th Grade
050041900901,Adkins Preschool Center,Jacksonville North Pulaski School District,Jacksonville,228,133,No,false,Prekindergarten,Prekindergarten
051368001714,Adventure Online Academy,Waldron School District,Waldron,35,28,Yes participating without using any Provision or the CEO,false,2nd Grade,12th Grade
050612001644,Agee Lierly Life Preparation Services School,Fayetteville School District,Fayetteville,250,158,Yes participating without using any Provision or the CEO,true,9th Grade,12th Grade
051221000986,Ahlf Junior High School,Searcy School District,Searcy,576,285,Yes participating without using any Provision or the CEO,true,7th Grade,8th Grade
050411005137,Albert J. Murphy Junior High School,Genoa Central School District,Texarkana,287,94,Yes participating without using any Provision or the CEO,false,7th Grade,9th Grade
050004201675,Allbritton Elementary School,Hamburg School District,Hamburg,293,188,Yes participating without using any Provision or the CEO,false,3rd Grade,5th Grade
050225000004,Alma High School,Alma School District,Alma,981,411,Yes participating without using any Provision or the CEO,true,9th Grade,12th Grade
050225000003,Alma Intermediate School,Alma School District,Alma,685,347,Yes participating without using any Provision or the CEO,false,3rd Grade,5th Grade
050225000005,Alma Middle School,Alma School District,Alma,722,347,Yes participating without using any Provision or the CEO,true,6th Grade,8th Grade
050225001350,Alma Primary School,Alma School District,Alma,704,357,Yes participating without using any Provision or the CEO,false,Prekindergarten,2nd Grade
050228000006,Alpena Elementary School,Alpena School District,Alpena,219,156,Yes participating without using any Provision or the CEO,false,Prekindergarten,6th Grade
050228000007,Alpena High School,Alpena School District,Alpena,183,113,Yes participating without using any Provision or the CEO,true,7th Grade,12th Grade
050468000193,Amanda Gist Elementary School,Cotter School District,Cotter,374,374,Yes under Community Eligibility Option (CEO),false,Prekindergarten,6th Grade
051068000779,Amboy Elementary School,North Little Rock School District,North Little Rock,456,456,Yes under Community Eligibility Option (CEO),false,Prekindergarten,5th Grade
050296000062,Angie Grant Elementary School,Benton School District,Benton,340,225,Yes participating without using any Provision or the CEO,false,Kindergarten,4th Grade
050936001554,Anna Strong Learning Academy,Lee County School District,Marianna,417,416,Yes under Community Eligibility Option (CEO),false,Prekindergarten,6th Grade
050558000267,Anne Watson Elementary School,East End School District,Bigelow,357,258,Yes participating without using any Provision or the CEO,false,Prekindergarten,6th Grade
050828000547,Annie Camp Junior High School,Jonesboro School District,Jonesboro,701,701,Yes under Community Eligibility Option (CEO),false,7th Grade,9th Grade
050306001424,Apple Glen Elementary School,Bentonville School District,Bentonville,497,97,Yes participating without using any Provision or the CEO,false,Kindergarten,4th Grade
050306000160,Ardis Ann Middle School,Bentonville School District,Bentonville,576,100,Yes participating without using any Provision or the CEO,false,5th Grade,6th Grade
050243000018,Arkadelphia High School,Arkadelphia School District,Arkadelphia,534,253,Yes participating without using any Provision or the CEO,true,9th Grade,12th Grade
050005500513,Arkansas Arts Academy Elementary,Arkansas Arts Academy,Rogers,523,229,Yes participating without using any Provision or the CEO,false,Kindergarten,6th Grade
050005501508,Arkansas Arts Academy High School,Arkansas Arts Academy,Rogers,422,158,Yes participating without using any Provision or the CEO,false,7th Grade,12th Grade
050041701632,Arkansas Connections Academy High,Arkansas Connections Academy,Bentonville,4575,1647,Yes participating without using any Provision or the CEO,true,Kindergarten,12th Grade
050039005204,Arkansas Consolidate High School - Vera Lloyd,Division of Youth Services School System,Monticello,10,7,Yes participating without using any Provision or the CEO,false,5th Grade,12th Grade
050039005203,Arkansas Consolidated High School - Lewisville,Division of Youth Services School System,Lewisville,23,20,Yes participating without using any Provision or the CEO,false,5th Grade,12th Grade
050039001561,Arkansas Consolidated High School-Alexander,Division of Youth Services School System,Alexander,106,103,Yes participating without using any Provision or the CEO,true,7th Grade,12th Grade
050039001589,Arkansas Consolidated High School-Dermott,Division of Youth Services School System,Dermott,16,13,Yes participating without using any Provision or the CEO,true,9th Grade,12th Grade
050039001575,Arkansas Consolidated High School-Harrisburg,Division of Youth Services School System,Harrisburg,19,16,Yes participating without using any Provision or the CEO,true,8th Grade,11th Grade
050039001577,Arkansas Consolidated High School-Mansfield,Division of Youth Services School System,Mansfield,36,33,Yes participating without using any Provision or the CEO,true,7th Grade,11th Grade
051311001068,Arkansas High School,Texarkana School District,Texarkana,1092,1092,Yes under Community Eligibility Option (CEO),true,9th Grade,12th Grade
051311001734,Arkansas Middle School,Texarkana School District,Texarkana,842,842,Yes under Community Eligibility Option (CEO),false,6th Grade,8th Grade
051449105158,Arkansas Military and First Responders Academy (Amfra),Arkansas Military and First Responders Academy (Amfra),Little Rock,176,106,Yes participating without using any Provision or the CEO,false,9th Grade,11th Grade
050003501419,Arkansas School for the Blind Elem,Arkansas School for the Blind,Little Rock,30,21,Yes participating without using any Provision or the CEO,false,Prekindergarten,6th Grade
050003501420,Arkansas School for the Blind High School,Arkansas School for the Blind,Little Rock,32,13,Yes participating without using any Provision or the CEO,false,7th Grade,12th Grade
050039401461,Arkansas Virtual Academy Elementary,Arkansas Virtual Academy,Little Rock,1387,896,Yes participating without using any Provision or the CEO,false,Kindergarten,6th Grade
050039401604,Arkansas Virtual Academy High School,Arkansas Virtual Academy,Little Rock,2567,1360,Yes participating without using any Provision or the CEO,true,9th Grade,12th Grade
050039401447,Arkansas Virtual Academy Middle School,Arkansas Virtual Academy,Little Rock,1315,740,Yes participating without using any Provision or the CEO,false,6th Grade,8th Grade
050255000026,Armorel Elementary School,Armorel School District,Blytheville,234,145,Yes participating without using any Provision or the CEO,false,Prekindergarten,6th Grade
050255000027,Armorel High School,Armorel School District,Blytheville,204,108,Yes participating without using any Provision or the CEO,false,7th Grade,12th Grade
050612000316,Asbell Elementary School,Fayetteville School District,Fayetteville,319,279,Yes participating without using any Provision or the CEO,false,Prekindergarten,4th Grade
050258001708,Ashdown Elementary School,Ashdown School District,Ashdown,621,451,Yes participating without using any Provision or the CEO,false,Kindergarten,5th Grade
050258000028,Ashdown High School,Ashdown School District,Ashdown,382,261,Yes participating without using any Provision or the CEO,true,9th Grade,12th Grade
050258000031,Ashdown Junior High School,Ashdown School District,Ashdown,278,197,Yes participating without using any Provision or the CEO,true,6th Grade,8th Grade
050261000032,Atkins Elementary School,Atkins School District,Atkins,370,276,Yes under Provision 2,false,Prekindergarten,4th Grade
050261000033,Atkins High School,Atkins School District,Atkins,317,215,Yes under Provision 2,true,9th Grade,12th Grade
050261000438,Atkins Middle School,Atkins School District,Atkins,264,183,Yes under Provision 2,true,5th Grade,8th Grade
050267000036,Augusta Elementary School,Augusta School District,Augusta,184,184,Yes under Community Eligibility Option (CEO),false,Prekindergarten,6th Grade
050267000034,Augusta High School,Augusta School District,Augusta,145,145,Yes under Community Eligibility Option (CEO),true,7th Grade,12th Grade
051185000903,Baker Elementary School,Pulaski County Special School District,Little Rock,407,106,Yes participating without using any Provision or the CEO,false,Prekindergarten,5th Grade
050270000038,Bald Knob High School,Bald Knob School District,Bald Knob,326,170,Yes participating without using any Provision or the CEO,true,9th Grade,12th Grade
050270000128,Bald Knob Middle School,Bald Knob School District,Bald Knob,216,125,Yes participating without using any Provision or the CEO,true,6th Grade,8th Grade
050001701289,Baldwin Elementary School,Paragould School District,Paragould,221,221,Yes under Community Eligibility Option (CEO),false,2nd Grade,4th Grade
050900001188,Bale Elementary School,Little Rock School District,Little Rock,330,327,Yes under Provision 2,false,Kindergarten,5th Grade
050633000351,Ballman Elementary School,Fort Smith School District,Fort Smith,286,192,Yes participating without using any Provision or the CEO,false,Prekindergarten,5th Grade
050633000352,Barling Elementary School,Fort Smith School District,Barling,316,247,Yes participating without using any Provision or the CEO,false,Prekindergarten,5th Grade
050273000039,Barton Elementary School,Barton School District,Lexa,342,342,Yes under Community Eligibility Option (CEO),false,Prekindergarten,6th Grade
050273000040,Barton High School,Barton School District,Lexa,322,322,Yes under Community Eligibility Option (CEO),true,7th Grade,12th Grade
050568000273,Barton Jr. High School,El Dorado School District,El Dorado,540,353,Yes under Provision 2,true,5th Grade,8th Grade
050001900043,Batesville High School Charter,Batesville School District,Batesville,986,594,Yes participating without using any Provision or the CEO,true,9th Grade,12th Grade
050001900042,Batesville Junior High School Charter,Batesville School District,Batesville,690,468,Yes participating without using any Provision or the CEO,true,6th Grade,8th Grade
050279000047,Bauxite High School,Bauxite School District,Bauxite,551,173,Yes participating without using any Provision or the CEO,false,9th Grade,12th Grade
050279001536,Bauxite Middle School,Bauxite School District,Bauxite,413,165,Yes participating without using any Provision or the CEO,true,6th Grade,8th Grade
050282000050,Bay Elementary School,Bay School District,Bay,317,192,Yes participating without using any Provision or the CEO,false,Kindergarten,6th Grade
050282000051,Bay High School,Bay School District,Bay,233,114,Yes participating without using any Provision or the CEO,true,7th Grade,12th Grade
050041900905,Bayou Meto Elementary School,Jacksonville North Pulaski School District,Jacksonville,416,202,Yes under Provision 2,false,Prekindergarten,5th Grade
051266001053,Bayyari Elementary School,Springdale School District,Springdale,543,502,Yes participating without using any Provision or the CEO,false,Prekindergarten,5th Grade
050633000353,Beard Elementary School,Fort Smith School District,Fort Smith,297,232,Yes participating without using any Provision or the CEO,false,Prekindergarten,5th Grade
050003200052,Bearden Elementary School,Bearden School District,Bearden,219,216,Yes under Provision 2,false,Kindergarten,6th Grade
050003200053,Bearden High School,Bearden School District,Bearden,227,224,Yes under Provision 2,true,7th Grade,12th Grade
050288001498,Beebe Early Childhood,Beebe School District,Beebe,439,283,Yes participating without using any Provision or the CEO,false,Kindergarten,1st Grade
050288000054,Beebe Elementary School,Beebe School District,Beebe,904,576,Yes participating without using any Provision or the CEO,false,2nd Grade,4th Grade
050288000057,Beebe High School,Beebe School District,Beebe,1049,504,Yes participating without using any Provision or the CEO,true,9th Grade,12th Grade
050288000055,Beebe Junior High School,Beebe School District,Beebe,491,259,Yes participating without using any Provision or the CEO,false,7th Grade,8th Grade
050288000474,Beebe Middle School,Beebe School District,Beebe,509,288,Yes participating without using any Provision or the CEO,false,5th Grade,6th Grade
050633000354,Belle Point Alternative Center,Fort Smith School District,Fort Smith,39,36,Yes participating without using any Provision or the CEO,true,6th Grade,12th Grade
051197000349,Bellview Elementary,Rogers School District,Rogers,382,77,Yes participating without using any Provision or the CEO,false,Prekindergarten,5th Grade
050296000063,Benton High School,Benton School District,Benton,1298,392,Yes participating without using any Provision or the CEO,false,10th Grade,12th Grade
050296000065,Benton Junior High School,Benton School District,Benton,971,355,Yes participating without using any Provision or the CEO,false,8th Grade,9th Grade
050296000068,Benton Middle School,Benton School District,Benton,1363,592,Yes participating without using any Provision or the CEO,false,5th Grade,7th Grade
050306000073,Bentonville High School,Bentonville School District,Bentonville,3579,526,Yes participating without using any Provision or the CEO,false,9th Grade,12th Grade
050306001618,Bentonville West High School,Bentonville School District,Bentonville,2661,563,Yes participating without using any Provision or the CEO,false,9th Grade,12th Grade
050309000077,Bergman Elementary School,Bergman School District,Harrison,474,311,Yes participating without using any Provision or the CEO,false,Prekindergarten,4th Grade
050309000078,Bergman High School,Bergman School District,Harrison,297,139,Yes participating without using any Provision or the CEO,true,9th Grade,12th Grade
050309001089,Bergman Middle School,Bergman School District,Harrison,331,196,Yes participating without using any Provision or the CEO,true,5th Grade,8th Grade
051266000869,Bernice Young Elementary,Springdale School District,Springdale,536,198,Yes participating without using any Provision or the CEO,false,Prekindergarten,5th Grade
050315000079,Berryville Elementary School,Berryville School District,Berryville,423,319,Yes participating without using any Provision or the CEO,false,Prekindergarten,2nd Grade
050315000080,Berryville High School,Berryville School District,Berryville,547,387,Yes participating without using any Provision or the CEO,true,9th Grade,12th Grade
050315001496,Berryville Intermediate School,Berryville School District,Berryville,406,298,Yes participating without using any Provision or the CEO,false,3rd Grade,5th Grade
050315000411,Berryville Middle School,Berryville School District,Berryville,421,280,Yes participating without using any Provision or the CEO,true,6th Grade,8th Grade
050784000495,Beryl Henry Upper Elementary School,Hope School District,Hope,198,198,Yes under Community Eligibility Option (CEO),false,5th Grade,6th Grade
050369001197,Bethel Middle School,Bryant School District,Alexander,762,363,Yes participating without using any Provision or the CEO,false,6th Grade,7th Grade
050558000268,Bigelow High School,East End School District,Bigelow,317,213,Yes participating without using any Provision or the CEO,true,7th Grade,12th Grade
050324000085,Bismarck Elementary School,Bismarck School District,Bismarck,379,252,Yes participating without using any Provision or the CEO,false,Prekindergarten,4th Grade
050324000086,Bismarck High School,Bismarck School District,Bismarck,317,198,Yes participating without using any Provision or the CEO,true,9th Grade,12th Grade
050324000336,Bismarck Middle School,Bismarck School District,Bismarck,338,235,Yes participating without using any Provision or the CEO,true,5th Grade,8th Grade
050330000090,Blevins High School,Blevins School District,Blevins,183,153,Yes participating without using any Provision or the CEO,true,7th Grade,12th Grade
050332005155,Blytheville Chickasaw Preparatory Academy (Bcpa),Blytheville School District,Blytheville,104,104,Yes under Community Eligibility Option (CEO),false,6th Grade,6th Grade
050332000093,Blytheville Elementary School,Blytheville School District,Blytheville,307,307,Yes under Community Eligibility Option (CEO),false,3rd Grade,5th Grade
050332001578,Blytheville High School,Blytheville School District,Blytheville,369,369,Yes under Community Eligibility Option (CEO),true,9th Grade,12th Grade
050332000099,Blytheville Middle School,Blytheville School District,Blytheville,172,172,Yes under Community Eligibility Option (CEO),true,7th Grade,8th Grade
050332000096,Blytheville Primary School,Blytheville School District,Blytheville,343,343,Yes under Community Eligibility Option (CEO),false,Prekindergarten,2nd Grade
050459000333,Bob Courtway Middle School,Conway School District,Conway,498,359,Yes participating without using any Provision or the CEO,false,5th Grade,7th Grade
050609001490,Bob Folsom Elementary School,Farmington School District,Farmington,438,162,Yes participating without using any Provision or the CEO,false,Kindergarten,3rd Grade
050999000732,Bobby Barrett Elementary School,Mount Ida School District,Mount Ida,218,177,Yes participating without using any Provision or the CEO,false,Kindergarten,6th Grade
050041901655,Bobby G Lester Elementary School,Jacksonville North Pulaski School District,Jacksonville,421,190,Yes under Provision 2,false,Kindergarten,5th Grade
050633000355,Bonneville Elementary School,Fort Smith School District,Fort Smith,287,214,Yes participating without using any Provision or the CEO,false,Prekindergarten,5th Grade
051197001370,Bonnie Grimes Elem. School,Rogers School District,Rogers,458,319,Yes participating without using any Provision or the CEO,false,Prekindergarten,5th Grade
051068000783,Boone Park Elementary School,North Little Rock School District,North Little Rock,428,428,Yes under Community Eligibility Option (CEO),false,Prekindergarten,5th Grade
050345000104,Booneville Elementary School,Booneville School District,Booneville,791,791,Yes under Community Eligibility Option (CEO),false,Prekindergarten,6th Grade
050345000105,Booneville High School,Booneville School District,Booneville,265,265,Yes under Community Eligibility Option (CEO),false,10th Grade,12th Grade
050345000339,Booneville Jr High School,Booneville School District,Booneville,299,299,Yes under Community Eligibility Option (CEO),true,7th Grade,9th Grade
050348000106,Bradford Elementary School,Bradford School District,Bradford,249,249,Yes under Community Eligibility Option (CEO),false,Prekindergarten,6th Grade
050348000107,Bradford High School,Bradford School District,Bradford,185,185,Yes under Community Eligibility Option (CEO),true,7th Grade,12th Grade
050006800108,Bradley Elementary School,Emerson Taylor Bradley School District,Bradley,166,126,Yes participating without using any Provision or the CEO,false,Kindergarten,6th Grade
050006800109,Bradley High School,Emerson Taylor Bradley School District,Bradley,147,102,Yes participating without using any Provision or the CEO,true,7th Grade,12th Grade
050900000605,Brady Elementary School,Little Rock School District,Little Rock,309,306,Yes under Provision 2,false,Kindergarten,5th Grade
050804000521,Bragg Elementary School,West Memphis School District,West Memphis,473,473,Yes under Community Eligibility Option (CEO),false,Kindergarten,6th Grade
050306001544,Bright Field Middle School,Bentonville School District,Bentonville,697,32,Yes participating without using any Provision or the CEO,false,5th Grade,6th Grade
050363000112,Brinkley High School,Brinkley School District,Brinkley,170,170,Yes under Community Eligibility Option (CEO),true,7th Grade,12th Grade
050002600857,Broadmoor Elementary School,Pine Bluff School District,Pine Bluff,283,283,Yes under Community Eligibility Option (CEO),false,Kindergarten,6th Grade
050364000115,Brookland Elementary School,Brookland School District,Brookland,728,278,Yes participating without using any Provision or the CEO,false,1st Grade,3rd Grade
050364000116,Brookland High School,Brookland School District,Brookland,645,163,Yes participating without using any Provision or the CEO,false,10th Grade,12th Grade
050364001534,Brookland Junior High School,Brookland School District,Brookland,701,195,Yes participating without using any Provision or the CEO,true,7th Grade,9th Grade
050364001458,Brookland Middle School,Brookland School District,Brookland,755,270,Yes participating without using any Provision or the CEO,false,4th Grade,6th Grade
050364005148,Brookland Primary School,Brookland School District,Brookland,384,155,Yes participating without using any Provision or the CEO,false,Prekindergarten,Kindergarten
050007605162,Bruno-Pyatt Elementary,Ozark Mountain School District,Western Grove,28,25,Yes under Provision 2,false,Kindergarten,6th Grade
050369000120,Bryant Elementary School,Bryant School District,Bryant,785,437,Yes participating without using any Provision or the CEO,false,Prekindergarten,5th Grade
050369000118,Bryant High School,Bryant School District,Bryant,2369,1147,Yes participating without using any Provision or the CEO,false,9th Grade,12th Grade
050369001676,Bryant Junior High School,Bryant School District,Bryant,1545,816,Yes participating without using any Provision or the CEO,false,8th Grade,9th Grade
050369001440,Bryant Middle School,Bryant School District,Bryant Ar,774,488,Yes participating without using any Provision or the CEO,false,6th Grade,7th Grade
050371001269,Buffalo Island Central Elementary School,Buffalo Island Central School District,Leachville,404,271,Yes participating without using any Provision or the CEO,false,Prekindergarten,6th Grade
050371001271,Buffalo Island Central High School,Buffalo Island Central School District,Monette,316,171,Yes participating without using any Provision or the CEO,false,7th Grade,12th Grade
050612000318,Butterfield Elementary School,Fayetteville School District,Fayetteville,567,268,Yes participating without using any Provision or the CEO,false,Prekindergarten,4th Grade
051341001102,Butterfield Trail Middle School,Van Buren School District,Van Buren,557,449,Yes participating without using any Provision or the CEO,false,6th Grade,8th Grade
050363000114,C.b. Partee Elementary School,Brinkley School District,Brinkley,262,262,Yes under Community Eligibility Option (CEO),false,Prekindergarten,6th Grade
050711000432,Cabe Elementary,Gurdon School District,Gurdon,365,288,Yes participating without using any Provision or the CEO,false,Prekindergarten,6th Grade
050375001553,Cabot Freshman Academy,Cabot School District,Cabot,827,386,Yes participating without using any Provision or the CEO,false,9th Grade,11th Grade
050375000123,Cabot High School,Cabot School District,Cabot,2170,923,Yes participating without using any Provision or the CEO,false,9th Grade,12th Grade
050375000399,Cabot Junior High North,Cabot School District,Cabot,920,419,Yes participating without using any Provision or the CEO,false,7th Grade,8th Grade
050375001182,Cabot Junior High South,Cabot School District,Cabot,699,346,Yes participating without using any Provision or the CEO,false,7th Grade,8th Grade
050375005196,Cabot Learning Academy,Cabot School District,Cabot,28,22,Yes participating without using any Provision or the CEO,false,Kindergarten,4th Grade
050375000809,Cabot Middle School North,Cabot School District,Cabot,828,400,Yes participating without using any Provision or the CEO,false,5th Grade,6th Grade
050375000173,Cabot Middle School South,Cabot School District,Cabot,747,403,Yes participating without using any Provision or the CEO,false,5th Grade,6th Grade
050375001019,Cabot Panther Academy,Cabot School District,Cabot,318,179,Yes participating without using any Provision or the CEO,true,5th Grade,12th Grade
050377000127,Caddo Academy,Caddo Hills School District,Norman,237,193,Yes participating without using any Provision or the CEO,true,7th Grade,12th Grade
050377000126,Caddo Hills Elementary School,Caddo Hills School District,Norman,348,297,Yes participating without using any Provision or the CEO,false,Prekindergarten,6th Grade
050296000064,Caldwell Elementary School,Benton School District,Benton,427,102,Yes participating without using any Provision or the CEO,false,Kindergarten,4th Grade
050384000131,Calico Rock Elementary School,Calico Rock School District,Calico Rock,171,168,Yes under Provision 2,false,Kindergarten,6th Grade
050384000132,Calico Rock High School,Calico Rock School District,Calico Rock,176,173,Yes under Provision 2,true,7th Grade,12th Grade
050606005138,Camden Fairview Early Childhood Center,Camden Fairview School District,Camden,113,110,No,false,Prekindergarten,Prekindergarten
050606000312,Camden Fairview High School,Camden Fairview School District,Camden,652,649,Yes under Provision 2,true,9th Grade,12th Grade
050606001435,Camden Fairview Middle School,Camden Fairview School District,Camden,421,418,Yes under Provision 2,true,6th Grade,8th Grade
050459000183,Carl Stuart Middle School,Conway School District,Conway,752,384,Yes participating without using any Provision or the CEO,false,5th Grade,7th Grade
050396000139,Carlisle Elementary School,Carlisle School District,Carlisle,380,236,Yes participating without using any Provision or the CEO,false,Prekindergarten,6th Grade
050396000140,Carlisle High School,Carlisle School District,Carlisle,280,171,Yes participating without using any Provision or the CEO,true,7th Grade,12th Grade
050633000356,Carnall Elementary School,Fort Smith School District,Fort Smith,172,157,Yes participating without using any Provision or the CEO,false,Prekindergarten,5th Grade
050459001550,Carolyn Lewis Elementary School,Conway School District,Conway,514,280,Yes participating without using any Provision or the CEO,false,Kindergarten,4th Grade
051095001524,Carroll Smith Elementary School,Osceola School District,Osceola,265,262,Yes under Provision 2,false,1st Grade,4th Grade
050900000606,Carver STEAM Magnet Elementary School,Little Rock School District,Little Rock,232,229,Yes under Provision 2,false,Kindergarten,5th Grade
051185000906,Cato Elementary School,Pulaski County Special School District,Sherwood,305,185,Yes under Provision 2,false,Prekindergarten,5th Grade
050633000357,Cavanaugh Elementary School,Fort Smith School District,Fort Smith,303,218,Yes participating without using any Provision or the CEO,false,Prekindergarten,5th Grade
050405000147,Cave City Elementary School,Cave City School District,Cave City,605,457,Yes participating without using any Provision or the CEO,false,Prekindergarten,5th Grade
050405000148,Cave City High Career & Collegiate Preparatory School,Cave City School District,Cave City,375,297,Yes participating without using any Provision or the CEO,true,9th Grade,12th Grade
050405001457,Cave City Middle School Career and Collegiate Preparatory,Cave City School District,Cave City,259,205,Yes participating without using any Provision or the CEO,true,6th Grade,8th Grade
050007000767,Cedar Ridge Elementary School,Cedar Ridge School District,Newark,263,260,Yes under Provision 2,false,Kindergarten,5th Grade
050007000768,Cedar Ridge High School,Cedar Ridge School District,Newark,373,370,Yes under Provision 2,true,6th Grade,12th Grade
050408000149,Cedarville Elementary School,Cedarville School District,Cedarville,274,271,Yes under Provision 2,false,Kindergarten,4th Grade
050408000150,Cedarville High School,Cedarville School District,Cedarville,250,247,Yes under Provision 2,true,9th Grade,12th Grade
050408000332,Cedarville Middle School,Cedarville School District,Cedarville,207,204,Yes under Provision 2,true,5th Grade,8th Grade
051206001376,Center Valley Elementary School,Russellville School District,Russellville,397,230,Yes participating without using any Provision or the CEO,false,Prekindergarten,4th Grade
050669001720,Centerpoint Academy of Agriculture & Skilled Trade,Centerpoint School District,Amity,4,,Yes participating without using any Provision or the CEO,false,12th Grade,12th Grade
050669001652,Centerpoint Elementary School,Centerpoint School District,Amity,450,348,Yes participating without using any Provision or the CEO,false,Prekindergarten,5th Grade
050669000341,Centerpoint High School,Centerpoint School District,Amity,551,386,Yes participating without using any Provision or the CEO,true,6th Grade,12th Grade
050306001199,Centerton Gamble Elementary,Bentonville School District,Centerton,725,145,Yes participating without using any Provision or the CEO,false,Kindergarten,4th Grade
050375001431,Central Elementary School,Cabot School District,Cabot,394,265,Yes participating without using any Provision or the CEO,false,Prekindergarten,4th Grade
050627001425,Central Elementary School,Forrest City School District,Forrest City,713,713,Yes under Community Eligibility Option (CEO),false,Prekindergarten,2nd Grade
050004400653,Central Elementary School,Magnolia School District,Magnolia,527,523,Yes under Provision 2,false,3rd Grade,7th Grade
051341001097,Central Elementary School,Van Buren School District,Van Buren,466,351,Yes participating without using any Provision or the CEO,false,Kindergarten,5th Grade
050900000607,Central High School,Little Rock School District,Little Rock,2371,1327,Yes participating without using any Provision or the CEO,true,9th Grade,12th Grade
050768000476,Central High School,Helena West Helena School District,West Helena,439,415,Yes under Community Eligibility Option (CEO),true,7th Grade,12th Grade
051266001020,Central Junior High School,Springdale School District,Springdale,852,394,Yes participating without using any Provision or the CEO,true,8th Grade,9th Grade
050306001080,Central Park at Morning Star,Bentonville School District,Bentonville,604,108,Yes participating without using any Provision or the CEO,false,Kindergarten,4th Grade
050420000157,Charleston Elementary School,Charleston School District,Charleston,502,257,Yes participating without using any Provision or the CEO,false,Prekindergarten,6th Grade
050420000158,Charleston High School,Charleston School District,Charleston,410,161,Yes participating without using any Provision or the CEO,true,7th Grade,12th Grade
051185001484,Chenal Elementary School,Pulaski County Special School District,Little Rock,448,123,Yes participating without using any Provision or the CEO,false,Kindergarten,5th Grade
050777000490,Cherokee Elementary School,Highland School District,Hardy,581,,Yes under Provision 2,false,Prekindergarten,4th Grade
050900001463,Chicot Elementary School,Little Rock School District,Mabelvale,897,894,Yes under Provision 2,false,Prekindergarten,5th Grade
050435000163,Clarendon Elementary School,Clarendon School District,Clarendon,240,240,Yes under Community Eligibility Option (CEO),false,Prekindergarten,6th Grade
050435000164,Clarendon High School,Clarendon School District,Clarendon,193,193,Yes under Community Eligibility Option (CEO),true,7th Grade,12th Grade
050438000168,Clarksville Elementary School,Clarksville School District,Clarksville,368,292,Yes participating without using any Provision or the CEO,false,2nd Grade,3rd Grade
050438000166,Clarksville High School,Clarksville School District,Clarksville,598,429,Yes participating without using any Provision or the CEO,false,10th Grade,12th Grade
050438005135,Clarksville Intermediate School,Clarksville School District,Clarksville,380,292,Yes participating without using any Provision or the CEO,false,4th Grade,5th Grade
050438000167,Clarksville Junior High School,Clarksville School District,Clarksville,403,289,Yes participating without using any Provision or the CEO,true,8th Grade,9th Grade
050438000154,Clarksville Middle School,Clarksville School District,Clarksville,370,273,Yes participating without using any Provision or the CEO,false,6th Grade,7th Grade
050438000806,Clarksville Primary School,Clarksville School District,Clarksville,385,304,Yes participating without using any Provision or the CEO,false,Kindergarten,1st Grade
050441000171,Clinton Elementary School,Clinton School District,Clinton,553,553,Yes under Community Eligibility Option (CEO),false,Prekindergarten,5th Grade
050441000172,Clinton High School,Clinton School District,Clinton,390,390,Yes under Community Eligibility Option (CEO),true,9th Grade,12th Grade
050441000765,Clinton Jr High School,Clinton School District,Clinton,317,317,Yes under Community Eligibility Option (CEO),true,6th Grade,8th Grade
051393001136,Coleman Elementary School,Watson Chapel School District,Pine Bluff,426,340,Yes under Provision 2,false,2nd Grade,5th Grade
051311001731,College Hill Harmony Leadership Academy,Texarkana School District,Texarkana,391,391,Yes under Community Eligibility Option (CEO),false,Kindergarten,5th Grade
051311001732,College Hill Pre-K Center,Texarkana School District,Texarkana,170,167,No,false,Prekindergarten,Prekindergarten
051185000910,College Station Elementary School,Pulaski County Special School District,College Station,150,130,Yes under Provision 2,false,Prekindergarten,5th Grade
050369000178,Collegeville Elementary School,Bryant School District,Bryant Ar,503,253,Yes participating without using any Provision or the CEO,false,Kindergarten,5th Grade
050456000180,Concord Elementary School,Concord School District,Concord,197,133,Yes participating without using any Provision or the CEO,false,Kindergarten,6th Grade
050456000181,Concord High School,Concord School District,Concord,173,87,Yes participating without using any Provision or the CEO,true,7th Grade,12th Grade
050963001728,Conner Middle School,McGehee School District,McGehee,248,248,Yes under Community Eligibility Option (CEO),false,6th Grade,8th Grade
050459000184,Conway High School,Conway School District,Conway,2350,964,Yes participating without using any Provision or the CEO,false,10th Grade,12th Grade
050459000182,Conway Junior High School,Conway School District,Conway,1568,754,Yes participating without using any Provision or the CEO,true,8th Grade,9th Grade
050306001462,Cooper Elementary School,Bentonville School District,Bella Vista,628,122,Yes participating without using any Provision or the CEO,false,Kindergarten,4th Grade
050000900191,Corning High School,Corning School District,Corning,217,148,Yes participating without using any Provision or the CEO,true,9th Grade,12th Grade
050000901671,Corning Middle School,Corning School District,Corning,227,158,Yes participating without using any Provision or the CEO,false,5th Grade,8th Grade
050040501157,Cossatot River Elementary School,Cossatot River School District,Wickes,200,197,Yes under Provision 2,false,3rd Grade,6th Grade
050040501591,Cossatot River High School,Cossatot River School District,Cove,388,385,Yes under Provision 2,true,7th Grade,12th Grade
050040505140,Cossatot River Primary School,Cossatot River School District,Vandervoort,170,167,Yes under Provision 2,false,Kindergarten,2nd Grade
050468000194,Cotter High School,Cotter School District,Cotter,324,324,Yes under Community Eligibility Option (CEO),true,7th Grade,12th Grade
050474000197,County Line Elementary School,County Line School District,Branch,327,324,Yes under Provision 2,false,Prekindergarten,6th Grade
050474000198,County Line High School,County Line School District,Branch,229,226,Yes under Provision 2,true,7th Grade,12th Grade
051206000966,Crawford Elementary School,Russellville School District,Russellville,399,369,Yes participating without using any Provision or the CEO,false,Prekindergarten,4th Grade
050784001662,Creative Action Team School,Hope School District,Hope,69,69,Yes under Community Eligibility Option (CEO),true,2nd Grade,12th Grade
050306001648,Creekside Middle School,Bentonville School District,Bentonville,635,176,Yes participating without using any Provision or the CEO,false,5th Grade,6th Grade
051068000784,Crestwood Elementary School,North Little Rock School District,North Little Rock,466,466,Yes under Community Eligibility Option (CEO),false,Kindergarten,5th Grade
050774001509,Cross County Elementary Tech Academy,Cross County School District,Cherry Valley,415,415,Yes under Community Eligibility Option (CEO),false,Prekindergarten,6th Grade
050774001537,Cross County High School a New Tech School,Cross County School District,Cherry Valley,315,315,Yes under Community Eligibility Option (CEO),false,7th Grade,12th Grade
050480000201,Crossett Elementary School,Crossett School District,Crossett,699,478,Yes participating without using any Provision or the CEO,false,Prekindergarten,4th Grade
050480000202,Crossett High School,Crossett School District,Crossett,476,250,Yes participating without using any Provision or the CEO,true,9th Grade,12th Grade
050480001356,Crossett Middle School,Crossett School District,Crossett,445,285,Yes participating without using any Provision or the CEO,true,5th Grade,8th Grade
051185000058,Crystal Hill Elementary,Pulaski County Special School District,North Little Rock,499,299,Yes under Provision 2,false,Prekindergarten,5th Grade
050039001674,Cstp Civilian Student Training Program,Division of Youth Services School System,North Little Rock,31,28,Yes participating without using any Provision or the CEO,false,7th Grade,12th Grade
050486000209,Cutter-Morning Star Elementary School,Cutter Morning Star School District,Hot Springs,357,280,Yes participating without using any Provision or the CEO,false,Prekindergarten,6th Grade
050486000210,Cutter-Morning Star High School,Cutter Morning Star School District,Hot Springs,331,219,Yes participating without using any Provision or the CEO,true,7th Grade,12th Grade
051185001391,Daisy Bates Elementary School,Pulaski County Special School District,Little Rock,409,309,Yes under Provision 2,false,Prekindergarten,5th Grade
050489000212,Danville High School,Danville School District,Danville,252,182,Yes participating without using any Provision or the CEO,true,9th Grade,12th Grade
050489001488,Danville Lower Middle School,Danville School District,Danville,118,88,Yes participating without using any Provision or the CEO,true,5th Grade,6th Grade
050489005167,Danville Upper Middle School,Danville School District,Danville,126,97,Yes participating without using any Provision or the CEO,false,7th Grade,8th Grade
050493000214,Dardanelle High School,Dardanelle School District,Dardanelle,686,449,Yes participating without using any Provision or the CEO,true,9th Grade,12th Grade
050493000213,Dardanelle Intermediate School,Dardanelle School District,Dardanelle,315,236,Yes participating without using any Provision or the CEO,false,4th Grade,5th Grade
050493000215,Dardanelle Middle School,Dardanelle School District,Dardanelle,500,375,Yes participating without using any Provision or the CEO,true,6th Grade,8th Grade
050493000243,Dardanelle Primary School,Dardanelle School District,Dardanelle,615,473,Yes participating without using any Provision or the CEO,false,Kindergarten,3rd Grade
050498000221,Decatur High School,Decatur School District,Decatur,173,173,Yes under Community Eligibility Option (CEO),true,9th Grade,12th Grade
050498001602,Decatur Middle School,Decatur School District,Decatur,162,162,Yes under Community Eligibility Option (CEO),true,5th Grade,8th Grade
050498000220,Decatur Northside Elementary,Decatur School District,Decatur,278,278,Yes under Community Eligibility Option (CEO),false,Prekindergarten,4th Grade
050007201621,Deer K-12 School,Deer Mt Judea School District,Deer,174,171,Yes under Provision 2,true,Prekindergarten,12th Grade
051245001235,Delbert Pete & Pat Allen Elementary,Siloam Springs School District,Siloam Springs,671,421,Yes participating without using any Provision or the CEO,false,1st Grade,2nd Grade
050004900234,Dequeen Elementary School,De Queen School District,De Queen,558,457,Yes participating without using any Provision or the CEO,false,3rd Grade,5th Grade
050004900235,Dequeen High School,De Queen School District,De Queen,550,415,Yes participating without using any Provision or the CEO,false,10th Grade,12th Grade
050004901503,Dequeen Junior High School,De Queen School District,De Queen,348,262,Yes participating without using any Provision or the CEO,true,8th Grade,9th Grade
050004900236,Dequeen Middle School,De Queen School District,De Queen,354,275,Yes participating without using any Provision or the CEO,false,6th Grade,7th Grade
050004900853,Dequeen Primary,De Queen School District,De Queen,555,440,Yes participating without using any Provision or the CEO,false,Kindergarten,2nd Grade
050517000238,Dermott Elementary School,Dermott School District,Dermott,150,150,Yes under Community Eligibility Option (CEO),false,Prekindergarten,6th Grade
050517000239,Dermott High School,Dermott School District,Dermott,139,139,Yes under Community Eligibility Option (CEO),true,7th Grade,12th Grade
050519000241,Des Arc Elementary School,Des Arc School District,Des Arc,379,281,Yes participating without using any Provision or the CEO,false,Prekindergarten,6th Grade
050519000240,Des Arc High School,Des Arc School District,Des Arc,279,205,Yes participating without using any Provision or the CEO,true,7th Grade,12th Grade
050000100218,Dewitt Elementary School,Dewitt School District,Dewitt,518,321,Yes participating without using any Provision or the CEO,false,Prekindergarten,5th Grade
050000100216,Dewitt High School,Dewitt School District,Dewitt,364,190,Yes participating without using any Provision or the CEO,true,9th Grade,12th Grade
050000100217,Dewitt Middle School,Dewitt School District,Dewitt,271,166,Yes participating without using any Provision or the CEO,true,6th Grade,8th Grade
050534000249,Dierks High School,Dierks School District,Dierks,253,206,Yes participating without using any Provision or the CEO,true,7th Grade,12th Grade
050900001528,Don Roberts Elementary School,Little Rock School District,Little Rock,1035,317,Yes participating without using any Provision or the CEO,false,Kindergarten,5th Grade
051266001633,Don Tyson School of Innovation,Springdale School District,Springdale,1976,1150,Yes participating without using any Provision or the CEO,true,Kindergarten,12th Grade
050633000365,Dora Kimmons Middle School,Fort Smith School District,Fort Smith,753,704,Yes participating without using any Provision or the CEO,true,6th Grade,8th Grade
050828000548,Douglas Macarthur Junior High School,Jonesboro School District,Jonesboro,765,765,Yes under Community Eligibility Option (CEO),true,7th Grade,9th Grade
050543000256,Dover Elementary School,Dover School District,Dover,455,280,Yes participating without using any Provision or the CEO,false,Prekindergarten,4th Grade
050543000257,Dover High School,Dover School District,Dover,375,206,Yes participating without using any Provision or the CEO,true,9th Grade,12th Grade
050543000439,Dover Middle School,Dover School District,Dover,375,241,Yes participating without using any Provision or the CEO,true,5th Grade,8th Grade
050900000176,Dr Martin Luther King Jr Leadership & Language Magnet Acad,Little Rock School District,Little Rock,414,411,Yes under Provision 2,false,Prekindergarten,5th Grade
050900005198,Dr. Marian G. Lacey K-8 Academy,Little Rock School District,Little Rock,1252,1249,Yes participating without using any Provision or the CEO,false,Kindergarten,8th Grade
050547000258,Drew Central Elementary School,Drew Central School District,Monticello,562,562,Yes under Community Eligibility Option (CEO),false,Prekindergarten,4th Grade
050547000259,Drew Central High School,Drew Central School District,Monticello,340,338,Yes under Community Eligibility Option (CEO),true,9th Grade,12th Grade
050547001492,Drew Central Middle School,Drew Central School District,Monticello,360,360,Yes under Community Eligibility Option (CEO),true,5th Grade,8th Grade
050550000262,Dumas High School,Dumas School District,Dumas,266,266,Yes under Community Eligibility Option (CEO),false,9th Grade,12th Grade
050550000261,Dumas Middle School,Dumas School District,Dumas,184,184,Yes under Community Eligibility Option (CEO),true,6th Grade,8th Grade
050900000608,Dunbar Magnet Middle School,Little Rock School District,Little Rock,315,312,Yes under Provision 2,true,6th Grade,8th Grade
051206000967,Dwight Elementary School,Russellville School District,Russellville,234,193,Yes participating without using any Provision or the CEO,false,Prekindergarten,4th Grade
050001900144,Eagle Mountain Magnet Elementary School,Batesville School District,Batesville,905,532,Yes participating without using any Provision or the CEO,false,Prekindergarten,5th Grade
050555000264,Earle Elementary School,Earle School District,Earle,195,194,Yes under Community Eligibility Option (CEO),false,Prekindergarten,6th Grade
050555000266,Earle High School,Earle School District,Earle,176,176,Yes under Community Eligibility Option (CEO),true,7th Grade,12th Grade
050828000888,Early Childhood Learning Center,Jonesboro School District,Jonesboro,315,312,No,false,Prekindergarten,Prekindergarten
050001500995,East End Elementary School,Sheridan School District,Little Rock,442,220,Yes participating without using any Provision or the CEO,false,Prekindergarten,2nd Grade
050001500275,East End Intermediate School,Sheridan School District,Little Rock,416,192,Yes participating without using any Provision or the CEO,false,3rd Grade,5th Grade
050001501677,East End Middle School,Sheridan School District,Hensley,439,195,Yes participating without using any Provision or the CEO,false,6th Grade,8th Grade
050699000463,East Hills Middle School,Greenwood School District,Greenwood,632,198,Yes participating without using any Provision or the CEO,false,5th Grade,6th Grade
050004801348,East Poinsett County High School,East Poinsett County School District,Lepanto,266,179,Yes under Provision 2,false,7th Grade,12th Grade
050699001523,East Pointe Elementary School,Greenwood School District,Greenwood,693,223,Yes participating without using any Provision or the CEO,false,Kindergarten,4th Grade
050004400654,East Side Elementary School,Magnolia School District,Magnolia,570,554,Yes under Provision 2,false,Kindergarten,2nd Grade
050375000124,Eastside Elementary School,Cabot School District,Cabot,550,243,Yes participating without using any Provision or the CEO,false,Kindergarten,5th Grade
051197000952,Eastside Elementary School,Rogers School District,Rogers,505,300,Yes participating without using any Provision or the CEO,false,Prekindergarten,5th Grade
051393001137,Edgewood Elementary School,Watson Chapel School District,Pine Bluff,199,156,Yes under Provision 2,false,Kindergarten,1st Grade
051311001264,Edward D. Trice Elementary School,Texarkana School District,Texarkana,473,473,Yes under Community Eligibility Option (CEO),false,Kindergarten,5th Grade
050568000274,El Dorado High School,El Dorado School District,El Dorado,1235,,Yes under Provision 2,true,9th Grade,12th Grade
051101001700,Elgin B Milton Primary School,Ozark School District,Ozark,527,361,Yes participating without using any Provision or the CEO,false,Prekindergarten,3rd Grade
050576000289,Elkins Elementary School,Elkins School District,Elkins,283,141,Yes participating without using any Provision or the CEO,false,3rd Grade,5th Grade
050576000290,Elkins High School,Elkins School District,Elkins,463,173,Yes participating without using any Provision or the CEO,true,9th Grade,12th Grade
050576000303,Elkins Middle School,Elkins School District,Elkins,394,190,Yes participating without using any Provision or the CEO,true,6th Grade,8th Grade
050576001051,Elkins Primary School,Elkins School District,Elkins,322,164,Yes participating without using any Provision or the CEO,false,Prekindergarten,2nd Grade
050459000185,Ellen Smith Elementary School,Conway School District,Conway,461,293,Yes participating without using any Provision or the CEO,false,Kindergarten,4th Grade
050306000165,Elm Tree Elementary School,Bentonville School District,Bentonville,583,87,Yes participating without using any Provision or the CEO,false,Kindergarten,4th Grade
051266001021,Elmdale Elementary School,Springdale School District,Springdale,510,453,Yes participating without using any Provision or the CEO,false,Prekindergarten,5th Grade
050633000359,Elmer H. Cook Elementary School,Fort Smith School District,Fort Smith,459,262,Yes participating without using any Provision or the CEO,false,Prekindergarten,5th Grade
051197000953,Elmwood Middle School,Rogers School District,Rogers,1066,421,Yes participating without using any Provision or the CEO,true,6th Grade,8th Grade
051197000881,Elza R. Tucker Elementary School,Rogers School District,Lowell,626,332,Yes participating without using any Provision or the CEO,false,Prekindergarten,5th Grade
050006800291,Emerson Elementary School,Emerson Taylor Bradley School District,Emerson,226,116,Yes participating without using any Provision or the CEO,false,Kindergarten,6th Grade
050006800292,Emerson High School,Emerson Taylor Bradley School District,Emerson,136,67,Yes participating without using any Provision or the CEO,true,7th Grade,12th Grade
050585000295,England Elementary School,England School District,England,350,255,Yes under Provision 2,false,Prekindergarten,6th Grade
050585000296,England High School,England School District,England,272,191,Yes under Provision 2,true,7th Grade,12th Grade
050039801666,Estem East Village Elementary Public Charter School,Estem Public Charter School,Little Rock,609,477,Yes participating without using any Provision or the CEO,false,Kindergarten,6th Grade
050039801468,Estem Elementary School,Estem Public Charter School,Little Rock,672,566,Yes participating without using any Provision or the CEO,false,Kindergarten,6th Grade
050039801470,Estem High School,Estem Public Charter School,Little Rock,676,417,Yes participating without using any Provision or the CEO,false,9th Grade,12th Grade
050039801467,Estem Junior High Public Charter School,Estem Public Charter School,Little Rock,401,295,Yes participating without using any Provision or the CEO,false,7th Grade,8th Grade
050864001215,Eudora Elementary School,LAKESIDE SCHOOL DISTRICT (Chicot),Lake Village,83,83,Yes under Community Eligibility Option (CEO),false,Prekindergarten,3rd Grade
050633001358,Euper Lane Elementary School,Fort Smith School District,Fort Smith,397,244,Yes participating without using any Provision or the CEO,false,Prekindergarten,5th Grade
050597000305,Eureka Springs Elementary School,Eureka Springs School District,Eureka Springs,227,164,Yes participating without using any Provision or the CEO,false,Prekindergarten,4th Grade
050597000306,Eureka Springs High School,Eureka Springs School District,Eureka Springs,221,133,Yes participating without using any Provision or the CEO,true,9th Grade,12th Grade
050597000250,Eureka Springs Middle School,Eureka Springs School District,Eureka Springs,192,119,Yes participating without using any Provision or the CEO,true,5th Grade,8th Grade
050306001684,Evening Star Elementary School,Bentonville School District,Bentonville,716,24,Yes participating without using any Provision or the CEO,false,Kindergarten,4th Grade
050041101599,Exalt Academy of Southwest Little Rock,Exalt Academy of Southwest Little Rock,Little Rock,754,721,Yes participating without using any Provision or the CEO,true,Kindergarten,8th Grade
050900000609,Fair Park Early Childhood Center,Little Rock School District,Little Rock,195,87,No,false,Prekindergarten,Prekindergarten
050606000311,Fairview Elementary School,Camden Fairview School District,Camden,523,520,Yes under Provision 2,false,Kindergarten,3rd Grade
050633000363,Fairview Elementary School,Fort Smith School District,Fort Smith,582,469,Yes participating without using any Provision or the CEO,false,Prekindergarten,5th Grade
051197001682,Fairview Elementary School,Rogers School District,Rogers,580,118,Yes participating without using any Provision or the CEO,false,Prekindergarten,5th Grade
051311001072,Fairview Elementary School,Texarkana School District,Texarkana,246,246,Yes under Community Eligibility Option (CEO),false,Kindergarten,5th Grade
050609001716,Farmington High School,Farmington School District,Farmington,690,191,Yes participating without using any Provision or the CEO,false,10th Grade,12th Grade
050609001608,Farmington Junior High School,Farmington School District,Farmington,680,197,Yes participating without using any Provision or the CEO,false,7th Grade,9th Grade
050609005164,Farmington Pre-Kindergarten Center,Farmington School District,Farmington,70,19,No,false,Prekindergarten,Prekindergarten
050804000522,Faulk Elementary School,West Memphis School District,West Memphis,523,523,Yes under Community Eligibility Option (CEO),false,Prekindergarten,6th Grade
050612000319,Fayetteville High School,Fayetteville School District,Fayetteville,2588,922,Yes participating without using any Provision or the CEO,false,9th Grade,12th Grade
050612001636,Fayetteville Virtual Academy a Dist Conversion Charter Sch,Fayetteville School District,Fayetteville,165,34,Yes participating without using any Provision or the CEO,false,2nd Grade,12th Grade
050615000330,Flippin Elementary School,Flippin School District,Flippin,337,337,Yes under Community Eligibility Option (CEO),false,Prekindergarten,4th Grade
050615000331,Flippin High School,Flippin School District,Flippin,246,246,Yes under Community Eligibility Option (CEO),true,9th Grade,12th Grade
050615000277,Flippin Middle School,Flippin School District,Flippin,222,222,Yes under Community Eligibility Option (CEO),true,5th Grade,8th Grade
050621001230,Fordyce Elementary Schools,Fordyce School District,Fordyce,338,264,Yes under Provision 2,false,Prekindergarten,6th Grade
050621000335,Fordyce High School,Fordyce School District,Fordyce,321,237,Yes under Provision 2,true,7th Grade,12th Grade
050624000338,Foreman High School,Foreman School District,Foreman,214,160,Yes participating without using any Provision or the CEO,true,7th Grade,12th Grade
050738000450,Forest Heights Elementary School,Harrison School District,Harrison,375,251,Yes participating without using any Provision or the CEO,false,1st Grade,4th Grade
050900001601,Forest Heights STEM Academy,Little Rock School District,Little Rock,777,429,Yes participating without using any Provision or the CEO,true,Kindergarten,8th Grade
050900000611,Forest Park Elementary School,Little Rock School District,Little Rock,379,126,Yes participating without using any Provision or the CEO,false,Prekindergarten,5th Grade
050627000344,Forrest City High School,Forrest City School District,Forrest City,563,563,Yes under Community Eligibility Option (CEO),true,9th Grade,12th Grade
050627000345,Forrest City Junior High School,Forrest City School District,Forrest City,270,270,Yes under Community Eligibility Option (CEO),false,7th Grade,8th Grade
050002601530,Forrest Park Greenville Preschool,Pine Bluff School District,Pine Bluff,204,201,No,false,Prekindergarten,Prekindergarten
050633005147,Fort Smith Virtual Academy,Fort Smith School District,Fort Smith,106,67,Yes participating without using any Provision or the CEO,false,6th Grade,12th Grade
050636000379,Fouke Elementary School,Fouke School District,Fouke,514,350,Yes participating without using any Provision or the CEO,false,Prekindergarten,5th Grade
050636000380,Fouke High School,Fouke School District,Fouke,349,191,Yes participating without using any Provision or the CEO,true,9th Grade,12th Grade
050040901727,Founders Classical Academies of Ark West Little Rock Elem,Founders Classical Academies of Arkansas,Rogers,61,29,Yes participating without using any Provision or the CEO,false,Kindergarten,6th Grade
050040901574,Founders Classical Academies of Arkansas Bentonville,Founders Classical Academies of Arkansas,Rogers,787,55,Yes participating without using any Provision or the CEO,false,Kindergarten,8th Grade
050040901606,Founders Classical Academies of Arkansas High School Rogers,Founders Classical Academies of Arkansas,Rogers,207,18,Yes participating without using any Provision or the CEO,false,7th Grade,12th Grade
050040905131,Founders Classical Academies of Arkansas Rogers,Founders Classical Academies of Arkansas,Rogers,521,46,Yes participating without using any Provision or the CEO,false,Kindergarten,6th Grade
050040901685,Founders Classical Academies of Arkansas West Little Rock,Founders Classical Academies of Arkansas,Rogers,56,20,Yes participating without using any Provision or the CEO,false,7th Grade,12th Grade
050642000384,Fountain Lake Charter High School,Fountain Lake School District,Hot Springs,368,172,Yes participating without using any Provision or the CEO,true,9th Grade,12th Grade
050642000383,Fountain Lake Elementary,Fountain Lake School District,Hot Springs,491,308,Yes participating without using any Provision or the CEO,false,Prekindergarten,4th Grade
050642001605,Fountain Lake Middle School,Fountain Lake School District,Hot Springs,389,213,Yes participating without using any Provision or the CEO,false,5th Grade,8th Grade
051044000761,Fox Meadow Elementary,Nettleton School District,Jonesboro,394,323,Yes under Provision 2,false,Prekindergarten,2nd Grade
051044000889,Fox Meadow School of Creative Media,Nettleton School District,Jonesboro,440,381,Yes under Provision 2,false,3rd Grade,6th Grade
051353001617,Frank Mitchell Intermediate School,Vilonia School District,Vilonia,617,291,Yes participating without using any Provision or the CEO,false,4th Grade,6th Grade
051197000101,Frank Tillery Elementary School,Rogers School District,Rogers,526,319,Yes participating without using any Provision or the CEO,false,Prekindergarten,5th Grade
050042301681,Friendship Academy Little Rock Elementary,Friendship Aspire Academies Arkansas,Pine Bluff,200,153,Yes participating without using any Provision or the CEO,false,Kindergarten,5th Grade
050042305134,Friendship Aspire Academy Downtown Pine Bluff,Friendship Aspire Academies Arkansas,Pine Bluff,245,194,Yes participating without using any Provision or the CEO,false,Kindergarten,3rd Grade
050042301657,Friendship Aspire Academy Hazel St Pine Bluff,Friendship Aspire Academies Arkansas,Pine Bluff,469,375,Yes participating without using any Provision or the CEO,false,Kindergarten,5th Grade
050042301683,Friendship Aspire Academy Little Rock Middle School,Friendship Aspire Academies Arkansas,Pine Bluff,62,48,Yes participating without using any Provision or the CEO,false,6th Grade,8th Grade
050042305153,Friendship Aspire Academy North Little Rock Elementary,Friendship Aspire Academies Arkansas,Pine Bluff,62,56,Yes participating without using any Provision or the CEO,false,Kindergarten,3rd Grade
050042305152,Friendship Aspire Academy Southeast Middle School Pine Bluff,Friendship Aspire Academies Arkansas,Pine Bluff,236,156,Yes participating without using any Provision or the CEO,false,6th Grade,8th Grade
050042301707,Friendship Aspire Academy Southeast Pine Bluff,Friendship Aspire Academies Arkansas,Pine Bluff,76,53,Yes participating without using any Provision or the CEO,false,9th Grade,10th Grade
050900001189,Fulbright Elementary School,Little Rock School District,Little Rock,485,259,Yes participating without using any Provision or the CEO,false,Prekindergarten,5th Grade
050041801627,Future School of Fort Smith,Future School of Fort Smith,Fort Smith,235,235,Yes under Community Eligibility Option (CEO),false,9th Grade,12th Grade
051414001262,Gandy Elementary School,White Hall School District,White Hall,366,238,Yes participating without using any Provision or the CEO,false,Kindergarten,5th Grade
051449805191,Garfield Scholars Academy,Garfield Scholars' Academy,Garfield,73,29,Yes participating without using any Provision or the CEO,false,Kindergarten,5th Grade
050411000286,Gary E. Cobb Middle School,Genoa Central School District,Texarkana,303,116,Yes participating without using any Provision or the CEO,true,4th Grade,6th Grade
050411000151,Genoa Central Elementary School,Genoa Central School District,Texarkana,365,175,Yes participating without using any Provision or the CEO,false,Kindergarten,3rd Grade
050411000152,Genoa Central High School,Genoa Central School District,Texarkana,258,54,Yes participating without using any Provision or the CEO,true,10th Grade,12th Grade
050654000390,Gentry High School,Gentry School District,Gentry,565,283,Yes participating without using any Provision or the CEO,true,9th Grade,12th Grade
050654000389,Gentry Intermediate School,Gentry School District,Gentry,416,231,Yes participating without using any Provision or the CEO,false,3rd Grade,5th Grade
050654001231,Gentry Middle School,Gentry School District,Gentry,425,234,Yes participating without using any Provision or the CEO,true,6th Grade,8th Grade
050654000791,Gentry Primary School,Gentry School District,Gentry,347,192,Yes participating without using any Provision or the CEO,false,Kindergarten,2nd Grade
051266000059,George Elementary School,Springdale School District,Springdale,676,594,Yes participating without using any Provision or the CEO,false,Prekindergarten,5th Grade
051266001077,George Junior High School,Springdale School District,Springdale,723,676,Yes participating without using any Provision or the CEO,true,8th Grade,9th Grade
050900001626,Geyer Springs Early Childhood Center,Little Rock School District,Little Rock,273,270,No,false,Prekindergarten,Prekindergarten
050900000614,Gibbs Magnet Elementary School,Little Rock School District,Little Rock,291,168,Yes participating without using any Provision or the CEO,false,Prekindergarten,5th Grade
050663000397,Glen Rose Elementary School,Glen Rose School District,Malvern,507,280,Yes participating without using any Provision or the CEO,false,Prekindergarten,6th Grade
050663000398,Glen Rose High School,Glen Rose School District,Malvern,468,240,Yes participating without using any Provision or the CEO,true,7th Grade,12th Grade
050684000413,Glenn Duffy Elementary School,Gravette School District,Gravette,496,231,Yes participating without using any Provision or the CEO,false,Prekindergarten,2nd Grade
051068000785,Glenview Elementary School,North Little Rock School District,North Little Rock,344,344,Yes under Community Eligibility Option (CEO),false,Prekindergarten,5th Grade
050002901275,Gosnell Elementary School,Gosnell School District,Gosnell,648,516,Yes participating without using any Provision or the CEO,false,Kindergarten,6th Grade
050002901277,Gosnell High School,Gosnell School District,Gosnell,567,415,Yes participating without using any Provision or the CEO,true,7th Grade,12th Grade
050243000020,Goza Middle School,Arkadelphia School District,Arkadelphia,560,331,Yes participating without using any Provision or the CEO,true,5th Grade,8th Grade
051197001221,Grace Hill Elementary School,Rogers School District,Rogers,403,313,Yes participating without using any Provision or the CEO,false,Prekindergarten,5th Grade
050040701539,Graduate Arkansas Charter High,Graduate Arkansas Charter,Little Rock,557,552,Yes under Community Eligibility Option (CEO),true,9th Grade,12th Grade
050684000414,Gravette High School,Gravette School District,Gravette,649,262,Yes participating without using any Provision or the CEO,false,9th Grade,12th Grade
050684001394,Gravette Middle School,Gravette School District,Gravette,508,208,Yes participating without using any Provision or the CEO,true,6th Grade,8th Grade
050684000406,Gravette Upper Elementary,Gravette School District,Gravette,480,228,Yes participating without using any Provision or the CEO,false,3rd Grade,5th Grade
050687000415,Green Forest Elementary School,Green Forest School District,Green Forest,445,390,Yes participating without using any Provision or the CEO,false,Prekindergarten,3rd Grade
050687000416,Green Forest High School,Green Forest School District,Green Forest,429,339,Yes participating without using any Provision or the CEO,true,9th Grade,12th Grade
050687000546,Green Forest Intermed School,Green Forest School District,Green Forest,551,460,Yes participating without using any Provision or the CEO,true,4th Grade,8th Grade
050690000417,Greenbrier Eastside Elementary,Greenbrier School District,Greenbrier,481,267,Yes participating without using any Provision or the CEO,false,Prekindergarten,5th Grade
050690000418,Greenbrier High School,Greenbrier School District,Greenbrier,818,320,Yes participating without using any Provision or the CEO,false,10th Grade,12th Grade
050690000270,Greenbrier Junior High School,Greenbrier School District,Greenbrier,569,219,Yes participating without using any Provision or the CEO,false,8th Grade,9th Grade
050690001359,Greenbrier Middle School,Greenbrier School District,Greenbrier,583,272,Yes participating without using any Provision or the CEO,false,6th Grade,7th Grade
050690001623,Greenbrier Springhill Elementary School,Greenbrier School District,Greenbrier,447,183,Yes participating without using any Provision or the CEO,false,Kindergarten,5th Grade
050690001429,Greenbrier Westside Elementary,Greenbrier School District,Greenbrier,552,228,Yes participating without using any Provision or the CEO,false,Prekindergarten,5th Grade
050690001476,Greenbrier Wooster Elementary,Greenbrier School District,Greenbrier,408,175,Yes participating without using any Provision or the CEO,false,Kindergarten,5th Grade
051308000015,Greene Cty Tech Elementary School,Greene County Tech School District,Paragould,501,270,Yes participating without using any Provision or the CEO,false,Kindergarten,6th Grade
051308001066,Greene Cty Tech High School,Greene County Tech School District,Paragould,760,311,Yes participating without using any Provision or the CEO,true,9th Grade,12th Grade
051308001546,Greene Cty Tech Intermediate School,Greene County Tech School District,Paragould,501,268,Yes participating without using any Provision or the CEO,false,4th Grade,5th Grade
051308001368,Greene Cty Tech Junior High School,Greene County Tech School District,Paragould,521,230,Yes participating without using any Provision or the CEO,true,6th Grade,9th Grade
051308001067,Greene Cty Tech Middle School,Greene County Tech School District,Paragould,557,294,Yes participating without using any Provision or the CEO,false,6th Grade,12th Grade
051308000963,Greene Cty Tech Primary School,Greene County Tech School District,Paragould,710,413,Yes participating without using any Provision or the CEO,false,Prekindergarten,2nd Grade
050693000419,Greenland Elementary School,Greenland School District,Greenland,279,276,Yes under Provision 2,false,Kindergarten,4th Grade
050693000420,Greenland High School,Greenland School District,Greenland,260,,Yes under Provision 2,true,9th Grade,12th Grade
050693000660,Greenland Middle School,Greenland School District,Greenland,208,205,Yes under Provision 2,true,5th Grade,8th Grade
050699000424,Greenwood High School,Greenwood School District,Greenwood,1161,254,Yes participating without using any Provision or the CEO,false,9th Grade,12th Grade
050699000425,Greenwood Junior High School,Greenwood School District,Greenwood,605,187,Yes participating without using any Provision or the CEO,false,7th Grade,8th Grade
050306001691,Grimsley Junior High School,Bentonville School District,Bentonville,846,207,Yes participating without using any Provision or the CEO,false,7th Grade,8th Grade
050711000430,Gurdon High School,Gurdon School District,Gurdon,252,193,Yes participating without using any Provision or the CEO,true,7th Grade,12th Grade
050004305129,Guy Berry College and Career Academy,Mountain Home School District,Mountain Home,52,32,Yes participating without using any Provision or the CEO,false,6th Grade,12th Grade
050714000433,Guy-Perkins Elementary School,Guy Perkins School District,Guy,247,227,Yes under Community Eligibility Option (CEO),false,Prekindergarten,6th Grade
050714000434,Guy-Perkins High School,Guy Perkins School District,Guy,155,144,Yes under Community Eligibility Option (CEO),true,7th Grade,12th Grade
050270000037,H.l. Lubker Elementary School,Bald Knob School District,Bald Knob,517,343,Yes participating without using any Provision or the CEO,false,Prekindergarten,5th Grade
050007801078,Haas Hall Academy,Haas Hall Academy,Fayetteville,499,5,Yes participating without using any Provision or the CEO,false,7th Grade,12th Grade
050007805166,Haas Hall Academy Fort Smith,Haas Hall Academy,Fort Smith,101,3,Yes participating without using any Provision or the CEO,false,7th Grade,12th Grade
050007801640,Haas Hall Academy Jones Center,Haas Hall Academy,Springdale,164,3,Yes participating without using any Provision or the CEO,true,7th Grade,12th Grade
050007801639,Haas Hall Academy Rogers,Haas Hall Academy,Rogers,230,4,Yes participating without using any Provision or the CEO,false,7th Grade,12th Grade
050007801718,Haas Hall Bentonville,Haas Hall Academy,Bentonville,433,5,Yes participating without using any Provision or the CEO,false,7th Grade,12th Grade
050717000436,Hackett Elementary School,Hackett School District,Hackett,474,474,Yes under Community Eligibility Option (CEO),false,Prekindergarten,6th Grade
050717000435,Hackett High School,Hackett School District,Hackett,350,350,Yes under Community Eligibility Option (CEO),true,7th Grade,12th Grade
050004301522,Hackler Intermediate School,Mountain Home School District,Mountain Home,837,422,Yes participating without using any Provision or the CEO,false,3rd Grade,5th Grade
050900001679,Hall High School - West Soi,Little Rock School District,Little Rock,495,320,Yes under Provision 2,false,9th Grade,12th Grade
050004201281,Hamburg High School,Hamburg School District,Hamburg,508,323,Yes participating without using any Provision or the CEO,true,9th Grade,12th Grade
050004201280,Hamburg Middle School,Hamburg School District,Hamburg,344,236,Yes participating without using any Provision or the CEO,true,6th Grade,8th Grade
050723000440,Hampton Elementary School,Hampton School District,Hampton,277,205,Yes participating without using any Provision or the CEO,false,Prekindergarten,6th Grade
050723000441,Hampton High School,Hampton School District,Hampton,223,163,Yes participating without using any Provision or the CEO,true,7th Grade,12th Grade
050612000321,Happy Hollow Elementary School,Fayetteville School District,Fayetteville,521,245,Yes participating without using any Provision or the CEO,false,Prekindergarten,4th Grade
051266001118,Har-Ber High School,Springdale School District,Springdale,2271,1339,Yes participating without using any Provision or the CEO,false,9th Grade,12th Grade
051414001152,Hardin Elementary School,White Hall School District,Redfield,224,124,Yes participating without using any Provision or the CEO,false,Kindergarten,5th Grade
050729000442,Harmony Grove Elementary School,HARMONY GROVE SCHOOL DISTRICT (Ouachita),Camden,425,235,Yes participating without using any Provision or the CEO,false,Prekindergarten,6th Grade
050732000444,Harmony Grove High School,HARMONY GROVE SCHOOL DISTRICT (Saline),Benton,312,67,Yes participating without using any Provision or the CEO,false,10th Grade,12th Grade
050729000443,Harmony Grove High School,HARMONY GROVE SCHOOL DISTRICT (Ouachita),Camden,402,155,Yes participating without using any Provision or the CEO,true,7th Grade,12th Grade
050732001616,Harmony Grove Junior High School,HARMONY GROVE SCHOOL DISTRICT (Saline),Benton,288,81,Yes participating without using any Provision or the CEO,false,7th Grade,9th Grade
050732000661,Harmony Grove Middle School,HARMONY GROVE SCHOOL DISTRICT (Saline),Benton,298,107,Yes participating without using any Provision or the CEO,false,4th Grade,6th Grade
051266000669,Harp Elementary School,Springdale School District,Springdale,559,439,Yes participating without using any Provision or the CEO,false,Prekindergarten,5th Grade
051185000916,Harris Elementary School,Pulaski County Special School District,North Little Rock,187,121,Yes under Provision 2,false,Prekindergarten,5th Grade
050735000446,Harrisburg Elementary School,Harrisburg School District,Harrisburg,428,425,Yes under Provision 2,false,Kindergarten,5th Grade
050735000447,Harrisburg High School,Harrisburg School District,Harrisburg,516,513,Yes under Provision 2,true,6th Grade,12th Grade
050738000452,Harrison High School,Harrison School District,Harrison,843,412,Yes participating without using any Provision or the CEO,true,9th Grade,12th Grade
050738001694,Harrison Kindergarten,Harrison School District,Harrison,177,119,Yes participating without using any Provision or the CEO,false,Kindergarten,Kindergarten
050738001397,Harrison Middle School,Harrison School District,Harrison,865,503,Yes participating without using any Provision or the CEO,true,5th Grade,8th Grade
050633000366,Harry C. Morrison Elementary School,Fort Smith School District,Fort Smith,493,445,Yes participating without using any Provision or the CEO,false,Prekindergarten,5th Grade
050753000464,Hazen Elementary School,Hazen School District,Hazen,315,234,Yes participating without using any Provision or the CEO,false,Prekindergarten,6th Grade
050753000465,Hazen High School,Hazen School District,Hazen,229,165,Yes participating without using any Provision or the CEO,true,7th Grade,12th Grade
050828000553,Health Wellness & Environmental Studies Magnet,Jonesboro School District,Jonesboro,633,633,Yes under Community Eligibility Option (CEO),false,1st Grade,6th Grade
050756000466,Heber Springs Elementary School,Heber Springs School District,Heber Springs,743,410,Yes participating without using any Provision or the CEO,false,Prekindergarten,5th Grade
050756000467,Heber Springs High School,Heber Springs School District,Heber Springs,483,212,Yes participating without using any Provision or the CEO,true,9th Grade,12th Grade
050756000468,Heber Springs Middle School,Heber Springs School District,Heber Springs,391,193,Yes participating without using any Provision or the CEO,true,6th Grade,8th Grade
050762000471,Hector Elementary School,Hector School District,Hector,245,245,Yes under Community Eligibility Option (CEO),false,Prekindergarten,4th Grade
050762000472,Hector High School,Hector School District,Hector,227,227,Yes under Community Eligibility Option (CEO),true,9th Grade,12th Grade
050762005197,Hector Middle School,Hector School District,Hector,223,223,Yes under Community Eligibility Option (CEO),false,5th Grade,8th Grade
051266000237,Helen Tyson Middle School,Springdale School District,Springdale,676,565,Yes participating without using any Provision or the CEO,false,6th Grade,7th Grade
051266001114,Hellstern Middle School,Springdale School District,Springdale,849,369,Yes participating without using any Provision or the CEO,false,6th Grade,7th Grade
050939000681,Herbert Carter Global Community Magnet School,Marion School District,Marion,670,431,Yes participating without using any Provision or the CEO,false,Kindergarten,6th Grade
050771000484,Hermitage Elementary School,Hermitage School District,Hermitage,217,217,Yes under Community Eligibility Option (CEO),false,Prekindergarten,6th Grade
050771000485,Hermitage High School,Hermitage School District,Hermitage,208,208,Yes under Community Eligibility Option (CEO),true,7th Grade,12th Grade
050777000491,Highland High School,Highland School District,Hardy,476,,Yes under Provision 2,true,9th Grade,12th Grade
050777001232,Highland Middle School,Highland School District,Hardy,442,318,Yes under Provision 2,true,5th Grade,8th Grade
050369001563,Hill Farm Elementary School,Bryant School District,Bryant,562,414,Yes participating without using any Provision or the CEO,false,Kindergarten,5th Grade
050007100647,Hillcrest Elementary School,Hillcrest School District,Strawberry,263,222,Yes participating without using any Provision or the CEO,false,Prekindergarten,6th Grade
050007101010,Hillcrest High School,Hillcrest School District,Strawberry,179,140,Yes participating without using any Provision or the CEO,true,7th Grade,12th Grade
050612000229,Holcomb Elementary School,Fayetteville School District,Fayetteville,603,184,Yes participating without using any Provision or the CEO,false,Prekindergarten,4th Grade
050975000715,Holly Harshman Elementary School,Mena School District,Mena,438,287,Yes participating without using any Provision or the CEO,false,3rd Grade,5th Grade
050612000863,Holt Middle School,Fayetteville School District,Fayetteville,463,239,Yes participating without using any Provision or the CEO,false,5th Grade,6th Grade
050042601693,Hope Academy of Nwa Elementary,Hope Academy of Northwest Arkansas,Bentonville,25,3,Yes participating without using any Provision or the CEO,false,Kindergarten,4th Grade
050784000805,Hope Academy of Public Service,Hope School District,Hope,217,217,Yes under Community Eligibility Option (CEO),false,5th Grade,8th Grade
050784000498,Hope High School,Hope School District,Hope,611,611,Yes under Community Eligibility Option (CEO),true,9th Grade,12th Grade
050786000501,Horatio Elementary School,Horatio School District,Horatio,313,251,Yes participating without using any Provision or the CEO,false,Kindergarten,6th Grade
050786000502,Horatio High School,Horatio School District,Horatio,335,279,Yes participating without using any Provision or the CEO,true,7th Grade,12th Grade
050789000514,Hot Springs Junior Academy,Hot Springs School District,Hot Springs,803,802,Yes under Community Eligibility Option (CEO),true,7th Grade,9th Grade
050789000509,Hot Springs World Class High School,Hot Springs School District,Hot Springs,759,759,Yes under Community Eligibility Option (CEO),true,10th Grade,12th Grade
050633000364,Howard Elementary School,Fort Smith School District,Fort Smith,299,276,Yes participating without using any Provision or the CEO,false,Prekindergarten,5th Grade
050799000517,Hoxie Elementary School,Hoxie School District,Hoxie,500,500,Yes under Community Eligibility Option (CEO),false,Prekindergarten,6th Grade
050799000518,Hoxie High School,Hoxie School District,Hoxie,360,360,Yes under Community Eligibility Option (CEO),true,7th Grade,12th Grade
050568000276,Hugh Goodwin Elementary School,El Dorado School District,El Dorado,508,,Yes under Provision 2,false,Prekindergarten,4th Grade
051266001127,Hunt Elementary School,Springdale School District,Springdale,890,510,Yes participating without using any Provision or the CEO,false,Prekindergarten,5th Grade
050813000538,Huntsville High School,Huntsville School District,Huntsville,581,373,Yes participating without using any Provision or the CEO,true,9th Grade,12th Grade
050813000662,Huntsville Intermediate School,Huntsville School District,Huntsville,479,352,Yes participating without using any Provision or the CEO,false,3rd Grade,5th Grade
050813000539,Huntsville Middle School,Huntsville School District,Huntsville,470,321,Yes participating without using any Provision or the CEO,true,6th Grade,8th Grade
050369001450,Hurricane Creek Elementary,Bryant School District,Benton,435,256,Yes participating without using any Provision or the CEO,false,Kindergarten,5th Grade
050459000186,Ida Burns Elementary School,Conway School District,Conway,384,270,Yes participating without using any Provision or the CEO,false,Kindergarten,4th Grade
050006100658,Imboden Area Charter School,Imboden Charter School District,Imboden,70,10,Yes participating without using any Provision or the CEO,true,Kindergarten,8th Grade
051068000786,Indian Hills Elementary School,North Little Rock School District,North Little Rock,398,398,Yes under Community Eligibility Option (CEO),false,Kindergarten,5th Grade
051450005193,Institute for the Creative Arts School,Institute for the Creative Arts,Fort Smith,49,17,Yes participating without using any Provision or the CEO,false,9th Grade,12th Grade
050828000549,International Studies Magnet,Jonesboro School District,Jonesboro,636,636,Yes under Community Eligibility Option (CEO),false,1st Grade,6th Grade
050040905133,Ischool Virtual Academy of Arkansas,Founders Classical Academies of Arkansas,Rogers,16,3,Yes participating without using any Provision or the CEO,false,7th Grade,10th Grade
050606001433,Ivory Intermediate School,Camden Fairview School District,Camden,286,283,Yes under Provision 2,false,4th Grade,5th Grade
050042101656,Ivy Hill Preparatory Academy,Scholarmade Achievement Place of Arkansas,Little Rock,306,306,Yes under Community Eligibility Option (CEO),false,Kindergarten,8th Grade
050002101233,Izard County Cons Middle School,Izard County Consolidated School District,Brockwell,193,190,Yes under Provision 2,false,5th Grade,8th Grade
050002101299,Izard County Consolidated Elementary School,Izard County Consolidated School District,Violet Hill,286,283,Yes under Provision 2,false,Prekindergarten,4th Grade
050002101300,Izard County Consolidated High School,Izard County Consolidated School District,Brockwell,218,215,Yes under Provision 2,false,9th Grade,12th Grade
051266000233,J. O. Kelly Middle School,Springdale School District,Springdale,663,624,Yes participating without using any Provision or the CEO,false,6th Grade,7th Grade
050306001571,J. William Fulbright Junior High School,Bentonville School District,Bentonville,718,80,Yes participating without using any Provision or the CEO,false,7th Grade,8th Grade
050900001724,J.a. Fair K8 Preparatory School,Little Rock School District,Little Rock,779,776,Yes under Provision 2,false,Kindergarten,8th Grade
050768001637,J.f. Wahl Elementary School,Helena West Helena School District,Helena,539,539,Yes under Community Eligibility Option (CEO),false,Prekindergarten,6th Grade
050804001659,Jackson Wonder Elementary School,West Memphis School District,West Memphis,554,553,Yes under Community Eligibility Option (CEO),false,Prekindergarten,6th Grade
050041901738,Jacksonville Elementary School,Jacksonville North Pulaski School District,Jacksonville,733,398,Yes under Provision 2,false,Kindergarten,5th Grade
050041900919,Jacksonville High School,Jacksonville North Pulaski School District,Jacksonville,1208,,Yes under Provision 2,true,9th Grade,12th Grade
050040201504,Jacksonville Lighthouse Elementary,Arkansas Lighthouse Charter Schools,Jacksonville,210,177,Yes participating without using any Provision or the CEO,false,Kindergarten,4th Grade
050040201531,Jacksonville Lighthouse Flightline Academy,Arkansas Lighthouse Charter Schools,Little Rock,156,106,Yes participating without using any Provision or the CEO,true,5th Grade,8th Grade
050040201560,Jacksonville Lighthouse High School,Arkansas Lighthouse Charter Schools,Jacksonville,60,45,Yes participating without using any Provision or the CEO,true,9th Grade,12th Grade
050041901510,Jacksonville Middle School,Jacksonville North Pulaski School District,Jacksonville,926,430,Yes under Provision 2,true,6th Grade,8th Grade
051341001369,James R. Tate Elementary School,Van Buren School District,Van Buren,459,350,Yes participating without using any Provision or the CEO,false,Prekindergarten,5th Grade
051197001588,Janie Darr Elementary School,Rogers School District,Rogers,433,47,Yes participating without using any Provision or the CEO,false,Prekindergarten,5th Grade
050824000544,Jasper Elementary School,Jasper School District,Jasper,281,278,Yes under Provision 2,false,Prekindergarten,6th Grade
050824000545,Jasper High School,Jasper School District,Jasper,205,,Yes under Provision 2,true,7th Grade,12th Grade
050900000619,Jefferson Elementary School,Little Rock School District,Little Rock,359,128,Yes participating without using any Provision or the CEO,false,Kindergarten,5th Grade
050609001113,Jerry Pop Williams Elementary School,Farmington School District,Farmington,471,145,Yes participating without using any Provision or the CEO,false,Kindergarten,3rd Grade
050792000515,Jessieville Elementary School,Jessieville School District,Jessieville,354,351,Yes under Provision 2,false,Prekindergarten,5th Grade
050792000516,Jessieville High School,Jessieville School District,Jessieville,255,252,Yes under Provision 2,true,9th Grade,12th Grade
050792001464,Jessieville Middle School,Jessieville School District,Jessieville,182,179,Yes under Provision 2,true,6th Grade,8th Grade
051266001741,Jim D Rollins Elementary School of Innovation,Springdale School District,Springdale,570,212,Yes participating without using any Provision or the CEO,false,Prekindergarten,5th Grade
050459000135,Jim Stone Elementary School,Conway School District,Conway,357,181,Yes participating without using any Provision or the CEO,false,Kindergarten,4th Grade
050534000248,Joann Walters Elementary School,Dierks School District,Dierks,288,249,Yes participating without using any Provision or the CEO,false,Kindergarten,6th Grade
051197000117,Joe Mathias Elementary School,Rogers School District,Rogers,478,345,Yes participating without using any Provision or the CEO,false,Prekindergarten,5th Grade
051185000922,Joe T. Robinson Elementary School,Pulaski County Special School District,Little Rock,295,135,Yes under Provision 2,false,Prekindergarten,5th Grade
051185000923,Joe T. Robinson High School,Pulaski County Special School District,Little Rock,1030,297,Yes participating without using any Provision or the CEO,false,9th Grade,12th Grade
051185001258,Joe T. Robinson Middle School,Pulaski County Special School District,Little Rock,607,285,Yes participating without using any Provision or the CEO,true,6th Grade,8th Grade
050612005165,John L Colbert Middle School,Fayetteville School District,Fayetteville,466,291,Yes participating without using any Provision or the CEO,false,5th Grade,6th Grade
050633000378,John P. Woods Elementary School,Fort Smith School District,Fort Smith,514,257,Yes participating without using any Provision or the CEO,false,Prekindergarten,5th Grade
051266001027,John Tyson Elementary School,Springdale School District,Springdale,571,410,Yes participating without using any Provision or the CEO,false,Prekindergarten,5th Grade
051197000505,Jones Elementary School,Rogers School District,Rogers,463,315,Yes participating without using any Provision or the CEO,false,Prekindergarten,5th Grade
051266001022,Jones Elementary School,Springdale School District,Springdale,464,441,Yes participating without using any Provision or the CEO,false,Prekindergarten,5th Grade
050840001442,Judsonia Elementary School,Riverview School District,Judsonia,307,237,Yes participating without using any Provision or the CEO,false,Prekindergarten,6th Grade
050459001183,Julia Lee Moore Elementary School,Conway School District,Conway,328,133,Yes participating without using any Provision or the CEO,false,Kindergarten,4th Grade
050834000557,Junction City Elementary School,Junction City School District,Junction City,356,244,Yes participating without using any Provision or the CEO,false,Kindergarten,6th Grade
050834000558,Junction City High School,Junction City School District,Junction City,317,221,Yes participating without using any Provision or the CEO,true,7th Grade,12th Grade
050840000559,Kensett Elementary School,Riverview School District,Kensett,294,265,Yes participating without using any Provision or the CEO,false,Prekindergarten,6th Grade
050828001362,Kindergarten Center,Jonesboro School District,Jonesboro,485,485,Yes under Community Eligibility Option (CEO),false,Kindergarten,Kindergarten
051341001099,King Elementary School,Van Buren School District,Van Buren,437,377,Yes participating without using any Provision or the CEO,false,Prekindergarten,5th Grade
050824000563,Kingston Elementary School,Jasper School District,Kingston,122,119,Yes under Provision 2,false,Prekindergarten,6th Grade
050824000564,Kingston High School,Jasper School District,Kingston,92,89,Yes under Provision 2,true,7th Grade,12th Grade
050006201595,Kipp Blytheville Collegiate High School,Kipp Delta Public Schools,Blytheville,132,132,Yes under Community Eligibility Option (CEO),true,7th Grade,12th Grade
050006201513,Kipp Delta Elementary Literacy Academy,Kipp Delta Public Schools,West Helena,463,463,Yes under Community Eligibility Option (CEO),false,Prekindergarten,5th Grade
050006201526,Kipp: Blytheville College Preparatory,Kipp Delta Public Schools,Blytheville,292,292,Yes under Community Eligibility Option (CEO),false,Kindergarten,6th Grade
050006200659,Kipp:delta College Prep School,Kipp Delta Public Schools,Helena,163,163,Yes under Community Eligibility Option (CEO),true,6th Grade,8th Grade
050006201451,Kipp:delta Collegiate High School,Kipp Delta Public Schools,Helena,181,181,Yes under Community Eligibility Option (CEO),true,9th Grade,12th Grade
050849000565,Kirby Elementary School,Kirby School District,Kirby,216,168,Yes participating without using any Provision or the CEO,false,Prekindergarten,6th Grade
050849000566,Kirby High School,Kirby School District,Kirby,176,,Yes participating without using any Provision or the CEO,true,7th Grade,12th Grade
051197000304,Kirksey Middle School,Rogers School District,Rogers,890,512,Yes participating without using any Provision or the CEO,true,6th Grade,8th Grade
050633000358,L. A. Chaffin Middle School,Fort Smith School District,Fort Smith,753,417,Yes participating without using any Provision or the CEO,true,6th Grade,8th Grade
050006500719,Lafayette County Elementary,Lafayette County School District,Lewisville,244,216,Yes under Provision 2,true,Prekindergarten,6th Grade
050006500727,Lafayette County High School,Lafayette County School District,Stamps,228,195,Yes under Provision 2,true,7th Grade,12th Grade
050861000573,Lake Hamilton Elementary School,Lake Hamilton School District,Pearcy,555,411,Yes participating without using any Provision or the CEO,false,2nd Grade,3rd Grade
050861000575,Lake Hamilton High School,Lake Hamilton School District,Pearcy,936,567,Yes participating without using any Provision or the CEO,false,10th Grade,12th Grade
050861001234,Lake Hamilton Intermediate School,Lake Hamilton School District,Pearcy,566,399,Yes participating without using any Provision or the CEO,false,4th Grade,5th Grade
050861000574,Lake Hamilton Junior High School,Lake Hamilton School District,Pearcy,636,409,Yes participating without using any Provision or the CEO,false,8th Grade,9th Grade
050861000138,Lake Hamilton Middle School,Lake Hamilton School District,Pearcy,633,421,Yes participating without using any Provision or the CEO,false,6th Grade,7th Grade
050861000572,Lake Hamilton Primary School,Lake Hamilton School District,Pearcy,619,433,Yes participating without using any Provision or the CEO,false,Prekindergarten,1st Grade
050864000576,Lakeside Elementary School,LAKESIDE SCHOOL DISTRICT (Chicot),Lake Village,292,292,Yes under Community Eligibility Option (CEO),false,Prekindergarten,5th Grade
050867001525,Lakeside High School,LAKESIDE SCHOOL DISTRICT (Garland),Hot Springs,1107,409,Yes participating without using any Provision or the CEO,false,8th Grade,12th Grade
050864000578,Lakeside High School,LAKESIDE SCHOOL DISTRICT (Chicot),Lake Village,277,277,Yes under Community Eligibility Option (CEO),true,9th Grade,12th Grade
050867001401,Lakeside Intermediate School,LAKESIDE SCHOOL DISTRICT (Garland),Hot Springs,721,357,Yes participating without using any Provision or the CEO,false,2nd Grade,4th Grade
050867001730,Lakeside Junior High School,LAKESIDE SCHOOL DISTRICT (Garland),Hot Springs,581,275,Yes participating without using any Provision or the CEO,false,7th Grade,8th Grade
051266001562,Lakeside Junior High School,Springdale School District,Springdale,654,569,Yes participating without using any Provision or the CEO,true,8th Grade,9th Grade
050867000394,Lakeside Middle School,LAKESIDE SCHOOL DISTRICT (Garland),Hot Springs,546,244,Yes participating without using any Provision or the CEO,false,5th Grade,6th Grade
050864000577,Lakeside Middle School,LAKESIDE SCHOOL DISTRICT (Chicot),Lake Village,190,190,Yes under Community Eligibility Option (CEO),true,6th Grade,8th Grade
050867000580,Lakeside Primary School,LAKESIDE SCHOOL DISTRICT (Garland),Hot Springs,583,296,Yes participating without using any Provision or the CEO,false,Prekindergarten,1st Grade
051068000787,Lakewood Elementary School,North Little Rock School District,North Little Rock,427,427,Yes under Community Eligibility Option (CEO),false,Kindergarten,5th Grade
050870000584,Lamar Elementary School,Lamar School District,Lamar,590,587,Yes under Provision 2,false,Prekindergarten,5th Grade
050870000585,Lamar High School,Lamar School District,Lamar,370,367,Yes under Provision 2,true,9th Grade,12th Grade
050870000994,Lamar Middle School,Lamar School District,Lamar,294,291,Yes under Provision 2,true,6th Grade,8th Grade
051185000927,Landmark Elementary School,Pulaski County Special School District,Little Rock,301,219,Yes under Provision 2,false,Prekindergarten,5th Grade
050789001187,Langston Elementary Leadership Academy Magnet School,Hot Springs School District,Hot Springs,504,504,Yes under Community Eligibility Option (CEO),false,Prekindergarten,6th Grade
050873000586,Lavaca Elementary School,Lavaca School District,Lavaca,322,166,Yes participating without using any Provision or the CEO,false,Prekindergarten,4th Grade
050873000587,Lavaca High School,Lavaca School District,Lavaca,245,105,Yes participating without using any Provision or the CEO,true,9th Grade,12th Grade
050873000663,Lavaca Middle School,Lavaca School District,Lavaca,234,126,Yes participating without using any Provision or the CEO,true,5th Grade,8th Grade
051185000928,Lawson Elementary School,Pulaski County Special School District,Little Rock,220,139,Yes under Provision 2,false,Prekindergarten,5th Grade
050342000102,Lead Hill Elementary School,Lead Hill School District,Lead Hill,185,182,Yes under Provision 2,false,Prekindergarten,6th Grade
050342000103,Lead Hill High School,Lead Hill School District,Lead Hill,185,182,Yes under Provision 2,true,7th Grade,12th Grade
050828000554,Leadership Magnet School,Jonesboro School District,Jonesboro,492,492,Yes under Community Eligibility Option (CEO),false,1st Grade,6th Grade
050936000675,Lee High School,Lee County School District,Marianna,281,281,Yes under Community Eligibility Option (CEO),true,7th Grade,12th Grade
050004801345,Lepanto Elementary School,East Poinsett County School District,Lepanto,175,129,Yes under Provision 2,false,Prekindergarten,2nd Grade
050948000595,Leslie Intermediate School,Searcy County School District,Leslie,170,167,Yes under Provision 2,false,4th Grade,6th Grade
050612000323,Leverett Elementary School,Fayetteville School District,Fayetteville,238,133,Yes participating without using any Provision or the CEO,false,Prekindergarten,4th Grade
050627001185,Lincoln Academy,Forrest City School District,Forrest City,132,132,Yes under Community Eligibility Option (CEO),false,6th Grade,6th Grade
050894000600,Lincoln Elementary School,Lincoln School District,Lincoln,356,257,Yes participating without using any Provision or the CEO,false,Prekindergarten,3rd Grade
050894001569,Lincoln High School,Lincoln School District,Lincoln,338,204,Yes participating without using any Provision or the CEO,true,9th Grade,12th Grade
050306000789,Lincoln Junior High School,Bentonville School District,Bentonville,723,145,Yes participating without using any Provision or the CEO,false,7th Grade,8th Grade
050894001363,Lincoln Middle School,Lincoln School District,Lincoln,401,300,Yes participating without using any Provision or the CEO,true,4th Grade,8th Grade
051266001622,Linda Childers Knapp Elementary School,Springdale School District,Springdale,607,540,Yes participating without using any Provision or the CEO,false,Prekindergarten,5th Grade
051197000328,Lingle Middle School,Rogers School District,Rogers,643,368,Yes participating without using any Provision or the CEO,true,6th Grade,8th Grade
050007401739,Lisa Academy Arkansas Hybrid School,Lisa Academy,Little Rock,236,112,Yes participating without using any Provision or the CEO,false,Kindergarten,12th Grade
050007405156,Lisa Academy Fayetteville,Lisa Academy,Fayetteville,377,158,Yes participating without using any Provision or the CEO,false,Kindergarten,5th Grade
050007405200,Lisa Academy Fayetteville Middle School,Lisa Academy,Fayetteville,31,14,Yes participating without using any Provision or the CEO,false,6th Grade,8th Grade
050007401485,Lisa Academy North Elementary School,Lisa Academy,Sherwood,654,473,Yes participating without using any Provision or the CEO,false,Kindergarten,5th Grade
050007401501,Lisa Academy North High School,Lisa Academy,North Little Rock,292,168,Yes participating without using any Provision or the CEO,false,9th Grade,12th Grade
050007401473,Lisa Academy North Middle School,Lisa Academy,North Little Rock,353,243,Yes participating without using any Provision or the CEO,true,6th Grade,8th Grade
050007405142,Lisa Academy Rogers-Bentonville Elementary School,Lisa Academy,Rogers,393,174,Yes participating without using any Provision or the CEO,false,Kindergarten,5th Grade
050007405199,Lisa Academy Rogers-Bentonville High School,Lisa Academy,Rogers,12,5,Yes participating without using any Provision or the CEO,false,9th Grade,12th Grade
050007405143,Lisa Academy Rogers-Bentonville Middle School,Lisa Academy,Rogers,95,44,Yes participating without using any Provision or the CEO,false,6th Grade,8th Grade
050007401672,Lisa Academy Springdale,Lisa Academy,Springdale,450,332,Yes participating without using any Provision or the CEO,false,Kindergarten,8th Grade
050007401624,Lisa Academy West Elementary School,Lisa Academy,Little Rock,575,422,Yes participating without using any Provision or the CEO,false,Kindergarten,5th Grade
050007401107,Lisa Academy West High School,Lisa Academy,Little Rock,394,300,Yes participating without using any Provision or the CEO,true,9th Grade,12th Grade
050007401030,Lisa Academy West Middle School,Lisa Academy,Little Rock,430,279,Yes participating without using any Provision or the CEO,true,6th Grade,8th Grade
050900001687,Little Rock Southwest High School,Little Rock School District,Mabelvale,2045,2042,Yes under Provision 2,false,9th Grade,12th Grade
051206000969,London Elementary School,Russellville School District,London,196,130,Yes participating without using any Provision or the CEO,false,Prekindergarten,4th Grade
050906000641,Lonoke Elementary School,Lonoke School District,Lonoke,311,191,Yes participating without using any Provision or the CEO,false,3rd Grade,5th Grade
050906000642,Lonoke High School,Lonoke School District,Lonoke,484,278,Yes participating without using any Provision or the CEO,true,9th Grade,12th Grade
050906000643,Lonoke Middle School,Lonoke School District,Lonoke,370,239,Yes participating without using any Provision or the CEO,true,6th Grade,8th Grade
050906000644,Lonoke Primary School,Lonoke School District,Lonoke,359,233,Yes participating without using any Provision or the CEO,false,Prekindergarten,2nd Grade
050975000712,Louise Durham Elementary School,Mena School District,Mena,357,243,Yes participating without using any Provision or the CEO,false,Kindergarten,2nd Grade
051197000955,Lowell Elementary School,Rogers School District,Lowell,451,288,Yes participating without using any Provision or the CEO,false,Prekindergarten,5th Grade
050900001383,Mabelvale Elementary School,Little Rock School District,Mabelvale,369,366,Yes under Provision 2,false,Kindergarten,5th Grade
050900001388,Mabelvale Middle School,Little Rock School District,Mabelvale,477,474,Yes under Provision 2,true,6th Grade,8th Grade
050804000525,Maddux Elementary School,West Memphis School District,West Memphis,402,402,Yes under Community Eligibility Option (CEO),false,Kindergarten,6th Grade
050915000649,Magazine Elementary School,Magazine School District,Magazine,295,226,Yes under Provision 2,false,Prekindergarten,6th Grade
050915000650,Magazine High School,Magazine School District,Magazine,229,154,Yes under Provision 2,true,7th Grade,12th Grade
050375000125,Magness Creek Elementary,Cabot School District,Cabot,351,147,Yes participating without using any Provision or the CEO,false,Prekindergarten,4th Grade
050919000651,Magnet Cove Elementary School,Magnet Cove School District,Malvern,368,220,Yes participating without using any Provision or the CEO,false,Prekindergarten,6th Grade
050919000652,Magnet Cove High School,Magnet Cove School District,Malvern,307,146,Yes participating without using any Provision or the CEO,true,7th Grade,12th Grade
050004400656,Magnolia High School,Magnolia School District,Magnolia,797,786,Yes under Provision 2,false,9th Grade,12th Grade
050004400655,Magnolia Middle School,Magnolia School District,Magnolia,492,484,Yes under Provision 2,true,6th Grade,8th Grade
050789000511,Main Street Visual & Performing Arts Magnet School,Hot Springs School District,Hot Springs,647,646,Yes under Community Eligibility Option (CEO),false,Prekindergarten,6th Grade
050924001366,Malvern Elementary School,Malvern School District,Malvern,781,598,Yes participating without using any Provision or the CEO,false,Prekindergarten,4th Grade
050924001372,Malvern High School,Malvern School District,Malvern,559,411,Yes participating without using any Provision or the CEO,true,9th Grade,12th Grade
050924001373,Malvern Middle School,Malvern School District,Malvern,264,203,Yes participating without using any Provision or the CEO,true,7th Grade,8th Grade
050927000665,Mammoth Spring Elementary School,Mammoth Spring School District,Mammoth Spring Ar,274,274,Yes under Community Eligibility Option (CEO),false,Prekindergarten,6th Grade
050927000666,Mammoth Spring High School,Mammoth Spring School District,Mammoth Spring,198,198,Yes under Community Eligibility Option (CEO),true,7th Grade,12th Grade
050004600667,Manila Elementary School,Manila School District,Manila,601,305,Yes participating without using any Provision or the CEO,false,Prekindergarten,6th Grade
050004600668,Manila High School,Manila School District,Manila,476,249,Yes participating without using any Provision or the CEO,true,7th Grade,12th Grade
050900000621,Mann Magnet Middle School,Little Rock School District,Little Rock,557,554,Yes under Provision 2,true,6th Grade,8th Grade
050933000670,Mansfield Elementary School,Mansfield School District,Mansfield,278,199,Yes participating without using any Provision or the CEO,false,Kindergarten,4th Grade
050933001036,Mansfield High School,Mansfield School District,Mansfield,214,142,Yes participating without using any Provision or the CEO,true,9th Grade,12th Grade
050933000671,Mansfield Middle School,Mansfield School District,Mansfield,259,178,Yes participating without using any Provision or the CEO,true,5th Grade,8th Grade
050459001355,Marguerite Vann Elementary School,Conway School District,Conway,359,254,Yes participating without using any Provision or the CEO,false,Kindergarten,4th Grade
050939000682,Marion High School,Marion School District,Marion,927,732,Yes participating without using any Provision or the CEO,false,10th Grade,12th Grade
050939000683,Marion Junior High School,Marion School District,Marion,588,450,Yes participating without using any Provision or the CEO,true,8th Grade,9th Grade
050939001667,Marion Math Science & Technology Magnet School,Marion School District,Marion,654,535,Yes participating without using any Provision or the CEO,false,Kindergarten,6th Grade
050939005150,Marion Seventh Grade Academy,Marion School District,Marion,287,216,Yes participating without using any Provision or the CEO,false,7th Grade,7th Grade
050939001668,Marion Visual & Performing Arts Magnet School,Marion School District,West Memphis,762,654,Yes participating without using any Provision or the CEO,false,Prekindergarten,6th Grade
050942000689,Marked Tree Elementary School,Marked Tree School District,Marked Tree,309,228,Yes under Provision 2,false,Prekindergarten,6th Grade
050942000687,Marked Tree High School,Marked Tree School District,Marked Tree,228,165,Yes under Provision 2,true,7th Grade,12th Grade
050001600690,Marmaduke Elementary School,Marmaduke School District,Marmaduke,370,232,Yes participating without using any Provision or the CEO,false,Prekindergarten,6th Grade
050001600691,Marmaduke High School,Marmaduke School District,Marmaduke,278,161,Yes participating without using any Provision or the CEO,true,7th Grade,12th Grade
050948000692,Marshall Elementary School,Searcy County School District,Marshall,284,281,Yes under Provision 2,false,Prekindergarten,3rd Grade
050948000693,Marshall High School,Searcy County School District,Marshall,353,350,Yes under Provision 2,true,7th Grade,12th Grade
050951000696,Marvell-Elaine Elementary School,Marvell Elaine School District,Marvell,121,121,Yes under Community Eligibility Option (CEO),false,Prekindergarten,6th Grade
050951000694,Marvell-Elaine High School,Marvell Elaine School District,Marvell,99,99,Yes under Community Eligibility Option (CEO),true,7th Grade,12th Grade
051029000752,Marvin Primary School,Mulberry Pleasant View Bi County School District,Mulberry,185,185,Yes under Community Eligibility Option (CEO),false,Prekindergarten,4th Grade
050828000552,Math & Science Magnet School,Jonesboro School District,Jonesboro,499,499,Yes under Community Eligibility Option (CEO),false,1st Grade,6th Grade
050002600251,Matthews Elementary School,Pine Bluff School District,Pine Bluff,367,367,Yes under Community Eligibility Option (CEO),false,Kindergarten,6th Grade
050005900603,Maumelle Charter Elementary,Academics Plus Public Charter Schools,Maumelle,614,196,Yes participating without using any Provision or the CEO,false,Kindergarten,3rd Grade
050005900741,Maumelle Charter High School,Academics Plus Public Charter Schools,North Little,508,105,Yes participating without using any Provision or the CEO,false,8th Grade,12th Grade
050005905141,Maumelle Charter Middle School,Academics Plus Public Charter Schools,Maumelle,664,175,Yes participating without using any Provision or the CEO,false,4th Grade,7th Grade
051185001559,Maumelle High School,Pulaski County Special School District,Maumelle,869,343,Yes participating without using any Provision or the CEO,true,9th Grade,12th Grade
051185001106,Maumelle Middle School,Pulaski County Special School District,Maumelle,498,293,Yes under Provision 2,true,6th Grade,8th Grade
050954000697,Mayflower Elementary School,Mayflower School District,Mayflower,363,256,Yes participating without using any Provision or the CEO,false,Prekindergarten,4th Grade
050954000698,Mayflower High School,Mayflower School District,Mayflower,348,218,Yes participating without using any Provision or the CEO,true,9th Grade,12th Grade
050954000437,Mayflower Middle School,Mayflower School District,Mayflower,304,194,Yes participating without using any Provision or the CEO,true,5th Grade,8th Grade
050957000699,Maynard Elementary School,Maynard School District,Maynard,341,338,Yes under Provision 2,false,Prekindergarten,6th Grade
050957000700,Maynard High School,Maynard School District,Maynard,253,250,Yes under Provision 2,true,7th Grade,12th Grade
050960000701,McCrory Elementary School,McCrory School District,McCrory,339,260,Yes participating without using any Provision or the CEO,false,Prekindergarten,6th Grade
050960000702,McCrory High School,McCrory School District,McCrory,242,150,Yes participating without using any Provision or the CEO,true,7th Grade,12th Grade
050900000622,McDermott Elementary School,Little Rock School District,Little Rock,254,251,Yes under Provision 2,false,Kindergarten,5th Grade
050963000703,McGehee Elementary School,McGehee School District,McGehee,547,547,Yes under Community Eligibility Option (CEO),false,Prekindergarten,5th Grade
050963000705,McGehee High School,McGehee School District,McGehee,326,326,Yes under Community Eligibility Option (CEO),true,9th Grade,12th Grade
050612000856,McNair Middle School,Fayetteville School District,Fayetteville,670,144,Yes participating without using any Provision or the CEO,false,5th Grade,6th Grade
051221000984,McRae Elementary School,Searcy School District,Searcy,445,269,Yes participating without using any Provision or the CEO,false,Prekindergarten,3rd Grade
051068000792,Meadow Park Elementary School,North Little Rock School District,North Little Rock,468,468,Yes under Community Eligibility Option (CEO),false,Prekindergarten,5th Grade
051296001057,Meekins Middle School,Stuttgart School District,Stuttgart,210,210,Yes under Community Eligibility Option (CEO),false,5th Grade,6th Grade
050972000710,Melbourne Elementary School,Melbourne School District,Melbourne,458,237,Yes participating without using any Provision or the CEO,false,Prekindergarten,6th Grade
050972000711,Melbourne High School,Melbourne School District,Melbourne,381,174,Yes participating without using any Provision or the CEO,true,7th Grade,12th Grade
050975000713,Mena High School,Mena School District,Mena,503,295,Yes participating without using any Provision or the CEO,true,9th Grade,12th Grade
050975000714,Mena Middle School,Mena School District,Mena,393,248,Yes participating without using any Provision or the CEO,true,6th Grade,8th Grade
050002001297,Midland Elementary School,Midland School District,Floral,291,291,Yes under Community Eligibility Option (CEO),false,Prekindergarten,6th Grade
050002001298,Midland High School,Midland School District,Pleasant Plains,222,222,Yes under Community Eligibility Option (CEO),true,7th Grade,12th Grade
051185000914,Mills Middle School,Pulaski County Special School District,Little Rock,420,274,Yes under Provision 2,true,6th Grade,8th Grade
051185000945,Mills University Studies High School,Pulaski County Special School District,Little Rock,612,349,Yes under Provision 2,true,9th Grade,12th Grade
050279001590,Miner Academy,Bauxite School District,Bauxite,0,,No,true,9th Grade,12th Grade
050978000716,Mineral Springs Elementary School,Mineral Springs School District,Mineral Springs,204,178,Yes under Provision 2,false,Kindergarten,6th Grade
050978000717,Mineral Springs High School,Mineral Springs School District,Mineral Springs,197,163,Yes under Provision 2,true,7th Grade,12th Grade
051266001452,Monitor Elementary,Springdale School District,Springdale,586,485,Yes participating without using any Provision or the CEO,false,Prekindergarten,5th Grade
050984000724,Monticello Elementary School,Monticello School District,Monticello,408,285,Yes participating without using any Provision or the CEO,false,Prekindergarten,2nd Grade
050984000721,Monticello High School,Monticello School District,Monticello,506,264,Yes participating without using any Provision or the CEO,true,9th Grade,12th Grade
050984001395,Monticello Intermediate School,Monticello School District,Monticello,361,240,Yes participating without using any Provision or the CEO,false,3rd Grade,5th Grade
050984000722,Monticello Middle School,Monticello School District,Monticello,327,203,Yes participating without using any Provision or the CEO,true,6th Grade,8th Grade
051414001153,Moody Elementary School,White Hall School District,White Hall,408,224,Yes participating without using any Provision or the CEO,false,Kindergarten,5th Grade
051252001166,Morrilton Elementary School,South Conway County School District,Morrilton,311,,Yes under Provision 2,false,2nd Grade,3rd Grade
051252001243,Morrilton Intermediate School,South Conway County School District,Morrilton,539,,Yes under Provision 2,false,4th Grade,6th Grade
051252000041,Morrilton Junior High School,South Conway County School District,Morrilton,362,234,Yes under Provision 2,true,7th Grade,8th Grade
051252001245,Morrilton Primary School,South Conway County School District,Morrilton,432,354,Yes under Provision 2,false,Prekindergarten,1st Grade
051252001242,Morrilton Senior High School,South Conway County School District,Morrilton,688,,Yes under Provision 2,false,9th Grade,12th Grade
050999000733,Mount Ida High School,Mount Ida School District,Mount Ida,202,129,Yes participating without using any Provision or the CEO,true,7th Grade,12th Grade
050004300676,Mountain Home Career Academies,Mountain Home School District,Mountain Home,1523,505,Yes participating without using any Provision or the CEO,true,8th Grade,12th Grade
050004301236,Mountain Home Kindergarten,Mountain Home School District,Mountain Home,300,154,Yes participating without using any Provision or the CEO,false,Prekindergarten,Kindergarten
051017000745,Mountain Pine Elementary School,Mountain Pine School District,Mountain Pine,320,320,Yes under Community Eligibility Option (CEO),false,Prekindergarten,6th Grade
051017000746,Mountain Pine High School,Mountain Pine School District,Mountain Pine,285,285,Yes under Community Eligibility Option (CEO),true,7th Grade,12th Grade
050375001518,Mountain Springs Elem School,Cabot School District,Cabot,494,183,Yes participating without using any Provision or the CEO,false,Prekindergarten,4th Grade
051020000747,Mountain View Elementary School,Mountain View School District,Mountain View,497,494,Yes under Provision 2,false,Prekindergarten,4th Grade
051020000749,Mountain View High School,Mountain View School District,Mountain View,337,334,Yes under Provision 2,true,9th Grade,12th Grade
051020001491,Mountain View Middle School,Mountain View School District,Mountain View,335,332,Yes under Provision 2,true,5th Grade,8th Grade
051026000750,Mountainburg Elementary School,Mountainburg School District,Mountainburg,338,338,Yes under Community Eligibility Option (CEO),false,Prekindergarten,5th Grade
051026000751,Mountainburg High School,Mountainburg School District,Mountainburg,185,180,Yes under Community Eligibility Option (CEO),true,9th Grade,12th Grade
051026001698,Mountainburg Middle School Brain Academy,Mountainburg School District,Mountainburg,132,132,Yes under Community Eligibility Option (CEO),false,6th Grade,8th Grade
050007201630,Mt. Judea K-12 School,Deer Mt Judea School District,Deer,175,172,Yes under Provision 2,true,Prekindergarten,12th Grade
051008000738,Mt. Vernon Enola Elementary School,Mount Vernon Enola School District,Enola,293,204,Yes participating without using any Provision or the CEO,false,Prekindergarten,6th Grade
051008000739,Mt. Vernon Enola High School,Mount Vernon Enola School District,Mount Vernon,234,167,Yes participating without using any Provision or the CEO,true,7th Grade,12th Grade
050296005159,Mt. View Elementary,Benton School District,Benton,431,97,Yes participating without using any Provision or the CEO,false,Kindergarten,4th Grade
051029000753,Mulberry High School,Mulberry Pleasant View Bi County School District,Mulberry,130,130,Yes under Community Eligibility Option (CEO),true,9th Grade,12th Grade
051032000754,Murfreesboro Elementary School,South Pike County School District,Murfreesboro,383,380,Yes under Provision 2,false,Prekindergarten,6th Grade
051032000755,Murfreesboro High School,South Pike County School District,Murfreesboro,313,310,Yes under Provision 2,true,7th Grade,12th Grade
050041901256,Murrell Taylor Elementary School,Jacksonville North Pulaski School District,Jacksonville,428,269,Yes under Provision 2,false,Kindergarten,5th Grade
051038000756,Nashville Elementary School,Nashville School District,Nashville,375,372,Yes under Provision 2,false,4th Grade,6th Grade
051038000757,Nashville High School,Nashville School District,Nashville,444,441,Yes under Provision 2,false,10th Grade,12th Grade
051038000758,Nashville Junior High School,Nashville School District,Nashville,398,395,Yes under Provision 2,true,7th Grade,9th Grade
051038001193,Nashville Primary School,Nashville School District,Nashville,569,566,Yes under Provision 2,false,Kindergarten,3rd Grade
050004300740,Nelson Wilks Herron Elementary,Mountain Home School District,Mountain Home,559,271,Yes participating without using any Provision or the CEO,false,1st Grade,2nd Grade
051041000759,Nemo Vista Elementary School,Nemo Vista School District,Center Ridge,274,139,Yes participating without using any Provision or the CEO,false,Prekindergarten,5th Grade
051041000760,Nemo Vista High School,Nemo Vista School District,Center Ridge,130,59,Yes participating without using any Provision or the CEO,true,9th Grade,12th Grade
051041001493,Nemo Vista Middle School,Nemo Vista School District,Center Ridge,109,63,Yes participating without using any Provision or the CEO,true,6th Grade,8th Grade
051044000762,Nettleton High School,Nettleton School District,Jonesboro,1054,745,Yes under Provision 2,true,9th Grade,12th Grade
051044000875,Nettleton Junior High School,Nettleton School District,Jonesboro,566,419,Yes under Provision 2,true,7th Grade,8th Grade
051044005149,Nettleton STEAM Elementary,Nettleton School District,Jonesboro,206,135,Yes under Provision 2,false,Prekindergarten,2nd Grade
051044001514,Nettleton STEAM Intermediate,Nettleton School District,Jonesboro,313,211,Yes under Provision 2,false,3rd Grade,6th Grade
050003001398,Nevada Elementary School,Nevada School District,Rosston,226,226,Yes under Community Eligibility Option (CEO),false,Kindergarten,6th Grade
050003001405,Nevada High School,Nevada School District,Rosston,200,200,Yes under Community Eligibility Option (CEO),true,7th Grade,12th Grade
050002301517,Newport Elementary School,Newport School District,Newport,691,291,Yes under Community Eligibility Option (CEO),false,Prekindergarten,5th Grade
050002305195,Newport Junior High School,Newport School District,Newport,154,48,Yes under Community Eligibility Option (CEO),false,6th Grade,7th Grade
050004201540,Noble Elementary School,Hamburg School District,Hamburg,416,286,Yes participating without using any Provision or the CEO,false,Prekindergarten,2nd Grade
051056000773,Norfork Elementary School,Norfork School District,Norfork,273,166,Yes under Provision 2,false,Prekindergarten,6th Grade
051056000774,Norfork High School,Norfork School District,Norfork,196,110,Yes under Provision 2,true,7th Grade,12th Grade
051251001607,Norphlet Middle School,Smackover Norphlet School District,Norphlet,338,199,Yes participating without using any Provision or the CEO,true,5th Grade,8th Grade
051095001237,North Elementary School,Osceola School District,Osceola,132,129,Yes under Provision 2,false,Prekindergarten,Kindergarten
051311001733,North Heights Community School,Texarkana School District,Texarkana,243,243,Yes under Community Eligibility Option (CEO),false,Kindergarten,5th Grade
051068001641,North Little Rock Center of Excellence,North Little Rock School District,North Little Rock,472,472,Yes under Community Eligibility Option (CEO),true,9th Grade,12th Grade
051068001566,North Little Rock High School,North Little Rock School District,North Little Rock,1652,1650,Yes under Community Eligibility Option (CEO),true,9th Grade,12th Grade
051068000788,North Little Rock Middle School,North Little Rock School District,North Little Rock,1036,1036,Yes under Community Eligibility Option (CEO),true,7th Grade,8th Grade
051068001678,North Little Rock Middle School 6th Grade Campus,North Little Rock School District,North Little Rock,548,548,Yes under Community Eligibility Option (CEO),false,6th Grade,6th Grade
051341000393,Northridge Middle School,Van Buren School District,Van Buren,713,366,Yes participating without using any Provision or the CEO,true,6th Grade,8th Grade
050375001375,Northside Elementary School,Cabot School District,Cabot,370,223,Yes participating without using any Provision or the CEO,false,Prekindergarten,4th Grade
051197000956,Northside Elementary School,Rogers School District,Rogers,464,280,Yes participating without using any Provision or the CEO,false,Prekindergarten,5th Grade
051245001002,Northside Elementary School,Siloam Springs School District,Siloam Springs,430,322,Yes participating without using any Provision or the CEO,false,Prekindergarten,Kindergarten
050633000367,Northside High School,Fort Smith School District,Fort Smith,2231,1726,Yes participating without using any Provision or the CEO,false,9th Grade,12th Grade
050568000279,Northwest Elementary School,El Dorado School District,El Dorado,477,,Yes under Provision 2,false,Kindergarten,4th Grade
051185000933,Oak Grove Elementary School,Pulaski County Special School District,North Little Rock,193,143,Yes under Provision 2,false,Prekindergarten,5th Grade
050001701497,Oak Grove Elementary School,Paragould School District,Paragould,270,270,Yes under Community Eligibility Option (CEO),false,2nd Grade,4th Grade
050001701296,Oak Grove Middle School,Paragould School District,Paragould,447,447,Yes under Community Eligibility Option (CEO),false,5th Grade,6th Grade
051185001239,Oakbrooke Elementary School,Pulaski County Special School District,Sherwood,408,233,Yes under Provision 2,false,Prekindergarten,5th Grade
051197000957,Oakdale Middle School,Rogers School District,Rogers,809,537,Yes participating without using any Provision or the CEO,true,6th Grade,8th Grade
051206000970,Oakland Heights Elementary School,Russellville School District,Russellville,503,433,Yes participating without using any Provision or the CEO,false,Prekindergarten,4th Grade
050789000506,Oaklawn STEM Magnet School,Hot Springs School District,Hot Springs,452,452,Yes under Community Eligibility Option (CEO),false,Prekindergarten,6th Grade
050824000810,Oark Elementary School,Jasper School District,Oark,107,104,Yes under Provision 2,false,Prekindergarten,6th Grade
050824000811,Oark High School,Jasper School District,Oark,77,74,Yes under Provision 2,true,7th Grade,12th Grade
050007301642,Oden Schools,Ouachita River School District,Mena,133,104,Yes participating without using any Provision or the CEO,true,Kindergarten,12th Grade
050306001229,Old High Middle School,Bentonville School District,Bentonville,618,106,Yes participating without using any Provision or the CEO,false,5th Grade,6th Grade
051197001088,Old Wire Elementary School,Rogers School District,Rogers,481,396,Yes participating without using any Provision or the CEO,false,Prekindergarten,5th Grade
051341001699,Oliver Springs Elementary School,Van Buren School District,Van Buren,441,237,Yes participating without using any Provision or the CEO,false,Kindergarten,5th Grade
051092000820,Omaha Elementary School,Omaha School District,Omaha,247,193,Yes participating without using any Provision or the CEO,false,Prekindergarten,6th Grade
051092000821,Omaha High School,Omaha School District,Omaha,171,117,Yes participating without using any Provision or the CEO,true,7th Grade,12th Grade
050306001649,Osage Creek Elementary School,Bentonville School District,Bentonville,551,153,Yes participating without using any Provision or the CEO,false,Kindergarten,4th Grade
050624000337,Oscar Hamilton Elementary School,Foreman School District,Foreman,273,201,Yes participating without using any Provision or the CEO,false,Kindergarten,6th Grade
051095000825,Osceola High School,Osceola School District,Osceola,254,251,Yes under Provision 2,true,9th Grade,12th Grade
051095001555,Osceola Middle School,Osceola School District,Osceola,221,218,Yes under Provision 2,true,5th Grade,8th Grade
050900001384,Otter Creek Elementary School,Little Rock School District,Little Rock,372,369,Yes under Provision 2,false,Kindergarten,5th Grade
051098000827,Ouachita Elementary School,Ouachita School District,Donaldson,280,162,Yes participating without using any Provision or the CEO,false,Kindergarten,6th Grade
051098000828,Ouachita High School,Ouachita School District,Donaldson,243,128,Yes participating without using any Provision or the CEO,true,7th Grade,12th Grade
050612001213,Owl Creek School,Fayetteville School District,Fayetteville,619,431,Yes participating without using any Provision or the CEO,false,Prekindergarten,4th Grade
051101000830,Ozark Jr Sr High School,Ozark School District,Ozark,629,322,Yes participating without using any Provision or the CEO,true,8th Grade,12th Grade
051101001090,Ozark Middle School,Ozark School District,Altus,266,148,Yes participating without using any Provision or the CEO,false,6th Grade,7th Grade
050007605163,Ozark Mountain High School,Ozark Mountain School District,Western Grove,225,222,Yes under Provision 2,false,7th Grade,12th Grade
051101001719,Ozark Upper Elementary School,Ozark School District,Ozark,251,158,Yes participating without using any Provision or the CEO,false,4th Grade,5th Grade
050005100832,Palestine-Wheatley Elementary School,Palestine Wheatley School District,Palestine,448,445,Yes under Provision 2,false,Prekindergarten,6th Grade
050005100833,Palestine-Wheatley Senior High,Palestine Wheatley School District,Palestine,378,375,Yes under Provision 2,true,7th Grade,12th Grade
051107000834,Pangburn Elementary School,Pangburn School District,Pangburn,401,260,Yes participating without using any Provision or the CEO,false,Kindergarten,6th Grade
051107000835,Pangburn High School,Pangburn School District,Pangburn,326,184,Yes participating without using any Provision or the CEO,true,7th Grade,12th Grade
050001701295,Paragould High School,Paragould School District,Paragould,881,881,Yes under Community Eligibility Option (CEO),true,9th Grade,12th Grade
050001700395,Paragould Junior High,Paragould School District,Paragould,512,512,Yes under Community Eligibility Option (CEO),true,7th Grade,8th Grade
050001701576,Paragould Primary School,Paragould School District,Paragould,602,602,Yes under Community Eligibility Option (CEO),false,Prekindergarten,1st Grade
051113000836,Paris Elementary School,Paris School District,Paris,416,416,Yes under Community Eligibility Option (CEO),false,Prekindergarten,4th Grade
051113000837,Paris High School,Paris School District,Paris,306,306,Yes under Community Eligibility Option (CEO),true,9th Grade,12th Grade
051113001412,Paris Middle School,Paris School District,Paris,278,278,Yes under Community Eligibility Option (CEO),true,5th Grade,8th Grade
051296001052,Park Avenue Elementary School,Stuttgart School District,Stuttgart,641,641,Yes under Community Eligibility Option (CEO),false,Prekindergarten,4th Grade
050000900192,Park Elementary School,Corning School District,Corning,361,284,Yes participating without using any Provision or the CEO,false,Prekindergarten,4th Grade
050633000370,Park Elementary School,Fort Smith School District,Fort Smith,387,348,Yes participating without using any Provision or the CEO,false,Prekindergarten,5th Grade
050789000512,Park Magnet an IB Pyp World Class School,Hot Springs School District,Hot Springs,411,411,Yes under Community Eligibility Option (CEO),false,Prekindergarten,6th Grade
051122000840,Parkers Chapel Elementary School,Parkers Chapel School District,El Dorado,491,192,Yes participating without using any Provision or the CEO,false,Prekindergarten,6th Grade
051122000841,Parkers Chapel High School,Parkers Chapel School District,El Dorado,356,136,Yes participating without using any Provision or the CEO,false,7th Grade,12th Grade
051341001371,Parkview Elementary School,Van Buren School District,Van Buren,437,287,Yes participating without using any Provision or the CEO,false,Kindergarten,5th Grade
050900000627,Parkview Magnet High School,Little Rock School District,Little Rock,1072,731,Yes participating without using any Provision or the CEO,true,9th Grade,12th Grade
050369001661,Parkway Elementary School,Bryant School District,Alexander,568,334,Yes participating without using any Provision or the CEO,false,Kindergarten,5th Grade
051266001259,Parson Hills Elementary School,Springdale School District,Springdale,517,493,Yes participating without using any Provision or the CEO,false,Prekindergarten,5th Grade
050636000299,Paulette Smith Middle School,Fouke School District,Fouke,244,161,Yes participating without using any Provision or the CEO,true,6th Grade,8th Grade
050303000072,Pea Ridge High School,Pea Ridge School District,Pea Ridge,597,167,Yes participating without using any Provision or the CEO,false,10th Grade,12th Grade
050303000071,Pea Ridge Intermediate School,Pea Ridge School District,Pea Ridge,399,141,Yes participating without using any Provision or the CEO,false,3rd Grade,4th Grade
050303001692,Pea Ridge Junior High School,Pea Ridge School District,Pea Ridge,643,196,Yes participating without using any Provision or the CEO,false,7th Grade,9th Grade
050303000169,Pea Ridge Middle School,Pea Ridge School District,Pea Ridge,444,142,Yes participating without using any Provision or the CEO,false,5th Grade,6th Grade
050303001505,Pea Ridge Primary School,Pea Ridge School District,Pea Ridge,587,206,Yes participating without using any Provision or the CEO,false,Prekindergarten,2nd Grade
050243000021,Peake Elementary School,Arkadelphia School District,Arkadelphia,783,533,Yes participating without using any Provision or the CEO,false,Prekindergarten,4th Grade
050296000066,Perrin Elementary School,Benton School District,Benton,465,163,Yes participating without using any Provision or the CEO,false,Kindergarten,4th Grade
051134000849,Perryville Elementary School,Perryville School District,Perryville,464,320,Yes participating without using any Provision or the CEO,false,Kindergarten,6th Grade
051134000850,Perryville High School,Perryville School District,Perryville,427,246,Yes participating without using any Provision or the CEO,true,7th Grade,12th Grade
051137000851,Piggott Elementary School,Piggott School District,Piggott,484,144,Yes participating without using any Provision or the CEO,false,Prekindergarten,6th Grade
051137000852,Piggott High School,Piggott School District,Piggott,330,209,Yes participating without using any Provision or the CEO,true,7th Grade,12th Grade
051068000800,Pike View Early Childhood Center,North Little Rock School District,North Little Rock,237,234,No,false,Prekindergarten,Prekindergarten
050002600867,Pine Bluff High School,Pine Bluff School District,Pine Bluff,688,688,Yes under Community Eligibility Option (CEO),true,10th Grade,12th Grade
050002605151,Pine Bluff Junior High School,Pine Bluff School District,Pine Bluff,610,610,Yes under Community Eligibility Option (CEO),false,7th Grade,9th Grade
051185001257,Pine Forest Elementary School,Pulaski County Special School District,Maumelle,371,203,Yes under Provision 2,false,Prekindergarten,5th Grade
050279000048,Pine Haven Elementary School,Bauxite School District,Bauxite,753,350,Yes participating without using any Provision or the CEO,false,Prekindergarten,5th Grade
050004300742,Pinkston Middle School,Mountain Home School District,Mountain Home,546,216,Yes participating without using any Provision or the CEO,false,6th Grade,7th Grade
050900001628,Pinnacle View Middle School,Little Rock School District,Little Rock,807,419,Yes participating without using any Provision or the CEO,false,6th Grade,8th Grade
051029001454,Pleasant View Campus School,Mulberry Pleasant View Bi County School District,Ozark,127,127,Yes under Community Eligibility Option (CEO),true,5th Grade,8th Grade
051161000883,Pocahontas Elementary School,Pocahontas School District,Pocahontas,703,524,Yes participating without using any Provision or the CEO,false,Prekindergarten,3rd Grade
051161000884,Pocahontas High School,Pocahontas School District,Pocahontas,410,243,Yes participating without using any Provision or the CEO,false,10th Grade,12th Grade
051161001438,Pocahontas Junior High School,Pocahontas School District,Pocahontas,456,304,Yes participating without using any Provision or the CEO,true,7th Grade,9th Grade
051161000885,Pocahontas Upper Elementary School,Pocahontas School District,Pocahontas,402,299,Yes participating without using any Provision or the CEO,false,4th Grade,6th Grade
050975001665,Polk County Virtual Academy,Mena School District,Mena,12,5,Yes participating without using any Provision or the CEO,false,1st Grade,12th Grade
050004201282,Portland Elementary School,Hamburg School District,Portland,136,102,Yes participating without using any Provision or the CEO,false,Prekindergarten,5th Grade
051170000890,Pottsville Elementary School,Pottsville School District,Pottsville,605,268,Yes participating without using any Provision or the CEO,false,Prekindergarten,3rd Grade
051170000891,Pottsville High School,Pottsville School District,Pottsville,404,140,Yes participating without using any Provision or the CEO,false,10th Grade,12th Grade
051170001180,Pottsville Junior High School,Pottsville School District,Pottsville,412,175,Yes participating without using any Provision or the CEO,true,7th Grade,9th Grade
051170000401,Pottsville Middle Grade,Pottsville School District,Pottsville,417,185,Yes participating without using any Provision or the CEO,false,4th Grade,6th Grade
051173000892,Poyen Elementary School,Poyen School District,Poyen,293,153,Yes participating without using any Provision or the CEO,false,Prekindergarten,6th Grade
051173000893,Poyen High School,Poyen School District,Poyen,264,117,Yes participating without using any Provision or the CEO,true,7th Grade,12th Grade
051176000894,Prairie Grove Elementary School,Prairie Grove School District,Prairie Grove,763,360,Yes participating without using any Provision or the CEO,false,Prekindergarten,3rd Grade
051176000895,Prairie Grove High School,Prairie Grove School District,Prairie Grove,620,244,Yes participating without using any Provision or the CEO,false,9th Grade,12th Grade
051176001717,Prairie Grove Junior High School,Prairie Grove School District,Prairie Grove,326,149,Yes participating without using any Provision or the CEO,false,7th Grade,8th Grade
051176001426,Prairie Grove Middle School,Prairie Grove School District,Prairie Grove,550,264,Yes participating without using any Provision or the CEO,false,4th Grade,6th Grade
050040805201,Premier High School of Fayetteville,Premier High Schools of Arkansas,Little Rock,14,9,Yes participating without using any Provision or the CEO,false,9th Grade,12th Grade
050040805144,Premier High School of Fort Smith,Premier High Schools of Arkansas,Little Rock,99,40,Yes participating without using any Provision or the CEO,false,9th Grade,12th Grade
050040801579,Premier High School of Little Rock,Premier High Schools of Arkansas,Little Rock,78,35,Yes participating without using any Provision or the CEO,true,9th Grade,12th Grade
050040801686,Premier High School of North Little Rock,Premier High Schools of Arkansas,Little Rock,76,63,Yes participating without using any Provision or the CEO,false,9th Grade,12th Grade
050040805202,Premier High School of Russellville,Premier High Schools of Arkansas,Little Rock,31,19,Yes participating without using any Provision or the CEO,false,9th Grade,12th Grade
050040805145,Premier High School of Texarkana,Premier High Schools of Arkansas,Little Rock,67,26,Yes participating without using any Provision or the CEO,false,9th Grade,12th Grade
050040805146,Premier High School Online,Premier High Schools of Arkansas,Little Rock,292,63,Yes participating without using any Provision or the CEO,false,7th Grade,12th Grade
051182000898,Prescott Elementary School,Prescott School District,Prescott,363,363,Yes under Community Eligibility Option (CEO),false,Prekindergarten,4th Grade
051182000899,Prescott High School,Prescott School District,Prescott,296,296,Yes under Community Eligibility Option (CEO),true,9th Grade,12th Grade
051182001660,Prescott Junior High School,Prescott School District,Prescott,242,242,Yes under Community Eligibility Option (CEO),true,5th Grade,8th Grade
050459001248,Preston & Florence Mattison Elementary School,Conway School District,Conway,417,294,Yes participating without using any Provision or the CEO,false,Kindergarten,4th Grade
050900001190,Pulaski Heights Elementary School,Little Rock School District,Little Rock,266,128,Yes participating without using any Provision or the CEO,false,Kindergarten,5th Grade
050900000628,Pulaski Heights Middle School,Little Rock School District,Little Rock,585,345,Yes participating without using any Provision or the CEO,true,6th Grade,8th Grade
051188000946,Quitman Elementary School,Quitman School District,Quitman,432,227,Yes participating without using any Provision or the CEO,false,Prekindergarten,5th Grade
051188000947,Quitman High School,Quitman School District,Quitman,308,136,Yes participating without using any Provision or the CEO,true,9th Grade,12th Grade
051188001664,Quitman Middle School,Quitman School District,Quitman,210,115,Yes participating without using any Provision or the CEO,true,6th Grade,8th Grade
050306000075,R.e. Baker Elementary School,Bentonville School District,Bentonville,309,118,Yes participating without using any Provision or the CEO,false,Kindergarten,4th Grade
050612000324,Ramay Junior High School,Fayetteville School District,Fayetteville,761,398,Yes participating without using any Provision or the CEO,true,7th Grade,8th Grade
050633000371,Ramsey Middle School,Fort Smith School District,Fort Smith,801,545,Yes participating without using any Provision or the CEO,true,6th Grade,8th Grade
050609000854,Randall G Lynch Middle School,Farmington School District,Farmington,638,206,Yes participating without using any Provision or the CEO,false,4th Grade,6th Grade
050330000089,Randy Hughes Elementary School,Blevins School District,Blevins,196,175,Yes participating without using any Provision or the CEO,false,Prekindergarten,6th Grade
050459001198,Ray Phyllis Simon Middle School,Conway School District,Conway,459,268,Yes participating without using any Provision or the CEO,false,5th Grade,7th Grade
050633000368,Raymond F. Orr Elementary School,Fort Smith School District,Fort Smith,235,166,Yes participating without using any Provision or the CEO,false,Kindergarten,5th Grade
051197001414,Reagan Elementary School,Rogers School District,Rogers,404,236,Yes participating without using any Provision or the CEO,false,Prekindergarten,5th Grade
050437001273,Rector Elementary School,Rector School District,Rector,389,277,Yes participating without using any Provision or the CEO,false,Prekindergarten,6th Grade
050437001274,Rector High School,Rector School District,Rector,236,161,Yes participating without using any Provision or the CEO,true,7th Grade,12th Grade
050550001481,Reed Elementary School,Dumas School District,Dumas,368,368,Yes under Community Eligibility Option (CEO),false,Prekindergarten,5th Grade
051341000061,Rena Elementary School,Van Buren School District,Van Buren,414,227,Yes participating without using any Provision or the CEO,false,Kindergarten,5th Grade
050044101742,Responsive Ed Solutions Premier High School of Springdale,Responsive Ed Solutions Premier High School of Springdale,Springdale,102,26,Yes participating without using any Provision or the CEO,false,9th Grade,12th Grade
050804000526,Richland Elementary School,West Memphis School District,West Memphis,462,461,Yes under Community Eligibility Option (CEO),false,Kindergarten,6th Grade
051068000729,Ridge Road Elementary School,North Little Rock School District,North Little Rock,516,516,Yes under Community Eligibility Option (CEO),false,Kindergarten,5th Grade
050296000067,Ringgold Elementary School,Benton School District,Benton,511,317,Yes participating without using any Provision or the CEO,false,Prekindergarten,4th Grade
050006700950,Rison Elementary School,Cleveland County School District,Rison,427,318,Yes participating without using any Provision or the CEO,false,Prekindergarten,6th Grade
050006700951,Rison High School,Cleveland County School District,Rison,314,199,Yes participating without using any Provision or the CEO,true,7th Grade,12th Grade
051341001650,River Valley Virtual Academy,Van Buren School District,Van Buren,79,54,Yes participating without using any Provision or the CEO,false,Kindergarten,12th Grade
050004501600,Rivercrest Elementary School,Rivercrest School District,Wilson,675,675,Yes under Community Eligibility Option (CEO),false,Prekindergarten,6th Grade
050004501735,Rivercrest Junior High Preparatory Academy,Rivercrest School District,Wilson,179,179,Yes under Community Eligibility Option (CEO),false,7th Grade,8th Grade
050001201285,Riverside East Elementary School,Riverside School District,Caraway,147,108,Yes participating without using any Provision or the CEO,false,Prekindergarten,6th Grade
050001201538,Riverside High School,Riverside School District,Lake City,342,169,Yes participating without using any Provision or the CEO,true,7th Grade,12th Grade
050001201287,Riverside West Elementary School,Riverside School District,Lake City,300,165,Yes participating without using any Provision or the CEO,false,Prekindergarten,6th Grade
050840000242,Riverview High School,Riverview School District,Searcy,340,241,Yes participating without using any Provision or the CEO,true,9th Grade,12th Grade
050840001202,Riverview Junior High School,Riverview School District,Searcy,179,137,Yes participating without using any Provision or the CEO,true,7th Grade,8th Grade
050369001407,Robert L. Davis Elementary School,Bryant School District,Alexander,504,372,Yes participating without using any Provision or the CEO,false,Kindergarten,5th Grade
050900001689,Rockefeller Early Childhood Center,Little Rock School District,Little Rock,317,314,No,false,Prekindergarten,Prekindergarten
051197001483,Rogers Heritage High School,Rogers School District,Rogers,2008,1008,Yes participating without using any Provision or the CEO,true,9th Grade,12th Grade
051197000958,Rogers High School,Rogers School District,Rogers,2492,1023,Yes participating without using any Provision or the CEO,true,9th Grade,12th Grade
051197001586,Rogers New Technology High School,Rogers School District,Rogers,640,276,Yes participating without using any Provision or the CEO,true,9th Grade,12th Grade
050900001725,Romine Early Childhood Center,Little Rock School District,Little Rock,242,239,No,false,Prekindergarten,Prekindergarten
050612000325,Root Elementary School,Fayetteville School District,Fayetteville,445,66,Yes participating without using any Provision or the CEO,false,Kindergarten,4th Grade
051200000961,Rose Bud Elementary School,Rose Bud School District,Rose Bud,399,242,Yes participating without using any Provision or the CEO,false,Prekindergarten,6th Grade
051200000962,Rose Bud High School,Rose Bud School District,Rose Bud,308,171,Yes participating without using any Provision or the CEO,true,7th Grade,12th Grade
051020000964,Rural Special Elementary School,Mountain View School District,Fox,112,109,Yes under Provision 2,false,Kindergarten,6th Grade
051020000965,Rural Special High School,Mountain View School District,Fox,91,88,Yes under Provision 2,true,7th Grade,12th Grade
051206000971,Russellville High School,Russellville School District,Russellville,1281,729,Yes participating without using any Provision or the CEO,false,9th Grade,12th Grade
051206000175,Russellville Intermediate School,Russellville School District,Russellville,436,274,Yes participating without using any Provision or the CEO,false,5th Grade,5th Grade
051206000968,Russellville Junior High School,Russellville School District,Russellville,808,510,Yes participating without using any Provision or the CEO,false,8th Grade,9th Grade
051206000972,Russellville Middle School,Russellville School District,Russellville,795,527,Yes participating without using any Provision or the CEO,false,6th Grade,7th Grade
050306001139,Ruth Barker Middle School,Bentonville School District,Bentonville,530,158,Yes participating without using any Provision or the CEO,false,5th Grade,6th Grade
050459000937,Ruth Doyle Middle School,Conway School District,Conway,547,250,Yes participating without using any Provision or the CEO,false,5th Grade,7th Grade
050489000211,S.c. Tucker Elementary School,Danville School District,Danville,328,232,Yes participating without using any Provision or the CEO,false,Prekindergarten,4th Grade
050369000121,Salem Elementary School,Bryant School District,Benton,469,211,Yes participating without using any Provision or the CEO,false,Kindergarten,5th Grade
051209000974,Salem Elementary School,Salem School District,Salem,434,287,Yes participating without using any Provision or the CEO,false,Kindergarten,6th Grade
051209000975,Salem High School,Salem School District,Salem,376,224,Yes participating without using any Provision or the CEO,true,7th Grade,12th Grade
050459001548,Sallie Cone Preschool,Conway School District,Conway,277,259,No,false,Prekindergarten,Prekindergarten
051449705190,School for Advanced Studies-NW Ark,School for Advanced Studies-Northwest Arkansas,Rogers,87,23,Yes participating without using any Provision or the CEO,false,5th Grade,10th Grade
050003601653,School for the Deaf,Arkansas School for the Deaf,Little Rock,104,65,Yes participating without using any Provision or the CEO,true,Prekindergarten,12th Grade
050005901619,Scott Charter School,Academics Plus Public Charter Schools,Scott,207,147,Yes participating without using any Provision or the CEO,true,Kindergarten,12th Grade
051218000980,Scranton Elementary School,Scranton School District,Scranton,237,125,Yes participating without using any Provision or the CEO,false,Kindergarten,6th Grade
051218000981,Scranton High School,Scranton School District,Scranton,212,102,Yes participating without using any Provision or the CEO,true,7th Grade,12th Grade
051221000985,Searcy High School,Searcy School District,Searcy,1220,481,Yes participating without using any Provision or the CEO,true,9th Grade,12th Grade
051206000973,Sequoyah Elementary School,Russellville School District,Russellville,542,296,Yes participating without using any Provision or the CEO,false,Prekindergarten,4th Grade
051068000804,Seventh Street Elementary School,North Little Rock School District,North Little Rock,263,262,Yes under Community Eligibility Option (CEO),false,Prekindergarten,5th Grade
050001500996,Sheridan Elementary School,Sheridan School District,Sheridan,523,243,Yes participating without using any Provision or the CEO,false,Prekindergarten,2nd Grade
050001500997,Sheridan High School,Sheridan School District,Sheridan,1239,465,Yes participating without using any Provision or the CEO,false,9th Grade,12th Grade
050001500097,Sheridan Intermediate School,Sheridan School District,Sheridan,585,250,Yes participating without using any Provision or the CEO,false,3rd Grade,5th Grade
050001500998,Sheridan Middle School,Sheridan School District,Sheridan,564,235,Yes participating without using any Provision or the CEO,false,6th Grade,8th Grade
051185000939,Sherwood Elementary School,Pulaski County Special School District,Sherwood,424,198,Yes under Provision 2,false,Prekindergarten,5th Grade
051242001000,Shirley Elementary School,Shirley School District,Shirley,169,144,Yes under Provision 2,false,Kindergarten,6th Grade
051242001001,Shirley High School,Shirley School District,Shirley,110,82,Yes under Provision 2,true,7th Grade,12th Grade
051221000988,Sidney Deener Elementary School,Searcy School District,Searcy,421,330,Yes participating without using any Provision or the CEO,false,Prekindergarten,3rd Grade
051245001003,Siloam Springs High School Conversion Charter,Siloam Springs School District,Siloam Springs,1475,776,Yes participating without using any Provision or the CEO,true,9th Grade,12th Grade
051245001584,Siloam Springs Intermediate School,Siloam Springs School District,Siloam Springs,684,443,Yes participating without using any Provision or the CEO,false,5th Grade,6th Grade
051245001004,Siloam Springs Middle School,Siloam Springs School District,Siloam Springs,743,437,Yes participating without using any Provision or the CEO,true,7th Grade,8th Grade
050738000454,Skyline Heights Elementary School,Harrison School District,Harrison,479,315,Yes participating without using any Provision or the CEO,false,1st Grade,4th Grade
051248001006,Sloan-Hendrix Elementary School,Sloan Hendrix School District,Imboden,456,325,Yes participating without using any Provision or the CEO,false,Prekindergarten,6th Grade
051248001007,Sloan-Hendrix High School,Sloan Hendrix School District,Imboden,398,271,Yes participating without using any Provision or the CEO,true,7th Grade,12th Grade
051251001008,Smackover Elementary School,Smackover Norphlet School District,Norphlet,523,295,Yes participating without using any Provision or the CEO,false,Prekindergarten,4th Grade
051251001009,Smackover High School,Smackover Norphlet School District,Norphlet,347,152,Yes participating without using any Provision or the CEO,true,9th Grade,12th Grade
051266001532,Sonora Elementary School,Springdale School District,Springdale,604,452,Yes participating without using any Provision or the CEO,false,Prekindergarten,5th Grade
051266001565,Sonora Middle School,Springdale School District,Springdale,668,575,Yes participating without using any Provision or the CEO,false,6th Grade,7th Grade
051257001013,South Side Elementary School,SOUTH SIDE SCHOOL DISTRICT (Van Buren),Bee Branch,269,266,Yes under Provision 2,false,Prekindergarten,6th Grade
051257001014,South Side High School,SOUTH SIDE SCHOOL DISTRICT (Van Buren),Bee Branch,249,246,Yes under Provision 2,true,7th Grade,12th Grade
051254001012,Southside Charter High School,SOUTHSIDE SCHOOL DISTRICT (Independence),Southside,464,208,Yes participating without using any Provision or the CEO,false,10th Grade,12th Grade
050375001351,Southside Elementary School,Cabot School District,Cabot,551,254,Yes participating without using any Provision or the CEO,false,Kindergarten,4th Grade
051245001005,Southside Elementary School,Siloam Springs School District,Siloam Springs,699,430,Yes participating without using any Provision or the CEO,false,3rd Grade,4th Grade
051254001011,Southside Elementary School,SOUTHSIDE SCHOOL DISTRICT (Independence),Southside,852,444,Yes participating without using any Provision or the CEO,false,Prekindergarten,3rd Grade
050633000373,Southside High School,Fort Smith School District,Fort Smith,2053,991,Yes participating without using any Provision or the CEO,false,9th Grade,12th Grade
051254001702,Southside Junior High School,SOUTHSIDE SCHOOL DISTRICT (Independence),Southside,427,235,Yes participating without using any Provision or the CEO,true,7th Grade,9th Grade
051254000100,Southside Middle School,SOUTHSIDE SCHOOL DISTRICT (Independence),Southside,450,250,Yes participating without using any Provision or the CEO,false,4th Grade,6th Grade
051266001024,Southwest Junior High School,Springdale School District,Springdale,694,578,Yes participating without using any Provision or the CEO,true,8th Grade,9th Grade
051221001533,Southwest Middle School,Searcy School District,Searcy,913,479,Yes participating without using any Provision or the CEO,false,4th Grade,6th Grade
050002601670,Southwood Elementary School,Pine Bluff School District,Pine Bluff,345,345,Yes under Community Eligibility Option (CEO),false,Kindergarten,6th Grade
050633000374,Spradling Elementary School,Fort Smith School District,Fort Smith,307,290,Yes participating without using any Provision or the CEO,false,Prekindergarten,5th Grade
051263001017,Spring Hill Elementary School,Spring Hill School District,Hope,348,215,Yes participating without using any Provision or the CEO,false,Prekindergarten,6th Grade
051263001018,Spring Hill High School,Spring Hill School District,Hope,273,136,Yes participating without using any Provision or the CEO,true,7th Grade,12th Grade
051266001025,Springdale High School,Springdale School District,Springdale,2207,1895,Yes participating without using any Provision or the CEO,false,9th Grade,12th Grade
050369001439,Springhill Elementary School,Bryant School District,Alexander,551,209,Yes participating without using any Provision or the CEO,false,Kindergarten,5th Grade
050007605161,St. Joe Elementary,Ozark Mountain School District,Western Grove,89,86,Yes under Provision 2,false,Kindergarten,6th Grade
050813001034,St. Paul Elementary School,Huntsville School District,Huntsville,121,87,Yes participating without using any Provision or the CEO,false,Prekindergarten,6th Grade
050813001035,St. Paul High School,Huntsville School District,Huntsville,120,88,Yes participating without using any Provision or the CEO,true,7th Grade,12th Grade
050375001445,Stagecoach Elementary School,Cabot School District,Cabot,481,221,Yes participating without using any Provision or the CEO,false,Kindergarten,4th Grade
050002801042,Star City High School,Star City School District,Star City,459,,Yes under Community Eligibility Option (CEO),true,9th Grade,12th Grade
050002801041,Star City Jimmy Brown Elementary School,Star City School District,Star City,679,678,Yes under Community Eligibility Option (CEO),false,Prekindergarten,5th Grade
050002801043,Star City Middle School,Star City School District,Star City,322,322,Yes under Community Eligibility Option (CEO),true,6th Grade,8th Grade
050900000876,Stephens Elementary,Little Rock School District,Little Rock,474,471,Yes under Provision 2,false,Prekindergarten,5th Grade
050627000350,Stewart Elementary School,Forrest City School District,Forrest City,400,400,Yes under Community Eligibility Option (CEO),false,3rd Grade,5th Grade
051293001663,Strong-Huttig Schools,Strong Huttig School District,Strong,284,269,Yes under Provision 2,true,Kindergarten,12th Grade
051296001055,Stuttgart High School,Stuttgart School District,Stuttgart,499,278,Yes participating without using any Provision or the CEO,true,9th Grade,12th Grade
051296001249,Stuttgart Junior High School,Stuttgart School District,Stuttgart,234,154,Yes participating without using any Provision or the CEO,true,7th Grade,8th Grade
050306001423,Sugar Creek Elementary School,Bentonville School District,Bentonville,381,71,Yes participating without using any Provision or the CEO,false,Kindergarten,4th Grade
050001901092,Sulphur Rock Magnet Elementary School,Batesville School District,Batesville,333,150,Yes participating without using any Provision or the CEO,false,Prekindergarten,5th Grade
050633000375,Sunnymede Elementary School,Fort Smith School District,Fort Smith,510,466,Yes participating without using any Provision or the CEO,false,Prekindergarten,5th Grade
050633000376,Sutton Elementary School,Fort Smith School District,Fort Smith,411,376,Yes participating without using any Provision or the CEO,false,Prekindergarten,5th Grade
051323001060,Swifton Middle School,Jackson County School District,Tuckerman,189,140,Yes participating without using any Provision or the CEO,false,5th Grade,7th Grade
051185000940,Sylvan Hills Elementary School,Pulaski County Special School District,Sherwood,516,252,Yes under Provision 2,false,Prekindergarten,5th Grade
051185000941,Sylvan Hills High School,Pulaski County Special School District,Sherwood,1120,568,Yes participating without using any Provision or the CEO,true,9th Grade,12th Grade
051185001737,Sylvan Hills Junior High School,Pulaski County Special School District,Sherwood,721,383,Yes under Provision 2,false,8th Grade,9th Grade
051185000942,Sylvan Hills Middle School,Pulaski County Special School District,Sherwood,772,438,Yes under Provision 2,true,6th Grade,7th Grade
050006801062,Taylor Elementary School,Emerson Taylor Bradley School District,Taylor,341,129,Yes participating without using any Provision or the CEO,false,Kindergarten,6th Grade
051414001155,Taylor Elementary School,White Hall School District,White Hall,373,267,Yes participating without using any Provision or the CEO,false,Kindergarten,5th Grade
050006801063,Taylor High School,Emerson Taylor Bradley School District,Taylor,264,86,Yes participating without using any Provision or the CEO,false,7th Grade,12th Grade
050900000633,Terry Elementary School,Little Rock School District,Little Rock,328,325,Yes under Provision 2,false,Prekindergarten,5th Grade
050828000551,The Academies at Jonesboro High School,Jonesboro School District,Jonesboro,1505,1505,Yes under Community Eligibility Option (CEO),false,7th Grade,12th Grade
050804001594,The Academies of West Memphis Charter School,West Memphis School District,West Memphis,897,897,Yes under Community Eligibility Option (CEO),false,10th Grade,12th Grade
050042001638,The Excel Center,Excel Center,Little Rock,1,,No,false,12th Grade,12th Grade
050306000879,The International School at Mary Mae Jones,Bentonville School District,Bentonville,567,241,Yes participating without using any Provision or the CEO,false,Kindergarten,4th Grade
050459000081,Theodore Jones Elementary School,Conway School District,Conway,491,319,Yes participating without using any Provision or the CEO,false,Kindergarten,4th Grade
050002600872,Thirty-Fourth Street Elementary School,Pine Bluff School District,Pine Bluff,399,399,Yes under Community Eligibility Option (CEO),false,Kindergarten,6th Grade
050000601570,Thomas C Brunson Elementary School,Warren School District,Warren,217,217,Yes under Community Eligibility Option (CEO),false,4th Grade,5th Grade
050306000076,Thomas Jefferson Elementary School,Bentonville School District,Bentonville,404,67,Yes participating without using any Provision or the CEO,false,Kindergarten,4th Grade
051266001260,Thurman G. Smith Elementary School,Springdale School District,Springdale,483,360,Yes participating without using any Provision or the CEO,false,Prekindergarten,5th Grade
050633001251,Tilles Elementary School,Fort Smith School District,Fort Smith,343,310,Yes participating without using any Provision or the CEO,false,Prekindergarten,5th Grade
051020001086,Timbo Elementary School,Mountain View School District,Timbo,98,95,Yes under Provision 2,false,Prekindergarten,6th Grade
051020001087,Timbo High School,Mountain View School District,Timbo,99,96,Yes under Provision 2,true,7th Grade,12th Grade
050004701081,Trumann Elementary School,Trumann School District,Trumann,477,477,Yes under Community Eligibility Option (CEO),false,Kindergarten,3rd Grade
050004701079,Trumann High School,Trumann School District,Trumann,515,515,Yes under Community Eligibility Option (CEO),true,8th Grade,12th Grade
050004701506,Trumann Middle School,Trumann School District,Trumann,418,418,Yes under Community Eligibility Option (CEO),true,4th Grade,7th Grade
050004701736,Trumann Prek and Parent Center,Trumann School District,Trumann,97,94,No,false,Prekindergarten,Prekindergarten
051323001082,Tuckerman Elementary School,Jackson County School District,Tuckerman,468,370,Yes participating without using any Provision or the CEO,false,Prekindergarten,4th Grade
051323001083,Tuckerman High School,Jackson County School District,Tuckerman,288,184,Yes participating without using any Provision or the CEO,true,8th Grade,12th Grade
051266001161,Turnbow Elementary School,Springdale School District,Springdale,599,489,Yes participating without using any Provision or the CEO,false,Prekindergarten,5th Grade
050007900818,Two Rivers Elementary School,Two Rivers School District,Ola,294,294,Yes under Community Eligibility Option (CEO),false,Prekindergarten,4th Grade
050007901521,Two Rivers High School,Two Rivers School District,Ola,413,413,Yes under Community Eligibility Option (CEO),true,5th Grade,12th Grade
050004801346,Tyronza Elementary School,East Poinsett County School District,Tyronza,158,126,Yes under Provision 2,false,3rd Grade,6th Grade
050040501620,Umpire K-12 School,Cossatot River School District,Umpire,97,94,Yes under Provision 2,true,Kindergarten,12th Grade
051044000764,University Heights Elementary School,Nettleton School District,Jonesboro,446,359,Yes under Provision 2,false,Prekindergarten,2nd Grade
051044000060,University Heights School of Medical Arts,Nettleton School District,Jonesboro,491,400,Yes under Provision 2,false,3rd Grade,6th Grade
051335001224,Valley Springs Elementary School,Valley Springs School District,Valley Springs,315,200,Yes participating without using any Provision or the CEO,false,Prekindergarten,4th Grade
051335001093,Valley Springs High School,Valley Springs School District,Valley Springs,219,99,Yes participating without using any Provision or the CEO,false,9th Grade,12th Grade
051335000678,Valley Springs Middle School,Valley Springs School District,Valley Springs,253,119,Yes participating without using any Provision or the CEO,true,5th Grade,8th Grade
051338001094,Valley View Elementary School,Valley View School District,Jonesboro,668,215,Yes participating without using any Provision or the CEO,false,Prekindergarten,2nd Grade
051338001095,Valley View High School,Valley View School District,Jonesboro,675,159,Yes participating without using any Provision or the CEO,false,9th Grade,12th Grade
051338001587,Valley View Intermediate School,Valley View School District,Jonesboro,933,299,Yes participating without using any Provision or the CEO,false,3rd Grade,6th Grade
051338001580,Valley View Junior High School,Valley View School District,Jonesboro,699,216,Yes participating without using any Provision or the CEO,false,7th Grade,9th Grade
051341001631,Van Buren Freshman Academy,Van Buren School District,Van Buren,468,288,Yes participating without using any Provision or the CEO,true,9th Grade,9th Grade
051341001103,Van Buren High School,Van Buren School District,Van Buren,1232,713,Yes participating without using any Provision or the CEO,false,10th Grade,12th Grade
050612000231,Vandergriff Elementary School,Fayetteville School District,Fayetteville,558,63,Yes participating without using any Provision or the CEO,false,Kindergarten,4th Grade
050306005130,Vaughn Elementary,Bentonville School District,Bentonville,647,142,Yes participating without using any Provision or the CEO,false,Kindergarten,4th Grade
051311001075,Vera Kilpatrick Elementary School,Texarkana School District,Texarkana,373,373,Yes under Community Eligibility Option (CEO),false,Kindergarten,5th Grade
051353001109,Vilonia Elementary School,Vilonia School District,Vilonia,579,340,Yes participating without using any Provision or the CEO,false,Prekindergarten,3rd Grade
051353001110,Vilonia High School,Vilonia School District,Vilonia,886,347,Yes participating without using any Provision or the CEO,false,9th Grade,12th Grade
051353000137,Vilonia Middle School,Vilonia School District,Vilonia,451,194,Yes participating without using any Provision or the CEO,true,7th Grade,8th Grade
051353001729,Vilonia Pathways Academy,Vilonia School District,Vilonia,69,22,Yes participating without using any Provision or the CEO,false,9th Grade,12th Grade
051353001430,Vilonia Primary School,Vilonia School District,Vilonia,361,192,Yes participating without using any Provision or the CEO,false,Kindergarten,3rd Grade
051356001111,Viola Elementary School,Viola School District,Viola,193,146,Yes under Provision 2,false,Kindergarten,6th Grade
051356001112,Viola High School,Viola School District,Viola,185,133,Yes under Provision 2,true,7th Grade,12th Grade
050828000550,Visual & Performing Arts Magnet,Jonesboro School District,Jonesboro,731,731,Yes under Community Eligibility Option (CEO),false,1st Grade,6th Grade
050900001385,Wakefield Elementary School,Little Rock School District,Little Rock,493,490,Yes under Provision 2,false,Kindergarten,5th Grade
051368001120,Waldron Elementary School,Waldron School District,Waldron,648,474,Yes participating without using any Provision or the CEO,false,Prekindergarten,4th Grade
051368001122,Waldron High School,Waldron School District,Waldron,401,268,Yes participating without using any Provision or the CEO,true,9th Grade,12th Grade
051368001121,Waldron Middle School,Waldron School District,Waldron,409,290,Yes participating without using any Provision or the CEO,true,5th Grade,8th Grade
051266001396,Walker Elementary School,Springdale School District,Springdale,605,433,Yes participating without using any Provision or the CEO,false,Prekindergarten,5th Grade
050004401123,Walker Pre-K Center,Magnolia School District,Magnolia,119,112,No,false,Prekindergarten,Prekindergarten
050008201186,Walnut Ridge Elementary School,Lawrence County School District,Walnut Ridge,630,385,Yes participating without using any Provision or the CEO,false,Prekindergarten,6th Grade
050008201216,Walnut Ridge High School,Lawrence County School District,Walnut Ridge,437,230,Yes participating without using any Provision or the CEO,true,7th Grade,12th Grade
050375000170,Ward Central Elementary,Cabot School District,Cabot,520,343,Yes participating without using any Provision or the CEO,false,Prekindergarten,4th Grade
050000601129,Warren Elementary School,Warren School District,Warren,412,345,Yes under Community Eligibility Option (CEO),false,Kindergarten,3rd Grade
050000601695,Warren High School,Warren School District,Warren,480,480,Yes under Community Eligibility Option (CEO),false,9th Grade,12th Grade
050000601334,Warren Middle School,Warren School District,Warren,331,330,Yes under Community Eligibility Option (CEO),true,6th Grade,8th Grade
050612000326,Washington Elementary School,Fayetteville School District,Fayetteville,293,144,Yes participating without using any Provision or the CEO,false,Kindergarten,4th Grade
050900001409,Washington Elementary School,Little Rock School District,Little Rock,315,312,Yes under Provision 2,false,Kindergarten,5th Grade
050306000074,Washington Junior High School,Bentonville School District,Bentonville,709,150,Yes participating without using any Provision or the CEO,false,7th Grade,8th Grade
050568000281,Washington Middle School,El Dorado School District,El Dorado,581,390,Yes under Provision 2,false,5th Grade,6th Grade
051393001140,Watson Chapel High School,Watson Chapel School District,Pine Bluff,593,347,Yes under Provision 2,false,9th Grade,12th Grade
051393001212,Watson Chapel Junior High School,Watson Chapel School District,Pine Bluff,334,224,Yes under Provision 2,false,6th Grade,8th Grade
050900001474,Watson Elementary School,Little Rock School District,Little Rock,383,380,Yes under Provision 2,false,Kindergarten,5th Grade
050813000537,Watson Primary School,Huntsville School District,Huntsville,516,400,Yes participating without using any Provision or the CEO,false,Prekindergarten,2nd Grade
050804000527,Weaver Elementary School,West Memphis School District,West Memphis,228,228,Yes under Community Eligibility Option (CEO),false,Kindergarten,6th Grade
050735001141,Weiner Elementary,Harrisburg School District,Weiner,126,123,Yes under Provision 2,false,Kindergarten,6th Grade
051401001143,West Fork Elementary School,West Fork School District,West Fork,249,110,Yes participating without using any Provision or the CEO,false,Kindergarten,4th Grade
051401001144,West Fork High School,West Fork School District,West Fork,264,100,Yes participating without using any Provision or the CEO,true,9th Grade,12th Grade
051401001145,West Fork Middle School,West Fork School District,West Fork,223,102,Yes participating without using any Provision or the CEO,true,5th Grade,8th Grade
050804000529,West Junior High School,West Memphis School District,West Memphis,461,461,Yes under Community Eligibility Option (CEO),true,7th Grade,9th Grade
050001900046,West Magnet Elementary School,Batesville School District,Batesville,599,489,Yes participating without using any Provision or the CEO,false,Kindergarten,5th Grade
051404001146,West Side Elementary School,WEST SIDE SCHOOL DISTRICT (Cleburne),Greers Ferry,284,284,Yes under Community Eligibility Option (CEO),false,Prekindergarten,6th Grade
051404001147,West Side High School,WEST SIDE SCHOOL DISTRICT (Cleburne),Greers Ferry,213,213,Yes under Community Eligibility Option (CEO),true,7th Grade,12th Grade
050732000445,Westbrook Elementary School,HARMONY GROVE SCHOOL DISTRICT (Saline),Benton,371,147,Yes participating without using any Provision or the CEO,false,Prekindergarten,3rd Grade
050007605160,Western Grove Elementary,Ozark Mountain School District,Western Grove,153,150,Yes under Provision 2,false,Kindergarten,6th Grade
050900000635,Western Hills Elementary School,Little Rock School District,Little Rock,202,199,Yes under Provision 2,false,Kindergarten,5th Grade
050004101312,Western Yell County Elementary School,Western Yell County School District,Belleville,157,154,Yes under Provision 2,false,Prekindergarten,6th Grade
050004101315,Western Yell County High School,Western Yell County School District,Belleville,141,138,Yes under Provision 2,false,7th Grade,12th Grade
050375001181,Westside Elementary School,Cabot School District,Cabot,424,281,Yes participating without using any Provision or the CEO,false,Prekindergarten,4th Grade
051402001266,Westside Elementary School,WESTSIDE SCHOOL DISTRICT (Johnson),Hartman,279,276,Yes under Provision 2,false,Prekindergarten,5th Grade
050402001353,Westside Elementary School,WESTSIDE CONSOLIDATED SCHOOL DISTRICT (Craighead),Jonesboro,756,416,Yes participating without using any Provision or the CEO,false,Prekindergarten,4th Grade
051197000960,Westside Elementary School,Rogers School District,Rogers,402,277,Yes participating without using any Provision or the CEO,false,Prekindergarten,5th Grade
051221001444,Westside Elementary School,Searcy School District,Searcy,398,184,Yes participating without using any Provision or the CEO,false,Prekindergarten,3rd Grade
051402001267,Westside High School,WESTSIDE SCHOOL DISTRICT (Johnson),Hartman,306,303,Yes under Provision 2,true,6th Grade,12th Grade
050402000146,Westside High School,WESTSIDE CONSOLIDATED SCHOOL DISTRICT (Craighead),Jonesboro,647,313,Yes participating without using any Provision or the CEO,true,8th Grade,12th Grade
050402000269,Westside Middle School,WESTSIDE CONSOLIDATED SCHOOL DISTRICT (Craighead),Jonesboro,414,247,Yes participating without using any Provision or the CEO,false,5th Grade,7th Grade
050044001740,Westwind School for Performing Arts School,Westwind School for Performing Arts,North Little Rock,86,55,Yes participating without using any Provision or the CEO,false,6th Grade,8th Grade
050699000179,Westwood Elementary School,Greenwood School District,Greenwood,839,310,Yes participating without using any Provision or the CEO,false,Prekindergarten,4th Grade
051266001029,Westwood Elementary School,Springdale School District,Springdale,498,429,Yes participating without using any Provision or the CEO,false,Prekindergarten,5th Grade
050417000155,White County Central Elementary School,White County Central School District,Judsonia,560,394,Yes participating without using any Provision or the CEO,false,Prekindergarten,6th Grade
050417000156,White County Central High School,White County Central School District,Judsonia,370,239,Yes participating without using any Provision or the CEO,false,7th Grade,12th Grade
051414001156,White Hall High School,White Hall School District,White Hall,954,549,Yes participating without using any Provision or the CEO,false,9th Grade,12th Grade
051414001247,White Hall Middle School,White Hall School District,White Hall,721,433,Yes participating without using any Provision or the CEO,true,6th Grade,8th Grade
051185000122,William Jefferson Clinton Elementary School,Pulaski County Special School District,Sherwood,586,427,Yes under Provision 2,false,Prekindergarten,5th Grade
050633000360,William O. Darby Middle School,Fort Smith School District,Fort Smith,711,589,Yes participating without using any Provision or the CEO,true,6th Grade,8th Grade
050900000636,Williams Magnet Elementary School,Little Rock School District,Little Rock,340,233,Yes participating without using any Provision or the CEO,false,Kindergarten,5th Grade
051266001453,Willis Shaw Elementary Sch,Springdale School District,Springdale,634,203,Yes participating without using any Provision or the CEO,false,Prekindergarten,5th Grade
050306001543,Willowbrook Elementary School,Bentonville School District,Bentonville,671,43,Yes participating without using any Provision or the CEO,false,Kindergarten,4th Grade
050924001327,Wilson Intermediate School,Malvern School District,Malvern,272,213,Yes participating without using any Provision or the CEO,false,5th Grade,6th Grade
050784000025,Wm. Jefferson Clinton Primary School,Hope School District,Hope,929,929,Yes under Community Eligibility Option (CEO),false,Prekindergarten,6th Grade
050804000532,Wonder Junior High School,West Memphis School District,West Memphis,511,511,Yes under Community Eligibility Option (CEO),true,7th Grade,9th Grade
051437001169,Wonderview Elementary School,Wonderview School District,Hattieville,242,154,Yes participating without using any Provision or the CEO,false,Prekindergarten,6th Grade
051437001170,Wonderview High School,Wonderview School District,Hattieville,226,138,Yes participating without using any Provision or the CEO,true,7th Grade,12th Grade
050612000327,Woodland Junior High School,Fayetteville School District,Fayetteville,765,228,Yes participating without using any Provision or the CEO,false,7th Grade,8th Grade
051440001171,Woodlawn Elementary School,Woodlawn School District,Rison,289,171,Yes participating without using any Provision or the CEO,false,Kindergarten,6th Grade
051440001172,Woodlawn High School,Woodlawn School District,Rison,261,136,Yes participating without using any Provision or the CEO,false,7th Grade,12th Grade
050459001486,Woodrow Cummins Elementary School,Conway School District,Conway,450,166,Yes participating without using any Provision or the CEO,false,Kindergarten,4th Grade
050001701292,Woodrow Wilson Elementary School,Paragould School District,Paragould,233,233,Yes under Community Eligibility Option (CEO),false,2nd Grade,4th Grade
051443001176,Wynne High School,Wynne School District,Wynne,723,370,Yes participating without using any Provision or the CEO,true,9th Grade,12th Grade
051443001173,Wynne Intermediate School,Wynne School District,Wynne,510,365,Yes participating without using any Provision or the CEO,false,3rd Grade,5th Grade
051443001174,Wynne Junior High School,Wynne School District,Wynne,561,378,Yes participating without using any Provision or the CEO,true,6th Grade,8th Grade
051443001175,Wynne Primary School,Wynne School District,Wynne,588,409,Yes participating without using any Provision or the CEO,false,Kindergarten,2nd Grade
051449001177,Yellville-Summit Elementary School,Yellville Summit School District,Yellville,442,439,Yes under Provision 2,false,Prekindergarten,4th Grade
051449001178,Yellville-Summit High School,Yellville Summit School District,Yellville,312,309,Yes under Provision 2,true,9th Grade,12th Grade
051449005136,Yellville-Summit Middle School,Yellville Summit School District,Yellville,287,284,Yes under Provision 2,false,5th Grade,8th Grade
050784000500,Yerger Junior High School,Hope School District,Hope,188,188,Yes under Community Eligibility Option (CEO),true,7th Grade,8th Grade
050568000285,Yocum Elementary School,El Dorado School District,El Dorado,580,522,Yes under Provision 2,false,Kindergarten,4th Grade
