nces_id,school_name,district_name,city_name,total_students,frl_eligible_students,national_school_lunch_program,admin_approved
080258006836,27J Online Academy,School District 27J,Brighton,336,,No,false
080336006756,5280 High School,School District No. 1 in the county of Denver and State of C,Denver,109,41,Yes participating without using any Provision or the CEO,true
080615006496,70 Online,Pueblo County School District 70,Pueblo,209,143,Yes participating without using any Provision or the CEO,false
080336000305,Abraham Lincoln High School,School District No. 1 in the county of Denver and State of C,Denver,965,858,Yes under Community Eligibility Option (CEO),true
080408000560,Abrams Elementary School,Fountain School District No. 8 in the county of El Paso an,Fort Carson,396,255,Yes participating without using any Provision or the CEO,false
080336001750,Academia Ana Marie Sandoval,School District No. 1 in the county of Denver and State of C,Denver,409,158,Yes under Community Eligibility Option (CEO),false
080336006592,Academy 360,School District No. 1 in the county of Denver and State of C,Denver,201,141,Yes under Community Eligibility Option (CEO),false
080345000492,Academy Charter School,Douglas County School District No. Re 1,Castle Rock,581,61,Yes participating without using any Provision or the CEO,false
080192001643,Academy Endeavour Elementary School,Academy School District No. 20 in the county of El Paso an,Colorado Springs,347,81,Yes participating without using any Provision or the CEO,false
080306006456,Academy for Advanced and Creative Learning,Colorado Springs School District No. 11 in the county of E,Colorado Springs,298,98,Yes participating without using any Provision or the CEO,false
080555001872,Academy High School,Mapleton School District No. 1 in the county of Adams & St,Thornton,399,297,Yes under Community Eligibility Option (CEO),false
080192001644,Academy International Elementary School,Academy School District No. 20 in the county of El Paso an,Colorado Springs,368,57,Yes participating without using any Provision or the CEO,false
080002006736,Academy of Advanced Learning,State Charter School Institute,Aurora,847,392,Yes under Community Eligibility Option (CEO),true
080002001998,Academy of Arts and Knowledge Elementary,State Charter School Institute,Ft Collins,240,114,Yes under Community Eligibility Option (CEO),false
080002000727,Academy of Charter Schools,State Charter School Institute,Westminster,1887,640,Yes under Community Eligibility Option (CEO),false
080525006678,Academy of Las Animas Online School,Las Animas School District No. Re-1,Pueblo,474,,No,true
080555002004,Achieve Academy,Mapleton School District No. 1 in the county of Adams & St,Thornton,370,280,Yes under Community Eligibility Option (CEO),true
080306006428,Achieve Online,Colorado Springs School District No. 11 in the county of E,Colorado Springs,342,220,Yes under Community Eligibility Option (CEO),false
080345000436,Acres Green Elementary School,Douglas County School District No. Re 1,Littleton,341,125,Yes under Community Eligibility Option (CEO),false
080195000010,Adams City High School,School District N. 14 in the county of Adams & State of Colo,Commerce City,1500,1277,Yes under Community Eligibility Option (CEO),true
080195000009,Adams City Middle School,School District N. 14 in the county of Adams & State of Colo,Commerce City,296,269,Yes under Community Eligibility Option (CEO),true
080306000239,Adams Elementary School,Colorado Springs School District No. 11 in the county of E,Colorado Springs,299,265,Yes under Community Eligibility Option (CEO),false
080480001446,Adams Elementary School,Jefferson County School District No. R-1,Westminster,310,130,Yes under Community Eligibility Option (CEO),false
080480006587,Addenbrooke Classical Academy,Jefferson County School District No. R-1,Lakewood,191,49,Yes participating without using any Provision or the CEO,false
080480006643,Addenbrooke Classical Grammar School,Jefferson County School District No. R-1,Lakewood,774,,No,false
080555001932,Adventure Elementary,Mapleton School District No. 1 in the county of Adams & St,Denver,429,300,Yes under Community Eligibility Option (CEO),false
080198000020,Agate Elementary School,Agate School District No. 300,Agate,53,23,Yes under Community Eligibility Option (CEO),false
080198000021,Agate Junior Senior High School,Agate School District No. 300,Agate,32,21,Yes under Community Eligibility Option (CEO),true
080201000022,Aguilar Elementary School,Aguilar Reorganized School District No. 6,Aguilar,79,65,Yes under Community Eligibility Option (CEO),false
080201000023,Aguilar Junior-Senior High School,Aguilar Reorganized School District No. 6,Aguilar,48,37,Yes under Community Eligibility Option (CEO),true
080192000002,Air Academy High School,Academy School District No. 20 in the county of El Paso an,Usaf Academy,1380,253,Yes participating without using any Provision or the CEO,false
080204000024,Akron Elementary School,Akron School District No. R-1,Akron,301,161,Yes under Community Eligibility Option (CEO),true
080204000025,Akron High School,Akron School District No. R-1,Akron,110,49,Yes under Community Eligibility Option (CEO),false
080480000691,Alameda International Junior/Senior High School,Jefferson County School District No. R-1,Lakewood,1002,655,Yes under Community Eligibility Option (CEO),true
080207006851,Alamosa Alternative Education School,Alamosa School District No. Re-11J,Alamosa,60,57,Yes under Community Eligibility Option (CEO),false
080207006459,Alamosa Elementary School 3-5,Alamosa School District No. Re-11J,Alamosa,473,384,Yes under Community Eligibility Option (CEO),false
080207006798,Alamosa Elementary School K-2,Alamosa School District No. Re-11J,Alamosa,437,331,Yes under Community Eligibility Option (CEO),false
080207000027,Alamosa High School,Alamosa School District No. Re-11J,Alamosa,568,414,Yes under Community Eligibility Option (CEO),true
080207006792,Alamosa Online,Alamosa School District No. Re-11J,Alamosa,29,,No,false
080654001132,Alice Terry Elementary School,Sheridan School District No. 2,Englewood,167,140,Yes under Community Eligibility Option (CEO),false
080249001403,Alicia Sanchez International School,Boulder Valley School District No. Re2,Lafayette,321,252,Yes under Community Eligibility Option (CEO),false
080387006725,Allies,El Paso County Colorado School District 49,Colorado Springs,124,45,Yes under Community Eligibility Option (CEO),false
080537001832,Alpine Elementary School,St. Vrain Valley School District No. Re1J,Longmont,388,217,Yes under Community Eligibility Option (CEO),false
080195000011,Alsup Elementary School,School District N. 14 in the county of Adams & State of Colo,Commerce City,492,420,Yes under Community Eligibility Option (CEO),false
080522000860,Alta Vista Charter School,Lamar School District No. Re-2,Lamar,133,59,Yes under Community Eligibility Option (CEO),false
080291006750,Altitude Elementary School,Cherry Creek School District No. 5 in the county of Arapah,Aurora,758,91,Yes under Community Eligibility Option (CEO),false
080537001886,Altona Middle School,St. Vrain Valley School District No. Re1J,Longmont,715,168,Yes participating without using any Provision or the CEO,false
080234000052,Altura Elementary School,Aurora Joint District No. 28 of the counties of Adams and A,Aurora,527,492,Yes under Community Eligibility Option (CEO),false
080345001896,American Academy,Douglas County School District No. Re 1,Castle Pines,2803,180,Yes participating without using any Provision or the CEO,false
080735006871,American Legacy Academy,Weld County Reorganized School District No. Re-4,Windsor,419,,No,false
080249000122,Angevine Middle School,Boulder Valley School District No. Re2,Lafayette,619,307,Yes under Community Eligibility Option (CEO),false
080002006418,Animas High School,State Charter School Institute,Durango,249,66,Yes under Community Eligibility Option (CEO),false
080348001066,Animas Valley Elementary School,Durango School District No. 9-R,Durango,185,70,Yes under Community Eligibility Option (CEO),false
080291001670,Antelope Ridge Elementary School,Cherry Creek School District No. 5 in the county of Arapah,Aurora,549,218,Yes under Community Eligibility Option (CEO),false
080192000123,Antelope Trails Elementary School,Academy School District No. 20 in the county of El Paso an,Colorado Springs,311,61,Yes participating without using any Provision or the CEO,false
080213000035,Antonito High School,South Conejos School District No. Re10,Antonito,58,40,Yes under Community Eligibility Option (CEO),true
080213001464,Antonito Middle School,South Conejos School District No. Re10,Antonito,24,21,Yes participating without using any Provision or the CEO,true
080435000597,Appleton Elementary School,Mesa County Valley School District No. 51,Grand Junction,439,164,Yes under Community Eligibility Option (CEO),false
080234006625,Aps Early Beginnings - a Zoom Site,Aurora Joint District No. 28 of the counties of Adams and A,Aurora,23,,No,false
080408000566,Aragon Elementary School,Fountain School District No. 8 in the county of El Paso an,Fountain,358,268,Yes under Community Eligibility Option (CEO),false
080531000873,Arapahoe High School,Littleton School District No. 6 in the county of Arapahoe,Centennial,1748,294,Yes participating without using any Provision or the CEO,false
080690001619,Arapahoe Ridge Elementary School,Adams 12 Five Star Schools,Westminster,465,263,Yes under Community Eligibility Option (CEO),false
080249001219,Arapahoe Ridge High School,Boulder Valley School District No. Re2,Boulder,184,134,Yes under Community Eligibility Option (CEO),true
080222000041,Arickaree Elementary School,Arickaree School District No. R-2,Anton,48,29,Yes under Community Eligibility Option (CEO),false
080222000042,Arickaree Undivided High School,Arickaree School District No. R-2,Anton,34,14,Yes under Community Eligibility Option (CEO),false
080234001296,Arkansas Elementary School,Aurora Joint District No. 28 of the counties of Adams and A,Aurora,432,324,Yes under Community Eligibility Option (CEO),false
080291000183,Arrowhead Elementary School,Cherry Creek School District No. 5 in the county of Arapah,Aurora,499,270,Yes under Community Eligibility Option (CEO),false
080345001757,Arrowwood Elementary School,Douglas County School District No. Re 1,Highlands Ranch,390,87,Yes under Community Eligibility Option (CEO),false
080480000694,Arvada High School,Jefferson County School District No. R-1,Arvada,754,535,Yes under Community Eligibility Option (CEO),true
080480000695,Arvada West High School,Jefferson County School District No. R-1,Arvada,1923,547,Yes under Community Eligibility Option (CEO),false
080336000307,Asbury Elementary School,School District No. 1 in the county of Denver and State of C,Denver,292,68,Yes under Community Eligibility Option (CEO),false
080028206842,Ascend College Prep,Education Reenvisioned BOCES,Colorado Springs,109,,No,false
080002006760,Ascent Classical Academy of Douglas County,State Charter School Institute,Lone Tree,852,,No,false
080002006877,Ascent Classical Academy of Grand Junction,State Charter School Institute,Grand Junction,457,251,Yes participating without using any Provision or the CEO,false
080002006796,Ascent Classical Academy of Northern Colorado,State Charter School Institute,Fort Collins,621,,No,false
080002006876,Ascent Classical Academy of Northern Denver,State Charter School Institute,Brighton,305,,No,false
080336000309,Ashley Elementary School,School District No. 1 in the county of Denver and State of C,Denver,387,333,Yes under Community Eligibility Option (CEO),false
080228001703,Aspen Community Charter School,Aspen School District No. 1 in the county of Pitkin and Sta,Woody Creek,135,,No,false
080249001758,Aspen Creek K-8 School,Boulder Valley School District No. Re2,Broomfield,844,211,Yes under Community Eligibility Option (CEO),false
080291001879,Aspen Crossing Elementary School,Cherry Creek School District No. 5 in the county of Arapah,Centennial,569,200,Yes under Community Eligibility Option (CEO),false
080228000045,Aspen Elementary School,Aspen School District No. 1 in the county of Pitkin and Sta,Aspen,449,,No,false
080228000047,Aspen High School,Aspen School District No. 1 in the county of Pitkin and Sta,Aspen,559,,No,false
080228000046,Aspen Middle School,Aspen School District No. 1 in the county of Pitkin and Sta,Aspen,414,,No,false
080228001982,Aspen Preschool,Aspen School District No. 1 in the county of Pitkin and Sta,Aspen,27,,No,false
080537006530,Aspen Ridge Preparatory School,St. Vrain Valley School District No. Re1J,Erie,581,63,Yes participating without using any Provision or the CEO,false
080192000858,Aspen Valley High School,Academy School District No. 20 in the county of El Paso an,Colorado Springs,90,42,Yes participating without using any Provision or the CEO,false
080345006588,Aspen View Academy,Douglas County School District No. Re 1,Castle Rock,1018,104,Yes participating without using any Provision or the CEO,false
080453006835,Aspire Online Academy,Harrison School District No. 2 in the county of El Paso an,Colorado Springs,98,,No,false
080270006749,Astravo Online Academy Elementary School,Byers School District No. 32J,Byers,645,,No,false
080270006548,Astravo Online Academy High School,Byers School District No. 32J,Byers,2750,,No,false
080270006755,Astravo Online Academy Middle School,Byers School District No. 32J,Byers,762,,No,false
080453006810,Atlas Preparatory Elementary School,Harrison School District No. 2 in the county of El Paso an,Colorado Springs,286,250,Yes under Community Eligibility Option (CEO),false
080453006425,Atlas Preparatory High School,Harrison School District No. 2 in the county of El Paso an,Colorado Springs,499,412,Yes under Community Eligibility Option (CEO),true
080453006691,Atlas Preparatory Middle School,Harrison School District No. 2 in the county of El Paso an,Colorado Springs,473,406,Yes under Community Eligibility Option (CEO),true
080306000222,Audubon Elementary School,Colorado Springs School District No. 11 in the county of E,Colorado Springs,222,159,Yes under Community Eligibility Option (CEO),false
080336001894,Aul Denver,School District No. 1 in the county of Denver and State of C,Denver,156,140,Yes under Community Eligibility Option (CEO),true
080234001759,Aurora Academy Charter School,Aurora Joint District No. 28 of the counties of Adams and A,Aurora,536,396,Yes under Community Eligibility Option (CEO),true
080234000056,Aurora Central Campus,Aurora Joint District No. 28 of the counties of Adams and A,Aurora,2468,2203,Yes under Community Eligibility Option (CEO),true
080234002009,Aurora Frontier K-8,Aurora Joint District No. 28 of the counties of Adams and A,Aurora,761,464,Yes under Community Eligibility Option (CEO),false
080234006870,Aurora Highlands K-8,Aurora Joint District No. 28 of the counties of Adams and A,Aurora,472,288,Yes under Community Eligibility Option (CEO),false
080234000054,Aurora Hills Middle School,Aurora Joint District No. 28 of the counties of Adams and A,Aurora,821,705,Yes under Community Eligibility Option (CEO),true
080234001674,Aurora Quest K-8,Aurora Joint District No. 28 of the counties of Adams and A,Aurora,575,246,Yes under Community Eligibility Option (CEO),false
080234006858,Aurora Science & Tech High School,Aurora Joint District No. 28 of the counties of Adams and A,Aurora,434,365,Yes under Community Eligibility Option (CEO),false
080234006787,Aurora Science & Tech Middle School,Aurora Joint District No. 28 of the counties of Adams and A,Aurora,448,384,Yes under Community Eligibility Option (CEO),false
080234000082,Aurora West College Preparatory Academy,Aurora Joint District No. 28 of the counties of Adams and A,Aurora,927,872,Yes under Community Eligibility Option (CEO),true
080264000159,Avery/Parsons Elementary School,Buena Vista School District No. R-31,Buena Vista,383,149,Yes under Community Eligibility Option (CEO),false
080354001530,Avon Elementary School,Eagle County School District No. Re 50,Avon,242,193,Yes under Community Eligibility Option (CEO),false
080615001069,Avondale Elementary School,Pueblo County School District 70,Avondale,156,118,Yes under Community Eligibility Option (CEO),false
080002006768,Axis International Academy,State Charter School Institute,Fort Collins,288,96,Yes under Community Eligibility Option (CEO),false
080234006399,Axl Academy,Aurora Joint District No. 28 of the counties of Adams and A,Aurora,402,320,Yes under Community Eligibility Option (CEO),true
080669006339,Ayres Elementary School,School District No. Re-1 Valley,Sterling,385,176,Yes under Community Eligibility Option (CEO),false
080540000924,B F Kitchen Elementary School,Thompson School District R-2J,Loveland,159,74,Yes under Community Eligibility Option (CEO),false
080333001893,Backpack Early Learning Academy,Delta County Joint District No. 50,Delta,188,96,Yes under Community Eligibility Option (CEO),false
080399001973,Bacon Elementary School,Poudre School District R-1,Fort Collins,397,107,Yes under Community Eligibility Option (CEO),false
080405006698,Baker Elementary School,School District No. Re-3 Fort Morgan,Fort Morgan,321,225,Yes under Community Eligibility Option (CEO),false
080399006827,Bamford Elementary School,Poudre School District R-1,Loveland,310,86,Yes under Community Eligibility Option (CEO),false
080387002027,Banning Lewis Ranch Academy,El Paso County Colorado School District 49,Colorado Springs,1697,263,Yes participating without using any Provision or the CEO,false
080336006521,Barney Ford Elementary School,School District No. 1 in the county of Denver and State of C,Denver,487,458,Yes under Community Eligibility Option (CEO),false
080336000311,Barnum Elementary School,School District No. 1 in the county of Denver and State of C,Denver,334,296,Yes under Community Eligibility Option (CEO),false
080561000966,Barone Middle School,Meeker School District Re1,Meeker,163,50,Yes under Community Eligibility Option (CEO),false
080426000582,Basalt Elementary School,Roaring Fork School District No. Re-1,Basalt,539,249,Yes participating without using any Provision or the CEO,false
080426000584,Basalt High School,Roaring Fork School District No. Re-1,Basalt,414,196,Yes participating without using any Provision or the CEO,false
080426000133,Basalt Middle School,Roaring Fork School District No. Re-1,Basalt,367,204,Yes participating without using any Provision or the CEO,false
080354000461,Battle Mountain High School,Eagle County School District No. Re 50,Edwards,916,432,Yes participating without using any Provision or the CEO,false
080309001093,Battle Rock Charter School,Montezuma-Cortez School District No. Re-1,Cortez,88,45,Yes under Community Eligibility Option (CEO),false
080399000519,Bauder Elementary School,Poudre School District R-1,Fort Collins,423,231,Yes under Community Eligibility Option (CEO),false
080240000090,Bayfield High School,Bayfield School District No. 10Jt-R,Bayfield,404,139,Yes under Community Eligibility Option (CEO),false
080240000088,Bayfield Intermediate School,Bayfield School District No. 10Jt-R,Bayfield,274,113,Yes under Community Eligibility Option (CEO),false
080240000089,Bayfield Middle School,Bayfield School District No. 10Jt-R,Bayfield,283,114,Yes under Community Eligibility Option (CEO),false
080240006747,Bayfield Primary School,Bayfield School District No. 10Jt-R,Bayfield,222,95,Yes under Community Eligibility Option (CEO),false
080438000630,Bea Underwood Elementary School,Grand Valley School District No. 16 in the county of Garfi,Parachute,390,269,Yes under Community Eligibility Option (CEO),false
080336000313,Beach Court Elementary School,School District No. 1 in the county of Denver and State of C,Denver,275,246,Yes under Community Eligibility Option (CEO),false
080345006159,Bear Canyon Elementary School,Douglas County School District No. Re 1,Highlands Ranch,368,47,Yes participating without using any Provision or the CEO,false
080249000099,Bear Creek Elementary School,Boulder Valley School District No. Re2,Boulder,318,24,Yes participating without using any Provision or the CEO,false
080582001371,Bear Creek Elementary School,Lewis-Palmer Consolidated School District No. 38 in the co,Monument,869,177,Yes participating without using any Provision or the CEO,false
080480000697,Bear Creek High School,Jefferson County School District No. R-1,Lakewood,1344,655,Yes participating without using any Provision or the CEO,false
080480000696,Bear Creek K-8 School,Jefferson County School District No. R-1,Lakewood,863,436,Yes under Community Eligibility Option (CEO),false
080336006682,Bear Valley International School,School District No. 1 in the county of Denver and State of C,Denver,313,243,Yes under Community Eligibility Option (CEO),true
080399000520,Beattie Elementary School,Poudre School District R-1,Fort Collins,302,152,Yes under Community Eligibility Option (CEO),false
080261000155,Beaver Valley Elementary School,School District No. Re-2 Brush,Brush,290,193,Yes under Community Eligibility Option (CEO),false
080309000235,Beech Street Preschool,Montezuma-Cortez School District No. Re-1,Cortez,70,39,Yes under Community Eligibility Option (CEO),false
080480000698,Bell Middle School,Jefferson County School District No. R-1,Golden,774,206,Yes under Community Eligibility Option (CEO),false
080441001990,Bella Romero Academy of Applied Technology,GreeleySchool District No. 6 in the county of Weld and Sta,Greeley,876,698,Yes under Community Eligibility Option (CEO),true
080258001948,Belle Creek Charter School,School District 27J,Henderson,519,287,Yes under Community Eligibility Option (CEO),false
080291000184,Belleview Elementary School,Cherry Creek School District No. 5 in the county of Arapah,Greenwood Village,577,171,Yes under Community Eligibility Option (CEO),false
080480000699,Belmar School of Integrated Arts,Jefferson County School District No. R-1,Lakewood,293,143,Yes under Community Eligibility Option (CEO),false
080612001029,Belmont Elementary School,Pueblo School District No. 60 in the county of Pueblo and,Pueblo,394,314,Yes under Community Eligibility Option (CEO),false
080345006492,Ben Franklin Academy,Douglas County School District No. Re 1,Highlands Ranch,956,79,Yes participating without using any Provision or the CEO,false
080360001986,Benjamin Eaton Elementary School,Weld County School District No. Re-2,Eaton,357,110,Yes under Community Eligibility Option (CEO),false
080243000091,Bennett Elementary School,Bennett School District No. 29J,Bennett,251,105,Yes under Community Eligibility Option (CEO),false
080399000521,Bennett Elementary School,Poudre School District R-1,Fort Collins,362,176,Yes under Community Eligibility Option (CEO),false
080243000092,Bennett High School,Bennett School District No. 29J,Bennett,431,128,Yes under Community Eligibility Option (CEO),false
080243006789,Bennett Intermediate School,Bennett School District No. 29J,Bennett,256,111,Yes participating without using any Provision or the CEO,false
080243000093,Bennett Middle School,Bennett School District No. 29J,Bennett,281,120,Yes under Community Eligibility Option (CEO),false
080243001751,Bennett Preschool,Bennett School District No. 29J,Bennett,79,,No,false
080387006766,Bennett Ranch Elementary School,El Paso County Colorado School District 49,Peyton,376,119,Yes under Community Eligibility Option (CEO),false
080480001603,Bergen Elementary School,Jefferson County School District No. R-1,Evergreen,456,54,Yes participating without using any Provision or the CEO,false
080354001531,Berry Creek Middle School,Eagle County School District No. Re 50,Edwards,212,139,Yes under Community Eligibility Option (CEO),true
080540006824,Berthoud Early Childhood,Thompson School District R-2J,Berthoud,26,9,Yes under Community Eligibility Option (CEO),false
080540000926,Berthoud Elementary School,Thompson School District R-2J,Berthoud,495,83,Yes under Community Eligibility Option (CEO),false
080540000927,Berthoud High School,Thompson School District R-2J,Berthoud,722,106,Yes under Community Eligibility Option (CEO),false
080612001031,Bessemer Elementary School,Pueblo School District No. 60 in the county of Pueblo and,Pueblo,248,212,Yes under Community Eligibility Option (CEO),false
080399006380,Bethke Elementary School,Poudre School District R-1,Timnath,512,41,Yes under Community Eligibility Option (CEO),false
080246000095,Bethune Public Schools,Bethune School District No. R- 5,Bethune,99,71,Yes under Community Eligibility Option (CEO),true
080615001071,Beulah Elementary School,Pueblo County School District 70,Beulah,88,52,Yes under Community Eligibility Option (CEO),false
080612001032,Beulah Heights Elementary School,Pueblo School District No. 60 in the county of Pueblo and,Pueblo,264,225,Yes under Community Eligibility Option (CEO),false
080615001072,Beulah Middle School,Pueblo County School District 70,Beulah,48,23,Yes under Community Eligibility Option (CEO),false
080540000928,Big Thompson Elementary School,Thompson School District R-2J,Loveland,179,44,Yes under Community Eligibility Option (CEO),false
080576000985,Bill Metz Elementary School,Monte Vista School District No. C-8,Monte Vista,253,192,Yes under Community Eligibility Option (CEO),false
080540000929,Bill Reed Middle School,Thompson School District R-2J,Loveland,530,249,Yes under Community Eligibility Option (CEO),false
080249000100,Birch Elementary School,Boulder Valley School District No. Re2,Broomfield,299,112,Yes under Community Eligibility Option (CEO),false
080579006855,Black Canyon High School,Montrose County School District Re-1J,Montrose,100,81,Yes under Community Eligibility Option (CEO),false
080291006544,Black Forest Hills Elementary School,Cherry Creek School District No. 5 in the county of Arapah,Aurora,500,90,Yes under Community Eligibility Option (CEO),false
080537006409,Black Rock Elementary,St. Vrain Valley School District No. Re1J,Erie,597,115,Yes under Community Eligibility Option (CEO),false
080399000522,Blevins Middle School,Poudre School District R-1,Fort Collins,363,189,Yes under Community Eligibility Option (CEO),false
080480001919,Blue Heron Elementary School,Jefferson County School District No. R-1,Littleton,325,100,Yes under Community Eligibility Option (CEO),false
080537006381,Blue Mountain Elementary,St. Vrain Valley School District No. Re1J,Longmont,542,93,Yes participating without using any Provision or the CEO,false
080399000523,Boltz Middle School,Poudre School District R-1,Fort Collins,551,271,Yes under Community Eligibility Option (CEO),false
080435000598,Bookcliff Middle School,Mesa County Valley School District No. 51,Grand Junction,525,381,Yes under Community Eligibility Option (CEO),true
080234000055,Boston K-8 School,Aurora Joint District No. 28 of the counties of Adams and A,Aurora,413,395,Yes under Community Eligibility Option (CEO),true
080249001630,Boulder Community School/Integrated Studies,Boulder Valley School District No. Re2,Boulder,255,,No,false
080249000101,Boulder High School,Boulder Valley School District No. Re2,Boulder,1939,669,Yes under Community Eligibility Option (CEO),false
080249001631,Boulder Prep Charter High School,Boulder Valley School District No. Re2,Boulder,114,,No,false
080249006463,Boulder Universal,Boulder Valley School District No. Re2,Boulder,231,,No,false
080612001033,Bradford Elementary School,Pueblo School District No. 60 in the county of Pueblo and,Pueblo,252,225,Yes under Community Eligibility Option (CEO),false
080480000913,Bradford K8 North,Jefferson County School District No. R-1,Littleton,350,28,Yes participating without using any Provision or the CEO,false
080480006164,Bradford K8 South,Jefferson County School District No. R-1,Littleton,371,15,Yes under Community Eligibility Option (CEO),false
080336000317,Bradley International School,School District No. 1 in the county of Denver and State of C,Denver,574,242,Yes under Community Eligibility Option (CEO),false
080480001907,Brady Exploration School,Jefferson County School District No. R-1,Lakewood,294,198,Yes under Community Eligibility Option (CEO),true
080252000141,Branson School,Branson Reorganized School District No. 82,Branson,67,42,Yes under Community Eligibility Option (CEO),false
080252001728,Branson School Online,Branson Reorganized School District No. 82,Branson,398,,No,false
080258006549,Brantner Elementary School,School District 27J,Thornton,574,235,Yes under Community Eligibility Option (CEO),false
080681001166,Breckenridge Elementary School,Summit School District No. Re 1,Breckenridge,205,23,Yes participating without using any Provision or the CEO,false
080441000634,Brentwood Middle School,GreeleySchool District No. 6 in the county of Weld and Sta,Greeley,564,418,Yes under Community Eligibility Option (CEO),true
080453001314,Bricker Elementary School,Harrison School District No. 2 in the county of El Paso an,Colorado Springs,269,222,Yes under Community Eligibility Option (CEO),false
080426001596,Bridges,Roaring Fork School District No. Re-1,Carbondale,68,46,Yes participating without using any Provision or the CEO,false
080255000142,Briggsdale Elementary School,School District No. Re-10 in the county of Weld and State o,Briggsdale,79,16,Yes participating without using any Provision or the CEO,false
080255000143,Briggsdale Undivided High School,School District No. Re-10 in the county of Weld and State o,Briggsdale,93,30,Yes participating without using any Provision or the CEO,false
080258006377,Bright Beginnings,School District 27J,Brighton,72,,No,false
080690006845,Bright Horizons Preschool,Adams 12 Five Star Schools,Thornton,36,,No,false
080258000144,Brighton High School,School District 27J,Brighton,1733,965,Yes under Community Eligibility Option (CEO),false
080306000224,Bristol Elementary School,Colorado Springs School District No. 11 in the county of E,Colorado Springs,267,153,Yes under Community Eligibility Option (CEO),false
080294000212,Broadmoor Elementary School,Cheyenne Mountain School District No. 12 in the county of E,Colorado Springs,327,60,Yes participating without using any Provision or the CEO,false
080435000599,Broadway Elementary School,Mesa County Valley School District No. 51,Grand Junction,300,96,Yes under Community Eligibility Option (CEO),false
080258001729,Bromley East Charter School,School District 27J,Brighton,1214,480,Yes under Community Eligibility Option (CEO),false
080336000318,Bromwell Elementary School,School District No. 1 in the county of Denver and State of C,Denver,329,69,Yes under Community Eligibility Option (CEO),false
080249000102,Broomfield Heights Middle School,Boulder Valley School District No. Re2,Broomfield,490,168,Yes under Community Eligibility Option (CEO),false
080249000103,Broomfield High School,Boulder Valley School District No. Re2,Broomfield,1693,418,Yes participating without using any Provision or the CEO,false
080336000319,Brown International Academy,School District No. 1 in the county of Denver and State of C,Denver,530,166,Yes participating without using any Provision or the CEO,false
080336001869,Bruce Randolph School,School District No. 1 in the county of Denver and State of C,Denver,663,587,Yes under Community Eligibility Option (CEO),true
080354001722,Brush Creek Elementary School,Eagle County School District No. Re 50,Eagle,341,51,Yes under Community Eligibility Option (CEO),false
080261000154,Brush High School,School District No. Re-2 Brush,Brush,350,192,Yes under Community Eligibility Option (CEO),false
080261000153,Brush Middle School,School District No. Re-2 Brush,Brush,328,215,Yes under Community Eligibility Option (CEO),true
080336000320,Bryant Webster Dual Language Ece-8 School,School District No. 1 in the county of Denver and State of C,Denver,454,326,Yes under Community Eligibility Option (CEO),true
080306000225,Buena Vista Elementary School,Colorado Springs School District No. 11 in the county of E,Colorado Springs,194,68,Yes participating without using any Provision or the CEO,false
080264000157,Buena Vista High School,Buena Vista School District No. R-31,Buena Vista,256,90,Yes under Community Eligibility Option (CEO),false
080264000158,Buena Vista Middle School,Buena Vista School District No. R-31,Buena Vista,211,68,Yes under Community Eligibility Option (CEO),false
080345001577,Buffalo Ridge Elementary School,Douglas County School District No. Re 1,Castle Rock,524,69,Yes participating without using any Provision or the CEO,false
080291006301,Buffalo Trail Elementary School,Cherry Creek School District No. 5 in the county of Arapah,Aurora,632,241,Yes participating without using any Provision or the CEO,false
080267000160,Burlington Elementary School,Burlington Public School District No. RE-6J,Burlington,320,183,Yes under Community Eligibility Option (CEO),false
080537000896,Burlington Elementary School,St. Vrain Valley School District No. Re1J,Longmont,320,196,Yes under Community Eligibility Option (CEO),false
080267000162,Burlington High School,Burlington Public School District No. RE-6J,Burlington,216,138,Yes under Community Eligibility Option (CEO),false
080267000161,Burlington Middle School,Burlington Public School District No. RE-6J,Burlington,206,134,Yes under Community Eligibility Option (CEO),true
080270000163,Byers Elementary School,Byers School District No. 32J,Byers,275,104,Yes under Community Eligibility Option (CEO),false
080270000164,Byers Junior-Senior High School,Byers School District No. 32J,Byers,235,75,Yes under Community Eligibility Option (CEO),false
080576000984,Byron Syring Delta Center,Monte Vista School District No. C-8,Monte Vista,51,44,Yes under Community Eligibility Option (CEO),true
080399000525,Cache La Poudre Elementary School,Poudre School District R-1,Laporte,281,140,Yes under Community Eligibility Option (CEO),false
080399000524,Cache La Poudre Middle School,Poudre School District R-1,Laporte,280,89,Yes under Community Eligibility Option (CEO),false
080624001099,Cactus Valley Elementary School,Garfield School District No. Re-2,Silt,462,190,Yes under Community Eligibility Option (CEO),false
080273000167,Calhan Elementary School,Calhan District No. RJ1,Calhan,201,107,Yes under Community Eligibility Option (CEO),false
080273000168,Calhan Secondary School,Calhan District No. RJ1,Calhan,213,106,Yes under Community Eligibility Option (CEO),false
080669001361,Caliche Elementary School,School District No. Re-1 Valley,Iliff,139,68,Yes under Community Eligibility Option (CEO),false
080669001147,Caliche Junior-Senior High School,School District No. Re-1 Valley,Iliff,104,44,Yes under Community Eligibility Option (CEO),false
080480006872,Campbell Early Learning Center,Jefferson County School District No. R-1,Arvada,198,32,Yes under Community Eligibility Option (CEO),false
080669006323,Campbell Elementary School,School District No. Re-1 Valley,Sterling,347,227,Yes under Community Eligibility Option (CEO),false
080276000169,Campo Elementary School,Campo School District No. Re-6,Campo,32,18,Yes under Community Eligibility Option (CEO),false
080276000170,Campo Undivided High School,Campo School District No. Re-6,Campo,15,8,Yes under Community Eligibility Option (CEO),true
080291000185,Campus Middle School,Cherry Creek School District No. 5 in the county of Arapah,Greenwood Village,1311,283,Yes participating without using any Provision or the CEO,false
080279000172,Canon City High School,Fremont Re-1,Canon City,936,464,Yes participating without using any Provision or the CEO,false
080279000171,Canon City Middle School,Fremont Re-1,Canon City,382,203,Yes under Community Eligibility Option (CEO),true
080294000213,Canon Elementary School,Cheyenne Mountain School District No. 12 in the county of E,Colorado Springs,140,23,Yes under Community Eligibility Option (CEO),false
080279001433,Canon Exploratory School,Fremont Re-1,Canon City,316,168,Yes under Community Eligibility Option (CEO),true
080291001831,Canyon Creek Elementary School,Cherry Creek School District No. 5 in the county of Arapah,Aurora,477,185,Yes under Community Eligibility Option (CEO),false
080002006305,Caprock Academy,State Charter School Institute,Grand Junction,871,,No,false
080537001887,Carbon Valley Academy,St. Vrain Valley School District No. Re1J,Frederick,245,122,Yes under Community Eligibility Option (CEO),false
080426001505,Carbondale Community Charter School,Roaring Fork School District No. Re-1,Carbondale,143,53,Yes participating without using any Provision or the CEO,false
080426000586,Carbondale Middle School,Roaring Fork School District No. Re-1,Carbondale,362,176,Yes participating without using any Provision or the CEO,false
080492001760,Cardinal Community Academy Charter School,Weld County School District RE-3J,Keenesburg,182,,No,false
080435006487,Career Center Preschool,Mesa County Valley School District No. 51,Grand Junction,53,,No,false
080336000322,Career Education Center Early College,School District No. 1 in the county of Denver and State of C,Denver,468,400,Yes under Community Eligibility Option (CEO),true
080453006535,Career Readiness Academy,Harrison School District No. 2 in the county of El Paso an,Colorado Springs,69,59,Yes under Community Eligibility Option (CEO),true
080300000218,Carlson Elementary School,Clear Creek School District No. Re-1,Idaho Springs,144,62,Yes under Community Eligibility Option (CEO),false
080453000662,Carmel Community School,Harrison School District No. 2 in the county of El Paso an,Colorado Springs,490,429,Yes under Community Eligibility Option (CEO),true
080480000703,Carmody Middle School,Jefferson County School District No. R-1,Lakewood,550,285,Yes under Community Eligibility Option (CEO),false
080540001352,Carrie Martin Elementary School,Thompson School District R-2J,Loveland,247,80,Yes under Community Eligibility Option (CEO),false
080336000323,Carson Elementary School,School District No. 1 in the county of Denver and State of C,Denver,412,73,Yes participating without using any Provision or the CEO,false
080408000561,Carson Middle School,Fountain School District No. 8 in the county of El Paso an,Fort Carson,657,257,Yes participating without using any Provision or the CEO,false
080306000226,Carver Elementary School,Colorado Springs School District No. 11 in the county of E,Colorado Springs,205,161,Yes under Community Eligibility Option (CEO),false
080249000106,Casey Middle School,Boulder Valley School District No. Re2,Boulder,363,236,Yes under Community Eligibility Option (CEO),false
080345000437,Castle Rock Elementary School,Douglas County School District No. Re 1,Castle Rock,440,141,Yes under Community Eligibility Option (CEO),false
080345000438,Castle Rock Middle School,Douglas County School District No. Re 1,Castle Rock,660,171,Yes under Community Eligibility Option (CEO),false
080345001918,Castle View High School,Douglas County School District No. Re 1,Castle Rock,1938,344,Yes participating without using any Provision or the CEO,false
080336000424,Castro Elementary School,School District No. 1 in the county of Denver and State of C,Denver,241,221,Yes under Community Eligibility Option (CEO),false
080615001854,Cedar Ridge Elementary School,Pueblo County School District 70,Pueblo West,458,181,Yes under Community Eligibility Option (CEO),false
080333000293,Cedaredge Elementary School,Delta County Joint District No. 50,Cedaredge,346,207,Yes under Community Eligibility Option (CEO),false
080333001335,Cedaredge High School,Delta County Joint District No. 50,Cedaredge,280,137,Yes under Community Eligibility Option (CEO),false
080333001334,Cedaredge Middle School,Delta County Joint District No. 50,Cedaredge,154,100,Yes under Community Eligibility Option (CEO),true
080510000843,Centauri High School,North Conejos School District No. Re1J,La Jara,301,152,Yes under Community Eligibility Option (CEO),false
080510000842,Centauri Middle School,North Conejos School District No. Re1J,La Jara,211,136,Yes under Community Eligibility Option (CEO),true
080249000107,Centaurus High School,Boulder Valley School District No. Re2,Lafayette,1557,479,Yes under Community Eligibility Option (CEO),false
080336000324,Centennial a School for Expeditionary Learning,School District No. 1 in the county of Denver and State of C,Denver,477,133,Yes participating without using any Provision or the CEO,false
080531000874,Centennial Academy of Fine Arts Education,Littleton School District No. 6 in the county of Arapahoe,Littleton,334,149,Yes under Community Eligibility Option (CEO),false
089920006526,Centennial BOCES High School,Centennial BOCES,Greeley,82,,No,false
080537006397,Centennial Elementary,St. Vrain Valley School District No. Re1J,Firestone,525,178,Yes participating without using any Provision or the CEO,false
080690001173,Centennial Elementary School,Adams 12 Five Star Schools,Broomfield,293,223,Yes under Community Eligibility Option (CEO),false
080453000663,Centennial Elementary School,Harrison School District No. 2 in the county of El Paso an,Colorado Springs,340,298,Yes under Community Eligibility Option (CEO),false
080441000636,Centennial Elementary School,GreeleySchool District No. 6 in the county of Weld and Sta,Evans,481,385,Yes under Community Eligibility Option (CEO),false
080540000931,Centennial Elementary School,Thompson School District R-2J,Loveland,324,99,Yes under Community Eligibility Option (CEO),false
080399000517,Centennial High School,Poudre School District R-1,Fort Collins,118,89,Yes under Community Eligibility Option (CEO),false
080612001035,Centennial High School,Pueblo School District No. 60 in the county of Pueblo and,Pueblo,801,564,Yes under Community Eligibility Option (CEO),true
080249000108,Centennial Middle School,Boulder Valley School District No. Re2,Boulder,598,198,Yes under Community Eligibility Option (CEO),false
080579000987,Centennial Middle School,Montrose County School District Re-1J,Montrose,540,287,Yes under Community Eligibility Option (CEO),true
080636001416,Centennial School,Centennial School District No. R-1,San Luis,186,170,Yes under Community Eligibility Option (CEO),true
080336006477,Center for Talent Development at Greenlee,School District No. 1 in the county of Denver and State of C,Denver,244,215,Yes under Community Eligibility Option (CEO),false
080285000179,Center High School,Center Consolidated School District No. 26 Jt. of the count,Center,153,140,Yes under Community Eligibility Option (CEO),true
080285006513,Center Virtual Academy,Center Consolidated School District No. 26 Jt. of the count,Center,23,,No,true
080195000012,Central Elementary School,School District N. 14 in the county of Adams & State of Colo,Commerce City,421,381,Yes under Community Eligibility Option (CEO),false
080537000897,Central Elementary School,St. Vrain Valley School District No. Re1J,Longmont,344,107,Yes under Community Eligibility Option (CEO),false
080435000600,Central High School,Mesa County Valley School District No. 51,Grand Junction,1352,788,Yes under Community Eligibility Option (CEO),false
080612001037,Central High School,Pueblo School District No. 60 in the county of Pueblo and,Pueblo,1145,749,Yes under Community Eligibility Option (CEO),true
080690001620,Century Middle School,Adams 12 Five Star Schools,Thornton,717,355,Yes under Community Eligibility Option (CEO),false
080264006155,Chaffee County High School,Buena Vista School District No. R-31,Buena Vista,15,11,Yes under Community Eligibility Option (CEO),false
080291000763,Challenge School,Cherry Creek School District No. 5 in the county of Arapah,Denver,560,97,Yes participating without using any Provision or the CEO,false
080345001874,Challenge to Excellence Charter School,Douglas County School District No. Re 1,Parker,551,35,Yes participating without using any Provision or the CEO,false
080192000001,Challenger Middle School,Academy School District No. 20 in the county of El Paso an,Colorado Springs,696,117,Yes under Community Eligibility Option (CEO),false
080345001578,Chaparral High School,Douglas County School District No. Re 1,Parker,2007,432,Yes participating without using any Provision or the CEO,false
080441000637,Chappelow K-8 Magnet School,GreeleySchool District No. 6 in the county of Weld and Sta,Evans,693,466,Yes under Community Eligibility Option (CEO),false
080378000486,Charles Hay World School,Englewood School District No. 1 in the county of Arapahoe,Englewood,271,143,Yes under Community Eligibility Option (CEO),false
080336000400,Charles M. Schenck (Cms) Community School,School District No. 1 in the county of Denver and State of C,Denver,339,296,Yes under Community Eligibility Option (CEO),false
080435000601,Chatfield Elementary School,Mesa County Valley School District No. 51,Grand Junction,371,232,Yes under Community Eligibility Option (CEO),false
080480001383,Chatfield High School,Jefferson County School District No. R-1,Littleton,1808,331,Yes participating without using any Provision or the CEO,false
080612001730,Chavez/Huerta K-12 Preparatory Academy,Pueblo School District No. 60 in the county of Pueblo and,Pueblo,844,737,Yes under Community Eligibility Option (CEO),true
080336000325,Cheltenham Elementary School,School District No. 1 in the county of Denver and State of C,Denver,373,318,Yes under Community Eligibility Option (CEO),false
080288000182,Cheraw School,Cheraw School District No. 31 in the county of Otero and S,Cheraw,209,97,Yes participating without using any Provision or the CEO,true
080345001497,Cherokee Trail Elementary School,Douglas County School District No. Re 1,Parker,553,189,Yes under Community Eligibility Option (CEO),false
080291001951,Cherokee Trail High School,Cherry Creek School District No. 5 in the county of Arapah,Aurora,3089,651,Yes participating without using any Provision or the CEO,false
080378000488,Cherrelyn Elementary School,Englewood School District No. 1 in the county of Arapahoe,Englewood,224,137,Yes under Community Eligibility Option (CEO),false
080291001152,Cherry Creek Charter Academy,Cherry Creek School District No. 5 in the county of Arapah,Greenwood Village,594,98,Yes under Community Eligibility Option (CEO),false
080291006791,Cherry Creek Elevation,Cherry Creek School District No. 5 in the county of Arapah,Centennial,248,,No,false
080291000186,Cherry Creek High School,Cherry Creek School District No. 5 in the county of Arapah,Greenwood Village,3852,780,Yes participating without using any Provision or the CEO,false
080690001290,Cherry Drive Elementary School,Adams 12 Five Star Schools,Thornton,325,194,Yes under Community Eligibility Option (CEO),false
080291000187,Cherry Hills Village Elementary School,Cherry Creek School District No. 5 in the county of Arapah,Cherry Hills Village,491,48,Yes participating without using any Provision or the CEO,false
080345000439,Cherry Valley Elementary School,Douglas County School District No. Re 1,Franktown,25,9,Yes participating without using any Provision or the CEO,false
080294001391,Cheyenne Mountain Elementary School,Cheyenne Mountain School District No. 12 in the county of E,Colorado Springs,324,33,Yes participating without using any Provision or the CEO,false
080294000211,Cheyenne Mountain High School,Cheyenne Mountain School District No. 12 in the county of E,Colorado Springs,1275,229,Yes participating without using any Provision or the CEO,false
080294000209,Cheyenne Mountain Junior High School,Cheyenne Mountain School District No. 12 in the county of E,Colorado Springs,604,130,Yes participating without using any Provision or the CEO,false
080000100214,Cheyenne Wells Elementary School,Cheyenne County School District No. Re-5,Cheyenne Wells,90,48,Yes under Community Eligibility Option (CEO),false
080000100215,Cheyenne Wells Junior/High School,Cheyenne County School District No. Re-5,Cheyenne Wells,84,46,Yes under Community Eligibility Option (CEO),false
080309006622,Children's Kiva Montessori School,Montezuma-Cortez School District No. Re-1,Cortez,130,85,Yes under Community Eligibility Option (CEO),true
080192006329,Chinook Trail Elementary School,Academy School District No. 20 in the county of El Paso an,Colorado Springs,632,107,Yes participating without using any Provision or the CEO,false
080192006788,Chinook Trail Middle School,Academy School District No. 20 in the county of El Paso an,Colorado Springs,1075,182,Yes participating without using any Provision or the CEO,false
080306001435,Chipeta Elementary School,Colorado Springs School District No. 11 in the county of E,Colorado Springs,395,110,Yes participating without using any Provision or the CEO,false
080435006374,Chipeta Elementary School,Mesa County Valley School District No. 51,Grand Junction,364,278,Yes under Community Eligibility Option (CEO),false
080291001297,Cimarron Elementary School,Cherry Creek School District No. 5 in the county of Arapah,Aurora,393,257,Yes under Community Eligibility Option (CEO),false
080345006404,Cimarron Middle,Douglas County School District No. Re 1,Parker,1052,155,Yes participating without using any Provision or the CEO,false
080306001589,Civa Charter Academy,Colorado Springs School District No. 11 in the county of E,Colorado Springs,174,68,Yes participating without using any Provision or the CEO,false
080483006829,Civica Colorado,Weld County School District No. Re-5J,Milliken,157,42,Yes under Community Eligibility Option (CEO),false
080234000083,Clara Brown Entrepreneurial Academy,Aurora Joint District No. 28 of the counties of Adams and A,Aurora,282,209,Yes under Community Eligibility Option (CEO),false
080378000489,Clayton Elementary School,Englewood School District No. 1 in the county of Arapahoe,Englewood,402,258,Yes under Community Eligibility Option (CEO),false
080555002016,Clayton Partnership School,Mapleton School District No. 1 in the county of Adams & St,Thornton,430,334,Yes under Community Eligibility Option (CEO),true
080300000217,Clear Creek High School,Clear Creek School District No. Re-1,Evergreen,182,58,Yes participating without using any Provision or the CEO,false
080300006157,Clear Creek Middle School,Clear Creek School District No. Re-1,Evergreen,79,19,Yes under Community Eligibility Option (CEO),false
080345006392,Clear Sky Elementary,Douglas County School District No. Re 1,Castle Rock,627,151,Yes participating without using any Provision or the CEO,false
080435000602,Clifton Elementary School,Mesa County Valley School District No. 51,Clifton,346,261,Yes under Community Eligibility Option (CEO),false
080519006802,Cloud City High School,Lake County School District No. R-1,Leadville,35,28,Yes under Community Eligibility Option (CEO),false
080234000057,Clyde Miller K-8,Aurora Joint District No. 28 of the counties of Adams and A,Aurora,466,411,Yes under Community Eligibility Option (CEO),true
080249001376,Coal Creek Elementary School,Boulder Valley School District No. Re2,Louisville,313,58,Yes under Community Eligibility Option (CEO),false
080624001906,Coal Ridge High School,Garfield School District No. Re-2,New Castle,578,232,Yes under Community Eligibility Option (CEO),false
080537001774,Coal Ridge Middle School,St. Vrain Valley School District No. Re1J,Firestone,727,232,Yes under Community Eligibility Option (CEO),false
080336006364,Cole Arts and Science Academy,School District No. 1 in the county of Denver and State of C,Denver,275,230,Yes under Community Eligibility Option (CEO),false
080336000327,Colfax Elementary School,School District No. 1 in the county of Denver and State of C,Denver,280,250,Yes under Community Eligibility Option (CEO),false
080336000328,College View Elementary School,School District No. 1 in the county of Denver and State of C,Denver,368,343,Yes under Community Eligibility Option (CEO),false
080480001036,Collegiate Academy of Colorado,Jefferson County School District No. R-1,Littleton,245,73,Yes under Community Eligibility Option (CEO),false
080258006488,Colorado Connections @ 27J,School District 27J,Englewood,2042,,No,false
080002006710,Colorado Early Colleges Aurora,State Charter School Institute,Aurora,567,437,Yes under Community Eligibility Option (CEO),true
080002006310,Colorado Early Colleges Colorado Springs,State Charter School Institute,Colorado Springs,677,264,Yes under Community Eligibility Option (CEO),false
080002006634,Colorado Early Colleges Douglas County,State Charter School Institute,Englewood,1035,199,Yes participating without using any Provision or the CEO,false
080002006542,Colorado Early Colleges Fort Collins,State Charter School Institute,Fort Collins,971,325,Yes under Community Eligibility Option (CEO),false
080002006867,Colorado Early Colleges Online Campus,State Charter School Institute,Englewood,404,,No,false
080002006779,Colorado Early Colleges Windsor,State Charter School Institute,Windsor,196,51,Yes participating without using any Provision or the CEO,false
080336001862,Colorado High School Charter,School District No. 1 in the county of Denver and State of C,Denver,206,180,Yes under Community Eligibility Option (CEO),true
080336006735,Colorado High School Charter - Ges,School District No. 1 in the county of Denver and State of C,Denver,209,187,Yes under Community Eligibility Option (CEO),true
080002006586,Colorado International Language Academy,State Charter School Institute,Colorado Springs,321,118,Yes under Community Eligibility Option (CEO),false
080002006708,Colorado Military Academy,State Charter School Institute,Colorado Springs,618,297,Yes under Community Eligibility Option (CEO),true
080270006605,Colorado Online High School,Byers School District No. 32J,Byers,539,,No,false
080270006759,Colorado Online Middle School,Byers School District No. 32J,Byers,211,,No,false
080028206752,Colorado Preparatory Academy Elementary School,Education Reenvisioned BOCES,Westminster,933,,No,false
080028206600,Colorado Preparatory Academy High School,Education Reenvisioned BOCES,Westminster,823,,No,false
080028206764,Colorado Preparatory Academy Middle School,Education Reenvisioned BOCES,Westminster,681,,No,false
080002306410,Colorado School for the Deaf and Blind,Colorado School for the Deaf and Blind,Colorado Springs,167,103,Yes participating without using any Provision or the CEO,true
080002006770,Colorado Skies Academy,State Charter School Institute,Englewood,90,30,Yes under Community Eligibility Option (CEO),false
080723001241,Colorado Sports Leadership Academy,Westminster Public Schools,Denver,425,384,Yes under Community Eligibility Option (CEO),true
080002001912,Colorado Springs Charter Academy,State Charter School Institute,Colorado Springs,295,148,Yes participating without using any Provision or the CEO,false
080723006567,Colorado STEM Academy,Westminster Public Schools,Westminster,415,215,Yes under Community Eligibility Option (CEO),false
080028206838,Colorado Summit Connections Academy,Education Reenvisioned BOCES,Englewood,1245,,No,false
080270006630,Colorado Virtual Academy,Byers School District No. 32J,Byers,493,,No,false
080270001944,Colorado Virtual Academy High School,Byers School District No. 32J,Byers,773,,No,false
080270006620,Colorado Virtual Academy Middle School,Byers School District No. 32J,Byers,170,,No,false
080378001310,Colorado's Finest High School of Choice,Englewood School District No. 1 in the county of Arapahoe,Englewood,216,124,Yes under Community Eligibility Option (CEO),false
080306000227,Columbia Elementary School,Colorado Springs School District No. 11 in the county of E,Colorado Springs,265,177,Yes under Community Eligibility Option (CEO),false
080234001322,Columbia Middle School,Aurora Joint District No. 28 of the counties of Adams and A,Aurora,636,481,Yes under Community Eligibility Option (CEO),true
080336000329,Columbian Elementary School,School District No. 1 in the county of Denver and State of C,Denver,171,148,Yes under Community Eligibility Option (CEO),false
080612001038,Columbian Elementary School,Pueblo School District No. 60 in the county of Pueblo and,Pueblo,371,316,Yes under Community Eligibility Option (CEO),false
080249000109,Columbine Elementary School,Boulder Valley School District No. Re2,Boulder,369,270,Yes under Community Eligibility Option (CEO),false
080336000330,Columbine Elementary School,School District No. 1 in the county of Denver and State of C,Denver,346,146,Yes under Community Eligibility Option (CEO),false
080405000556,Columbine Elementary School,School District No. Re-3 Fort Morgan,Fort Morgan,421,214,Yes under Community Eligibility Option (CEO),false
080537001373,Columbine Elementary School,St. Vrain Valley School District No. Re1J,Longmont,231,206,Yes under Community Eligibility Option (CEO),false
080738001269,Columbine Elementary School,Woodland Park School District No. Re-2,Woodland Park,321,134,Yes under Community Eligibility Option (CEO),false
080480000707,Columbine High School,Jefferson County School District No. R-1,Littleton,1710,508,Yes participating without using any Provision or the CEO,false
080480000706,Columbine Hills Elementary School,Jefferson County School District No. R-1,Littleton,315,106,Yes under Community Eligibility Option (CEO),false
080579000989,Columbine Middle School,Montrose County School District Re-1J,Montrose,491,249,Yes under Community Eligibility Option (CEO),true
080002001876,Community Leadership Academy,State Charter School Institute,Commerce City,316,269,Yes under Community Eligibility Option (CEO),false
080249001227,Community Montessori School,Boulder Valley School District No. Re2,Boulder,277,81,Yes under Community Eligibility Option (CEO),false
080306001299,Community Prep Charter School,Colorado Springs School District No. 11 in the county of E,Colorado Springs,158,,No,false
080336006645,Compass Academy,School District No. 1 in the county of Denver and State of C,Denver,200,183,Yes under Community Eligibility Option (CEO),true
080399006762,Compass Community Collaborative School,Poudre School District R-1,Fort Collins,179,31,Yes participating without using any Provision or the CEO,false
080480001766,Compass Montessori - Golden Charter School,Jefferson County School District No. R-1,Golden,425,,No,false
080480001649,Compass Montessori - Wheat Ridge Charter School,Jefferson County School District No. R-1,Wheat Ridge,288,,No,false
080336006583,Compassion Road Academy,School District No. 1 in the county of Denver and State of C,Denver,96,77,Yes under Community Eligibility Option (CEO),true
080480001542,Conifer Senior High School,Jefferson County School District No. R-1,Conifer,819,139,Yes participating without using any Provision or the CEO,false
080480006306,Connections Learning Center on the Earle Johnson Campus,Jefferson County School District No. R-1,Golden,22,14,Yes under Community Eligibility Option (CEO),false
080408006805,Conrad Early Learning Center,Fountain School District No. 8 in the county of El Paso an,Fountain,228,87,Yes participating without using any Provision or the CEO,false
080336000380,Contemporary Learning Academy,School District No. 1 in the county of Denver and State of C,Denver,126,103,Yes under Community Eligibility Option (CEO),true
080002006784,Coperni 3,State Charter School Institute,Colorado Springs,367,257,Yes under Community Eligibility Option (CEO),false
080345001897,Copper Mesa Elementary School,Douglas County School District No. Re 1,Highlands Ranch,306,34,Yes participating without using any Provision or the CEO,false
080480001447,Coronado Elementary School,Jefferson County School District No. R-1,Littleton,384,83,Yes participating without using any Provision or the CEO,false
080306000228,Coronado High School,Colorado Springs School District No. 11 in the county of E,Colorado Springs,1279,618,Yes participating without using any Provision or the CEO,false
080690001174,Coronado Hills Elementary School,Adams 12 Five Star Schools,Thornton,412,335,Yes under Community Eligibility Option (CEO),false
080612006361,Corwin International Magnet School,Pueblo School District No. 60 in the county of Pueblo and,Pueblo,565,369,Yes under Community Eligibility Option (CEO),true
080336000331,Cory Elementary School,School District No. 1 in the county of Denver and State of C,Denver,407,94,Yes participating without using any Provision or the CEO,false
080312000276,Cotopaxi Elementary School,Fremont Re-3,Cotopaxi,78,50,Yes under Community Eligibility Option (CEO),false
080312000277,Cotopaxi Junior-Senior High School,Fremont Re-3,Cotopaxi,77,38,Yes under Community Eligibility Option (CEO),true
080690001305,Cotton Creek Elementary School,Adams 12 Five Star Schools,Westminster,455,198,Yes under Community Eligibility Option (CEO),false
080291000188,Cottonwood Creek Elementary School,Cherry Creek School District No. 5 in the county of Arapah,Englewood,533,54,Yes participating without using any Provision or the CEO,false
080579001554,Cottonwood Elementary School,Montrose County School District Re-1J,Montrose,394,160,Yes under Community Eligibility Option (CEO),false
080540000607,Cottonwood Plains Elementary School,Thompson School District R-2J,Ft Collins,330,174,Yes under Community Eligibility Option (CEO),false
080345001526,Cougar Run Elementary School,Douglas County School District No. Re 1,Highlands Ranch,392,81,Yes under Community Eligibility Option (CEO),false
080336000332,Cowell Elementary School,School District No. 1 in the county of Denver and State of C,Denver,308,282,Yes under Community Eligibility Option (CEO),false
080345001250,Coyote Creek Elementary School,Douglas County School District No. Re 1,Highlands Ranch,506,64,Yes participating without using any Provision or the CEO,false
080291002032,Coyote Hills Elementary School,Cherry Creek School District No. 5 in the county of Arapah,Aurora,478,112,Yes under Community Eligibility Option (CEO),false
080690001668,Coyote Ridge Elementary School,Adams 12 Five Star Schools,Broomfield,392,65,Yes under Community Eligibility Option (CEO),false
080540006406,Coyote Ridge Elementary School,Thompson School District R-2J,Fort Collins,242,66,Yes under Community Eligibility Option (CEO),false
080573000977,Craig Middle School,Moffat County School District RE: No. 1,Craig,419,219,Yes under Community Eligibility Option (CEO),false
080615001074,Craver Middle School,Pueblo County School District 70,Colorado City,158,70,Yes under Community Eligibility Option (CEO),true
080234000058,Crawford Elementary School,Aurora Joint District No. 28 of the counties of Adams and A,Aurora,567,554,Yes under Community Eligibility Option (CEO),false
080336006559,Creativity Challenge Community,School District No. 1 in the county of Denver and State of C,Denver,306,44,Yes participating without using any Provision or the CEO,false
080315000279,Creede School,Creede School District,Creede,92,37,Yes participating without using any Provision or the CEO,true
080291001404,Creekside Elementary School,Cherry Creek School District No. 5 in the county of Arapah,Centennial,567,193,Yes under Community Eligibility Option (CEO),false
080249000128,Creekside Elementary School at Martin Park,Boulder Valley School District No. Re2,Boulder,359,108,Yes under Community Eligibility Option (CEO),false
080480000708,Creighton Middle School,Jefferson County School District No. R-1,Lakewood,741,402,Yes under Community Eligibility Option (CEO),true
080318000280,Cresson Elementary School,Cripple Creek-Victor School District No. Re-1,Cripple Creek,136,105,Yes under Community Eligibility Option (CEO),false
080633006500,Crest Academy,Salida School District No. R-32,Salida,60,16,Yes under Community Eligibility Option (CEO),false
080249000110,Crest View Elementary School,Boulder Valley School District No. Re2,Boulder,390,139,Yes under Community Eligibility Option (CEO),false
080447006629,Crested Butte Elementary School,Gunnison Watershed School District Re1J,Crested Butte,303,48,Yes participating without using any Provision or the CEO,false
080447000655,Crested Butte Secondary School,Gunnison Watershed School District Re1J,Crested Butte,400,65,Yes participating without using any Provision or the CEO,false
080345006219,Cresthill Middle School,Douglas County School District No. Re 1,Highlands Ranch,558,145,Yes under Community Eligibility Option (CEO),false
080570001511,Crestone Charter School,Moffat School District No. 2 in the county of Saguache and,Crestone,100,77,Yes under Community Eligibility Option (CEO),true
080318000281,Cripple Creek-Victor Junior-Senior High School,Cripple Creek-Victor School District No. Re-1,Cripple Creek,162,114,Yes under Community Eligibility Option (CEO),true
080321001519,Crowley County Elementary K-6,Crowley County School District No. Re-1-J,Ordway,156,109,Yes under Community Eligibility Option (CEO),false
080321000282,Crowley County Junior and Senior High School,Crowley County School District No. Re-1-J,Ordway,156,81,Yes under Community Eligibility Option (CEO),true
080321006874,Crowley County Virtual Education Academy,Crowley County School District No. Re-1-J,Ordway,18,,No,false
080002001569,Crown Pointe Charter Academy,State Charter School Institute,Westminster,461,284,Yes under Community Eligibility Option (CEO),true
080426001540,Crystal River Elementary School,Roaring Fork School District No. Re-1,Carbondale,445,182,Yes participating without using any Provision or the CEO,false
080720001226,Custer County Elementary School,Custer County School District Consolidate 1,Westcliffe,146,74,Yes under Community Eligibility Option (CEO),false
080720001225,Custer County High School,Custer County School District Consolidate 1,Westcliffe,98,47,Yes under Community Eligibility Option (CEO),false
080720001732,Custer Middle School,Custer County School District Consolidate 1,Westcliffe,69,37,Yes under Community Eligibility Option (CEO),true
080480000964,D'Evelyn Junior/Senior High School,Jefferson County School District No. R-1,Denver,1212,157,Yes participating without using any Provision or the CEO,false
080612006843,D60 Online School,Pueblo School District No. 60 in the county of Pueblo and,Pueblo,112,,No,false
080480001543,Dakota Ridge Senior High School,Jefferson County School District No. R-1,Littleton,1277,310,Yes participating without using any Provision or the CEO,false
080291001671,Dakota Valley Elementary School,Cherry Creek School District No. 5 in the county of Arapah,Aurora,571,225,Yes under Community Eligibility Option (CEO),false
080234001295,Dalton Elementary School,Aurora Joint District No. 28 of the counties of Adams and A,Aurora,430,325,Yes under Community Eligibility Option (CEO),false
080345006218,Daniel C Oakes High School--Castle Rock,Douglas County School District No. Re 1,Castle Rock,113,42,Yes under Community Eligibility Option (CEO),false
080234000059,Dartmouth Elementary School,Aurora Joint District No. 28 of the counties of Adams and A,Aurora,422,315,Yes under Community Eligibility Option (CEO),false
080345001581,Dc Montessori Charter School,Douglas County School District No. Re 1,Castle Rock,547,53,Yes participating without using any Provision or the CEO,false
080324000286,De Beque PK-12 School District 49JT,De Beque Joint District No. 49 of the counties of Mesa and,De Beque,179,114,Yes under Community Eligibility Option (CEO),false
080480000783,Deane Elementary School,Jefferson County School District No. R-1,Lakewood,341,273,Yes under Community Eligibility Option (CEO),false
080237000086,Deer Creek Elementary School,Platte Canyon School District No. 1 of the county of Park,Bailey,367,147,Yes under Community Eligibility Option (CEO),false
080480001315,Deer Creek Middle School,Jefferson County School District No. R-1,Littleton,541,106,Yes under Community Eligibility Option (CEO),false
080327000287,Deer Trail Elementary School,Deer Trail School District No. 26J,Deer Trail,174,88,Yes under Community Eligibility Option (CEO),false
080327000288,Deer Trail Junior-Senior High School,Deer Trail School District No. 26J,Deer Trail,153,69,Yes under Community Eligibility Option (CEO),false
080234000078,Del Mar Academy,Aurora Joint District No. 28 of the counties of Adams and A,Aurora,950,784,Yes under Community Eligibility Option (CEO),false
080330000289,Del Norte Elementary School,Upper Rio Grande School District C-7,Del Norte,187,106,Yes under Community Eligibility Option (CEO),false
080330000290,Del Norte High Jr./Sr. High School,Upper Rio Grande School District C-7,Del Norte,173,89,Yes under Community Eligibility Option (CEO),false
080333002001,Delta Academy of Applied Learning,Delta County Joint District No. 50,Delta,25,,No,false
080333000297,Delta High School,Delta County Joint District No. 50,Delta,626,325,Yes under Community Eligibility Option (CEO),false
080336006731,Delta High School,School District No. 1 in the county of Denver and State of C,Denver,105,80,Yes under Community Eligibility Option (CEO),true
080333000296,Delta Middle School,Delta County Joint District No. 50,Delta,498,274,Yes under Community Eligibility Option (CEO),true
080336001522,Denison Montessori School,School District No. 1 in the county of Denver and State of C,Denver,364,202,Yes under Community Eligibility Option (CEO),false
080480000710,Dennison Elementary School,Jefferson County School District No. R-1,Lakewood,575,73,Yes under Community Eligibility Option (CEO),false
080336006516,Denver Center for 21st-Century Learning at Wyman,School District No. 1 in the county of Denver and State of C,Denver,150,130,Yes under Community Eligibility Option (CEO),true
080336001917,Denver Center for International Studies,School District No. 1 in the county of Denver and State of C,Denver,354,253,Yes under Community Eligibility Option (CEO),true
080336006574,Denver Center for International Studies at Fairmont,School District No. 1 in the county of Denver and State of C,Denver,344,168,Yes under Community Eligibility Option (CEO),false
080336006790,Denver Green School Northfield,School District No. 1 in the county of Denver and State of C,Denver,558,134,Yes participating without using any Provision or the CEO,false
080336006453,Denver Green School Southeast,School District No. 1 in the county of Denver and State of C,Denver,586,380,Yes under Community Eligibility Option (CEO),true
080336006443,Denver Justice High School,School District No. 1 in the county of Denver and State of C,Denver,106,100,Yes under Community Eligibility Option (CEO),true
080336006482,Denver Language School,School District No. 1 in the county of Denver and State of C,Denver,930,192,Yes participating without using any Provision or the CEO,false
080336006568,Denver Montessori Junior/Senior High School,School District No. 1 in the county of Denver and State of C,Denver,162,125,Yes under Community Eligibility Option (CEO),false
080336001955,Denver Online,School District No. 1 in the county of Denver and State of C,Denver,611,401,Yes under Community Eligibility Option (CEO),false
080336006640,Denver School of Innovation and Sustainable Design,School District No. 1 in the county of Denver and State of C,Denver,60,23,Yes participating without using any Provision or the CEO,false
080336001574,Denver School of the Arts,School District No. 1 in the county of Denver and State of C,Denver,1044,165,Yes participating without using any Provision or the CEO,false
080615001718,Desert Sage Elementary School,Pueblo County School District 70,Pueblo West,368,221,Yes under Community Eligibility Option (CEO),false
080486006387,Destinations Career Academy of Colorado,Julesburg School District No. Re1,Westminster,453,,No,false
080480000711,Devinny Elementary School,Jefferson County School District No. R-1,Lakewood,505,69,Yes participating without using any Provision or the CEO,false
080681001303,Dillon Valley Elementary School,Summit School District No. Re 1,Dillon,395,202,Yes participating without using any Provision or the CEO,false
080192006631,Discovery Canyon Campus Elementary School,Academy School District No. 20 in the county of El Paso an,Colorado Springs,547,68,Yes participating without using any Provision or the CEO,false
080192001905,Discovery Canyon Campus High School,Academy School District No. 20 in the county of El Paso an,Colorado Springs,1021,176,Yes participating without using any Provision or the CEO,false
080192006616,Discovery Canyon Campus Middle School,Academy School District No. 20 in the county of El Paso an,Colorado Springs,821,149,Yes participating without using any Provision or the CEO,false
080648000051,Discovery High School,School District No. 3 in the county of El Paso and State of,Colorado Springs,83,54,Yes under Community Eligibility Option (CEO),true
080258006875,Discovery Magnet School,School District 27J,Thornton,692,162,Yes under Community Eligibility Option (CEO),false
080441006837,District 6 Online Academy,GreeleySchool District No. 6 in the county of Weld and Sta,Greeley,257,194,Yes under Community Eligibility Option (CEO),false
080306000268,Doherty High School,Colorado Springs School District No. 11 in the county of E,Colorado Springs,1715,867,Yes under Community Eligibility Option (CEO),false
080339000430,Dolores Elementary School,Dolores School District No. Re-4A,Dolores,245,132,Yes under Community Eligibility Option (CEO),false
080339000432,Dolores High School,Dolores School District No. Re-4A,Dolores,186,90,Yes under Community Eligibility Option (CEO),false
080339006823,Dolores Middle School,Dolores School District No. Re-4A,Dolores,166,95,Yes under Community Eligibility Option (CEO),false
080336000385,Dora Moore Ece-8 School,School District No. 1 in the county of Denver and State of C,Denver,349,228,Yes under Community Eligibility Option (CEO),true
080480006695,Doral Academy of Colorado,Jefferson County School District No. R-1,Westminster,168,88,Yes under Community Eligibility Option (CEO),false
080441001482,Dos Rios Elementary School,GreeleySchool District No. 6 in the county of Weld and Sta,Evans,499,367,Yes under Community Eligibility Option (CEO),false
080435001691,Dos Rios Elementary School,Mesa County Valley School District No. 51,Grand Junction,293,233,Yes under Community Eligibility Option (CEO),false
080345000440,Douglas County High School,Douglas County School District No. Re 1,Castle Rock,1659,394,Yes participating without using any Provision or the CEO,false
080249000111,Douglass Elementary School,Boulder Valley School District No. Re2,Boulder,313,44,Yes participating without using any Provision or the CEO,false
080192000003,Douglass Valley Elementary School,Academy School District No. 20 in the county of El Paso an,Usaf Academy,306,70,Yes under Community Eligibility Option (CEO),false
080336000336,Doull Elementary School,School District No. 1 in the county of Denver and State of C,Denver,381,325,Yes under Community Eligibility Option (CEO),false
080342000435,Dove Creek Elementary School,Dolores County School District RE-2J,Dove Creek,124,67,Yes under Community Eligibility Option (CEO),false
080342000429,Dove Creek High School,Dolores County School District RE-2J,Dove Creek,138,83,Yes under Community Eligibility Option (CEO),false
080336006584,Downtown Denver Expeditionary School,School District No. 1 in the county of Denver and State of C,Denver,263,90,Yes under Community Eligibility Option (CEO),false
080336001406,Dr. Martin Luther King Jr. Early College,School District No. 1 in the county of Denver and State of C,Denver,1027,811,Yes under Community Eligibility Option (CEO),true
080480000712,Drake Junior High School,Jefferson County School District No. R-1,Arvada,1002,189,Yes under Community Eligibility Option (CEO),false
080291000190,Dry Creek Elementary School,Cherry Creek School District No. 5 in the county of Arapah,Englewood,269,54,Yes under Community Eligibility Option (CEO),false
080336006684,Dsst: Cedar High School,School District No. 1 in the county of Denver and State of C,Denver,546,312,Yes participating without using any Provision or the CEO,false
080336006572,Dsst: Cedar Middle School,School District No. 1 in the county of Denver and State of C,Denver,485,245,Yes under Community Eligibility Option (CEO),true
080336006636,Dsst: Cole High School,School District No. 1 in the county of Denver and State of C,Denver,287,236,Yes under Community Eligibility Option (CEO),true
080336006523,Dsst: Cole Middle School,School District No. 1 in the county of Denver and State of C,Denver,282,243,Yes under Community Eligibility Option (CEO),true
080336006658,Dsst: College View High School,School District No. 1 in the county of Denver and State of C,Denver,533,457,Yes under Community Eligibility Option (CEO),true
080336006554,Dsst: College View Middle School,School District No. 1 in the county of Denver and State of C,Denver,446,385,Yes under Community Eligibility Option (CEO),true
080336006730,Dsst: Conservatory Green High School,School District No. 1 in the county of Denver and State of C,Denver,556,388,Yes under Community Eligibility Option (CEO),false
080336006618,Dsst: Conservatory Green Middle School,School District No. 1 in the county of Denver and State of C,Denver,468,322,Yes under Community Eligibility Option (CEO),true
080336006822,Dsst: Elevate Northeast High School,School District No. 1 in the county of Denver and State of C,Denver,545,419,Yes under Community Eligibility Option (CEO),false
080336006746,Dsst: Elevate Northeast Middle School,School District No. 1 in the county of Denver and State of C,Denver,451,364,Yes under Community Eligibility Option (CEO),true
080336006450,Dsst: Green Valley Ranch High School,School District No. 1 in the county of Denver and State of C,Denver,562,415,Yes under Community Eligibility Option (CEO),true
080336006546,Dsst: Green Valley Ranch Middle School,School District No. 1 in the county of Denver and State of C,Denver,482,385,Yes under Community Eligibility Option (CEO),true
080336001833,Dsst: Montview High School,School District No. 1 in the county of Denver and State of C,Denver,562,393,Yes under Community Eligibility Option (CEO),false
080336006566,Dsst: Montview Middle School,School District No. 1 in the county of Denver and State of C,Denver,463,356,Yes under Community Eligibility Option (CEO),true
080435001850,Dual Immersion Academy School,Mesa County Valley School District No. 51,Grand Junction,310,290,Yes under Community Eligibility Option (CEO),false
080399000526,Dunn Elementary School,Poudre School District R-1,Fort Collins,392,120,Yes under Community Eligibility Option (CEO),false
080480000713,Dunstan Middle School,Jefferson County School District No. R-1,Lakewood,798,225,Yes under Community Eligibility Option (CEO),false
080195000013,Dupont Elementary School,School District N. 14 in the county of Adams & State of Colo,Commerce City,488,425,Yes under Community Eligibility Option (CEO),false
080348006597,Durango Big Picture High School,Durango School District No. 9-R,Durango,99,56,Yes under Community Eligibility Option (CEO),false
080348000448,Durango High School,Durango School District No. 9-R,Durango,1352,407,Yes participating without using any Provision or the CEO,false
080480000714,Dutch Creek Elementary School,Jefferson County School District No. R-1,Littleton,286,100,Yes under Community Eligibility Option (CEO),false
080351000458,Eads Elementary School,Kiowa County School District No. Re-1,Eads,119,83,Yes under Community Eligibility Option (CEO),false
080351000459,Eads High School,Kiowa County School District No. Re-1,Eads,48,30,Yes under Community Eligibility Option (CEO),false
080351001277,Eads Middle School,Kiowa County School District No. Re-1,Eads,44,27,Yes under Community Eligibility Option (CEO),false
080345001527,Eagle Academy,Douglas County School District No. Re 1,Lone Tree,115,,No,false
080354000851,Eagle County Charter Academy,Eagle County School District No. Re 50,Edwards,360,49,Yes participating without using any Provision or the CEO,false
080537001675,Eagle Crest Elementary School,St. Vrain Valley School District No. Re1J,Longmont,421,189,Yes under Community Eligibility Option (CEO),false
080258006474,Eagle Ridge Academy,School District 27J,Brighton,593,241,Yes under Community Eligibility Option (CEO),false
080345001476,Eagle Ridge Elementary School,Douglas County School District No. Re 1,Lone Tree,571,176,Yes under Community Eligibility Option (CEO),false
080354000462,Eagle Valley Elementary School,Eagle County School District No. Re 50,Eagle,350,141,Yes under Community Eligibility Option (CEO),false
080354000463,Eagle Valley High School,Eagle County School District No. Re 50,Gypsum,980,350,Yes participating without using any Provision or the CEO,false
080354001309,Eagle Valley Middle School,Eagle County School District No. Re 50,Eagle,340,91,Yes participating without using any Provision or the CEO,false
080291006156,Eaglecrest High School,Cherry Creek School District No. 5 in the county of Arapah,Centennial,2851,1001,Yes under Community Eligibility Option (CEO),false
080408006330,Eagleside Elementary School,Fountain School District No. 8 in the county of El Paso an,Fountain,332,128,Yes under Community Eligibility Option (CEO),false
080336000337,Eagleton Elementary School,School District No. 1 in the county of Denver and State of C,Denver,317,276,Yes under Community Eligibility Option (CEO),false
080690001622,Eagleview Elementary School,Adams 12 Five Star Schools,Thornton,451,177,Yes under Community Eligibility Option (CEO),false
080192001402,Eagleview Middle School,Academy School District No. 20 in the county of El Paso an,Colorado Springs,905,173,Yes participating without using any Provision or the CEO,false
080345001474,Early Childhood Center,Douglas County School District No. Re 1,Castle Rock,110,,No,false
080573001659,Early Childhood Center,Moffat County School District RE: No. 1,Craig,117,67,Yes under Community Eligibility Option (CEO),false
080579000250,Early Childhood Center,Montrose County School District Re-1J,Montrose,162,126,Yes under Community Eligibility Option (CEO),false
080654000032,Early Childhood Education Center,Sheridan School District No. 2,Englewood,114,99,Yes under Community Eligibility Option (CEO),false
080441006657,Early College Academy,GreeleySchool District No. 6 in the county of Weld and Sta,Greeley,293,182,Yes under Community Eligibility Option (CEO),false
080723006799,Early Learning Center at Francis M. Day,Westminster Public Schools,Denver,69,5,Yes under Community Eligibility Option (CEO),false
080723006175,Early Learning Center at Gregory Hill,Westminster Public Schools,Westminster,137,106,Yes under Community Eligibility Option (CEO),false
080002006653,Early Learning Center at New Legacy Charter School,State Charter School Institute,Aurora,8,,No,false
080432001343,East Grand Middle School,East Grand School District No. 2,Granby,304,93,Yes participating without using any Provision or the CEO,false
080336000338,East High School,School District No. 1 in the county of Denver and State of C,Denver,2476,804,Yes participating without using any Provision or the CEO,false
080612001040,East High School,Pueblo School District No. 60 in the county of Pueblo and,Pueblo,1081,891,Yes under Community Eligibility Option (CEO),true
080234000060,East Middle School,Aurora Joint District No. 28 of the counties of Adams and A,Aurora,634,584,Yes under Community Eligibility Option (CEO),true
080306001841,Eastlake High School of Colorado Springs,Colorado Springs School District No. 11 in the county of E,Colorado Springs,104,77,Yes under Community Eligibility Option (CEO),false
080291000191,Eastridge Community Elementary School,Cherry Creek School District No. 5 in the county of Arapah,Aurora,716,470,Yes under Community Eligibility Option (CEO),false
080360000474,Eaton Elementary School,Weld County School District No. Re-2,Eaton,484,207,Yes under Community Eligibility Option (CEO),false
080360000476,Eaton High School,Weld County School District No. Re-2,Eaton,567,178,Yes under Community Eligibility Option (CEO),false
080360000475,Eaton Middle School,Weld County School District No. Re-2,Eaton,485,158,Yes under Community Eligibility Option (CEO),false
080345006372,Edcsd,Douglas County School District No. Re 1,Englewood,61,4,Yes participating without using any Provision or the CEO,false
080480000716,Edgewater Elementary School,Jefferson County School District No. R-1,Edgewater,335,214,Yes under Community Eligibility Option (CEO),false
080306000231,Edison Elementary School,Colorado Springs School District No. 11 in the county of E,Colorado Springs,214,166,Yes under Community Eligibility Option (CEO),false
080336000340,Edison Elementary School,School District No. 1 in the county of Denver and State of C,Denver,583,105,Yes participating without using any Provision or the CEO,false
080363000478,Edison Elementary School,Edison Joint District No. 54 of the counties of El Paso and,Yoder,29,20,Yes under Community Eligibility Option (CEO),false
080363001278,Edison Junior-Senior High School,Edison Joint District No. 54 of the counties of El Paso and,Yoder,21,7,Yes under Community Eligibility Option (CEO),false
080363006648,Edison Prep,Edison Joint District No. 54 of the counties of El Paso and,Yoder,6,,No,false
080384000502,Edith Teter Elementary School,Park County School District No. Re-2,Fairplay,190,92,Yes participating without using any Provision or the CEO,false
080192000004,Edith Wolford Elementary School,Academy School District No. 20 in the county of El Paso an,Colorado Springs,372,76,Yes participating without using any Provision or the CEO,false
080234006644,Edna and John W. Mosley P-8,Aurora Joint District No. 28 of the counties of Adams and A,Aurora,994,815,Yes under Community Eligibility Option (CEO),true
080028206848,Education Reenvisioned School,Education Reenvisioned BOCES,Monument,59,,No,false
080354006795,Edwards Early Learning Center,Eagle County School District No. Re 50,Edwards,80,50,Yes under Community Eligibility Option (CEO),false
080354006221,Edwards Elementary School,Eagle County School District No. Re 50,Edwards,269,172,Yes participating without using any Provision or the CEO,false
080480000717,Eiber Elementary School,Jefferson County School District No. R-1,Lakewood,255,193,Yes under Community Eligibility Option (CEO),false
080249000112,Eisenhower Elementary School,Boulder Valley School District No. Re2,Boulder,308,69,Yes under Community Eligibility Option (CEO),false
080258006813,Elaine S. Padilla Elementary School,School District 27J,Brighton,672,324,Yes under Community Eligibility Option (CEO),false
080369000480,Elbert Elementary School,Elbert School District No. 200,Elbert,141,45,Yes participating without using any Provision or the CEO,false
080369000481,Elbert Junior-Senior High School,Elbert School District No. 200,Elbert,136,48,Yes participating without using any Provision or the CEO,false
080345001736,Eldorado Elementary School,Douglas County School District No. Re 1,Highlands Ranch,377,67,Yes participating without using any Provision or the CEO,false
080249001771,Eldorado K-8 School,Boulder Valley School District No. Re2,Superior,529,80,Yes participating without using any Provision or the CEO,false
080372000483,Elizabeth High School,Elizabeth School District,Elizabeth,668,151,Yes participating without using any Provision or the CEO,false
080372000482,Elizabeth Middle School,Elizabeth School District,Elizabeth,386,109,Yes participating without using any Provision or the CEO,false
080372000048,Elizabeth Running Creek Preschool,Elizabeth School District,Elizabeth,53,,No,false
080624006396,Elk Creek Elementary,Garfield School District No. Re-2,New Castle,272,125,Yes under Community Eligibility Option (CEO),false
080480001500,Elk Creek Elementary School,Jefferson County School District No. R-1,Pine,323,70,Yes participating without using any Provision or the CEO,false
080234000061,Elkhart Elementary School,Aurora Joint District No. 28 of the counties of Adams and A,Aurora,525,516,Yes under Community Eligibility Option (CEO),false
080375000484,Ellicott Elementary School,Ellicott School District No. 22 in the county of El Paso a,Ellicott,520,299,Yes under Provision 2,false
080375001735,Ellicott Middle School,Ellicott School District No. 22 in the county of El Paso a,Ellicott,230,134,Yes under Provision 2,true
080375000485,Ellicott Senior High School,Ellicott School District No. 22 in the county of El Paso a,Ellicott,259,156,Yes under Community Eligibility Option (CEO),false
080336000341,Ellis Elementary School,School District No. 1 in the county of Denver and State of C,Denver,467,398,Yes under Community Eligibility Option (CEO),false
080483000807,Elwell Elementary School,Weld County School District No. Re-5J,Johnstown,618,176,Yes under Community Eligibility Option (CEO),false
080249000113,Emerald Elementary School,Boulder Valley School District No. Re2,Broomfield,383,195,Yes under Community Eligibility Option (CEO),false
080336000345,Emily Griffith High School,School District No. 1 in the county of Denver and State of C,Denver,311,249,Yes under Community Eligibility Option (CEO),true
080192006816,Encompass Heights Elementary School,Academy School District No. 20 in the county of El Paso an,Colorado Springs,583,65,Yes under Community Eligibility Option (CEO),false
080291006649,Endeavor Academy,Cherry Creek School District No. 5 in the county of Arapah,Centennial,262,154,Yes under Community Eligibility Option (CEO),false
080378000029,Englewood Early Childhood Education Center at Maddox,Englewood School District No. 1 in the county of Arapahoe,Englewood,258,119,Yes under Community Eligibility Option (CEO),false
080378000491,Englewood High School,Englewood School District No. 1 in the county of Arapahoe,Englewood,515,350,Yes under Community Eligibility Option (CEO),true
080378001772,Englewood Leadership Academy,Englewood School District No. 1 in the county of Arapahoe,Englewood,110,57,Yes under Community Eligibility Option (CEO),false
080378006331,Englewood Middle School,Englewood School District No. 1 in the county of Arapahoe,Englewood,210,153,Yes under Community Eligibility Option (CEO),true
080537000899,Erie Elementary School,St. Vrain Valley School District No. Re1J,Erie,486,85,Yes under Community Eligibility Option (CEO),false
080537001889,Erie High School,St. Vrain Valley School District No. Re1J,Erie,1727,227,Yes participating without using any Provision or the CEO,false
080537000900,Erie Middle School,St. Vrain Valley School District No. Re1J,Erie,762,118,Yes participating without using any Provision or the CEO,false
080348000456,Escalante Middle School,Durango School District No. 9-R,Durango,461,197,Yes under Community Eligibility Option (CEO),false
080336006522,Escalante-Biggs Academy,School District No. 1 in the county of Denver and State of C,Denver,306,260,Yes under Community Eligibility Option (CEO),false
080381000500,Estes Park High School,Estes Park School District R-3,Estes Park,288,113,Yes under Community Eligibility Option (CEO),false
080381000498,Estes Park K-5 School,Estes Park School District R-3,Estes Park,431,226,Yes under Community Eligibility Option (CEO),false
080381000499,Estes Park Middle School,Estes Park School District R-3,Estes Park,163,69,Yes under Community Eligibility Option (CEO),false
080531000876,Euclid Middle School,Littleton School District No. 6 in the county of Arapahoe,Littleton,631,196,Yes under Community Eligibility Option (CEO),false
080612001041,Eva R Baca Elementary School,Pueblo School District No. 60 in the county of Pueblo and,Pueblo,250,228,Yes under Community Eligibility Option (CEO),false
080387000504,Evans Elementary School,El Paso County Colorado School District 49,Colorado Springs,487,297,Yes under Community Eligibility Option (CEO),false
080480000719,Evergreen High School,Jefferson County School District No. R-1,Evergreen,909,97,Yes participating without using any Provision or the CEO,false
080480000718,Evergreen Middle School,Jefferson County School District No. R-1,Evergreen,478,60,Yes under Community Eligibility Option (CEO),false
080480000720,Everitt Middle School,Jefferson County School District No. R-1,Wheat Ridge,456,258,Yes under Community Eligibility Option (CEO),true
080336006599,Excel Academy,School District No. 1 in the county of Denver and State of C,Denver,227,194,Yes under Community Eligibility Option (CEO),true
080480001508,Excel Academy Charter School,Jefferson County School District No. R-1,Arvada,445,109,Yes under Community Eligibility Option (CEO),false
080555002007,Explore PK-8,Mapleton School District No. 1 in the county of Adams & St,Thornton,557,350,Yes under Community Eligibility Option (CEO),true
080192001496,Explorer Elementary School,Academy School District No. 20 in the county of El Paso an,Colorado Springs,470,129,Yes under Community Eligibility Option (CEO),false
080399000527,Eyestone Elementary School,Poudre School District R-1,Wellington,619,224,Yes under Community Eligibility Option (CEO),false
080480000721,Fairmount Elementary School,Jefferson County School District No. R-1,Golden,601,47,Yes participating without using any Provision or the CEO,false
080249000114,Fairview High School,Boulder Valley School District No. Re2,Boulder,1863,270,Yes participating without using any Provision or the CEO,false
080723001235,Fairview PK-8,Westminster Public Schools,Denver,397,350,Yes under Community Eligibility Option (CEO),false
080480001970,Falcon Bluffs Middle School,Jefferson County School District No. R-1,Littleton,567,107,Yes under Community Eligibility Option (CEO),false
080291001672,Falcon Creek Middle School,Cherry Creek School District No. 5 in the county of Arapah,Aurora,701,253,Yes under Community Eligibility Option (CEO),false
080387000505,Falcon Elementary School of Technology,El Paso County Colorado School District 49,Falcon,318,151,Yes under Community Eligibility Option (CEO),false
080387000507,Falcon High School,El Paso County Colorado School District 49,Peyton,1172,337,Yes participating without using any Provision or the CEO,false
080387000506,Falcon Middle School,El Paso County Colorado School District 49,Peyton,866,275,Yes under Community Eligibility Option (CEO),false
080537001737,Fall River Elementary School,St. Vrain Valley School District No. Re1J,Longmont,520,157,Yes under Community Eligibility Option (CEO),false
080336001928,Farrell B. Howell Ece-8 School,School District No. 1 in the county of Denver and State of C,Denver,585,520,Yes under Community Eligibility Option (CEO),true
080690001176,Federal Heights Elementary School,Adams 12 Five Star Schools,Denver,430,402,Yes under Community Eligibility Option (CEO),false
080531000877,Field Elementary School,Littleton School District No. 6 in the county of Arapahoe,Littleton,280,207,Yes under Community Eligibility Option (CEO),false
080249006154,Fireside Elementary School,Boulder Valley School District No. Re2,Louisville,431,66,Yes under Community Eligibility Option (CEO),false
080537006388,Firestone Charter Academy,St. Vrain Valley School District No. Re1J,Firestone,600,134,Yes participating without using any Provision or the CEO,false
080696001946,Fisher's Peak Elementary School,Trinidad School District 1 in the county of Las Animas and,Trinidad,393,296,Yes under Community Eligibility Option (CEO),false
080237001325,Fitzsimmons Middle School,Platte Canyon School District No. 1 of the county of Park,Bailey,138,49,Yes under Community Eligibility Option (CEO),false
080690006850,Five Star Online Academy,Adams 12 Five Star Schools,Westminster,506,,No,false
080226000509,Flagler Public School,Arriba-Flagler Consolidated School District No. 20,Flagler,186,77,Yes under Community Eligibility Option (CEO),false
080537001890,Flagstaff Charter Academy,St. Vrain Valley School District No. Re1J,Longmont,725,141,Yes participating without using any Provision or the CEO,false
080345001959,Flagstone Elementary School,Douglas County School District No. Re 1,Castle Rock,496,105,Yes participating without using any Provision or the CEO,false
080249000115,Flatirons Elementary School,Boulder Valley School District No. Re2,Boulder,163,30,Yes under Community Eligibility Option (CEO),false
080393000511,Fleming Elementary School,School District No. Re-3 Frenchman,Fleming,131,27,Yes under Provision 2,false
080393000512,Fleming High School,School District No. Re-3 Frenchman,Fleming,90,28,Yes under Provision 2,false
080336001575,Florence Crittenton High School,School District No. 1 in the county of Denver and State of C,Denver,107,96,Yes under Community Eligibility Option (CEO),true
080396000514,Florence Jr./Sr. High School,Fremont Re-2,Florence,572,274,Yes under Community Eligibility Option (CEO),false
080348000449,Florida Mesa Elementary School,Durango School District No. 9-R,Durango,293,154,Yes under Community Eligibility Option (CEO),false
080336001933,Florida Pitt-Waller Ece-8 School,School District No. 1 in the county of Denver and State of C,Denver,886,756,Yes under Community Eligibility Option (CEO),true
080249000116,Foothill Elementary School,Boulder Valley School District No. Re2,Boulder,419,53,Yes participating without using any Provision or the CEO,false
080192001319,Foothills Elementary School,Academy School District No. 20 in the county of El Paso an,Colorado Springs,400,74,Yes under Community Eligibility Option (CEO),false
080480000724,Foothills Elementary School,Jefferson County School District No. R-1,Lakewood,363,220,Yes under Community Eligibility Option (CEO),false
080336000349,Force Elementary School,School District No. 1 in the county of Denver and State of C,Denver,303,269,Yes under Community Eligibility Option (CEO),false
080531006825,Ford Elementary,Littleton School District No. 6 in the county of Arapahoe,Centennial,653,85,Yes participating without using any Provision or the CEO,false
080399000528,Fort Collins High School,Poudre School District R-1,Fort Collins,1836,686,Yes under Community Eligibility Option (CEO),false
080399006613,Fort Collins Montessori School,Poudre School District R-1,Fort Collins,278,,No,false
080348000450,Fort Lewis Mesa Elementary School,Durango School District No. 9-R,Hesperus,116,59,Yes under Community Eligibility Option (CEO),false
080654001135,Fort Logan Northgate,Sheridan School District No. 2,Denver,338,290,Yes under Community Eligibility Option (CEO),true
080402000552,Fort Lupton High School,Weld re-8 schools,Fort Lupton,721,390,Yes under Community Eligibility Option (CEO),true
080402000553,Fort Lupton Middle School,Weld re-8 schools,Fort Lupton,438,275,Yes under Community Eligibility Option (CEO),true
080405000557,Fort Morgan High School,School District No. Re-3 Fort Morgan,Fort Morgan,945,475,Yes under Community Eligibility Option (CEO),false
080405001281,Fort Morgan Middle School,School District No. Re-3 Fort Morgan,Fort Morgan,749,451,Yes under Community Eligibility Option (CEO),true
080399001848,Fossil Ridge High School,Poudre School District R-1,Fort Collins,1846,303,Yes participating without using any Provision or the CEO,false
080480000725,Foster Dual Language PK-8,Jefferson County School District No. R-1,Arvada,454,228,Yes under Community Eligibility Option (CEO),true
080258006465,Foundations Academy,School District 27J,Brighton,763,276,Yes under Community Eligibility Option (CEO),false
080612006378,Fountain International Magnet School,Pueblo School District No. 60 in the county of Pueblo and,Pueblo,276,151,Yes under Community Eligibility Option (CEO),false
080408000563,Fountain Middle School,Fountain School District No. 8 in the county of El Paso an,Fountain,1051,570,Yes under Community Eligibility Option (CEO),false
080408000562,Fountain-Fort Carson High School,Fountain School District No. 8 in the county of El Paso an,Fountain,1974,849,Yes under Community Eligibility Option (CEO),false
080411001981,Fowler Elementary School,Fowler School District No. R4J,Fowler,183,107,Yes under Community Eligibility Option (CEO),false
080411000568,Fowler High School,Fowler School District No. R4J,Fowler,101,47,Yes under Community Eligibility Option (CEO),false
080411000567,Fowler Junior High School,Fowler School District No. R4J,Fowler,58,35,Yes under Community Eligibility Option (CEO),true
080345001275,Fox Creek Elementary School,Douglas County School District No. Re 1,Highlands Ranch,436,77,Yes participating without using any Provision or the CEO,false
080291001710,Fox Hollow Elementary School,Cherry Creek School District No. 5 in the county of Arapah,Aurora,555,175,Yes under Community Eligibility Option (CEO),false
080453000666,Fox Meadow Middle School,Harrison School District No. 2 in the county of El Paso an,Colorado Springs,369,301,Yes under Community Eligibility Option (CEO),true
080291006367,Fox Ridge Middle School,Cherry Creek School District No. 5 in the county of Arapah,Aurora,966,173,Yes participating without using any Provision or the CEO,false
080441000639,Franklin Middle School,GreeleySchool District No. 6 in the county of Weld and Sta,Greeley,367,322,Yes under Community Eligibility Option (CEO),true
080612001030,Franklin School of Innovation,Pueblo School District No. 60 in the county of Pueblo and,Pueblo,346,296,Yes under Community Eligibility Option (CEO),false
080345003172,Franktown Elementary School,Douglas County School District No. Re 1,Franktown,354,40,Yes participating without using any Provision or the CEO,false
080432000594,Fraser Valley Elementary School,East Grand School District No. 2,Fraser,217,49,Yes under Community Eligibility Option (CEO),false
080441006719,Fred Tjardes School of Innovation,GreeleySchool District No. 6 in the county of Weld and Sta,Greeley,124,54,Yes under Community Eligibility Option (CEO),true
080537000902,Frederick Senior High School,St. Vrain Valley School District No. Re1J,Frederick,1491,606,Yes under Community Eligibility Option (CEO),false
080480001920,Free Horizon Montessori,Jefferson County School District No. R-1,Golden,382,92,Yes participating without using any Provision or the CEO,false
080306006317,Freedom Elementary School,Colorado Springs School District No. 11 in the county of E,Colorado Springs,407,170,Yes participating without using any Provision or the CEO,false
080480000726,Fremont Elementary School,Jefferson County School District No. R-1,Arvada,268,119,Yes participating without using any Provision or the CEO,false
080306000236,Fremont Elementary School,Colorado Springs School District No. 11 in the county of E,Colorado Springs,308,235,Yes under Community Eligibility Option (CEO),false
080396000515,Fremont Elementary School,Fremont Re-2,Florence,441,263,Yes under Community Eligibility Option (CEO),false
080336006820,French American School of Denver,School District No. 1 in the county of Denver and State of C,Denver,230,46,Yes participating without using any Provision or the CEO,false
080648001458,French Elementary School,School District No. 3 in the county of El Paso and State of,Colorado Springs,491,238,Yes under Community Eligibility Option (CEO),false
080681001165,Frisco Elementary School,Summit School District No. Re 1,Frisco,215,58,Yes participating without using any Provision or the CEO,false
080441001614,Frontier Charter Academy,GreeleySchool District No. 6 in the county of Weld and Sta,Greeley,1432,591,Yes participating without using any Provision or the CEO,false
080192001387,Frontier Elementary School,Academy School District No. 20 in the county of El Paso an,Colorado Springs,262,126,Yes under Community Eligibility Option (CEO),false
080345001875,Frontier Valley Elementary School,Douglas County School District No. Re 1,Parker,369,49,Yes participating without using any Provision or the CEO,false
080435000608,Fruita Middle School,Mesa County Valley School District No. 51,Fruita,690,270,Yes under Community Eligibility Option (CEO),false
080435000609,Fruita Monument High School,Mesa County Valley School District No. 51,Fruita,1427,429,Yes participating without using any Provision or the CEO,false
080435000610,Fruitvale Elementary School,Mesa County Valley School District No. 51,Grand Junction,358,251,Yes under Community Eligibility Option (CEO),false
080234000062,Fulton Academy of Excellence,Aurora Joint District No. 28 of the counties of Adams and A,Aurora,410,383,Yes under Community Eligibility Option (CEO),false
080360000477,Galeton Elementary School,Weld County School District No. Re-2,Galeton,107,59,Yes under Community Eligibility Option (CEO),false
080306006379,Galileo Middle School,Colorado Springs School District No. 11 in the county of E,Colorado Springs,277,228,Yes under Community Eligibility Option (CEO),false
080336000351,Garden Place Academy,School District No. 1 in the county of Denver and State of C,Denver,385,331,Yes under Community Eligibility Option (CEO),false
080708001211,Gardner Valley School,Huerfano School District Re-1,Gardner,82,60,Yes under Community Eligibility Option (CEO),true
080540000932,Garfield Elementary School,Thompson School District R-2J,Loveland,213,96,Yes under Community Eligibility Option (CEO),false
080333000298,Garnet Mesa Elementary School,Delta County Joint District No. 50,Delta,488,309,Yes under Community Eligibility Option (CEO),false
080234000063,Gateway High School,Aurora Joint District No. 28 of the counties of Adams and A,Aurora,1748,1453,Yes under Community Eligibility Option (CEO),true
080435000611,Gateway School,Mesa County Valley School District No. 51,Gateway,12,,No,false
080474000686,Genoa-Hugo School,Genoa-Hugo School District No. C-113,Hugo,220,119,Yes under Community Eligibility Option (CEO),false
080336000352,George Washington High School,School District No. 1 in the county of Denver and State of C,Denver,1326,732,Yes under Community Eligibility Option (CEO),false
080300001999,Georgetown Community School,Clear Creek School District No. Re-1,Georgetown,78,28,Yes under Community Eligibility Option (CEO),false
080453000665,Giberson Elementary School,Harrison School District No. 2 in the county of El Paso an,Colorado Springs,291,225,Yes under Community Eligibility Option (CEO),false
080420000575,Gilcrest Elementary School,Weld County Reorganized School District No. Re-1,Gilcrest,178,110,Yes under Community Eligibility Option (CEO),false
080336006345,Gilliam Youth Services Center,School District No. 1 in the county of Denver and State of C,Denver,21,13,Yes participating without using any Provision or the CEO,false
080423000581,Gilpin County Elementary School,Gilpin County School District No. Re-1,Black Hawk,192,92,Yes under Community Eligibility Option (CEO),false
080423001298,Gilpin County Undivided High School,Gilpin County School District No. Re-1,Black Hawk,200,76,Yes under Community Eligibility Option (CEO),false
080336006626,Girls Athletic Leadership School High School,School District No. 1 in the county of Denver and State of C,Denver,59,36,Yes under Community Eligibility Option (CEO),true
080336006473,Girls Athletic Leadership School Middle School,School District No. 1 in the county of Denver and State of C,Denver,223,69,Yes participating without using any Provision or the CEO,false
080690001709,Glacier Peak Elementary School,Adams 12 Five Star Schools,Brighton,412,196,Yes under Community Eligibility Option (CEO),false
080426000589,Glenwood Springs Elementary School,Roaring Fork School District No. Re-1,Glenwood Springs,452,288,Yes participating without using any Provision or the CEO,false
080426000588,Glenwood Springs High School,Roaring Fork School District No. Re-1,Glenwood Springs,1032,481,Yes participating without using any Provision or the CEO,false
080426000587,Glenwood Springs Middle School,Roaring Fork School District No. Re-1,Glenwood Springs,380,223,Yes participating without using any Provision or the CEO,false
080555006672,Global Intermediate Academy,Mapleton School District No. 1 in the county of Adams & St,Denver,346,278,Yes under Community Eligibility Option (CEO),true
080555001860,Global Leadership Academy,Mapleton School District No. 1 in the county of Adams & St,Denver,400,303,Yes under Community Eligibility Option (CEO),true
080555006673,Global Primary Academy,Mapleton School District No. 1 in the county of Adams & St,Denver,272,196,Yes under Community Eligibility Option (CEO),false
080345006656,Global Village Academy - Douglas County,Douglas County School District No. Re 1,Parker,450,93,Yes participating without using any Provision or the CEO,false
080002006503,Global Village Academy - North,State Charter School Institute,Northglenn,838,467,Yes under Community Eligibility Option (CEO),true
080234006318,Global Village Academy Aurora,Aurora Joint District No. 28 of the counties of Adams and A,Aurora,802,618,Yes under Community Eligibility Option (CEO),true
080387006393,Goal Academy,El Paso County Colorado School District 49,Pueblo,6693,,No,false
080531000879,Goddard Middle School,Littleton School District No. 6 in the county of Arapahoe,Littleton,575,202,Yes under Community Eligibility Option (CEO),false
080336000354,Godsman Elementary School,School District No. 1 in the county of Denver and State of C,Denver,332,305,Yes under Community Eligibility Option (CEO),false
080294001591,Gold Camp Elementary School,Cheyenne Mountain School District No. 12 in the county of E,Colorado Springs,435,71,Yes participating without using any Provision or the CEO,false
080249000117,Gold Hill Elementary School,Boulder Valley School District No. Re2,Gold Hill,10,,No,false
080345006368,Gold Rush Elementary,Douglas County School District No. Re 1,Parker,639,65,Yes participating without using any Provision or the CEO,false
080480000733,Golden High School,Jefferson County School District No. R-1,Golden,1469,324,Yes participating without using any Provision or the CEO,false
080002006639,Golden View Classical Academy,State Charter School Institute,Golden,737,,No,false
080336000355,Goldrick Elementary School,School District No. 1 in the county of Denver and State of C,Denver,385,318,Yes under Community Eligibility Option (CEO),false
080612001046,Goodnight Elementary School,Pueblo School District No. 60 in the county of Pueblo and,Pueblo,534,348,Yes under Community Eligibility Option (CEO),true
080480001448,Governor's Ranch Elementary School,Jefferson County School District No. R-1,Littleton,458,98,Yes participating without using any Provision or the CEO,false
080624006436,Graham Mesa Elementary School,Garfield School District No. Re-2,Rifle,424,198,Yes under Community Eligibility Option (CEO),false
080429000592,Granada Elementary School,Granada School District No. Re-1,Granada,118,84,Yes under Community Eligibility Option (CEO),false
080429000593,Granada Undivided High School,Granada School District No. Re-1,Granada,92,58,Yes under Community Eligibility Option (CEO),true
080432000595,Granby Elementary School,East Grand School District No. 2,Granby,366,143,Yes under Community Eligibility Option (CEO),false
080435000612,Grand Junction High School,Mesa County Valley School District No. 51,Grand Junction,1832,790,Yes under Community Eligibility Option (CEO),false
080333001953,Grand Mesa Choice Academy,Delta County Joint District No. 50,Delta,68,52,Yes under Community Eligibility Option (CEO),true
080303001434,Grand Mesa High School,Plateau Valley School District No. 50 in the county of Mesa,Collbran,55,,No,false
080435001656,Grand Mesa Middle School,Mesa County Valley School District No. 51,Grand Junction,476,307,Yes under Community Eligibility Option (CEO),true
080435006346,Grand Mesa Youth Services Center,Mesa County Valley School District No. 51,Grand Junction,18,,No,false
080648006772,Grand Mountain School,School District No. 3 in the county of El Paso and State of,Colorado Springs,1044,338,Yes under Community Eligibility Option (CEO),false
080387006386,Grand Peak Academy,El Paso County Colorado School District 49,Colorado Springs,608,201,Yes participating without using any Provision or the CEO,false
080435006498,Grand River Academy,Mesa County Valley School District No. 51,Grand Junction,461,280,Yes participating without using any Provision or the CEO,false
080438001909,Grand Valley Center for Family Learning,Grand Valley School District No. 16 in the county of Garfi,Parachute,265,175,Yes under Community Eligibility Option (CEO),false
080438000631,Grand Valley High School,Grand Valley School District No. 16 in the county of Garfi,Parachute,293,178,Yes under Community Eligibility Option (CEO),false
080438001368,Grand Valley Middle School,Grand Valley School District No. 16 in the county of Garfi,Parachute,264,168,Yes under Community Eligibility Option (CEO),true
080537006757,Grand View Elementary,St. Vrain Valley School District No. Re1J,Frederick,446,142,Yes under Community Eligibility Option (CEO),false
080735001987,Grandview Elementary School,Weld County Reorganized School District No. Re-4,Windsor,542,112,Yes under Community Eligibility Option (CEO),false
080291001625,Grandview High School,Cherry Creek School District No. 5 in the county of Arapah,Aurora,2684,819,Yes participating without using any Provision or the CEO,false
080336000357,Grant Beacon Middle School,School District No. 1 in the county of Denver and State of C,Denver,339,222,Yes under Community Eligibility Option (CEO),true
080306000238,Grant Elementary School,Colorado Springs School District No. 11 in the county of E,Colorado Springs,350,230,Yes under Community Eligibility Option (CEO),false
080336001738,Grant Ranch Ece-8 School,School District No. 1 in the county of Denver and State of C,Denver,334,225,Yes under Community Eligibility Option (CEO),true
080441000641,Greeley Central High School,GreeleySchool District No. 6 in the county of Weld and Sta,Greeley,1507,1049,Yes under Community Eligibility Option (CEO),true
080441000640,Greeley West High School,GreeleySchool District No. 6 in the county of Weld and Sta,Greeley,1936,1336,Yes under Community Eligibility Option (CEO),true
080405000558,Green Acres Elementary School,School District No. Re-3 Fort Morgan,Fort Morgan,320,188,Yes under Community Eligibility Option (CEO),false
080480000734,Green Gables Elementary School,Jefferson County School District No. R-1,Lakewood,315,106,Yes participating without using any Provision or the CEO,false
080480000736,Green Mountain High School,Jefferson County School District No. R-1,Lakewood,1071,255,Yes under Community Eligibility Option (CEO),false
080336001776,Green Valley Elementary School,School District No. 1 in the county of Denver and State of C,Denver,714,584,Yes under Community Eligibility Option (CEO),false
080291000192,Greenwood Elementary School,Cherry Creek School District No. 5 in the county of Arapah,Greenwood Village,355,57,Yes participating without using any Provision or the CEO,false
080213000033,Guadalupe Elementary School,South Conejos School District No. Re10,Antonito,114,91,Yes under Community Eligibility Option (CEO),false
080531006854,Gudy Gaskill Elementary,Littleton School District No. 6 in the county of Arapahoe,Centennial,508,142,Yes under Community Eligibility Option (CEO),false
080384001695,Guffey Charter School,Park County School District No. Re-2,Guffey,26,,No,false
080447001968,Gunnison Elementary School,Gunnison Watershed School District Re1J,Gunnison,560,254,Yes participating without using any Provision or the CEO,false
080447000656,Gunnison High School,Gunnison Watershed School District Re1J,Gunnison,410,165,Yes participating without using any Provision or the CEO,false
080447001600,Gunnison Middle School,Gunnison Watershed School District Re1J,Gunnison,314,135,Yes participating without using any Provision or the CEO,false
080336000359,Gust Elementary School,School District No. 1 in the county of Denver and State of C,Denver,602,495,Yes under Community Eligibility Option (CEO),false
080354001723,Gypsum Creek Middle School,Eagle County School District No. Re 50,Gypsum,317,182,Yes participating without using any Provision or the CEO,false
080354006222,Gypsum Elementary School,Eagle County School District No. Re 50,Gypsum,395,273,Yes participating without using any Provision or the CEO,false
080612001047,Haaff Elementary School,Pueblo School District No. 60 in the county of Pueblo and,Pueblo,284,200,Yes under Community Eligibility Option (CEO),false
080480000737,Hackberry Hill Elementary School,Jefferson County School District No. R-1,Arvada,430,149,Yes under Community Eligibility Option (CEO),false
080669001151,Hagen Early Education Center,School District No. Re-1 Valley,Sterling,117,63,Yes under Community Eligibility Option (CEO),false
080336000372,Hallett Academy,School District No. 1 in the county of Denver and State of C,Denver,250,204,Yes under Community Eligibility Option (CEO),false
080336000361,Hamilton Middle School,School District No. 1 in the county of Denver and State of C,Denver,775,522,Yes under Community Eligibility Option (CEO),true
080450000661,Hanover Junior-Senior High School,Hanover School District No. 28 in the county of El Paso an,Colorado Springs,134,86,Yes under Community Eligibility Option (CEO),true
080234006803,Harmony Ridge P-8,Aurora Joint District No. 28 of the counties of Adams and A,Aurora,894,552,Yes under Community Eligibility Option (CEO),false
080540000941,Harold Ferguson High School,Thompson School District R-2J,Loveland,164,,No,true
080399000573,Harris Bilingual Elementary School,Poudre School District R-1,Fort Collins,311,190,Yes under Community Eligibility Option (CEO),false
080723001238,Harris Park Elementary School,Westminster Public Schools,Westminster,234,185,Yes under Community Eligibility Option (CEO),false
080453000667,Harrison High School,Harrison School District No. 2 in the county of El Paso an,Colorado Springs,1089,789,Yes under Community Eligibility Option (CEO),true
080279000173,Harrison School,Fremont Re-1,Canon City,472,335,Yes under Community Eligibility Option (CEO),true
080285000177,Haskin Elementary School,Center Consolidated School District No. 26 Jt. of the count,Center,312,283,Yes under Community Eligibility Option (CEO),false
080456000673,Haxtun Elementary School,Haxtun School District No. Re-2J,Haxtun,155,63,Yes participating without using any Provision or the CEO,false
080456000674,Haxtun Jr/Sr High School,Haxtun School District No. Re-2J,Haxtun,142,46,Yes participating without using any Provision or the CEO,false
080459001348,Hayden High School,Hayden School District No. Re 1,Hayden,119,46,Yes participating without using any Provision or the CEO,false
080459000676,Hayden Middle School,Hayden School District No. Re 1,Hayden,93,24,Yes participating without using any Provision or the CEO,false
080459000675,Hayden Valley Elementary School,Hayden School District No. Re 1,Hayden,232,56,Yes participating without using any Provision or the CEO,false
080441000642,Heath Middle School,GreeleySchool District No. 6 in the county of Weld and Sta,Greeley,499,401,Yes under Community Eligibility Option (CEO),true
080249000118,Heatherwood Elementary School,Boulder Valley School District No. Re2,Boulder,252,47,Yes under Community Eligibility Option (CEO),false
080441001988,Heiman Elementary School,GreeleySchool District No. 6 in the county of Weld and Sta,Evans,602,433,Yes under Community Eligibility Option (CEO),false
080675001160,Hemphill Middle School,Strasburg School District 31J,Strasburg,250,105,Yes under Community Eligibility Option (CEO),false
080258000146,Henderson Elementary School,School District 27J,Henderson,357,218,Yes under Community Eligibility Option (CEO),false
080306000240,Henry Elementary School,Colorado Springs School District No. 11 in the county of E,Colorado Springs,306,200,Yes under Community Eligibility Option (CEO),false
080291000193,Heritage Elementary School,Cherry Creek School District No. 5 in the county of Arapah,Centennial,302,71,Yes participating without using any Provision or the CEO,false
080345001740,Heritage Elementary School,Douglas County School District No. Re 1,Highlands Ranch,377,38,Yes participating without using any Provision or the CEO,false
080612000261,Heritage Elementary School,Pueblo School District No. 60 in the county of Pueblo and,Pueblo,250,209,Yes under Community Eligibility Option (CEO),false
080291006676,Heritage Heights Academy,Cherry Creek School District No. 5 in the county of Arapah,Centennial,539,205,Yes under Community Eligibility Option (CEO),false
080531000881,Heritage High School,Littleton School District No. 6 in the county of Arapahoe,Littleton,1748,350,Yes participating without using any Provision or the CEO,false
080651001130,Hi-Plains School District R-23,Hi-Plains R-23,Seibert,96,46,Yes under Community Eligibility Option (CEO),false
080723001877,Hidden Lake Secondary,Westminster Public Schools,Westminster,340,298,Yes under Community Eligibility Option (CEO),true
080249001243,High Peaks Elementary School,Boulder Valley School District No. Re2,Boulder,257,25,Yes participating without using any Provision or the CEO,false
080192001320,High Plains Elementary School,Academy School District No. 20 in the county of El Paso an,Colorado Springs,248,140,Yes under Community Eligibility Option (CEO),false
080291001273,High Plains Elementary School,Cherry Creek School District No. 5 in the county of Arapah,Greenwood Village,462,137,Yes under Community Eligibility Option (CEO),false
080540006697,High Plains School,Thompson School District R-2J,Loveland,495,169,Yes under Community Eligibility Option (CEO),false
080002002033,High Point Academy,State Charter School Institute,Aurora,680,410,Yes under Community Eligibility Option (CEO),true
080231000049,Highland Elementary School,Weld County School District No. Re-9,Pierce,443,162,Yes under Community Eligibility Option (CEO),false
080624001967,Highland Elementary School,Garfield School District No. Re-2,Rifle,451,258,Yes under Community Eligibility Option (CEO),false
080231000050,Highland High School,Weld County School District No. Re-9,Ault,299,86,Yes under Community Eligibility Option (CEO),false
080231001466,Highland Middle School,Weld County School District No. Re-9,Ault,234,72,Yes under Community Eligibility Option (CEO),true
080612001048,Highland Park Elementary School,Pueblo School District No. 60 in the county of Pueblo and,Pueblo,276,208,Yes under Community Eligibility Option (CEO),false
080537006834,Highlands Elementary School,St. Vrain Valley School District No. Re1J,Erie,528,81,Yes under Community Eligibility Option (CEO),false
080345001437,Highlands Ranch High School,Douglas County School District No. Re 1,Highlands Ranch,1323,313,Yes participating without using any Provision or the CEO,false
080336006609,Highline Academy Northeast,School District No. 1 in the county of Denver and State of C,Denver,589,433,Yes under Community Eligibility Option (CEO),false
080336001835,Highline Academy Southeast,School District No. 1 in the county of Denver and State of C,Denver,591,315,Yes under Community Eligibility Option (CEO),false
080291006182,Highline Community Elementary School,Cherry Creek School District No. 5 in the county of Arapah,Aurora,435,300,Yes under Community Eligibility Option (CEO),false
080336000364,Hill Campus of Arts and Sciences,School District No. 1 in the county of Denver and State of C,Denver,651,338,Yes under Community Eligibility Option (CEO),false
080690001177,Hillcrest Elementary School,Adams 12 Five Star Schools,Northglenn,338,285,Yes under Community Eligibility Option (CEO),false
080234000064,Hinkley High School,Aurora Joint District No. 28 of the counties of Adams and A,Aurora,1527,1340,Yes under Community Eligibility Option (CEO),true
080465000680,Hoehne Schools,Hoehne Reorganized School District No. 3,Trinidad,271,102,Yes participating without using any Provision or the CEO,false
080492000817,Hoff Elementary School,Weld County School District RE-3J,Keenesburg,338,164,Yes under Community Eligibility Option (CEO),false
080735006888,Hollister Lake Elementary,Weld County Reorganized School District No. Re-4,Windsor,529,144,Yes participating without using any Provision or the CEO,false
080291000194,Holly Hills Elementary School,Cherry Creek School District No. 5 in the county of Arapah,Denver,633,395,Yes under Community Eligibility Option (CEO),false
080468000681,Holly School,Holly School District No. Re-3,Holly,276,177,Yes under Community Eligibility Option (CEO),true
080336000365,Holm Elementary School,School District No. 1 in the county of Denver and State of C,Denver,510,356,Yes under Community Eligibility Option (CEO),false
080306000241,Holmes Middle School,Colorado Springs School District No. 11 in the county of E,Colorado Springs,600,273,Yes participating without using any Provision or the CEO,false
080471006610,Holyoke Alternative School,Holyoke School District No. Re-1J,Holyoke,19,,No,true
080471000683,Holyoke Elementary School,Holyoke School District No. Re-1J,Holyoke,281,178,Yes under Community Eligibility Option (CEO),false
080471000684,Holyoke Senior High School,Holyoke School District No. Re-1J,Holyoke,212,125,Yes under Community Eligibility Option (CEO),true
080354001478,Homestake Peak School,Eagle County School District No. Re 50,Avon,421,243,Yes participating without using any Provision or the CEO,true
080291000195,Homestead Elementary School,Cherry Creek School District No. 5 in the county of Arapah,Centennial,334,43,Yes participating without using any Provision or the CEO,false
080345006391,Hope Online Learning Academy Co-Op,Douglas County School District No. Re 1,Englewood,1307,906,Yes under Community Eligibility Option (CEO),false
080531000883,Hopkins Elementary School,Littleton School District No. 6 in the county of Arapahoe,Centennial,372,74,Yes under Community Eligibility Option (CEO),false
080690001491,Horizon High School,Adams 12 Five Star Schools,Brighton,1966,651,Yes participating without using any Provision or the CEO,false
080291001328,Horizon Middle School,Cherry Creek School District No. 5 in the county of Arapah,Aurora,714,424,Yes under Community Eligibility Option (CEO),true
080387001393,Horizon Middle School,El Paso County Colorado School District 49,Colorado Springs,773,418,Yes under Community Eligibility Option (CEO),true
080633006413,Horizons Exploratory Academy,Salida School District No. R-32,Salida,32,17,Yes under Community Eligibility Option (CEO),true
080249006199,Horizons K-8 School,Boulder Valley School District No. Re2,Boulder,358,63,Yes participating without using any Provision or the CEO,false
080333000299,Hotchkiss Elementary School,Delta County Joint District No. 50,Hotchkiss,297,146,Yes under Community Eligibility Option (CEO),true
080306000243,Howbert Elementary School,Colorado Springs School District No. 11 in the county of E,Colorado Springs,255,127,Yes participating without using any Provision or the CEO,false
080492000816,Hudson Elementary School,Weld County School District RE-3J,Hudson,303,197,Yes under Community Eligibility Option (CEO),false
080690001178,Hulstrom K-8,Adams 12 Five Star Schools,Northglenn,663,76,Yes under Community Eligibility Option (CEO),false
080690001419,Hunters Glen Elementary School,Adams 12 Five Star Schools,Thornton,491,260,Yes under Community Eligibility Option (CEO),false
080480000738,Hutchinson Elementary School,Jefferson County School District No. R-1,Lakewood,328,77,Yes under Community Eligibility Option (CEO),false
080537000903,Hygiene Elementary School,St. Vrain Valley School District No. Re1J,Longmont,313,95,Yes under Community Eligibility Option (CEO),false
080001801741,Idalia Elementary School,Idalia RJ-3 School District,Idalia,71,41,Yes under Community Eligibility Option (CEO),false
080001801742,Idalia Junior-Senior High School,Idalia RJ-3 School District,Idalia,79,47,Yes under Community Eligibility Option (CEO),false
080477006878,Ignacio Early Learning Program,Ignacio School District No. 11Jt,Ignacio,28,5,Yes under Community Eligibility Option (CEO),false
080477001444,Ignacio Elementary School,Ignacio School District No. 11Jt,Ignacio,279,155,Yes under Community Eligibility Option (CEO),false
080477000689,Ignacio High School,Ignacio School District No. 11Jt,Ignacio,182,87,Yes under Community Eligibility Option (CEO),false
080477000688,Ignacio Middle School,Ignacio School District No. 11Jt,Ignacio,144,77,Yes under Community Eligibility Option (CEO),true
080435001980,Independence Academy,Mesa County Valley School District No. 51,Grand Junction,491,430,Yes participating without using any Provision or the CEO,false
080291000196,Independence Elementary School,Cherry Creek School District No. 5 in the county of Arapah,Aurora,439,284,Yes under Community Eligibility Option (CEO),false
080537000904,Indian Peaks Elementary School,St. Vrain Valley School District No. Re1J,Longmont,214,181,Yes under Community Eligibility Option (CEO),false
080291001390,Indian Ridge Elementary School,Cherry Creek School District No. 5 in the county of Arapah,Aurora,410,85,Yes under Community Eligibility Option (CEO),false
080291006728,Infinity Middle School,Cherry Creek School District No. 5 in the county of Arapah,Aurora,1020,234,Yes under Community Eligibility Option (CEO),false
080258000729,Innovations & Options,School District 27J,Brighton,235,,No,false
089920006560,Innovative Connections High School,Centennial BOCES,Greeley,40,,No,false
080387006774,Inspiration View Elementary School,El Paso County Colorado School District 49,Colorado Springs,527,176,Yes under Community Eligibility Option (CEO),false
080336006733,Inspire Elementary,School District No. 1 in the county of Denver and State of C,Denver,645,164,Yes participating without using any Provision or the CEO,false
080336000362,International Academy of Denver at Harrington,School District No. 1 in the county of Denver and State of C,Denver,152,140,Yes under Community Eligibility Option (CEO),false
080234001323,Iowa Elementary School,Aurora Joint District No. 28 of the counties of Adams and A,Aurora,502,407,Yes under Community Eligibility Option (CEO),false
080399000533,Irish Elementary School,Poudre School District R-1,Fort Collins,365,260,Yes under Community Eligibility Option (CEO),false
080345001638,Iron Horse Elementary School,Douglas County School District No. Re 1,Parker,430,98,Yes participating without using any Provision or the CEO,false
080612001050,Irving Elementary School,Pueblo School District No. 60 in the county of Pueblo and,Pueblo,326,277,Yes under Community Eligibility Option (CEO),false
080336006570,Isabella Bird Community School,School District No. 1 in the county of Denver and State of C,Denver,487,125,Yes under Community Eligibility Option (CEO),false
080540000933,Ivy Stockwell Elementary School,Thompson School District R-2J,Berthoud,426,70,Yes under Community Eligibility Option (CEO),false
080306006421,Jack Swigert Middle School,Colorado Springs School District No. 11 in the county of E,Colorado Springs,404,309,Yes under Community Eligibility Option (CEO),false
080306000245,Jackson Elementary School,Colorado Springs School District No. 11 in the county of E,Colorado Springs,312,242,Yes under Community Eligibility Option (CEO),false
080441001291,Jackson Elementary School,GreeleySchool District No. 6 in the county of Weld and Sta,Greeley,508,423,Yes under Community Eligibility Option (CEO),false
080234006411,Jamaica Child Development Center,Aurora Joint District No. 28 of the counties of Adams and A,Aurora,106,87,Yes under Community Eligibility Option (CEO),false
080453001781,James Irwin Charter High School,Harrison School District No. 2 in the county of El Paso an,Colorado Springs,425,207,Yes participating without using any Provision or the CEO,false
080453001964,James Irwin Charter Middle School,Harrison School District No. 2 in the county of El Paso an,Colorado Springs,434,230,Yes participating without using any Provision or the CEO,false
080453001902,James Irwin Elementary School - Astrozon,Harrison School District No. 2 in the county of El Paso an,Colorado Springs,522,269,Yes participating without using any Provision or the CEO,false
080387006889,James Irwin Elementary School - Canada Drive,El Paso County Colorado School District 49,Colorado Springs,132,41,Yes participating without using any Provision or the CEO,false
080306006595,James Irwin Elementary School - Howard,Colorado Springs School District No. 11 in the county of E,Colorado Springs,213,117,Yes participating without using any Provision or the CEO,false
080648001885,James Madison Charter Academy School,School District No. 3 in the county of El Paso and State of,Colorado Springs,72,42,Yes under Community Eligibility Option (CEO),false
080441000646,James Madison STEAM Academy,GreeleySchool District No. 6 in the county of Weld and Sta,Greeley,768,653,Yes under Community Eligibility Option (CEO),false
080249000119,Jamestown Elementary School,Boulder Valley School District No. Re2,Jamestown,17,,No,false
080648001120,Janitell Junior High School,School District No. 3 in the county of El Paso and State of,Fountain,658,303,Yes under Community Eligibility Option (CEO),false
080480006852,Jeffco Remote Learning Program,Jefferson County School District No. R-1,Lakewood,399,,No,false
080480006814,Jeffco Transition Services School,Jefferson County School District No. R-1,Lakewood,116,53,Yes under Community Eligibility Option (CEO),false
080480006439,Jeffco Virtual Academy,Jefferson County School District No. R-1,Golden,441,,No,false
080480000704,Jefferson Academy Coal Creek Canyon,Jefferson County School District No. R-1,Golden,59,10,Yes under Community Eligibility Option (CEO),false
080480000975,Jefferson Academy Elementary,Jefferson County School District No. R-1,Broomfield,737,130,Yes participating without using any Provision or the CEO,false
080480001922,Jefferson Academy Secondary,Jefferson County School District No. R-1,Broomfield,696,92,Yes participating without using any Provision or the CEO,false
080480006256,Jefferson County Open Elementary School,Jefferson County School District No. R-1,Lakewood,236,78,Yes under Community Eligibility Option (CEO),false
080480000765,Jefferson County Open Secondary,Jefferson County School District No. R-1,Lakewood,315,,No,false
080441006461,Jefferson Junior/Senior High,GreeleySchool District No. 6 in the county of Weld and Sta,Greeley,614,496,Yes under Community Eligibility Option (CEO),true
080480000739,Jefferson Junior/Senior High School,Jefferson County School District No. R-1,Edgewater,601,473,Yes under Community Eligibility Option (CEO),true
080306001683,Jenkins Middle School,Colorado Springs School District No. 11 in the county of E,Colorado Springs,791,345,Yes participating without using any Provision or the CEO,false
080234000066,Jewell Elementary School,Aurora Joint District No. 28 of the counties of Adams and A,Aurora,493,423,Yes under Community Eligibility Option (CEO),false
080336006662,Joe Shoemaker School,School District No. 1 in the county of Denver and State of C,Denver,543,370,Yes under Community Eligibility Option (CEO),false
080723001363,John E. Flynn a Marzano Academy,Westminster Public Schools,Westminster,354,269,Yes under Community Eligibility Option (CEO),false
080336000367,John F Kennedy High School,School District No. 1 in the county of Denver and State of C,Denver,681,537,Yes under Community Eligibility Option (CEO),true
080336000306,John H. Amesse Elementary,School District No. 1 in the county of Denver and State of C,Denver,358,337,Yes under Community Eligibility Option (CEO),false
080258001822,John W Thimmig Elementary School,School District 27J,Henderson,531,297,Yes under Community Eligibility Option (CEO),false
080531001351,John Wesley Powell Middle School,Littleton School District No. 6 in the county of Arapahoe,Littleton,509,130,Yes under Community Eligibility Option (CEO),false
080336000368,Johnson Elementary School,School District No. 1 in the county of Denver and State of C,Denver,294,256,Yes under Community Eligibility Option (CEO),false
080399001480,Johnson Elementary School,Poudre School District R-1,Fort Collins,348,136,Yes under Community Eligibility Option (CEO),false
080579000990,Johnson Elementary School,Montrose County School District Re-1J,Montrose,531,356,Yes under Community Eligibility Option (CEO),false
080408001481,Jordahl Elementary School,Fountain School District No. 8 in the county of El Paso an,Fountain,524,238,Yes under Community Eligibility Option (CEO),false
080723006373,Josephine Hodgkins Leadership Academy,Westminster Public Schools,Denver,597,523,Yes under Community Eligibility Option (CEO),false
080486000811,Julesburg Elementary School,Julesburg School District No. Re1,Julesburg,108,75,Yes under Community Eligibility Option (CEO),false
080486000813,Julesburg High School,Julesburg School District No. Re1,Julesburg,107,57,Yes under Community Eligibility Option (CEO),false
080525001782,Jump Start Learning Center,Las Animas School District No. Re-1,Las Animas,27,,No,false
080435006581,Juniper Ridge Community School,Mesa County Valley School District No. 51,Grand Junction,375,217,Yes participating without using any Provision or the CEO,false
080249002013,Justice High Charter School,Boulder Valley School District No. Re2,Lafayette,108,97,Yes under Community Eligibility Option (CEO),true
080336000369,Kaiser Elementary School,School District No. 1 in the county of Denver and State of C,Denver,243,179,Yes under Community Eligibility Option (CEO),false
080489000814,Karval Elementary School,Karval School District No. Re 23,Karval,13,3,Yes under Provision 2,false
080489000815,Karval Junior-Senior High School,Karval School District No. Re 23,Karval,16,12,Yes under Provision 2,true
080624001598,Kathryn Senor Elementary School,Garfield School District No. Re-2,New Castle,275,123,Yes under Community Eligibility Option (CEO),false
080195000015,Kearney Middle School,School District N. 14 in the county of Adams & State of Colo,Commerce City,397,341,Yes under Community Eligibility Option (CEO),true
080306000247,Keller Elementary School,Colorado Springs School District No. 11 in the county of E,Colorado Springs,326,216,Yes under Community Eligibility Option (CEO),false
080195000016,Kemp Elementary School,School District N. 14 in the county of Adams & State of Colo,Commerce City,517,458,Yes under Community Eligibility Option (CEO),false
080309000835,Kemper Elementary School,Montezuma-Cortez School District No. Re-1,Cortez,339,212,Yes under Community Eligibility Option (CEO),false
080480000742,Ken Caryl Middle School,Jefferson County School District No. R-1,Littleton,725,196,Yes under Community Eligibility Option (CEO),false
080480001372,Kendallvue Elementary School,Jefferson County School District No. R-1,Morrison,370,129,Yes under Community Eligibility Option (CEO),false
080480000743,Kendrick Lakes Elementary School,Jefferson County School District No. R-1,Lakewood,443,133,Yes under Community Eligibility Option (CEO),false
080402006606,Kenneth Homyak PK-8,Weld re-8 schools,Dacono,311,58,Yes under Community Eligibility Option (CEO),false
080001601820,Kenneth P Morris Elementary School,Yuma 1 School District,Yuma,310,200,Yes under Community Eligibility Option (CEO),false
080234000067,Kenton Elementary School,Aurora Joint District No. 28 of the counties of Adams and A,Aurora,583,491,Yes under Community Eligibility Option (CEO),false
080336006686,Kepner Beacon Middle School,School District No. 1 in the county of Denver and State of C,Denver,467,420,Yes under Community Eligibility Option (CEO),true
080498000822,Kim Elementary School,Kim Reorganized School District No. 88,Kim,11,4,Yes under Community Eligibility Option (CEO),false
080498000823,Kim Undivided High School,Kim Reorganized School District No. 88,Kim,14,3,Yes under Provision 2,true
080399001849,Kinard Core Knowledge Middle School,Poudre School District R-1,Fort Collins,762,90,Yes under Community Eligibility Option (CEO),false
080306001379,King Elementary School,Colorado Springs School District No. 11 in the county of E,Colorado Springs,270,158,Yes under Community Eligibility Option (CEO),false
080300001332,King-Murphy Elementary School,Clear Creek School District No. Re-1,Evergreen,151,26,Yes participating without using any Provision or the CEO,false
080501000824,Kiowa Elementary School,School District No. C-2 in the county of Elbert and State of,Kiowa,159,52,Yes under Community Eligibility Option (CEO),false
080501000825,Kiowa High School,School District No. C-2 in the county of Elbert and State of,Kiowa,67,29,Yes under Community Eligibility Option (CEO),false
080501001587,Kiowa Middle School,School District No. C-2 in the county of Elbert and State of,Kiowa,66,30,Yes under Community Eligibility Option (CEO),false
080336006448,Kipp Denver Collegiate High School,School District No. 1 in the county of Denver and State of C,Denver,477,420,Yes under Community Eligibility Option (CEO),true
080336006670,Kipp Northeast Denver Leadership Academy,School District No. 1 in the county of Denver and State of C,Denver,555,380,Yes under Community Eligibility Option (CEO),true
080336006519,Kipp Northeast Denver Middle School,School District No. 1 in the county of Denver and State of C,Denver,464,375,Yes under Community Eligibility Option (CEO),true
080336006652,Kipp Northeast Elementary,School District No. 1 in the county of Denver and State of C,Denver,495,375,Yes under Community Eligibility Option (CEO),false
080336001865,Kipp Sunshine Peak Academy,School District No. 1 in the county of Denver and State of C,Denver,301,282,Yes under Community Eligibility Option (CEO),true
080336006748,Kipp Sunshine Peak Elementary,School District No. 1 in the county of Denver and State of C,Denver,146,130,Yes under Community Eligibility Option (CEO),false
080504000827,Kit Carson Elementary School,Kit Carson School District No. R-1,Kit Carson,54,36,Yes under Community Eligibility Option (CEO),false
080504000826,Kit Carson Junior-Senior High School,Kit Carson School District No. R-1,Kit Carson,55,33,Yes under Community Eligibility Option (CEO),false
080336000371,Knapp Elementary School,School District No. 1 in the county of Denver and State of C,Denver,351,320,Yes under Community Eligibility Option (CEO),false
080483002029,Knowledge Quest Academy,Weld County School District No. Re-5J,Milliken,395,107,Yes under Community Eligibility Option (CEO),false
080249000120,Kohl Elementary School,Boulder Valley School District No. Re2,Broomfield,273,73,Yes under Community Eligibility Option (CEO),false
080399000147,Kruse Elementary School,Poudre School District R-1,Fort Collins,406,158,Yes under Community Eligibility Option (CEO),false
080336006442,Kunsmiller Creative Arts Academy,School District No. 1 in the county of Denver and State of C,Denver,670,550,Yes under Community Eligibility Option (CEO),true
080002006828,Kwiyagat Community Academy,State Charter School Institute,Tawoac,61,61,Yes under Community Eligibility Option (CEO),false
080480000745,Kyffin Elementary School,Jefferson County School District No. R-1,Golden,503,53,Yes participating without using any Provision or the CEO,false
080510000844,La Jara Elementary School,North Conejos School District No. Re1J,La Jara,195,128,Yes under Community Eligibility Option (CEO),false
080513001974,La Junta Intermediate School,East Otero School District No. R1,La Junta,397,311,Yes under Community Eligibility Option (CEO),false
080513006484,La Junta Jr/Sr High School,East Otero School District No. R1,La Junta,501,362,Yes under Community Eligibility Option (CEO),true
080513001975,La Junta Primary School,East Otero School District No. R1,La Junta,296,226,Yes under Community Eligibility Option (CEO),false
080516000853,La Veta Elementary School,La Veta School District Re-2,La Veta,120,85,Yes under Community Eligibility Option (CEO),false
080516000854,La Veta Junior-Senior High School,La Veta School District Re-2,La Veta,118,79,Yes under Community Eligibility Option (CEO),false
080249000121,Lafayette Elementary School,Boulder Valley School District No. Re2,Lafayette,497,100,Yes under Community Eligibility Option (CEO),false
080462001969,Lake City Community School,Hinsdale County School District No. Re-1,Lake City,75,29,Yes under Community Eligibility Option (CEO),false
080519000859,Lake County Elementary School,Lake County School District No. R-1,Leadville,248,119,Yes under Community Eligibility Option (CEO),false
080519000857,Lake County High School,Lake County School District No. R-1,Leadville,389,215,Yes under Community Eligibility Option (CEO),true
080519000855,Lake County Intermediate School,Lake County School District No. R-1,Leadville,259,173,Yes under Community Eligibility Option (CEO),false
080384000501,Lake George Charter School,Park County School District No. Re-2,Lake George,152,44,Yes participating without using any Provision or the CEO,false
080336006490,Lake Middle School,School District No. 1 in the county of Denver and State of C,Denver,592,449,Yes under Community Eligibility Option (CEO),true
080447001689,Lake Preschool,Gunnison Watershed School District Re1J,Gunnison,74,25,Yes participating without using any Provision or the CEO,false
080480000747,Lakewood High School,Jefferson County School District No. R-1,Lakewood,1735,638,Yes under Community Eligibility Option (CEO),false
080522000862,Lamar High School,Lamar School District No. Re-2,Lamar,393,268,Yes under Community Eligibility Option (CEO),false
080522000861,Lamar Middle School,Lamar School District No. Re-2,Lamar,275,210,Yes under Community Eligibility Option (CEO),true
080258006325,Landmark Academy at Reunion,School District 27J,Commerce City,758,208,Yes under Community Eligibility Option (CEO),false
080234000068,Lansing Elementary Community School,Aurora Joint District No. 28 of the counties of Adams and A,Aurora,366,314,Yes under Community Eligibility Option (CEO),false
080234001627,Laredo Child Development Center,Aurora Joint District No. 28 of the counties of Adams and A,Aurora,210,165,Yes under Community Eligibility Option (CEO),false
080234000069,Laredo Elementary School,Aurora Joint District No. 28 of the counties of Adams and A,Aurora,449,406,Yes under Community Eligibility Option (CEO),false
080291000197,Laredo Middle School,Cherry Creek School District No. 5 in the county of Arapah,Aurora,846,426,Yes under Community Eligibility Option (CEO),false
080345000441,Larkspur Elementary School,Douglas County School District No. Re 1,Larkspur,161,38,Yes participating without using any Provision or the CEO,false
080525000866,Las Animas Elementary School,Las Animas School District No. Re-1,Las Animas,209,172,Yes under Community Eligibility Option (CEO),false
080525000868,Las Animas High School,Las Animas School District No. Re-1,Las Animas,132,107,Yes under Community Eligibility Option (CEO),true
080525000867,Las Animas Junior High School,Las Animas School District No. Re-1,Las Animas,64,52,Yes under Community Eligibility Option (CEO),true
080480000748,Lasley Elementary School,Jefferson County School District No. R-1,Lakewood,576,437,Yes under Community Eligibility Option (CEO),false
080399000583,Laurel Elementary School,Poudre School District R-1,Fort Collins,412,225,Yes under Community Eligibility Option (CEO),false
080540001301,Laurene Edmondson Elementary School,Thompson School District R-2J,Loveland,235,150,Yes under Community Eligibility Option (CEO),false
080480000749,Lawrence Elementary School,Jefferson County School District No. R-1,Arvada,412,304,Yes under Community Eligibility Option (CEO),false
080480000750,Leawood Elementary School,Jefferson County School District No. R-1,Littleton,321,87,Yes participating without using any Provision or the CEO,false
080372001586,Legacy Academy,Elizabeth School District,Elizabeth,428,83,Yes participating without using any Provision or the CEO,false
080537001830,Legacy Elementary School,St. Vrain Valley School District No. Re1J,Frederick,430,162,Yes under Community Eligibility Option (CEO),false
080690001784,Legacy High School,Adams 12 Five Star Schools,Broomfield,2052,491,Yes participating without using any Provision or the CEO,false
080336006669,Legacy Options High School,School District No. 1 in the county of Denver and State of C,Denver,153,130,Yes under Community Eligibility Option (CEO),true
080192006758,Legacy Peak Elementary School,Academy School District No. 20 in the county of El Paso an,Colorado Springs,652,153,Yes under Community Eligibility Option (CEO),false
080345001960,Legacy Point Elementary School,Douglas County School District No. Re 1,Parker,499,103,Yes participating without using any Provision or the CEO,false
080345006400,Legend High School,Douglas County School District No. Re 1,Parker,2206,291,Yes participating without using any Provision or the CEO,false
080345006765,Leman Classical Academy,Douglas County School District No. Re 1,Parker,1390,197,Yes participating without using any Provision or the CEO,false
080336001864,Lena Archuleta Elementary School,School District No. 1 in the county of Denver and State of C,Denver,515,398,Yes under Community Eligibility Option (CEO),false
080402000554,Leo William Butler Elementary School,Weld re-8 schools,Fort Lupton,355,236,Yes under Community Eligibility Option (CEO),false
080690001306,Leroy Elementary,Adams 12 Five Star Schools,Northglenn,435,343,Yes under Community Eligibility Option (CEO),false
080399001408,Lesher Middle School,Poudre School District R-1,Fort Collins,766,226,Yes under Community Eligibility Option (CEO),false
080195001307,Lester R Arnold High School,School District N. 14 in the county of Adams & State of Colo,Commerce City,184,164,Yes under Community Eligibility Option (CEO),true
080309000837,Lewis-Arriola Elementary School,Montezuma-Cortez School District No. Re-1,Cortez,125,51,Yes under Community Eligibility Option (CEO),false
080582001004,Lewis-Palmer Elementary School,Lewis-Palmer Consolidated School District No. 38 in the co,Monument,409,78,Yes participating without using any Provision or the CEO,false
080582001003,Lewis-Palmer High School,Lewis-Palmer Consolidated School District No. 38 in the co,Monument,1144,,No,false
080582001002,Lewis-Palmer Middle School,Lewis-Palmer Consolidated School District No. 38 in the co,Monument,731,,No,false
080399001608,Liberty Common Charter School,Poudre School District R-1,Fort Collins,1516,,No,false
080192001429,Liberty High School,Academy School District No. 20 in the county of El Paso an,Colorado Springs,1526,387,Yes participating without using any Provision or the CEO,false
080291001711,Liberty Middle School,Cherry Creek School District No. 5 in the county of Arapah,Aurora,868,328,Yes under Community Eligibility Option (CEO),false
080615001080,Liberty Point Elementary School,Pueblo County School District 70,Pueblo West,451,294,Yes under Community Eligibility Option (CEO),false
080615001357,Liberty Point International School,Pueblo County School District 70,Pueblo West,417,254,Yes under Community Eligibility Option (CEO),true
080001901744,Liberty School,Liberty J-4 School District,Joes,76,33,Yes under Community Eligibility Option (CEO),false
080387006744,Liberty Tree Academy,El Paso County Colorado School District 49,Falcon,602,169,Yes participating without using any Provision or the CEO,false
080528000870,Limon Elementary School,Limon School District No. Re 4J,Limon,218,104,Yes under Community Eligibility Option (CEO),false
080528000871,Limon Junior-Senior High School,Limon School District No. Re 4J,Limon,233,102,Yes under Community Eligibility Option (CEO),false
080480001605,Lincoln Charter Academy,Jefferson County School District No. R-1,Arvada,824,234,Yes under Community Eligibility Option (CEO),false
080333000301,Lincoln Elementary School,Delta County Joint District No. 50,Delta,371,247,Yes under Community Eligibility Option (CEO),false
080336000375,Lincoln Elementary School,School District No. 1 in the county of Denver and State of C,Denver,310,81,Yes participating without using any Provision or the CEO,false
080540000934,Lincoln Elementary School,Thompson School District R-2J,Loveland,196,93,Yes under Community Eligibility Option (CEO),false
080405001611,Lincoln High School,School District No. Re-3 Fort Morgan,Fort Morgan,43,23,Yes under Community Eligibility Option (CEO),true
080399000536,Lincoln Middle School,Poudre School District R-1,Fort Collins,552,368,Yes under Community Eligibility Option (CEO),true
080435000613,Lincoln Orchard Mesa Elementary School,Mesa County Valley School District No. 51,Grand Junction,289,178,Yes under Community Eligibility Option (CEO),false
080279000174,Lincoln School of Science and Technology,Fremont Re-1,Canon City,254,155,Yes under Community Eligibility Option (CEO),false
080399001498,Linton Elementary School,Poudre School District R-1,Fort Collins,307,207,Yes under Community Eligibility Option (CEO),false
080480000751,Little Elementary School,Jefferson County School District No. R-1,Arvada,310,202,Yes under Community Eligibility Option (CEO),false
080531000890,Little Raven Elementary School,Littleton School District No. 6 in the county of Arapahoe,Littleton,475,191,Yes under Community Eligibility Option (CEO),false
080402006754,Little Trappers Preschool,Weld re-8 schools,Fort Lupton,157,93,Yes participating without using any Provision or the CEO,false
080531001515,Littleton Academy,Littleton School District No. 6 in the county of Arapahoe,Littleton,455,49,Yes participating without using any Provision or the CEO,false
080531000884,Littleton High School,Littleton School District No. 6 in the county of Arapahoe,Littleton,1187,477,Yes under Community Eligibility Option (CEO),false
080531001626,Littleton Prep Charter School,Littleton School District No. 6 in the county of Arapahoe,Littleton,498,135,Yes under Community Eligibility Option (CEO),false
080492002025,Lochbuie Elementary School,Weld County School District RE-3J,Lochbuie,239,148,Yes under Community Eligibility Option (CEO),false
080531001300,Lois Lenski Elementary School,Littleton School District No. 6 in the county of Arapahoe,Centennial,509,57,Yes participating without using any Provision or the CEO,false
080435000615,Loma Elementary School,Mesa County Valley School District No. 51,Loma,207,78,Yes under Community Eligibility Option (CEO),false
080534000894,Lone Star Elementary School,Lone Star School District No. 101,Otis,56,20,Yes under Community Eligibility Option (CEO),false
080534006376,Lone Star Middle School,Lone Star School District No. 101,Otis,19,9,Yes under Community Eligibility Option (CEO),false
080534000895,Lone Star Undivided High School,Lone Star School District No. 101,Otis,44,25,Yes participating without using any Provision or the CEO,false
080345006341,Lone Tree Elementary,Douglas County School District No. Re 1,Lone Tree,392,27,Yes participating without using any Provision or the CEO,false
080633001108,Longfellow Elementary School,Salida School District No. R-32,Salida,449,178,Yes under Community Eligibility Option (CEO),false
080537000907,Longmont Estates Elementary School,St. Vrain Valley School District No. Re1J,Longmont,365,154,Yes under Community Eligibility Option (CEO),false
080537000909,Longmont High School,St. Vrain Valley School District No. Re1J,Longmont,1268,608,Yes under Community Eligibility Option (CEO),false
080537000910,Longs Peak Middle School,St. Vrain Valley School District No. Re1J,Longmont,381,306,Yes under Community Eligibility Option (CEO),true
080480000988,Longview High School,Jefferson County School District No. R-1,Lakewood,20,17,Yes under Community Eligibility Option (CEO),false
080399001409,Lopez Elementary School,Poudre School District R-1,Fort Collins,361,176,Yes under Community Eligibility Option (CEO),false
080234001916,Lotus School for Excellence,Aurora Joint District No. 28 of the counties of Adams and A,Aurora,1008,925,Yes under Community Eligibility Option (CEO),true
080249000124,Louisville Elementary School,Boulder Valley School District No. Re2,Louisville,449,106,Yes under Community Eligibility Option (CEO),false
080249000125,Louisville Middle School,Boulder Valley School District No. Re2,Louisville,626,116,Yes participating without using any Provision or the CEO,false
080540006534,Loveland Classical School,Thompson School District R-2J,Loveland,1032,233,Yes participating without using any Provision or the CEO,false
080540000935,Loveland High School,Thompson School District R-2J,Loveland,1354,370,Yes under Community Eligibility Option (CEO),false
080336001867,Lowry Elementary School,School District No. 1 in the county of Denver and State of C,Denver,400,299,Yes under Community Eligibility Option (CEO),false
080540001655,Lucile Erwin Middle School,Thompson School District R-2J,Loveland,686,253,Yes under Community Eligibility Option (CEO),false
080480001486,Lukas Elementary School,Jefferson County School District No. R-1,Westminster,402,126,Yes under Community Eligibility Option (CEO),false
080480000752,Lumberg Elementary School,Jefferson County School District No. R-1,Edgewater,526,449,Yes under Community Eligibility Option (CEO),false
080537000911,Lyons Elementary School,St. Vrain Valley School District No. Re1J,Lyons,255,50,Yes under Community Eligibility Option (CEO),false
080537000912,Lyons Middle/Senior High School,St. Vrain Valley School District No. Re1J,Lyons,344,90,Yes participating without using any Provision or the CEO,false
080306000251,Madison Elementary School,Colorado Springs School District No. 11 in the county of E,Colorado Springs,265,194,Yes under Community Eligibility Option (CEO),false
080690001181,Malley Drive Elementary School,Adams 12 Five Star Schools,Northglenn,435,337,Yes under Community Eligibility Option (CEO),false
080345006337,Mammoth Heights Elementary,Douglas County School District No. Re 1,Parker,598,166,Yes under Community Eligibility Option (CEO),false
080510000845,Manassa Elementary School,North Conejos School District No. Re1J,Manassa,190,143,Yes under Community Eligibility Option (CEO),false
080546006540,Mancos Early Learning Center,Mancos School District Re-6,Mancos,36,17,Yes under Community Eligibility Option (CEO),false
080546000943,Mancos Elementary School,Mancos School District Re-6,Mancos,217,82,Yes under Community Eligibility Option (CEO),false
080546000944,Mancos High School,Mancos School District Re-6,Mancos,142,42,Yes under Community Eligibility Option (CEO),false
080546001287,Mancos Middle School,Mancos School District Re-6,Mancos,116,54,Yes under Community Eligibility Option (CEO),false
080480001384,Mandalay Middle School,Jefferson County School District No. R-1,Westminster,443,174,Yes under Community Eligibility Option (CEO),false
080249000104,Manhattan Middle School of the Arts and Academics,Boulder Valley School District No. Re2,Boulder,482,150,Yes under Community Eligibility Option (CEO),false
080549000947,Manitou Springs Elementary School,Manitou Springs School District No. 14 in the county of El,Manitou Springs,331,129,Yes under Community Eligibility Option (CEO),false
080549000946,Manitou Springs High School,Manitou Springs School District No. 14 in the county of El,Manitou Springs,367,127,Yes under Community Eligibility Option (CEO),false
080549000945,Manitou Springs Middle School,Manitou Springs School District No. 14 in the county of El,Manitou Springs,275,101,Yes under Community Eligibility Option (CEO),false
080306000242,Mann Middle School,Colorado Springs School District No. 11 in the county of E,Colorado Springs,300,219,Yes under Community Eligibility Option (CEO),true
080480001746,Manning Options School,Jefferson County School District No. R-1,Lakewood,685,84,Yes participating without using any Provision or the CEO,false
080336006328,Manual High School,School District No. 1 in the county of Denver and State of C,Denver,348,272,Yes under Community Eligibility Option (CEO),true
080336006687,Manual Middle School,School District No. 1 in the county of Denver and State of C,Denver,257,183,Yes under Community Eligibility Option (CEO),false
080552000949,Manzanola Elementary School,Manzanola Joint District No. 3J of the counties of Otero a,Manzanola,71,61,Yes under Community Eligibility Option (CEO),false
080552001375,Manzanola Junior-Senior High School,Manzanola Joint District No. 3J of the counties of Otero a,Manzanola,103,81,Yes under Community Eligibility Option (CEO),true
080480000754,Maple Grove Elementary School,Jefferson County School District No. R-1,Golden,390,53,Yes participating without using any Provision or the CEO,false
080555001858,Mapleton Early Career Preparation,Mapleton School District No. 1 in the county of Adams & St,Thornton,306,221,Yes under Community Eligibility Option (CEO),false
080249006571,Mapleton Early Childhood Center,Boulder Valley School District No. Re2,Boulder,68,28,Yes under Community Eligibility Option (CEO),false
080555001857,Mapleton Expeditionary School of the Arts,Mapleton School District No. 1 in the county of Adams & St,Thornton,393,272,Yes under Community Eligibility Option (CEO),true
080555006860,Mapleton Online,Mapleton School District No. 1 in the county of Adams & St,Denver,152,,No,false
080441006469,Maplewood Elementary School,GreeleySchool District No. 6 in the county of Weld and Sta,Greeley,544,475,Yes under Community Eligibility Option (CEO),false
080447001507,Marble Charter School,Gunnison Watershed School District Re1J,Marble,34,3,Yes participating without using any Provision or the CEO,false
080336001739,Marie L. Greenwood Academy,School District No. 1 in the county of Denver and State of C,Denver,597,528,Yes under Community Eligibility Option (CEO),true
080336001380,Marrama Elementary School,School District No. 1 in the county of Denver and State of C,Denver,547,468,Yes under Community Eligibility Option (CEO),false
080576001110,Marsh Elementary School,Monte Vista School District No. C-8,Monte Vista,166,106,Yes under Community Eligibility Option (CEO),false
080480001316,Marshdale Elementary School,Jefferson County School District No. R-1,Evergreen,375,26,Yes under Community Eligibility Option (CEO),false
080648001121,Martin Luther King Jr Elementary School,School District No. 3 in the county of El Paso and State of,Colorado Springs,498,229,Yes under Community Eligibility Option (CEO),false
080306001470,Martinez Elementary School,Colorado Springs School District No. 11 in the county of E,Colorado Springs,354,161,Yes under Community Eligibility Option (CEO),false
080441000633,Martinez Elementary School,GreeleySchool District No. 6 in the county of Weld and Sta,Greeley,469,377,Yes under Community Eligibility Option (CEO),false
080291006344,Marvin W Foote Youth Services Center,Cherry Creek School District No. 5 in the county of Arapah,Centennial,36,14,Yes participating without using any Provision or the CEO,false
080258001949,Mary E Pennock Elementary School,School District 27J,Brighton,592,354,Yes under Community Eligibility Option (CEO),false
080336001635,Maxwell Elementary School,School District No. 1 in the county of Denver and State of C,Denver,638,593,Yes under Community Eligibility Option (CEO),false
080573000980,Maybell School,Moffat County School District RE: No. 1,Maybell,11,4,Yes under Community Eligibility Option (CEO),false
080306006319,McAuliffe Elementary,Colorado Springs School District No. 11 in the county of E,Colorado Springs,448,203,Yes under Community Eligibility Option (CEO),false
080336006562,McAuliffe International School,School District No. 1 in the county of Denver and State of C,Denver,1329,365,Yes participating without using any Provision or the CEO,false
080558000962,McClave Elementary School,McClave School District No. Re-2,Mc Clave,126,53,Yes under Community Eligibility Option (CEO),false
080558000963,McClave Undivided High School,McClave School District No. Re-2,Mc Clave,105,27,Yes under Community Eligibility Option (CEO),false
080690001182,McElwain Elementary School,Adams 12 Five Star Schools,Thornton,361,325,Yes under Community Eligibility Option (CEO),false
080336001276,McGlone Academy,School District No. 1 in the county of Denver and State of C,Denver,842,749,Yes under Community Eligibility Option (CEO),true
080399000165,McGraw Elementary School,Poudre School District R-1,Fort Collins,349,120,Yes under Community Eligibility Option (CEO),false
080279000175,McKinley Elementary School,Fremont Re-1,Canon City,262,161,Yes under Community Eligibility Option (CEO),false
080336000377,McKinley-Thatcher Elementary School,School District No. 1 in the county of Denver and State of C,Denver,305,74,Yes participating without using any Provision or the CEO,false
080480006163,McLain Community High School,Jefferson County School District No. R-1,Lakewood,349,211,Yes under Community Eligibility Option (CEO),false
080336000378,McMeen Elementary School,School District No. 1 in the county of Denver and State of C,Denver,706,447,Yes under Community Eligibility Option (CEO),false
080537000914,Mead Elementary School,St. Vrain Valley School District No. Re1J,Mead,879,238,Yes under Community Eligibility Option (CEO),false
080537006423,Mead High School,St. Vrain Valley School District No. Re1J,Longmont,1174,306,Yes under Community Eligibility Option (CEO),false
080537000915,Mead Middle School,St. Vrain Valley School District No. Re1J,Mead,571,154,Yes under Community Eligibility Option (CEO),false
080555002031,Meadow Community School,Mapleton School District No. 1 in the county of Adams & St,Thornton,378,283,Yes under Community Eligibility Option (CEO),true
080291001329,Meadow Point Elementary School,Cherry Creek School District No. 5 in the county of Arapah,Aurora,401,240,Yes under Community Eligibility Option (CEO),false
080492006743,Meadow Ridge Elementary School,Weld County School District RE-3J,Lochbuie,440,247,Yes under Community Eligibility Option (CEO),false
080345001785,Meadow View Elementary School,Douglas County School District No. Re 1,Castle Rock,508,130,Yes under Community Eligibility Option (CEO),false
080249006716,Meadowlark School,Boulder Valley School District No. Re2,Erie,747,77,Yes participating without using any Provision or the CEO,false
080234006495,Meadowood Child Development Center,Aurora Joint District No. 28 of the counties of Adams and A,Aurora,166,97,Yes under Community Eligibility Option (CEO),false
080441000648,Meeker Elementary School,GreeleySchool District No. 6 in the county of Weld and Sta,Greeley,475,345,Yes under Community Eligibility Option (CEO),false
080561000965,Meeker Elementary School,Meeker School District Re1,Meeker,285,121,Yes under Community Eligibility Option (CEO),false
080561000967,Meeker High School,Meeker School District Re1,Meeker,224,85,Yes under Community Eligibility Option (CEO),false
080480001923,Meiklejohn Elementary,Jefferson County School District No. R-1,Arvada,521,37,Yes participating without using any Provision or the CEO,false
080522001983,Melvin Hendrickson Development Center,Lamar School District No. Re-2,Lamar,122,83,Yes under Community Eligibility Option (CEO),false
080690001733,Meridian Elementary School,Adams 12 Five Star Schools,Broomfield,525,120,Yes under Community Eligibility Option (CEO),false
080387001843,Meridian Ranch Elementary School,El Paso County Colorado School District 49,Falcon,670,184,Yes under Community Eligibility Option (CEO),false
080564000969,Merino Elementary School,School District No. Re-4 Buffalo,Merino,159,42,Yes under Community Eligibility Option (CEO),false
080564000970,Merino Junior Senior High School,School District No. Re-4 Buffalo,Merino,155,50,Yes under Community Eligibility Option (CEO),false
080738006844,Merit Academy,Woodland Park School District No. Re-2,Woodland Park,452,122,Yes under Community Eligibility Option (CEO),false
080336000379,Merrill Middle School,School District No. 1 in the county of Denver and State of C,Denver,611,239,Yes participating without using any Provision or the CEO,false
080249000129,Mesa Elementary School,Boulder Valley School District No. Re2,Boulder,250,34,Yes under Community Eligibility Option (CEO),false
080309000839,Mesa Elementary School,Montezuma-Cortez School District No. Re-1,Cortez,359,275,Yes under Community Eligibility Option (CEO),false
080408000564,Mesa Elementary School,Fountain School District No. 8 in the county of El Paso an,Fountain,668,344,Yes under Community Eligibility Option (CEO),false
080723001242,Mesa Elementary School,Westminster Public Schools,Westminster,317,285,Yes under Community Eligibility Option (CEO),false
080345006371,Mesa Middle School,Douglas County School District No. Re 1,Castle Rock,852,218,Yes participating without using any Provision or the CEO,false
080648001588,Mesa Ridge High School,School District No. 3 in the county of El Paso and State of,Colorado Springs,1304,468,Yes under Community Eligibility Option (CEO),false
080435006384,Mesa Valley Community School,Mesa County Valley School District No. 51,Grand Junction,178,53,Yes participating without using any Provision or the CEO,false
080435001344,Mesa View Elementary School,Mesa County Valley School District No. 51,Grand Junction,375,207,Yes under Community Eligibility Option (CEO),false
080723001232,Metropolitan Arts Academy,Westminster Public Schools,Denver,302,243,Yes under Community Eligibility Option (CEO),false
080567006881,Miami Yoder Preparatory Academy,Miami-Yoder Joint District No. 60 of the counties of El Pas,Rush,41,,No,false
080567000972,Miami-Yoder Middle/High School,Miami-Yoder Joint District No. 60 of the counties of El Pas,Rush,184,115,Yes under Community Eligibility Option (CEO),true
080567000971,Miami/Yoder Elementary School,Miami-Yoder Joint District No. 60 of the counties of El Pas,Rush,173,112,Yes under Community Eligibility Option (CEO),false
080432000596,Middle Park High School,East Grand School District No. 2,Granby,413,113,Yes participating without using any Provision or the CEO,false
080306000253,Midland Elementary School,Colorado Springs School District No. 11 in the county of E,Colorado Springs,129,91,Yes under Community Eligibility Option (CEO),false
080195000404,Mildred L Sanville Preschool,School District N. 14 in the county of Adams & State of Colo,Commerce City,33,,No,false
080348000452,Miller Middle School,Durango School District No. 9-R,Durango,360,127,Yes under Community Eligibility Option (CEO),false
080480000756,Miller Special Education,Jefferson County School District No. R-1,Lakewood,97,37,Yes participating without using any Provision or the CEO,false
080483000808,Milliken Elementary School,Weld County School District No. Re-5J,Milliken,472,233,Yes under Community Eligibility Option (CEO),false
080612001057,Minnequa Elementary School,Pueblo School District No. 60 in the county of Pueblo and,Pueblo,277,235,Yes under Community Eligibility Option (CEO),false
080291000198,Mission Viejo Elementary School,Cherry Creek School District No. 5 in the county of Arapah,Aurora,552,297,Yes under Community Eligibility Option (CEO),false
080480000757,Mitchell Elementary School,Jefferson County School District No. R-1,Golden,478,53,Yes under Community Eligibility Option (CEO),false
080306000254,Mitchell High School,Colorado Springs School District No. 11 in the county of E,Colorado Springs,757,524,Yes under Community Eligibility Option (CEO),true
080573000981,Moffat County High School,Moffat County School District RE: No. 1,Craig,481,216,Yes participating without using any Provision or the CEO,false
080570000974,Moffat Prek-12 School,Moffat School District No. 2 in the county of Saguache and,Moffat,99,79,Yes under Community Eligibility Option (CEO),true
080195000017,Monaco Elementary School,School District N. 14 in the county of Adams & State of Colo,Commerce City,434,378,Yes under Community Eligibility Option (CEO),false
080249001632,Monarch High School,Boulder Valley School District No. Re2,Louisville,1431,232,Yes participating without using any Provision or the CEO,false
080249001573,Monarch K-8 School,Boulder Valley School District No. Re2,Louisville,698,167,Yes under Community Eligibility Option (CEO),false
080336006555,Monarch Montessori,School District No. 1 in the county of Denver and State of C,Denver,282,193,Yes under Community Eligibility Option (CEO),false
080441001312,Monfort Elementary School,GreeleySchool District No. 6 in the county of Weld and Sta,Greeley,373,257,Yes under Community Eligibility Option (CEO),false
080306000255,Monroe Elementary School,Colorado Springs School District No. 11 in the county of E,Colorado Springs,321,242,Yes under Community Eligibility Option (CEO),false
080336006591,Montbello Career and Technical High School,School District No. 1 in the county of Denver and State of C,Denver,158,117,Yes under Community Eligibility Option (CEO),true
080336006528,Montbello High School,School District No. 1 in the county of Denver and State of C,Denver,1112,966,Yes under Community Eligibility Option (CEO),true
080336006849,Montbello Middle School,School District No. 1 in the county of Denver and State of C,Denver,315,289,Yes under Community Eligibility Option (CEO),false
080336000384,Montclair School of Academics and Enrichment,School District No. 1 in the county of Denver and State of C,Denver,353,282,Yes under Community Eligibility Option (CEO),false
080576000986,Monte Vista Middle School,Monte Vista School District No. C-8,Monte Vista,190,138,Yes under Community Eligibility Option (CEO),true
080576001560,Monte Vista on-Line Academy,Monte Vista School District No. C-8,Monte Vista,43,,No,false
080576001356,Monte Vista Senior High School,Monte Vista School District No. C-8,Monte Vista,272,169,Yes under Community Eligibility Option (CEO),true
080555002021,Monterey Community School,Mapleton School District No. 1 in the county of Adams & St,Denver,440,346,Yes under Community Eligibility Option (CEO),false
080453000668,Monterey Elementary School,Harrison School District No. 2 in the county of El Paso an,Colorado Springs,272,218,Yes under Community Eligibility Option (CEO),false
080002006602,Montessori Del Mundo Charter School,State Charter School Institute,Aurora,365,245,Yes under Community Eligibility Option (CEO),false
080480001607,Montessori Peaks Charter Academy,Jefferson County School District No. R-1,Littleton,444,74,Yes under Community Eligibility Option (CEO),false
080309000840,Montezuma-Cortez High School,Montezuma-Cortez School District No. Re-1,Cortez,598,344,Yes under Community Eligibility Option (CEO),false
080309000833,Montezuma-Cortez Middle School,Montezuma-Cortez School District No. Re-1,Cortez,505,344,Yes under Community Eligibility Option (CEO),true
080579000992,Montrose High School,Montrose County School District Re-1J,Montrose,1279,579,Yes under Community Eligibility Option (CEO),false
080234000072,Montview Math & Health Sciences Elementary School,Aurora Joint District No. 28 of the counties of Adams and A,Aurora,380,361,Yes under Community Eligibility Option (CEO),false
080582006807,Monument Charter Academy,Lewis-Palmer Consolidated School District No. 38 in the co,Monument,612,61,Yes participating without using any Provision or the CEO,false
080582001536,Monument Charter Academy Secondary School,Lewis-Palmer Consolidated School District No. 38 in the co,Colorado Springs,541,59,Yes participating without using any Provision or the CEO,false
080435006801,Monument Ridge Elementary School,Mesa County Valley School District No. 51,Fruita,300,91,Yes under Community Eligibility Option (CEO),false
080002006706,Monument View Montessori Charter School,State Charter School Institute,Fruita,38,,No,false
080336000386,Morey Middle School,School District No. 1 in the county of Denver and State of C,Denver,479,139,Yes under Community Eligibility Option (CEO),false
080480000991,Mortensen Elementary School,Jefferson County School District No. R-1,Littleton,260,96,Yes under Community Eligibility Option (CEO),false
080612001058,Morton Elementary School,Pueblo School District No. 60 in the county of Pueblo and,Pueblo,374,290,Yes under Community Eligibility Option (CEO),false
080480001546,Mount Carbon Elementary School,Jefferson County School District No. R-1,Littleton,367,72,Yes under Community Eligibility Option (CEO),false
080435001345,Mount Garfield Middle School,Mesa County Valley School District No. 51,Clifton,569,391,Yes under Community Eligibility Option (CEO),true
080279001538,Mount View Core Knowledge Charter School,Fremont Re-1,Canon City,250,85,Yes participating without using any Provision or the CEO,false
080002006502,Mountain Middle School,State Charter School Institute,Durango,302,,No,false
080480006311,Mountain Phoenix Community School,Jefferson County School District No. R-1,Wheatridge,533,148,Yes participating without using any Provision or the CEO,false
080690001996,Mountain Range High School,Adams 12 Five Star Schools,Westminster,1788,956,Yes under Community Eligibility Option (CEO),false
080192001593,Mountain Ridge Middle School,Academy School District No. 20 in the county of El Paso an,Colorado Springs,690,243,Yes under Community Eligibility Option (CEO),false
080345001747,Mountain Ridge Middle School,Douglas County School District No. Re 1,Highlands Ranch,752,110,Yes participating without using any Provision or the CEO,false
080399006573,Mountain Sage Community School,Poudre School District R-1,Fort Collins,265,69,Yes participating without using any Provision or the CEO,false
080002006589,Mountain Song Community School,State Charter School Institute,Colorado Springs,324,153,Yes participating without using any Provision or the CEO,false
080630001415,Mountain Valley School,Mountain Valley School District No. Re 1,Saguache,105,80,Yes under Community Eligibility Option (CEO),true
080387006794,Mountain View Academy,El Paso County Colorado School District 49,Colorado Springs,387,128,Yes participating without using any Provision or the CEO,false
080690001362,Mountain View Elementary School,Adams 12 Five Star Schools,Broomfield,517,199,Yes under Community Eligibility Option (CEO),false
080192000005,Mountain View Elementary School,Academy School District No. 20 in the county of El Paso an,Colorado Springs,567,146,Yes participating without using any Provision or the CEO,false
080537000916,Mountain View Elementary School,St. Vrain Valley School District No. Re1J,Longmont,321,246,Yes under Community Eligibility Option (CEO),false
080345006152,Mountain View Elementary School,Douglas County School District No. Re 1,Parker,324,53,Yes participating without using any Provision or the CEO,false
080735001262,Mountain View Elementary School,Weld County Reorganized School District No. Re-4,Windsor,256,92,Yes under Community Eligibility Option (CEO),false
080540001786,Mountain View High School,Thompson School District R-2J,Loveland,1074,368,Yes under Community Eligibility Option (CEO),false
080453001903,Mountain Vista Community School,Harrison School District No. 2 in the county of El Paso an,Colorado Springs,590,428,Yes under Community Eligibility Option (CEO),true
080291006607,Mountain Vista Elementary School,Cherry Creek School District No. 5 in the county of Arapah,Centennial,568,163,Yes under Community Eligibility Option (CEO),false
080345001748,Mountain Vista High School,Douglas County School District No. Re 1,Highlands Ranch,2169,276,Yes participating without using any Provision or the CEO,false
080408000856,Mountainside Elementary School,Fountain School District No. 8 in the county of El Paso an,Fort Carson,346,153,Yes participating without using any Provision or the CEO,false
080234000073,Mrachek Middle School,Aurora Joint District No. 28 of the counties of Adams and A,Aurora,811,671,Yes under Community Eligibility Option (CEO),true
080336000387,Munroe Elementary School,School District No. 1 in the county of Denver and State of C,Denver,332,295,Yes under Community Eligibility Option (CEO),false
080234001881,Murphy Creek K-8 School,Aurora Joint District No. 28 of the counties of Adams and A,Aurora,855,512,Yes participating without using any Provision or the CEO,false
080540000937,Namaqua Elementary School,Thompson School District R-2J,Loveland,236,83,Yes under Community Eligibility Option (CEO),false
080249000130,Nederland Elementary School,Boulder Valley School District No. Re2,Nederland,196,65,Yes under Community Eligibility Option (CEO),false
080249000131,Nederland Middle-Senior High School,Boulder Valley School District No. Re2,Nederland,235,90,Yes under Community Eligibility Option (CEO),false
080348000453,Needham Elementary School,Durango School District No. 9-R,Durango,367,155,Yes under Community Eligibility Option (CEO),false
080612006883,Nettie S Freed K-8 Expeditionary School,Pueblo School District No. 60 in the county of Pueblo and,Pueblo,425,294,Yes under Community Eligibility Option (CEO),false
080249000132,Nevin Platt Middle School,Boulder Valley School District No. Re2,Boulder,483,71,Yes participating without using any Provision or the CEO,false
080480002014,New America School,Jefferson County School District No. R-1,Lakewood,74,66,Yes under Community Eligibility Option (CEO),true
080002001882,New America School - Aurora,State Charter School Institute,Denver,82,76,Yes under Community Eligibility Option (CEO),true
080690006480,New America School - Thornton,Adams 12 Five Star Schools,Thornton,190,161,Yes under Community Eligibility Option (CEO),true
080435001552,New Emerson School at Columbus,Mesa County Valley School District No. 51,Grand Junction,138,,Yes participating without using any Provision or the CEO,false
080002006661,New Legacy Charter School,State Charter School Institute,Aurora,96,96,Yes under Community Eligibility Option (CEO),true
080537001374,New Meridian High School,St. Vrain Valley School District No. Re1J,Longmont,95,61,Yes under Community Eligibility Option (CEO),false
080192006745,New Summit Charter Academy,Academy School District No. 20 in the county of El Paso an,Colorado Springs,628,238,Yes under Community Eligibility Option (CEO),false
080540002006,New Vision Charter School,Thompson School District R-2J,Loveland,1005,216,Yes under Community Eligibility Option (CEO),false
080249000465,New Vista High School,Boulder Valley School District No. Re2,Boulder,327,86,Yes under Community Eligibility Option (CEO),false
080336000388,Newlon Elementary School,School District No. 1 in the county of Denver and State of C,Denver,293,271,Yes under Community Eligibility Option (CEO),false
080531000885,Newton Middle School,Littleton School District No. 6 in the county of Arapahoe,Centennial,781,98,Yes participating without using any Provision or the CEO,false
080306000232,Nikola Tesla Education Opportunity Center,Colorado Springs School District No. 11 in the county of E,Colorado Springs,291,230,Yes under Community Eligibility Option (CEO),true
080435000616,Nisley Elementary School,Mesa County Valley School District No. 51,Grand Junction,346,282,Yes under Community Eligibility Option (CEO),false
080537000917,Niwot Elementary School,St. Vrain Valley School District No. Re1J,Niwot,411,39,Yes under Community Eligibility Option (CEO),false
080537000918,Niwot High School,St. Vrain Valley School District No. Re1J,Niwot,1509,387,Yes participating without using any Provision or the CEO,false
080480006882,Norma Anderson Early Learning Center,Jefferson County School District No. R-1,Wheat Ridge,112,30,Yes under Community Eligibility Option (CEO),false
080480000759,Normandy Elementary School,Jefferson County School District No. R-1,Littleton,262,48,Yes under Community Eligibility Option (CEO),false
080480000760,North Arvada Middle School,Jefferson County School District No. R-1,Arvada,464,310,Yes under Community Eligibility Option (CEO),true
080510006601,North Conejos Alternative Program,North Conejos School District No. Re1J,Lajara,30,21,Yes under Community Eligibility Option (CEO),true
080333000300,North Fork High School,Delta County Joint District No. 50,Hotchkiss,265,120,Yes under Community Eligibility Option (CEO),false
080333000295,North Fork Montessori @ Crawford,Delta County Joint District No. 50,Crawford,120,70,Yes under Community Eligibility Option (CEO),false
080333006667,North Fork School of Integrated Studies,Delta County Joint District No. 50,Paonia,112,58,Yes under Community Eligibility Option (CEO),false
080336000389,North High School,School District No. 1 in the county of Denver and State of C,Denver,1653,1035,Yes under Community Eligibility Option (CEO),true
080336006569,North High School Engagement Center,School District No. 1 in the county of Denver and State of C,Denver,103,89,Yes under Community Eligibility Option (CEO),true
080615001076,North Mesa Elementary School,Pueblo County School District 70,Pueblo,400,206,Yes under Community Eligibility Option (CEO),false
080306000256,North Middle School,Colorado Springs School District No. 11 in the county of E,Colorado Springs,636,399,Yes under Community Eligibility Option (CEO),true
080234000074,North Middle School Health Sciences and Technology Campus,Aurora Joint District No. 28 of the counties of Adams and A,Aurora,565,515,Yes under Community Eligibility Option (CEO),false
080690001184,North Mor Elementary School,Adams 12 Five Star Schools,Northglenn,304,241,Yes under Community Eligibility Option (CEO),false
080705001209,North Park School,North Park School District R-1,Walden,144,44,Yes under Provision 2,true
080666001749,North Routt Community Charter School,Steamboat Springs School District No. Re 2,Clark,82,,No,false
080345002011,North Star Academy,Douglas County School District No. Re 1,Parker,684,51,Yes participating without using any Provision or the CEO,false
080690001185,North Star Elementary School,Adams 12 Five Star Schools,Denver,320,276,Yes under Community Eligibility Option (CEO),false
080420000577,North Valley Middle School,Weld County Reorganized School District No. Re-1,Gilcrest,248,166,Yes under Community Eligibility Option (CEO),true
080555006433,North Valley School for Young Adults,Mapleton School District No. 1 in the county of Adams & St,Thornton,102,67,Yes under Community Eligibility Option (CEO),false
080336006527,Northeast Early College,School District No. 1 in the county of Denver and State of C,Denver,507,435,Yes under Community Eligibility Option (CEO),true
080258000149,Northeast Elementary School,School District 27J,Brighton,470,370,Yes under Community Eligibility Option (CEO),false
080345000442,Northeast Elementary School,Douglas County School District No. Re 1,Parker,329,52,Yes participating without using any Provision or the CEO,false
080336006660,Northfield High School,School District No. 1 in the county of Denver and State of C,Denver,2137,691,Yes participating without using any Provision or the CEO,false
080690001188,Northglenn High School,Adams 12 Five Star Schools,Northglenn,1844,1323,Yes under Community Eligibility Option (CEO),false
080690001187,Northglenn Middle School,Adams 12 Five Star Schools,Northglenn,672,573,Yes under Community Eligibility Option (CEO),true
080345001339,Northridge Elementary School,Douglas County School District No. Re 1,Highlands Ranch,560,86,Yes participating without using any Provision or the CEO,false
080537000920,Northridge Elementary School,St. Vrain Valley School District No. Re1J,Longmont,318,246,Yes under Community Eligibility Option (CEO),false
080441001788,Northridge High School,GreeleySchool District No. 6 in the county of Weld and Sta,Greeley,1322,906,Yes under Community Eligibility Option (CEO),true
080579000994,Northside Elementary School,Montrose County School District Re-1J,Montrose,327,250,Yes under Community Eligibility Option (CEO),false
080588001012,Norwood Public Schools,Norwood School District No. R-2J,Norwood,191,89,Yes under Community Eligibility Option (CEO),true
080585001398,Nucla Elementary School,West End School District No. Re-2,Naturita,161,90,Yes under Community Eligibility Option (CEO),false
080585001007,Nucla High School,West End School District No. Re-2,Nucla,60,35,Yes under Community Eligibility Option (CEO),false
080585006727,Nucla Middle School,West End School District No. Re-2,Nucla,39,23,Yes under Community Eligibility Option (CEO),true
080399000539,O'Dea Elementary School,Poudre School District R-1,Fort Collins,398,180,Yes under Community Eligibility Option (CEO),false
080453001369,Oak Creek Elementary School,Harrison School District No. 2 in the county of El Paso an,Colorado Springs,235,176,Yes under Community Eligibility Option (CEO),false
080579000995,Oak Grove Elementary School,Montrose County School District Re-1J,Montrose,374,154,Yes under Community Eligibility Option (CEO),false
080336006525,Oakland Elementary,School District No. 1 in the county of Denver and State of C,Denver,352,301,Yes under Community Eligibility Option (CEO),false
080480001283,Oberon Middle School,Jefferson County School District No. R-1,Arvada,704,199,Yes under Community Eligibility Option (CEO),false
080306006580,Odyssey Early College and Career Options,Colorado Springs School District No. 11 in the county of E,Colorado Springs,287,147,Yes under Community Eligibility Option (CEO),false
080387002035,Odyssey Elementary School,El Paso County Colorado School District 49,Colorado Springs,378,235,Yes under Community Eligibility Option (CEO),false
080336001636,Odyssey School of Denver,School District No. 1 in the county of Denver and State of C,Denver,318,74,Yes under Community Eligibility Option (CEO),false
080399006161,Olander Elementary School,Poudre School District R-1,Fort Collins,310,117,Yes under Community Eligibility Option (CEO),false
080579000996,Olathe Elementary School,Montrose County School District Re-1J,Olathe,424,291,Yes under Community Eligibility Option (CEO),false
080579000998,Olathe Middle/High School,Montrose County School District Re-1J,Olathe,499,301,Yes under Community Eligibility Option (CEO),false
080336001838,Omar D Blair Charter School,School District No. 1 in the county of Denver and State of C,Denver,783,620,Yes under Community Eligibility Option (CEO),true
080435000618,Orchard Avenue Elementary School,Mesa County Valley School District No. 51,Grand Junction,319,193,Yes under Community Eligibility Option (CEO),false
080735006890,Orchard Hill Elementary,Weld County Reorganized School District No. Re-4,Windsor,548,117,Yes participating without using any Provision or the CEO,false
080435000619,Orchard Mesa Middle School,Mesa County Valley School District No. 51,Grand Junction,560,330,Yes under Community Eligibility Option (CEO),true
080723001247,Orchard Park Academy,Westminster Public Schools,Denver,531,473,Yes under Community Eligibility Option (CEO),false
080207000026,Ortega Middle School,Alamosa School District No. Re-11J,Alamosa,471,370,Yes under Community Eligibility Option (CEO),true
080306006804,Orton Academy,Colorado Springs School District No. 11 in the county of E,Colorado Springs,114,52,Yes participating without using any Provision or the CEO,false
080453001484,Otero Elementary School,Harrison School District No. 2 in the county of El Paso an,Colorado Springs,330,242,Yes under Community Eligibility Option (CEO),false
080258006420,Otho E Stuart Middle School,School District 27J,Commerce City,794,418,Yes under Community Eligibility Option (CEO),false
080594001016,Otis Elementary School,Otis School District No. R-3,Otis,90,51,Yes under Community Eligibility Option (CEO),false
080594001017,Otis Junior-Senior High School,Otis School District No. R-3,Otis,102,57,Yes under Community Eligibility Option (CEO),false
080597001018,Ouray Elementary School,Ouray School District No. R-1 of the county of Ouray and,Ouray,79,23,Yes under Community Eligibility Option (CEO),false
080597001662,Ouray Middle School,Ouray School District No. R-1 of the county of Ouray and,Ouray,55,17,Yes under Community Eligibility Option (CEO),false
080597001019,Ouray Senior High School,Ouray School District No. R-1 of the county of Ouray and,Ouray,46,21,Yes under Community Eligibility Option (CEO),false
080291006617,Outback Preschool,Cherry Creek School District No. 5 in the county of Arapah,Aurora,81,,No,false
080579006864,Outer Range,Montrose County School District Re-1J,Montrose,71,28,Yes under Community Eligibility Option (CEO),false
080291001272,Overland High School,Cherry Creek School District No. 5 in the county of Arapah,Aurora,2228,1444,Yes under Community Eligibility Option (CEO),true
080258001377,Overland Trail Middle School,School District 27J,Brighton,581,409,Yes under Community Eligibility Option (CEO),false
080219006717,Pagosa Peak Open School,Archuleta County School District No. 50 Jt,Pagosa Springs,111,65,Yes under Community Eligibility Option (CEO),false
080219000038,Pagosa Springs Elementary School,Archuleta County School District No. 50 Jt,Pagosa Springs,511,310,Yes under Community Eligibility Option (CEO),false
080219000039,Pagosa Springs High School,Archuleta County School District No. 50 Jt,Pagosa Springs,435,217,Yes under Community Eligibility Option (CEO),true
080219000040,Pagosa Springs Middle School,Archuleta County School District No. 50 Jt,Pagosa Springs,484,265,Yes under Community Eligibility Option (CEO),true
080435000620,Palisade High School,Mesa County Valley School District No. 51,Palisade,1073,546,Yes under Community Eligibility Option (CEO),false
080336000390,Palmer Elementary School,School District No. 1 in the county of Denver and State of C,Denver,197,75,Yes participating without using any Provision or the CEO,false
080306000257,Palmer High School,Colorado Springs School District No. 11 in the county of E,Colorado Springs,1265,777,Yes under Community Eligibility Option (CEO),false
080582001397,Palmer Lake Elementary School,Lewis-Palmer Consolidated School District No. 38 in the co,Palmer Lake,286,98,Yes participating without using any Provision or the CEO,false
080582006369,Palmer Ridge High School,Lewis-Palmer Consolidated School District No. 38 in the co,Monument,1066,,No,false
080453000669,Panorama Middle School,Harrison School District No. 2 in the county of El Paso an,Colorado Springs,339,287,Yes under Community Eligibility Option (CEO),true
080333001337,Paonia K-8,Delta County Joint District No. 50,Paonia,247,144,Yes under Community Eligibility Option (CEO),false
080612006713,Paragon Learning Center,Pueblo School District No. 60 in the county of Pueblo and,Pueblo,476,,No,true
080348000454,Park Elementary School,Durango School District No. 9-R,Durango,452,176,Yes under Community Eligibility Option (CEO),false
080336000391,Park Hill School,School District No. 1 in the county of Denver and State of C,Denver,717,96,Yes under Community Eligibility Option (CEO),false
080234000076,Park Lane Elementary School,Aurora Joint District No. 28 of the counties of Adams and A,Aurora,486,446,Yes under Community Eligibility Option (CEO),false
080612001060,Park View Elementary School,Pueblo School District No. 60 in the county of Pueblo and,Pueblo,285,262,Yes under Community Eligibility Option (CEO),false
080345000812,Parker Core Knowledge,Douglas County School District No. Re 1,Parker,705,66,Yes participating without using any Provision or the CEO,false
080345006690,Parker Performing Arts,Douglas County School District No. Re 1,Englewood,638,172,Yes participating without using any Provision or the CEO,false
080522000864,Parkview Elementary School,Lamar School District No. Re-2,Lamar,252,211,Yes under Community Eligibility Option (CEO),false
080618001086,Parkview Elementary School,Rangely School District RE4,Rangely,236,119,Yes participating without using any Provision or the CEO,false
080480000768,Parmalee Elementary School,Jefferson County School District No. R-1,Indian Hills,278,32,Yes under Community Eligibility Option (CEO),false
080336006582,Pascual Ledoux Academy,School District No. 1 in the county of Denver and State of C,Denver,236,201,Yes under Community Eligibility Option (CEO),false
080690006550,Pathways Future Center,Adams 12 Five Star Schools,Thornton,386,280,Yes under Community Eligibility Option (CEO),false
080408000565,Patriot Elementary School,Fountain School District No. 8 in the county of El Paso an,Fort Carson,523,211,Yes participating without using any Provision or the CEO,false
080387006403,Patriot High School,El Paso County Colorado School District 49,Falcon,115,44,Yes under Community Eligibility Option (CEO),false
080480000770,Patterson International School,Jefferson County School District No. R-1,Lakewood,346,181,Yes under Community Eligibility Option (CEO),false
080444000653,Pawnee School PK-12,School District No. Re-12 in the county of Weld and State of,Grover,61,29,Yes under Provision 2,true
080480000773,Peak Expeditionary - Pennington,Jefferson County School District No. R-1,Wheat Ridge,316,128,Yes under Community Eligibility Option (CEO),false
080249001792,Peak to Peak Charter School,Boulder Valley School District No. Re2,Lafayette,1447,255,Yes participating without using any Provision or the CEO,false
080579006499,Peak Virtual Academy,Montrose County School District Re-1J,Montrose,262,100,Yes under Community Eligibility Option (CEO),false
080540000925,Peakview Academy at Conrad Ball,Thompson School District R-2J,Loveland,536,336,Yes under Community Eligibility Option (CEO),true
080291006183,Peakview Elementary School,Cherry Creek School District No. 5 in the county of Arapah,Centennial,447,162,Yes under Community Eligibility Option (CEO),false
080708001845,Peakview School,Huerfano School District Re-1,Walsenburg,181,165,Yes under Community Eligibility Option (CEO),true
080435001992,Pear Park Elementary School,Mesa County Valley School District No. 51,Grand Junction,428,303,Yes under Community Eligibility Option (CEO),false
080603001022,Peetz Elementary School,School District No. Re-5 Plateau,Peetz,114,27,Yes participating without using any Provision or the CEO,false
080603001023,Peetz Junior-Senior High School,School District No. Re-5 Plateau,Peetz,90,25,Yes participating without using any Provision or the CEO,false
080306000258,Penrose Elementary School,Colorado Springs School District No. 11 in the county of E,Colorado Springs,279,178,Yes under Community Eligibility Option (CEO),false
080396000516,Penrose Elementary School,Fremont Re-2,Penrose,281,146,Yes under Community Eligibility Option (CEO),false
080555006862,Performing Arts School on Broadway,Mapleton School District No. 1 in the county of Adams & St,Denver,169,107,Yes under Community Eligibility Option (CEO),false
080420000576,Pete Mirich Elementary School,Weld County Reorganized School District No. Re-1,Lasalle,358,205,Yes under Community Eligibility Option (CEO),false
080606001024,Peyton Elementary School,Peyton School District No. 23 in the county of El Paso and,Peyton,293,94,Yes under Community Eligibility Option (CEO),false
080606001399,Peyton Junior High School,Peyton School District No. 23 in the county of El Paso and,Peyton,78,14,Yes under Community Eligibility Option (CEO),false
080606006692,Peyton Online Academy,Peyton School District No. 23 in the county of El Paso and,Peyton,28,,No,false
080606001025,Peyton Senior High School,Peyton School District No. 23 in the county of El Paso and,Peyton,197,51,Yes under Community Eligibility Option (CEO),false
080387006694,Pikes Peak Early College,El Paso County Colorado School District 49,Colorado Springs,204,,No,false
080028206664,Pikes Peak Online School,Education Reenvisioned BOCES,Westminster,438,,No,false
080387001844,Pikes Peak School Expeditionary Learning,El Paso County Colorado School District 49,Falcon,400,64,Yes participating without using any Provision or the CEO,false
080192001645,Pine Creek High School,Academy School District No. 20 in the county of El Paso an,Colorado Springs,1875,287,Yes participating without using any Provision or the CEO,false
080345001279,Pine Grove Elementary School,Douglas County School District No. Re 1,Parker,480,50,Yes participating without using any Provision or the CEO,false
080345000444,Pine Lane Elementary,Douglas County School District No. Re 1,Parker,744,241,Yes under Community Eligibility Option (CEO),false
080291006452,Pine Ridge Elementary School,Cherry Creek School District No. 5 in the county of Arapah,Aurora,617,132,Yes participating without using any Provision or the CEO,false
080648001123,Pinello Elementary School,School District No. 3 in the county of El Paso and State of,Colorado Springs,301,179,Yes under Community Eligibility Option (CEO),false
080294001535,Pinon Valley Elementary School,Cheyenne Mountain School District No. 12 in the county of E,Colorado Springs,315,72,Yes participating without using any Provision or the CEO,false
080249006200,Pioneer Bilingual Elementary School,Boulder Valley School District No. Re2,Lafayette,439,203,Yes under Community Eligibility Option (CEO),false
080192001430,Pioneer Elementary School,Academy School District No. 20 in the county of El Paso an,Colorado Springs,382,185,Yes under Community Eligibility Option (CEO),false
080405006298,Pioneer Elementary School,School District No. Re-3 Fort Morgan,Fort Morgan,243,182,Yes under Community Eligibility Option (CEO),false
080345001583,Pioneer Elementary School,Douglas County School District No. Re 1,Parker,449,124,Yes participating without using any Provision or the CEO,false
080483001911,Pioneer Ridge Elementary School,Weld County School District No. Re-5J,Johnstown,528,117,Yes under Community Eligibility Option (CEO),false
080387006818,Pioneer Technology and Arts Academy,El Paso County Colorado School District 49,Colorado Springs,538,155,Yes participating without using any Provision or the CEO,false
080336006398,Place Bridge Academy,School District No. 1 in the county of Denver and State of C,Denver,824,702,Yes under Community Eligibility Option (CEO),true
080693001198,Plainview Elementary School,Kiowa County School District No. Re-2,Sheridan Lake,21,11,Yes under Provision 2,false
080693001199,Plainview Junior-Senior High School,Kiowa County School District No. Re-2,Sheridan Lake,11,3,Yes under Provision 2,true
080303000219,Plateau Valley Elementary School,Plateau Valley School District No. 50 in the county of Mesa,Collbran,142,62,Yes under Community Eligibility Option (CEO),false
080303000220,Plateau Valley High School,Plateau Valley School District No. 50 in the county of Mesa,Collbran,65,28,Yes under Community Eligibility Option (CEO),false
080303006288,Plateau Valley Junior High School,Plateau Valley School District No. 50 in the county of Mesa,Collbran,41,19,Yes under Community Eligibility Option (CEO),false
080237000087,Platte Canyon High School,Platte Canyon School District No. 1 of the county of Park,Bailey,183,55,Yes participating without using any Provision or the CEO,false
080345001584,Platte River Charter Academy,Douglas County School District No. Re 1,Highlands Ranch,475,19,Yes participating without using any Provision or the CEO,false
080495006879,Platte Valley Early Learning Center,Weld County School District No. Re-7,Kersey,81,,No,false
080495000820,Platte Valley Elementary School,Weld County School District No. Re-7,Kersey,528,264,Yes under Community Eligibility Option (CEO),false
080495000821,Platte Valley High School,Weld County School District No. Re-7,Kersey,331,165,Yes under Community Eligibility Option (CEO),false
080495001697,Platte Valley Middle School,Weld County School District No. Re-7,Kersey,255,132,Yes under Community Eligibility Option (CEO),false
080441006355,Platte Valley Youth Services Center,GreeleySchool District No. 6 in the county of Weld and Sta,Greeley,14,,No,false
080420000578,Platteville Elementary School,Weld County Reorganized School District No. Re-1,Platteville,317,207,Yes under Community Eligibility Option (CEO),false
080309000841,Pleasant View Charter School,Montezuma-Cortez School District No. Re-1,Pleasant View,35,19,Yes under Community Eligibility Option (CEO),false
080615001078,Pleasant View Middle School,Pueblo County School District 70,Pueblo,348,193,Yes under Community Eligibility Option (CEO),true
080336001767,Polaris Elementary School,School District No. 1 in the county of Denver and State of C,Denver,350,61,Yes participating without using any Provision or the CEO,false
080399006334,Polaris Expeditionary Learning School,Poudre School District R-1,Fort Collins,406,109,Yes under Community Eligibility Option (CEO),false
080291000199,Polton Community Elementary School,Cherry Creek School District No. 5 in the county of Arapah,Aurora,466,259,Yes under Community Eligibility Option (CEO),false
080435000621,Pomona Elementary School,Mesa County Valley School District No. 51,Grand Junction,395,198,Yes under Community Eligibility Option (CEO),false
080579000999,Pomona Elementary School,Montrose County School District Re-1J,Montrose,335,226,Yes under Community Eligibility Option (CEO),false
080480000775,Pomona Junior/Senior High School,Jefferson County School District No. R-1,Arvada,1252,594,Yes under Community Eligibility Option (CEO),false
080540006432,Ponderosa Elementary,Thompson School District R-2J,Loveland,335,76,Yes under Community Eligibility Option (CEO),false
080291000200,Ponderosa Elementary School,Cherry Creek School District No. 5 in the county of Arapah,Aurora,634,453,Yes under Community Eligibility Option (CEO),false
080345001341,Ponderosa High School,Douglas County School District No. Re 1,Parker,1406,222,Yes participating without using any Provision or the CEO,false
080399001938,Poudre Community Academy,Poudre School District R-1,Fort Collins,212,162,Yes under Community Eligibility Option (CEO),true
080399000541,Poudre High School,Poudre School District R-1,Fort Collins,1409,638,Yes under Community Eligibility Option (CEO),false
080480001006,Powderhorn Elementary School,Jefferson County School District No. R-1,Littleton,522,134,Yes under Community Eligibility Option (CEO),false
080387006693,Power Technical,El Paso County Colorado School District 49,Colorado Springs,405,188,Yes participating without using any Provision or the CEO,false
080675001669,Prairie Creek High School,Strasburg School District 31J,Strasburg,22,12,Yes participating without using any Provision or the CEO,false
080345001809,Prairie Crossing Elementary School,Douglas County School District No. Re 1,Parker,612,100,Yes participating without using any Provision or the CEO,false
080672001157,Prairie Elementary School,School District No. Re-11 in the county of Weld and State of,New Raymer,72,18,Yes participating without using any Provision or the CEO,false
080450006304,Prairie Heights Elementary School,Hanover School District No. 28 in the county of El Paso an,Fountain,130,89,Yes under Community Eligibility Option (CEO),false
080441000645,Prairie Heights Middle School,GreeleySchool District No. 6 in the county of Weld and Sta,Evans,537,396,Yes under Community Eligibility Option (CEO),true
080192000531,Prairie Hills Elementary School,Academy School District No. 20 in the county of El Paso an,Colorado Springs,348,142,Yes under Community Eligibility Option (CEO),false
080690001945,Prairie Hills Elementary School,Adams 12 Five Star Schools,Thornton,378,114,Yes under Community Eligibility Option (CEO),false
080672001158,Prairie Junior-Senior High School,School District No. Re-11 in the county of Weld and State of,New Raymer,91,25,Yes participating without using any Provision or the CEO,false
080291000201,Prairie Middle School,Cherry Creek School District No. 5 in the county of Arapah,Aurora,1491,1018,Yes under Community Eligibility Option (CEO),true
080537001794,Prairie Ridge Elementary School,St. Vrain Valley School District No. Re1J,Firestone,387,153,Yes under Community Eligibility Option (CEO),false
080258002003,Prairie View High School,School District 27J,Henderson,1809,978,Yes under Community Eligibility Option (CEO),false
080258006362,Prairie View Middle School,School District 27J,Henderson,679,400,Yes under Community Eligibility Option (CEO),false
080258006343,Prairie Vista Youth Services Center,School District 27J,Brighton,32,14,Yes participating without using any Provision or the CEO,false
080582001810,Prairie Winds Elementary School,Lewis-Palmer Consolidated School District No. 38 in the co,Monument,374,43,Yes participating without using any Provision or the CEO,false
080615001855,Prairie Winds Elementary School,Pueblo County School District 70,Pueblo West,477,246,Yes under Community Eligibility Option (CEO),false
080336001795,Prep Academy,School District No. 1 in the county of Denver and State of C,Denver,44,41,Yes under Community Eligibility Option (CEO),true
080555006808,Preschool on Poze,Mapleton School District No. 1 in the county of Adams & St,Thornton,193,127,Yes under Community Eligibility Option (CEO),false
080399001091,Preston Middle School,Poudre School District R-1,Fort Collins,568,169,Yes under Community Eligibility Option (CEO),false
080726001256,Primero Elementary School,Primero Reorganized School District No. 2,Weston,111,40,Yes under Provision 2,false
080726001255,Primero Junior-Senior High School,Primero Reorganized School District No. 2,Weston,102,27,Yes under Provision 2,false
080609001026,Pritchett Elementary School,Pritchett School District No. Re-3,Pritchett,42,29,Yes participating without using any Provision or the CEO,false
080609001027,Pritchett High School,Pritchett School District No. Re-3,Pritchett,12,6,Yes under Community Eligibility Option (CEO),true
080609001952,Pritchett Middle School,Pritchett School District No. Re-3,Pritchett,10,4,Yes participating without using any Provision or the CEO,true
080002006853,Prospect Academy,State Charter School Institute,Arvada,94,21,Yes under Community Eligibility Option (CEO),false
080690006507,Prospect Ridge Academy,Adams 12 Five Star Schools,Broomfield,1478,87,Yes participating without using any Provision or the CEO,false
080480000776,Prospect Valley Elementary School,Jefferson County School District No. R-1,Wheat Ridge,583,171,Yes participating without using any Provision or the CEO,false
080399006431,Psd Global Academy,Poudre School District R-1,Fort Collins,259,127,Yes under Community Eligibility Option (CEO),false
080399006776,Psd Mountain Schools,Poudre School District R-1,Red Feather Lakes,88,39,Yes under Community Eligibility Option (CEO),false
080612001055,Pueblo Academy of Arts,Pueblo School District No. 60 in the county of Pueblo and,Pueblo,562,480,Yes under Community Eligibility Option (CEO),true
080612001106,Pueblo Charter School for the Arts & Sciences,Pueblo School District No. 60 in the county of Pueblo and,Pueblo,444,374,Yes under Community Eligibility Option (CEO),true
080028206841,Pueblo Classical Academy,Education Reenvisioned BOCES,Pueblo West,173,86,Yes participating without using any Provision or the CEO,false
080615001079,Pueblo County High School,Pueblo County School District 70,Pueblo,1148,595,Yes under Community Eligibility Option (CEO),false
080612006711,Pueblo School for Arts & Sciences at Fulton Heights,Pueblo School District No. 60 in the county of Pueblo and,Pueblo,221,164,Yes under Community Eligibility Option (CEO),false
080615001613,Pueblo West High School,Pueblo County School District 70,Pueblo West,1540,669,Yes under Community Eligibility Option (CEO),false
080612006350,Pueblo Youth Service Center,Pueblo School District No. 60 in the county of Pueblo and,Pueblo,15,10,Yes participating without using any Provision or the CEO,true
080399000542,Putnam Elementary School,Poudre School District R-1,Fort Collins,258,199,Yes under Community Eligibility Option (CEO),false
080306000260,Queen Palmer Elementary School,Colorado Springs School District No. 11 in the county of E,Colorado Springs,198,153,Yes under Community Eligibility Option (CEO),false
080435000623,R-5 High School,Mesa County Valley School District No. 51,Grand Junction,207,137,Yes under Community Eligibility Option (CEO),true
080480000777,Ralston Elementary School,Jefferson County School District No. R-1,Golden,289,9,Yes participating without using any Provision or the CEO,false
080480001797,Ralston Valley Senior High School,Jefferson County School District No. R-1,Arvada,1875,168,Yes participating without using any Provision or the CEO,false
080192001321,Rampart High School,Academy School District No. 20 in the county of El Paso an,Colorado Springs,1305,410,Yes under Community Eligibility Option (CEO),false
080192006336,Ranch Creek Elementary,Academy School District No. 20 in the county of El Paso an,Colorado Springs,578,80,Yes under Community Eligibility Option (CEO),false
080345001528,Ranch View Middle School,Douglas County School District No. Re 1,Highlands Ranch,829,131,Yes participating without using any Provision or the CEO,false
080735006460,Range View Elementary,Weld County Reorganized School District No. Re-4,Severance,584,191,Yes under Community Eligibility Option (CEO),false
080618001088,Rangely Junior/Senior High School,Rangely School District RE4,Rangely,249,105,Yes participating without using any Provision or the CEO,false
080234001389,Rangeview High School,Aurora Joint District No. 28 of the counties of Adams and A,Aurora,2078,1446,Yes under Community Eligibility Option (CEO),false
080582001489,Ray E Kilmer Elementary School,Lewis-Palmer Consolidated School District No. 38 in the co,Colorado Springs,300,49,Yes participating without using any Provision or the CEO,false
080354001756,Red Canyon High School,Eagle County School District No. Re 50,Edwards,157,90,Yes participating without using any Provision or the CEO,false
080537006531,Red Hawk Elementary,St. Vrain Valley School District No. Re1J,Erie,588,74,Yes under Community Eligibility Option (CEO),false
080291001880,Red Hawk Ridge Elementary School,Cherry Creek School District No. 5 in the county of Arapah,Centennial,518,299,Yes under Community Eligibility Option (CEO),false
080354001721,Red Hill Elementary School,Eagle County School District No. Re 50,Gypsum,336,149,Yes participating without using any Provision or the CEO,false
080480000778,Red Rocks Elementary School,Jefferson County School District No. R-1,Morrison,292,25,Yes under Community Eligibility Option (CEO),false
080354000468,Red Sandstone Elementary School,Eagle County School District No. Re 50,Vail,245,65,Yes participating without using any Provision or the CEO,false
080435000205,Redlands Middle School,Mesa County Valley School District No. 51,Grand Junction,632,160,Yes under Community Eligibility Option (CEO),false
080345001900,Redstone Elementary School,Douglas County School District No. Re 1,Highlands Ranch,398,38,Yes participating without using any Provision or the CEO,false
080387001537,Remington Elementary School,El Paso County Colorado School District 49,Colorado Springs,534,237,Yes under Community Eligibility Option (CEO),false
080345001288,Renaissance Expedition Learn Outward Bound School,Douglas County School District No. Re 1,Castle Rock,361,22,Yes participating without using any Provision or the CEO,false
080345006714,Renaissance Secondary School,Douglas County School District No. Re 1,Castle Rock,441,77,Yes participating without using any Provision or the CEO,false
080336006590,Respect Academy,School District No. 1 in the county of Denver and State of C,Denver,99,79,Yes under Community Eligibility Option (CEO),true
080336006891,Responsive Arts & STEAM Academy Fne,School District No. 1 in the county of Denver and State of C,Denver,161,116,Yes participating without using any Provision or the CEO,false
080258006718,Reunion Elementary School,School District 27J,Commerce City,742,238,Yes under Community Eligibility Option (CEO),false
080600001020,Revere Elementary,Revere School District,ovid,72,39,Yes under Community Eligibility Option (CEO),false
080600001021,Revere Junior-Senior High School,Revere School District,Ovid,58,25,Yes under Community Eligibility Option (CEO),false
080600006884,Revere Lil' Raiders,Revere School District,Ovid,14,3,Yes under Community Eligibility Option (CEO),false
080002006320,Ricardo Flores Magon Academy,State Charter School Institute,Denver,292,244,Yes under Community Eligibility Option (CEO),true
080399006315,Rice Elementary School,Poudre School District R-1,Wellington,401,127,Yes under Community Eligibility Option (CEO),false
080399001717,Ridgeview Classical Schools,Poudre School District R-1,Fort Collins,721,,No,false
080387001898,Ridgeview Elementary School,El Paso County Colorado School District 49,Colorado Springs,626,279,Yes under Community Eligibility Option (CEO),false
080573001355,Ridgeview Elementary School,Moffat County School District RE: No. 1,Craig,233,123,Yes under Community Eligibility Option (CEO),false
080621001089,Ridgway Elementary School,Ridgway School District No. R-2 of the county of Ouray a,Ridgway,149,33,Yes participating without using any Provision or the CEO,false
080621001090,Ridgway High School,Ridgway School District No. R-2 of the county of Ouray a,Ridgway,97,26,Yes participating without using any Provision or the CEO,false
080621006166,Ridgway Middle School,Ridgway School District No. R-2 of the county of Ouray a,Ridgway,74,19,Yes participating without using any Provision or the CEO,false
080399000544,Riffenburgh Elementary School,Poudre School District R-1,Fort Collins,443,153,Yes under Community Eligibility Option (CEO),false
080624001097,Rifle High School,Garfield School District No. Re-2,Rifle,778,377,Yes under Community Eligibility Option (CEO),false
080624001096,Rifle Middle School,Garfield School District No. Re-2,Rifle,552,314,Yes under Community Eligibility Option (CEO),true
080435002030,Rim Rock Elementary School,Mesa County Valley School District No. 51,Fruita,292,116,Yes under Community Eligibility Option (CEO),false
080336006647,Riseup Community School,School District No. 1 in the county of Denver and State of C,Denver,100,77,Yes under Community Eligibility Option (CEO),true
080612001051,Risley International Academy of Innovation,Pueblo School District No. 60 in the county of Pueblo and,Pueblo,335,307,Yes under Community Eligibility Option (CEO),true
080690001461,Riverdale Elementary School,Adams 12 Five Star Schools,Thornton,372,249,Yes under Community Eligibility Option (CEO),false
080258006738,Riverdale Ridge High School,School District 27J,Thornton,1784,700,Yes under Community Eligibility Option (CEO),false
080624001098,Riverside School,Garfield School District No. Re-2,New Castle,483,197,Yes under Community Eligibility Option (CEO),false
080348000455,Riverview Elementary School,Durango School District No. 9-R,Durango,374,114,Yes under Community Eligibility Option (CEO),false
080540006819,Riverview PK-8,Thompson School District R-2J,Johnstown,757,198,Yes under Community Eligibility Option (CEO),false
080426006715,Riverview School,Roaring Fork School District No. Re-1,Glenwood Springs,383,275,Yes participating without using any Provision or the CEO,true
080426000590,Roaring Fork High School,Roaring Fork School District No. Re-1,Carbondale,472,203,Yes participating without using any Provision or the CEO,false
080336006821,Robert F. Smith STEAM Academy,School District No. 1 in the county of Denver and State of C,Denver,89,61,Yes under Community Eligibility Option (CEO),false
080345001961,Rock Canyon High School,Douglas County School District No. Re 1,Highlands Ranch,2325,196,Yes participating without using any Provision or the CEO,false
080345001475,Rock Ridge Elementary School,Douglas County School District No. Re 1,Castle Rock,449,102,Yes under Community Eligibility Option (CEO),false
080192000007,Rockrimmon Elementary School,Academy School District No. 20 in the county of El Paso an,Colorado Springs,390,92,Yes under Community Eligibility Option (CEO),false
080627001101,Rocky Ford Elementary School,Rocky Ford School District No. R2,Rocky Ford,305,258,Yes under Community Eligibility Option (CEO),false
080627001103,Rocky Ford Junior/Senior High School,Rocky Ford School District No. R2,Rocky Ford,271,210,Yes under Community Eligibility Option (CEO),true
080345001962,Rocky Heights Middle School,Douglas County School District No. Re 1,Littleton,1129,116,Yes participating without using any Provision or the CEO,false
080480001812,Rocky Mountain Academy of Evergreen,Jefferson County School District No. R-1,Evergreen,350,,No,false
080387002000,Rocky Mountain Classical Academy,El Paso County Colorado School District 49,Colorado Springs,1162,240,Yes under Community Eligibility Option (CEO),false
080480001606,Rocky Mountain Deaf School,Jefferson County School District No. R-1,Denver,82,35,Yes under Community Eligibility Option (CEO),false
080435001657,Rocky Mountain Elementary School,Mesa County Valley School District No. 51,Clifton,395,314,Yes under Community Eligibility Option (CEO),false
080537000921,Rocky Mountain Elementary School,St. Vrain Valley School District No. Re1J,Longmont,315,261,Yes under Community Eligibility Option (CEO),false
080690001460,Rocky Mountain Elementary School,Adams 12 Five Star Schools,Westminster,318,289,Yes under Community Eligibility Option (CEO),false
080399000545,Rocky Mountain High School,Poudre School District R-1,Fort Collins,2044,704,Yes under Community Eligibility Option (CEO),false
080336006449,Rocky Mountain Prep Berkeley,School District No. 1 in the county of Denver and State of C,Denver,329,198,Yes under Community Eligibility Option (CEO),false
080336006545,Rocky Mountain Prep Creekside,School District No. 1 in the county of Denver and State of C,Denver,637,547,Yes under Community Eligibility Option (CEO),false
080336002012,Rocky Mountain Prep Federal,School District No. 1 in the county of Denver and State of C,Denver,376,331,Yes under Community Eligibility Option (CEO),true
080336006556,Rocky Mountain Prep Green Valley Ranch,School District No. 1 in the county of Denver and State of C,Denver,379,317,Yes under Community Eligibility Option (CEO),true
080336006537,Rocky Mountain Prep Noel,School District No. 1 in the county of Denver and State of C,Denver,287,252,Yes under Community Eligibility Option (CEO),true
080336006689,Rocky Mountain Prep Rise,School District No. 1 in the county of Denver and State of C,Denver,586,456,Yes under Community Eligibility Option (CEO),true
080336006627,Rocky Mountain Prep Ruby Hill,School District No. 1 in the county of Denver and State of C,Denver,443,381,Yes under Community Eligibility Option (CEO),false
080336006543,Rocky Mountain Prep Smart,School District No. 1 in the county of Denver and State of C,Denver,604,557,Yes under Community Eligibility Option (CEO),true
080336006646,Rocky Mountain Prep Southwest,School District No. 1 in the county of Denver and State of C,Denver,453,412,Yes under Community Eligibility Option (CEO),false
080336006457,Rocky Mountain Prep Sunnyside,School District No. 1 in the county of Denver and State of C,Denver,154,134,Yes under Community Eligibility Option (CEO),true
080336006444,Rocky Mountain Prep Westwood,School District No. 1 in the county of Denver and State of C,Denver,411,377,Yes under Community Eligibility Option (CEO),true
080234006677,Rocky Mountain Prep: Fletcher,Aurora Joint District No. 28 of the counties of Adams and A,Aurora,701,627,Yes under Community Eligibility Option (CEO),false
080000400709,Rocky Mountain School of Expeditionary Learning,Denver 1,Denver,382,9,Yes participating without using any Provision or the CEO,false
080480006347,Rocky Mountain Youth Services Center,Jefferson County School District No. R-1,Denver,13,,No,false
080690001726,Rocky Top Middle School,Adams 12 Five Star Schools,Thornton,1052,290,Yes under Community Eligibility Option (CEO),false
080258006753,Rodger Quist Middle School,School District 27J,Thornton,855,330,Yes under Community Eligibility Option (CEO),false
080306000274,Rogers Elementary School,Colorado Springs School District No. 11 in the county of E,Colorado Springs,267,208,Yes under Community Eligibility Option (CEO),false
080291001514,Rolling Hills Elementary School,Cherry Creek School District No. 5 in the county of Arapah,Aurora,499,123,Yes participating without using any Provision or the CEO,false
080480001009,Rooney Ranch Elementary School,Jefferson County School District No. R-1,Lakewood,492,36,Yes participating without using any Provision or the CEO,false
080306000262,Roosevelt Charter Academy,Colorado Springs School District No. 11 in the county of E,Colorado Springs,480,353,Yes under Community Eligibility Option (CEO),false
080483000810,Roosevelt High School,Weld County School District No. Re-5J,Johnstown,1184,373,Yes under Community Eligibility Option (CEO),false
080483000809,Roosevelt Middle School,Weld County School District No. Re-5J,Johnstown,695,203,Yes under Community Eligibility Option (CEO),false
080195000019,Rose Hill Elementary School,School District N. 14 in the county of Adams & State of Colo,Commerce City,315,280,Yes under Community Eligibility Option (CEO),false
080480006724,Rose Stein International Elementary,Jefferson County School District No. R-1,Lakewood,336,268,Yes under Community Eligibility Option (CEO),false
080002001913,Ross Montessori School,State Charter School Institute,Carbondale,183,70,Yes participating without using any Provision or the CEO,false
080345000445,Roxborough Elementary School,Douglas County School District No. Re 1,Littleton,368,51,Yes participating without using any Provision or the CEO,false
080345006299,Roxborough Intermediate,Douglas County School District No. Re 1,Littleton,430,80,Yes participating without using any Provision or the CEO,false
080306001274,Rudy Elementary School,Colorado Springs School District No. 11 in the county of E,Colorado Springs,385,207,Yes under Community Eligibility Option (CEO),false
080372001479,Running Creek Elementary School,Elizabeth School District,Elizabeth,292,102,Yes participating without using any Provision or the CEO,false
080531000888,Runyon Elementary School,Littleton School District No. 6 in the county of Arapahoe,Littleton,423,86,Yes participating without using any Provision or the CEO,false
080306000263,Russell Middle School,Colorado Springs School District No. 11 in the county of E,Colorado Springs,520,335,Yes under Community Eligibility Option (CEO),true
080249001365,Ryan Elementary School,Boulder Valley School District No. Re2,Lafayette,436,152,Yes under Community Eligibility Option (CEO),false
080480001028,Ryan Elementary School,Jefferson County School District No. R-1,Westminster,511,153,Yes under Community Eligibility Option (CEO),false
080615001081,Rye Elementary School,Pueblo County School District 70,Rye,319,170,Yes under Community Eligibility Option (CEO),false
080615001082,Rye High School,Pueblo County School District 70,Rye,250,103,Yes under Community Eligibility Option (CEO),false
080441001483,S. Christa McAuliffe STEM Academy,GreeleySchool District No. 6 in the county of Weld and Sta,Greeley,932,485,Yes under Community Eligibility Option (CEO),false
080306000234,Sabin Middle School,Colorado Springs School District No. 11 in the county of E,Colorado Springs,540,356,Yes under Community Eligibility Option (CEO),true
080336000398,Sabin World School,School District No. 1 in the county of Denver and State of C,Denver,559,364,Yes under Community Eligibility Option (CEO),false
080234006892,Sable Child Development Center,Aurora Joint District No. 28 of the counties of Adams and A,Aurora,130,92,Yes participating without using any Provision or the CEO,false
080345001680,Saddle Ranch Elementary School,Douglas County School District No. Re 1,Highlands Ranch,355,36,Yes participating without using any Provision or the CEO,false
080345006472,Sage Canyon Elementary,Douglas County School District No. Re 1,Castle Rock,552,54,Yes participating without using any Provision or the CEO,false
080291000202,Sagebrush Elementary School,Cherry Creek School District No. 5 in the county of Arapah,Aurora,354,184,Yes under Community Eligibility Option (CEO),false
080345000443,Sagewood Middle School,Douglas County School District No. Re 1,Parker,816,139,Yes participating without using any Provision or the CEO,false
080441006638,Salida Del Sol Academy,GreeleySchool District No. 6 in the county of Weld and Sta,Greeley,654,527,Yes under Community Eligibility Option (CEO),true
080633006501,Salida Early Childhood Center,Salida School District No. R-32,Salida,74,,No,false
080633001109,Salida High School,Salida School District No. R-32,Salida,409,119,Yes under Community Eligibility Option (CEO),false
080633001107,Salida Middle School,Salida School District No. R-32,Salida,327,152,Yes under Community Eligibility Option (CEO),true
080002006651,Salida Montessori Charter School,State Charter School Institute,Salida,186,,No,false
080336000399,Samuels Elementary School,School District No. 1 in the county of Denver and State of C,Denver,532,460,Yes under Community Eligibility Option (CEO),false
080219006806,San Juan Mountain School,Archuleta County School District No. 50 Jt,Pagosa Springs,47,37,Yes under Community Eligibility Option (CEO),false
080537001396,Sanborn Elementary School,St. Vrain Valley School District No. Re1J,Longmont,209,131,Yes under Community Eligibility Option (CEO),false
080345001407,Sand Creek Elementary School,Douglas County School District No. Re 1,Highlands Ranch,322,88,Yes under Community Eligibility Option (CEO),false
080387001594,Sand Creek High School,El Paso County Colorado School District 49,Colorado Springs,1426,723,Yes under Community Eligibility Option (CEO),false
080453001533,Sand Creek International School,Harrison School District No. 2 in the county of El Paso an,Colorado Springs,595,459,Yes under Community Eligibility Option (CEO),false
080531000889,Sandburg Elementary School,Littleton School District No. 6 in the county of Arapahoe,Centennial,495,70,Yes participating without using any Provision or the CEO,false
080336006685,Sandra Todd-Williams Academy,School District No. 1 in the county of Denver and State of C,Denver,143,99,Yes under Community Eligibility Option (CEO),false
080573001553,Sandrock Elementary,Moffat County School District RE: No. 1,Craig,299,210,Yes under Community Eligibility Option (CEO),false
080639001113,Sanford Elementary School,Sanford School District No. 6 in the county of Conejos and,Sanford,218,121,Yes under Community Eligibility Option (CEO),false
080639001114,Sanford Junior/Senior High School,Sanford School District No. 6 in the county of Conejos and,Sanford,166,95,Yes under Community Eligibility Option (CEO),false
080642001115,Sangre De Cristo Elementary School,Sangre de Cristo School District No. Re-22J,Mosca,110,62,Yes under Community Eligibility Option (CEO),false
080642001116,Sangre De Cristo Undivided High School,Sangre de Cristo School District No. Re-22J,Mosca,146,93,Yes under Community Eligibility Option (CEO),true
080540001285,Sarah Milner Elementary School,Thompson School District R-2J,Loveland,264,141,Yes under Community Eligibility Option (CEO),false
080645001117,Sargent Elementary School,Sargent School District No. Re-33J,Monte Vista,142,70,Yes under Community Eligibility Option (CEO),false
080645002015,Sargent Middle School,Sargent School District No. Re-33J,Monte Vista,70,32,Yes under Community Eligibility Option (CEO),false
080645001118,Sargent Senior High School,Sargent School District No. Re-33J,Monte Vista,81,35,Yes under Community Eligibility Option (CEO),false
080435000624,Scenic Elementary School,Mesa County Valley School District No. 51,Grand Junction,243,70,Yes under Community Eligibility Option (CEO),false
080336000401,Schmitt Elementary School,School District No. 1 in the county of Denver and State of C,Denver,157,143,Yes under Community Eligibility Option (CEO),false
080306001641,Scott Elementary School,Colorado Springs School District No. 11 in the county of E,Colorado Springs,458,202,Yes under Community Eligibility Option (CEO),false
080441000649,Scott Elementary School,GreeleySchool District No. 6 in the county of Weld and Sta,Greeley,566,448,Yes under Community Eligibility Option (CEO),false
080258001950,Second Creek Elementary School,School District 27J,Commerce City,697,405,Yes under Community Eligibility Option (CEO),false
080480000780,Secrest Elementary School,Jefferson County School District No. R-1,Arvada,334,222,Yes under Community Eligibility Option (CEO),false
080345000446,Sedalia Elementary School,Douglas County School District No. Re 1,Sedalia,212,124,Yes under Community Eligibility Option (CEO),false
080480001548,Semper Elementary School,Jefferson County School District No. R-1,Westminster,314,142,Yes under Community Eligibility Option (CEO),false
080735006783,Severance High School,Weld County Reorganized School District No. Re-4,Severance,943,267,Yes participating without using any Provision or the CEO,false
080735006427,Severance Middle School,Weld County Reorganized School District No. Re-4,Windsor,670,225,Yes under Community Eligibility Option (CEO),false
080690001186,Shadow Ridge Middle School,Adams 12 Five Star Schools,Thornton,632,363,Yes under Community Eligibility Option (CEO),false
080480001395,Shaffer Elementary School,Jefferson County School District No. R-1,Littleton,497,68,Yes under Community Eligibility Option (CEO),false
080723001244,Shaw Heights Middle School,Westminster Public Schools,Westminster,321,278,Yes under Community Eligibility Option (CEO),true
080441000650,Shawsheen Elementary School,GreeleySchool District No. 6 in the county of Weld and Sta,Greeley,405,308,Yes under Community Eligibility Option (CEO),false
080435000625,Shelledy Elementary School,Mesa County Valley School District No. 51,Fruita,371,143,Yes under Community Eligibility Option (CEO),false
080480001044,Shelton Elementary School,Jefferson County School District No. R-1,Golden,394,145,Yes under Community Eligibility Option (CEO),false
080399001280,Shepardson Elementary School,Poudre School District R-1,Fort Collins,414,100,Yes under Community Eligibility Option (CEO),false
080654001134,Sheridan High School,Sheridan School District No. 2,Englewood,321,276,Yes under Community Eligibility Option (CEO),true
080405000559,Sherman Early Childhood Center,School District No. Re-3 Fort Morgan,Fort Morgan,409,244,Yes under Community Eligibility Option (CEO),false
080723001246,Sherrelwood Elementary School,Westminster Public Schools,Denver,204,174,Yes under Community Eligibility Option (CEO),false
080234001432,Side Creek Elementary School,Aurora Joint District No. 28 of the counties of Adams and A,Aurora,512,368,Yes under Community Eligibility Option (CEO),false
080480000781,Sierra Elementary School,Jefferson County School District No. R-1,Arvada,493,62,Yes under Community Eligibility Option (CEO),false
080414000572,Sierra Grande K-12 School,Sierra Grande School District No. R-30,Blanca,307,243,Yes under Community Eligibility Option (CEO),true
080453001382,Sierra High School,Harrison School District No. 2 in the county of El Paso an,Colorado Springs,843,611,Yes under Community Eligibility Option (CEO),true
080345001582,Sierra Middle School,Douglas County School District No. Re 1,Parker,805,216,Yes participating without using any Provision or the CEO,false
080615001558,Sierra Vista Elementary School,Pueblo County School District 70,Pueblo West,443,214,Yes under Community Eligibility Option (CEO),false
080690002028,Silver Creek Elementary,Adams 12 Five Star Schools,Thornton,538,106,Yes under Community Eligibility Option (CEO),false
080537001814,Silver Creek High School,St. Vrain Valley School District No. Re1J,Longmont,1208,326,Yes participating without using any Provision or the CEO,false
080690001179,Silver Hills Middle School,Adams 12 Five Star Schools,Northglenn,965,664,Yes under Community Eligibility Option (CEO),true
080681001167,Silverthorne Elementary School,Summit School District No. Re 1,Silverthorne,339,152,Yes participating without using any Provision or the CEO,false
080657001136,Silverton Elementary School,Silverton School District No. 1 in the county of San Juan,Silverton,29,13,Yes under Provision 2,false
080657001137,Silverton High School,Silverton School District No. 1 in the county of San Juan,Silverton,22,18,Yes under Community Eligibility Option (CEO),false
080657001985,Silverton Middle School,Silverton School District No. 1 in the county of San Juan,Silverton,21,13,Yes under Provision 2,true
080660001138,Simla Elementary School,Big Sandy School District No. 100J,Simla,165,107,Yes participating without using any Provision or the CEO,false
080660001139,Simla High School,Big Sandy School District No. 100J,Simla,101,50,Yes participating without using any Provision or the CEO,false
080660001140,Simla Junior High School,Big Sandy School District No. 100J,Simla,63,34,Yes participating without using any Provision or the CEO,false
080372001532,Singing Hills Elementary School,Elizabeth School District,Parker,383,105,Yes participating without using any Provision or the CEO,false
080372001798,Singing Hills Preschool,Elizabeth School District,Parker,72,,No,false
080336000403,Skinner Middle School,School District No. 1 in the county of Denver and State of C,Denver,673,276,Yes under Community Eligibility Option (CEO),false
080285000178,Skoglund Middle School,Center Consolidated School District No. 26 Jt. of the count,Center,124,116,Yes under Community Eligibility Option (CEO),true
080243006885,Sky Ranch Academy,Bennett School District No. 29J,Aurora,495,210,Yes under Community Eligibility Option (CEO),false
080615001714,Sky View Middle School,Pueblo County School District 70,Pueblo West,565,255,Yes under Community Eligibility Option (CEO),false
080291001878,Sky Vista Middle School,Cherry Creek School District No. 5 in the county of Arapah,Aurora,969,325,Yes under Community Eligibility Option (CEO),false
080537001284,Skyline High School,St. Vrain Valley School District No. Re1J,Longmont,1082,694,Yes under Community Eligibility Option (CEO),false
080345006455,Skyview Academy,Douglas County School District No. Re 1,Highlands Ranch,1358,205,Yes participating without using any Provision or the CEO,false
080690001401,Skyview Elementary School,Adams 12 Five Star Schools,Thornton,326,188,Yes under Community Eligibility Option (CEO),false
080735001364,Skyview Elementary School,Weld County Reorganized School District No. Re-4,Windsor,440,189,Yes under Community Eligibility Option (CEO),false
080387001799,Skyview Middle School,El Paso County Colorado School District 49,Colorado Springs,862,379,Yes under Community Eligibility Option (CEO),false
080294000210,Skyway Park Elementary School,Cheyenne Mountain School District No. 12 in the county of E,Colorado Springs,301,119,Yes under Community Eligibility Option (CEO),false
080480000782,Slater Elementary School,Jefferson County School District No. R-1,Lakewood,280,203,Yes under Community Eligibility Option (CEO),false
080336001524,Slavens K-8 School,School District No. 1 in the county of Denver and State of C,Denver,762,101,Yes participating without using any Provision or the CEO,false
080666006830,Sleeping Giant School,Steamboat Springs School District No. Re 2,Steamboat Springs,337,83,Yes participating without using any Provision or the CEO,false
080336000407,Smith Elementary School,School District No. 1 in the county of Denver and State of C,Denver,457,406,Yes under Community Eligibility Option (CEO),false
080291000203,Smoky Hill High School,Cherry Creek School District No. 5 in the county of Arapah,Aurora,2297,1117,Yes under Community Eligibility Option (CEO),false
080681006464,Snowy Peaks Junior/Senior High School,Summit School District No. Re 1,Frisco,79,33,Yes under Community Eligibility Option (CEO),false
080654006565,Soar Academy,Sheridan School District No. 2,Englewood,78,69,Yes under Community Eligibility Option (CEO),true
080336006486,Soar at Green Valley Ranch,School District No. 1 in the county of Denver and State of C,Denver,484,387,Yes under Community Eligibility Option (CEO),false
080453001965,Soaring Eagles Community School,Harrison School District No. 2 in the county of El Paso an,Colorado Springs,764,478,Yes under Community Eligibility Option (CEO),false
080345001840,Soaring Hawk Elementary School,Douglas County School District No. Re 1,Castle Rock,431,78,Yes participating without using any Provision or the CEO,false
080537006739,Soaring Heights PK-8,St. Vrain Valley School District No. Re1J,Erie,1211,153,Yes under Community Eligibility Option (CEO),false
080480006307,Sobesky Academy,Jefferson County School District No. R-1,Lakewood,101,79,Yes under Community Eligibility Option (CEO),true
080666001145,Soda Creek Elementary School,Steamboat Springs School District No. Re 2,Steamboat Springs,379,80,Yes participating without using any Provision or the CEO,false
080426001597,Sopris Elementary School,Roaring Fork School District No. Re-1,Glenwood Springs,392,167,Yes participating without using any Provision or the CEO,false
080591001014,Soroco High School,South Routt School District No. Re 3,Oak Creek,103,27,Yes participating without using any Provision or the CEO,false
080591001013,Soroco Middle School,South Routt School District No. Re 3,Oak Creek,67,14,Yes participating without using any Provision or the CEO,false
080591001910,Soroco Preschool at Yampa,South Routt School District No. Re 3,Yampa,26,4,Yes participating without using any Provision or the CEO,false
080258000150,South Elementary School,School District 27J,Brighton,337,288,Yes under Community Eligibility Option (CEO),false
080336000408,South High School,School District No. 1 in the county of Denver and State of C,Denver,1950,752,Yes participating without using any Provision or the CEO,true
080612001064,South High School,Pueblo School District No. 60 in the county of Pueblo and,Pueblo,795,582,Yes under Community Eligibility Option (CEO),true
080480000784,South Lakewood Elementary School,Jefferson County School District No. R-1,Lakewood,393,214,Yes under Community Eligibility Option (CEO),false
080615001083,South Mesa Elementary School,Pueblo County School District 70,Pueblo,323,211,Yes under Community Eligibility Option (CEO),false
080612001063,South Park Elementary School,Pueblo School District No. 60 in the county of Pueblo and,Pueblo,273,223,Yes under Community Eligibility Option (CEO),false
080384000503,South Park High School,Park County School District No. Re-2,Fairplay,121,54,Yes participating without using any Provision or the CEO,false
080384000622,South Park Middle School,Park County School District No. Re-2,Fairplay,87,37,Yes participating without using any Provision or the CEO,false
080345000447,South Ridge Elementary an IB World School,Douglas County School District No. Re 1,Castle Rock,371,197,Yes under Community Eligibility Option (CEO),false
080591001015,South Routt Elementary School,South Routt School District No. Re 3,Yampa,130,44,Yes participating without using any Provision or the CEO,false
080420000579,South Valley Middle School,Weld County Reorganized School District No. Re-1,Platteville,143,90,Yes under Community Eligibility Option (CEO),true
080258000151,Southeast Elementary School,School District 27J,Brighton,527,389,Yes under Community Eligibility Option (CEO),false
080249000134,Southern Hills Middle School,Boulder Valley School District No. Re2,Boulder,502,53,Yes participating without using any Provision or the CEO,false
080258006857,Southlawn Elementary School,School District 27J,Commerce City,673,355,Yes under Community Eligibility Option (CEO),false
080336001679,Southmoor Elementary School,School District No. 1 in the county of Denver and State of C,Denver,431,159,Yes under Community Eligibility Option (CEO),false
089930006497,Southwest Colorado Eschool,San Juan BOCES,Durango,48,,No,false
080309001692,Southwest Open Charter School,Montezuma-Cortez School District No. Re-1,Cortez,131,104,Yes under Community Eligibility Option (CEO),true
080306006840,Spark Online Academy,Colorado Springs School District No. 11 in the county of E,Colorado Springs,140,,No,false
080537006598,Spark! Discovery Preschool,St. Vrain Valley School District No. Re1J,Frederick,274,86,Yes under Community Eligibility Option (CEO),false
080663001141,Springfield Elementary School,Springfield School District No. Re-4,Springfield,156,114,Yes under Community Eligibility Option (CEO),false
080663001142,Springfield Junior/Senior High School,Springfield School District No. Re-4,Springfield,128,75,Yes under Community Eligibility Option (CEO),true
080387001899,Springs Ranch Elementary School,El Paso County Colorado School District 49,Colorado Springs,548,211,Yes under Community Eligibility Option (CEO),false
080387006462,Springs Studio for Academic Excellence,El Paso County Colorado School District 49,Colorado Springs,442,,No,false
080648001125,Sproul Junior High School,School District No. 3 in the county of El Paso and State of,Colorado Springs,504,236,Yes under Community Eligibility Option (CEO),true
080537006430,St. Vrain Community Montessori School,St. Vrain Valley School District No. Re1J,Longmont,260,40,Yes participating without using any Provision or the CEO,false
080537006833,St. Vrain Launched Virtual Academy,St. Vrain Valley School District No. Re1J,Longmont,342,,No,false
080537006532,St. Vrain Virtual High School,St. Vrain Valley School District No. Re1J,Longmont,69,10,Yes participating without using any Provision or the CEO,false
080480001487,Standley Lake High School,Jefferson County School District No. R-1,Westminster,1123,367,Yes under Community Eligibility Option (CEO),false
080690000728,Stargate Charter School,Adams 12 Five Star Schools,Thornton,1572,163,Yes participating without using any Provision or the CEO,false
080195001947,Stars Early Learning Center,School District N. 14 in the county of Adams & State of Colo,Commerce City,144,,No,false
080002006701,Steamboat Montessori,State Charter School Institute,Steamboat Springs,140,17,Yes participating without using any Provision or the CEO,false
080666001144,Steamboat Springs High School,Steamboat Springs School District No. Re 2,Steamboat Springs,871,158,Yes participating without using any Provision or the CEO,false
080666001146,Steamboat Springs Middle School,Steamboat Springs School District No. Re 2,Steamboat Springs,440,81,Yes participating without using any Provision or the CEO,false
080336000410,Steck Elementary School,School District No. 1 in the county of Denver and State of C,Denver,323,65,Yes under Community Eligibility Option (CEO),false
080336000411,Stedman Elementary School,School District No. 1 in the county of Denver and State of C,Denver,447,184,Yes participating without using any Provision or the CEO,false
080306000265,Steele Elementary School,Colorado Springs School District No. 11 in the county of E,Colorado Springs,273,70,Yes under Community Eligibility Option (CEO),false
080336000412,Steele Elementary School,School District No. 1 in the county of Denver and State of C,Denver,452,63,Yes under Community Eligibility Option (CEO),false
080690006303,Stellar Elementary School,Adams 12 Five Star Schools,Thornton,418,284,Yes under Community Eligibility Option (CEO),false
080690006468,STEM Lab,Adams 12 Five Star Schools,Northglenn,740,229,Yes under Community Eligibility Option (CEO),false
080690006561,STEM Launch,Adams 12 Five Star Schools,Thornton,677,532,Yes under Community Eligibility Option (CEO),true
080345006493,STEM School Highlands Ranch,Douglas County School District No. Re 1,Highlands Ranch,1394,188,Yes participating without using any Provision or the CEO,false
080336006524,Stephen Knight Center for Early Education,School District No. 1 in the county of Denver and State of C,Denver,276,72,Yes under Community Eligibility Option (CEO),false
080669001155,Sterling High School,School District No. Re-1 Valley,Sterling,421,184,Yes under Community Eligibility Option (CEO),false
080669001154,Sterling Middle School,School District No. Re-1 Valley,Sterling,397,229,Yes under Community Eligibility Option (CEO),true
080387001438,Stetson Elementary School,El Paso County Colorado School District 49,Colorado Springs,531,212,Yes under Community Eligibility Option (CEO),false
080480006511,Stevens Elementary School,Jefferson County School District No. R-1,Wheat Ridge,469,309,Yes under Community Eligibility Option (CEO),false
080480000787,Stober Elementary School,Jefferson County School District No. R-1,Lakewood,348,96,Yes under Community Eligibility Option (CEO),false
080002002018,Stone Creek School,State Charter School Institute,Edwards,297,90,Yes participating without using any Provision or the CEO,false
080345006309,Stone Mountain Elementary,Douglas County School District No. Re 1,Highlands Ranch,452,16,Yes participating without using any Provision or the CEO,false
080480001385,Stony Creek Elementary School,Jefferson County School District No. R-1,Littleton,349,106,Yes under Community Eligibility Option (CEO),false
080480000788,Stott Elementary School,Jefferson County School District No. R-1,Arvada,288,93,Yes under Community Eligibility Option (CEO),false
080675001159,Strasburg Elementary School,Strasburg School District 31J,Strasburg,544,213,Yes under Community Eligibility Option (CEO),false
080675001161,Strasburg High School,Strasburg School District 31J,Strasburg,364,146,Yes under Community Eligibility Option (CEO),false
080306000266,Stratton Elementary School,Colorado Springs School District No. 11 in the county of E,Colorado Springs,249,124,Yes under Community Eligibility Option (CEO),false
080678001162,Stratton Elementary School,School District No. R-4 in the county of Kit Carson and Stat,Stratton,101,43,Yes under Community Eligibility Option (CEO),false
080453000672,Stratton Meadows Elementary School,Harrison School District No. 2 in the county of El Paso an,Colorado Springs,290,243,Yes under Community Eligibility Option (CEO),false
080678000138,Stratton Middle School,School District No. R-4 in the county of Kit Carson and Stat,Stratton,54,22,Yes under Community Eligibility Option (CEO),true
080678001163,Stratton Senior High School,School District No. R-4 in the county of Kit Carson and Stat,Stratton,64,16,Yes under Community Eligibility Option (CEO),false
080666001360,Strawberry Park Elementary School,Steamboat Springs School District No. Re 2,Steamboat Springs,368,73,Yes participating without using any Provision or the CEO,false
080690001190,Stukey Elementary School,Adams 12 Five Star Schools,Northglenn,348,305,Yes under Community Eligibility Option (CEO),false
080480006893,Summit Academy,Jefferson County School District No. R-1,Broomfield,66,,No,true
080336006491,Summit Academy,School District No. 1 in the county of Denver and State of C,Denver,236,217,Yes under Community Eligibility Option (CEO),true
080681001563,Summit Cove Elementary School,Summit School District No. Re 1,Dillon,222,71,Yes participating without using any Provision or the CEO,false
080291001468,Summit Elementary School,Cherry Creek School District No. 5 in the county of Arapah,Aurora,337,167,Yes under Community Eligibility Option (CEO),false
080738000643,Summit Elementary School,Woodland Park School District No. Re-2,Divide,286,125,Yes under Community Eligibility Option (CEO),false
080681001164,Summit High School,Summit School District No. Re 1,Breckenridge,1060,377,Yes participating without using any Provision or the CEO,false
080249001517,Summit Middle Charter School,Boulder Valley School District No. Re2,Boulder,366,49,Yes participating without using any Provision or the CEO,false
080681001400,Summit Middle School,Summit School District No. Re 1,Frisco,737,298,Yes participating without using any Provision or the CEO,false
080480001054,Summit Ridge Middle School,Jefferson County School District No. R-1,Littleton,851,207,Yes under Community Eligibility Option (CEO),false
080345000044,Summit View Elementary School,Douglas County School District No. Re 1,Highlands Ranch,350,35,Yes participating without using any Provision or the CEO,false
080348000457,Sunnyside Elementary School,Durango School District No. 9-R,Durango,107,54,Yes under Community Eligibility Option (CEO),false
080291001378,Sunrise Elementary School,Cherry Creek School District No. 5 in the county of Arapah,Aurora,497,304,Yes under Community Eligibility Option (CEO),false
080648001418,Sunrise Elementary School,School District No. 3 in the county of El Paso and State of,Colorado Springs,506,251,Yes under Community Eligibility Option (CEO),false
080573000983,Sunset Elementary School,Moffat County School District RE: No. 1,Craig,261,151,Yes under Community Eligibility Option (CEO),false
080537000908,Sunset Middle School,St. Vrain Valley School District No. Re1J,Longmont,316,185,Yes under Community Eligibility Option (CEO),true
080612001065,Sunset Park Elementary School,Pueblo School District No. 60 in the county of Pueblo and,Pueblo,425,322,Yes under Community Eligibility Option (CEO),false
080723001248,Sunset Ridge PK-8,Westminster Public Schools,Westminster,449,394,Yes under Community Eligibility Option (CEO),false
080249001518,Superior Elementary School,Boulder Valley School District No. Re2,Superior,418,32,Yes under Community Eligibility Option (CEO),false
080615001559,Swallows Charter Academy,Pueblo County School District 70,Pueblo West,677,238,Yes under Community Eligibility Option (CEO),false
080615006360,Swallows Charter Academy High School,Pueblo County School District 70,Pueblo West,178,57,Yes under Community Eligibility Option (CEO),false
080336000414,Swansea Elementary School,School District No. 1 in the county of Denver and State of C,Denver,381,329,Yes under Community Eligibility Option (CEO),false
080480000790,Swanson Elementary School,Jefferson County School District No. R-1,Arvada,283,205,Yes under Community Eligibility Option (CEO),false
080336006518,Swigert International School,School District No. 1 in the county of Denver and State of C,Denver,673,138,Yes under Community Eligibility Option (CEO),false
080684001168,Swink Elementary School,Swink School District No. 33 in the county of Otero and St,Swink,131,74,Yes under Community Eligibility Option (CEO),false
080684001169,Swink Junior-Senior High School,Swink School District No. 33 in the county of Otero and St,Swink,159,70,Yes under Community Eligibility Option (CEO),false
080648001119,Talbott STEAM Innovation School,School District No. 3 in the county of El Paso and State of,Colorado Springs,324,193,Yes under Community Eligibility Option (CEO),false
080690001175,Tarver Elementary School,Adams 12 Five Star Schools,Thornton,475,178,Yes under Community Eligibility Option (CEO),false
080399000547,Tavelli Elementary School,Poudre School District R-1,Fort Collins,519,186,Yes under Community Eligibility Option (CEO),false
080306000267,Taylor Elementary School,Colorado Springs School District No. 11 in the county of E,Colorado Springs,152,115,Yes under Community Eligibility Option (CEO),false
080435000626,Taylor Elementary School,Mesa County Valley School District No. 51,Palisade,310,132,Yes under Community Eligibility Option (CEO),false
080192006447,Tca College Pathways,Academy School District No. 20 in the county of El Paso an,Colorado Springs,502,,No,false
080339000237,Teddy Bear Preschool,Dolores School District No. Re-4A,Dolores,71,,No,false
080336000415,Teller Elementary School,School District No. 1 in the county of Denver and State of C,Denver,518,114,Yes under Community Eligibility Option (CEO),false
080687006699,Telluride Elementary School,Telluride School District No. R-1,Telluride,140,43,Yes under Community Eligibility Option (CEO),false
080687001171,Telluride High School,Telluride School District No. R-1,Telluride,298,92,Yes participating without using any Provision or the CEO,false
080687001170,Telluride Intermediate School,Telluride School District No. R-1,Telluride,237,72,Yes participating without using any Provision or the CEO,false
080687001304,Telluride Middle School,Telluride School District No. R-1,Telluride,124,38,Yes participating without using any Provision or the CEO,false
080723001249,Tennyson Knolls Preparatory School,Westminster Public Schools,Arvada,364,322,Yes under Community Eligibility Option (CEO),true
080285002008,The Academic Recovery Center of San Luis Valley,Center Consolidated School District No. 26 Jt. of the count,Center,16,14,Yes under Community Eligibility Option (CEO),true
080306001888,The Bijou School,Colorado Springs School District No. 11 in the county of E,Colorado Springs,134,103,Yes under Community Eligibility Option (CEO),false
080192001592,The Classical Academy Charter,Academy School District No. 20 in the county of El Paso an,Colorado Springs,1909,257,Yes participating without using any Provision or the CEO,false
080192001943,The Classical Academy High School,Academy School District No. 20 in the county of El Paso an,Colorado Springs,616,81,Yes participating without using any Provision or the CEO,false
080192001931,The Classical Academy Middle School,Academy School District No. 20 in the county of El Paso an,Colorado Springs,445,63,Yes participating without using any Provision or the CEO,false
080615000632,The Connect Charter School,Pueblo County School District 70,Pueblo,252,,No,false
080291006632,The Cottage at Holly Ridge,Cherry Creek School District No. 5 in the county of Arapah,Denver,74,,No,false
080192001842,The Da Vinci Academy School,Academy School District No. 20 in the county of El Paso an,Colorado Springs,447,109,Yes under Community Eligibility Option (CEO),false
080264006767,The Grove Bvsd's Early Learning Program,Buena Vista School District No. R-31,Buena Vista,60,19,Yes under Community Eligibility Option (CEO),false
080648006817,The Haven School,School District No. 3 in the county of El Paso and State of,Colorado Springs,240,108,Yes under Community Eligibility Option (CEO),false
080291006769,The Journey Preschool,Cherry Creek School District No. 5 in the county of Arapah,Aurora,75,40,Yes participating without using any Provision or the CEO,false
080348006712,The Juniper School,Durango School District No. 9-R,Durango,171,66,Yes under Community Eligibility Option (CEO),false
080002001915,The Pinnacle Charter School,State Charter School Institute,Federal Heights,1905,1543,Yes under Community Eligibility Option (CEO),true
080258006832,The Stead School,School District 27J,Commerce City,421,98,Yes under Community Eligibility Option (CEO),false
080690006375,The Studio School,Adams 12 Five Star Schools,Northglenn,215,102,Yes under Community Eligibility Option (CEO),false
080453001326,The Vanguard School (Elementary),Harrison School District No. 2 in the county of El Paso an,Colorado Springs,949,225,Yes participating without using any Provision or the CEO,false
080453006370,The Vanguard School (High),Harrison School District No. 2 in the county of El Paso an,Colorado Springs,303,75,Yes participating without using any Provision or the CEO,false
080453006402,The Vanguard School (Middle),Harrison School District No. 2 in the county of El Paso an,Colorado Springs,243,86,Yes participating without using any Provision or the CEO,false
080531006800,The Village Ece,Littleton School District No. 6 in the county of Arapahoe,Centennial,336,114,Yes under Community Eligibility Option (CEO),false
080336000417,Thomas Jefferson High School,School District No. 1 in the county of Denver and State of C,Denver,1390,708,Yes under Community Eligibility Option (CEO),false
080306006437,Thomas Maclaren State Charter School,Colorado Springs School District No. 11 in the county of E,Colorado Springs,975,405,Yes participating without using any Provision or the CEO,false
080540001977,Thompson Integrated Early Childhood,Thompson School District R-2J,Loveland,85,49,Yes participating without using any Provision or the CEO,false
080540000938,Thompson Valley High School,Thompson School District R-2J,Loveland,1005,317,Yes under Community Eligibility Option (CEO),false
080261000156,Thomson Primary School,School District No. Re-2 Brush,Brush,452,302,Yes under Community Eligibility Option (CEO),false
080690001191,Thornton Elementary School,Adams 12 Five Star Schools,Thornton,387,341,Yes under Community Eligibility Option (CEO),false
080690001192,Thornton High School,Adams 12 Five Star Schools,Thornton,1439,1132,Yes under Community Eligibility Option (CEO),false
080690001183,Thornton Middle School,Adams 12 Five Star Schools,Thornton,721,607,Yes under Community Eligibility Option (CEO),true
080480006722,Three Creeks K-8,Jefferson County School District No. R-1,Arvada,1050,67,Yes participating without using any Provision or the CEO,false
080435001346,Thunder Mountain Elementary School,Mesa County Valley School District No. 51,Grand Junction,432,235,Yes under Community Eligibility Option (CEO),false
080291000034,Thunder Ridge Middle School,Cherry Creek School District No. 5 in the county of Arapah,Aurora,1106,409,Yes under Community Eligibility Option (CEO),false
080537000901,Thunder Valley PK-8,St. Vrain Valley School District No. Re1J,Frederick,880,555,Yes under Community Eligibility Option (CEO),true
080690006740,Thunder Vista P-8,Adams 12 Five Star Schools,Broomfield,725,73,Yes under Community Eligibility Option (CEO),false
080345001529,Thunderridge High School,Douglas County School District No. Re 1,Highlands Ranch,1820,210,Yes participating without using any Provision or the CEO,false
080513006809,Tiger Trades Academy,East Otero School District No. R1,La Junta,90,81,Yes under Community Eligibility Option (CEO),false
080345001963,Timber Trail Elementary School,Douglas County School District No. Re 1,Castle Rock,380,24,Yes participating without using any Provision or the CEO,false
080291001405,Timberline Elementary School,Cherry Creek School District No. 5 in the county of Arapah,Centennial,478,158,Yes under Community Eligibility Option (CEO),false
080537006594,Timberline PK-8,St. Vrain Valley School District No. Re1J,Longmont,762,637,Yes under Community Eligibility Option (CEO),true
080192001462,Timberview Middle School,Academy School District No. 20 in the county of El Paso an,Colorado Springs,837,266,Yes under Community Eligibility Option (CEO),false
080399000548,Timnath Elementary School,Poudre School District R-1,Timnath,455,140,Yes under Community Eligibility Option (CEO),false
080399006866,Timnath Middle-High School,Poudre School District R-1,Timnath,1456,282,Yes under Community Eligibility Option (CEO),false
080441006859,Tointon Academy of Pre-Engineering,GreeleySchool District No. 6 in the county of Weld and Sta,Greeley,1127,664,Yes under Community Eligibility Option (CEO),false
080234001324,Tollgate Elementary School of Expeditionary Learning,Aurora Joint District No. 28 of the counties of Adams and A,Aurora,601,498,Yes under Community Eligibility Option (CEO),false
080435000627,Tope Elementary School,Mesa County Valley School District No. 51,Grand Junction,370,175,Yes under Community Eligibility Option (CEO),false
080735001263,Tozer Elementary School,Weld County Reorganized School District No. Re-4,Windsor,308,116,Yes under Community Eligibility Option (CEO),false
080537001891,Trail Ridge Middle School,St. Vrain Valley School District No. Re1J,Longmont,435,260,Yes under Community Eligibility Option (CEO),true
080306001642,Trailblazer Elementary School,Colorado Springs School District No. 11 in the county of E,Colorado Springs,211,117,Yes under Community Eligibility Option (CEO),false
080345001585,Trailblazer Elementary School,Douglas County School District No. Re 1,Highlands Ranch,330,57,Yes participating without using any Provision or the CEO,false
080291001330,Trails West Elementary School,Cherry Creek School District No. 5 in the county of Arapah,Centennial,425,134,Yes under Community Eligibility Option (CEO),false
080555006786,Trailside Academy,Mapleton School District No. 1 in the county of Adams & St,Denver,492,287,Yes under Community Eligibility Option (CEO),false
080399000606,Traut Core Elementary School,Poudre School District R-1,Fort Collins,484,84,Yes participating without using any Provision or the CEO,false
080336000418,Traylor Academy,School District No. 1 in the county of Denver and State of C,Denver,300,199,Yes under Community Eligibility Option (CEO),false
080336006389,Trevista at Horace Mann,School District No. 1 in the county of Denver and State of C,Denver,482,289,Yes under Community Eligibility Option (CEO),false
080696001205,Trinidad High School,Trinidad School District 1 in the county of Las Animas and,Trinidad,204,137,Yes under Community Eligibility Option (CEO),true
080696001204,Trinidad Middle School,Trinidad School District 1 in the county of Las Animas and,Trinidad,172,125,Yes under Community Eligibility Option (CEO),true
080540000939,Truscott Elementary School,Thompson School District R-2J,Loveland,194,98,Yes under Community Eligibility Option (CEO),false
080453001443,Turman Elementary School,Harrison School District No. 2 in the county of El Paso an,Colorado Springs,185,134,Yes under Community Eligibility Option (CEO),false
080258006401,Turnberry Elementary,School District 27J,Commerce City,742,382,Yes under Community Eligibility Option (CEO),false
080540001354,Turner Middle School,Thompson School District R-2J,Berthoud,448,78,Yes under Community Eligibility Option (CEO),false
080306000252,Twain Elementary School,Colorado Springs School District No. 11 in the county of E,Colorado Springs,291,237,Yes under Community Eligibility Option (CEO),false
080537001572,Twin Peaks Classical Academy,St. Vrain Valley School District No. Re1J,Longmont,879,341,Yes under Community Eligibility Option (CEO),false
080426006635,Two Rivers Community School,Roaring Fork School District No. Re-1,Glenwood Springs,390,118,Yes participating without using any Provision or the CEO,false
080480006466,Two Roads Charter School,Jefferson County School District No. R-1,Arvada,345,,No,false
080402001366,Twombly Elementary School,Weld re-8 schools,Fort Lupton,473,308,Yes under Community Eligibility Option (CEO),false
080441006552,Union Colony Elementary School,GreeleySchool District No. 6 in the county of Weld and Sta,Evans,342,260,Yes under Community Eligibility Option (CEO),false
080441001615,Union Colony Preparatory School,GreeleySchool District No. 6 in the county of Weld and Sta,Greeley,333,204,Yes under Community Eligibility Option (CEO),false
080249000135,University Hill Elementary School,Boulder Valley School District No. Re2,Boulder,405,249,Yes under Community Eligibility Option (CEO),false
080336000419,University Park Elementary School,School District No. 1 in the county of Denver and State of C,Denver,413,118,Yes under Community Eligibility Option (CEO),false
080336006517,University Prep - Arapahoe St.,School District No. 1 in the county of Denver and State of C,Denver,313,281,Yes under Community Eligibility Option (CEO),false
080002006894,University Prep - Commerce City,State Charter School Institute,Commerce City,24,13,Yes participating without using any Provision or the CEO,false
080336001576,University Prep - Steele St.,School District No. 1 in the county of Denver and State of C,Denver,334,298,Yes under Community Eligibility Option (CEO),false
080441001696,University Schools,GreeleySchool District No. 6 in the county of Weld and Sta,Greeley,1784,727,Yes under Community Eligibility Option (CEO),false
080681001564,Upper Blue Elementary School,Summit School District No. Re 1,Breckenridge,221,104,Yes participating without using any Provision or the CEO,false
080480001450,Ute Meadows Elementary School,Jefferson County School District No. R-1,Littleton,374,66,Yes participating without using any Provision or the CEO,false
080549000948,Ute Pass Elementary School,Manitou Springs School District No. 14 in the county of El,Chipita Park,174,63,Yes under Community Eligibility Option (CEO),false
080354006422,Vail Ski and Snowboard Academy (Vssa),Eagle County School District No. Re 50,Minturn,278,,No,false
080336000420,Valdez Elementary School,School District No. 1 in the county of Denver and State of C,Denver,423,211,Yes under Community Eligibility Option (CEO),false
080420000580,Valley High School,Weld County Reorganized School District No. Re-1,Gilcrest,483,295,Yes under Community Eligibility Option (CEO),false
080555006861,Valley View Innovation School,Mapleton School District No. 1 in the county of Adams & St,Denver,183,106,Yes under Community Eligibility Option (CEO),false
080336000421,Valverde Elementary School,School District No. 1 in the county of Denver and State of C,Denver,359,306,Yes under Community Eligibility Option (CEO),false
080480001056,Van Arsdale Elementary School,Jefferson County School District No. R-1,Arvada,492,82,Yes under Community Eligibility Option (CEO),false
080480000793,Vanderhoof Elementary School,Jefferson County School District No. R-1,Arvada,403,148,Yes under Community Eligibility Option (CEO),false
080234006611,Vanguard Classical School - East,Aurora Joint District No. 28 of the counties of Adams and A,Aurora,690,550,Yes under Community Eligibility Option (CEO),false
080234006322,Vanguard Classical School - West,Aurora Joint District No. 28 of the counties of Adams and A,Denver,380,317,Yes under Community Eligibility Option (CEO),true
080690001172,Vantage Point,Adams 12 Five Star Schools,Northglenn,331,245,Yes under Community Eligibility Option (CEO),false
080234001294,Vassar Elementary School,Aurora Joint District No. 28 of the counties of Adams and A,Aurora,500,364,Yes under Community Eligibility Option (CEO),false
080234000080,Vaughn Elementary School,Aurora Joint District No. 28 of the counties of Adams and A,Aurora,446,409,Yes under Community Eligibility Option (CEO),false
080234006732,Vega Collegiate Academy,Aurora Joint District No. 28 of the counties of Adams and A,Aurora,583,570,Yes under Community Eligibility Option (CEO),true
080648001124,Venetucci Elementary School,School District No. 3 in the county of El Paso and State of,Colorado Springs,272,184,Yes under Community Eligibility Option (CEO),false
080345006873,Venture Academy of Leadership and Entrepreneurship,Douglas County School District No. Re 1,Parker,88,9,Yes participating without using any Provision or the CEO,false
080002006585,Victory Preparatory Academy High State Charter School,State Charter School Institute,Commerce City,118,98,Yes under Community Eligibility Option (CEO),false
080002006579,Victory Preparatory Academy Middle State Charter School,State Charter School Institute,Commerce City,166,142,Yes under Community Eligibility Option (CEO),false
080258000152,Vikan Middle School,School District 27J,Brighton,528,375,Yes under Community Eligibility Option (CEO),false
080699001206,Vilas Elementary School,Vilas School District Re-5,Vilas,15,13,Yes under Community Eligibility Option (CEO),false
080699001207,Vilas Undivided High School,Vilas School District Re-5,Vilas,38,24,Yes under Community Eligibility Option (CEO),true
080615006856,Villa Bella Expeditionary Middle School,Pueblo County School District 70,Pueblo,141,65,Yes participating without using any Provision or the CEO,false
080615006773,Villa Bella Expeditionary School,Pueblo County School District 70,Pueblo,298,99,Yes under Community Eligibility Option (CEO),false
080291000204,Village East Community Elementary School,Cherry Creek School District No. 5 in the county of Arapah,Aurora,821,539,Yes under Community Eligibility Option (CEO),false
080192006434,Village High School,Academy School District No. 20 in the county of El Paso an,Colorado Springs,532,,No,false
080192006478,Village Middle School,Academy School District No. 20 in the county of El Paso an,Colorado Springs,163,26,Yes participating without using any Provision or the CEO,false
080615001084,Vineland Elementary School,Pueblo County School District 70,Pueblo,312,182,Yes under Community Eligibility Option (CEO),false
080615001085,Vineland Middle School,Pueblo County School District 70,Pueblo,362,227,Yes under Community Eligibility Option (CEO),true
080234000081,Virginia Court Elementary School,Aurora Joint District No. 28 of the counties of Adams and A,Aurora,657,594,Yes under Community Eligibility Option (CEO),false
080333002024,Vision Charter Academy,Delta County Joint District No. 50,Delta,311,,No,false
080336006514,Vista Academy,School District No. 1 in the county of Denver and State of C,Denver,291,235,Yes under Community Eligibility Option (CEO),true
080579001852,Vista Charter School,Montrose County School District Re-1J,Montrose,188,137,Yes under Community Eligibility Option (CEO),true
080234006451,Vista Peak 9-12 Preparatory,Aurora Joint District No. 28 of the counties of Adams and A,Aurora,2045,1269,Yes under Community Eligibility Option (CEO),false
080234006483,Vista Peak P-8 Exploratory,Aurora Joint District No. 28 of the counties of Adams and A,Aurora,960,527,Yes participating without using any Provision or the CEO,false
080387006408,Vista Ridge High School,El Paso County Colorado School District 49,Colorado Springs,1473,559,Yes participating without using any Provision or the CEO,false
080612001067,W H Heaton Middle School,Pueblo School District No. 60 in the county of Pueblo and,Pueblo,578,469,Yes under Community Eligibility Option (CEO),true
080291000206,Walnut Hills Community Elementary School,Cherry Creek School District No. 5 in the county of Arapah,Centennial,342,114,Yes under Community Eligibility Option (CEO),false
080708001212,Walsenburg Jr. Sr. High School,Huerfano School District Re-1,Walsenburg,179,158,Yes under Community Eligibility Option (CEO),true
080711001215,Walsh Elementary School,Walsh School District No. Re-1,Walsh,105,77,Yes under Community Eligibility Option (CEO),false
080711001216,Walsh High School,Walsh School District No. Re-1,Walsh,72,47,Yes under Community Eligibility Option (CEO),false
080540001286,Walt Clark Middle School,Thompson School District R-2J,Loveland,340,133,Yes under Community Eligibility Option (CEO),false
080624001358,Wamsley Elementary School,Garfield School District No. Re-2,Rifle,420,254,Yes under Community Eligibility Option (CEO),false
080480000796,Warder Elementary School,Jefferson County School District No. R-1,Arvada,432,97,Yes under Community Eligibility Option (CEO),false
080480000797,Warren Tech,Jefferson County School District No. R-1,Lakewood,32,,No,false
080279000176,Washington Elementary School,Fremont Re-1,Canon City,319,214,Yes under Community Eligibility Option (CEO),false
080522000865,Washington Elementary School,Lamar School District No. Re-2,Lamar,222,192,Yes under Community Eligibility Option (CEO),false
080648001126,Watson Junior High School,School District No. 3 in the county of El Paso and State of,Colorado Springs,470,243,Yes under Community Eligibility Option (CEO),true
080480002036,Wayne Carle Middle School,Jefferson County School District No. R-1,Westminster,438,93,Yes under Community Eligibility Option (CEO),false
080399006162,Webber Middle School,Poudre School District R-1,Fort Collins,728,254,Yes under Community Eligibility Option (CEO),false
080480000798,Weber Elementary School,Jefferson County School District No. R-1,Arvada,312,129,Yes under Community Eligibility Option (CEO),false
080648001127,Webster Elementary School,School District No. 3 in the county of El Paso and State of,Colorado Springs,582,279,Yes under Community Eligibility Option (CEO),false
080408006481,Weikel Elementary School,Fountain School District No. 8 in the county of El Paso an,Colorado Springs,814,263,Yes participating without using any Provision or the CEO,false
080555001997,Welby Community School of the Arts,Mapleton School District No. 1 in the county of Adams & St,Denver,308,224,Yes under Community Eligibility Option (CEO),false
080480000799,Welchester Elementary School,Jefferson County School District No. R-1,Golden,293,212,Yes under Community Eligibility Option (CEO),false
080492002026,Weld Central Middle School,Weld County School District RE-3J,Keenesburg,403,235,Yes under Community Eligibility Option (CEO),false
080492000819,Weld Central Senior High School,Weld County School District RE-3J,Keenesburg,651,320,Yes under Community Eligibility Option (CEO),false
080492006863,Weld Re-3J Online Innovations,Weld County School District RE-3J,Hudson,110,,No,false
080402006895,Weld Re-8 Online Academy,Weld re-8 schools,Fort Lupton,48,,No,false
080714001217,Weldon Valley Elementary School,School District No. Re-20 Weldon Valley,Weldona,119,36,Yes participating without using any Provision or the CEO,false
080714001218,Weldon Valley Jr/Sr High School,School District No. Re-20 Weldon Valley,Weldona,96,35,Yes under Community Eligibility Option (CEO),false
080399000551,Wellington Middle-High School,Poudre School District R-1,Wellington,1173,465,Yes under Community Eligibility Option (CEO),false
080408000096,Welte Education Center,Fountain School District No. 8 in the county of El Paso an,Fountain,84,56,Yes under Community Eligibility Option (CEO),true
080399001440,Werner Elementary School,Poudre School District R-1,Fort Collins,374,85,Yes under Community Eligibility Option (CEO),false
080306006416,West Elementary School,Colorado Springs School District No. 11 in the county of E,Colorado Springs,144,120,Yes under Community Eligibility Option (CEO),false
080507000829,West Grand Elementary and Middle School,West Grand School District No. 1,Kremmling,262,111,Yes participating without using any Provision or the CEO,true
080507000830,West Grand High School,West Grand School District No. 1,Kremmling,123,51,Yes participating without using any Provision or the CEO,false
080336006551,West High School,School District No. 1 in the county of Denver and State of C,Denver,519,472,Yes under Community Eligibility Option (CEO),true
080480000800,West Jefferson Elementary School,Jefferson County School District No. R-1,Conifer,252,57,Yes participating without using any Provision or the CEO,false
080480000795,West Jefferson Middle School,Jefferson County School District No. R-1,Conifer,499,110,Yes participating without using any Provision or the CEO,false
080306000272,West Middle School,Colorado Springs School District No. 11 in the county of E,Colorado Springs,119,96,Yes under Community Eligibility Option (CEO),true
080336006547,West Middle School,School District No. 1 in the county of Denver and State of C,Denver,188,180,Yes under Community Eligibility Option (CEO),true
080435000629,West Middle School,Mesa County Valley School District No. 51,Grand Junction,468,244,Yes under Community Eligibility Option (CEO),false
080291000207,West Middle School,Cherry Creek School District No. 5 in the county of Arapah,Greenwood Village,1019,184,Yes participating without using any Provision or the CEO,false
080441006504,West Ridge Academy,GreeleySchool District No. 6 in the county of Weld and Sta,Greeley,329,172,Yes under Community Eligibility Option (CEO),false
080258006326,West Ridge Elementary,School District 27J,Thornton,690,269,Yes under Community Eligibility Option (CEO),false
080480001549,West Woods Elementary School,Jefferson County School District No. R-1,Arvada,542,21,Yes under Community Eligibility Option (CEO),false
080336001957,Westerly Creek Elementary,School District No. 1 in the county of Denver and State of C,Denver,647,130,Yes under Community Eligibility Option (CEO),false
080690006417,Westgate Community School,Adams 12 Five Star Schools,Thornton,540,207,Yes participating without using any Provision or the CEO,false
080480000801,Westgate Elementary School,Jefferson County School District No. R-1,Lakewood,305,210,Yes under Community Eligibility Option (CEO),false
080690001194,Westlake Middle School,Adams 12 Five Star Schools,Broomfield,853,279,Yes participating without using any Provision or the CEO,false
080723006675,Westminster Academy for International Studies,Westminster Public Schools,Westminster,258,201,Yes under Community Eligibility Option (CEO),true
080723001254,Westminster High School,Westminster Public Schools,Westminster,2010,1649,Yes under Community Eligibility Option (CEO),true
080480001451,Westridge Elementary School,Jefferson County School District No. R-1,Littleton,400,59,Yes under Community Eligibility Option (CEO),false
080690001195,Westview Elementary School,Adams 12 Five Star Schools,Northglenn,402,288,Yes under Community Eligibility Option (CEO),false
080537006198,Westview Middle School,St. Vrain Valley School District No. Re1J,Longmont,621,224,Yes under Community Eligibility Option (CEO),false
080480000803,Wheat Ridge High School,Jefferson County School District No. R-1,Wheat Ridge,932,393,Yes under Community Eligibility Option (CEO),false
080336000426,Whittier Ece-8 School,School District No. 1 in the county of Denver and State of C,Denver,242,214,Yes under Community Eligibility Option (CEO),true
080249000139,Whittier Elementary School,Boulder Valley School District No. Re2,Boulder,269,113,Yes under Community Eligibility Option (CEO),false
080648001359,Widefield District 3 Preschool,School District No. 3 in the county of El Paso and State of,Colorado Springs,379,,No,false
080648001128,Widefield Elementary School of the Arts,School District No. 3 in the county of El Paso and State of,Colorado Springs,369,199,Yes under Community Eligibility Option (CEO),false
080648001129,Widefield High School,School District No. 3 in the county of El Paso and State of,Colorado Springs,1193,468,Yes under Community Eligibility Option (CEO),false
080729001257,Wiggins Elementary School,School District No. Re-50 Wiggins,Wiggins,221,86,Yes under Community Eligibility Option (CEO),false
080729001258,Wiggins High School,School District No. Re-50 Wiggins,Wiggins,236,94,Yes under Community Eligibility Option (CEO),false
080729006394,Wiggins Middle School,School District No. Re-50 Wiggins,Wiggins,134,57,Yes under Community Eligibility Option (CEO),true
080729006886,Wiggins Primary School,School District No. Re-50 Wiggins,Wiggins,322,146,Yes under Community Eligibility Option (CEO),false
080345001639,Wildcat Mountain Elementary School,Douglas County School District No. Re 1,Littleton,423,66,Yes participating without using any Provision or the CEO,false
080531000893,Wilder Elementary School,Littleton School District No. 6 in the county of Arapahoe,Littleton,592,56,Yes participating without using any Provision or the CEO,false
080453001370,Wildflower Elementary School,Harrison School District No. 2 in the county of El Paso an,Colorado Springs,346,247,Yes under Community Eligibility Option (CEO),false
080002006896,Wildflower Montessori Public School of Colorado Grand Valley,State Charter School Institute,Grand Junction,40,15,Yes participating without using any Provision or the CEO,false
080002006887,Wildflower Montessori Public Schools of Colorado Aurora,State Charter School Institute,Aurora,49,13,Yes participating without using any Provision or the CEO,false
080732001260,Wiley Elementary School,Wiley School District No. Re-13 Jt,Wiley,155,92,Yes participating without using any Provision or the CEO,false
080732001261,Wiley Junior-Senior High School,Wiley School District No. Re-13 Jt,Wiley,115,51,Yes under Community Eligibility Option (CEO),false
080336006332,William (Bill) Roberts Ece-8 School,School District No. 1 in the county of Denver and State of C,Denver,872,114,Yes under Community Eligibility Option (CEO),false
080234000084,William Smith High School,Aurora Joint District No. 28 of the counties of Adams and A,Aurora,410,334,Yes under Community Eligibility Option (CEO),false
080028206846,Williamsburg Academy of Colorado,Education Reenvisioned BOCES,Boulder,622,,No,false
080291000208,Willow Creek Elementary School,Cherry Creek School District No. 5 in the county of Arapah,Centennial,462,68,Yes participating without using any Provision or the CEO,false
080336006603,Willow Elementary School,School District No. 1 in the county of Denver and State of C,Denver,596,173,Yes participating without using any Provision or the CEO,false
080480000805,Wilmot Elementary School,Jefferson County School District No. R-1,Evergreen,327,40,Yes under Community Eligibility Option (CEO),false
080306000275,Wilson Elementary School,Colorado Springs School District No. 11 in the county of E,Colorado Springs,295,218,Yes under Community Eligibility Option (CEO),false
080735006650,Windsor Charter Academy Early College High School,Weld County Reorganized School District No. Re-4,Windsor,435,74,Yes participating without using any Provision or the CEO,false
080735001815,Windsor Charter Academy Elementary School,Weld County Reorganized School District No. Re-4,Windsor,780,128,Yes participating without using any Provision or the CEO,false
080735006782,Windsor Charter Academy Middle School,Weld County Reorganized School District No. Re-4,Windsor,395,66,Yes participating without using any Provision or the CEO,false
080735001264,Windsor High School,Weld County Reorganized School District No. Re-4,Windsor,1094,210,Yes participating without using any Provision or the CEO,false
080735001265,Windsor Middle School,Weld County Reorganized School District No. Re-4,Windsor,785,171,Yes under Community Eligibility Option (CEO),false
080435001347,Wingate Elementary School,Mesa County Valley School District No. 51,Grand Junction,363,72,Yes under Community Eligibility Option (CEO),false
080441001989,Winograd K-8 Elementary School,GreeleySchool District No. 6 in the county of Weld and Sta,Greeley,691,453,Yes under Community Eligibility Option (CEO),true
080540000942,Winona Elementary School,Thompson School District R-2J,Loveland,246,145,Yes under Community Eligibility Option (CEO),false
080378000497,Wm E Bishop Elementary School,Englewood School District No. 1 in the county of Arapahoe,Englewood,200,157,Yes under Community Eligibility Option (CEO),false
080690001196,Woodglen Elementary School,Adams 12 Five Star Schools,Thornton,383,252,Yes under Community Eligibility Option (CEO),false
080291006865,Woodland Elementary School,Cherry Creek School District No. 5 in the county of Arapah,Aurora,577,117,Yes under Community Eligibility Option (CEO),false
080738001267,Woodland Park High School,Woodland Park School District No. Re-2,Woodland Park,490,175,Yes under Community Eligibility Option (CEO),false
080738001268,Woodland Park Middle School,Woodland Park School District No. Re-2,Woodland Park,195,77,Yes under Community Eligibility Option (CEO),false
080741001270,Woodlin Elementary School,Woodlin School District No. R-104,Woodrow,32,14,Yes under Community Eligibility Option (CEO),false
080741001271,Woodlin Undivided High School,Woodlin School District No. R-104,Woodrow,42,20,Yes under Community Eligibility Option (CEO),true
080387001686,Woodmen Hills Elementary School,El Paso County Colorado School District 49,Falcon,613,202,Yes participating without using any Provision or the CEO,false
080192000008,Woodmen-Roberts Elementary School,Academy School District No. 20 in the county of El Paso an,Colorado Springs,381,85,Yes under Community Eligibility Option (CEO),false
080480001807,Woodrow Wilson Charter Academy,Jefferson County School District No. R-1,Westminster,518,89,Yes participating without using any Provision or the CEO,false
080354006868,World Academy Elementary School,Eagle County School District No. Re 50,Gypsum,5,,No,false
080354006533,World Academy High School,Eagle County School District No. Re 50,Eagle,53,,No,false
080354006869,World Academy Middle School,Eagle County School District No. Re 50,Gypsum,12,,No,false
080345006666,World Compass Academy,Douglas County School District No. Re 1,Castle Rock,791,123,Yes participating without using any Provision or the CEO,false
080001701816,Wray Elementary School,Wray RD-2 School District,Wray,409,260,Yes under Community Eligibility Option (CEO),false
080001701818,Wray Junior Senior High School,Wray RD-2 School District,Wray,322,181,Yes under Community Eligibility Option (CEO),true
080336001637,Wyatt Academy,School District No. 1 in the county of Denver and State of C,Denver,240,195,Yes under Community Eligibility Option (CEO),false
080234000085,Yale Elementary School,Aurora Joint District No. 28 of the counties of Adams and A,Aurora,492,417,Yes under Community Eligibility Option (CEO),false
080666001924,Yampa Valley High School,Steamboat Springs School District No. Re 2,Steamboat Springs,32,,No,false
080029201503,Yampah Mountain School,Colorado River BOCES,Glenwood Springs,181,57,Yes participating without using any Provision or the CEO,false
080555002017,York International,Mapleton School District No. 1 in the county of Adams & St,Thornton,776,570,Yes under Community Eligibility Option (CEO),true
080001601821,Yuma High School,Yuma 1 School District,Yuma,228,146,Yes under Community Eligibility Option (CEO),true
080001601819,Yuma Middle School,Yuma 1 School District,Yuma,223,140,Yes under Community Eligibility Option (CEO),true
080001601745,Yuma Preschool,Yuma 1 School District,Yuma,41,28,Yes participating without using any Provision or the CEO,false
080399001727,Zach Elementary School,Poudre School District R-1,Fort Collins,492,78,Yes under Community Eligibility Option (CEO),false
080294006342,Zebulon Pike Youth Services Center,Cheyenne Mountain School District No. 12 in the county of E,Colorado Springs,24,21,Yes participating without using any Provision or the CEO,false
