nces_id,school_name,district_name,city_name,total_students,frl_eligible_students,national_school_lunch_program,admin_approved,min_grade,max_grade
120171007703,A Seminole County Virtual School,Seminole,Lake Mary,210,38,No,false,Kindergarten,12th Grade
120009000067,A. Crawford Mosley High School,Bay,Lynn Haven,1864,553,Yes participating without using any Provision or the CEO,false,9th Grade,12th Grade
120009008970,A. Gary Walsingham Academy,Bay,Panama City Beach,470,189,Yes under Community Eligibility Option (CEO),false,Prekindergarten,5th Grade
120051000811,A. K. Suter Elementary School,Escambia,Pensacola,500,242,Yes participating without using any Provision or the CEO,false,Kindergarten,5th Grade
120003000018,A. L. Mebane Middle School,Alachua,Alachua,385,193,Yes under Community Eligibility Option (CEO),true,6th Grade,8th Grade
120048000773,A. Philip Randolph Academies,Duval,Jacksonville,349,228,Yes under Community Eligibility Option (CEO),true,9th Grade,12th Grade
120201203140,A.d. Henderson University School & Fau High School,Fau Lab Sch,Boca Raton,1326,307,Yes participating without using any Provision or the CEO,false,Kindergarten,12th Grade
120003000004,A.quinn Jones Center,Alachua,Gainesville,95,80,Yes under Community Eligibility Option (CEO),true,6th Grade,12th Grade
120048003173,Abess Park Elementary School,Duval,Jacksonville,509,225,Yes under Community Eligibility Option (CEO),false,Prekindergarten,5th Grade
120003000010,Abraham Lincoln Middle School,Alachua,Gainesville,613,338,Yes under Community Eligibility Option (CEO),true,6th Grade,8th Grade
120018008534,Academic Solutions Academy A,Broward,Coral Springs,204,17,No,true,9th Grade,12th Grade
120018008260,Academic Solutions High School,Broward,Coral Springs,224,9,No,true,9th Grade,12th Grade
120156003255,Academie Da Vinci Charter School,Pinellas,Dunedin,336,99,Yes participating without using any Provision or the CEO,false,Kindergarten,8th Grade
120039008693,Academir Charter School East at Doral,Miami-Dade,Doral,463,149,Yes participating without using any Provision or the CEO,false,Kindergarten,5th Grade
120039010629,Academir Charter School East Middle,Miami-Dade,Doral,92,30,Yes participating without using any Provision or the CEO,false,6th Grade,8th Grade
120039008978,Academir Charter School Elementary South,Miami-Dade,Miami,128,67,Yes participating without using any Provision or the CEO,false,Kindergarten,5th Grade
120039008218,Academir Charter School Middle,Miami-Dade,Miami,299,237,Yes participating without using any Provision or the CEO,true,6th Grade,8th Grade
120039008748,Academir Charter School of Math and Science,Miami-Dade,Homestead,436,371,Yes participating without using any Provision or the CEO,false,Kindergarten,5th Grade
120039008518,Academir Charter School Preparatory,Miami-Dade,Miami,1172,929,Yes participating without using any Provision or the CEO,true,Kindergarten,8th Grade
120039007540,Academir Charter School West,Miami-Dade,Miami,695,314,Yes participating without using any Provision or the CEO,true,Kindergarten,8th Grade
120039010717,Academir Middle School of Math and Science,Miami-Dade,Homestead,151,128,Yes participating without using any Provision or the CEO,false,6th Grade,8th Grade
120039008481,Academir Preparatory Academy,Miami-Dade,Miami,396,322,Yes participating without using any Provision or the CEO,false,Kindergarten,5th Grade
120039010744,Academir Preparatory High School,Miami-Dade,Miami,53,16,Yes participating without using any Provision or the CEO,false,9th Grade,12th Grade
120147010796,Academir Preparatory of Championsgate,Osceola,Miami,366,202,Yes participating without using any Provision or the CEO,false,Kindergarten,5th Grade
120153003913,Academy at the Farm,Pasco,Dade City,761,110,Yes under Community Eligibility Option (CEO),false,Kindergarten,8th Grade
120039010743,Academy for Advanced Academics,Miami-Dade,Miami,136,59,Yes participating without using any Provision or the CEO,false,11th Grade,12th Grade
120039008684,Academy for Innovative Education,Miami-Dade,Miami Springs,1063,498,Yes under Community Eligibility Option (CEO),true,Kindergarten,12th Grade
120027004326,Academy of Environmental Science,Citrus,Crystal River,115,39,Yes under Community Eligibility Option (CEO),true,9th Grade,12th Grade
120039008738,Acceleration Academies Llc Homestead,Miami-Dade,Chicago,170,13,No,false,8th Grade,12th Grade
120039008814,Acceleration Academies-Central Miami,Miami-Dade,Miami,375,14,No,false,8th Grade,12th Grade
120177008545,Acceleration Academy,St. Lucie,Port St Lucie,418,236,Yes participating without using any Provision or the CEO,false,8th Grade,12th Grade
120144007736,Acceleration East,Orange,Orlando,212,121,Yes under Community Eligibility Option (CEO),true,8th Grade,12th Grade
120144008097,Acceleration West,Orange,Orlando,246,145,Yes under Community Eligibility Option (CEO),true,7th Grade,12th Grade
120144007952,Access Charter,Orange,Orlando,115,,No,false,6th Grade,12th Grade
120123004377,Access to Education,Manatee,Bradenton,44,30,Yes participating without using any Provision or the CEO,true,3rd Grade,12th Grade
120051004345,Achieve Academy at McMillian,Escambia,Pensacola,260,214,Yes under Community Eligibility Option (CEO),true,Kindergarten,12th Grade
120159003259,Achievement Academy,Polk,Lakeland,157,88,Yes under Community Eligibility Option (CEO),false,Prekindergarten,Prekindergarten
120150002874,Acreage Pines Elementary School,Palm Beach,Loxahatchee,569,171,Yes under Community Eligibility Option (CEO),false,Prekindergarten,5th Grade
120039004072,Ada Merritt K-8 Center,Miami-Dade,Miami,780,146,Yes under Community Eligibility Option (CEO),false,Prekindergarten,8th Grade
120138001353,Addie R. Lewis School,Okaloosa,Valparaiso,653,312,Yes participating without using any Provision or the CEO,true,Prekindergarten,8th Grade
120150001556,Addison Mizner School,Palm Beach,Boca Raton,1184,154,Yes under Community Eligibility Option (CEO),false,Kindergarten,8th Grade
120138003881,Adjudicated Youth Facility,Okaloosa,Crestview,7,,Yes participating without using any Provision or the CEO,false,6th Grade,12th Grade
120087007633,Advantage Academy of Hillsborough,Hillsborough,Plant City,457,260,Yes under Community Eligibility Option (CEO),true,Prekindergarten,8th Grade
120039000484,Agenoria S Paschal/Olinda Elementary School,Miami-Dade,Miami,296,201,Yes under Community Eligibility Option (CEO),false,Prekindergarten,5th Grade
120039000367,Air Base K-8 Center for International Education,Miami-Dade,Homestead,1131,378,Yes under Community Eligibility Option (CEO),true,Prekindergarten,8th Grade
120003000014,Alachua Elementary School,Alachua,Alachua,323,195,Yes under Community Eligibility Option (CEO),false,3rd Grade,5th Grade
120003007945,Alachua Eschool (Virtual Franchise),Alachua,Gainesville,178,81,No,false,6th Grade,12th Grade
120003003534,Alachua Learning Academy Elementary,Alachua,Alachua,108,46,Yes participating without using any Provision or the CEO,false,Kindergarten,5th Grade
120003007954,Alachua Learning Academy Middle,Alachua,Alachua,63,22,Yes participating without using any Provision or the CEO,true,6th Grade,8th Grade
120003008285,Alachua Virtual Instruction Program (District Provided),Alachua,Gainesville,29,13,No,false,Kindergarten,5th Grade
120087002561,Alafia Elementary School,Hillsborough,Valrico,568,151,Yes under Community Eligibility Option (CEO),false,Prekindergarten,5th Grade
120048000769,Alden Road Excep. Student Center,Duval,Jacksonville,177,52,Yes under Community Eligibility Option (CEO),false,6th Grade,12th Grade
120105003597,Alee Academy Charter School,Lake,Eustis,181,31,Yes participating without using any Provision or the CEO,true,9th Grade,12th Grade
120087000911,Alexander Elementary School,Hillsborough,Tampa,579,402,Yes under Community Eligibility Option (CEO),false,Prekindergarten,5th Grade
120150002783,Alexander W Dreyfoos Junior School of the Arts,Palm Beach,West Palm Beach,1352,215,Yes under Community Eligibility Option (CEO),false,9th Grade,12th Grade
120048000663,Alfred I. Dupont Middle School,Duval,Jacksonville,579,295,Yes under Community Eligibility Option (CEO),true,6th Grade,8th Grade
120174002897,Alice B. Landrum Middle School,St. Johns,Ponte Vedra Beach,918,71,No,false,6th Grade,8th Grade
120048002742,Alimacani Elementary School,Duval,Jacksonville,802,187,Yes under Community Eligibility Option (CEO),false,Prekindergarten,5th Grade
120150001479,Allamanda Elementary School,Palm Beach,Palm Beach Gardens,634,264,Yes under Community Eligibility Option (CEO),false,Prekindergarten,5th Grade
120177006839,Allapattah Flats K-8,St. Lucie,Port St Lucie,1347,766,Yes participating without using any Provision or the CEO,true,Prekindergarten,8th Grade
120174002262,Allen D Nease Senior High School,St. Johns,Ponte Vedra,2177,144,No,false,8th Grade,12th Grade
120108001122,Allen Park Elementary School,Lee,Fort Myers,926,566,Yes under Community Eligibility Option (CEO),false,Prekindergarten,5th Grade
120144001446,Aloma Elementary,Orange,Winter Park,509,255,Yes under Community Eligibility Option (CEO),false,Prekindergarten,5th Grade
120144007455,Aloma High Charter,Orange,Winter Park,447,,No,false,7th Grade,12th Grade
120087003711,Alonso High School,Hillsborough,Tampa,2863,1016,Yes under Community Eligibility Option (CEO),true,9th Grade,12th Grade
120039007635,Alonzo & Tracy Mourning Senior High School,Miami-Dade,Miami,1633,530,Yes under Community Eligibility Option (CEO),true,9th Grade,12th Grade
120039008147,Alpha Charter of Excellence,Miami-Dade,Miami,262,144,Yes under Community Eligibility Option (CEO),false,Kindergarten,5th Grade
120018003318,Alphabet Land-Margate,Broward,Margate,11,,No,false,Prekindergarten,Prekindergarten
120159001722,Alta Vista Elementary School,Polk,Haines City,780,553,Yes under Community Eligibility Option (CEO),false,Prekindergarten,5th Grade
120168001835,Alta Vista Elementary School,Sarasota,Sarasota,453,382,Yes participating without using any Provision or the CEO,false,Prekindergarten,5th Grade
120171001896,Altamonte Elementary School,Seminole,Altamonte Springs,577,471,Yes participating without using any Provision or the CEO,false,Prekindergarten,5th Grade
120150003648,Alternative Program Central,Palm Beach,West Palm Beach,12,4,No,true,4th Grade,12th Grade
120021000293,Altha Public School,Calhoun,Altha,653,282,Yes under Community Eligibility Option (CEO),false,Prekindergarten,12th Grade
120105003984,Altoona School,Lake,Altoona,248,204,Yes under Community Eligibility Option (CEO),false,Kindergarten,5th Grade
120159001760,Alturas Elementary School,Polk,Alturas,274,208,Yes under Community Eligibility Option (CEO),false,Prekindergarten,5th Grade
120108010674,Amanecer Elementary School,Lee,Lehigh Acres,1072,720,Yes under Community Eligibility Option (CEO),false,Prekindergarten,5th Grade
120039000409,Amelia Earhart Elementary School,Miami-Dade,Hialeah,454,292,Yes under Community Eligibility Option (CEO),false,Prekindergarten,5th Grade
120039000589,American Senior High School,Miami-Dade,Hialeah,1582,808,Yes under Community Eligibility Option (CEO),true,9th Grade,12th Grade
120087003396,Ami Kids Tampa,Hillsborough,Tampa,16,4,No,false,6th Grade,12th Grade
120030008486,Amikids Clay County,Clay,Green Cove Springs,32,25,Yes under Community Eligibility Option (CEO),true,6th Grade,12th Grade
120123008548,Amikids Manatee,Manatee,Bradenton,38,34,Yes participating without using any Provision or the CEO,true,6th Grade,12th Grade
120009008901,Amikids Maritime Academy,Bay,Panama City,26,6,No,false,9th Grade,12th Grade
120111001176,Amos P. Godby High School,Leon,Tallahassee,1388,797,Yes under Community Eligibility Option (CEO),true,9th Grade,12th Grade
120048000766,Anchor Academy,Duval,Atlantic Beach,289,31,Yes under Community Eligibility Option (CEO),false,Prekindergarten,5th Grade
120153001587,Anclote Elementary School,Pasco,New Port Richey,543,390,Yes under Community Eligibility Option (CEO),false,Prekindergarten,5th Grade
120153007618,Anclote High School,Pasco,Holiday,1150,609,Yes under Community Eligibility Option (CEO),true,9th Grade,12th Grade
120087002183,Anderson Elementary School,Hillsborough,Tampa,221,120,Yes under Community Eligibility Option (CEO),false,Prekindergarten,5th Grade
120144005641,Andover Elementary,Orange,Orlando,629,244,Yes under Community Eligibility Option (CEO),false,Prekindergarten,5th Grade
120039007563,Andover Middle School,Miami-Dade,Miami,379,217,Yes under Community Eligibility Option (CEO),true,6th Grade,8th Grade
120039008912,Andrea Castillo Preparatory Academy,Miami-Dade,Doral,412,84,Yes under Community Eligibility Option (CEO),false,Prekindergarten,5th Grade
120048002818,Andrew A. Robinson Elementary School,Duval,Jacksonville,459,353,Yes under Community Eligibility Option (CEO),false,Prekindergarten,5th Grade
120048000649,Andrew Jackson High School,Duval,Jacksonville,839,404,Yes under Community Eligibility Option (CEO),true,9th Grade,12th Grade
120015000086,Andrew Jackson Middle School,Brevard,Titusville,505,250,Yes under Community Eligibility Option (CEO),true,7th Grade,8th Grade
120018007904,Andrews High School,Broward,Pompano Beach,376,23,Yes under Community Eligibility Option (CEO),true,9th Grade,12th Grade
120153010697,Angeline Academy of Innovation,Pasco,Land O Lakes,1088,148,Yes under Community Eligibility Option (CEO),false,6th Grade,12th Grade
120018003311,Ann Storck Center Inc.,Broward,Ft Lauderdale,19,3,No,false,Prekindergarten,Prekindergarten
120123001217,Anna Maria Elementary School,Manatee,Holmes Beach,190,65,Yes participating without using any Provision or the CEO,false,Prekindergarten,5th Grade
120018000245,Annabel C. Perry PK-8,Broward,Miramar,562,324,Yes under Community Eligibility Option (CEO),true,Prekindergarten,8th Grade
120138001320,Annette P. Edwins Elementary School,Okaloosa,Fort Walton Beach,490,377,Yes participating without using any Provision or the CEO,false,Prekindergarten,5th Grade
120123007368,Annie Lucy Williams Elementary School,Manatee,Parrish,981,342,Yes participating without using any Provision or the CEO,false,Prekindergarten,5th Grade
120048000641,Annie R. Morgan Elementary School,Duval,Jacksonville,192,144,Yes under Community Eligibility Option (CEO),false,Kindergarten,5th Grade
120156001592,Anona Elementary School,Pinellas,Largo,430,169,Yes under Community Eligibility Option (CEO),false,Prekindergarten,5th Grade
120126001252,Anthony Elementary School,Marion,Anthony,351,246,Yes under Community Eligibility Option (CEO),false,Prekindergarten,5th Grade
120138003209,Antioch Elementary School,Okaloosa,Crestview,931,469,Yes participating without using any Provision or the CEO,false,Prekindergarten,5th Grade
120111001192,Apalachee Elementary School,Leon,Tallahassee,482,314,Yes under Community Eligibility Option (CEO),false,Prekindergarten,5th Grade
120057003708,Apalachicola Bay Charter School,Franklin,Apalachicola,356,180,Yes under Community Eligibility Option (CEO),true,Prekindergarten,8th Grade
120117004171,Apalachicola Forest Youth Academy,Liberty,Bristol,23,,No,false,Kindergarten,12th Grade
120087002184,Apollo Beach K-8 School,Hillsborough,Apollo Beach,794,253,Yes under Community Eligibility Option (CEO),false,Prekindergarten,8th Grade
120015000081,Apollo Elementary School,Brevard,Titusville,596,378,Yes under Community Eligibility Option (CEO),false,Prekindergarten,6th Grade
120018000256,Apollo Middle School,Broward,Hollywood,1143,515,Yes under Community Eligibility Option (CEO),true,6th Grade,8th Grade
120144001438,Apopka Elementary,Orange,Apopka,847,419,Yes under Community Eligibility Option (CEO),false,Prekindergarten,5th Grade
120144001455,Apopka High,Orange,Apopka,3446,1305,Yes under Community Eligibility Option (CEO),true,9th Grade,12th Grade
120144001376,Apopka Middle,Orange,Apopka,858,463,Yes under Community Eligibility Option (CEO),true,6th Grade,8th Grade
120144002685,Arbor Ridge K-8,Orange,Orlando,756,293,Yes under Community Eligibility Option (CEO),true,Prekindergarten,8th Grade
120018003310,Arc Broward Inc.,Broward,Sunrise,69,22,Yes under Community Eligibility Option (CEO),false,12th Grade,12th Grade
120039007515,Archcreek Elementary School,Miami-Dade,North Miami,450,293,Yes under Community Eligibility Option (CEO),false,Prekindergarten,5th Grade
120003000015,Archer Elementary,Alachua,Archer,413,209,Yes under Community Eligibility Option (CEO),false,Prekindergarten,5th Grade
120039003832,Archimedean Academy,Miami-Dade,Miami,644,234,Yes participating without using any Provision or the CEO,false,Kindergarten,5th Grade
120039005485,Archimedean Middle Conservatory,Miami-Dade,Miami,328,130,Yes participating without using any Provision or the CEO,true,6th Grade,8th Grade
120039007456,Archimedean Upper Conservatory,Miami-Dade,Miami,306,99,Yes participating without using any Provision or the CEO,true,9th Grade,12th Grade
120039000369,Arcola Lake Elementary School,Miami-Dade,Miami,601,407,Yes under Community Eligibility Option (CEO),false,Prekindergarten,5th Grade
120030005469,Argyle Elementary School,Clay,Orange Park,722,456,Yes participating without using any Provision or the CEO,false,Prekindergarten,6th Grade
120048000653,Arlington Elementary School,Duval,Jacksonville,179,100,Yes under Community Eligibility Option (CEO),false,Prekindergarten,5th Grade
120048000761,Arlington Heights Elementary School,Duval,Jacksonville,314,203,Yes under Community Eligibility Option (CEO),false,Prekindergarten,5th Grade
120048000739,Arlington Middle School,Duval,Jacksonville,684,431,Yes under Community Eligibility Option (CEO),true,6th Grade,8th Grade
120087002505,Armwood High School,Hillsborough,Seffner,2278,1271,Yes under Community Eligibility Option (CEO),true,9th Grade,12th Grade
120039007972,Arthur and Polly Mays Conservatory of the Arts,Miami-Dade,Goulds,514,282,Yes under Community Eligibility Option (CEO),true,6th Grade,12th Grade
120039000542,Arvida Middle School,Miami-Dade,Miami,989,381,Yes under Community Eligibility Option (CEO),true,6th Grade,8th Grade
120018008473,Ascend Career Academy,Broward,Margate,215,16,Yes under Community Eligibility Option (CEO),true,9th Grade,12th Grade
120168001859,Ashton Elementary School,Sarasota,Sarasota,964,270,Yes participating without using any Provision or the CEO,false,Prekindergarten,5th Grade
120144007942,Aspire Academy Charter,Orange,Orlando,100,79,Yes under Community Eligibility Option (CEO),false,Kindergarten,5th Grade
120039008908,Aspire Preparatory Academy,Miami-Dade,Miami Gardens,21,,No,false,Kindergarten,5th Grade
120111001188,Astoria Park Elementary School,Leon,Tallahassee,479,367,Yes under Community Eligibility Option (CEO),false,Prekindergarten,5th Grade
120015000088,Astronaut High School,Brevard,Titusville,1056,499,Yes participating without using any Provision or the CEO,true,9th Grade,12th Grade
120156004433,Athenian Academy,Pinellas,Clearwater,377,153,Yes under Community Eligibility Option (CEO),true,Kindergarten,8th Grade
120108008656,Athenian Academy Charter School,Lee,Fort Myers,437,108,Yes participating without using any Provision or the CEO,true,Kindergarten,8th Grade
120153007177,Athenian Academy of Technology and the Arts,Pasco,New Port Richey,404,186,Yes under Community Eligibility Option (CEO),true,Kindergarten,8th Grade
120048000662,Atlantic Beach Elementary School,Duval,Atlantic Beach,482,74,Yes under Community Eligibility Option (CEO),false,Prekindergarten,5th Grade
120048007629,Atlantic Coast High School,Duval,Jacksonville,2887,795,Yes under Community Eligibility Option (CEO),false,9th Grade,12th Grade
120150001527,Atlantic High School,Palm Beach,Delray Beach,1810,983,Yes under Community Eligibility Option (CEO),true,9th Grade,12th Grade
120192002968,Atlantic High School,Volusia,Port Orange,1209,631,Yes under Community Eligibility Option (CEO),true,9th Grade,12th Grade
120018008151,Atlantic Montessori Charter School,Broward,Pembroke Pines,75,26,No,false,Kindergarten,3rd Grade
120018008462,Atlantic Montessori Charter School West Campus,Broward,Davie,111,20,No,false,Kindergarten,5th Grade
120018000270,Atlantic Technical College,Broward,Margate,680,218,Yes under Community Eligibility Option (CEO),false,9th Grade,12th Grade
120018000273,Atlantic West Elementary School,Broward,Margate,579,319,Yes under Community Eligibility Option (CEO),false,Prekindergarten,5th Grade
120015002662,Atlantis Elementary School,Brevard,Cocoa,650,287,Yes under Community Eligibility Option (CEO),false,Prekindergarten,6th Grade
120018000167,Attucks Middle School,Broward,Hollywood,632,297,Yes under Community Eligibility Option (CEO),true,6th Grade,8th Grade
120144009030,Atwater Bay Elementary,Orange,Winter Garden,748,104,Yes participating without using any Provision or the CEO,false,Prekindergarten,5th Grade
120168007758,Atwater Elementary,Sarasota,North Port,892,551,Yes participating without using any Provision or the CEO,false,Prekindergarten,5th Grade
120033008975,Aubrey Rogers High School,Collier,Naples,1496,361,Yes participating without using any Provision or the CEO,false,9th Grade,12th Grade
120159001749,Auburndale Central Elementary School,Polk,Auburndale,371,278,Yes under Community Eligibility Option (CEO),false,Prekindergarten,5th Grade
120039000370,Auburndale Elementary School,Miami-Dade,Miami,779,397,Yes under Community Eligibility Option (CEO),false,Prekindergarten,5th Grade
120159001745,Auburndale Senior High School,Polk,Auburndale,1770,1126,Yes under Community Eligibility Option (CEO),false,9th Grade,12th Grade
120015000122,Audubon Elementary School,Brevard,Merritt Island,416,187,Yes under Community Eligibility Option (CEO),false,Prekindergarten,6th Grade
120144008698,Audubon Park School,Orange,Orlando,1184,169,Yes under Community Eligibility Option (CEO),false,Prekindergarten,8th Grade
120105009018,Aurelia M. Cole Academy,Lake,Clermont,1500,651,Yes under Community Eligibility Option (CEO),false,Prekindergarten,8th Grade
120144003744,Avalon Elementary,Orange,Orlando,553,106,Yes under Community Eligibility Option (CEO),false,Kindergarten,5th Grade
120033000348,Avalon Elementary School,Collier,Naples,363,213,Yes under Community Eligibility Option (CEO),false,Prekindergarten,5th Grade
120144005032,Avalon Middle,Orange,Orlando,791,121,Yes under Community Eligibility Option (CEO),false,6th Grade,8th Grade
120165003664,Avalon Middle School,Santa Rosa,Milton,768,426,Yes participating without using any Provision or the CEO,true,6th Grade,8th Grade
120018010846,Avant Garde Academy Foundation K8,Broward,Hollywood,90,32,Yes under Community Eligibility Option (CEO),false,Kindergarten,8th Grade
120018008405,Avant Garde Academy K-5 Broward,Broward,Hollywood,959,469,Yes under Community Eligibility Option (CEO),false,Kindergarten,5th Grade
120018008361,Avant Garde Academy of Broward,Broward,Hollywood,1122,416,Yes under Community Eligibility Option (CEO),true,6th Grade,12th Grade
120039004068,Aventura City of Excellence School,Miami-Dade,Aventura,1032,5,Yes participating without using any Provision or the CEO,false,Kindergarten,8th Grade
120039007241,Aventura Waterways K-8 Center,Miami-Dade,Miami,2063,524,Yes under Community Eligibility Option (CEO),true,Prekindergarten,8th Grade
120039000371,Avocado Elementary School,Miami-Dade,Homestead,669,423,Yes under Community Eligibility Option (CEO),false,Prekindergarten,3rd Grade
120084000901,Avon Elementary School,Highlands,Avon Park,503,346,Yes under Community Eligibility Option (CEO),false,Prekindergarten,5th Grade
120084000906,Avon Park High School,Highlands,Avon Park,980,580,Yes under Community Eligibility Option (CEO),true,9th Grade,12th Grade
120084000902,Avon Park Middle School,Highlands,Avon Park,600,422,Yes under Community Eligibility Option (CEO),true,6th Grade,8th Grade
120156001593,Azalea Elementary School,Pinellas,St Petersburg,426,219,Yes under Community Eligibility Option (CEO),false,Prekindergarten,5th Grade
120156001594,Azalea Middle School,Pinellas,St Petersburg,696,440,Yes under Community Eligibility Option (CEO),true,6th Grade,8th Grade
120144001398,Azalea Park Elementary,Orange,Orlando,470,329,Yes under Community Eligibility Option (CEO),false,Prekindergarten,5th Grade
120123007315,B.d. Gullett Elementary School,Manatee,Bradenton,1314,280,Yes participating without using any Provision or the CEO,false,Prekindergarten,5th Grade
120024008634,Babcock Neighborhood School,Charlotte,Babcock Ranch,1053,5,Yes participating without using any Provision or the CEO,false,Kindergarten,12th Grade
120165001815,Bagdad Elementary School,Santa Rosa,Milton,501,349,Yes participating without using any Provision or the CEO,false,Prekindergarten,5th Grade
120087006817,Bailey Elementary School,Hillsborough,Dover,719,454,Yes under Community Eligibility Option (CEO),false,Prekindergarten,5th Grade
120018000279,Bair Middle School,Broward,Sunrise,672,329,Yes under Community Eligibility Option (CEO),true,6th Grade,8th Grade
120150003226,Bak Middle School of the Arts,Palm Beach,West Palm Beach,1246,246,Yes under Community Eligibility Option (CEO),false,6th Grade,8th Grade
120006000037,Baker County Middle School,Baker,Macclenny,1067,479,Yes under Community Eligibility Option (CEO),true,6th Grade,8th Grade
120006000035,Baker County Senior High School,Baker,Glen St Mary,1318,446,Yes under Community Eligibility Option (CEO),false,9th Grade,12th Grade
120138001321,Baker School,Okaloosa,Baker,1434,864,Yes participating without using any Provision or the CEO,true,Prekindergarten,12th Grade
120024000299,Baker/Head Start,Charlotte,Punta Gorda,165,127,Yes under Community Eligibility Option (CEO),false,Prekindergarten,Prekindergarten
120048000651,Baldwin Middle-Senior High School,Duval,Jacksonville,1462,548,Yes under Community Eligibility Option (CEO),false,6th Grade,12th Grade
120144001391,Baldwin Park Elementary,Orange,Orlando,732,194,Yes under Community Eligibility Option (CEO),false,Prekindergarten,5th Grade
120123001218,Ballard Elementary School,Manatee,Bradenton,421,321,Yes under Community Eligibility Option (CEO),false,Prekindergarten,5th Grade
120087000914,Ballast Point Elementary School,Hillsborough,Tampa,408,103,Yes participating without using any Provision or the CEO,false,Prekindergarten,5th Grade
120150002629,Banyan Creek Elementary School,Palm Beach,Delray Beach,875,370,Yes under Community Eligibility Option (CEO),false,Prekindergarten,5th Grade
120039000372,Banyan Elementary School,Miami-Dade,Miami,340,151,Yes under Community Eligibility Option (CEO),false,Prekindergarten,5th Grade
120018002039,Banyan Elementary School,Broward,Sunrise,427,235,Yes under Community Eligibility Option (CEO),false,Prekindergarten,5th Grade
120123008719,Barbara a Harvey Elementary School,Manatee,Parrish,1356,511,Yes participating without using any Provision or the CEO,false,Kindergarten,5th Grade
120039002988,Barbara Goleman Senior High,Miami-Dade,Miami Lakes,2973,1192,Yes under Community Eligibility Option (CEO),true,8th Grade,12th Grade
120039000475,Barbara Hawkins Elementary School,Miami-Dade,Miami Gardens,227,161,Yes under Community Eligibility Option (CEO),false,Prekindergarten,5th Grade
120156001595,Bardmoor Elementary School,Pinellas,Seminole,457,251,Yes under Community Eligibility Option (CEO),false,Prekindergarten,5th Grade
120087006912,Barrington Middle School,Hillsborough,Lithia,1345,440,Yes participating without using any Provision or the CEO,false,6th Grade,8th Grade
120033000357,Barron Collier High School,Collier,Naples,1472,461,Yes participating without using any Provision or the CEO,true,9th Grade,12th Grade
120150001519,Barton Elementary School,Palm Beach,Lake Worth,1185,813,Yes under Community Eligibility Option (CEO),false,Prekindergarten,5th Grade
120159001755,Bartow Elementary Academy,Polk,Bartow,524,257,Yes under Community Eligibility Option (CEO),false,Kindergarten,5th Grade
120159001754,Bartow Middle School,Polk,Bartow,881,628,Yes under Community Eligibility Option (CEO),true,6th Grade,8th Grade
120159001753,Bartow Senior High School,Polk,Bartow,2276,1316,Yes under Community Eligibility Option (CEO),true,9th Grade,12th Grade
120048007606,Bartram Springs Elementary,Duval,Jacksonville,1013,238,Yes under Community Eligibility Option (CEO),false,Prekindergarten,5th Grade
120174004445,Bartram Trail High School,St. Johns,Saint Johns,2153,111,No,false,8th Grade,12th Grade
120156001597,Bauder Elementary School,Pinellas,Seminole,530,146,Yes participating without using any Provision or the CEO,false,Prekindergarten,5th Grade
120018003312,Baudhuin Oral School-Nova University,Broward,Davie,120,49,Yes under Community Eligibility Option (CEO),false,Prekindergarten,Prekindergarten
120087000915,Bay Crest Elementary School,Hillsborough,Tampa,572,357,Yes under Community Eligibility Option (CEO),false,Prekindergarten,5th Grade
120009003676,Bay Haven Charter Academy,Bay,Panama City,766,308,Yes participating without using any Provision or the CEO,false,Kindergarten,5th Grade
120009005429,Bay Haven Charter Middle School,Bay,Panama City,429,153,Yes participating without using any Provision or the CEO,true,6th Grade,8th Grade
120168002458,Bay Haven School of Basics Plus,Sarasota,Sarasota,547,284,Yes participating without using any Provision or the CEO,false,Kindergarten,5th Grade
120009000039,Bay High School,Bay,Panama City,1289,570,Yes under Community Eligibility Option (CEO),true,9th Grade,12th Grade
120144008457,Bay Lake Elementary,Orange,Windermere,680,138,Yes under Community Eligibility Option (CEO),false,Kindergarten,5th Grade
120144002781,Bay Meadows Elementary,Orange,Orlando,764,154,Yes under Community Eligibility Option (CEO),false,Prekindergarten,5th Grade
120156001598,Bay Point Elementary School,Pinellas,St Petersburg,390,288,Yes under Community Eligibility Option (CEO),false,Prekindergarten,5th Grade
120156001599,Bay Point Middle School,Pinellas,St Petersburg,519,348,Yes under Community Eligibility Option (CEO),true,6th Grade,8th Grade
120198008863,Bay School,Walton,Santa Rosa,130,44,Yes participating without using any Provision or the CEO,false,Prekindergarten,Prekindergarten
120009007830,Bay Virtual Franchise,Bay,Panama City,25,3,No,false,3rd Grade,12th Grade
120009007771,Bay Virtual Instruction Program,Bay,Panama City,2,,No,false,Kindergarten,12th Grade
120009008742,Bay Virtual Instruction Program (District Provided),Bay,Panama City,14,6,No,false,6th Grade,12th Grade
120156001600,Bay Vista Fundamental Elementary School,Pinellas,St Petersburg,574,207,Yes under Community Eligibility Option (CEO),false,Kindergarten,5th Grade
120153008949,Baycare Behavioral Health,Pasco,New Port Richey,0,,Yes under Community Eligibility Option (CEO),true,1st Grade,12th Grade
120153001580,Bayonet Point Middle School,Pasco,New Port Richey,668,419,Yes under Community Eligibility Option (CEO),true,6th Grade,8th Grade
120123001219,Bayshore Elementary School,Manatee,Bradenton,711,514,Yes under Community Eligibility Option (CEO),false,Prekindergarten,5th Grade
120177002638,Bayshore Elementary School,St. Lucie,Port St Lucie,879,595,Yes participating without using any Provision or the CEO,false,Prekindergarten,5th Grade
120123001220,Bayshore High School,Manatee,Bradenton,1400,866,Yes under Community Eligibility Option (CEO),true,8th Grade,12th Grade
120108001149,Bayshore School,Lee,North Ft Myers,685,274,Yes under Community Eligibility Option (CEO),false,Prekindergarten,6th Grade
120156004035,Bayside High School,Pinellas,Clearwater,139,89,Yes under Community Eligibility Option (CEO),true,9th Grade,12th Grade
120015003293,Bayside High School,Brevard,Palm Bay,2122,1012,Yes participating without using any Provision or the CEO,true,9th Grade,12th Grade
120018000192,Bayview Elementary School,Broward,Fort Lauderdale,530,95,Yes participating without using any Provision or the CEO,false,Kindergarten,5th Grade
120048000679,Bayview Elementary School,Duval,Jacksonville,367,225,Yes under Community Eligibility Option (CEO),false,Prekindergarten,5th Grade
120093001055,Beachland Elementary School,Indian River,Vero Beach,534,196,Yes participating without using any Provision or the CEO,false,Prekindergarten,5th Grade
120192001996,Beachside Elementary School,Volusia,Daytona Beach,618,443,Yes under Community Eligibility Option (CEO),false,Prekindergarten,5th Grade
120174008954,Beachside High School,St. Johns,Saint Johns,2214,185,No,false,8th Grade,12th Grade
120018007843,Beachside Montessori Village,Broward,Hollywood,718,156,Yes participating without using any Provision or the CEO,false,Kindergarten,8th Grade
120039008735,Beacon College Prep K-8,Miami-Dade,Opa Locka,424,274,Yes under Community Eligibility Option (CEO),true,Kindergarten,8th Grade
120150003756,Beacon Cove Intermediate School,Palm Beach,Jupiter,603,75,Yes under Community Eligibility Option (CEO),false,3rd Grade,5th Grade
120033003958,Beacon High School,Collier,Naples,214,105,Yes under Community Eligibility Option (CEO),true,9th Grade,12th Grade
120156001601,Bear Creek Elementary School,Pinellas,St Petersburg,237,173,Yes under Community Eligibility Option (CEO),false,Prekindergarten,5th Grade
120171001862,Bear Lake Elementary School,Seminole,Apopka,849,500,Yes participating without using any Provision or the CEO,false,Prekindergarten,5th Grade
120150002695,Bear Lakes Middle School,Palm Beach,West Palm Beach,841,545,Yes under Community Eligibility Option (CEO),true,6th Grade,8th Grade
120048000754,Beauclerc Elementary School,Duval,Jacksonville,694,320,Yes under Community Eligibility Option (CEO),false,Prekindergarten,5th Grade
120048008966,Becoming Collegiate Academy,Duval,Jacksonville,205,205,Yes under Community Eligibility Option (CEO),false,Kindergarten,4th Grade
120039000374,Bel-Aire Elementary School,Miami-Dade,Cutler Bay,324,207,Yes under Community Eligibility Option (CEO),false,Prekindergarten,5th Grade
120156001602,Belcher Elementary School,Pinellas,Clearwater,467,273,Yes under Community Eligibility Option (CEO),false,Prekindergarten,5th Grade
120150006206,Believers Academy,Palm Beach,West Palm Beach,96,49,Yes under Community Eligibility Option (CEO),true,8th Grade,12th Grade
120087008148,Bell Creek Academy,Hillsborough,Riverview,1125,95,Yes participating without using any Provision or the CEO,false,6th Grade,12th Grade
120063002181,Bell Elementary School,Gilchrist,Bell,656,337,Yes under Community Eligibility Option (CEO),false,Prekindergarten,5th Grade
120063000863,Bell High School,Gilchrist,Bell,696,315,Yes under Community Eligibility Option (CEO),true,6th Grade,12th Grade
120159008951,Bella Citta,Polk,Bartow,1459,801,Yes under Community Eligibility Option (CEO),false,Prekindergarten,8th Grade
120147004012,Bellalago Charter Academy,Osceola,Kissimmee,1108,531,Yes under Community Eligibility Option (CEO),true,Prekindergarten,8th Grade
120087000958,Bellamy Elementary School,Hillsborough,Tampa,589,403,Yes under Community Eligibility Option (CEO),false,Prekindergarten,5th Grade
120150003102,Belle Glade Elementary School,Palm Beach,Belle Glade,548,447,Yes under Community Eligibility Option (CEO),false,Prekindergarten,5th Grade
120054005534,Belle Terre Elementary School,Flagler,Palm Coast,1288,515,Yes under Community Eligibility Option (CEO),true,Prekindergarten,7th Grade
120156001603,Belleair Elementary School,Pinellas,Clearwater,455,339,Yes under Community Eligibility Option (CEO),false,Prekindergarten,5th Grade
120126001253,Belleview Elementary School,Marion,Belleview,681,459,Yes under Community Eligibility Option (CEO),false,Prekindergarten,5th Grade
120126002914,Belleview High School,Marion,Belleview,1904,871,Yes under Community Eligibility Option (CEO),true,9th Grade,12th Grade
120126001876,Belleview Middle School,Marion,Belleview,1600,813,Yes under Community Eligibility Option (CEO),true,6th Grade,8th Grade
120126001254,Belleview-Santos Elementary School,Marion,Belleview,663,419,Yes under Community Eligibility Option (CEO),false,Prekindergarten,5th Grade
120051000776,Bellview Elementary School,Escambia,Pensacola,513,357,Yes under Community Eligibility Option (CEO),false,Prekindergarten,5th Grade
120051000777,Bellview Middle School,Escambia,Pensacola,719,475,Yes under Community Eligibility Option (CEO),true,6th Grade,8th Grade
120036008184,Belmont Academy,Columbia,Lake City,828,319,Yes participating without using any Provision or the CEO,false,Prekindergarten,12th Grade
120087008709,Belmont Elementary School,Hillsborough,Sun City Center,776,392,Yes under Community Eligibility Option (CEO),false,Prekindergarten,5th Grade
120150001501,Belvedere Elementary School,Palm Beach,West Palm Beach,467,331,Yes under Community Eligibility Option (CEO),false,Prekindergarten,5th Grade
120018006981,Ben Gamla Charter School,Broward,Hollywood,360,123,Yes participating without using any Provision or the CEO,false,Kindergarten,8th Grade
120039007271,Ben Gamla Charter School,Miami-Dade,Miami,165,66,Yes participating without using any Provision or the CEO,true,Kindergarten,8th Grade
120018007858,Ben Gamla Charter School North Campus,Broward,Hollywood,288,91,Yes participating without using any Provision or the CEO,false,Kindergarten,8th Grade
120018007770,Ben Gamla Charter School South Broward,Broward,Miami,295,216,Yes participating without using any Provision or the CEO,true,Kindergarten,8th Grade
120150008019,Ben Gamla-Palm Beach,Palm Beach,Boynton Beach,229,67,Yes under Community Eligibility Option (CEO),false,Kindergarten,5th Grade
120039002500,Ben Sheppard Elementary School,Miami-Dade,Hialeah,927,586,Yes under Community Eligibility Option (CEO),false,Prekindergarten,5th Grade
120087003178,Benito Middle School,Hillsborough,Tampa,903,259,Yes under Community Eligibility Option (CEO),true,6th Grade,8th Grade
120039000423,Benjamin Franklin K-8 Center,Miami-Dade,North Miami,548,361,Yes under Community Eligibility Option (CEO),true,Prekindergarten,8th Grade
120165005376,Bennett C Russell Elementary School,Santa Rosa,Milton,899,542,Yes participating without using any Provision or the CEO,false,Prekindergarten,5th Grade
120018000156,Bennett Elementary School,Broward,Fort Lauderdale,294,182,Yes under Community Eligibility Option (CEO),false,Prekindergarten,5th Grade
120150003901,Benoist Farms Elementary School,Palm Beach,West Palm Beach,430,283,Yes under Community Eligibility Option (CEO),false,Prekindergarten,5th Grade
120039002291,Bent Tree Elementary School,Miami-Dade,Miami,430,204,Yes under Community Eligibility Option (CEO),false,Prekindergarten,5th Grade
120171003801,Bentley Elementary School,Seminole,Sanford,903,624,Yes participating without using any Provision or the CEO,false,Prekindergarten,5th Grade
120159004188,Berkley Accelerated,Polk,Auburndale,622,191,Yes participating without using any Provision or the CEO,false,6th Grade,10th Grade
120159004441,Berkley Elementary School,Polk,Auburndale,696,249,Yes participating without using any Provision or the CEO,false,Kindergarten,5th Grade
120150001509,Berkshire Elementary School,Palm Beach,West Palm Beach,1076,674,Yes under Community Eligibility Option (CEO),false,Prekindergarten,5th Grade
120165001814,Berryhill Elementary School,Santa Rosa,Milton,802,425,Yes participating without using any Provision or the CEO,false,Prekindergarten,5th Grade
120129003087,Bessey Creek Elementary School,Martin,Palm City,594,133,Yes participating without using any Provision or the CEO,false,Prekindergarten,5th Grade
120144003995,Beta,Orange,Orlando,50,37,Yes under Community Eligibility Option (CEO),true,6th Grade,12th Grade
120090001047,Bethlehem High School,Holmes,Bonifay,363,228,Yes under Community Eligibility Option (CEO),false,Prekindergarten,12th Grade
120159001724,Bethune Academy,Polk,Haines City,430,335,Yes under Community Eligibility Option (CEO),false,Prekindergarten,5th Grade
120051003366,Beulah Academy of Science,Escambia,Pensacola,318,90,Yes participating without using any Provision or the CEO,false,6th Grade,8th Grade
120051002164,Beulah Elementary School,Escambia,Pensacola,889,453,Yes participating without using any Provision or the CEO,false,Prekindergarten,5th Grade
120051008511,Beulah Middle School,Escambia,Pensacola,1070,519,Yes under Community Eligibility Option (CEO),true,6th Grade,8th Grade
120105001087,Beverly Shores Elementary School,Lake,Leesburg,596,373,Yes under Community Eligibility Option (CEO),false,Prekindergarten,5th Grade
120087004350,Bevis Elementary School,Hillsborough,Lithia,826,125,Yes participating without using any Provision or the CEO,false,Prekindergarten,5th Grade
120153008601,Bexley Elementary School,Pasco,Land O Lakes,1114,192,Yes under Community Eligibility Option (CEO),false,Prekindergarten,5th Grade
120087008722,Big Bend Academy of Math and Science,Hillsborough,Riverview,18,3,Yes participating without using any Provision or the CEO,false,Kindergarten,8th Grade
120033002496,Big Cypress Elementary School,Collier,Naples,796,428,Yes participating without using any Provision or the CEO,false,Prekindergarten,5th Grade
120132003875,Big Pine Academy,Monroe,Big Pine Key,89,13,Yes participating without using any Provision or the CEO,false,Prekindergarten,5th Grade
120159001989,Bill Duncan Opportunity Center,Polk,Lakeland,87,76,Yes under Community Eligibility Option (CEO),true,6th Grade,12th Grade
120048000674,Biltmore Elementary School,Duval,Jacksonville,206,153,Yes under Community Eligibility Option (CEO),false,Prekindergarten,5th Grade
120087002826,Bing Elementary School,Hillsborough,Tampa,480,340,Yes under Community Eligibility Option (CEO),false,Prekindergarten,5th Grade
120150003637,Binks Forest Elementary School,Palm Beach,Wellington,1246,172,Yes under Community Eligibility Option (CEO),false,Prekindergarten,5th Grade
120039008336,Biotech@richmond Heights 9-12 High School,Miami-Dade,Miami,297,96,Yes under Community Eligibility Option (CEO),true,9th Grade,12th Grade
120039000376,Biscayne Beach Elementary School,Miami-Dade,Miami Beach,525,286,Yes under Community Eligibility Option (CEO),false,Prekindergarten,5th Grade
120048004079,Biscayne Elementary School,Duval,Jacksonville,818,451,Yes under Community Eligibility Option (CEO),false,Prekindergarten,5th Grade
120048008264,Biscayne High School,Duval,Jacksonville,217,135,No,false,6th Grade,12th Grade
120123001240,Blackburn Elementary School,Manatee,Palmetto,452,360,Yes under Community Eligibility Option (CEO),false,Prekindergarten,5th Grade
120087003179,Blake High School,Hillsborough,Tampa,1608,811,Yes under Community Eligibility Option (CEO),true,9th Grade,12th Grade
120018000168,Blanche Ely High School,Broward,Pompano Beach,1877,946,Yes under Community Eligibility Option (CEO),true,9th Grade,12th Grade
120123001234,Blanche H. Daughtrey Elementary,Manatee,Bradenton,719,478,Yes under Community Eligibility Option (CEO),false,Prekindergarten,5th Grade
120144001400,Blankner K-8,Orange,Orlando,824,216,Yes under Community Eligibility Option (CEO),false,Prekindergarten,8th Grade
120156001604,Blanton Elementary School,Pinellas,St Petersburg,427,304,Yes under Community Eligibility Option (CEO),false,Prekindergarten,5th Grade
120201601265,Blind High School (Fsdb),Deaf/Blind,St Augustine,93,80,No,true,9th Grade,12th Grade
120201601257,Blind PK-8 School (Fsdb),Deaf/Blind,St Augustine,65,31,No,true,Prekindergarten,8th Grade
120087002562,Bloomingdale High School,Hillsborough,Valrico,2208,603,Yes under Community Eligibility Option (CEO),true,9th Grade,12th Grade
120021000294,Blountstown Elementary School,Calhoun,Blountstown,484,263,Yes under Community Eligibility Option (CEO),false,Prekindergarten,5th Grade
120021000290,Blountstown High School,Calhoun,Blountstown,658,283,Yes under Community Eligibility Option (CEO),true,6th Grade,12th Grade
120051004346,Blue Angels Elementary School,Escambia,Pensacola,663,365,Yes participating without using any Provision or the CEO,false,Prekindergarten,5th Grade
120150010695,Blue Lake Elementary,Palm Beach,Boca Raton,912,150,Yes under Community Eligibility Option (CEO),false,Prekindergarten,5th Grade
120192002415,Blue Lake Elementary School,Volusia,Deland,524,341,Yes under Community Eligibility Option (CEO),false,Prekindergarten,5th Grade
120039000379,Blue Lakes Elementary School,Miami-Dade,Miami,348,132,Yes under Community Eligibility Option (CEO),true,Prekindergarten,12th Grade
120138002774,Bluewater Elementary School,Okaloosa,Niceville,885,185,Yes participating without using any Provision or the CEO,false,Prekindergarten,5th Grade
120039003831,Bob Graham Education Center,Miami-Dade,Miami Lakes,1404,568,Yes under Community Eligibility Option (CEO),true,Prekindergarten,8th Grade
120138001322,Bob Sikes Elementary School,Okaloosa,Crestview,794,453,Yes participating without using any Provision or the CEO,false,Prekindergarten,5th Grade
120156001605,Boca Ciega High School,Pinellas,Gulfport,1039,587,Yes under Community Eligibility Option (CEO),true,9th Grade,12th Grade
120150001535,Boca Raton Community High School,Palm Beach,Boca Raton,2819,763,Yes under Community Eligibility Option (CEO),true,9th Grade,12th Grade
120150001558,Boca Raton Community Middle School,Palm Beach,Boca Raton,1058,397,Yes under Community Eligibility Option (CEO),true,6th Grade,8th Grade
120150001534,Boca Raton Elementary School,Palm Beach,Boca Raton,335,187,Yes under Community Eligibility Option (CEO),false,Prekindergarten,5th Grade
120150003471,Bodwell Academy,Palm Beach,Riviera Beach,49,26,Yes under Community Eligibility Option (CEO),false,Prekindergarten,12th Grade
120147002357,Boggy Creek Elementary School,Osceola,Kissimmee,549,361,Yes under Community Eligibility Option (CEO),false,Prekindergarten,5th Grade
120159006968,Bok Academy,Polk,Lake Wales,640,411,Yes under Community Eligibility Option (CEO),true,6th Grade,8th Grade
120060002822,Bold Step Infant Care,Gadsden,Quincy,10,7,Yes under Community Eligibility Option (CEO),false,Prekindergarten,Prekindergarten
120111004945,Bond Elementary School,Leon,Tallahassee,611,506,Yes under Community Eligibility Option (CEO),false,Prekindergarten,5th Grade
120090008604,Bonifay K-8 School,Holmes,Bonifay,1136,779,Yes under Community Eligibility Option (CEO),true,Prekindergarten,8th Grade
120108003870,Bonita Springs Charter School,Lee,Bonita Springs,1287,494,Yes participating without using any Provision or the CEO,true,Kindergarten,8th Grade
120108001125,Bonita Springs Elementary School,Lee,Bonita Springs,502,286,Yes under Community Eligibility Option (CEO),false,Prekindergarten,5th Grade
120108008599,Bonita Springs High School,Lee,Bonita Springs,1490,441,Yes under Community Eligibility Option (CEO),true,9th Grade,12th Grade
120108001160,Bonita Springs Middle Center for the Arts,Lee,Bonita Springs,706,276,Yes under Community Eligibility Option (CEO),true,6th Grade,8th Grade
120144001422,Bonneville Elementary,Orange,Orlando,375,234,Yes under Community Eligibility Option (CEO),false,Prekindergarten,5th Grade
120168002461,Booker High School,Sarasota,Sarasota,1479,920,Yes participating without using any Provision or the CEO,true,9th Grade,12th Grade
120168002460,Booker Middle School,Sarasota,Sarasota,811,594,Yes participating without using any Provision or the CEO,true,6th Grade,8th Grade
120039003562,Booker T. Washington Senior High,Miami-Dade,Miami,944,530,Yes under Community Eligibility Option (CEO),true,9th Grade,12th Grade
120018000218,Boulevard Heights Elementary,Broward,Hollywood,566,281,Yes under Community Eligibility Option (CEO),false,Prekindergarten,5th Grade
120003008358,Boulware Springs Charter,Alachua,Gainesville,171,97,Yes under Community Eligibility Option (CEO),false,Kindergarten,5th Grade
120075000879,Bowling Green Elementary School,Hardee,Bowling Green,260,215,Yes under Community Eligibility Option (CEO),false,Prekindergarten,5th Grade
120039002805,Bowman Ashe/Doolin K-8 Academy,Miami-Dade,Miami,841,477,Yes under Community Eligibility Option (CEO),true,Prekindergarten,8th Grade
120018000252,Boyd H. Anderson High School,Broward,Lauderdale Lakes,2256,1099,Yes under Community Eligibility Option (CEO),true,9th Grade,12th Grade
120087000552,Boyette Springs Elementary School,Hillsborough,Riverview,910,275,Yes under Community Eligibility Option (CEO),false,Prekindergarten,5th Grade
120150003755,Boynton Beach Community High,Palm Beach,Boynton Beach,1559,867,Yes under Community Eligibility Option (CEO),true,6th Grade,12th Grade
120039007318,Boystown,Miami-Dade,Miami,44,,No,false,Prekindergarten,12th Grade
120123002615,Braden River Elementary School,Manatee,Bradenton,547,222,Yes participating without using any Provision or the CEO,false,Prekindergarten,5th Grade
120123005608,Braden River High School,Manatee,Bradenton,1705,852,Yes participating without using any Provision or the CEO,false,9th Grade,12th Grade
120123002838,Braden River Middle School,Manatee,Bradenton,797,494,Yes participating without using any Provision or the CEO,true,6th Grade,8th Grade
120123010871,Bradenton Bay High School,Manatee,Bradenton,114,60,No,false,7th Grade,12th Grade
120012000072,Bradford Elementary School,Bradford,Starke,745,506,Yes under Community Eligibility Option (CEO),false,Prekindergarten,6th Grade
120012000070,Bradford High School,Bradford,Starke,785,389,Yes under Community Eligibility Option (CEO),true,9th Grade,12th Grade
120012000076,Bradford Middle School,Bradford,Starke,408,247,Yes under Community Eligibility Option (CEO),true,7th Grade,8th Grade
120012007861,Bradford Virtual Franchise with Flvs,Bradford,Starke,2,,No,false,Kindergarten,12th Grade
120012007697,Bradford Virtual Instruction Program,Bradford,Starke,0,,No,true,Kindergarten,12th Grade
120012008001,Bradford Virtual Instruction Program (District Provided),Bradford,Starke,1,,No,false,Kindergarten,12th Grade
120087000918,Brandon High School,Hillsborough,Brandon,1835,981,Yes under Community Eligibility Option (CEO),true,9th Grade,12th Grade
120087004098,Brandon Success Center,Hillsborough,Seffner,97,78,Yes under Community Eligibility Option (CEO),true,6th Grade,12th Grade
120183004454,Branford Elementary School,Suwannee,Branford,712,422,Yes under Community Eligibility Option (CEO),false,Prekindergarten,5th Grade
120183001948,Branford High School,Suwannee,Branford,799,341,Yes under Community Eligibility Option (CEO),true,6th Grade,12th Grade
120051000780,Bratt Elementary School,Escambia,Century,472,207,Yes under Community Eligibility Option (CEO),false,Prekindergarten,5th Grade
120009007518,Breakfast Point Academy,Bay,Panama City Beach,1089,418,Yes participating without using any Provision or the CEO,true,Prekindergarten,8th Grade
120039000380,Brentwood Elementary School,Miami-Dade,Miami Gardens,330,237,Yes under Community Eligibility Option (CEO),false,Prekindergarten,5th Grade
120051000781,Brentwood Elementary School,Escambia,Pensacola,390,303,Yes under Community Eligibility Option (CEO),false,Prekindergarten,5th Grade
120168001840,Brentwood Elementary School,Sarasota,Sarasota,590,364,Yes participating without using any Provision or the CEO,false,Prekindergarten,5th Grade
120015003023,Brevard County Jail Complex,Brevard,Cocoa,10,3,No,false,5th Grade,12th Grade
120015000062,Brevard County Juvenile Detention Center,Brevard,Cocoa,28,5,Yes participating without using any Provision or the CEO,false,6th Grade,12th Grade
120015005441,Brevard Virtual Franchise,Brevard,Cocoa,215,15,No,false,Kindergarten,12th Grade
120039010850,Bridge Prep Academy of Miami Gardens,Miami-Dade,Miami Gardens,115,14,Yes under Community Eligibility Option (CEO),false,Kindergarten,8th Grade
120048008557,Bridgeprep Academy,Duval,Jacksonville,463,253,Yes under Community Eligibility Option (CEO),true,Kindergarten,8th Grade
120144008550,Bridgeprep Academy Charter,Orange,Miami,299,171,Yes under Community Eligibility Option (CEO),true,Kindergarten,8th Grade
120033008522,Bridgeprep Academy Collier,Collier,Naples,261,139,Yes under Community Eligibility Option (CEO),true,Kindergarten,8th Grade
120039008159,Bridgeprep Academy Interamerican Campus,Miami-Dade,Miami,188,5,Yes under Community Eligibility Option (CEO),true,Kindergarten,8th Grade
120087008676,Bridgeprep Academy of Advanced Studies of Hillsborough,Hillsborough,Riverview,91,37,Yes under Community Eligibility Option (CEO),false,9th Grade,12th Grade
120018008888,Bridgeprep Academy of Broward K-8,Broward,Hollywood,140,8,Yes under Community Eligibility Option (CEO),false,Kindergarten,8th Grade
120039007864,Bridgeprep Academy of Greater Miami,Miami-Dade,Miami,388,,Yes under Community Eligibility Option (CEO),false,Kindergarten,5th Grade
120018008355,Bridgeprep Academy of Hollywood Hills,Broward,Hollywood,350,10,Yes under Community Eligibility Option (CEO),false,Kindergarten,5th Grade
120039008741,Bridgeprep Academy of Miami Dade,Miami-Dade,Doral,1316,9,Yes participating without using any Provision or the CEO,false,Kindergarten,12th Grade
120039008694,Bridgeprep Academy of North Miami Beach,Miami-Dade,North Miami Beach,656,10,Yes participating without using any Provision or the CEO,true,Kindergarten,8th Grade
120159009037,Bridgeprep Academy of Polk,Polk,Miami,613,356,Yes under Community Eligibility Option (CEO),false,Kindergarten,8th Grade
120087008568,Bridgeprep Academy of Riverview,Hillsborough,Riverview,1169,553,Yes under Community Eligibility Option (CEO),true,Kindergarten,8th Grade
120147009034,Bridgeprep Academy of St.cloud,Osceola,Miami,737,311,Yes participating without using any Provision or the CEO,false,Kindergarten,8th Grade
120087008428,Bridgeprep Academy of Tampa,Hillsborough,Tampa,248,28,Yes under Community Eligibility Option (CEO),true,Kindergarten,8th Grade
120039007987,Bridgeprep Academy of Village Green,Miami-Dade,Miami,856,217,Yes participating without using any Provision or the CEO,true,Kindergarten,10th Grade
120039010630,Bridgeprep Academy of Village Green Middle High School,Miami-Dade,Miami,696,255,Yes participating without using any Provision or the CEO,false,6th Grade,12th Grade
120147008626,Bridgeprep Academy Osceola County,Osceola,Kissimmee,837,695,Yes participating without using any Provision or the CEO,true,Kindergarten,8th Grade
120039007932,Bridgeprep Academy South,Miami-Dade,Miami,453,217,Yes under Community Eligibility Option (CEO),true,Kindergarten,8th Grade
120144005031,Bridgewater Middle,Orange,Winter Garden,1178,132,Yes under Community Eligibility Option (CEO),false,6th Grade,8th Grade
120018000209,Bright Horizons,Broward,Pompano Beach,152,62,Yes under Community Eligibility Option (CEO),true,Kindergarten,12th Grade
120039008982,Brightview Preparatory Academy,Miami-Dade,Hialeah,112,94,Yes participating without using any Provision or the CEO,false,Kindergarten,5th Grade
120039000382,Broadmoor Elementary School,Miami-Dade,Miami,501,277,Yes under Community Eligibility Option (CEO),false,Prekindergarten,5th Grade
120018000204,Broadview Elementary School,Broward,North Lauderdale,636,376,Yes under Community Eligibility Option (CEO),false,Prekindergarten,5th Grade
120114000799,Bronson Elementary School,Levy,Bronson,586,389,Yes under Community Eligibility Option (CEO),true,Prekindergarten,5th Grade
120114001197,Bronson Middle/High School,Levy,Bronson,537,303,Yes under Community Eligibility Option (CEO),true,6th Grade,12th Grade
120012010728,Brooker Community School Inc,Bradford,Brooker,82,45,Yes under Community Eligibility Option (CEO),false,Kindergarten,5th Grade
120156003252,Brooker Creek Elementary School,Pinellas,Tarpon Springs,501,73,Yes participating without using any Provision or the CEO,false,Prekindergarten,5th Grade
120087000921,Brooker Elementary School,Hillsborough,Brandon,686,321,Yes under Community Eligibility Option (CEO),false,Prekindergarten,5th Grade
120087006987,Brooks Debartolo Collegiate High School,Hillsborough,Tampa,624,69,No,false,9th Grade,12th Grade
120144001412,Brookshire Elementary,Orange,Winter Park,608,201,Yes under Community Eligibility Option (CEO),false,Prekindergarten,5th Grade
120168001841,Brookside Middle School,Sarasota,Sarasota,724,432,Yes participating without using any Provision or the CEO,true,6th Grade,8th Grade
120081000449,Brooksville Elementary School,Hernando,Brooksville,687,444,Yes under Community Eligibility Option (CEO),false,Prekindergarten,5th Grade
120081008214,Brooksville Engineering Science and Technology (B.e.s.t.),Hernando,Brooksville,88,40,Yes under Community Eligibility Option (CEO),true,6th Grade,8th Grade
120048000732,Brookview Elementary School,Duval,Jacksonville,465,263,Yes under Community Eligibility Option (CEO),false,Prekindergarten,5th Grade
120018003313,Broward Children's Center North,Broward,Pompano Beach,22,,No,false,Prekindergarten,12th Grade
120018003314,Broward Children's Center South,Broward,Ft Lauderdale,20,,No,false,Prekindergarten,Prekindergarten
120018003320,Broward Detention Center,Broward,Fort Lauderdale,78,28,Yes participating without using any Provision or the CEO,true,6th Grade,12th Grade
120087000922,Broward Elementary School,Hillsborough,Tampa,138,104,Yes under Community Eligibility Option (CEO),false,Prekindergarten,5th Grade
120018000179,Broward Estates Elementary School,Broward,Lauderhill,220,146,Yes under Community Eligibility Option (CEO),false,Prekindergarten,5th Grade
120018008373,Broward Math and Science Schools,Broward,Margate,267,128,Yes under Community Eligibility Option (CEO),true,Kindergarten,12th Grade
120018004058,Broward Virtual Franchise,Broward,Coconut Creek,541,25,No,false,6th Grade,12th Grade
120018007755,Broward Virtual Instruction Program,Broward,Coconut Creek,89,3,No,false,Kindergarten,5th Grade
120051000824,Brown Barge Middle School,Escambia,Pensacola,542,167,Yes participating without using any Provision or the CEO,false,6th Grade,8th Grade
120162002667,Browning-Pearce Elementary School,Putnam,San Mateo,679,407,Yes under Community Eligibility Option (CEO),false,Kindergarten,6th Grade
120039000543,Brownsville Middle School,Miami-Dade,Miami,477,279,Yes under Community Eligibility Option (CEO),true,6th Grade,8th Grade
120039002135,Brucie Ball Educational Center,Miami-Dade,Miami,435,236,Yes under Community Eligibility Option (CEO),true,Prekindergarten,12th Grade
120087000924,Bryan Elementary School,Hillsborough,Plant City,618,458,Yes under Community Eligibility Option (CEO),false,Prekindergarten,5th Grade
120087003854,Bryant Elementary School,Hillsborough,Tampa,852,88,Yes participating without using any Provision or the CEO,false,Prekindergarten,5th Grade
120135001316,Bryceville Elementary School,Nassau,Bryceville,197,87,Yes participating without using any Provision or the CEO,false,Kindergarten,5th Grade
120087000925,Buchanan Middle School,Hillsborough,Tampa,928,582,Yes under Community Eligibility Option (CEO),true,6th Grade,8th Grade
120111002680,Buck Lake Elementary School,Leon,Tallahassee,696,103,Yes under Community Eligibility Option (CEO),false,Prekindergarten,5th Grade
120087002069,Buckhorn Elementary School,Hillsborough,Valrico,667,255,Yes under Community Eligibility Option (CEO),false,Prekindergarten,5th Grade
120108002471,Buckingham Exceptional Student Center,Lee,Fort Myers,60,37,Yes under Community Eligibility Option (CEO),true,Prekindergarten,12th Grade
120054002170,Buddy Taylor Middle School,Flagler,Palm Coast,1310,584,Yes under Community Eligibility Option (CEO),true,6th Grade,8th Grade
120123007312,Buffalo Creek Middle School,Manatee,Palmetto,1171,579,Yes participating without using any Provision or the CEO,true,6th Grade,8th Grade
120087004155,Building Construction Academy at Bowers Whitley,Hillsborough,Tampa,76,47,Yes under Community Eligibility Option (CEO),true,9th Grade,12th Grade
120039000385,Bunche Park Elementary School,Miami-Dade,Miami Gardens,269,211,Yes under Community Eligibility Option (CEO),false,Prekindergarten,5th Grade
120054000841,Bunnell Elementary School,Flagler,Bunnell,1061,556,Yes under Community Eligibility Option (CEO),false,Prekindergarten,5th Grade
120087003071,Burnett Middle School,Hillsborough,Seffner,636,413,Yes under Community Eligibility Option (CEO),true,6th Grade,8th Grade
120087003855,Burney Elementary School,Hillsborough,Plant City,357,265,Yes under Community Eligibility Option (CEO),false,Prekindergarten,5th Grade
120087002506,Burns Middle School,Hillsborough,Brandon,1108,384,Yes under Community Eligibility Option (CEO),true,6th Grade,8th Grade
120192008038,Burns Science and Technology Charter School,Volusia,Oak Hill,1099,392,Yes under Community Eligibility Option (CEO),true,Kindergarten,12th Grade
120180001935,Bushnell Elementary School,Sumter,Bushnell,752,333,Yes under Community Eligibility Option (CEO),false,Prekindergarten,5th Grade
120051003847,Byrneville Elementary School Inc.,Escambia,Century,193,87,Yes under Community Eligibility Option (CEO),false,Kindergarten,5th Grade
120051002819,C. A. Weis Elementary School,Escambia,Pensacola,538,481,Yes under Community Eligibility Option (CEO),false,Prekindergarten,5th Grade
120039007542,C. G. Bethel High School,Miami-Dade,North Miami Beach,269,20,Yes under Community Eligibility Option (CEO),true,6th Grade,12th Grade
120003000017,C. W. Norton Elementary School,Alachua,Gainesville,540,240,Yes under Community Eligibility Option (CEO),false,Prekindergarten,5th Grade
120138001327,C. W. Ruckel Middle School,Okaloosa,Niceville,1061,262,Yes participating without using any Provision or the CEO,false,6th Grade,8th Grade
120021008042,Calhoun Virtual Franchise,Calhoun,Blountstown,1,,No,false,Kindergarten,12th Grade
120021007757,Calhoun Virtual Instruction Program,Calhoun,Blountstown,30,13,No,false,Kindergarten,12th Grade
120135001313,Callahan Elementary School,Nassau,Callahan,614,284,Yes participating without using any Provision or the CEO,false,Prekindergarten,2nd Grade
120135001319,Callahan Intermediate School,Nassau,Callahan,586,252,Yes participating without using any Provision or the CEO,false,3rd Grade,5th Grade
120135001314,Callahan Middle School,Nassau,Callahan,704,282,Yes participating without using any Provision or the CEO,true,6th Grade,8th Grade
120009000042,Callaway Elementary School,Bay,Panama City,622,418,Yes under Community Eligibility Option (CEO),false,Prekindergarten,5th Grade
120108001155,Caloosa Elementary School,Lee,Cape Coral,968,510,Yes under Community Eligibility Option (CEO),false,Prekindergarten,5th Grade
120108001156,Caloosa Middle School,Lee,Cape Coral,1018,587,Yes under Community Eligibility Option (CEO),true,6th Grade,8th Grade
120150002579,Calusa Elementary School,Palm Beach,Boca Raton,858,148,Yes under Community Eligibility Option (CEO),false,Prekindergarten,5th Grade
120039002292,Calusa Elementary School,Miami-Dade,Miami,695,183,Yes under Community Eligibility Option (CEO),false,Prekindergarten,5th Grade
120153002239,Calusa Elementary School,Pasco,New Port Richey,417,271,Yes under Community Eligibility Option (CEO),false,Prekindergarten,5th Grade
120033003830,Calusa Park Elementary School,Collier,Naples,670,344,Yes under Community Eligibility Option (CEO),false,Prekindergarten,5th Grade
120156002791,Calvin A. Hunsinger School,Pinellas,Clearwater,101,70,Yes under Community Eligibility Option (CEO),true,Kindergarten,12th Grade
120015000093,Cambridge Elementary Magnet School,Brevard,Cocoa,477,334,Yes under Community Eligibility Option (CEO),false,Prekindergarten,6th Grade
120144003743,Camelot Elementary,Orange,Orlando,545,232,Yes under Community Eligibility Option (CEO),false,Prekindergarten,5th Grade
120087002512,Caminiti Exceptional Center,Hillsborough,Tampa,69,57,Yes under Community Eligibility Option (CEO),true,Prekindergarten,12th Grade
120027008796,Camp E-Nini Hassee,Citrus,Floral City,17,3,Yes participating without using any Provision or the CEO,false,6th Grade,12th Grade
120039000386,Campbell Drive K-8 Center,Miami-Dade,Homestead,844,558,Yes under Community Eligibility Option (CEO),true,Prekindergarten,8th Grade
120192001963,Campbell Middle School,Volusia,Daytona Beach,962,809,Yes under Community Eligibility Option (CEO),true,6th Grade,8th Grade
120156001606,Campbell Park Elementary School,Pinellas,St Petersburg,502,409,Yes under Community Eligibility Option (CEO),false,Prekindergarten,5th Grade
120087000566,Cannella Elementary School,Hillsborough,Tampa,617,332,Yes under Community Eligibility Option (CEO),false,Prekindergarten,5th Grade
120147008947,Canoe Creek K-8,Osceola,St Cloud,1155,572,Yes participating without using any Provision or the CEO,false,Prekindergarten,8th Grade
120111003419,Canopy Oaks Elementary School,Leon,Tallahassee,617,281,Yes under Community Eligibility Option (CEO),false,Prekindergarten,5th Grade
120108002075,Cape Coral High School,Lee,Cape Coral,2008,772,Yes under Community Eligibility Option (CEO),true,9th Grade,12th Grade
120108001126,Cape Elementary School,Lee,Cape Coral,798,360,Yes under Community Eligibility Option (CEO),false,Prekindergarten,5th Grade
120015000130,Cape View Elementary School,Brevard,Cape Canaveral,273,144,Yes under Community Eligibility Option (CEO),false,Prekindergarten,6th Grade
120051004173,Capstone Academy,Escambia,Pensacola,26,16,Yes under Community Eligibility Option (CEO),false,Prekindergarten,Prekindergarten
120150005683,Career Academy of the Palm Beaches,Palm Beach,Boynton Beach,77,22,Yes under Community Eligibility Option (CEO),true,9th Grade,12th Grade
120039000387,Caribbean K-8 Center,Miami-Dade,Miami,752,525,Yes under Community Eligibility Option (CEO),true,Prekindergarten,8th Grade
120171003126,Carillon Elementary School,Seminole,Oviedo,907,247,Yes participating without using any Provision or the CEO,false,Prekindergarten,5th Grade
120003003285,Caring & Sharing Learning School,Alachua,Gainesville,369,243,Yes under Community Eligibility Option (CEO),false,Prekindergarten,5th Grade
120123003198,Carlos E. Haile Middle School,Manatee,Bradenton,715,316,Yes participating without using any Provision or the CEO,false,6th Grade,8th Grade
120159001706,Carlton Palmore Elementary School,Polk,Lakeland,402,268,Yes under Community Eligibility Option (CEO),false,Prekindergarten,5th Grade
120039000388,Carol City Elementary School,Miami-Dade,Miami Gardens,308,242,Yes under Community Eligibility Option (CEO),false,Prekindergarten,5th Grade
120039000544,Carol City Middle School,Miami-Dade,Miami Gardens,411,287,Yes under Community Eligibility Option (CEO),true,6th Grade,8th Grade
120003000002,Carolyn Beatrice Parker Elementary,Alachua,Gainesville,501,189,Yes under Community Eligibility Option (CEO),false,Kindergarten,5th Grade
120021000292,Carr Elementary & Middle School,Calhoun,Clarksville,205,104,Yes under Community Eligibility Option (CEO),true,Prekindergarten,8th Grade
120039000536,Carrie P. Meek/Westview K-8 Center,Miami-Dade,Miami,548,360,Yes under Community Eligibility Option (CEO),true,Prekindergarten,8th Grade
120087000929,Carrollwood K-8 School,Hillsborough,Tampa,861,310,Yes under Community Eligibility Option (CEO),false,Prekindergarten,8th Grade
120060000860,Carter Parramore Academy,Gadsden,Quincy,32,32,Yes under Community Eligibility Option (CEO),true,4th Grade,12th Grade
120087003177,Carver Exceptional Center,Hillsborough,Tampa,46,40,Yes under Community Eligibility Option (CEO),true,6th Grade,12th Grade
120144001463,Carver Middle,Orange,Orlando,639,480,Yes under Community Eligibility Option (CEO),true,6th Grade,8th Grade
120150002932,Carver Middle School,Palm Beach,Delray Beach,680,416,Yes under Community Eligibility Option (CEO),true,6th Grade,8th Grade
120105001109,Carver Middle School,Lake,Leesburg,737,369,Yes under Community Eligibility Option (CEO),true,6th Grade,8th Grade
120171001875,Casselberry Elementary School,Seminole,Casselberry,716,487,Yes participating without using any Provision or the CEO,false,Prekindergarten,5th Grade
120144005022,Castle Creek Elementary,Orange,Orlando,555,308,Yes under Community Eligibility Option (CEO),false,Prekindergarten,5th Grade
120018000242,Castle Hill Elementary School,Broward,Lauderhill,548,360,Yes under Community Eligibility Option (CEO),false,Prekindergarten,5th Grade
120144008610,Castleview Elementary,Orange,Orlando,693,143,Yes under Community Eligibility Option (CEO),false,Kindergarten,5th Grade
120144001407,Catalina Elementary,Orange,Orlando,588,411,Yes under Community Eligibility Option (CEO),false,Prekindergarten,5th Grade
120009000041,Cedar Grove Elementary School,Bay,Panama City,495,370,Yes under Community Eligibility Option (CEO),false,Prekindergarten,5th Grade
120048000692,Cedar Hills Elementary School,Duval,Jacksonville,398,253,Yes under Community Eligibility Option (CEO),false,Kindergarten,5th Grade
120114001198,Cedar Key High School,Levy,Cedar Key,202,128,Yes under Community Eligibility Option (CEO),true,Prekindergarten,12th Grade
120147004118,Celebration High School,Osceola,Celebration,2681,1199,Yes participating without using any Provision or the CEO,true,9th Grade,12th Grade
120147003098,Celebration K-8,Osceola,Celebration,1498,482,Yes participating without using any Provision or the CEO,false,Kindergarten,8th Grade
120153002580,Centennial Elementary School,Pasco,Dade City,684,354,Yes under Community Eligibility Option (CEO),false,Prekindergarten,5th Grade
120153003776,Centennial Middle School,Pasco,Dade City,688,341,Yes under Community Eligibility Option (CEO),true,6th Grade,8th Grade
120039008388,Center for International Education a Cambridge Associate Sc,Miami-Dade,Homestead,392,184,Yes under Community Eligibility Option (CEO),true,9th Grade,12th Grade
120096010864,Center for the Advancement of Children's Learning,Jackson,Marianna,40,27,No,false,Kindergarten,12th Grade
120147003749,Central Avenue Elementary School,Osceola,Kissimmee,529,336,Yes under Community Eligibility Option (CEO),false,Prekindergarten,5th Grade
120018003157,Central Charter School,Broward,Lauderdale Lakes,1360,,Yes under Community Eligibility Option (CEO),true,Kindergarten,8th Grade
120078000887,Central Elementary School,Hendry,Clewiston,547,355,Yes under Community Eligibility Option (CEO),false,Prekindergarten,5th Grade
120141001357,Central Elementary School,Okeechobee,Okeechobee,571,491,Yes under Community Eligibility Option (CEO),false,Kindergarten,5th Grade
120144007869,Central Florida Leadership Academy Charter,Orange,Orlando,100,39,Yes under Community Eligibility Option (CEO),true,6th Grade,12th Grade
120081002604,Central High School,Hernando,Brooksville,1444,674,Yes under Community Eligibility Option (CEO),true,9th Grade,12th Grade
120009008471,Central High School,Bay,Panama City,99,40,Yes under Community Eligibility Option (CEO),true,9th Grade,12th Grade
120015000110,Central Middle School,Brevard,West Melbourne,1059,562,Yes participating without using any Provision or the CEO,true,7th Grade,8th Grade
120018002701,Central Park Elementary School,Broward,Plantation,800,249,Yes participating without using any Provision or the CEO,false,Prekindergarten,5th Grade
120027006894,Central Ridge Elementary School,Citrus,Citrus Springs,801,424,Yes under Community Eligibility Option (CEO),false,Prekindergarten,5th Grade
120048000638,Central Riverside Elementary School,Duval,Jacksonville,347,172,Yes under Community Eligibility Option (CEO),false,Prekindergarten,5th Grade
120165001813,Central School,Santa Rosa,Milton,732,357,Yes participating without using any Provision or the CEO,true,Prekindergarten,12th Grade
120048006904,Chaffee Trail Elementary,Duval,Jacksonville,884,384,Yes under Community Eligibility Option (CEO),false,Prekindergarten,5th Grade
120048010720,Chaffee Trail Middle School,Duval,Jacksonville,1190,634,Yes under Community Eligibility Option (CEO),false,6th Grade,8th Grade
120159005349,Chain of Lakes Collegiate High,Polk,Winter Haven,340,,No,false,10th Grade,12th Grade
120159005714,Chain of Lakes Elementary School,Polk,Winter Haven,1007,560,Yes under Community Eligibility Option (CEO),false,Prekindergarten,5th Grade
120144003630,Chain of Lakes Middle,Orange,Orlando,955,397,Yes under Community Eligibility Option (CEO),true,6th Grade,8th Grade
120111002567,Chaires Elementary School,Leon,Tallahassee,466,204,Yes under Community Eligibility Option (CEO),false,Prekindergarten,5th Grade
120015002483,Challenger 7 Elementary School,Brevard,Cocoa,431,215,Yes under Community Eligibility Option (CEO),false,Prekindergarten,6th Grade
120018003682,Challenger Elementary School,Broward,Tamarac,830,332,Yes under Community Eligibility Option (CEO),false,Prekindergarten,5th Grade
120081005548,Challenger K-8 School of Science and Math,Hernando,Spring Hill,1456,414,Yes under Community Eligibility Option (CEO),false,Kindergarten,8th Grade
120108004919,Challenger Middle School,Lee,Cape Coral,999,415,Yes under Community Eligibility Option (CEO),true,6th Grade,8th Grade
120087000930,Chamberlain High School,Hillsborough,Tampa,1183,732,Yes under Community Eligibility Option (CEO),true,9th Grade,12th Grade
120039007617,Chambers High School,Miami-Dade,Homestead,243,11,Yes under Community Eligibility Option (CEO),true,6th Grade,12th Grade
120192001979,Champion Elementary School,Volusia,Daytona Beach,533,342,Yes under Community Eligibility Option (CEO),false,Prekindergarten,5th Grade
120018007977,Championship Academy of Distinction at Davie,Broward,Davie,426,22,Yes under Community Eligibility Option (CEO),true,Kindergarten,8th Grade
120018005455,Championship Academy of Distinction at Hollywood,Broward,Hollywood,256,7,Yes under Community Eligibility Option (CEO),false,Kindergarten,5th Grade
120018008513,Championship Academy of Distinction Middle School,Broward,Hollywood,242,31,Yes under Community Eligibility Option (CEO),true,6th Grade,8th Grade
120144003885,Chancery High Charter,Orange,Orlando,438,,No,false,7th Grade,12th Grade
120087007854,Channelside Academy of Math and Science,Hillsborough,Tampa,293,198,Yes participating without using any Provision or the CEO,true,Kindergarten,8th Grade
120018002979,Chapel Trail Elementary School,Broward,Pembroke Pines,597,170,Yes participating without using any Provision or the CEO,false,Prekindergarten,5th Grade
120039008101,Chapman Partnership Early Childhood Center N,Miami-Dade,Miami,37,34,Yes participating without using any Provision or the CEO,false,Prekindergarten,Prekindergarten
120039008119,Chapman Partnership Early Childhood Center South,Miami-Dade,Miami,77,74,Yes participating without using any Provision or the CEO,false,Prekindergarten,Prekindergarten
120039003050,Charles David Wyche Jr Elementary School,Miami-Dade,Miami Gardens,568,387,Yes under Community Eligibility Option (CEO),false,Prekindergarten,5th Grade
120018000187,Charles Drew Elementary School,Broward,Pompano Beach,420,295,Yes under Community Eligibility Option (CEO),false,Prekindergarten,5th Grade
120030000319,Charles E. Bennett Elementary School,Clay,Green Cove Springs,564,436,Yes under Community Eligibility Option (CEO),false,Prekindergarten,6th Grade
120039000406,Charles R Drew K-8 Center,Miami-Dade,Miami,461,362,Yes under Community Eligibility Option (CEO),true,Prekindergarten,8th Grade
120039002498,Charles R Hadley Elementary School,Miami-Dade,Miami,595,289,Yes under Community Eligibility Option (CEO),false,Prekindergarten,5th Grade
120153007326,Charles S. Rushe Middle School,Pasco,Land O Lakes,1365,233,Yes under Community Eligibility Option (CEO),false,6th Grade,8th Grade
120018003029,Charles W Flanagan High School,Broward,Pembroke Pines,2199,678,Yes under Community Eligibility Option (CEO),true,9th Grade,12th Grade
120024002050,Charlotte Harbor School,Charlotte,Port Charlotte,130,64,Yes under Community Eligibility Option (CEO),true,Prekindergarten,12th Grade
120024000296,Charlotte High School,Charlotte,Punta Gorda,1872,683,Yes under Community Eligibility Option (CEO),true,9th Grade,12th Grade
120024002051,Charlotte Technical College,Charlotte,Port Charlotte,12,,No,false,9th Grade,12th Grade
120024007805,Charlotte Virtual Franchise,Charlotte,Port Charlotte,83,,No,false,Kindergarten,12th Grade
120039008206,Charter High School of the Americas,Miami-Dade,Miami,179,65,No,true,9th Grade,12th Grade
120039008703,Charter High School of the Americas (Florida City Campus),Miami-Dade,Florida City,48,27,No,false,9th Grade,12th Grade
120018003156,Charter School of Excellence,Broward,Fort Lauderdale,164,149,No,false,Kindergarten,5th Grade
120018007476,Charter School of Excellence at Davie,Broward,Pembroke Pines,223,114,No,false,Kindergarten,5th Grade
120153004421,Chasco Elementary School,Pasco,Port Richey,612,429,Yes under Community Eligibility Option (CEO),false,Prekindergarten,5th Grade
120153003775,Chasco Middle School,Pasco,Port Richey,622,400,Yes under Community Eligibility Option (CEO),true,6th Grade,8th Grade
120060000855,Chattahoochee Elementary School,Gadsden,Chattahoochee,159,139,Yes under Community Eligibility Option (CEO),false,Prekindergarten,5th Grade
120009005431,Chautauqua Charter School,Bay,Panama City,52,17,Yes under Community Eligibility Option (CEO),true,9th Grade,12th Grade
120144001408,Cheney Elementary,Orange,Orlando,397,269,Yes under Community Eligibility Option (CEO),false,Prekindergarten,5th Grade
120177001931,Chester A. Moore Elementary School,St. Lucie,Fort Pierce,470,345,Yes under Community Eligibility Option (CEO),false,Prekindergarten,8th Grade
120003000021,Chester Shell Elementary School,Alachua,Hawthorne,282,213,Yes under Community Eligibility Option (CEO),false,Kindergarten,5th Grade
120153003251,Chester W. Taylor Jr. Elementary School,Pasco,Zephyrhills,676,409,Yes under Community Eligibility Option (CEO),false,Prekindergarten,5th Grade
120147005655,Chestnut Elementary School for Science and Engineering,Osceola,Kissimmee,729,491,Yes under Community Eligibility Option (CEO),false,Prekindergarten,5th Grade
120048003363,Chet's Creek Elementary School,Duval,Jacksonville,1079,301,Yes under Community Eligibility Option (CEO),false,Prekindergarten,5th Grade
120156003780,Chi Chi Rodriquez Academy,Pinellas,Clearwater,90,48,Yes under Community Eligibility Option (CEO),true,4th Grade,8th Grade
120087000931,Chiaramonte Elementary School,Hillsborough,Tampa,325,191,Yes under Community Eligibility Option (CEO),false,Prekindergarten,5th Grade
120144001418,Chickasaw Elementary,Orange,Orlando,551,375,Yes under Community Eligibility Option (CEO),false,Prekindergarten,5th Grade
120114000798,Chiefland Elementary School,Levy,Chiefland,725,482,Yes under Community Eligibility Option (CEO),false,Prekindergarten,5th Grade
120114001199,Chiefland Middle High School,Levy,Chiefland,760,403,Yes under Community Eligibility Option (CEO),true,6th Grade,12th Grade
120168004208,Children First,Sarasota,Sarasota,24,,No,false,Prekindergarten,Prekindergarten
120087003713,Chiles Elementary School,Hillsborough,Tampa,787,218,Yes under Community Eligibility Option (CEO),false,Prekindergarten,5th Grade
120171004450,Chiles Middle School,Seminole,Oviedo,1279,328,Yes participating without using any Provision or the CEO,false,6th Grade,8th Grade
120048002739,Chimney Lakes Elementary School,Duval,Jacksonville,871,402,Yes under Community Eligibility Option (CEO),false,Prekindergarten,5th Grade
120201002027,Chipley High School,Washington,Chipley,563,165,Yes under Community Eligibility Option (CEO),false,9th Grade,12th Grade
120192002538,Chisholm Elementary School,Volusia,New Smyrna Beach,479,241,Yes under Community Eligibility Option (CEO),false,Prekindergarten,5th Grade
120081003585,Chocachatti Elementary School,Hernando,Brooksville,783,285,Yes under Community Eligibility Option (CEO),false,Prekindergarten,5th Grade
120138001347,Choctawhatchee Senior High School,Okaloosa,Fort Walton Beach,1720,954,Yes participating without using any Provision or the CEO,true,9th Grade,12th Grade
120171003803,Choices in Learning Charter,Seminole,Winter Springs,685,121,Yes participating without using any Provision or the CEO,false,Kindergarten,5th Grade
120150003902,Cholee Lake Elementary School,Palm Beach,Greenacres,976,631,Yes under Community Eligibility Option (CEO),false,Prekindergarten,5th Grade
120015002485,Christa McAuliffe Elementary School,Brevard,Palm Bay,687,415,Yes under Community Eligibility Option (CEO),false,Prekindergarten,6th Grade
120150002523,Christa McAuliffe Middle School,Palm Beach,Boynton Beach,1079,326,Yes under Community Eligibility Option (CEO),false,6th Grade,8th Grade
120039003555,Christina M. Eve Elementary School,Miami-Dade,Miami,482,167,Yes under Community Eligibility Option (CEO),false,Prekindergarten,5th Grade
120165001816,Chumuckla Elementary School,Santa Rosa,Jay,371,187,Yes participating without using any Provision or the CEO,false,Prekindergarten,6th Grade
120087003856,Cimino Elementary School,Hillsborough,Valrico,789,240,Yes under Community Eligibility Option (CEO),false,Prekindergarten,5th Grade
120150002697,Citrus Cove Elementary School,Palm Beach,Boynton Beach,1137,554,Yes under Community Eligibility Option (CEO),false,Prekindergarten,5th Grade
120144004397,Citrus Elementary,Orange,Ocoee,506,281,Yes under Community Eligibility Option (CEO),false,Prekindergarten,5th Grade
120093001061,Citrus Elementary School,Indian River,Vero Beach,630,409,Yes participating without using any Provision or the CEO,false,Kindergarten,5th Grade
120027008904,Citrus Eschool,Citrus,Inverness,69,22,No,false,Kindergarten,12th Grade
120129007264,Citrus Grove Elementary,Martin,Palm City,596,146,Yes participating without using any Provision or the CEO,false,Prekindergarten,5th Grade
120192007786,Citrus Grove Elementary School,Volusia,Deland,729,386,Yes under Community Eligibility Option (CEO),false,Kindergarten,5th Grade
120039000392,Citrus Grove K-8 Center,Miami-Dade,Miami,1583,855,Yes under Community Eligibility Option (CEO),false,Prekindergarten,8th Grade
120039007516,Citrus Health Sipp/Crisis,Miami-Dade,Miami,16,5,No,true,Kindergarten,12th Grade
120027000305,Citrus High School,Citrus,Inverness,1465,636,Yes under Community Eligibility Option (CEO),true,9th Grade,12th Grade
120087000932,Citrus Park Elementary School,Hillsborough,Tampa,514,212,Yes under Community Eligibility Option (CEO),false,Prekindergarten,5th Grade
120159008417,Citrus Ridge a Civics Academy,Polk,Davenport,1108,655,Yes under Community Eligibility Option (CEO),true,Prekindergarten,8th Grade
120027002493,Citrus Springs Elementary School,Citrus,Citrus Springs,877,480,Yes under Community Eligibility Option (CEO),false,Prekindergarten,5th Grade
120027002089,Citrus Springs Middle School,Citrus,Citrus Springs,752,335,Yes under Community Eligibility Option (CEO),true,6th Grade,8th Grade
120039007454,City of Hialeah Educational Academy,Miami-Dade,Hialeah,1002,822,Yes participating without using any Provision or the CEO,true,6th Grade,12th Grade
120108004933,City of Palms Charter High School,Lee,Fort Myers,104,38,No,true,9th Grade,12th Grade
120018004318,City/Pembroke Pines Charter High School,Broward,Pembroke Pines,2168,602,Yes participating without using any Provision or the CEO,false,6th Grade,12th Grade
120018003544,City/Pembroke Pines Charter Middle School,Broward,Pembroke Pines,1353,497,No,false,6th Grade,8th Grade
120087000933,Clair-Mel Elementary School,Hillsborough,Tampa,536,414,Yes under Community Eligibility Option (CEO),false,Prekindergarten,5th Grade
120159002401,Clarence Boswell Elementary School,Polk,Auburndale,600,475,Yes under Community Eligibility Option (CEO),false,Prekindergarten,5th Grade
120129004044,Clark Advanced Learning Center,Martin,Stuart,288,54,Yes participating without using any Provision or the CEO,false,9th Grade,12th Grade
120087003375,Clark Elementary School,Hillsborough,Tampa,858,250,Yes under Community Eligibility Option (CEO),false,Prekindergarten,5th Grade
120153008347,Classical Preparatory School,Pasco,Spring Hill,1154,349,Yes under Community Eligibility Option (CEO),false,Kindergarten,12th Grade
120039002806,Claude Pepper Elementary School,Miami-Dade,Miami,417,205,Yes under Community Eligibility Option (CEO),false,Prekindergarten,5th Grade
120030008437,Clay Charter Academy,Clay,Middleburg,693,98,Yes participating without using any Provision or the CEO,false,Kindergarten,8th Grade
120030000330,Clay High School,Clay,Green Cove Springs,1776,916,Yes participating without using any Provision or the CEO,true,9th Grade,12th Grade
120030002427,Clay Hill Elementary School,Clay,Jacksonville,426,305,Yes under Community Eligibility Option (CEO),false,Prekindergarten,6th Grade
120144002857,Clay Springs Elementary,Orange,Apopka,626,319,Yes under Community Eligibility Option (CEO),false,Prekindergarten,5th Grade
120030007840,Clay Virtual Franchise,Clay,Orange Park,107,32,No,false,Kindergarten,12th Grade
120087002187,Claywell Elementary School,Hillsborough,Tampa,574,225,Yes under Community Eligibility Option (CEO),false,Prekindergarten,5th Grade
120156003108,Clearwater Fundamental Middle School,Pinellas,Clearwater,736,178,Yes participating without using any Provision or the CEO,false,6th Grade,8th Grade
120156001610,Clearwater High School,Pinellas,Clearwater,1543,759,Yes under Community Eligibility Option (CEO),true,9th Grade,12th Grade
120159001708,Cleveland Court Elementary School,Polk,Lakeland,374,202,Yes under Community Eligibility Option (CEO),false,Kindergarten,5th Grade
120078002663,Clewiston High School,Hendry,Clewiston,966,574,Yes under Community Eligibility Option (CEO),true,9th Grade,12th Grade
120078000884,Clewiston Middle School,Hendry,Clewiston,679,466,Yes under Community Eligibility Option (CEO),true,6th Grade,8th Grade
120138001324,Clifford Meigs Middle School,Okaloosa,Shalimar,612,354,Yes participating without using any Provision or the CEO,true,6th Grade,8th Grade
120150001559,Clifford O Taylor/Kirklane Elementary,Palm Beach,Palm Springs,1342,943,Yes under Community Eligibility Option (CEO),false,Prekindergarten,5th Grade
120165008959,Coastal Connections Academy,Santa Rosa,Pensacola,261,10,No,false,Kindergarten,5th Grade
120015000127,Cocoa Beach Junior/Senior High School,Brevard,Cocoa Beach,1049,276,Yes participating without using any Provision or the CEO,false,7th Grade,12th Grade
120015000100,Cocoa High School,Brevard,Cocoa,1432,922,Yes under Community Eligibility Option (CEO),true,7th Grade,12th Grade
120018000240,Coconut Creek Elementary School,Broward,Coconut Creek,467,226,Yes under Community Eligibility Option (CEO),false,Prekindergarten,5th Grade
120018000249,Coconut Creek High School,Broward,Coconut Creek,1972,896,Yes under Community Eligibility Option (CEO),true,9th Grade,12th Grade
120039000393,Coconut Grove Elementary School,Miami-Dade,Coconut Grove,547,63,Yes under Community Eligibility Option (CEO),false,Prekindergarten,5th Grade
120018003681,Coconut Palm Elementary School,Broward,Miramar,511,240,Yes under Community Eligibility Option (CEO),false,Prekindergarten,5th Grade
120039000471,Coconut Palm K-8 Academy,Miami-Dade,Homestead,1159,795,Yes under Community Eligibility Option (CEO),true,Prekindergarten,8th Grade
120018000159,Colbert Elementary School,Broward,Hollywood,578,347,Yes under Community Eligibility Option (CEO),false,Prekindergarten,5th Grade
120039008402,Colegiate Preparatory Academy,Miami-Dade,Miami,114,6,No,true,6th Grade,12th Grade
120087000936,Coleman Middle School,Hillsborough,Tampa,860,112,Yes participating without using any Provision or the CEO,false,6th Grade,8th Grade
120018003684,College Academy at Broward College,Broward,Davie,487,122,Yes participating without using any Provision or the CEO,true,9th Grade,12th Grade
120126002760,College Park Elementary School,Marion,Ocala,873,633,Yes under Community Eligibility Option (CEO),false,Prekindergarten,5th Grade
120144001396,College Park Middle,Orange,Orlando,624,456,Yes under Community Eligibility Option (CEO),true,6th Grade,8th Grade
120168010817,College Preparatory Academy at Wellen Park,Sarasota,Fort Lauderdale,409,180,Yes participating without using any Provision or the CEO,false,Kindergarten,7th Grade
120138004392,Collegiate High School at Northwest Florida State College,Okaloosa,Niceville,463,109,No,false,9th Grade,12th Grade
120033008510,Collier Charter Academy,Collier,Naples,580,245,Yes participating without using any Provision or the CEO,true,Kindergarten,8th Grade
120033003692,Collier Juvenile Detention Center,Collier,Naples,16,3,Yes participating without using any Provision or the CEO,false,6th Grade,12th Grade
120018000165,Collins Elementary School,Broward,Dania Beach,252,176,Yes under Community Eligibility Option (CEO),false,Prekindergarten,5th Grade
120087004158,Collins PK-8 School,Hillsborough,Riverview,1644,560,Yes under Community Eligibility Option (CEO),false,Prekindergarten,8th Grade
120108002834,Colonial Elementary School,Lee,Fort Myers,661,441,Yes under Community Eligibility Option (CEO),false,Prekindergarten,5th Grade
120144001403,Colonial High,Orange,Orlando,3239,1695,Yes under Community Eligibility Option (CEO),true,9th Grade,12th Grade
120087000597,Colson Elementary School,Hillsborough,Seffner,511,307,Yes under Community Eligibility Option (CEO),false,Prekindergarten,5th Grade
120036002102,Columbia City Elementary School,Columbia,Lake City,585,310,Yes under Community Eligibility Option (CEO),false,Prekindergarten,5th Grade
120144001451,Columbia Elementary,Orange,Orlando,489,196,Yes under Community Eligibility Option (CEO),false,Prekindergarten,5th Grade
120015002484,Columbia Elementary School,Brevard,Palm Bay,576,344,Yes under Community Eligibility Option (CEO),false,Prekindergarten,6th Grade
120036000358,Columbia High School,Columbia,Lake City,1711,767,Yes under Community Eligibility Option (CEO),true,9th Grade,12th Grade
120159001709,Combee Academy of Design and Engineering,Polk,Lakeland,479,365,Yes under Community Eligibility Option (CEO),false,Prekindergarten,5th Grade
120183007849,Community Base Service Students,Suwannee,Live Oak,17,3,No,false,Kindergarten,12th Grade
120168008288,Community Haven for Adults and Children with Disabilities,Sarasota,Sarasota,1,,No,false,Prekindergarten,Prekindergarten
120159003925,Compass Middle Charter School,Polk,Bartow,168,146,Yes under Community Eligibility Option (CEO),true,5th Grade,8th Grade
120039000395,Comstock Elementary School,Miami-Dade,Miami,597,395,Yes under Community Eligibility Option (CEO),false,Prekindergarten,5th Grade
120150001561,Congress Community Middle School,Palm Beach,Boynton Beach,845,537,Yes under Community Eligibility Option (CEO),true,6th Grade,8th Grade
120150008509,Connections Education Center of the Palm Beaches,Palm Beach,West Palm Beach,92,38,Yes under Community Eligibility Option (CEO),true,Prekindergarten,8th Grade
120153001572,Connerton Elementary School,Pasco,Land O Lakes,953,260,Yes under Community Eligibility Option (CEO),false,Prekindergarten,5th Grade
120150001502,Conniston Middle School,Palm Beach,West Palm Beach,1153,695,Yes under Community Eligibility Option (CEO),true,6th Grade,8th Grade
120003010723,Constellation Charter School of Gainesville,Alachua,Waldo,98,49,Yes participating without using any Provision or the CEO,false,1st Grade,7th Grade
120171003804,Contracted Services,Seminole,Sanford,4,,No,false,Prekindergarten,5th Grade
120144001393,Conway Elementary,Orange,Orlando,426,270,Yes under Community Eligibility Option (CEO),false,Prekindergarten,5th Grade
120144001445,Conway Middle,Orange,Orlando,735,379,Yes under Community Eligibility Option (CEO),true,6th Grade,8th Grade
120018000229,Cooper City Elementary School,Broward,Cooper City,742,190,Yes participating without using any Provision or the CEO,false,Prekindergarten,5th Grade
120018000265,Cooper City High School,Broward,Cooper City,2399,558,Yes participating without using any Provision or the CEO,false,9th Grade,12th Grade
120039000617,Cope Center North,Miami-Dade,Miami,28,20,Yes under Community Eligibility Option (CEO),true,6th Grade,12th Grade
120030005773,Coppergate Elementary School,Clay,Middleburg,587,374,Yes under Community Eligibility Option (CEO),false,Prekindergarten,6th Grade
120015000083,Coquina Elementary School,Brevard,Titusville,466,327,Yes under Community Eligibility Option (CEO),false,Prekindergarten,6th Grade
120018004039,Coral Cove Elementary School,Broward,Miramar,417,129,Yes under Community Eligibility Option (CEO),false,Prekindergarten,5th Grade
120039000397,Coral Gables Preparatory Academy,Miami-Dade,Coral Gables,812,221,Yes under Community Eligibility Option (CEO),true,Prekindergarten,8th Grade
120039000590,Coral Gables Senior High School,Miami-Dade,Coral Gables,2894,1173,Yes under Community Eligibility Option (CEO),true,9th Grade,12th Grade
120018004037,Coral Glades High School,Broward,Coral Springs,2843,900,Yes under Community Eligibility Option (CEO),true,9th Grade,12th Grade
120018002543,Coral Park Elementary School,Broward,Coral Springs,463,147,Yes under Community Eligibility Option (CEO),false,Prekindergarten,5th Grade
120039000398,Coral Park Elementary School,Miami-Dade,Miami,782,362,Yes under Community Eligibility Option (CEO),false,Prekindergarten,5th Grade
120150003638,Coral Reef Elementary School,Palm Beach,Lake Worth,978,295,Yes under Community Eligibility Option (CEO),false,Prekindergarten,5th Grade
120039000399,Coral Reef Elementary School,Miami-Dade,Palmetto Bay,696,197,Yes under Community Eligibility Option (CEO),false,Prekindergarten,5th Grade
120039003340,Coral Reef Montessori Academy Charter School,Miami-Dade,Cutler Bay,521,19,Yes participating without using any Provision or the CEO,true,Kindergarten,8th Grade
120039003052,Coral Reef Senior High School,Miami-Dade,Miami,3399,914,Yes under Community Eligibility Option (CEO),true,8th Grade,12th Grade
120132001292,Coral Shores High School,Monroe,Tavernier,753,311,Yes participating without using any Provision or the CEO,true,9th Grade,12th Grade
120018003545,Coral Springs Charter School,Broward,Coral Springs,1756,59,Yes participating without using any Provision or the CEO,true,6th Grade,12th Grade
120018000276,Coral Springs Elementary School,Broward,Coral Springs,370,222,Yes under Community Eligibility Option (CEO),true,Prekindergarten,5th Grade
120018000225,Coral Springs High School,Broward,Coral Springs,2177,798,Yes under Community Eligibility Option (CEO),true,9th Grade,12th Grade
120018000277,Coral Springs Middle School,Broward,Coral Springs,980,292,Yes under Community Eligibility Option (CEO),true,6th Grade,8th Grade
120150002477,Coral Sunset Elementary School,Palm Beach,Boca Raton,744,313,Yes under Community Eligibility Option (CEO),false,Prekindergarten,5th Grade
120039000400,Coral Terrace Elementary School,Miami-Dade,Miami,462,231,Yes under Community Eligibility Option (CEO),false,Prekindergarten,5th Grade
120039000401,Coral Way K-8 Center,Miami-Dade,Miami,1038,412,Yes under Community Eligibility Option (CEO),true,Prekindergarten,8th Grade
120051000790,Cordova Park Elementary School,Escambia,Pensacola,596,243,Yes participating without using any Provision or the CEO,false,Kindergarten,6th Grade
120087000938,Cork Elementary School,Hillsborough,Plant City,715,415,Yes under Community Eligibility Option (CEO),false,Prekindergarten,5th Grade
120033003551,Corkscrew Elementary School,Collier,Naples,908,387,Yes participating without using any Provision or the CEO,false,Prekindergarten,5th Grade
120033004329,Corkscrew Middle School,Collier,Naples,1013,513,Yes participating without using any Provision or the CEO,true,6th Grade,8th Grade
120144003457,Corner Lake Middle,Orange,Orlando,767,397,Yes under Community Eligibility Option (CEO),true,6th Grade,8th Grade
120144007801,Cornerstone Academy Charter,Orange,Belle Isle,1094,365,Yes participating without using any Provision or the CEO,false,Kindergarten,8th Grade
120144007822,Cornerstone Charter Academy High,Orange,Belle Isle,615,217,Yes participating without using any Provision or the CEO,false,9th Grade,12th Grade
120048008874,Cornerstone Classical Academy,Duval,Jacksonville,949,23,No,false,Kindergarten,12th Grade
120192001967,Coronado Beach Elementary School,Volusia,New Smyrna Beach,242,66,Yes under Community Eligibility Option (CEO),false,Prekindergarten,5th Grade
120108007465,Coronado High School,Lee,Ft Myers,294,165,Yes under Community Eligibility Option (CEO),true,7th Grade,12th Grade
120087004157,Corr Elementary School,Hillsborough,Gibsonton,696,401,Yes under Community Eligibility Option (CEO),false,Prekindergarten,5th Grade
120153002937,Cotee River Elementary School,Pasco,New Port Richey,526,346,Yes under Community Eligibility Option (CEO),false,Prekindergarten,5th Grade
120096001076,Cottondale Elementary School,Jackson,Cottondale,471,257,Yes under Community Eligibility Option (CEO),false,Prekindergarten,5th Grade
120096001075,Cottondale High School,Jackson,Cottondale,419,197,Yes under Community Eligibility Option (CEO),true,6th Grade,12th Grade
120039005913,Country Club Middle School,Miami-Dade,Hialeah,496,282,Yes under Community Eligibility Option (CEO),true,6th Grade,8th Grade
120018002706,Country Hills Elementary School,Broward,Coral Springs,827,218,Yes participating without using any Provision or the CEO,false,Prekindergarten,5th Grade
120018002542,Country Isles Elementary School,Broward,Weston,773,164,Yes participating without using any Provision or the CEO,false,Prekindergarten,5th Grade
120078002432,Country Oaks Elementary School,Hendry,Labelle,935,581,Yes under Community Eligibility Option (CEO),false,Prekindergarten,5th Grade
120156002242,Countryside High School,Pinellas,Clearwater,1396,447,Yes under Community Eligibility Option (CEO),true,9th Grade,12th Grade
120153003916,Countryside Montessori Academy,Pasco,Land O Lakes,357,6,Yes participating without using any Provision or the CEO,false,1st Grade,8th Grade
120051002602,County Administrative Annex,Escambia,Pensacola,78,3,No,false,9th Grade,12th Grade
120108001161,County Wide Exceptional Child Programs,Lee,Fort Myers,94,26,No,false,Prekindergarten,12th Grade
120078002502,County Wide Exceptional Student Education,Hendry,Labelle,5,,No,false,Prekindergarten,12th Grade
120084002824,Cracker Trail Elementary School,Highlands,Sebring,710,388,Yes under Community Eligibility Option (CEO),false,Kindergarten,5th Grade
120168004142,Cranberry Elementary School,Sarasota,North Port,813,538,Yes participating without using any Provision or the CEO,false,Prekindergarten,5th Grade
120195002015,Crawfordville Elementary School,Wakulla,Crawfordville,691,290,Yes under Community Eligibility Option (CEO),false,Kindergarten,5th Grade
120177003500,Creative Arts Academy of St. Lucie,St. Lucie,Fort Pierce,515,272,Yes under Community Eligibility Option (CEO),true,Kindergarten,8th Grade
120147008660,Creative Inspiration Journey School of St Cloud,Osceola,Saint Cloud,550,266,Yes participating without using any Provision or the CEO,false,Prekindergarten,8th Grade
120087008571,Creekside Charter Academy,Hillsborough,Riverview,887,165,Yes participating without using any Provision or the CEO,true,Kindergarten,8th Grade
120174007388,Creekside High School,St. Johns,Saint Johns,2479,159,No,false,8th Grade,12th Grade
120192003808,Creekside Middle School,Volusia,Port Orange,1120,354,Yes under Community Eligibility Option (CEO),true,6th Grade,8th Grade
120162001810,Crescent City Jr-Sr High School,Putnam,Crescent City,945,599,Yes under Community Eligibility Option (CEO),true,7th Grade,12th Grade
120027002088,Crest School,Citrus,Lecanto,102,56,Yes under Community Eligibility Option (CEO),true,Prekindergarten,12th Grade
120018000212,Cresthaven Elementary School,Broward,Pompano Beach,421,256,Yes under Community Eligibility Option (CEO),false,Prekindergarten,5th Grade
120039000402,Crestview Elementary School,Miami-Dade,Miami Gardens,264,183,Yes under Community Eligibility Option (CEO),false,Prekindergarten,5th Grade
120138001348,Crestview High School,Okaloosa,Crestview,2376,1192,Yes participating without using any Provision or the CEO,true,9th Grade,12th Grade
120150002365,Crestwood Community Middle,Palm Beach,Royal Palm Beach,752,348,Yes under Community Eligibility Option (CEO),true,6th Grade,8th Grade
120087000939,Crestwood Elementary School,Hillsborough,Tampa,731,495,Yes under Community Eligibility Option (CEO),false,Prekindergarten,5th Grade
120153007339,Crews Lake Middle School.,Pasco,Spring Hill,709,345,Yes under Community Eligibility Option (CEO),true,6th Grade,8th Grade
120018000158,Croissant Park Elementary School,Broward,Fort Lauderdale,682,401,Yes under Community Eligibility Option (CEO),false,Prekindergarten,5th Grade
120174001905,Crookshank Elementary School,St. Johns,St Augustine,705,440,Yes under Community Eligibility Option (CEO),false,Prekindergarten,5th Grade
120171002533,Crooms Academy of Information Technology,Seminole,Sanford,738,294,Yes participating without using any Provision or the CEO,true,9th Grade,12th Grade
120156001612,Cross Bayou Elementary School,Pinellas,Pinellas Park,303,175,Yes under Community Eligibility Option (CEO),false,Prekindergarten,5th Grade
120018001356,Cross Creek School,Broward,Pompano Beach,72,48,Yes under Community Eligibility Option (CEO),true,Kindergarten,12th Grade
120150003899,Crosspointe Elementary School,Palm Beach,Boynton Beach,621,423,Yes under Community Eligibility Option (CEO),false,Prekindergarten,5th Grade
120060003066,Crossroad Academy,Gadsden,Quincy,555,447,Yes under Community Eligibility Option (CEO),true,Prekindergarten,12th Grade
120150004420,Crossroads Academy,Palm Beach,Belle Glade,163,131,Yes under Community Eligibility Option (CEO),true,6th Grade,12th Grade
120015000116,Croton Elementary School,Brevard,Melbourne,464,293,Yes under Community Eligibility Option (CEO),false,Prekindergarten,6th Grade
120048002159,Crown Point Elementary School,Duval,Jacksonville,785,371,Yes under Community Eligibility Option (CEO),false,Prekindergarten,5th Grade
120171005391,Crystal Lake Elementary School,Seminole,Lake Mary,685,354,Yes participating without using any Provision or the CEO,false,Prekindergarten,5th Grade
120159001710,Crystal Lake Elementary School,Polk,Lakeland,437,349,Yes under Community Eligibility Option (CEO),false,Prekindergarten,5th Grade
120129002770,Crystal Lake Elementary School,Martin,Stuart,443,172,Yes participating without using any Provision or the CEO,false,Prekindergarten,5th Grade
120159001782,Crystal Lake Middle School,Polk,Lakeland,753,626,Yes under Community Eligibility Option (CEO),true,6th Grade,8th Grade
120018000261,Crystal Lake Middle School,Broward,Pompano Beach,925,470,Yes under Community Eligibility Option (CEO),true,6th Grade,8th Grade
120150002872,Crystal Lakes Elementary School,Palm Beach,Boynton Beach,785,254,Yes under Community Eligibility Option (CEO),false,Prekindergarten,5th Grade
120027000314,Crystal River High School,Citrus,Crystal River,1293,534,Yes under Community Eligibility Option (CEO),true,9th Grade,12th Grade
120027000312,Crystal River Middle School,Citrus,Crystal River,906,444,Yes under Community Eligibility Option (CEO),true,6th Grade,8th Grade
120027000313,Crystal River Primary School,Citrus,Crystal River,644,383,Yes under Community Eligibility Option (CEO),false,Prekindergarten,5th Grade
120048002556,Crystal Springs Elementary School,Duval,Jacksonville,883,488,Yes under Community Eligibility Option (CEO),false,Prekindergarten,5th Grade
120174003018,Cunningham Creek Elementary School,St. Johns,Saint Johns,730,116,Yes participating without using any Provision or the CEO,false,Prekindergarten,5th Grade
120156002393,Curlew Creek Elementary School,Pinellas,Palm Harbor,610,199,Yes under Community Eligibility Option (CEO),false,Prekindergarten,5th Grade
120156001658,Curtis Fundamental Elementary,Pinellas,Dunedin,538,107,Yes participating without using any Provision or the CEO,false,Kindergarten,5th Grade
120039000549,Cutler Bay Middle,Miami-Dade,Cutler Bay,935,558,Yes under Community Eligibility Option (CEO),true,6th Grade,8th Grade
120039000547,Cutler Bay Senior High School,Miami-Dade,Cutler Bay,590,175,Yes under Community Eligibility Option (CEO),true,9th Grade,12th Grade
120039000403,Cutler Ridge Elementary School,Miami-Dade,Cutler Bay,430,279,Yes under Community Eligibility Option (CEO),false,Prekindergarten,5th Grade
120018003815,Cypress Bay High School,Broward,Weston,4579,405,Yes participating without using any Provision or the CEO,false,9th Grade,12th Grade
120192005404,Cypress Creek Elementary School,Volusia,Port Orange,761,241,Yes under Community Eligibility Option (CEO),false,Prekindergarten,5th Grade
120087002827,Cypress Creek Elementary School,Hillsborough,Ruskin,834,508,Yes under Community Eligibility Option (CEO),false,Prekindergarten,5th Grade
120144000865,Cypress Creek High,Orange,Orlando,3127,1074,Yes under Community Eligibility Option (CEO),true,9th Grade,12th Grade
120153008517,Cypress Creek High School,Pasco,Wesley Chapel,2006,417,Yes under Community Eligibility Option (CEO),true,9th Grade,12th Grade
120153008776,Cypress Creek Middle School,Pasco,Wesley Chapel,1283,339,Yes under Community Eligibility Option (CEO),false,6th Grade,8th Grade
120147000913,Cypress Elementary School,Osceola,Kissimmee,455,280,Yes under Community Eligibility Option (CEO),false,Prekindergarten,5th Grade
120153001585,Cypress Elementary School,Pasco,New Port Richey,554,297,Yes under Community Eligibility Option (CEO),false,Prekindergarten,5th Grade
120018000255,Cypress Elementary School,Broward,Pompano Beach,733,447,Yes under Community Eligibility Option (CEO),false,Prekindergarten,5th Grade
120159008572,Cypress Junction Montessori,Polk,Winter Haven,317,,No,false,Prekindergarten,8th Grade
120039000404,Cypress K-8 Center,Miami-Dade,Miami,376,196,Yes under Community Eligibility Option (CEO),true,Prekindergarten,8th Grade
120108001150,Cypress Lake High School,Lee,Fort Myers,1429,495,Yes under Community Eligibility Option (CEO),true,9th Grade,12th Grade
120108001127,Cypress Lake Middle School,Lee,Fort Myers,768,262,Yes under Community Eligibility Option (CEO),false,6th Grade,8th Grade
120033004489,Cypress Palm Middle School,Collier,Naples,836,564,Yes participating without using any Provision or the CEO,true,6th Grade,8th Grade
120105003074,Cypress Ridge Elementary School,Lake,Clermont,567,92,Yes under Community Eligibility Option (CEO),false,Prekindergarten,5th Grade
120018002593,Cypress Run Alternative Center,Broward,Pompano Beach,150,97,Yes under Community Eligibility Option (CEO),true,Kindergarten,12th Grade
120144002919,Cypress Springs Elementary,Orange,Orlando,619,200,Yes under Community Eligibility Option (CEO),false,Prekindergarten,5th Grade
120150002693,Cypress Trails Elementary School,Palm Beach,Royal Palm Beach,533,225,Yes under Community Eligibility Option (CEO),false,Prekindergarten,5th Grade
120156002479,Cypress Woods Elementary School,Pinellas,Palm Harbor,676,156,Yes participating without using any Provision or the CEO,false,Prekindergarten,5th Grade
120081002603,D. S. Parrott Middle School,Hernando,Brooksville,745,475,Yes under Community Eligibility Option (CEO),true,6th Grade,8th Grade
120177004149,Dale Cassens Education Complex,St. Lucie,Fort Pierce,218,150,Yes under Community Eligibility Option (CEO),true,Prekindergarten,12th Grade
120159001779,Dale R Fair Babson Park Elementary,Polk,Babson Park,453,209,Yes under Community Eligibility Option (CEO),false,Kindergarten,5th Grade
120177001927,Dan McCarty Middle School,St. Lucie,Fort Pierce,657,448,Yes under Community Eligibility Option (CEO),true,6th Grade,8th Grade
120018000147,Dania Elementary School,Broward,Dania Beach,464,257,Yes under Community Eligibility Option (CEO),false,Prekindergarten,5th Grade
120159004435,Daniel Jenkins Academy of Technology Middle School,Polk,Haines City,506,367,Yes under Community Eligibility Option (CEO),true,6th Grade,8th Grade
120039003044,Dante B. Fascell Elementary School,Miami-Dade,Miami,403,186,Yes under Community Eligibility Option (CEO),false,Prekindergarten,5th Grade
120048002816,Darnell Cookman Middle/High School,Duval,Jacksonville,1068,418,Yes under Community Eligibility Option (CEO),false,6th Grade,12th Grade
120177003796,Data House,St. Lucie,Fort Pierce,3,,No,false,6th Grade,12th Grade
120018003543,Dave Thomas Education Center West,Broward,Coconut Creek,492,274,Yes under Community Eligibility Option (CEO),true,6th Grade,12th Grade
120159008768,Davenport Elementary,Polk,Davenport,938,632,Yes under Community Eligibility Option (CEO),false,Prekindergarten,5th Grade
120159008685,Davenport High School,Polk,Davenport,2731,1346,Yes under Community Eligibility Option (CEO),false,9th Grade,12th Grade
120159001725,Davenport School of the Arts,Polk,Davenport,1440,736,Yes under Community Eligibility Option (CEO),false,Prekindergarten,8th Grade
120192005747,David C. Hinson Sr. Middle School,Volusia,Daytona Beach,922,491,Yes under Community Eligibility Option (CEO),true,6th Grade,8th Grade
120039000415,David Fairchild Elementary School,Miami-Dade,Miami,473,88,Yes under Community Eligibility Option (CEO),false,Prekindergarten,5th Grade
120039004654,David Lawrence Jr. K-8 Center,Miami-Dade,North Miami,1246,533,Yes under Community Eligibility Option (CEO),true,Prekindergarten,8th Grade
120087004351,Davidsen Middle School,Hillsborough,Tampa,969,473,Yes under Community Eligibility Option (CEO),true,6th Grade,8th Grade
120138003210,Davidson Middle School,Okaloosa,Crestview,1111,622,Yes participating without using any Provision or the CEO,true,6th Grade,8th Grade
120018002041,Davie Elementary School,Broward,Davie,613,306,Yes under Community Eligibility Option (CEO),false,Prekindergarten,5th Grade
120087004166,Davis Elementary School,Hillsborough,Tampa,526,376,Yes under Community Eligibility Option (CEO),false,Prekindergarten,5th Grade
120153004426,Dayspring Academy,Pasco,New Port Richey,1259,439,Yes under Community Eligibility Option (CEO),true,Kindergarten,12th Grade
120153010805,Dayspring Angeline,Pasco,New Port Richey,312,76,Yes under Community Eligibility Option (CEO),false,Kindergarten,5th Grade
120201601212,Deaf Elementary School (Fsdb),Deaf/Blind,St Augustine,97,65,Yes participating without using any Provision or the CEO,false,Prekindergarten,5th Grade
120201601247,Deaf High School (Fsdb),Deaf/Blind,St Augustine,179,150,No,true,9th Grade,12th Grade
120201601246,Deaf Middle School (Fsdb),Deaf/Blind,St Augustine,78,68,No,true,6th Grade,8th Grade
120009004304,Deane Bozeman School,Bay,Panama City,1690,629,Yes under Community Eligibility Option (CEO),true,Prekindergarten,12th Grade
120192003130,Debary Elementary School,Volusia,Debary,780,246,Yes under Community Eligibility Option (CEO),false,Prekindergarten,5th Grade
120024002725,Deep Creek Elementary School,Charlotte,Pt Charlotte,781,344,Yes under Community Eligibility Option (CEO),false,Prekindergarten,5th Grade
120153002678,Deer Park Elementary School,Pasco,New Port Richey,524,243,Yes under Community Eligibility Option (CEO),false,Prekindergarten,5th Grade
120087004883,Deer Park Elementary School,Hillsborough,Tampa,957,225,Yes participating without using any Provision or the CEO,false,Prekindergarten,5th Grade
120009007649,Deer Point Elementary School,Bay,Panama City,735,322,Yes under Community Eligibility Option (CEO),false,Prekindergarten,5th Grade
120018000141,Deerfield Beach Elementary School,Broward,Deerfield Beach,572,306,Yes under Community Eligibility Option (CEO),false,Prekindergarten,5th Grade
120018000251,Deerfield Beach High School,Broward,Deerfield Beach,2120,929,Yes under Community Eligibility Option (CEO),true,9th Grade,12th Grade
120018000213,Deerfield Beach Middle School,Broward,Deerfield Beach,1132,579,Yes under Community Eligibility Option (CEO),true,6th Grade,8th Grade
120018000170,Deerfield Park Elementary School,Broward,Deerfield Beach,391,287,Yes under Community Eligibility Option (CEO),false,Prekindergarten,5th Grade
120111002763,Deerlake Middle School,Leon,Tallahassee,876,131,Yes participating without using any Provision or the CEO,false,6th Grade,8th Grade
120144002475,Deerwood Elementary,Orange,Orlando,472,190,Yes under Community Eligibility Option (CEO),false,Prekindergarten,5th Grade
120147002865,Deerwood Elementary School,Osceola,Kissimmee,422,310,Yes under Community Eligibility Option (CEO),false,Prekindergarten,5th Grade
120150002691,Del Prado Elementary School,Palm Beach,Boca Raton,704,157,Yes under Community Eligibility Option (CEO),false,Kindergarten,5th Grade
120192001969,Deland High School,Volusia,Deland,2936,1334,Yes under Community Eligibility Option (CEO),true,9th Grade,12th Grade
120192002418,Deland Middle School,Volusia,Deland,1059,568,Yes under Community Eligibility Option (CEO),true,6th Grade,8th Grade
120015000132,Delaura Middle School,Brevard,Satellite Beach,548,107,Yes participating without using any Provision or the CEO,false,7th Grade,8th Grade
120081002605,Deltona Elementary School,Hernando,Spring Hill,854,598,Yes under Community Eligibility Option (CEO),false,Prekindergarten,5th Grade
120192002641,Deltona High School,Volusia,Deltona,1716,879,Yes under Community Eligibility Option (CEO),true,9th Grade,12th Grade
120192002416,Deltona Lakes Elementary School,Volusia,Deltona,731,463,Yes under Community Eligibility Option (CEO),false,Prekindergarten,5th Grade
120192001972,Deltona Middle School,Volusia,Deltona,1132,631,Yes under Community Eligibility Option (CEO),true,6th Grade,8th Grade
120153003013,Denham Oaks Elementary School,Pasco,Lutz,738,232,Yes under Community Eligibility Option (CEO),false,Prekindergarten,5th Grade
120159001727,Denison Middle School,Polk,Winter Haven,684,516,Yes under Community Eligibility Option (CEO),true,6th Grade,8th Grade
120147001470,Denn John Middle School,Osceola,Kissimmee,809,483,Yes under Community Eligibility Option (CEO),true,6th Grade,8th Grade
120192003940,Dept. of Corrections Educational Program,Volusia,Daytona Beach,19,14,No,false,8th Grade,12th Grade
120039002736,Design & Architecture Senior High,Miami-Dade,Miami,486,127,Yes under Community Eligibility Option (CEO),true,9th Grade,12th Grade
120042000620,Desoto County High School,Desoto,Arcadia,1215,618,Yes under Community Eligibility Option (CEO),true,9th Grade,12th Grade
120087000941,Desoto Elementary School,Hillsborough,Tampa,180,132,Yes under Community Eligibility Option (CEO),false,Prekindergarten,5th Grade
120042000624,Desoto Middle School,Desoto,Arcadia,922,530,Yes under Community Eligibility Option (CEO),true,6th Grade,8th Grade
120042006813,Desoto Secondary School,Desoto,Arcadia,51,27,Yes under Community Eligibility Option (CEO),true,Kindergarten,12th Grade
120111002679,Desoto Trail Elementary School,Leon,Tallahassee,652,99,Yes under Community Eligibility Option (CEO),false,Prekindergarten,5th Grade
120138001328,Destin Elementary School,Okaloosa,Destin,910,405,Yes participating without using any Provision or the CEO,false,Prekindergarten,4th Grade
120138008938,Destin High School,Okaloosa,Destin,599,126,No,false,9th Grade,12th Grade
120138003211,Destin Middle School,Okaloosa,Destin,799,350,Yes participating without using any Provision or the CEO,false,5th Grade,8th Grade
120087003390,Detention Center West,Hillsborough,Tampa,26,4,Yes participating without using any Provision or the CEO,false,3rd Grade,12th Grade
120015003026,Devereux Hospital,Brevard,Viera,66,4,No,false,Kindergarten,12th Grade
120144001908,Devereux Treatment Program,Orange,Orlando,30,3,No,false,Kindergarten,12th Grade
120039002054,Devon Aire K-8 Center,Miami-Dade,Miami,818,308,Yes under Community Eligibility Option (CEO),true,Prekindergarten,8th Grade
120150004128,Diamond View Elementary School,Palm Beach,Greenacres,800,499,Yes under Community Eligibility Option (CEO),false,Prekindergarten,5th Grade
120087000942,Dickenson Elementary School,Hillsborough,Tampa,514,315,Yes under Community Eligibility Option (CEO),false,Prekindergarten,5th Grade
120078007725,Digital Academy of Florida,Hendry,Jacksonville,6069,3830,No,false,Kindergarten,12th Grade
120018000169,Dillard 6-12,Broward,Fort Lauderdale,1998,1217,Yes under Community Eligibility Option (CEO),true,6th Grade,12th Grade
120018000162,Dillard Elementary School,Broward,Fort Lauderdale,556,411,Yes under Community Eligibility Option (CEO),false,Prekindergarten,5th Grade
120144001389,Dillard Street Elementary,Orange,Winter Garden,466,209,Yes under Community Eligibility Option (CEO),false,Prekindergarten,5th Grade
120048000652,Dinsmore Elementary School,Duval,Jacksonville,562,221,Yes under Community Eligibility Option (CEO),false,Prekindergarten,5th Grade
120108002833,Diplomat Elementary School,Lee,Cape Coral,1066,552,Yes under Community Eligibility Option (CEO),false,Prekindergarten,5th Grade
120108003417,Diplomat Middle School,Lee,Cape Coral,1097,538,Yes under Community Eligibility Option (CEO),true,6th Grade,8th Grade
120159003112,Discovery Academy of Lake Alfred,Polk,Lake Alfred,1039,694,Yes participating without using any Provision or the CEO,true,6th Grade,8th Grade
120156008262,Discovery Academy of Science,Pinellas,Clearwater,722,203,Yes participating without using any Provision or the CEO,false,Kindergarten,8th Grade
120192002640,Discovery Elementary School,Volusia,Deltona,653,444,Yes under Community Eligibility Option (CEO),false,Prekindergarten,5th Grade
120015002591,Discovery Elementary School,Brevard,Palm Bay,679,456,Yes under Community Eligibility Option (CEO),false,Prekindergarten,6th Grade
120018007250,Discovery Elementary School,Broward,Sunrise,789,298,Yes under Community Eligibility Option (CEO),false,Prekindergarten,5th Grade
120159008515,Discovery High School,Polk,Lake Alfred,898,572,Yes participating without using any Provision or the CEO,true,9th Grade,12th Grade
120147003633,Discovery Intermediate School,Osceola,Kissimmee,804,522,Yes under Community Eligibility Option (CEO),true,6th Grade,8th Grade
120150003760,Discovery Key Elementary School,Palm Beach,Lake Worth,1032,297,Yes under Community Eligibility Option (CEO),false,Kindergarten,5th Grade
120144003217,Discovery Middle,Orange,Orlando,814,284,Yes under Community Eligibility Option (CEO),true,6th Grade,8th Grade
120030008631,Discovery Oaks Elementary,Clay,Orange Park,915,407,Yes participating without using any Provision or the CEO,false,Prekindergarten,6th Grade
120156002788,Disston Academy,Pinellas,Gulfport,63,45,Yes under Community Eligibility Option (CEO),true,5th Grade,12th Grade
120195002272,District Pre-K Programs,Wakulla,Crawfordville,204,87,Yes under Community Eligibility Option (CEO),false,Prekindergarten,Prekindergarten
120045000626,Dixie County High School,Dixie,Cross City,791,495,Yes under Community Eligibility Option (CEO),true,7th Grade,12th Grade
120156001614,Dixie M. Hollins High School,Pinellas,Kenneth City,1934,924,Yes under Community Eligibility Option (CEO),true,9th Grade,12th Grade
120045007816,Dixie Virtual Franchise,Dixie,Cross City,7,,No,false,Kindergarten,12th Grade
120045008031,Dixie Virtual Instruction Program,Dixie,Cross City,2,,No,false,Kindergarten,5th Grade
120159001712,Dixieland Elementary School,Polk,Lakeland,344,281,Yes under Community Eligibility Option (CEO),false,Prekindergarten,5th Grade
120087004871,Doby Elementary School,Hillsborough,Apollo Beach,680,297,Yes under Community Eligibility Option (CEO),false,Prekindergarten,5th Grade
120039003164,Doctors Charter School of Miami Shores,Miami-Dade,Miami Shores,567,137,Yes participating without using any Provision or the CEO,false,6th Grade,12th Grade
120030000325,Doctors Inlet Elementary School,Clay,Middleburg,545,341,Yes under Community Eligibility Option (CEO),false,Prekindergarten,6th Grade
120093001062,Dodgertown Elementary School,Indian River,Vero Beach,482,328,Yes participating without using any Provision or the CEO,false,Prekindergarten,5th Grade
120018004040,Dolphin Bay Elementary School,Broward,Miramar,544,187,Yes under Community Eligibility Option (CEO),false,Prekindergarten,5th Grade
120144001432,Dommerich Elementary,Orange,Maitland,611,63,Yes under Community Eligibility Option (CEO),false,Prekindergarten,5th Grade
120048003843,Don Brewer Elementary School,Duval,Jacksonville,286,146,Yes under Community Eligibility Option (CEO),false,3rd Grade,5th Grade
120159003256,Don E Woods Opportunity Center,Polk,Dundee,82,67,Yes under Community Eligibility Option (CEO),true,6th Grade,12th Grade
120150004015,Don Estridge High Tech Middle School,Palm Beach,Boca Raton,1270,244,Yes under Community Eligibility Option (CEO),false,6th Grade,8th Grade
120039008751,Don Soffer Aventura Charter High School,Miami-Dade,Aventura,820,187,Yes participating without using any Provision or the CEO,false,9th Grade,12th Grade
120108008229,Donna J. Beasley Technical Academy,Lee,Lehigh Acres,294,129,No,true,9th Grade,12th Grade
120039004071,Doral Academy,Miami-Dade,Doral,1091,240,Yes participating without using any Provision or the CEO,false,Kindergarten,5th Grade
120039003699,Doral Academy Charter High School,Miami-Dade,Doral,2073,549,Yes participating without using any Provision or the CEO,true,9th Grade,12th Grade
120039003558,Doral Academy Charter Middle School,Miami-Dade,Doral,1351,326,Yes participating without using any Provision or the CEO,true,6th Grade,8th Grade
120039010742,Doral Academy North Charter Elementary,Miami-Dade,Doral,200,79,Yes participating without using any Provision or the CEO,false,Kindergarten,5th Grade
120039007892,Doral Academy of Technology,Miami-Dade,Doral,288,41,Yes participating without using any Provision or the CEO,false,6th Grade,8th Grade
120039007911,Doral International Academy of Math and Science,Miami-Dade,Doral,570,136,Yes participating without using any Provision or the CEO,false,Kindergarten,8th Grade
120039010745,Doral Park High School,Miami-Dade,Doral,454,53,No,false,9th Grade,12th Grade
120039005493,Doral Performing Arts & Entertainment Academy,Miami-Dade,Doral,369,87,Yes participating without using any Provision or the CEO,true,9th Grade,12th Grade
120159002402,Doris A. Sanders Learning Center,Polk,Lakeland,84,58,Yes under Community Eligibility Option (CEO),false,Prekindergarten,12th Grade
120087008925,Dorothy C York PK-8 Magnet School,Hillsborough,Apollo Beach,1381,332,Yes participating without using any Provision or the CEO,false,Prekindergarten,8th Grade
120039010618,Dorothy M. Wallace Cope Center,Miami-Dade,Miami,27,19,Yes under Community Eligibility Option (CEO),true,6th Grade,12th Grade
120087001024,Dorothy Thomas Center,Hillsborough,Tampa,35,24,Yes under Community Eligibility Option (CEO),true,Kindergarten,12th Grade
120153006976,Double Branch Elementary School,Pasco,Wesley Chapel,829,180,Yes under Community Eligibility Option (CEO),false,Prekindergarten,5th Grade
120048002469,Douglas Anderson School of the Arts,Duval,Jacksonville,1035,163,Yes under Community Eligibility Option (CEO),false,9th Grade,12th Grade
120156004133,Douglas L. Jamerson Jr. Elementary,Pinellas,St Petersburg,536,249,Yes under Community Eligibility Option (CEO),false,Prekindergarten,5th Grade
120087000943,Dover Elementary,Hillsborough,Dover,530,379,Yes under Community Eligibility Option (CEO),false,Prekindergarten,5th Grade
120144001413,Dover Shores Elementary,Orange,Orlando,390,241,Yes under Community Eligibility Option (CEO),false,Kindergarten,5th Grade
120087000934,Dowdell Middle Magnet School,Hillsborough,Tampa,657,438,Yes under Community Eligibility Option (CEO),true,6th Grade,8th Grade
120039008425,Downtown Doral Charter Elementary School,Miami-Dade,Doral,1085,201,Yes under Community Eligibility Option (CEO),false,Kindergarten,5th Grade
120039008658,Downtown Doral Charter Upper School,Miami-Dade,Doral,1500,262,Yes under Community Eligibility Option (CEO),false,6th Grade,12th Grade
120039003834,Downtown Miami Charter School,Miami-Dade,Miami,442,29,Yes under Community Eligibility Option (CEO),false,Kindergarten,5th Grade
120108000779,Dr Carrie D Robinson Littleton Elementary School,Lee,North Fort Myers,640,373,Yes under Community Eligibility Option (CEO),false,Prekindergarten,5th Grade
120087000928,Dr Carter G Woodson K-8 School,Hillsborough,Tampa,990,708,Yes under Community Eligibility Option (CEO),true,Prekindergarten,8th Grade
120087008643,Dr Kiran C Patel High School,Hillsborough,Tampa,639,46,No,false,9th Grade,12th Grade
120123008717,Dr Mona Jain Middle School,Manatee,Bradenton,933,312,Yes participating without using any Provision or the CEO,false,6th Grade,8th Grade
120126001268,Dr N H Jones Elementary School,Marion,Ocala,789,332,Yes under Community Eligibility Option (CEO),false,Prekindergarten,5th Grade
120039004335,Dr. Carlos J. Finlay Elementary,Miami-Dade,Miami,540,282,Yes under Community Eligibility Option (CEO),false,Prekindergarten,5th Grade
120129004989,Dr. David L. Anderson Middle School,Martin,Stuart,911,569,Yes participating without using any Provision or the CEO,true,6th Grade,8th Grade
120039003049,Dr. Edward L. Whigham Elementary School,Miami-Dade,Cutler Bay,731,390,Yes under Community Eligibility Option (CEO),false,Prekindergarten,5th Grade
120039000515,Dr. Frederica S. Wilson/Skyway Elementary School,Miami-Dade,Miami Gardens,336,228,Yes under Community Eligibility Option (CEO),false,Prekindergarten,5th Grade
120039002734,Dr. Gilbert L. Porter Elementary School,Miami-Dade,Miami,586,257,Yes under Community Eligibility Option (CEO),false,Prekindergarten,5th Grade
120039000494,Dr. Henry E. Perrine Academy of the Arts,Miami-Dade,Palmetto Bay,513,283,Yes under Community Eligibility Option (CEO),false,Prekindergarten,5th Grade
120039000535,Dr. Henry W. Mack/West Little River K-8 Center,Miami-Dade,Miami,383,245,Yes under Community Eligibility Option (CEO),true,Prekindergarten,8th Grade
120150010693,Dr. Joaquin Garcia High School,Palm Beach,Lake Worth,2541,957,Yes under Community Eligibility Option (CEO),false,9th Grade,12th Grade
120153006898,Dr. John Long Middle School,Pasco,Wesley Chapel,1496,275,Yes under Community Eligibility Option (CEO),false,6th Grade,8th Grade
120087009012,Dr. Kiran C. Patel Elementary School,Hillsborough,Tampa,510,42,No,false,Kindergarten,5th Grade
120039006617,Dr. Manuel C. Barreiro Elementary School,Miami-Dade,Miami,530,185,Yes under Community Eligibility Option (CEO),false,Prekindergarten,5th Grade
120018000243,Dr. Martin Luther King Jr. Montessori Academy,Broward,Lauderhill,385,299,Yes under Community Eligibility Option (CEO),false,Prekindergarten,5th Grade
120039002812,Dr. Marvin Dunn Academy for Community Education.,Miami-Dade,El Portal,77,57,Yes under Community Eligibility Option (CEO),true,9th Grade,12th Grade
120153002787,Dr. Mary Giella Elementary School,Pasco,Spring Hill,568,359,Yes under Community Eligibility Option (CEO),false,Prekindergarten,5th Grade
120150004410,Dr. Mary McLeod Bethune Elementary,Palm Beach,Riviera Beach,529,401,Yes under Community Eligibility Option (CEO),false,Prekindergarten,5th Grade
120039003345,Dr. Michael M. Krop Senior High,Miami-Dade,Miami,2165,874,Yes under Community Eligibility Option (CEO),true,9th Grade,12th Grade
120159003926,Dr. NE Roberts Elementary School,Polk,Lakeland,697,508,Yes under Community Eligibility Option (CEO),false,Prekindergarten,5th Grade
120144002220,Dr. Phillips Elementary,Orange,Orlando,638,161,Yes under Community Eligibility Option (CEO),false,Prekindergarten,5th Grade
120144002572,Dr. Phillips High,Orange,Orlando,2964,1162,Yes under Community Eligibility Option (CEO),true,8th Grade,12th Grade
120039000486,Dr. Robert B. Ingram Elementary School,Miami-Dade,Opa Locka,232,151,Yes under Community Eligibility Option (CEO),false,Prekindergarten,5th Grade
120039007520,Dr. Rolando Espinosa K-8 Center,Miami-Dade,Doral,584,136,Yes under Community Eligibility Option (CEO),true,Prekindergarten,8th Grade
120039008620,Dr. Toni Bilbao Preparatory Academy,Miami-Dade,Doral,580,150,Yes under Community Eligibility Option (CEO),true,Prekindergarten,8th Grade
120015000140,Dr. W.j. Creel Elementary School,Brevard,Melbourne,542,343,Yes under Community Eligibility Option (CEO),false,Prekindergarten,7th Grade
120039000391,Dr. William A. Chapman Elementary School,Miami-Dade,Homestead,515,379,Yes under Community Eligibility Option (CEO),false,Prekindergarten,5th Grade
120144001392,Dream Lake Elementary,Orange,Apopka,674,375,Yes under Community Eligibility Option (CEO),false,Prekindergarten,5th Grade
120168008870,Dreamers Academy,Sarasota,Sarasota,519,360,Yes participating without using any Provision or the CEO,false,Kindergarten,5th Grade
120018000199,Driftwood Elementary School,Broward,Hollywood,426,231,Yes under Community Eligibility Option (CEO),false,Prekindergarten,5th Grade
120018000208,Driftwood Middle School,Broward,Hollywood,955,451,Yes under Community Eligibility Option (CEO),true,6th Grade,8th Grade
120156002889,Dropout Prevention School,Pinellas,Largo,395,186,No,true,Prekindergarten,12th Grade
120087000944,Dunbar Elementary Magnet School,Hillsborough,Tampa,324,252,Yes under Community Eligibility Option (CEO),false,Kindergarten,5th Grade
120108004368,Dunbar High School,Lee,Fort Myers,1734,824,Yes under Community Eligibility Option (CEO),true,9th Grade,12th Grade
120048000748,Duncan U. Fletcher High School,Duval,Neptune Beach,2184,469,Yes under Community Eligibility Option (CEO),false,9th Grade,12th Grade
120048000660,Duncan U. Fletcher Middle School,Duval,Jacksonville Beach,1190,302,Yes under Community Eligibility Option (CEO),false,6th Grade,8th Grade
120159001794,Dundee Elementary Academy,Polk,Dundee,657,419,Yes under Community Eligibility Option (CEO),false,Prekindergarten,5th Grade
120159003656,Dundee Ridge Middle Academy,Polk,Dundee,725,522,Yes under Community Eligibility Option (CEO),true,6th Grade,8th Grade
120198004144,Dune Lakes Elementary School,Walton,Santa Rosa Beach,924,259,Yes participating without using any Provision or the CEO,false,Kindergarten,5th Grade
120156001615,Dunedin Elementary School,Pinellas,Dunedin,474,323,Yes under Community Eligibility Option (CEO),false,Prekindergarten,5th Grade
120156001616,Dunedin High School,Pinellas,Dunedin,1221,427,Yes under Community Eligibility Option (CEO),true,9th Grade,12th Grade
120156001617,Dunedin Highland Middle School,Pinellas,Dunedin,842,336,Yes under Community Eligibility Option (CEO),true,6th Grade,8th Grade
120126001878,Dunnellon Elementary School,Marion,Dunnellon,644,407,Yes under Community Eligibility Option (CEO),false,Prekindergarten,5th Grade
120126002442,Dunnellon High School,Marion,Dunnellon,1562,802,Yes under Community Eligibility Option (CEO),true,9th Grade,12th Grade
120126003005,Dunnellon Middle School,Marion,Dunnellon,712,416,Yes under Community Eligibility Option (CEO),true,6th Grade,8th Grade
120087002997,Durant High School,Hillsborough,Plant City,2504,917,Yes under Community Eligibility Option (CEO),true,9th Grade,12th Grade
120174004141,Durbin Creek Elementary School,St. Johns,Saint Johns,1090,237,Yes participating without using any Provision or the CEO,false,Prekindergarten,5th Grade
120048008013,Duval Charter at Baymeadows,Duval,Jacksonville,1399,737,Yes participating without using any Provision or the CEO,false,Kindergarten,8th Grade
120048008016,Duval Charter High School at Baymeadows,Duval,Jacksonville,749,351,Yes participating without using any Provision or the CEO,false,9th Grade,12th Grade
120048007909,Duval Charter Scholars Academy,Duval,Jacksonville,501,422,Yes under Community Eligibility Option (CEO),true,Kindergarten,8th Grade
120048008593,Duval Charter School at Coastal,Duval,Jacksonville,1082,717,Yes participating without using any Provision or the CEO,false,Kindergarten,8th Grade
120048008500,Duval Charter School at Flagler Center,Duval,Jacksonville,867,150,Yes participating without using any Provision or the CEO,false,Kindergarten,8th Grade
120048008421,Duval Charter School at Mandarin,Duval,Jacksonville,856,399,Yes participating without using any Provision or the CEO,true,Kindergarten,8th Grade
120048008371,Duval Charter School at Southside,Duval,Jacksonville,1064,627,Yes participating without using any Provision or the CEO,true,Kindergarten,8th Grade
120048008266,Duval Charter School at Westside,Duval,Jacksonville,938,481,Yes under Community Eligibility Option (CEO),true,Kindergarten,8th Grade
120048008096,Duval Mycroschool of Integrated Academics and Technologies,Duval,Jacksonville,213,185,No,false,9th Grade,12th Grade
120048003356,Duval Regional Juvenile Detention Center,Duval,Jacksonville,97,51,Yes participating without using any Provision or the CEO,false,5th Grade,12th Grade
120048008007,Duval Virtual Instruction Academy,Duval,Jacksonville,738,252,No,false,Kindergarten,12th Grade
120150001560,Dwight D. Eisenhower K-8,Palm Beach,Palm Beach Gardens,565,285,Yes under Community Eligibility Option (CEO),false,Prekindergarten,8th Grade
120039000522,E.w.f. Stirrup Elementary School,Miami-Dade,Miami,611,310,Yes under Community Eligibility Option (CEO),false,Prekindergarten,5th Grade
120144008479,Eagle Creek Elementary,Orange,Orlando,827,147,Yes under Community Eligibility Option (CEO),false,Prekindergarten,5th Grade
120159001788,Eagle Lake Elementary School,Polk,Eagle Lake,644,484,Yes under Community Eligibility Option (CEO),false,Prekindergarten,5th Grade
120018002081,Eagle Point Elementary School,Broward,Weston,1139,240,Yes participating without using any Provision or the CEO,false,Prekindergarten,5th Grade
120018002982,Eagle Ridge Elementary School,Broward,Coral Springs,743,155,Yes participating without using any Provision or the CEO,false,Prekindergarten,5th Grade
120150003469,Eagles Landing Middle School,Palm Beach,Boca Raton,1466,331,Yes under Community Eligibility Option (CEO),true,6th Grade,8th Grade
120018005453,Eagles Nest Charter Academy,Broward,Lauderhill,320,89,No,true,Kindergarten,12th Grade
120144004003,Eagles Nest Elementary,Orange,Orlando,625,408,Yes under Community Eligibility Option (CEO),false,Prekindergarten,5th Grade
120018005454,Eagles Nest Middle Charter School,Broward,Coral Springs,49,11,No,true,6th Grade,8th Grade
120039000410,Earlington Heights Elementary School,Miami-Dade,Miami,371,257,Yes under Community Eligibility Option (CEO),false,Prekindergarten,5th Grade
120039005477,Early Beginnings Academy,Miami-Dade,Miami,98,5,No,false,Prekindergarten,5th Grade
120108001818,Early Childhood Learning Services,Lee,Fort Myers,187,138,Yes under Community Eligibility Option (CEO),false,Prekindergarten,Prekindergarten
120003008485,Early Learning Academy at Duval,Alachua,Gainesville,117,93,Yes under Community Eligibility Option (CEO),false,Prekindergarten,Prekindergarten
120087000945,East Bay High School,Hillsborough,Gibsonton,1809,791,Yes under Community Eligibility Option (CEO),true,9th Grade,12th Grade
120165008721,East Bay K-8 School,Santa Rosa,Gulf Breeze,1100,338,Yes participating without using any Provision or the CEO,false,Prekindergarten,8th Grade
120024000300,East Elementary School,Charlotte,Punta Gorda,814,393,Yes under Community Eligibility Option (CEO),false,Prekindergarten,5th Grade
120144005639,East Lake Elementary,Orange,Orlando,432,213,Yes under Community Eligibility Option (CEO),false,Prekindergarten,5th Grade
120147007895,East Lake Elementary School,Osceola,Kissimmee,821,350,Yes under Community Eligibility Option (CEO),false,Prekindergarten,5th Grade
120156003110,East Lake High School,Pinellas,Tarpon Springs,1980,377,Yes participating without using any Provision or the CEO,false,9th Grade,12th Grade
120156008380,East Lake Middle School Academy of Engineering,Pinellas,Tarpon Springs,392,44,Yes participating without using any Provision or the CEO,false,6th Grade,8th Grade
120108003966,East Lee County High School,Lee,Lehigh Acres,2129,1203,Yes under Community Eligibility Option (CEO),true,9th Grade,12th Grade
120126001259,East Marion Elementary School,Marion,Silver Springs,631,509,Yes under Community Eligibility Option (CEO),false,Prekindergarten,5th Grade
120165001817,East Milton Elementary School,Santa Rosa,Milton,771,559,Yes participating without using any Provision or the CEO,false,Prekindergarten,5th Grade
120033000349,East Naples Middle School,Collier,Naples,875,395,Yes under Community Eligibility Option (CEO),true,6th Grade,8th Grade
120153003107,East Pasco Education Academy,Pasco,Dade City,80,53,Yes under Community Eligibility Option (CEO),true,6th Grade,12th Grade
120105003868,East Ridge High School,Lake,Clermont,2683,638,Yes under Community Eligibility Option (CEO),true,9th Grade,12th Grade
120105007239,East Ridge Middle School,Lake,Clermont,1089,227,Yes under Community Eligibility Option (CEO),false,6th Grade,8th Grade
120144007614,East River High,Orange,Orlando,2026,772,Yes under Community Eligibility Option (CEO),true,9th Grade,12th Grade
120171001893,Eastbrook Elementary School,Seminole,Winter Park,645,382,Yes participating without using any Provision or the CEO,false,Prekindergarten,5th Grade
120123002842,Easter Seals,Manatee,Sarasota,12,3,Yes participating without using any Provision or the CEO,true,Prekindergarten,12th Grade
120081000895,Eastside Elementary School,Hernando,Brooksville,754,533,Yes under Community Eligibility Option (CEO),false,Prekindergarten,5th Grade
120078002559,Eastside Elementary School,Hendry,Clewiston,477,372,Yes under Community Eligibility Option (CEO),false,Prekindergarten,5th Grade
120159001723,Eastside Elementary School,Polk,Haines City,725,558,Yes under Community Eligibility Option (CEO),false,Prekindergarten,5th Grade
120036000361,Eastside Elementary School,Columbia,Lake City,655,382,Yes under Community Eligibility Option (CEO),false,Prekindergarten,5th Grade
120003000028,Eastside High School,Alachua,Gainesville,1291,678,Yes under Community Eligibility Option (CEO),true,7th Grade,12th Grade
120015000109,Eau Gallie High School,Brevard,Melbourne,1398,580,Yes under Community Eligibility Option (CEO),true,9th Grade,12th Grade
120144001461,Eccleston Elementary,Orange,Orlando,354,286,Yes under Community Eligibility Option (CEO),false,Kindergarten,5th Grade
120144008508,Econ River High Charter,Orange,Orlando,327,,No,false,7th Grade,12th Grade
120150003470,Ed Venture Charter School,Palm Beach,Lantana,75,,No,true,9th Grade,12th Grade
120033007371,Eden Park Elementary School,Collier,Immokalee,646,499,Yes under Community Eligibility Option (CEO),false,Prekindergarten,5th Grade
120159001780,Edgar L. Padgett Elementary,Polk,Lakeland,531,379,Yes under Community Eligibility Option (CEO),false,Prekindergarten,5th Grade
120144001364,Edgewater High,Orange,Orlando,2000,966,Yes under Community Eligibility Option (CEO),true,9th Grade,12th Grade
120192001988,Edgewater Public School,Volusia,Edgewater,439,248,Yes under Community Eligibility Option (CEO),false,Prekindergarten,5th Grade
120108001129,Edgewood Academy,Lee,Fort Myers,598,411,Yes under Community Eligibility Option (CEO),false,Prekindergarten,5th Grade
120015000119,Edgewood Jr/Sr High School,Brevard,Merritt Island,942,118,Yes participating without using any Provision or the CEO,false,7th Grade,12th Grade
120087000947,Edison Elementary School,Hillsborough,Tampa,303,258,Yes under Community Eligibility Option (CEO),false,Prekindergarten,5th Grade
120108001130,Edison Park Creative and Expressive Arts School,Lee,Fort Myers,440,193,Yes under Community Eligibility Option (CEO),false,Prekindergarten,5th Grade
120039000411,Edison Park K-8 Center,Miami-Dade,Miami,441,315,Yes under Community Eligibility Option (CEO),true,Prekindergarten,8th Grade
120192002010,Edith I. Starke Elementary School,Volusia,Deland,270,215,Yes under Community Eligibility Option (CEO),false,Prekindergarten,5th Grade
120015003680,Educational Horizons Charter,Brevard,West Melbourne,137,45,Yes participating without using any Provision or the CEO,false,Kindergarten,6th Grade
120150008020,Educational Services Program-West,Palm Beach,Belle Glade,5,,No,false,5th Grade,12th Grade
120078003852,Edward A. Upthegrove Elementary,Hendry,Labelle,552,360,Yes under Community Eligibility Option (CEO),false,Prekindergarten,5th Grade
120048000767,Edward H. White High School,Duval,Jacksonville,1663,892,Yes under Community Eligibility Option (CEO),true,9th Grade,12th Grade
120159008690,Edward W Bok Academy North,Polk,Lake Wales,726,519,Yes under Community Eligibility Option (CEO),true,6th Grade,8th Grade
120138001330,Eglin Elementary School,Okaloosa,Eglin Afb,436,139,Yes participating without using any Provision or the CEO,false,Prekindergarten,4th Grade
120150002933,Egret Lake Elementary School,Palm Beach,West Palm Beach,547,351,Yes under Community Eligibility Option (CEO),false,Prekindergarten,5th Grade
120087000948,Egypt Lake Elementary School,Hillsborough,Tampa,488,344,Yes under Community Eligibility Option (CEO),false,Prekindergarten,5th Grade
120126001260,Eighth Street Elementary School,Marion,Ocala,381,114,Yes under Community Eligibility Option (CEO),false,Prekindergarten,5th Grade
120156001618,Eisenhower Elementary School,Pinellas,Clearwater,678,493,Yes under Community Eligibility Option (CEO),false,Prekindergarten,5th Grade
120087010669,Eisenhower Exceptional Center,Hillsborough,Gibsonton,59,34,Yes under Community Eligibility Option (CEO),false,Kindergarten,12th Grade
120087000946,Eisenhower Middle School,Hillsborough,Gibsonton,1174,640,Yes under Community Eligibility Option (CEO),true,6th Grade,8th Grade
120159001730,Elbert Elementary School,Polk,Winter Haven,549,400,Yes under Community Eligibility Option (CEO),false,Prekindergarten,5th Grade
120150005687,Elbridge Gale Elementary School,Palm Beach,Wellington,842,302,Yes under Community Eligibility Option (CEO),false,Prekindergarten,5th Grade
120126003436,Elc PK Ese Services,Marion,Ocala,12,,No,false,Prekindergarten,Prekindergarten
120123004376,Electa Lee Magnet Middle School,Manatee,Bradenton,679,467,Yes under Community Eligibility Option (CEO),true,6th Grade,8th Grade
120171009042,Elevation High School,Seminole,Sanford,246,164,No,false,9th Grade,12th Grade
120156008799,Elisa Nelson Elementary,Pinellas,Palm Harbor,421,52,Yes participating without using any Provision or the CEO,false,1st Grade,5th Grade
120111001164,Elizabeth Cobb Middle School,Leon,Tallahassee,675,271,Yes under Community Eligibility Option (CEO),true,6th Grade,8th Grade
120138001343,Elliott Point Elementary School,Okaloosa,Fort Walton Beach,583,435,Yes participating without using any Provision or the CEO,false,Prekindergarten,5th Grade
120018000154,Embassy Creek Elementary School,Broward,Cooper City,1156,154,Yes participating without using any Provision or the CEO,false,Prekindergarten,5th Grade
120138005628,Emerald Coast Career Institute N,Okaloosa,Crestview,27,21,Yes participating without using any Provision or the CEO,true,4th Grade,12th Grade
120198004175,Emerald Coast Middle School,Walton,Santa Rosa Beach,872,227,Yes participating without using any Provision or the CEO,false,6th Grade,8th Grade
120150007400,Emerald Cove Middle School,Palm Beach,Wellington,1221,357,Yes under Community Eligibility Option (CEO),true,6th Grade,8th Grade
120126002681,Emerald Shores Elementary School,Marion,Ocala,696,499,Yes under Community Eligibility Option (CEO),false,Prekindergarten,5th Grade
120039000412,Emerson Elementary School,Miami-Dade,Miami,289,136,Yes under Community Eligibility Option (CEO),false,Prekindergarten,5th Grade
120168002904,Emma E. Booker Elementary School,Sarasota,Sarasota,451,389,Yes participating without using any Provision or the CEO,false,Prekindergarten,5th Grade
120015008175,Emma Jewel Charter Academy,Brevard,Cocoa,339,261,Yes under Community Eligibility Option (CEO),true,Kindergarten,8th Grade
120135001310,Emma Love Hardee Elementary,Nassau,Fernandina Beach,639,265,Yes participating without using any Provision or the CEO,false,3rd Grade,5th Grade
120081003068,Endeavor Academy,Hernando,Brooksville,126,95,Yes under Community Eligibility Option (CEO),true,4th Grade,12th Grade
120144004396,Endeavor Elementary,Orange,Orlando,593,207,Yes under Community Eligibility Option (CEO),false,Prekindergarten,5th Grade
120171001883,Endeavor School,Seminole,Lake Mary,34,23,Yes participating without using any Provision or the CEO,true,Kindergarten,12th Grade
120015000094,Endeavour Elementary School,Brevard,Cocoa,732,481,Yes under Community Eligibility Option (CEO),false,Prekindergarten,6th Grade
120018003813,Endeavour Primary Learning Center,Broward,Lauderhill,317,220,Yes under Community Eligibility Option (CEO),false,Prekindergarten,3rd Grade
120039003162,Eneida M. Hartner Elementary School,Miami-Dade,Miami,324,199,Yes under Community Eligibility Option (CEO),false,Prekindergarten,5th Grade
120144001405,Engelwood Elementary,Orange,Orlando,557,357,Yes under Community Eligibility Option (CEO),false,Prekindergarten,5th Grade
120168001842,Englewood Elementary School,Sarasota,Englewood,564,259,Yes participating without using any Provision or the CEO,false,Prekindergarten,5th Grade
120048000682,Englewood Elementary School,Duval,Jacksonville,418,222,Yes under Community Eligibility Option (CEO),false,Kindergarten,5th Grade
120048000685,Englewood High School,Duval,Jacksonville,1896,940,Yes under Community Eligibility Option (CEO),true,9th Grade,12th Grade
120171001863,English Estates Elementary School,Seminole,Fern Park,637,452,Yes participating without using any Provision or the CEO,false,Prekindergarten,5th Grade
120051000793,Ensley Elementary School,Escambia,Pensacola,476,309,Yes under Community Eligibility Option (CEO),false,Prekindergarten,5th Grade
120156007482,Enterprise Charter High School,Pinellas,Clearwater,387,223,Yes under Community Eligibility Option (CEO),true,9th Grade,12th Grade
120015002036,Enterprise Elementary School,Brevard,Cocoa,597,254,Yes under Community Eligibility Option (CEO),false,Prekindergarten,6th Grade
120192001973,Enterprise Elementary School,Volusia,Enterprise,544,321,Yes under Community Eligibility Option (CEO),false,Prekindergarten,5th Grade
120048003362,Enterprise Learning Academy,Duval,Jacksonville,787,370,Yes under Community Eligibility Option (CEO),false,Prekindergarten,5th Grade
120150004129,Equestrian Trails Elementary,Palm Beach,Wellington,834,127,Yes under Community Eligibility Option (CEO),false,Prekindergarten,5th Grade
120039002807,Ernest R. Graham K-8 Academy,Miami-Dade,Hialeah,947,546,Yes under Community Eligibility Option (CEO),true,Prekindergarten,8th Grade
120051000813,Ernest Ward Middle School,Escambia,Walnut Hill,434,190,Yes under Community Eligibility Option (CEO),false,6th Grade,8th Grade
120051009008,Escambia County Acceleration Academy,Escambia,Pensacola,205,105,Yes under Community Eligibility Option (CEO),false,8th Grade,12th Grade
120051000794,Escambia High School,Escambia,Pensacola,1634,953,Yes under Community Eligibility Option (CEO),true,9th Grade,12th Grade
120051002304,Escambia Juvenile Detention,Escambia,Pensacola,67,13,Yes participating without using any Provision or the CEO,false,3rd Grade,12th Grade
120051003704,Escambia Sch. Dist. Jail Prog.,Escambia,Pensacola,6,,No,false,6th Grade,12th Grade
120051007672,Escambia Virtual Academy Franchise,Escambia,Pensacola,159,23,No,false,Kindergarten,12th Grade
120051002431,Escambia Westgate Center,Escambia,Pensacola,127,67,Yes under Community Eligibility Option (CEO),true,Prekindergarten,12th Grade
120087003942,Ese Birth Thru Age 5,Hillsborough,Tampa,52,3,No,false,Prekindergarten,Prekindergarten
120156002883,Ese Countywide,Pinellas,Pinellas Park,206,3,No,false,Prekindergarten,12th Grade
120165003666,Ese Development Center,Santa Rosa,Milton,0,,No,true,12th Grade,12th Grade
120129002214,Ese Homebound,Martin,Stuart,5,,No,false,Prekindergarten,12th Grade
120150002878,Ese Other Teaching Services,Palm Beach,West Palm Beach,121,7,No,false,6th Grade,12th Grade
120048007446,Ese Pre Kindergarten Disabilities Center,Duval,Jacksonville,159,30,No,false,Prekindergarten,Prekindergarten
120192007775,Ese Related Services,Volusia,Deland,37,3,No,false,Prekindergarten,Prekindergarten
120144008559,Ese Transition,Orange,Winter Garden,131,25,No,false,12th Grade,12th Grade
120087002507,Essrig Elementary School,Hillsborough,Tampa,608,269,Yes under Community Eligibility Option (CEO),false,Prekindergarten,5th Grade
120033003962,Estates Elementary School,Collier,Naples,1041,687,Yes participating without using any Provision or the CEO,false,Prekindergarten,5th Grade
120144007624,Esteem Academy,Orange,Winter Garden,21,4,Yes under Community Eligibility Option (CEO),false,9th Grade,12th Grade
120108002566,Estero High School,Lee,Estero,1571,403,Yes under Community Eligibility Option (CEO),true,9th Grade,12th Grade
120039003043,Ethel Koger Beckham K-8 Center,Miami-Dade,Miami,821,225,Yes under Community Eligibility Option (CEO),true,Prekindergarten,8th Grade
120039003693,Eugenia B. Thomas K-8 Center,Miami-Dade,Doral,861,208,Yes under Community Eligibility Option (CEO),true,Prekindergarten,8th Grade
120105001090,Eustis Elementary School,Lake,Eustis,422,236,Yes under Community Eligibility Option (CEO),false,Prekindergarten,5th Grade
120105001091,Eustis Heights Elementary School,Lake,Eustis,684,417,Yes under Community Eligibility Option (CEO),false,Prekindergarten,5th Grade
120105001092,Eustis High School,Lake,Eustis,1274,475,Yes under Community Eligibility Option (CEO),true,9th Grade,12th Grade
120105003195,Eustis Middle School,Lake,Eustis,790,379,Yes under Community Eligibility Option (CEO),true,6th Grade,8th Grade
120171004449,Evans Elementary School,Seminole,Oviedo,788,298,Yes participating without using any Provision or the CEO,false,Prekindergarten,5th Grade
120018008164,Everest Charter School,Broward,Tamarac,150,8,Yes under Community Eligibility Option (CEO),true,Kindergarten,8th Grade
120033000336,Everglades City School,Collier,Everglades City,136,87,Yes under Community Eligibility Option (CEO),true,Prekindergarten,12th Grade
120150007925,Everglades Elementary,Palm Beach,West Palm Beach,818,260,Yes under Community Eligibility Option (CEO),false,Kindergarten,5th Grade
120141002571,Everglades Elementary School,Okeechobee,Okeechobee,737,640,Yes under Community Eligibility Option (CEO),false,Kindergarten,5th Grade
120018003302,Everglades Elementary School,Broward,Weston,823,99,Yes participating without using any Provision or the CEO,false,Prekindergarten,5th Grade
120018004052,Everglades High School,Broward,Miramar,1973,688,Yes participating without using any Provision or the CEO,true,9th Grade,12th Grade
120039000414,Everglades K-8 Center,Miami-Dade,Miami,912,520,Yes under Community Eligibility Option (CEO),true,Prekindergarten,8th Grade
120039008161,Everglades Preparatory Academy,Miami-Dade,Homestead,374,181,Yes under Community Eligibility Option (CEO),true,6th Grade,8th Grade
120150003909,Everglades Preparatory Academy,Palm Beach,Pahokee,116,100,Yes under Community Eligibility Option (CEO),true,8th Grade,12th Grade
120039008138,Everglades Preparatory Academy High School,Miami-Dade,Homestead,464,235,Yes under Community Eligibility Option (CEO),true,9th Grade,12th Grade
120087010769,Excelsior Prep Charter Middle School,Hillsborough,Tampa,38,35,Yes participating without using any Provision or the CEO,false,6th Grade,8th Grade
120087008438,Excelsior Prep Charter School,Hillsborough,Tampa,,187,Yes participating without using any Provision or the CEO,true,Kindergarten,5th Grade
120039007416,Excelsior Prep Charter School of Hialeah,Miami-Dade,Hialeah,287,274,Yes participating without using any Provision or the CEO,true,Kindergarten,8th Grade
120039007319,Excelsior Prep Charter School of Miami Gardens,Miami-Dade,Miami Gardens,413,388,Yes participating without using any Provision or the CEO,true,Kindergarten,8th Grade
120093002831,Exceptional Student Education,Indian River,Vero Beach,26,,No,false,Prekindergarten,5th Grade
120081007491,Explorer K-8,Hernando,Spring Hill,1544,1005,Yes under Community Eligibility Option (CEO),true,Prekindergarten,8th Grade
120003003533,Expressions Learning Arts Academy,Alachua,Gainesville,84,32,Yes participating without using any Provision or the CEO,false,Kindergarten,5th Grade
120003000029,F. W. Buchholz High School,Alachua,Gainesville,2416,834,Yes participating without using any Provision or the CEO,false,9th Grade,12th Grade
120015000097,Fairglen Elementary School,Brevard,Cocoa,464,311,Yes under Community Eligibility Option (CEO),false,Prekindergarten,6th Grade
120177001923,Fairlawn Elementary School,St. Lucie,Fort Pierce,653,373,Yes participating without using any Provision or the CEO,false,Prekindergarten,5th Grade
120039000416,Fairlawn Elementary School,Miami-Dade,Miami,493,252,Yes under Community Eligibility Option (CEO),false,Prekindergarten,5th Grade
120156001619,Fairmount Park Elementary School,Pinellas,St Petersburg,425,360,Yes under Community Eligibility Option (CEO),false,Prekindergarten,5th Grade
120111001193,Fairview Middle School,Leon,Tallahassee,735,372,Yes under Community Eligibility Option (CEO),true,6th Grade,8th Grade
120018000246,Fairway Elementary School,Broward,Miramar,452,272,Yes under Community Eligibility Option (CEO),false,Prekindergarten,5th Grade
120018004316,Falcon Cove Middle School,Broward,Weston,2096,178,Yes participating without using any Provision or the CEO,false,6th Grade,8th Grade
120087003716,Falkenburg Road Jail,Hillsborough,Tampa,31,3,No,false,6th Grade,12th Grade
120087003857,Farnell Middle School,Hillsborough,Tampa,1184,248,Yes participating without using any Provision or the CEO,false,6th Grade,8th Grade
120129002915,Felix a Williams Elementary School,Martin,Stuart,500,201,Yes participating without using any Provision or the CEO,false,Prekindergarten,5th Grade
120039004340,Felix Varela Senior High School,Miami-Dade,Miami,1935,784,Yes under Community Eligibility Option (CEO),true,9th Grade,12th Grade
120093001058,Fellsmere Elementary School,Indian River,Fellsmere,605,602,Yes under Provision 2,false,Prekindergarten,5th Grade
120135002851,Fernandina Beach High School,Nassau,Fernandina Beach,978,241,Yes participating without using any Provision or the CEO,false,9th Grade,12th Grade
120135001307,Fernandina Beach Middle School,Nassau,Fernandina Beach,721,254,Yes participating without using any Provision or the CEO,true,6th Grade,8th Grade
120087007782,Ferrell Middle Magnet School,Hillsborough,Tampa,437,243,Yes under Community Eligibility Option (CEO),true,6th Grade,8th Grade
120051000795,Ferry Pass Elementary School,Escambia,Pensacola,579,415,Yes under Community Eligibility Option (CEO),false,Prekindergarten,5th Grade
120051000796,Ferry Pass Middle School,Escambia,Pensacola,897,521,Yes under Community Eligibility Option (CEO),true,6th Grade,8th Grade
120126001261,Fessenden Elementary School,Marion,Ocala,430,324,Yes under Community Eligibility Option (CEO),false,Prekindergarten,5th Grade
120048002745,First Coast High School,Duval,Jacksonville,2098,883,Yes under Community Eligibility Option (CEO),true,9th Grade,12th Grade
120174001919,First Coast Technical College,St. Johns,St Augustine,53,37,Yes under Community Eligibility Option (CEO),false,9th Grade,12th Grade
120087004170,Fishhawk Creek Elementary School,Hillsborough,Lithia,921,112,Yes participating without using any Provision or the CEO,false,Prekindergarten,5th Grade
120048000640,Fishweir Elementary School,Duval,Jacksonville,442,130,Yes under Community Eligibility Option (CEO),false,Prekindergarten,5th Grade
120156001620,Fitzgerald Middle School,Pinellas,Largo,910,498,Yes under Community Eligibility Option (CEO),true,6th Grade,8th Grade
120153007713,Fivay High School,Pasco,Hudson,1554,929,Yes under Community Eligibility Option (CEO),true,8th Grade,12th Grade
120036000362,Five Points Elementary School,Columbia,Lake City,349,264,Yes under Community Eligibility Option (CEO),false,Prekindergarten,5th Grade
120039000417,Flagami Elementary School,Miami-Dade,Miami,381,184,Yes under Community Eligibility Option (CEO),false,Prekindergarten,5th Grade
120054000842,Flagler-Palm Coast High School,Flagler,Palm Coast,2533,824,Yes under Community Eligibility Option (CEO),true,9th Grade,12th Grade
120018000275,Flamingo Elementary School,Broward,Davie,642,254,Yes under Community Eligibility Option (CEO),false,Prekindergarten,5th Grade
120039000419,Flamingo Elementary School,Miami-Dade,Hialeah,484,323,Yes under Community Eligibility Option (CEO),false,Prekindergarten,5th Grade
120030003037,Fleming Island Elementary School,Clay,Orange Park,629,183,Yes participating without using any Provision or the CEO,false,Prekindergarten,6th Grade
120030004062,Fleming Island High School,Clay,Orange Park,1765,541,Yes participating without using any Provision or the CEO,false,9th Grade,12th Grade
120147005055,Flora Ridge Elementary School,Osceola,Kissimmee,765,356,Yes under Community Eligibility Option (CEO),false,Prekindergarten,5th Grade
120159001756,Floral Avenue Elementary School,Polk,Bartow,585,415,Yes under Community Eligibility Option (CEO),false,Prekindergarten,5th Grade
120027000309,Floral City Elementary School,Citrus,Floral City,387,221,Yes under Community Eligibility Option (CEO),false,Prekindergarten,5th Grade
120018000207,Floranada Elementary School,Broward,Fort Lauderdale,719,213,Yes under Community Eligibility Option (CEO),false,Prekindergarten,5th Grade
120177002264,Floresta Elementary School,St. Lucie,Port St Lucie,659,356,Yes under Community Eligibility Option (CEO),false,Prekindergarten,5th Grade
120201402974,Florida A&m University Developmental Research School,Famu Lab Sch,Tallahassee,519,519,Yes under Community Eligibility Option (CEO),true,Kindergarten,12th Grade
120087006958,Florida Autism Charter School of Excellence,Hillsborough,Tampa,152,75,Yes under Community Eligibility Option (CEO),true,Prekindergarten,12th Grade
120039000421,Florida City Elementary School,Miami-Dade,Florida City,535,402,Yes under Community Eligibility Option (CEO),false,Prekindergarten,5th Grade
120087008666,Florida Connections Academy,Hillsborough,Temple Terrace,5748,1440,No,true,Kindergarten,12th Grade
120048008228,Florida Cyber Charter Academy,Duval,Jacksonville,1677,562,No,true,Kindergarten,12th Grade
120030008391,Florida Cyber Charter Academy at Clay,Clay,Jacksonville,310,19,No,false,Kindergarten,12th Grade
120147008079,Florida Cyber Charter Academy at Osceola,Osceola,Jacksonville,1224,320,No,false,Kindergarten,12th Grade
120150008496,Florida Futures Academy,Palm Beach,West Palm Beach,129,3,No,true,9th Grade,12th Grade
120202110844,Florida Scholars Academy,DJJ District,Tallahassee,1024,316,No,false,Kindergarten,12th Grade
120108007882,Florida Southwestern Collegiate High School,Lee,Ft Myers,411,50,No,false,9th Grade,12th Grade
120024007659,Florida Southwestern Collegiate High School,Charlotte,Punta Gorda,356,29,No,false,9th Grade,12th Grade
120201303021,Florida State University School,Fsu Lab Sch,Tallahassee,1851,425,Yes participating without using any Provision or the CEO,false,Kindergarten,12th Grade
120000207976,Florida Virtual Elementary School,Fl Virtual,Orlando,2145,855,No,false,Kindergarten,5th Grade
120000207982,Florida Virtual High School,Fl Virtual,Orlando,4331,1104,No,false,9th Grade,12th Grade
120000208677,Florida Virtual Middle School,Fl Virtual,Orlando,2559,821,No,true,6th Grade,8th Grade
120030003690,Florida Youth Challenge Academy,Clay,Camp Blanding Starke,17,3,Yes participating without using any Provision or the CEO,false,9th Grade,12th Grade
120123002082,Florine J Abel Elementary School,Manatee,Sarasota,485,357,Yes under Community Eligibility Option (CEO),false,Prekindergarten,5th Grade
120138001350,Florosa Elementary School,Okaloosa,Mary Esther,539,304,Yes participating without using any Provision or the CEO,false,Prekindergarten,5th Grade
120087008244,Focus Academy,Hillsborough,Temple Terrace,110,58,Yes participating without using any Provision or the CEO,false,6th Grade,12th Grade
120087000618,Folsom Elementary School,Hillsborough,Thonotosassa,484,344,Yes under Community Eligibility Option (CEO),false,Prekindergarten,5th Grade
120126010681,Fordham Early Learning Academy,Marion,Ocala,215,87,Yes under Community Eligibility Option (CEO),false,Prekindergarten,2nd Grade
120171001890,Forest City Elementary School,Seminole,Altamonte Springs,765,580,Yes participating without using any Provision or the CEO,false,Prekindergarten,5th Grade
120018002544,Forest Glen Middle School,Broward,Coral Springs,1037,387,Yes under Community Eligibility Option (CEO),true,6th Grade,8th Grade
120177002902,Forest Grove Middle School,St. Lucie,Fort Pierce,855,530,Yes under Community Eligibility Option (CEO),true,6th Grade,8th Grade
120126001271,Forest High School,Marion,Ocala,2387,890,Yes under Community Eligibility Option (CEO),true,9th Grade,12th Grade
120150001507,Forest Hill Community High School,Palm Beach,West Palm Beach,1923,1091,Yes under Community Eligibility Option (CEO),true,9th Grade,12th Grade
120150001511,Forest Hill Elementary School,Palm Beach,West Palm Beach,953,616,Yes under Community Eligibility Option (CEO),false,Prekindergarten,5th Grade
120018000281,Forest Hills Elementary School,Broward,Coral Springs,624,257,Yes under Community Eligibility Option (CEO),false,Prekindergarten,5th Grade
120087000910,Forest Hills Elementary School,Hillsborough,Tampa,731,545,Yes under Community Eligibility Option (CEO),false,Prekindergarten,5th Grade
120192003129,Forest Lake Elementary School,Volusia,Deltona,571,333,Yes under Community Eligibility Option (CEO),false,Prekindergarten,5th Grade
120156002938,Forest Lakes Elementary School,Pinellas,Oldsmar,480,145,Yes under Community Eligibility Option (CEO),false,Prekindergarten,5th Grade
120150001526,Forest Park Elementary School,Palm Beach,Boynton Beach,613,451,Yes under Community Eligibility Option (CEO),false,Prekindergarten,5th Grade
120027004325,Forest Ridge Elementary School,Citrus,Hernando,665,339,Yes under Community Eligibility Option (CEO),false,Prekindergarten,5th Grade
120144007611,Forsyth Woods Elementary,Orange,Orlando,507,366,Yes under Community Eligibility Option (CEO),false,Prekindergarten,5th Grade
120111001825,Fort Braden School,Leon,Tallahassee,668,438,Yes under Community Eligibility Option (CEO),true,Prekindergarten,8th Grade
120048000757,Fort Caroline Elementary School,Duval,Jacksonville,465,333,Yes under Community Eligibility Option (CEO),false,Prekindergarten,5th Grade
120048000760,Fort Caroline Middle School,Duval,Jacksonville,401,203,Yes under Community Eligibility Option (CEO),true,6th Grade,8th Grade
120003000032,Fort Clarke Middle School,Alachua,Gainesville,840,431,Yes participating without using any Provision or the CEO,true,6th Grade,8th Grade
120126001262,Fort King Middle School,Marion,Ocala,918,581,Yes under Community Eligibility Option (CEO),true,6th Grade,8th Grade
120018000217,Fort Lauderdale High School,Broward,Fort Lauderdale,2260,812,Yes under Community Eligibility Option (CEO),true,9th Grade,12th Grade
120126002618,Fort McCoy School,Marion,Fort Mc Coy,931,637,Yes under Community Eligibility Option (CEO),true,Prekindergarten,8th Grade
120159001743,Fort Meade Middle/Senior High School,Polk,Fort Meade,731,560,Yes under Community Eligibility Option (CEO),true,6th Grade,12th Grade
120108001131,Fort Myers Beach Elementary School,Lee,Fort Myers Beach,62,33,Yes under Community Eligibility Option (CEO),false,Prekindergarten,5th Grade
120108001133,Fort Myers High School,Lee,Fort Myers,1835,561,Yes under Community Eligibility Option (CEO),false,9th Grade,12th Grade
120108001132,Fort Myers Middle School,Lee,Fort Myers,687,432,Yes under Community Eligibility Option (CEO),false,6th Grade,8th Grade
120177001933,Fort Pierce Central High School,St. Lucie,Fort Pierce,3178,1690,Yes participating without using any Provision or the CEO,false,9th Grade,12th Grade
120177002104,Fort Pierce Westwood Academy the W.e.s.t. Prep Magnet,St. Lucie,Fort Pierce,1956,1143,Yes under Community Eligibility Option (CEO),true,9th Grade,12th Grade
120138001351,Fort Walton Beach High School,Okaloosa,Fort Walton Beach,1550,717,Yes participating without using any Provision or the CEO,false,9th Grade,12th Grade
120036000363,Fort White Elementary School,Columbia,Fort White,644,406,Yes under Community Eligibility Option (CEO),false,Prekindergarten,5th Grade
120036004331,Fort White High School,Columbia,Fort White,1101,510,Yes under Community Eligibility Option (CEO),true,6th Grade,12th Grade
120087000949,Foster Elementary School,Hillsborough,Tampa,428,349,Yes under Community Eligibility Option (CEO),false,Prekindergarten,5th Grade
120147004401,Four Corners Charter School,Osceola,Davenport,1103,468,Yes under Community Eligibility Option (CEO),false,Kindergarten,5th Grade
120147008141,Four Corners Upper School,Osceola,Davenport,1401,492,Yes under Community Eligibility Option (CEO),true,6th Grade,12th Grade
120081002067,Fox Chapel Middle School,Hernando,Spring Hill,815,531,Yes under Community Eligibility Option (CEO),true,6th Grade,8th Grade
120153002880,Fox Hollow Elementary School,Pasco,Port Richey,636,495,Yes under Community Eligibility Option (CEO),false,Prekindergarten,5th Grade
120018003304,Fox Trail Elementary School,Broward,Davie,1099,475,Yes participating without using any Provision or the CEO,false,Prekindergarten,5th Grade
120177001928,Frances K. Sweet Elementary School,St. Lucie,Fort Pierce,439,301,Yes under Community Eligibility Option (CEO),false,Prekindergarten,5th Grade
120039000528,Francis S.tucker K-8 Center,Miami-Dade,Miami,344,204,Yes under Community Eligibility Option (CEO),false,Prekindergarten,8th Grade
120039000457,Frank Crawford Martin K-8 Center,Miami-Dade,Miami,611,309,Yes under Community Eligibility Option (CEO),true,Prekindergarten,8th Grade
120159001728,Frank E. Brigham Academy,Polk,Winter Haven,547,284,Yes under Community Eligibility Option (CEO),false,Prekindergarten,5th Grade
120048000772,Frank H. Peterson Academies,Duval,Jacksonville,1167,526,Yes under Community Eligibility Option (CEO),true,9th Grade,12th Grade
120111001165,Frank Hartsfield Elementary School,Leon,Tallahassee,353,239,Yes under Community Eligibility Option (CEO),false,Prekindergarten,5th Grade
120081000896,Frank W. Springstead High School,Hernando,Spring Hill,1853,862,Yes under Community Eligibility Option (CEO),true,9th Grade,12th Grade
120150008241,Franklin Academy - Boynton Beach,Palm Beach,Boynton Beach,1247,649,Yes under Community Eligibility Option (CEO),true,Kindergarten,8th Grade
120018008128,Franklin Academy Cooper City,Broward,Cooper City,1336,31,Yes under Community Eligibility Option (CEO),true,Kindergarten,8th Grade
120018008116,Franklin Academy F,Broward,Pembroke Pines,922,30,Yes under Community Eligibility Option (CEO),true,Kindergarten,8th Grade
120018007807,Franklin Academy Pembroke Pines,Broward,Pembroke Pines,1367,512,Yes under Community Eligibility Option (CEO),false,Kindergarten,8th Grade
120018008456,Franklin Academy Pembroke Pines High School,Broward,Pembroke Pines,1262,36,Yes under Community Eligibility Option (CEO),true,6th Grade,12th Grade
120018007900,Franklin Academy Sunrise,Broward,Sunrise,1370,79,Yes under Community Eligibility Option (CEO),true,Kindergarten,8th Grade
120150008413,Franklin Academy- Palm Beach Gardens,Palm Beach,Palm Beach Gardens,963,372,Yes under Community Eligibility Option (CEO),false,Kindergarten,8th Grade
120057000846,Franklin County Learning Center,Franklin,Eastpoint,10,9,Yes under Community Eligibility Option (CEO),true,6th Grade,12th Grade
120057000845,Franklin County School,Franklin,Eastpoint,851,476,Yes under Community Eligibility Option (CEO),true,Prekindergarten,12th Grade
120087007794,Franklin Middle Magnet School,Hillsborough,Tampa,327,174,Yes under Community Eligibility Option (CEO),true,6th Grade,8th Grade
120108001135,Franklin Park Elementary School,Lee,Fort Myers,505,372,Yes under Community Eligibility Option (CEO),false,Prekindergarten,5th Grade
120057008815,Franklin Virtual Franchise-Paec Flvs,Franklin,Eastpoint,15,9,No,false,Kindergarten,12th Grade
120057007934,Franklin Virtual Instruction Program,Franklin,Eastpoint,2,,No,true,Kindergarten,12th Grade
120159001731,Fred G. Garner Academy,Polk,Winter Haven,817,636,Yes under Community Eligibility Option (CEO),false,Prekindergarten,5th Grade
120084000900,Fred Wild Elementary School,Highlands,Sebring,576,462,Yes under Community Eligibility Option (CEO),false,Prekindergarten,5th Grade
120039000405,Frederick R. Douglass Elementary,Miami-Dade,Miami,187,132,Yes under Community Eligibility Option (CEO),false,Prekindergarten,5th Grade
120015004311,Freedom 7 Elementary School of International Studies,Brevard,Cocoa Beach,408,43,Yes participating without using any Provision or the CEO,false,Kindergarten,6th Grade
120174008529,Freedom Crossing Academy,St. Johns,St Johns,1964,302,Yes participating without using any Provision or the CEO,false,Kindergarten,8th Grade
120123004111,Freedom Elementary School,Manatee,Bradenton,736,323,Yes participating without using any Provision or the CEO,false,Prekindergarten,5th Grade
120192004455,Freedom Elementary School,Volusia,Deland,786,392,Yes under Community Eligibility Option (CEO),false,Prekindergarten,5th Grade
120144004117,Freedom High,Orange,Orlando,2504,661,Yes under Community Eligibility Option (CEO),true,9th Grade,12th Grade
120087003858,Freedom High School,Hillsborough,Tampa,1869,892,Yes under Community Eligibility Option (CEO),true,9th Grade,12th Grade
120144005637,Freedom Middle,Orange,Orlando,1150,409,Yes under Community Eligibility Option (CEO),true,6th Grade,8th Grade
120150003898,Freedom Shores Elementary School,Palm Beach,Boynton Beach,694,423,Yes under Community Eligibility Option (CEO),false,Prekindergarten,5th Grade
120198002541,Freeport Elementary School,Walton,Freeport,1120,588,Yes participating without using any Provision or the CEO,false,Kindergarten,4th Grade
120198010896,Freeport Learning Center,Walton,Freeport,114,45,Yes participating without using any Provision or the CEO,false,Prekindergarten,Prekindergarten
120198003524,Freeport Middle School,Walton,Freeport,790,362,Yes participating without using any Provision or the CEO,true,5th Grade,8th Grade
120198002022,Freeport Senior High School,Walton,Freeport,677,266,Yes participating without using any Provision or the CEO,true,9th Grade,12th Grade
120159007992,Fresh Start Community School,Polk,Lakeland,105,71,Yes under Community Eligibility Option (CEO),false,10th Grade,12th Grade
120192002004,Friendship Elementary School,Volusia,Deltona,429,316,Yes under Community Eligibility Option (CEO),false,Prekindergarten,5th Grade
120156002939,Frontier Elementary School,Pinellas,Clearwater,542,331,Yes under Community Eligibility Option (CEO),false,Prekindergarten,5th Grade
120150003757,Frontier Elementary School,Palm Beach,Loxahatchee,688,237,Yes under Community Eligibility Option (CEO),false,Prekindergarten,5th Grade
120087004163,Frost Elementary School,Hillsborough,Riverview,633,401,Yes under Community Eligibility Option (CEO),false,Prekindergarten,5th Grade
120159001982,Frostproof Ben Hill Griffin Jr Elementary School,Polk,Frostproof,853,707,Yes under Community Eligibility Option (CEO),false,Prekindergarten,5th Grade
120159001796,Frostproof Middle/Senior High,Polk,Frostproof,998,695,Yes under Community Eligibility Option (CEO),true,6th Grade,12th Grade
120174003794,Fruit Cove Middle School,St. Johns,Saint Johns,1157,147,No,false,6th Grade,8th Grade
120105001093,Fruitland Park Elementary School,Lake,Fruitland Park,688,405,Yes under Community Eligibility Option (CEO),false,Prekindergarten,5th Grade
120168001843,Fruitville Elementary School,Sarasota,Sarasota,704,387,Yes participating without using any Provision or the CEO,false,Prekindergarten,5th Grade
120156001621,Fuguitt Elementary School,Pinellas,Largo,464,305,Yes under Community Eligibility Option (CEO),false,Prekindergarten,5th Grade
120039000424,Fulford Elementary School,Miami-Dade,North Miami Beach,498,301,Yes under Community Eligibility Option (CEO),false,Prekindergarten,5th Grade
120123001228,G D Rogers Garden- Bullock Elementary,Manatee,Bradenton,472,354,Yes under Community Eligibility Option (CEO),false,Prekindergarten,5th Grade
120150004131,G-Star School of the Arts,Palm Beach,West Palm Beach,710,281,Yes under Community Eligibility Option (CEO),true,6th Grade,12th Grade
120039002735,G. Holmes Braddock Senior High,Miami-Dade,Miami,2291,1053,Yes under Community Eligibility Option (CEO),true,9th Grade,12th Grade
120108007539,G. Weaver Hipps Elementary School,Lee,Lehigh Acres,960,689,Yes under Community Eligibility Option (CEO),false,Prekindergarten,5th Grade
120060003584,Gadsden Central Academy,Gadsden,Quincy,10,10,Yes under Community Eligibility Option (CEO),true,Kindergarten,12th Grade
120060000849,Gadsden County High School,Gadsden,Havana,1086,982,Yes under Community Eligibility Option (CEO),true,9th Grade,12th Grade
120060000853,Gadsden Elementary Magnet School,Gadsden,Quincy,121,95,Yes under Community Eligibility Option (CEO),true,Prekindergarten,8th Grade
120060002166,Gadsden Technical College,Gadsden,Quincy,10,3,No,false,9th Grade,12th Grade
120060007756,Gadsden Virtual Instruction Program,Gadsden,Quincy,18,15,No,false,Kindergarten,12th Grade
120174003017,Gaines Alternative at Hamblen,St. Johns,St Augustine,65,39,Yes participating without using any Provision or the CEO,true,5th Grade,12th Grade
120003000013,Gainesville High School,Alachua,Gainesville,1825,822,Yes participating without using any Provision or the CEO,true,8th Grade,12th Grade
120087002437,Gaither High School,Hillsborough,Tampa,2040,726,Yes under Community Eligibility Option (CEO),true,9th Grade,12th Grade
120150001525,Galaxy Elementary School,Palm Beach,Boynton Beach,595,448,Yes under Community Eligibility Option (CEO),false,Prekindergarten,5th Grade
120192002797,Galaxy Middle School,Volusia,Deltona,939,539,Yes under Community Eligibility Option (CEO),true,6th Grade,8th Grade
120171007937,Galileo School for Gifted Learning,Seminole,Sanford,590,166,Yes participating without using any Provision or the CEO,false,Kindergarten,8th Grade
120171008899,Galileo School for Gifted Learning Skyway,Seminole,Sanford,804,223,Yes participating without using any Provision or the CEO,false,Prekindergarten,8th Grade
120174002956,Gamble Rogers Middle School,St. Johns,St Augustine,896,501,Yes under Community Eligibility Option (CEO),true,6th Grade,8th Grade
120048000657,Garden City Elementary School,Duval,Jacksonville,390,246,Yes under Community Eligibility Option (CEO),false,Prekindergarten,5th Grade
120168001860,Garden Elementary School,Sarasota,Venice,529,273,Yes participating without using any Provision or the CEO,false,Kindergarten,5th Grade
120159001789,Garden Grove Elementary School,Polk,Winter Haven,652,485,Yes under Community Eligibility Option (CEO),false,Prekindergarten,5th Grade
120015004059,Gardendale Separate Day School,Brevard,Merritt Island,62,48,Yes under Community Eligibility Option (CEO),true,Kindergarten,12th Grade
120150008014,Gardens School of Technology Arts Inc,Palm Beach,Palm Beach Gardens,303,50,Yes under Community Eligibility Option (CEO),true,Kindergarten,8th Grade
120156002789,Garrison-Jones Elementary School,Pinellas,Dunedin,545,214,Yes under Community Eligibility Option (CEO),false,Prekindergarten,5th Grade
120108004109,Gateway Charter School,Lee,Fort Myers,3192,1696,Yes participating without using any Provision or the CEO,false,Prekindergarten,12th Grade
120048003167,Gateway Community Services,Duval,Jacksonville,9,5,No,false,6th Grade,12th Grade
120108000783,Gateway Elementary School,Lee,Fort Myers,839,351,Yes under Community Eligibility Option (CEO),false,Prekindergarten,5th Grade
120039007602,Gateway Environmental K-8 Learning Center,Miami-Dade,Homestead,1165,782,Yes under Community Eligibility Option (CEO),true,Prekindergarten,8th Grade
120108008840,Gateway High School,Lee,Fort Myers,2343,1027,Yes under Community Eligibility Option (CEO),false,9th Grade,12th Grade
120147002476,Gateway High School,Osceola,Kissimmee,1882,809,Yes under Community Eligibility Option (CEO),true,9th Grade,12th Grade
120018003306,Gator Run Elementary School,Broward,Weston,1156,108,Yes participating without using any Provision or the CEO,false,Prekindergarten,5th Grade
120159001781,Gause Academy of Leadership,Polk,Bartow,97,88,Yes under Community Eligibility Option (CEO),true,6th Grade,12th Grade
120015000139,Gemini Elementary School,Brevard,Melbourne Beach,410,55,Yes participating without using any Provision or the CEO,false,Prekindergarten,6th Grade
120123002757,Gene Witt Elementary School,Manatee,Bradenton,742,207,Yes participating without using any Provision or the CEO,false,Prekindergarten,5th Grade
120171001864,Geneva Elementary School,Seminole,Geneva,486,205,Yes participating without using any Provision or the CEO,false,Prekindergarten,5th Grade
120039007221,George T. Baker Aviation Technical College,Miami-Dade,Miami,1,,Yes under Community Eligibility Option (CEO),false,9th Grade,12th Grade
120039000389,George W. Carver Elementary School,Miami-Dade,Coral Gables,563,93,Yes under Community Eligibility Option (CEO),false,Prekindergarten,5th Grade
120159001985,George W. Jenkins Senior High,Polk,Lakeland,2469,1161,Yes under Community Eligibility Option (CEO),false,9th Grade,12th Grade
120192001987,George W. Marks Elementary School,Volusia,Deland,780,446,Yes under Community Eligibility Option (CEO),false,Kindergarten,5th Grade
120060000848,George W. Munroe Elementary School,Gadsden,Quincy,575,478,Yes under Community Eligibility Option (CEO),false,Prekindergarten,4th Grade
120048000710,George Washington Carver Elementary,Duval,Jacksonville,297,248,Yes under Community Eligibility Option (CEO),false,Prekindergarten,5th Grade
120039000546,George Washington Carver Middle School,Miami-Dade,Coral Gables,941,122,Yes under Community Eligibility Option (CEO),false,6th Grade,8th Grade
120039000541,Georgia Jones Ayers Middle School,Miami-Dade,Miami,448,245,Yes under Community Eligibility Option (CEO),true,6th Grade,8th Grade
120132001305,Gerald Adams Elementary School,Monroe,Key West,674,503,Yes participating without using any Provision or the CEO,false,Prekindergarten,5th Grade
120039000508,Gertrude K. Edelman/Sabal Palm,Miami-Dade,North Miami Beach,476,302,Yes under Community Eligibility Option (CEO),false,Prekindergarten,5th Grade
120156001624,Gibbs High School,Pinellas,St Petersburg,1125,670,Yes under Community Eligibility Option (CEO),true,9th Grade,12th Grade
120087000953,Gibsonton Elementary School,Hillsborough,Gibsonton,499,362,Yes under Community Eligibility Option (CEO),false,Prekindergarten,5th Grade
120093002193,Gifford Middle School,Indian River,Vero Beach,608,393,Yes participating without using any Provision or the CEO,true,6th Grade,8th Grade
120123004110,Gilbert W McNeal Elementary School,Manatee,Lakewood Ranch,672,162,Yes participating without using any Provision or the CEO,false,Prekindergarten,5th Grade
120111001186,Gilchrist Elementary School,Leon,Tallahassee,857,168,Yes under Community Eligibility Option (CEO),false,Prekindergarten,5th Grade
120063007927,Gilchrist Virtual Franchise,Gilchrist,Trenton,26,4,No,false,6th Grade,12th Grade
120087004162,Giunta Middle School,Hillsborough,Riverview,964,614,Yes under Community Eligibility Option (CEO),true,6th Grade,8th Grade
120150001545,Glade View Elementary School,Palm Beach,Belle Glade,313,268,Yes under Community Eligibility Option (CEO),false,Prekindergarten,5th Grade
120150003769,Glades Academy Inc,Palm Beach,Pahokee,271,100,Yes under Community Eligibility Option (CEO),true,Kindergarten,8th Grade
120150001541,Glades Central High School,Palm Beach,Belle Glade,979,717,Yes under Community Eligibility Option (CEO),true,9th Grade,12th Grade
120039000553,Glades Middle School,Miami-Dade,Miami,533,242,Yes under Community Eligibility Option (CEO),true,6th Grade,8th Grade
120018004038,Glades Middle School,Broward,Miramar,1030,432,Yes participating without using any Provision or the CEO,true,6th Grade,8th Grade
120066007719,Glades Virtual Instruction Program,Glades,Moore Haven,42,12,No,false,Kindergarten,12th Grade
120066008587,Glades Virtual Instruction Program (District Provided),Glades,Moore Haven,17,5,No,false,1st Grade,12th Grade
120066008058,Glades West,Glades,Labelle,1,,No,false,Prekindergarten,Prekindergarten
120003000025,Glen Springs Elementary School,Alachua,Gainesville,429,164,Yes under Community Eligibility Option (CEO),false,Kindergarten,5th Grade
120168002463,Glenallen Elementary School,Sarasota,North Port,749,560,Yes participating without using any Provision or the CEO,false,Prekindergarten,5th Grade
120093002563,Glendale Elementary School,Indian River,Vero Beach,390,258,Yes participating without using any Provision or the CEO,false,Prekindergarten,5th Grade
120144001395,Glenridge Middle,Orange,Orlando,1111,427,Yes under Community Eligibility Option (CEO),true,6th Grade,8th Grade
120048010754,Global Leadership Academy Arts,Duval,Jacksonville,411,207,Yes participating without using any Provision or the CEO,false,Kindergarten,6th Grade
120048007658,Global Leadership Academy Discovery,Duval,Jacksonville,1068,692,Yes under Community Eligibility Option (CEO),false,Kindergarten,8th Grade
120048008773,Global Leadership Academy High School,Duval,Jacksonville,626,306,Yes under Community Eligibility Option (CEO),false,9th Grade,12th Grade
120048010636,Global Leadership Academy Intercoastal,Duval,Jacksonville,433,197,Yes under Community Eligibility Option (CEO),false,Kindergarten,7th Grade
120051007989,Global Learning Academy,Escambia,Pensacola,489,391,Yes under Community Eligibility Option (CEO),false,Prekindergarten,5th Grade
120039000422,Gloria Floyd Elementary School,Miami-Dade,Miami,344,164,Yes under Community Eligibility Option (CEO),false,Prekindergarten,5th Grade
120168001853,Gocio Elementary School,Sarasota,Sarasota,654,531,Yes participating without using any Provision or the CEO,false,Prekindergarten,5th Grade
120033000351,Golden Gate Elementary School,Collier,Naples,528,286,Yes under Community Eligibility Option (CEO),false,Prekindergarten,5th Grade
120033003959,Golden Gate High School,Collier,Naples,1867,770,Yes under Community Eligibility Option (CEO),true,9th Grade,12th Grade
120033002125,Golden Gate Middle School,Collier,Naples,1039,465,Yes under Community Eligibility Option (CEO),true,6th Grade,8th Grade
120039000426,Golden Glades Elementary School,Miami-Dade,Opa Locka,210,166,Yes under Community Eligibility Option (CEO),false,Prekindergarten,5th Grade
120150003224,Golden Grove Elementary School,Palm Beach,West Palm Beach,956,358,Yes under Community Eligibility Option (CEO),false,Prekindergarten,5th Grade
120033002677,Golden Terrace Elementary School,Collier,Naples,484,257,Yes under Community Eligibility Option (CEO),false,Prekindergarten,5th Grade
120171001879,Goldsboro Elementary Magnet,Seminole,Sanford,901,274,Yes participating without using any Provision or the CEO,false,Prekindergarten,5th Grade
120015000095,Golfview Elementary Magnet School,Brevard,Rockledge,448,308,Yes under Community Eligibility Option (CEO),false,Prekindergarten,6th Grade
120087000955,Gorrie Elementary School,Hillsborough,Tampa,498,74,Yes participating without using any Provision or the CEO,false,Kindergarten,5th Grade
120144002927,Gotha Middle,Orange,Windermere,988,364,Yes under Community Eligibility Option (CEO),true,6th Grade,8th Grade
120039007290,Goulds Elementary School,Miami-Dade,Homestead,497,352,Yes under Community Eligibility Option (CEO),false,Prekindergarten,5th Grade
120150001544,Gove Elementary School,Palm Beach,Belle Glade,691,558,Yes under Community Eligibility Option (CEO),false,Prekindergarten,6th Grade
120096001078,Graceville School,Jackson,Graceville,400,257,Yes under Community Eligibility Option (CEO),true,Prekindergarten,12th Grade
120090007853,Graduation Assistance Program,Holmes,Bonifay,45,39,Yes under Community Eligibility Option (CEO),true,6th Grade,12th Grade
120087000956,Grady Elementary School,Hillsborough,Tampa,548,113,Yes participating without using any Provision or the CEO,false,Prekindergarten,5th Grade
120087000957,Graham Elementary School,Hillsborough,Tampa,162,134,Yes under Community Eligibility Option (CEO),false,Prekindergarten,5th Grade
120048000635,Grand Park Career Center,Duval,Jacksonville,215,161,Yes under Community Eligibility Option (CEO),true,6th Grade,12th Grade
120096001072,Grand Ridge School,Jackson,Grand Ridge,359,182,Yes under Community Eligibility Option (CEO),true,5th Grade,8th Grade
120048008447,Grasp Academy,Duval,Jacksonville,284,135,Yes under Community Eligibility Option (CEO),true,Prekindergarten,8th Grade
120105006998,Grassy Lake Elementary School,Lake,Minneola,1293,317,Yes under Community Eligibility Option (CEO),false,Prekindergarten,5th Grade
120150004028,Grassy Waters Elementary School,Palm Beach,West Palm Beach,705,389,Yes under Community Eligibility Option (CEO),false,Prekindergarten,5th Grade
120039000428,Gratigny Elementary School,Miami-Dade,Miami,443,300,Yes under Community Eligibility Option (CEO),false,Prekindergarten,5th Grade
120105001095,Gray Middle School,Lake,Groveland,985,394,Yes under Community Eligibility Option (CEO),true,6th Grade,8th Grade
120087000959,Greco Middle Magnet School,Hillsborough,Temple Terrace,764,547,Yes under Community Eligibility Option (CEO),true,6th Grade,8th Grade
120030000317,Green Cove Springs Junior High School,Clay,Green Cove Springs,793,369,Yes participating without using any Provision or the CEO,false,7th Grade,8th Grade
120039007980,Green Springs High School,Miami-Dade,Miami,556,24,No,true,9th Grade,12th Grade
120150001512,Greenacres Elementary School,Palm Beach,Greenacres,773,545,Yes under Community Eligibility Option (CEO),false,Prekindergarten,5th Grade
120048000747,Greenfield Elementary School,Duval,Jacksonville,570,298,Yes under Community Eligibility Option (CEO),false,Prekindergarten,5th Grade
120039000429,Greenglade Elementary School,Miami-Dade,Miami,293,155,Yes under Community Eligibility Option (CEO),false,Prekindergarten,5th Grade
120048002817,Greenland Pines Elementary School,Duval,Jacksonville,701,186,Yes under Community Eligibility Option (CEO),false,Prekindergarten,5th Grade
120060000854,Greensboro Elementary School,Gadsden,Quincy,264,208,Yes under Community Eligibility Option (CEO),false,Prekindergarten,3rd Grade
120018008312,Greentree Preparatory Charter School,Broward,Southwest Ranches,272,3,No,false,Kindergarten,8th Grade
120120001214,Greenville Elementary School,Madison,Greenville,105,87,Yes under Community Eligibility Option (CEO),false,Prekindergarten,6th Grade
120126003202,Greenway Elementary School,Marion,Ocala,720,493,Yes under Community Eligibility Option (CEO),false,Prekindergarten,5th Grade
120171002534,Greenwood Lakes Middle School,Seminole,Lake Mary,858,507,Yes participating without using any Provision or the CEO,true,6th Grade,8th Grade
120048000764,Gregory Drive Elementary School,Duval,Jacksonville,521,351,Yes under Community Eligibility Option (CEO),false,Kindergarten,5th Grade
120111001189,Gretchen Everhart School,Leon,Tallahassee,91,19,Yes under Community Eligibility Option (CEO),true,Prekindergarten,12th Grade
120039000430,Greynolds Park Elementary School,Miami-Dade,North Miami Beach,532,278,Yes under Community Eligibility Option (CEO),false,Prekindergarten,5th Grade
120018002043,Griffin Elementary School,Broward,Cooper City,556,135,Yes participating without using any Provision or the CEO,false,Prekindergarten,5th Grade
120159001769,Griffin Elementary School,Polk,Lakeland,431,348,Yes under Community Eligibility Option (CEO),false,Prekindergarten,5th Grade
120111001180,Griffin Middle School,Leon,Tallahassee,457,338,Yes under Community Eligibility Option (CEO),true,6th Grade,8th Grade
120030000321,Grove Park Elementary School,Clay,Orange Park,445,343,Yes under Community Eligibility Option (CEO),false,Prekindergarten,6th Grade
120150001552,Grove Park Elementary School,Palm Beach,West Palm Beach,656,491,Yes under Community Eligibility Option (CEO),false,Prekindergarten,5th Grade
120105002074,Groveland Elementary School,Lake,Groveland,683,347,Yes under Community Eligibility Option (CEO),false,Prekindergarten,5th Grade
120156008365,Gulf Beaches Elementary Magnet School,Pinellas,St. Petersburg,313,96,Yes participating without using any Provision or the CEO,false,Kindergarten,5th Grade
120165001819,Gulf Breeze Elementary School,Santa Rosa,Gulf Breeze,865,197,Yes participating without using any Provision or the CEO,false,Prekindergarten,5th Grade
120165001821,Gulf Breeze High School,Santa Rosa,Gulf Breeze,1946,421,Yes participating without using any Provision or the CEO,false,9th Grade,12th Grade
120165001820,Gulf Breeze Middle School,Santa Rosa,Gulf Breeze,916,192,Yes participating without using any Provision or the CEO,false,6th Grade,8th Grade
120081004084,Gulf Coast Academy of Science and Technology,Hernando,Spring Hill,217,57,Yes under Community Eligibility Option (CEO),false,6th Grade,8th Grade
120033008257,Gulf Coast Charter Academy South,Collier,Naples,681,253,Yes under Community Eligibility Option (CEO),true,Kindergarten,8th Grade
120081008892,Gulf Coast Elementary School,Hernando,Spring Hill,106,38,Yes under Community Eligibility Option (CEO),false,Kindergarten,6th Grade
120033003336,Gulf Coast High School,Collier,Naples,1714,597,Yes participating without using any Provision or the CEO,false,9th Grade,12th Grade
120108002332,Gulf Elementary School,Lee,Cape Coral,1193,443,Yes under Community Eligibility Option (CEO),false,Prekindergarten,5th Grade
120168001854,Gulf Gate Elementary School,Sarasota,Sarasota,596,327,Yes participating without using any Provision or the CEO,false,Prekindergarten,5th Grade
120153001578,Gulf High School,Pasco,New Port Richey,1518,831,Yes under Community Eligibility Option (CEO),true,9th Grade,12th Grade
120153006288,Gulf Highlands Elementary School,Pasco,Port Richey,689,532,Yes under Community Eligibility Option (CEO),false,Prekindergarten,5th Grade
120108002333,Gulf Middle School,Lee,Cape Coral,901,324,Yes under Community Eligibility Option (CEO),false,6th Grade,8th Grade
120153001574,Gulf Middle School,Pasco,New Port Richey,796,485,Yes under Community Eligibility Option (CEO),true,6th Grade,8th Grade
120153007406,Gulf Trace Elementary School,Pasco,Holiday,625,431,Yes under Community Eligibility Option (CEO),false,Prekindergarten,5th Grade
120156001626,Gulfport Montessori Elementary School,Pinellas,Gulfport,421,334,Yes under Community Eligibility Option (CEO),false,Prekindergarten,5th Grade
120153001588,Gulfside Elementary School,Pasco,Holiday,393,297,Yes under Community Eligibility Option (CEO),false,Prekindergarten,5th Grade
120018000150,Gulfstream Academy of Hallandale Beach,Broward,Hallandale Beach,1227,586,Yes under Community Eligibility Option (CEO),true,Kindergarten,8th Grade
120018008639,Gulfstream Early Childhood Center of Excellence,Broward,Hallandale Beach,48,31,Yes under Community Eligibility Option (CEO),false,Prekindergarten,Prekindergarten
120039000431,Gulfstream Elementary School,Miami-Dade,Cutler Bay,544,333,Yes under Community Eligibility Option (CEO),false,Prekindergarten,5th Grade
120033000337,Gulfview Middle School,Collier,Naples,556,230,Yes participating without using any Provision or the CEO,true,6th Grade,8th Grade
120150002370,H. L. Johnson Elementary School,Palm Beach,Royal Palm Beach,864,276,Yes under Community Eligibility Option (CEO),false,Prekindergarten,5th Grade
120123001244,H. S. Moody Elementary School,Manatee,Bradenton,602,422,Yes under Community Eligibility Option (CEO),false,Prekindergarten,5th Grade
120150001553,Hagen Road Elementary School,Palm Beach,Boynton Beach,745,268,Yes under Community Eligibility Option (CEO),false,Prekindergarten,5th Grade
120171005736,Hagerty High School,Seminole,Oviedo,2449,494,Yes participating without using any Provision or the CEO,false,9th Grade,12th Grade
120159001795,Haines City Senior High School,Polk,Haines City,3105,2161,Yes under Community Eligibility Option (CEO),true,9th Grade,12th Grade
120192002972,Halifax Behavioral Services,Volusia,Daytona Beach,9,6,No,true,Prekindergarten,12th Grade
120018000171,Hallandale High School,Broward,Hallandale Beach,1031,472,Yes under Community Eligibility Option (CEO),true,9th Grade,12th Grade
120072000873,Hamilton County Elementary School,Hamilton,Jasper,780,647,Yes under Community Eligibility Option (CEO),false,Prekindergarten,5th Grade
120072000872,Hamilton County High School,Hamilton,Jasper,808,584,Yes under Community Eligibility Option (CEO),true,6th Grade,12th Grade
120171002464,Hamilton Elementary School,Seminole,Sanford,671,514,Yes participating without using any Provision or the CEO,false,Prekindergarten,5th Grade
120072007749,Hamilton Virtual Instruction Program,Hamilton,Jasper,1,,No,false,Kindergarten,12th Grade
120072008026,Hamilton Virtual Instruction Program (District Provided),Hamilton,Jasper,1,,No,true,Kindergarten,11th Grade
120144008845,Hamlin Elementary,Orange,Winter Garden,549,52,Yes under Community Eligibility Option (CEO),false,Prekindergarten,5th Grade
120144008872,Hamlin Middle,Orange,Winter Garden,953,83,Yes under Community Eligibility Option (CEO),false,6th Grade,8th Grade
120126004985,Hammett Bowen Jr. Elementary School,Marion,Ocala,1010,510,Yes under Community Eligibility Option (CEO),false,Prekindergarten,5th Grade
120150000961,Hammock Pointe Elementary School,Palm Beach,Boca Raton,924,315,Yes under Community Eligibility Option (CEO),false,Prekindergarten,5th Grade
120039002429,Hammocks Middle School,Miami-Dade,Miami,486,232,Yes under Community Eligibility Option (CEO),true,6th Grade,8th Grade
120087004884,Hammond Elementary School,Hillsborough,Odessa,690,162,Yes participating without using any Provision or the CEO,false,Prekindergarten,5th Grade
120108001758,Hancock Creek Elementary School,Lee,North Fort Myers,814,499,Yes under Community Eligibility Option (CEO),false,Prekindergarten,5th Grade
120015000102,Hans Christian Andersen Elementary School,Brevard,Rockledge,480,267,Yes under Community Eligibility Option (CEO),false,Prekindergarten,6th Grade
120015000113,Harbor City Elementary School,Brevard,Melbourne,389,239,Yes under Community Eligibility Option (CEO),false,Prekindergarten,6th Grade
120018000178,Harbordale Elementary School,Broward,Fort Lauderdale,494,156,Yes participating without using any Provision or the CEO,false,Prekindergarten,5th Grade
120126002767,Harbour View Elementary School,Marion,Summerfield,833,546,Yes under Community Eligibility Option (CEO),false,Prekindergarten,5th Grade
120075000878,Hardee Junior High School,Hardee,Wauchula,958,736,Yes under Community Eligibility Option (CEO),true,6th Grade,12th Grade
120075000877,Hardee Senior High School,Hardee,Wauchula,1347,955,Yes under Community Eligibility Option (CEO),true,9th Grade,12th Grade
120075007802,Hardee Virtual Franchise,Hardee,Wauchula,52,12,No,true,Kindergarten,12th Grade
120108008528,Harlem Heights Community Charter School,Lee,Fort Myers,209,139,Yes under Community Eligibility Option (CEO),false,Kindergarten,5th Grade
120147007630,Harmony Community School,Osceola,Harmony,1048,426,Yes participating without using any Provision or the CEO,false,Prekindergarten,5th Grade
120147004013,Harmony High School,Osceola,St Cloud,2673,1031,Yes participating without using any Provision or the CEO,true,9th Grade,12th Grade
120147008646,Harmony Middle School,Osceola,St Cloud,1165,517,Yes participating without using any Provision or the CEO,false,6th Grade,8th Grade
120108003953,Harns Marsh Elementary School,Lee,Lehigh Acres,1103,748,Yes under Community Eligibility Option (CEO),false,Prekindergarten,5th Grade
120108008167,Harns Marsh Middle School,Lee,Lehigh Acres,905,531,Yes under Community Eligibility Option (CEO),true,6th Grade,8th Grade
120159003788,Hartridge Academy,Polk,Winter Haven,200,109,Yes under Community Eligibility Option (CEO),false,Kindergarten,5th Grade
120060000852,Havana Magnet School,Gadsden,Havana,558,471,Yes under Community Eligibility Option (CEO),true,Prekindergarten,8th Grade
120018002707,Hawkes Bluff Elementary School,Broward,Southwest Ranches,608,158,Yes participating without using any Provision or the CEO,false,Prekindergarten,5th Grade
120111002999,Hawks Rise Elementary School,Leon,Tallahassee,752,112,Yes under Community Eligibility Option (CEO),false,Prekindergarten,5th Grade
120003000016,Hawthorne Middle/High School,Alachua,Hawthorne,472,318,Yes under Community Eligibility Option (CEO),true,6th Grade,12th Grade
120060003709,Head Start Program,Gadsden,Quincy,34,23,Yes under Community Eligibility Option (CEO),false,Prekindergarten,Prekindergarten
120003003981,Healthy Learning Academy Charter School,Alachua,Newberry,107,11,Yes participating without using any Provision or the CEO,false,Kindergarten,5th Grade
120171002905,Heathrow Elementary School,Seminole,Lake Mary,713,135,Yes participating without using any Provision or the CEO,false,Prekindergarten,5th Grade
120108003947,Hector A. Cafferata Jr Elementary School,Lee,Cape Coral,606,367,Yes under Community Eligibility Option (CEO),false,Prekindergarten,5th Grade
120108001148,Heights Elementary School,Lee,Fort Myers,1057,366,Yes under Community Eligibility Option (CEO),false,Prekindergarten,5th Grade
120051002746,Hellen Caro Elementary School,Escambia,Pensacola,517,225,Yes participating without using any Provision or the CEO,false,Prekindergarten,5th Grade
120087008104,Henderson Hammock Charter School,Hillsborough,Tampa,1154,,Yes under Community Eligibility Option (CEO),true,Kindergarten,8th Grade
120048000667,Hendricks Avenue Elementary School,Duval,Jacksonville,633,118,Yes under Community Eligibility Option (CEO),false,Prekindergarten,5th Grade
120018005464,Henry D Perry Education Center,Broward,Miramar,1014,114,Yes participating without using any Provision or the CEO,true,Prekindergarten,12th Grade
120039003047,Henry E.s. Reeves K-8 Center,Miami-Dade,Miami,830,594,Yes under Community Eligibility Option (CEO),true,Prekindergarten,8th Grade
120039000551,Henry H. Filer Middle School,Miami-Dade,Hialeah,732,526,Yes under Community Eligibility Option (CEO),true,6th Grade,8th Grade
120039000418,Henry M. Flagler Elementary School,Miami-Dade,Miami,792,523,Yes under Community Eligibility Option (CEO),false,Prekindergarten,5th Grade
120039000534,Henry S. West Laboratory School,Miami-Dade,Coral Gables,373,47,Yes under Community Eligibility Option (CEO),false,Kindergarten,8th Grade
120039003163,Herbert A. Ammons Middle School,Miami-Dade,Miami,999,331,Yes under Community Eligibility Option (CEO),true,6th Grade,8th Grade
120015000138,Herbert C. Hoover Middle School,Brevard,Indialantic,473,146,Yes participating without using any Provision or the CEO,false,7th Grade,8th Grade
120033008878,Herbert Cambridge Elementary School,Collier,Naples,283,150,Yes under Community Eligibility Option (CEO),false,Prekindergarten,5th Grade
120039007352,Here's Help,Miami-Dade,Miami,4,,No,true,7th Grade,12th Grade
120108008062,Heritage Charter Academy of Cape Coral,Lee,Cape Coral,234,218,Yes under Community Eligibility Option (CEO),true,Kindergarten,8th Grade
120150004411,Heritage Elementary School,Palm Beach,Greenacres,817,525,Yes under Community Eligibility Option (CEO),false,Kindergarten,5th Grade
120087004087,Heritage Elementary School,Hillsborough,Tampa,482,219,Yes under Community Eligibility Option (CEO),false,Prekindergarten,5th Grade
120015007530,Heritage High School,Brevard,Palm Bay,1960,1130,Yes participating without using any Provision or the CEO,true,9th Grade,12th Grade
120192003670,Heritage Middle School,Volusia,Deltona,932,512,Yes under Community Eligibility Option (CEO),true,6th Grade,8th Grade
120081007829,Hernando County Jail,Hernando,Brooksville,5,,No,false,8th Grade,12th Grade
120027002426,Hernando Elementary School,Citrus,Hernando,730,441,Yes under Community Eligibility Option (CEO),false,Prekindergarten,5th Grade
120081007842,Hernando Eschool Virtual Franchise,Hernando,Brooksville,46,17,No,false,1st Grade,12th Grade
120081000890,Hernando High School,Hernando,Brooksville,1299,671,Yes under Community Eligibility Option (CEO),true,6th Grade,12th Grade
120168003935,Heron Creek Middle School,Sarasota,North Port,945,650,Yes participating without using any Provision or the CEO,true,6th Grade,8th Grade
120018007654,Heron Heights Elementary School,Broward,Parkland,1040,52,Yes participating without using any Provision or the CEO,false,Prekindergarten,5th Grade
120039000432,Hialeah Elementary School,Miami-Dade,Hialeah,700,432,Yes under Community Eligibility Option (CEO),false,Prekindergarten,5th Grade
120039002114,Hialeah Gardens Elementary School,Miami-Dade,Hialeah Gardens,995,506,Yes under Community Eligibility Option (CEO),false,Prekindergarten,5th Grade
120039007396,Hialeah Gardens Middle School,Miami-Dade,Hialeah Gardens,1551,757,Yes under Community Eligibility Option (CEO),true,6th Grade,8th Grade
120039006229,Hialeah Gardens Senior High School,Miami-Dade,Hialeah Gardens,3009,1448,Yes under Community Eligibility Option (CEO),true,9th Grade,12th Grade
120039000554,Hialeah Middle School,Miami-Dade,Hialeah,1002,603,Yes under Community Eligibility Option (CEO),true,6th Grade,8th Grade
120039000591,Hialeah Senior High School,Miami-Dade,Hialeah,1711,1032,Yes under Community Eligibility Option (CEO),true,9th Grade,12th Grade
120039000592,Hialeah-Miami Lakes Senior High,Miami-Dade,Hialeah,1367,773,Yes under Community Eligibility Option (CEO),true,9th Grade,12th Grade
120144001423,Hiawassee Elementary,Orange,Orlando,619,456,Yes under Community Eligibility Option (CEO),false,Prekindergarten,5th Grade
120039000433,Hibiscus Elementary School,Miami-Dade,Miami,339,216,Yes under Community Eligibility Option (CEO),false,Prekindergarten,5th Grade
120174005725,Hickory Creek Elementary School,St. Johns,Saint Johns,669,92,Yes participating without using any Provision or the CEO,false,Prekindergarten,5th Grade
120147002448,Hickory Tree Elementary School,Osceola,Saint Cloud,1078,514,Yes participating without using any Provision or the CEO,false,Prekindergarten,5th Grade
120003002588,Hidden Oak Elementary School,Alachua,Gainesville,694,243,Yes participating without using any Provision or the CEO,false,Prekindergarten,5th Grade
120144002862,Hidden Oaks Elementary,Orange,Orlando,403,176,Yes under Community Eligibility Option (CEO),false,Prekindergarten,5th Grade
120048000756,Hidden Oaks Elementary School,Duval,Jacksonville,191,129,Yes under Community Eligibility Option (CEO),false,Kindergarten,5th Grade
120150003946,Hidden Oaks K-8,Palm Beach,Lake Worth,835,382,Yes under Community Eligibility Option (CEO),true,Prekindergarten,8th Grade
120129000834,Hidden Oaks Middle School,Martin,Palm City,920,219,Yes participating without using any Provision or the CEO,false,6th Grade,8th Grade
120156001627,High Point Elementary School,Pinellas,Clearwater,600,420,Yes under Community Eligibility Option (CEO),false,Prekindergarten,5th Grade
120165008958,High Road,Santa Rosa,Milton,102,81,Yes participating without using any Provision or the CEO,false,Kindergarten,12th Grade
120003003989,High Springs Community School,Alachua,High Springs,902,369,Yes participating without using any Provision or the CEO,false,Prekindergarten,8th Grade
120192002482,Highbanks Learning Center,Volusia,Deltona,51,39,Yes under Community Eligibility Option (CEO),true,Kindergarten,12th Grade
120159001761,Highland City Elementary School,Polk,Highland City,414,263,Yes under Community Eligibility Option (CEO),false,Prekindergarten,5th Grade
120150001514,Highland Elementary School,Palm Beach,Lake Worth,976,763,Yes under Community Eligibility Option (CEO),false,Prekindergarten,5th Grade
120156002884,Highland Lakes Elementary School,Pinellas,Palm Harbor,449,178,Yes under Community Eligibility Option (CEO),false,Prekindergarten,5th Grade
120039000555,Highland Oaks Middle School,Miami-Dade,Miami,736,299,Yes under Community Eligibility Option (CEO),true,6th Grade,8th Grade
120084007879,Highlands County Hospital/Homebound Program,Highlands,Sebring,17,11,No,true,Kindergarten,12th Grade
120084007885,Highlands County Schools Jail Program,Highlands,Sebring,2,,No,false,9th Grade,12th Grade
120033000346,Highlands Elementary School,Collier,Immokalee,599,444,Yes under Community Eligibility Option (CEO),false,Prekindergarten,5th Grade
120147001468,Highlands Elementary School,Osceola,Kissimmee,564,367,Yes under Community Eligibility Option (CEO),false,Prekindergarten,5th Grade
120171003125,Highlands Elementary School,Seminole,Winter Springs,503,313,Yes participating without using any Provision or the CEO,false,Prekindergarten,5th Grade
120048000694,Highlands Estates Academy,Duval,Jacksonville,692,423,Yes under Community Eligibility Option (CEO),false,Prekindergarten,5th Grade
120159005338,Highlands Grove Elementary School,Polk,Lakeland,691,346,Yes under Community Eligibility Option (CEO),false,Prekindergarten,5th Grade
120048000765,Highlands Middle School,Duval,Jacksonville,685,420,Yes under Community Eligibility Option (CEO),true,6th Grade,8th Grade
120084008630,Highlands Virtual School,Highlands,Sebring,141,78,No,true,Kindergarten,12th Grade
120150003246,Highridge Family Center,Palm Beach,West Palm Beach,18,,No,true,3rd Grade,12th Grade
120009000047,Hiland Park Elementary School,Bay,Panama City,684,357,Yes under Community Eligibility Option (CEO),false,Prekindergarten,5th Grade
120087002508,Hill Middle School,Hillsborough,Tampa,820,346,Yes under Community Eligibility Option (CEO),true,6th Grade,8th Grade
120084003069,Hill-Gustat Middle School,Highlands,Sebring,669,360,Yes under Community Eligibility Option (CEO),true,6th Grade,12th Grade
120126001278,Hillcrest,Marion,Ocala,162,80,Yes under Community Eligibility Option (CEO),true,6th Grade,12th Grade
120144001370,Hillcrest Elementary,Orange,Orlando,489,57,Yes under Community Eligibility Option (CEO),false,Kindergarten,5th Grade
120159001775,Hillcrest Elementary School,Polk,Lake Wales,667,461,Yes under Community Eligibility Option (CEO),false,Prekindergarten,5th Grade
120135001318,Hilliard Elementary School,Nassau,Hilliard,687,368,Yes participating without using any Provision or the CEO,false,Prekindergarten,5th Grade
120135001315,Hilliard Middle-Senior High,Nassau,Hilliard,773,321,Yes participating without using any Provision or the CEO,true,6th Grade,12th Grade
120087008188,Hillsborough Academy of Math and Science,Hillsborough,Tampa,819,260,Yes participating without using any Provision or the CEO,true,Kindergarten,8th Grade
120087000960,Hillsborough High School,Hillsborough,Tampa,1679,850,Yes under Community Eligibility Option (CEO),true,9th Grade,12th Grade
120087007146,Hillsborough Virtual Franchise High School,Hillsborough,Tampa,3,,No,false,Kindergarten,12th Grade
120087008053,Hillsborough Virtual School,Hillsborough,Tampa,491,46,No,false,Kindergarten,12th Grade
120075004853,Hilltop Elementary School,Hardee,Wauchula,298,229,Yes under Community Eligibility Option (CEO),false,Prekindergarten,5th Grade
120039007820,His House,Miami-Dade,Miami,63,,No,false,5th Grade,12th Grade
120039007572,Hive Preparatory School,Miami-Dade,Hialeah,854,438,No,true,Kindergarten,8th Grade
120165001832,Hobbs Middle School,Santa Rosa,Milton,743,463,Yes participating without using any Provision or the CEO,true,6th Grade,8th Grade
120129001288,Hobe Sound Elementary School,Martin,Hobe Sound,464,289,Yes participating without using any Provision or the CEO,false,Prekindergarten,5th Grade
120048000661,Hogan-Spring Glen Elementary School,Duval,Jacksonville,435,246,Yes under Community Eligibility Option (CEO),false,Prekindergarten,5th Grade
120123010680,Hola! Elementary @ Msa,Manatee,Palmetto,551,160,Yes under Community Eligibility Option (CEO),false,Prekindergarten,5th Grade
120048000735,Holiday Hill Elementary School,Duval,Jacksonville,460,195,Yes under Community Eligibility Option (CEO),false,Prekindergarten,5th Grade
120165001834,Holley-Navarre Intermediate,Santa Rosa,Navarre,698,327,Yes participating without using any Provision or the CEO,false,3rd Grade,5th Grade
120165002670,Holley-Navarre Middle School,Santa Rosa,Navarre,823,341,Yes participating without using any Provision or the CEO,true,6th Grade,8th Grade
120165005375,Holley-Navarre Primary,Santa Rosa,Navarre,661,319,Yes participating without using any Provision or the CEO,false,Prekindergarten,2nd Grade
120192002268,Holly Hill Elementary,Volusia,Holly Hill,601,495,Yes under Community Eligibility Option (CEO),false,Prekindergarten,5th Grade
120018004215,Hollywood Academy of Arts & Science,Broward,Hollywood,1140,93,Yes participating without using any Provision or the CEO,false,Kindergarten,5th Grade
120018005456,Hollywood Academy of Arts and Science Middle School,Broward,Hollywood,461,7,Yes participating without using any Provision or the CEO,true,6th Grade,8th Grade
120018000149,Hollywood Central Elementary School,Broward,Hollywood,309,136,Yes under Community Eligibility Option (CEO),false,Prekindergarten,5th Grade
120018000148,Hollywood Hills Elementary School,Broward,Hollywood,640,202,Yes under Community Eligibility Option (CEO),false,Prekindergarten,5th Grade
120018000247,Hollywood Hills High School,Broward,Hollywood,1711,724,Yes under Community Eligibility Option (CEO),true,9th Grade,12th Grade
120018000254,Hollywood Park Elementary School,Broward,Hollywood,408,224,Yes under Community Eligibility Option (CEO),false,Prekindergarten,5th Grade
120090001044,Holmes County High School,Holmes,Bonifay,464,276,Yes under Community Eligibility Option (CEO),false,9th Grade,12th Grade
120039000435,Holmes Elementary School,Miami-Dade,Miami,395,313,Yes under Community Eligibility Option (CEO),false,Prekindergarten,5th Grade
120090008039,Holmes Virtual-Franchise Flvs,Holmes,Bonifay,20,5,No,false,Kindergarten,12th Grade
120039000556,Homestead Middle School,Miami-Dade,Homestead,545,417,Yes under Community Eligibility Option (CEO),true,6th Grade,8th Grade
120039000593,Homestead Senior High School,Miami-Dade,Homestead,2323,1572,Yes under Community Eligibility Option (CEO),true,9th Grade,12th Grade
120027000310,Homosassa Elementary School,Citrus,Homosassa,405,259,Yes under Community Eligibility Option (CEO),false,Prekindergarten,5th Grade
120144003738,Hope Charter,Orange,Ocoee,417,,No,false,Kindergarten,8th Grade
120051002306,Hope Horizon at Judy Andrews Center,Escambia,Pensacola,30,19,Yes under Community Eligibility Option (CEO),true,Kindergarten,12th Grade
120096001073,Hope School,Jackson,Marianna,103,56,Yes under Community Eligibility Option (CEO),true,Prekindergarten,12th Grade
120150007679,Hope-Centennial Elementary School,Palm Beach,West Palm Beach,802,607,Yes under Community Eligibility Option (CEO),false,Prekindergarten,5th Grade
120039000563,Horace Mann Middle School,Miami-Dade,El Portal,342,217,Yes under Community Eligibility Option (CEO),true,6th Grade,8th Grade
120132001295,Horace O'Bryant School,Monroe,Key West,1011,615,Yes participating without using any Provision or the CEO,true,Prekindergarten,8th Grade
120126007398,Horizon Academy at Marion Oaks,Marion,Ocala,1260,759,Yes under Community Eligibility Option (CEO),true,6th Grade,8th Grade
120087004101,Horizon Charter School of Tampa,Hillsborough,Tampa,317,21,No,false,Kindergarten,8th Grade
120192002709,Horizon Elementary School,Volusia,Port Orange,618,317,Yes under Community Eligibility Option (CEO),false,Prekindergarten,5th Grade
120018000274,Horizon Elementary School,Broward,Sunrise,505,282,Yes under Community Eligibility Option (CEO),false,Prekindergarten,5th Grade
120144008827,Horizon High School,Orange,Winter Garden,2685,264,Yes under Community Eligibility Option (CEO),false,9th Grade,12th Grade
120147003008,Horizon Middle School,Osceola,Kissimmee,1008,546,Yes under Community Eligibility Option (CEO),true,6th Grade,8th Grade
120144008607,Horizon West Middle,Orange,Windermere,1333,209,Yes under Community Eligibility Option (CEO),false,6th Grade,8th Grade
120123003610,Horizons Academy,Manatee,Bradenton,429,318,Yes under Community Eligibility Option (CEO),true,Prekindergarten,12th Grade
120159007399,Horizons Elementary School,Polk,Davenport,1543,988,Yes under Community Eligibility Option (CEO),false,Prekindergarten,5th Grade
120117001207,Hosford Elementary Junior High School,Liberty,Hosford,302,126,Yes under Community Eligibility Option (CEO),true,Prekindergarten,8th Grade
120051002305,Hospital & Homebound,Escambia,Pensacola,21,8,No,true,Prekindergarten,12th Grade
120048000720,Hospital and Homebound,Duval,Jacksonville,94,18,No,false,Kindergarten,12th Grade
120159004185,Hospital Homebound,Polk,Bartow,151,3,No,true,Prekindergarten,12th Grade
120003003141,Hospital Homebound,Alachua,Gainesville,29,16,No,false,Kindergarten,12th Grade
120192008483,Hospital Homebound,Volusia,Port Orange,49,25,No,false,Prekindergarten,12th Grade
120111002079,Hospital Homebound,Leon,Tallahassee,7,,No,false,Kindergarten,12th Grade
120144002645,Hospital Homebound,Orange,Winter Garden,105,32,No,false,Prekindergarten,12th Grade
120171002535,Hospital Homebound Program,Seminole,Sanford,28,5,No,false,Prekindergarten,12th Grade
120018008492,Hospital Homebound Services,Broward,Ft. Lauderdale,13,3,No,false,Prekindergarten,12th Grade
120156002890,Hospital/Homebound,Pinellas,Pinellas Park,61,3,No,true,Prekindergarten,12th Grade
120147003754,Hospital/Homebound Program,Osceola,Kissimmee,2,,No,false,Kindergarten,12th Grade
120087004154,Hospital/Homebound/Homebased Programs,Hillsborough,Tampa,168,17,No,false,Prekindergarten,12th Grade
120039000565,Howard D. McMillan Middle School,Miami-Dade,Miami,957,418,Yes under Community Eligibility Option (CEO),true,6th Grade,8th Grade
120039000437,Howard Drive Elementary School,Miami-Dade,Miami,341,113,Yes under Community Eligibility Option (CEO),false,Prekindergarten,5th Grade
120144001365,Howard Middle,Orange,Orlando,1185,329,Yes under Community Eligibility Option (CEO),false,6th Grade,8th Grade
120126001251,Howard Middle School,Marion,Ocala,917,492,Yes under Community Eligibility Option (CEO),true,6th Grade,8th Grade
120003000011,Howard W. Bishop Middle School,Alachua,Gainesville,824,414,Yes under Community Eligibility Option (CEO),true,6th Grade,8th Grade
120150001481,Howell L. Watkins Middle School,Palm Beach,Palm Beach Gardens,705,473,Yes under Community Eligibility Option (CEO),true,6th Grade,8th Grade
120039003697,Hubert O. Sibley K-8 Academy,Miami-Dade,Miami,812,504,Yes under Community Eligibility Option (CEO),true,Prekindergarten,8th Grade
120153002391,Hudson Academy,Pasco,Hudson,920,603,Yes under Community Eligibility Option (CEO),true,4th Grade,8th Grade
120153001583,Hudson High School,Pasco,Hudson,1497,723,Yes under Community Eligibility Option (CEO),true,6th Grade,12th Grade
120153001582,Hudson Primary Academy,Pasco,Hudson,636,455,Yes under Community Eligibility Option (CEO),false,Prekindergarten,5th Grade
120144001442,Hungerford Elementary,Orange,Eatonville,281,214,Yes under Community Eligibility Option (CEO),false,Prekindergarten,5th Grade
120087000623,Hunter's Green Elementary School,Hillsborough,Tampa,788,185,Yes under Community Eligibility Option (CEO),false,Prekindergarten,5th Grade
120144002926,Hunters Creek Elementary,Orange,Orlando,749,237,Yes under Community Eligibility Option (CEO),false,Prekindergarten,5th Grade
120144002923,Hunters Creek Middle,Orange,Orlando,1057,249,Yes under Community Eligibility Option (CEO),true,6th Grade,8th Grade
120009000040,Hutchison Beach Elementary School,Bay,Panama City Beach,573,248,Yes under Community Eligibility Option (CEO),false,Kindergarten,5th Grade
120048000740,Hyde Grove Elementary School,Duval,Jacksonville,374,264,Yes under Community Eligibility Option (CEO),false,Prekindergarten,2nd Grade
120048000673,Hyde Park Elementary School,Duval,Jacksonville,272,191,Yes under Community Eligibility Option (CEO),false,3rd Grade,5th Grade
120039007855,I Preparatory Academy,Miami-Dade,Miami,781,172,Yes under Community Eligibility Option (CEO),true,Prekindergarten,12th Grade
120123002083,Ida M. Stewart Elementary School,Manatee,Bradenton,381,126,Yes participating without using any Provision or the CEO,false,Prekindergarten,5th Grade
120108003965,Ida S. Baker High School,Lee,Cape Coral,2191,786,Yes under Community Eligibility Option (CEO),true,9th Grade,12th Grade
120008410710,Idea Bassett,Idea Public Schools,Jacksonville,1012,800,Yes under Community Eligibility Option (CEO),false,Kindergarten,12th Grade
120008410714,Idea Hope,Idea Public Schools,Tampa,790,630,Yes under Community Eligibility Option (CEO),false,Kindergarten,12th Grade
120008410898,Idea Lakeland,Idea Public Schools,Lakeland,452,370,Yes under Community Eligibility Option (CEO),false,Kindergarten,6th Grade
120008410711,Idea River Bluff,Idea Public Schools,Jacksonville,1032,739,Yes under Community Eligibility Option (CEO),false,Kindergarten,12th Grade
120008410712,Idea Victory,Idea Public Schools,Tampa,1316,934,Yes under Community Eligibility Option (CEO),false,Kindergarten,12th Grade
120171001892,Idyllwilde Elementary School,Seminole,Sanford,773,613,Yes participating without using any Provision or the CEO,false,Prekindergarten,5th Grade
120003000024,Idylwild Elementary School,Alachua,Gainesville,627,434,Yes under Community Eligibility Option (CEO),false,Kindergarten,5th Grade
120054007761,Iflagler-Virtual Franchise,Flagler,Bunnell,178,27,No,false,Kindergarten,12th Grade
120093007488,Imagine at South Vero,Indian River,Vero Beach,892,21,Yes participating without using any Provision or the CEO,false,Kindergarten,8th Grade
120123007475,Imagine Charter at Lakewood Ranch,Manatee,Bradenton,456,247,Yes participating without using any Provision or the CEO,true,Prekindergarten,8th Grade
120018003688,Imagine Charter School at North Lauderdale Elementary,Broward,North Lauderdale,416,371,Yes participating without using any Provision or the CEO,false,Kindergarten,5th Grade
120123007153,Imagine Charter School at North Manatee,Manatee,Palmetto,853,470,Yes participating without using any Provision or the CEO,true,Prekindergarten,8th Grade
120018003685,Imagine Charter School at Weston,Broward,Weston,1093,3,Yes participating without using any Provision or the CEO,false,Kindergarten,8th Grade
120018007881,Imagine School at Broward,Broward,Coral Springs,1091,39,Yes participating without using any Provision or the CEO,false,Kindergarten,8th Grade
120153007452,Imagine School at Land O' Lakes,Pasco,Land O Lakes,913,105,Yes under Community Eligibility Option (CEO),false,Kindergarten,8th Grade
120168007469,Imagine School at North Port,Sarasota,North Port,1228,575,Yes participating without using any Provision or the CEO,true,Kindergarten,12th Grade
120168007717,Imagine School at Palmer Ranch,Sarasota,Sarasota,433,15,Yes participating without using any Provision or the CEO,false,Prekindergarten,8th Grade
120054007480,Imagine School at Town Center,Flagler,Palm Coast,885,266,Yes under Community Eligibility Option (CEO),true,Kindergarten,8th Grade
120105005598,Imagine Schools at South Lake,Lake,Clermont,1064,218,Yes participating without using any Provision or the CEO,false,Kindergarten,8th Grade
120015003979,Imagine Schools at West Melbourne,Brevard,West Melbourne,665,359,Yes under Community Eligibility Option (CEO),false,Kindergarten,7th Grade
120150003768,Imagine Schools Chancellor Campus,Palm Beach,Boynton Beach,1047,553,Yes under Community Eligibility Option (CEO),true,Kindergarten,8th Grade
120018008090,Imagine Schools Plantation Campus,Broward,Plantation,441,8,No,false,Kindergarten,8th Grade
120039008272,Imater Academy,Miami-Dade,Hialeah,590,537,Yes participating without using any Provision or the CEO,false,Kindergarten,5th Grade
120039008223,Imater Academy Middle School,Miami-Dade,Hialeah,783,600,Yes participating without using any Provision or the CEO,true,6th Grade,8th Grade
120039008154,Imater Preparatory Academy High School,Miami-Dade,Hialeah,994,739,Yes participating without using any Provision or the CEO,true,9th Grade,12th Grade
120033000355,Immokalee High School,Collier,Immokalee,1990,1368,Yes under Community Eligibility Option (CEO),true,9th Grade,12th Grade
120033000269,Immokalee Middle School,Collier,Immokalee,1402,1001,Yes under Community Eligibility Option (CEO),true,6th Grade,8th Grade
120033002804,Immokalee Teen Parenting Prog,Collier,Immokalee,40,27,Yes under Community Eligibility Option (CEO),true,6th Grade,12th Grade
120015000087,Imperial Estates Elementary School,Brevard,Titusville,604,311,Yes under Community Eligibility Option (CEO),false,Prekindergarten,6th Grade
120126010682,Ina A.colen Academy,Marion,Ocala,546,64,Yes participating without using any Provision or the CEO,false,Kindergarten,8th Grade
120087006873,Independence Academy,Hillsborough,Dover,811,128,Yes participating without using any Provision or the CEO,false,Kindergarten,8th Grade
120177008887,Independence Classical Academy,St. Lucie,Fort Pierce,557,68,Yes participating without using any Provision or the CEO,false,Kindergarten,12th Grade
120144008330,Independence Elementary,Orange,Winter Garden,889,102,Yes under Community Eligibility Option (CEO),false,Kindergarten,5th Grade
120150003897,Independence Middle School,Palm Beach,Jupiter,1236,249,Yes under Community Eligibility Option (CEO),false,6th Grade,8th Grade
120015000137,Indialantic Elementary School,Brevard,Indialantic,662,132,Yes participating without using any Provision or the CEO,false,Prekindergarten,6th Grade
120150002628,Indian Pines Elementary School,Palm Beach,Lake Worth,566,388,Yes under Community Eligibility Option (CEO),false,Prekindergarten,5th Grade
120018002983,Indian Ridge Middle School,Broward,Davie,1833,531,Yes participating without using any Provision or the CEO,true,6th Grade,8th Grade
120150002935,Indian Ridge School,Palm Beach,West Palm Beach,73,51,Yes under Community Eligibility Option (CEO),true,Kindergarten,12th Grade
120093002564,Indian River Academy,Indian River,Vero Beach,444,285,Yes participating without using any Provision or the CEO,false,Prekindergarten,5th Grade
120093003408,Indian River Charter High School,Indian River,Vero Beach,682,207,No,false,9th Grade,12th Grade
120192002795,Indian River Elementary School,Volusia,Edgewater,614,330,Yes under Community Eligibility Option (CEO),false,Prekindergarten,5th Grade
120093007737,Indian River Virtual Instruction Program,Indian River,Sebastian,39,13,No,false,Kindergarten,12th Grade
120018002723,Indian Trace Elementary School,Broward,Weston,667,114,Yes participating without using any Provision or the CEO,false,Prekindergarten,5th Grade
120054003064,Indian Trails Middle School,Flagler,Palm Coast,1438,480,Yes under Community Eligibility Option (CEO),true,6th Grade,8th Grade
120171001179,Indian Trails Middle School,Seminole,Winter Springs,1116,458,Yes participating without using any Provision or the CEO,true,6th Grade,8th Grade
120129010685,Indiantown High School,Martin,Indiantown,95,49,Yes under Community Eligibility Option (CEO),false,9th Grade,12th Grade
120129001291,Indiantown Middle School,Martin,Indiantown,446,295,Yes under Community Eligibility Option (CEO),true,6th Grade,8th Grade
120150001557,Inlet Grove Community High School,Palm Beach,Riviera Beach,714,422,Yes under Community Eligibility Option (CEO),true,9th Grade,12th Grade
120018008489,Innovation Charter School,Broward,Pompano Beach,406,208,Yes under Community Eligibility Option (CEO),false,Kindergarten,5th Grade
120144009031,Innovation High,Orange,Orlando,1753,493,Yes participating without using any Provision or the CEO,false,9th Grade,12th Grade
120144008443,Innovation Middle,Orange,Orlando,1239,207,Yes under Community Eligibility Option (CEO),true,6th Grade,8th Grade
120144007955,Innovation Montessori Ocoee,Orange,Ocoee,919,187,Yes participating without using any Provision or the CEO,false,Kindergarten,12th Grade
120153008896,Innovation Preparatory Academy,Pasco,Wesley Chapel,1274,500,Yes participating without using any Provision or the CEO,false,Kindergarten,8th Grade
120108005603,Innovation Preparatory Academy of South Ft. Myers,Lee,Fort Myers,770,423,Yes participating without using any Provision or the CEO,false,Prekindergarten,8th Grade
120144007785,Innovations Middle Charter,Orange,Orlando,132,89,Yes under Community Eligibility Option (CEO),true,6th Grade,9th Grade
120039002137,Instructional Center System Wide,Miami-Dade,Miami,80,10,No,false,Prekindergarten,12th Grade
120039007748,Integrated Science and Asian Culture (Isaac) Academy,Miami-Dade,Miami Springs,268,78,Yes participating without using any Provision or the CEO,true,Kindergarten,8th Grade
120162001802,Interlachen Jr-Sr High School,Putnam,Interlachen,999,577,Yes under Community Eligibility Option (CEO),true,7th Grade,12th Grade
120018007300,International School of Broward,Broward,Hollywood,70,5,Yes participating without using any Provision or the CEO,true,6th Grade,12th Grade
120018008962,International Studies Academy High School,Broward,Miami,234,137,Yes participating without using any Provision or the CEO,false,9th Grade,12th Grade
120018008963,International Studies Academy Middle School,Broward,Miami,288,156,Yes participating without using any Provision or the CEO,false,6th Grade,8th Grade
120039003977,International Studies Charter High School,Miami-Dade,Miami,376,232,Yes participating without using any Provision or the CEO,true,9th Grade,12th Grade
120039007564,International Studies Charter Middle School,Miami-Dade,Miami,320,182,Yes participating without using any Provision or the CEO,true,6th Grade,8th Grade
120039007811,International Studies Preparatory Academy,Miami-Dade,Coral Gables,375,63,Yes under Community Eligibility Option (CEO),true,9th Grade,12th Grade
120039008379,International Studies Virtual Academy,Miami-Dade,Miami,24,,No,false,6th Grade,12th Grade
120027000307,Inverness Middle School,Citrus,Inverness,911,432,Yes under Community Eligibility Option (CEO),true,6th Grade,8th Grade
120027000306,Inverness Primary School,Citrus,Inverness,641,316,Yes under Community Eligibility Option (CEO),false,Prekindergarten,5th Grade
120159001732,Inwood Elementary School,Polk,Winter Haven,423,348,Yes under Community Eligibility Option (CEO),false,Prekindergarten,5th Grade
120087003859,Ippolito Elementary School,Hillsborough,Riverview,492,329,Yes under Community Eligibility Option (CEO),false,Prekindergarten,5th Grade
120039008792,Iprep Academy North,Miami-Dade,Miami,522,118,Yes under Community Eligibility Option (CEO),false,6th Grade,12th Grade
120093003190,Ir Prep,Indian River,Vero Beach,62,49,Yes participating without using any Provision or the CEO,true,5th Grade,12th Grade
120039001441,Irving & Beatrice Peskoe K-8 Center,Miami-Dade,Miami,726,535,Yes under Community Eligibility Option (CEO),true,Prekindergarten,8th Grade
120108007353,Island Coast High School,Lee,Cape Coral,1477,754,Yes under Community Eligibility Option (CEO),true,9th Grade,12th Grade
120108008392,Island Park High School,Lee,Fort Myers,296,134,Yes under Community Eligibility Option (CEO),false,7th Grade,12th Grade
120147010690,Island Village Elementary School,Osceola,Kissimmee,786,502,Yes participating without using any Provision or the CEO,false,Prekindergarten,5th Grade
120168003799,Island Village Montessori School,Sarasota,Venice,527,212,Yes participating without using any Provision or the CEO,true,Kindergarten,8th Grade
120039008412,Itech@thomas a Edison Educational Center,Miami-Dade,Miami,230,151,Yes under Community Eligibility Option (CEO),true,9th Grade,12th Grade
120144001448,Ivey Lane Elementary,Orange,Orlando,284,234,Yes under Community Eligibility Option (CEO),false,Prekindergarten,5th Grade
120192007795,Ivy Hawn Charter School of the Arts,Volusia,Lake Helen,947,320,No,false,Kindergarten,8th Grade
120111006879,J Michael Conley Elementary School at Southwood,Leon,Tallahassee,693,266,Yes under Community Eligibility Option (CEO),false,Prekindergarten,5th Grade
120048004197,J. Allen Axson Elementary School,Duval,Jacksonville,493,62,Yes under Community Eligibility Option (CEO),false,Prekindergarten,5th Grade
120150001533,J. C. Mitchell Elementary School,Palm Beach,Boca Raton,683,278,Yes under Community Eligibility Option (CEO),false,Prekindergarten,5th Grade
120108001136,J. Colin English Elementary School,Lee,North Fort Myers,530,366,Yes under Community Eligibility Option (CEO),false,Prekindergarten,5th Grade
120129001284,J. D. Parker School of Technology,Martin,Stuart,531,354,Yes under Community Eligibility Option (CEO),false,Prekindergarten,5th Grade
120051000819,J. H. Workman Middle School,Escambia,Pensacola,602,415,Yes under Community Eligibility Option (CEO),true,6th Grade,8th Grade
120051000812,J. M. Tate Senior High School,Escambia,Cantonment,2169,872,Yes participating without using any Provision or the CEO,false,9th Grade,12th Grade
120018002117,J. P. Taravella High School,Broward,Coral Springs,2436,746,Yes under Community Eligibility Option (CEO),true,9th Grade,12th Grade
120039008921,J.c. Bermudez Doral Senior High,Miami-Dade,Doral,1133,235,Yes under Community Eligibility Option (CEO),false,9th Grade,12th Grade
120030002729,J.l. Wilkinson Elementary School,Clay,Middleburg,690,534,Yes under Community Eligibility Option (CEO),false,Prekindergarten,6th Grade
120009004305,J.r. Arnold High School,Bay,Panama City Beach,1629,522,Yes participating without using any Provision or the CEO,false,9th Grade,12th Grade
120039002115,Jack David Gordon Elementary School,Miami-Dade,Miami,805,338,Yes under Community Eligibility Option (CEO),false,Prekindergarten,5th Grade
120051003705,Jackie Harris Preparatory Academy,Escambia,Pensacola,257,200,Yes under Community Eligibility Option (CEO),false,Kindergarten,5th Grade
120096007169,Jackson Alternative School,Jackson,Marianna,22,16,Yes under Community Eligibility Option (CEO),true,Prekindergarten,12th Grade
120096003192,Jackson County Early Childhood Center,Jackson,Marianna,129,84,Yes under Community Eligibility Option (CEO),false,Prekindergarten,Prekindergarten
120096010863,Jackson County Home/Night Instruction,Jackson,Marianna,2,,No,false,Kindergarten,12th Grade
120096010862,Jackson County Jail Instruction,Jackson,Marianna,1,,No,false,9th Grade,12th Grade
120096010865,Jackson County Teen Parenting Program,Jackson,Marianna,6,,No,false,6th Grade,12th Grade
120087000962,Jackson Elementary School,Hillsborough,Plant City,451,330,Yes under Community Eligibility Option (CEO),false,Prekindergarten,5th Grade
120171001881,Jackson Heights Middle School,Seminole,Oviedo,1340,421,Yes participating without using any Provision or the CEO,false,6th Grade,8th Grade
120096007662,Jackson Virtual Instruction Program,Jackson,Marianna,39,5,No,false,Kindergarten,12th Grade
120048000701,Jacksonville Beach Elementary School,Duval,Jacksonville Beach,611,56,Yes under Community Eligibility Option (CEO),false,Kindergarten,5th Grade
120048008789,Jacksonville Classical Academy,Duval,Jacksonville,734,256,Yes under Community Eligibility Option (CEO),false,Kindergarten,10th Grade
120048010635,Jacksonville Classical Academy East,Duval,Jacksonville,215,118,Yes under Community Eligibility Option (CEO),false,Kindergarten,7th Grade
120048000753,Jacksonville Heights Elementary School,Duval,Jacksonville,481,316,Yes under Community Eligibility Option (CEO),false,Kindergarten,5th Grade
120162001805,James A. Long Elementary School,Putnam,Palatka,565,319,Yes under Community Eligibility Option (CEO),false,Kindergarten,6th Grade
120060000859,James A. Shanks Middle School,Gadsden,Quincy,434,394,Yes under Community Eligibility Option (CEO),true,4th Grade,8th Grade
120174001918,James A. Webster Elementary School,St. Johns,St Augustine,586,416,Yes under Community Eligibility Option (CEO),false,Prekindergarten,5th Grade
120156004134,James B. Sanderlin K-8,Pinellas,St Petersburg,817,307,Yes under Community Eligibility Option (CEO),false,Kindergarten,8th Grade
120138001346,James E Plew Elementary School,Okaloosa,Niceville,762,211,Yes participating without using any Provision or the CEO,false,Prekindergarten,5th Grade
120159001791,James E. Stephens Academy,Polk,Bartow,336,266,Yes under Community Eligibility Option (CEO),false,Prekindergarten,5th Grade
120087003186,James Elementary School,Hillsborough,Tampa,388,321,Yes under Community Eligibility Option (CEO),false,Prekindergarten,5th Grade
120039000381,James H. Bright Elementary/J.w. Johnson Elementary,Miami-Dade,Hialeah,452,280,Yes under Community Eligibility Option (CEO),false,Prekindergarten,5th Grade
120045000628,James M. Anderson Elementary School,Dixie,Cross City,563,405,Yes under Community Eligibility Option (CEO),false,Prekindergarten,6th Grade
120153003651,James M. Marlowe Elementary School,Pasco,New Port Richey,513,358,Yes under Community Eligibility Option (CEO),false,Prekindergarten,5th Grade
120015000080,James Madison Middle School,Brevard,Titusville,447,250,Yes under Community Eligibility Option (CEO),true,7th Grade,8th Grade
120120008247,James Madison Preparatory High School,Madison,Madison,180,3,No,false,9th Grade,12th Grade
120111001166,James Rickards High School,Leon,Tallahassee,1718,889,Yes under Community Eligibility Option (CEO),true,9th Grade,12th Grade
120018000267,James S. Hunt Elementary School,Broward,Coral Springs,482,292,Yes under Community Eligibility Option (CEO),false,Prekindergarten,5th Grade
120018002802,James S. Rickards Middle School,Broward,Oakland Park,770,401,Yes under Community Eligibility Option (CEO),true,6th Grade,8th Grade
120108007597,James Stephens Elementary School,Lee,Fort Myers,730,519,Yes under Community Eligibility Option (CEO),false,Prekindergarten,5th Grade
120123001239,James Tillman Elementary Magnet School,Manatee,Palmetto,614,449,Yes under Community Eligibility Option (CEO),false,Prekindergarten,5th Grade
120153004423,James W. Mitchell High School,Pasco,Trinity,2201,465,Yes under Community Eligibility Option (CEO),false,9th Grade,12th Grade
120159002404,James W. Sikes Elementary School,Polk,Lakeland,502,309,Yes under Community Eligibility Option (CEO),false,Prekindergarten,5th Grade
120048000705,James Weldon Johnson College Preparatory Middle School,Duval,Jacksonville,980,231,Yes under Community Eligibility Option (CEO),false,6th Grade,8th Grade
120039000616,Jan Mann Educational Center,Miami-Dade,Opa Locka,83,60,Yes under Community Eligibility Option (CEO),false,1st Grade,12th Grade
120039002711,Jane S. Roberts K-8 Center,Miami-Dade,Miami,630,239,Yes under Community Eligibility Option (CEO),true,Prekindergarten,8th Grade
120159001778,Janie Howard Wilson School,Polk,Lake Wales,462,361,Yes under Community Eligibility Option (CEO),false,Prekindergarten,5th Grade
120165001824,Jay Elementary School,Santa Rosa,Jay,472,294,Yes participating without using any Provision or the CEO,false,Prekindergarten,6th Grade
120165001823,Jay High School,Santa Rosa,Jay,498,270,Yes participating without using any Provision or the CEO,true,7th Grade,12th Grade
120150004122,Jeaga Middle School,Palm Beach,West Palm Beach,862,532,Yes under Community Eligibility Option (CEO),true,6th Grade,8th Grade
120159001757,Jean O'Dell Learning Center,Polk,Bartow,81,59,Yes under Community Eligibility Option (CEO),true,Prekindergarten,12th Grade
120048000691,Jean Ribault High School,Duval,Jacksonville,1224,730,Yes under Community Eligibility Option (CEO),true,9th Grade,12th Grade
120048000738,Jean Ribault Middle School,Duval,Jacksonville,530,375,Yes under Community Eligibility Option (CEO),true,6th Grade,8th Grade
120087001011,Jefferson High School,Hillsborough,Tampa,1310,746,Yes under Community Eligibility Option (CEO),true,9th Grade,12th Grade
120099001084,Jefferson Schools K-12,Jefferson,Monticello,669,493,Yes under Community Eligibility Option (CEO),false,Prekindergarten,12th Grade
120087004088,Jennings Middle School,Hillsborough,Seffner,686,462,Yes under Community Eligibility Option (CEO),true,6th Grade,8th Grade
120129001290,Jensen Beach Elementary School,Martin,Jensen Beach,611,276,Yes participating without using any Provision or the CEO,false,Prekindergarten,5th Grade
120129004042,Jensen Beach High School,Martin,Jensen Beach,1722,678,Yes participating without using any Provision or the CEO,false,9th Grade,12th Grade
120159002456,Jere L. Stambaugh Middle,Polk,Auburndale,1013,768,Yes under Community Eligibility Option (CEO),true,6th Grade,8th Grade
120150002232,Jerry Thomas Elementary School,Palm Beach,Jupiter,688,267,Yes under Community Eligibility Option (CEO),false,Kindergarten,5th Grade
120039000454,Jesse J. McCrary Jr. Elementary School,Miami-Dade,Miami,382,248,Yes under Community Eligibility Option (CEO),false,Prekindergarten,5th Grade
120159001770,Jesse Keen Elementary School,Polk,Lakeland,621,508,Yes under Community Eligibility Option (CEO),false,Prekindergarten,5th Grade
120123001225,Jessie P. Miller Elementary School,Manatee,Bradenton,586,408,Yes participating without using any Provision or the CEO,false,Prekindergarten,5th Grade
120159001739,Jewett Middle Academy Magnet,Polk,Winter Haven,566,330,Yes under Community Eligibility Option (CEO),false,6th Grade,8th Grade
120159001740,Jewett School of the Arts,Polk,Winter Haven,746,470,Yes under Community Eligibility Option (CEO),false,Prekindergarten,8th Grade
120051000774,Jim Allen Elementary School,Escambia,Cantonment,648,343,Yes under Community Eligibility Option (CEO),false,Prekindergarten,5th Grade
120051002994,Jim C. Bailey Middle School,Escambia,Pensacola,948,451,Yes under Community Eligibility Option (CEO),true,6th Grade,8th Grade
120009000048,Jinks Middle School,Bay,Panama City,541,322,Yes under Community Eligibility Option (CEO),true,6th Grade,8th Grade
120039002499,Joe Hall Elementary School,Miami-Dade,Miami,410,215,Yes under Community Eligibility Option (CEO),false,Prekindergarten,5th Grade
120039002699,Joella C. Good Elementary School,Miami-Dade,Hialeah,941,493,Yes under Community Eligibility Option (CEO),false,Prekindergarten,5th Grade
120039004077,John A. Ferguson Senior High,Miami-Dade,Miami,4291,1637,Yes under Community Eligibility Option (CEO),true,9th Grade,12th Grade
120081002503,John D. Floyd Elementary School,Hernando,Spring Hill,920,563,Yes under Community Eligibility Option (CEO),false,Prekindergarten,5th Grade
120048000707,John E. Ford K-8 School,Duval,Jacksonville,631,323,Yes under Community Eligibility Option (CEO),true,Prekindergarten,8th Grade
120039000558,John F. Kennedy Middle School,Miami-Dade,North Miami Beach,1052,576,Yes under Community Eligibility Option (CEO),true,6th Grade,8th Grade
120150001486,John F. Kennedy Middle School,Palm Beach,Riviera Beach,821,547,Yes under Community Eligibility Option (CEO),true,6th Grade,8th Grade
120015000098,John F. Kennedy Middle School,Brevard,Rockledge,447,222,Yes participating without using any Provision or the CEO,false,7th Grade,8th Grade
120015002281,John F. Turner Senior Elementary School,Brevard,Palm Bay,600,433,Yes under Community Eligibility Option (CEO),false,Prekindergarten,6th Grade
120111001181,John G Riley Elementary School,Leon,Tallahassee,608,477,Yes under Community Eligibility Option (CEO),false,Kindergarten,5th Grade
120039000408,John G. Dupuis Elementary School,Miami-Dade,Hialeah,508,327,Yes under Community Eligibility Option (CEO),false,Prekindergarten,5th Grade
120156001684,John Hopkins Middle School,Pinellas,St Petersburg,757,393,Yes under Community Eligibility Option (CEO),true,6th Grade,8th Grade
120150001548,John I. Leonard High School,Palm Beach,Greenacres,3262,1806,Yes under Community Eligibility Option (CEO),true,9th Grade,12th Grade
120039003048,John I. Smith K-8 Center,Miami-Dade,Doral,785,177,Yes under Community Eligibility Option (CEO),true,Prekindergarten,8th Grade
120156003253,John M. Sexton Elementary School,Pinellas,St Petersburg,355,246,Yes under Community Eligibility Option (CEO),false,Prekindergarten,5th Grade
120171003668,John Polk Alternative School,Seminole,Sanford,6,,No,false,6th Grade,12th Grade
120159001734,John Snively Elementary,Polk,Eloise,396,326,Yes under Community Eligibility Option (CEO),false,Prekindergarten,5th Grade
120048000683,John Stockton Elementary School,Duval,Jacksonville,464,72,Yes under Community Eligibility Option (CEO),false,Kindergarten,5th Grade
120144002782,John Young Elementary,Orange,Orlando,617,290,Yes under Community Eligibility Option (CEO),false,Prekindergarten,5th Grade
120039000394,Johnnie M Parris Colonial Drive Elementary School,Miami-Dade,Miami,289,164,Yes under Community Eligibility Option (CEO),false,Prekindergarten,5th Grade
120144001459,Jones High,Orange,Orlando,1653,1125,Yes under Community Eligibility Option (CEO),true,9th Grade,12th Grade
120039007291,Jorge Mas Canosa Middle School,Miami-Dade,Miami,1019,538,Yes under Community Eligibility Option (CEO),true,6th Grade,8th Grade
120039003559,Jose De Diego Middle School,Miami-Dade,Miami,647,381,Yes under Community Eligibility Option (CEO),true,6th Grade,8th Grade
120039007981,Jose Marti Mast 6-12 Academy,Miami-Dade,Hialeah,1008,393,Yes under Community Eligibility Option (CEO),true,6th Grade,12th Grade
120156001978,Joseph L. Carwise Middle School,Pinellas,Palm Harbor,859,267,Yes under Community Eligibility Option (CEO),false,6th Grade,8th Grade
120048000744,Joseph Stilwell Middle School,Duval,Jacksonville,489,283,Yes under Community Eligibility Option (CEO),true,6th Grade,8th Grade
120003000009,Joseph Williams Elementary School,Alachua,Gainesville,398,327,Yes under Community Eligibility Option (CEO),false,Kindergarten,5th Grade
120171007721,Journeys Academy,Seminole,Sanford,90,69,Yes participating without using any Provision or the CEO,true,1st Grade,12th Grade
120114001202,Joyce M. Bullock Elementary School,Levy,Williston,638,382,Yes under Community Eligibility Option (CEO),false,Prekindergarten,2nd Grade
120144001430,Judson B Walker Middle,Orange,Orlando,872,554,Yes under Community Eligibility Option (CEO),true,6th Grade,8th Grade
120087008579,Jule F Sumner High School,Hillsborough,Riverview,3602,1436,Yes under Community Eligibility Option (CEO),true,9th Grade,12th Grade
120048000647,Julia Landon College Preparatory & Leadership Development S,Duval,Jacksonville,895,129,Yes under Community Eligibility Option (CEO),false,6th Grade,8th Grade
120174001920,Julington Creek Elementary School,St. Johns,Saint Johns,923,183,Yes participating without using any Provision or the CEO,false,Prekindergarten,5th Grade
120150001476,Jupiter Elementary School,Palm Beach,Jupiter,826,478,Yes under Community Eligibility Option (CEO),false,Prekindergarten,5th Grade
120015002799,Jupiter Elementary School,Brevard,Palm Bay,856,549,Yes under Community Eligibility Option (CEO),false,Prekindergarten,6th Grade
120150002786,Jupiter Farms Elementary School,Palm Beach,Jupiter,609,87,Yes under Community Eligibility Option (CEO),false,Prekindergarten,5th Grade
120150001477,Jupiter High School,Palm Beach,Jupiter,3122,695,Yes under Community Eligibility Option (CEO),false,9th Grade,12th Grade
120150002375,Jupiter Middle School,Palm Beach,Jupiter,1272,412,Yes under Community Eligibility Option (CEO),true,6th Grade,8th Grade
120039008165,Just Arts and Management Charter Middle School,Miami-Dade,Doral,288,60,Yes participating without using any Provision or the CEO,true,6th Grade,8th Grade
120123008533,Just for Girls Elementary School,Manatee,Bradenton,42,35,Yes under Community Eligibility Option (CEO),false,Kindergarten,5th Grade
120123001839,Just for Girls Middle School,Manatee,Bradenton,33,30,Yes participating without using any Provision or the CEO,true,6th Grade,8th Grade
120144002219,Juvenile Detention,Orange,Orlando,69,26,No,false,Kindergarten,12th Grade
120123002084,Juvenile Detention Center,Manatee,Bradenton,77,3,Yes participating without using any Provision or the CEO,false,2nd Grade,12th Grade
120153003779,Juvenile Detention Center,Pasco,San Antonio,29,3,Yes participating without using any Provision or the CEO,false,6th Grade,12th Grade
120039002555,Juvenile Justice Center Alt Ed,Miami-Dade,Miami,70,11,No,true,6th Grade,12th Grade
120144004006,Juvenile Offenders Program,Orange,Orlando,11,3,No,false,7th Grade,12th Grade
120150002626,K. E. Cunningham/Canal Point Elementary,Palm Beach,Canal Point,283,250,Yes under Community Eligibility Option (CEO),false,Prekindergarten,5th Grade
120003003022,Kanapaha Middle School,Alachua,Gainesville,1014,506,Yes participating without using any Provision or the CEO,true,6th Grade,8th Grade
120159001736,Karen M. Siegel Academy,Polk,Lake Alfred,175,119,Yes under Community Eligibility Option (CEO),true,Prekindergarten,12th Grade
120201002028,Kate M. Smith Elementary School,Washington,Chipley,933,389,Yes under Community Eligibility Option (CEO),false,Kindergarten,5th Grade
120111001163,Kate Sullivan Elementary School,Leon,Tallahassee,737,313,Yes under Community Eligibility Option (CEO),false,Prekindergarten,5th Grade
120159001768,Kathleen Elementary School,Polk,Lakeland,453,357,Yes under Community Eligibility Option (CEO),false,Prekindergarten,5th Grade
120159001767,Kathleen Middle School,Polk,Lakeland,742,594,Yes under Community Eligibility Option (CEO),true,6th Grade,8th Grade
120159001766,Kathleen Senior High School,Polk,Lakeland,1861,1299,Yes under Community Eligibility Option (CEO),true,9th Grade,12th Grade
120144007567,Keenes Crossing Elementary,Orange,Windermere,954,135,Yes under Community Eligibility Option (CEO),false,Prekindergarten,5th Grade
120171002410,Keeth Elementary School,Seminole,Winter Springs,535,156,Yes participating without using any Provision or the CEO,false,Prekindergarten,5th Grade
120162001800,Kelley Smith Elementary School,Putnam,Palatka,776,370,Yes under Community Eligibility Option (CEO),false,Kindergarten,6th Grade
120144008786,Kelly Park School,Orange,Apopka,1073,319,Yes under Community Eligibility Option (CEO),false,Prekindergarten,8th Grade
120039000495,Kelsey L. Pharr Elementary School,Miami-Dade,Miami,294,190,Yes under Community Eligibility Option (CEO),false,Prekindergarten,5th Grade
120039000440,Kendale Elementary School,Miami-Dade,Miami,348,128,Yes under Community Eligibility Option (CEO),false,Prekindergarten,5th Grade
120039000441,Kendale Lakes Elementary School,Miami-Dade,Miami,693,337,Yes under Community Eligibility Option (CEO),false,Prekindergarten,5th Grade
120039008919,Kendall Greens High School,Miami-Dade,Miami,482,32,No,false,9th Grade,12th Grade
120039008697,Kendall Square K-8 Center,Miami-Dade,Miami,638,197,Yes under Community Eligibility Option (CEO),true,Kindergarten,8th Grade
120087000964,Kenly Elementary School,Hillsborough,Tampa,404,317,Yes under Community Eligibility Option (CEO),false,Prekindergarten,5th Grade
120087003180,Kenneth E. Adum PK-8 Magnet School,Hillsborough,Tampa,1007,135,Yes participating without using any Provision or the CEO,false,Prekindergarten,8th Grade
120039000442,Kensington Park Elementary School,Miami-Dade,Miami,969,512,Yes under Community Eligibility Option (CEO),false,Prekindergarten,5th Grade
120138001349,Kenwood Elementary School,Okaloosa,Fort Walton Beach,471,316,Yes participating without using any Provision or the CEO,false,Prekindergarten,5th Grade
120039000443,Kenwood K-8 Center,Miami-Dade,Miami,759,255,Yes under Community Eligibility Option (CEO),true,Prekindergarten,8th Grade
120048003846,Kernan Middle School,Duval,Jacksonville,1086,415,Yes under Community Eligibility Option (CEO),true,6th Grade,8th Grade
120048003844,Kernan Trail Elementary School,Duval,Jacksonville,676,264,Yes under Community Eligibility Option (CEO),false,Kindergarten,5th Grade
120174001909,Ketterlinus Elementary School,St. Johns,St Augustine,405,182,Yes under Community Eligibility Option (CEO),false,Prekindergarten,5th Grade
120039000444,Key Biscayne K-8 Center,Miami-Dade,Key Biscayne,884,56,Yes under Community Eligibility Option (CEO),false,Prekindergarten,8th Grade
120132001304,Key Largo School,Monroe,Key Largo,690,426,Yes participating without using any Provision or the CEO,true,Prekindergarten,8th Grade
120132001294,Key West High School,Monroe,Key West,1337,482,Yes participating without using any Provision or the CEO,true,9th Grade,12th Grade
120132007521,Keys Center,Monroe,Key West,9,6,Yes participating without using any Provision or the CEO,true,8th Grade,12th Grade
120039007529,Keys Gate Charter High School,Miami-Dade,Homestead,763,360,Yes participating without using any Provision or the CEO,true,9th Grade,12th Grade
120039004073,Keys Gate Charter School,Miami-Dade,Homestead,1950,1327,Yes participating without using any Provision or the CEO,true,Kindergarten,8th Grade
120030000327,Keystone Heights Elementary,Clay,Keystone Heights,779,516,Yes under Community Eligibility Option (CEO),false,Prekindergarten,6th Grade
120030000328,Keystone Heights Junior/Senior High,Clay,Keystone Heights,1139,679,Yes under Community Eligibility Option (CEO),true,7th Grade,12th Grade
120087005578,Kids Community College Riverview South (K-12),Hillsborough,Riverview,558,267,Yes participating without using any Provision or the CEO,false,Kindergarten,8th Grade
120087008137,Kids Community College Riverview Southeast,Hillsborough,Riverview,433,198,Yes participating without using any Provision or the CEO,false,Kindergarten,8th Grade
120144001378,Killarney Elementary,Orange,Winter Park,344,232,Yes under Community Eligibility Option (CEO),false,Prekindergarten,5th Grade
120111002473,Killearn Lakes Elementary School,Leon,Tallahassee,740,102,Yes under Community Eligibility Option (CEO),false,Prekindergarten,5th Grade
120003002465,Kimball Wiles Elementary School,Alachua,Gainesville,741,335,Yes participating without using any Provision or the CEO,false,Prekindergarten,5th Grade
120045007863,Kinder Cub School Inc,Dixie,Cross City,121,95,Yes under Community Eligibility Option (CEO),false,Prekindergarten,2nd Grade
120087000965,King High School,Hillsborough,Tampa,1154,648,Yes under Community Eligibility Option (CEO),true,9th Grade,12th Grade
120156008432,Kings Highway Elementary Magnet School,Pinellas,Clearwater,277,202,Yes under Community Eligibility Option (CEO),false,Prekindergarten,5th Grade
120048000729,Kings Trail Elementary School,Duval,Jacksonville,326,153,Yes under Community Eligibility Option (CEO),false,Prekindergarten,5th Grade
120051008560,Kingsfield Elementary School,Escambia,Cantonment,983,423,Yes participating without using any Provision or the CEO,false,Prekindergarten,5th Grade
120024003333,Kingsway Elementary School,Charlotte,Port Charlotte,579,316,Yes under Community Eligibility Option (CEO),false,Prekindergarten,5th Grade
120087000966,Kingswood Elementary School,Hillsborough,Brandon,437,319,Yes under Community Eligibility Option (CEO),false,Prekindergarten,5th Grade
120039000446,Kinloch Park Elementary School,Miami-Dade,Miami,548,331,Yes under Community Eligibility Option (CEO),false,Prekindergarten,5th Grade
120039000559,Kinloch Park Middle School,Miami-Dade,Miami,746,406,Yes under Community Eligibility Option (CEO),true,6th Grade,8th Grade
120048010637,Kipp Impact Academy,Duval,Jacksonville,806,785,Yes under Community Eligibility Option (CEO),false,Kindergarten,8th Grade
120048009005,Kipp Jacksonville K-12,Duval,Jacksonville,1452,1022,Yes under Community Eligibility Option (CEO),false,Kindergarten,12th Grade
120039008838,Kipp Miami-Liberty City,Miami-Dade,Miami,1359,124,Yes under Community Eligibility Option (CEO),false,Kindergarten,12th Grade
120048007894,Kipp V.o.i.c.e Academy,Duval,Jacksonville,898,837,Yes under Community Eligibility Option (CEO),true,Kindergarten,8th Grade
120153009035,Kirkland Ranch Academy of Innovation,Pasco,Wesley Chapel,1008,235,Yes under Community Eligibility Option (CEO),false,9th Grade,12th Grade
120153010801,Kirkland Ranch K-8,Pasco,Wesley Chapel,1145,241,Yes under Community Eligibility Option (CEO),false,Prekindergarten,8th Grade
120147004402,Kissimmee Charter Academy,Osceola,Kissimmee,752,724,No,true,Kindergarten,8th Grade
120147004398,Kissimmee Elementary School,Osceola,Kissimmee,740,382,Yes under Community Eligibility Option (CEO),false,Prekindergarten,5th Grade
120147003097,Kissimmee Middle School,Osceola,Kissimmee,892,462,Yes under Community Eligibility Option (CEO),true,6th Grade,8th Grade
120087000967,Knights Elementary School,Hillsborough,Plant City,630,328,Yes under Community Eligibility Option (CEO),false,Prekindergarten,5th Grade
120147010797,Knights Point K-8,Osceola,Kissimmee,1239,1025,Yes participating without using any Provision or the CEO,false,Prekindergarten,8th Grade
120147007621,Koa Elementary School,Osceola,Kissimmee,714,491,Yes under Community Eligibility Option (CEO),false,Prekindergarten,5th Grade
120150004024,L C Swain Middle School,Palm Beach,Greenacres,1275,838,Yes under Community Eligibility Option (CEO),true,6th Grade,8th Grade
120024002422,L. A. Ainger Middle School,Charlotte,Rotonda West,625,231,Yes under Community Eligibility Option (CEO),true,6th Grade,8th Grade
120051000840,L. D. McArthur Elementary School,Escambia,Pensacola,599,339,Yes under Community Eligibility Option (CEO),false,Prekindergarten,5th Grade
120144004394,La Amistad,Orange,Maitland,33,3,No,false,Kindergarten,12th Grade
120078000885,Labelle Elementary School,Hendry,Labelle,446,286,Yes under Community Eligibility Option (CEO),false,Prekindergarten,5th Grade
120078000888,Labelle High School,Hendry,Labelle,1422,731,Yes under Community Eligibility Option (CEO),true,9th Grade,12th Grade
120078004349,Labelle Middle School,Hendry,Labelle,830,503,Yes under Community Eligibility Option (CEO),true,6th Grade,8th Grade
120153001577,Lacoochee Elementary School,Pasco,Dade City,296,227,Yes under Community Eligibility Option (CEO),false,Prekindergarten,5th Grade
120102002329,Lafayette Elementary School,Lafayette,Mayo,546,358,Yes under Community Eligibility Option (CEO),false,Prekindergarten,5th Grade
120102001085,Lafayette High School,Lafayette,Mayo,606,336,Yes under Community Eligibility Option (CEO),true,6th Grade,12th Grade
120159001735,Lake Alfred Elementary School,Polk,Lake Alfred,1059,688,Yes under Community Eligibility Option (CEO),false,Prekindergarten,5th Grade
120159007029,Lake Alfred Polytech Academy,Polk,Lake Alfred,734,534,Yes under Community Eligibility Option (CEO),true,6th Grade,8th Grade
120030002550,Lake Asbury Elementary School,Clay,Green Cove Springs,935,438,Yes participating without using any Provision or the CEO,false,Prekindergarten,6th Grade
120030005468,Lake Asbury Junior High School,Clay,Green Cove Springs,940,471,Yes participating without using any Provision or the CEO,true,7th Grade,8th Grade
120171001888,Lake Brantley High School,Seminole,Altamonte Springs,2813,1225,Yes participating without using any Provision or the CEO,true,9th Grade,12th Grade
120144008801,Lake Buena Vista High School,Orange,Orlando,2140,594,Yes under Community Eligibility Option (CEO),false,9th Grade,12th Grade
120189001958,Lake Butler Elementary School,Union,Lake Butler,951,501,Yes under Community Eligibility Option (CEO),false,Prekindergarten,4th Grade
120189001957,Lake Butler Middle School,Union,Lake Butler,752,351,Yes under Community Eligibility Option (CEO),true,5th Grade,8th Grade
120036002732,Lake City Middle School,Columbia,Lake City,809,423,Yes under Community Eligibility Option (CEO),true,7th Grade,8th Grade
120144001372,Lake Como School,Orange,Orlando,928,413,Yes under Community Eligibility Option (CEO),true,Prekindergarten,8th Grade
120084002606,Lake Country Elementary School,Highlands,Lake Placid,604,383,Yes under Community Eligibility Option (CEO),false,Prekindergarten,5th Grade
120105003414,Lake County Acer Program,Lake,Tavares,5,,No,false,6th Grade,12th Grade
120144003450,Lake Eola Charter,Orange,Orlando,190,,No,false,Kindergarten,8th Grade
120003000005,Lake Forest Elementary School,Alachua,Gainesville,268,227,Yes under Community Eligibility Option (CEO),false,Kindergarten,5th Grade
120018000205,Lake Forest Elementary School,Broward,Pembroke Park,555,329,Yes under Community Eligibility Option (CEO),false,Prekindergarten,5th Grade
120144003452,Lake Gem Elementary,Orange,Orlando,565,331,Yes under Community Eligibility Option (CEO),false,Prekindergarten,5th Grade
120144003454,Lake George Elementary,Orange,Orlando,448,231,Yes under Community Eligibility Option (CEO),false,Prekindergarten,5th Grade
120159001792,Lake Gibson Middle School,Polk,Lakeland,1149,794,Yes under Community Eligibility Option (CEO),true,6th Grade,8th Grade
120159002405,Lake Gibson Senior High School,Polk,Lakeland,1973,1230,Yes under Community Eligibility Option (CEO),true,9th Grade,12th Grade
120105001118,Lake Hills School,Lake,Howey in the Hills,204,90,Yes under Community Eligibility Option (CEO),true,Prekindergarten,12th Grade
120171001895,Lake Howell High School,Seminole,Winter Park,2241,1140,Yes participating without using any Provision or the CEO,true,9th Grade,12th Grade
120048000680,Lake Lucina Elementary School,Duval,Jacksonville,331,197,Yes under Community Eligibility Option (CEO),false,Prekindergarten,5th Grade
120087000968,Lake Magdalene Elementary School,Hillsborough,Tampa,739,397,Yes under Community Eligibility Option (CEO),false,Prekindergarten,5th Grade
120159005346,Lake Marion Creek Middle School,Polk,Poinciana,1013,745,Yes under Community Eligibility Option (CEO),true,6th Grade,8th Grade
120171001866,Lake Mary Elementary School,Seminole,Lake Mary,881,433,Yes participating without using any Provision or the CEO,false,Prekindergarten,5th Grade
120171002261,Lake Mary High School,Seminole,Lake Mary,2714,1108,Yes participating without using any Provision or the CEO,true,9th Grade,12th Grade
120105007689,Lake Minneola High School,Lake,Minneola,2309,495,Yes under Community Eligibility Option (CEO),true,9th Grade,12th Grade
120153002451,Lake Myrtle Elementary School,Pasco,Land O Lakes,559,164,Yes under Community Eligibility Option (CEO),false,Prekindergarten,5th Grade
120144007646,Lake Nona High,Orange,Orlando,2974,432,Yes under Community Eligibility Option (CEO),true,9th Grade,12th Grade
120144007531,Lake Nona Middle,Orange,Orlando,1179,162,Yes under Community Eligibility Option (CEO),true,6th Grade,8th Grade
120171001899,Lake Orienta Elementary School,Seminole,Altamonte Springs,574,415,Yes participating without using any Provision or the CEO,false,Prekindergarten,5th Grade
120180002639,Lake Panasoffkee Elementary School,Sumter,Lake Panasoffkee,621,272,Yes under Community Eligibility Option (CEO),false,Prekindergarten,5th Grade
120150001483,Lake Park Elementary School,Palm Beach,Lake Park,389,281,Yes under Community Eligibility Option (CEO),false,Prekindergarten,5th Grade
120033000340,Lake Park Elementary School,Collier,Naples,475,197,Yes participating without using any Provision or the CEO,false,Prekindergarten,5th Grade
120084000904,Lake Placid Elementary School,Highlands,Lake Placid,569,415,Yes under Community Eligibility Option (CEO),false,Prekindergarten,5th Grade
120084000907,Lake Placid High School,Highlands,Lake Placid,829,501,Yes under Community Eligibility Option (CEO),true,9th Grade,12th Grade
120084002651,Lake Placid Middle School,Highlands,Lake Placid,507,342,Yes under Community Eligibility Option (CEO),true,6th Grade,8th Grade
120105008934,Lake Pointe Academy,Lake,Clermont,985,405,Yes under Community Eligibility Option (CEO),false,Prekindergarten,8th Grade
120159003016,Lake Region High School,Polk,Eagle Lake,1568,1134,Yes under Community Eligibility Option (CEO),true,9th Grade,12th Grade
120159001733,Lake Shipp Elementary School,Polk,Winter Haven,576,447,Yes under Community Eligibility Option (CEO),false,Prekindergarten,5th Grade
120150001543,Lake Shore Middle School,Palm Beach,Belle Glade,651,521,Yes under Community Eligibility Option (CEO),true,6th Grade,8th Grade
120048000665,Lake Shore Middle School,Duval,Jacksonville,748,508,Yes under Community Eligibility Option (CEO),true,6th Grade,8th Grade
120144001390,Lake Silver Elementary,Orange,Orlando,452,308,Yes under Community Eligibility Option (CEO),false,Prekindergarten,5th Grade
120156002633,Lake St. George Elementary School,Pinellas,Palm Harbor,499,170,Yes under Community Eligibility Option (CEO),false,Prekindergarten,5th Grade
120039000447,Lake Stevens Elementary School,Miami-Dade,Miami Gardens,255,148,Yes under Community Eligibility Option (CEO),false,Prekindergarten,5th Grade
120039000560,Lake Stevens Middle School,Miami-Dade,Miami Gardens,509,305,Yes under Community Eligibility Option (CEO),true,6th Grade,8th Grade
120105008829,Lake Success Academy,Lake,Howey Iin the Hills,26,14,Yes under Community Eligibility Option (CEO),false,Kindergarten,12th Grade
120105010775,Lake Success Elementary School,Lake,Eustis,3,,No,false,Kindergarten,5th Grade
120144001433,Lake Sybelia Elementary,Orange,Maitland,437,217,Yes under Community Eligibility Option (CEO),false,Prekindergarten,5th Grade
120033000347,Lake Trafford Elementary School,Collier,Immokalee,717,527,Yes under Community Eligibility Option (CEO),false,Prekindergarten,5th Grade
120105007880,Lake Virtual Franchise,Lake,Eustis,247,6,No,false,Kindergarten,12th Grade
120159001790,Lake Wales Senior High School,Polk,Lake Wales,1597,1095,Yes under Community Eligibility Option (CEO),true,9th Grade,12th Grade
120126001280,Lake Weir High School,Marion,Ocala,1447,859,Yes under Community Eligibility Option (CEO),true,9th Grade,12th Grade
120126001266,Lake Weir Middle School,Marion,Summerfield,1141,762,Yes under Community Eligibility Option (CEO),true,6th Grade,8th Grade
120144001402,Lake Weston Elementary,Orange,Orlando,415,330,Yes under Community Eligibility Option (CEO),false,Prekindergarten,5th Grade
120144003221,Lake Whitney Elementary,Orange,Winter Garden,549,94,Yes under Community Eligibility Option (CEO),false,Prekindergarten,5th Grade
120150002873,Lake Worth Community Middle,Palm Beach,Lake Worth,1136,708,Yes under Community Eligibility Option (CEO),true,6th Grade,8th Grade
120150001516,Lake Worth High School,Palm Beach,Lake Worth,2589,1555,Yes under Community Eligibility Option (CEO),true,9th Grade,12th Grade
120159001793,Lakeland Highlands Middle School,Polk,Lakeland,1118,586,Yes under Community Eligibility Option (CEO),false,6th Grade,8th Grade
120159004178,Lakeland Montessori School House,Polk,Lakeland,129,7,Yes under Community Eligibility Option (CEO),false,Kindergarten,8th Grade
120159001703,Lakeland Senior High School,Polk,Lakeland,1985,1127,Yes under Community Eligibility Option (CEO),true,9th Grade,12th Grade
120144001394,Lakemont Elementary,Orange,Winter Park,629,223,Yes under Community Eligibility Option (CEO),false,Kindergarten,5th Grade
120174010705,Lakeside Academy,St. Johns,St Augustine,1356,239,Yes participating without using any Provision or the CEO,false,Kindergarten,8th Grade
120030000332,Lakeside Elementary School,Clay,Orange Park,726,451,Yes under Community Eligibility Option (CEO),false,Prekindergarten,6th Grade
120018003305,Lakeside Elementary School,Broward,Pembroke Pines,500,185,Yes under Community Eligibility Option (CEO),false,Prekindergarten,5th Grade
120030000331,Lakeside Junior High School,Clay,Orange Park,865,502,Yes participating without using any Provision or the CEO,false,6th Grade,8th Grade
120039000448,Lakeview Elementary School,Miami-Dade,Miami,351,233,Yes under Community Eligibility Option (CEO),false,Prekindergarten,5th Grade
120147002576,Lakeview Elementary School,Osceola,Saint Cloud,752,404,Yes under Community Eligibility Option (CEO),false,Prekindergarten,5th Grade
120168002583,Lakeview Elementary School,Sarasota,Sarasota,741,209,Yes participating without using any Provision or the CEO,false,Prekindergarten,5th Grade
120156001631,Lakeview Fundamental Elementary,Pinellas,St Petersburg,309,130,Yes under Community Eligibility Option (CEO),false,Prekindergarten,5th Grade
120144001380,Lakeview Middle,Orange,Winter Garden,786,342,Yes under Community Eligibility Option (CEO),true,6th Grade,9th Grade
120144003451,Lakeville Elementary,Orange,Apopka,631,381,Yes under Community Eligibility Option (CEO),false,Prekindergarten,5th Grade
120156001632,Lakewood Elementary School,Pinellas,St Petersburg,446,353,Yes under Community Eligibility Option (CEO),false,Prekindergarten,5th Grade
120156001633,Lakewood High School,Pinellas,St Petersburg,880,485,Yes under Community Eligibility Option (CEO),true,9th Grade,12th Grade
120177002265,Lakewood Park Elementary School,St. Lucie,Fort Pierce,645,439,Yes under Community Eligibility Option (CEO),false,Prekindergarten,5th Grade
120123003425,Lakewood Ranch High School,Manatee,Bradenton,2422,631,Yes participating without using any Provision or the CEO,false,9th Grade,12th Grade
120123010679,Lakewood Ranch Preparatory Academy,Manatee,Fort Lauderdale,1369,303,Yes participating without using any Provision or the CEO,false,Kindergarten,12th Grade
120039004076,Lamar Louise Curry Middle School,Miami-Dade,Miami,718,323,Yes under Community Eligibility Option (CEO),true,6th Grade,8th Grade
120168005389,Lamarque Elementary School,Sarasota,North Port,1025,656,Yes participating without using any Provision or the CEO,false,Prekindergarten,5th Grade
120087008324,Lamb Elementary,Hillsborough,Tampa,513,374,Yes under Community Eligibility Option (CEO),false,Prekindergarten,5th Grade
120144001420,Lancaster Elementary,Orange,Orlando,646,441,Yes under Community Eligibility Option (CEO),false,Prekindergarten,5th Grade
120153001586,Land O' Lakes High School,Pasco,Land O Lakes,2233,411,Yes under Community Eligibility Option (CEO),false,9th Grade,12th Grade
120048002741,Landmark Middle School,Duval,Jacksonville,876,358,Yes under Community Eligibility Option (CEO),true,6th Grade,8th Grade
120159008736,Language & Literacy Academy for Learning,Polk,Winter Haven,332,284,Yes under Community Eligibility Option (CEO),false,Prekindergarten,12th Grade
120087000969,Lanier Elementary School,Hillsborough,Tampa,282,159,Yes under Community Eligibility Option (CEO),false,Prekindergarten,5th Grade
120018002486,Lanier-James Education Center,Broward,Hallandale Beach,131,88,Yes under Community Eligibility Option (CEO),true,1st Grade,12th Grade
120150001520,Lantana Elementary School,Palm Beach,Lantana,517,373,Yes under Community Eligibility Option (CEO),false,Prekindergarten,5th Grade
120150001521,Lantana Middle School,Palm Beach,Lantana,819,539,Yes under Community Eligibility Option (CEO),true,6th Grade,8th Grade
120156001635,Largo High School,Pinellas,Largo,2058,878,Yes under Community Eligibility Option (CEO),true,9th Grade,12th Grade
120156001596,Largo Middle School,Pinellas,Largo,752,413,Yes under Community Eligibility Option (CEO),true,6th Grade,8th Grade
120018000190,Larkdale Elementary School,Broward,Lauderhill,399,298,Yes under Community Eligibility Option (CEO),false,Prekindergarten,5th Grade
120018000250,Lauderdale Lakes Middle School,Broward,Lauderdale Lakes,726,411,Yes under Community Eligibility Option (CEO),true,6th Grade,8th Grade
120018000239,Lauderhill 6-12,Broward,Lauderhill,716,412,Yes under Community Eligibility Option (CEO),true,6th Grade,12th Grade
120018000238,Lauderhill Paul Turner Elementary School,Broward,Lauderdale Lakes,590,392,Yes under Community Eligibility Option (CEO),false,Prekindergarten,5th Grade
120039000452,Laura C. Saunders Elementary School,Miami-Dade,Homestead,498,332,Yes under Community Eligibility Option (CEO),false,Prekindergarten,5th Grade
120144008493,Laureate Park Elementary,Orange,Orlando,1220,131,Yes under Community Eligibility Option (CEO),false,Prekindergarten,5th Grade
120159006951,Laurel Elementary School,Polk,Poinciana,1126,880,Yes under Community Eligibility Option (CEO),false,Prekindergarten,5th Grade
120138001332,Laurel Hill School,Okaloosa,Laurel Hill,432,299,Yes participating without using any Provision or the CEO,true,Prekindergarten,12th Grade
120168001154,Laurel Nokomis School,Sarasota,Nokomis,1384,500,Yes participating without using any Provision or the CEO,false,Prekindergarten,8th Grade
120033001382,Laurel Oak Elementary School,Collier,Naples,1069,248,Yes participating without using any Provision or the CEO,false,Prekindergarten,5th Grade
120033008828,Lavern Gaynor Elementary,Collier,Naples,366,213,Yes under Community Eligibility Option (CEO),false,Prekindergarten,5th Grade
120048004344,Lavilla School of the Arts,Duval,Jacksonville,972,242,Yes under Community Eligibility Option (CEO),false,6th Grade,8th Grade
120087001010,Lavoy Exceptional Center,Hillsborough,Tampa,42,17,Yes under Community Eligibility Option (CEO),true,Prekindergarten,12th Grade
120039007496,Law Enforcement Officers Memorial High School,Miami-Dade,Miami,281,165,Yes under Community Eligibility Option (CEO),true,9th Grade,12th Grade
120177001925,Lawnwood Elementary School,St. Lucie,Fort Pierce,765,520,Yes under Community Eligibility Option (CEO),false,Prekindergarten,5th Grade
120012000073,Lawtey Elementary School,Bradford,Lawtey,257,142,Yes under Community Eligibility Option (CEO),false,Prekindergarten,6th Grade
120144003628,Lawton Chiles Elementary,Orange,Orlando,503,328,Yes under Community Eligibility Option (CEO),false,Prekindergarten,5th Grade
120111003598,Lawton Chiles High School,Leon,Tallahassee,1881,201,Yes participating without using any Provision or the CEO,false,9th Grade,12th Grade
120159003015,Lawton Chiles Middle Academy,Polk,Lakeland,704,308,Yes under Community Eligibility Option (CEO),false,6th Grade,8th Grade
120039004338,Lawton Chiles Middle School,Miami-Dade,Hialeah,514,270,Yes under Community Eligibility Option (CEO),true,6th Grade,8th Grade
120171001869,Lawton Elementary School,Seminole,Oviedo,715,209,Yes participating without using any Provision or the CEO,false,Prekindergarten,5th Grade
120003003530,Lawton M. Chiles Elementary School,Alachua,Gainesville,692,240,Yes participating without using any Provision or the CEO,false,Prekindergarten,5th Grade
120171004010,Layer Elementary School,Seminole,Winter Springs,543,269,Yes participating without using any Provision or the CEO,false,Prekindergarten,5th Grade
120156001636,Lealman Avenue Elementary School,Pinellas,St Petersburg,371,275,Yes under Community Eligibility Option (CEO),false,Prekindergarten,5th Grade
120156001637,Lealman Innovation Academy,Pinellas,St Petersburg,307,246,Yes under Community Eligibility Option (CEO),true,5th Grade,12th Grade
120165003505,Learning Academy of Santa Rosa,Santa Rosa,Milton,62,45,Yes participating without using any Provision or the CEO,true,6th Grade,12th Grade
120087004358,Learning Gate Community School,Hillsborough,Lutz,761,34,Yes participating without using any Provision or the CEO,false,Kindergarten,8th Grade
120153008374,Learning Lodge Academy,Pasco,New Port Richey,308,160,Yes under Community Eligibility Option (CEO),false,Kindergarten,8th Grade
120027002425,Lecanto High School,Citrus,Lecanto,1735,626,Yes under Community Eligibility Option (CEO),true,9th Grade,12th Grade
120027002123,Lecanto Middle School,Citrus,Lecanto,786,319,Yes under Community Eligibility Option (CEO),true,6th Grade,8th Grade
120027002424,Lecanto Primary School,Citrus,Lecanto,816,425,Yes under Community Eligibility Option (CEO),false,Prekindergarten,5th Grade
120108009019,Lee County Acceleration Academies,Lee,Fort Myers,230,117,Yes under Community Eligibility Option (CEO),false,8th Grade,12th Grade
120108003724,Lee County Jail,Lee,Fort Myers,4,,No,false,7th Grade,12th Grade
120108007800,Lee County Virtual Franchise,Lee,Fort Myers,796,127,No,false,Prekindergarten,12th Grade
120120001215,Lee Elementary School,Madison,Lee,163,105,Yes under Community Eligibility Option (CEO),false,Prekindergarten,6th Grade
120105003980,Leesburg Elementary School,Lake,Leesburg,843,514,Yes under Community Eligibility Option (CEO),false,Prekindergarten,5th Grade
120105001097,Leesburg High School,Lake,Leesburg,1724,822,Yes under Community Eligibility Option (CEO),true,9th Grade,12th Grade
120039000450,Leewood K-8 Center,Miami-Dade,Miami,506,123,Yes under Community Eligibility Option (CEO),false,Prekindergarten,8th Grade
120006010621,Legacy Elementary School,Baker,Macclenny,650,349,Yes under Community Eligibility Option (CEO),false,1st Grade,5th Grade
120126008321,Legacy Elementary School,Marion,Ocala,753,535,Yes under Community Eligibility Option (CEO),false,Prekindergarten,5th Grade
120144005634,Legacy High Charter,Orange,Ocoee,215,,No,false,9th Grade,12th Grade
120144005636,Legacy Middle,Orange,Orlando,710,318,Yes under Community Eligibility Option (CEO),true,6th Grade,8th Grade
120087004102,Legacy Preparatory Academy,Hillsborough,Tampa,102,96,Yes under Community Eligibility Option (CEO),true,Kindergarten,8th Grade
120192008468,Legacy Scholars Academy,Volusia,Enterprise,22,9,No,true,Kindergarten,12th Grade
120144008333,Legends Academy Charter,Orange,Orlando,220,152,Yes under Community Eligibility Option (CEO),true,Prekindergarten,8th Grade
120108002335,Lehigh Acres Middle School,Lee,Lehigh Acres,1509,888,Yes under Community Eligibility Option (CEO),true,6th Grade,8th Grade
120108001138,Lehigh Elementary School,Lee,Lehigh Acres,1207,795,Yes under Community Eligibility Option (CEO),false,Prekindergarten,5th Grade
120108002398,Lehigh Senior High School,Lee,Lehigh Acres,2550,1375,Yes under Community Eligibility Option (CEO),true,9th Grade,12th Grade
120156002244,Leila Davis Elementary School,Pinellas,Clearwater,636,214,Yes participating without using any Provision or the CEO,false,Prekindergarten,5th Grade
120039000451,Leisure City K-8 Center,Miami-Dade,Homestead,1059,740,Yes under Community Eligibility Option (CEO),true,Prekindergarten,8th Grade
120033002731,Lely Elementary School,Collier,Naples,499,284,Yes under Community Eligibility Option (CEO),false,Prekindergarten,5th Grade
120033000354,Lely High School,Collier,Naples,1475,576,Yes under Community Eligibility Option (CEO),true,9th Grade,12th Grade
120024000298,Lemon Bay High School,Charlotte,Englewood,1343,358,Yes under Community Eligibility Option (CEO),true,9th Grade,12th Grade
120108010675,Lemuel Teal Middle School,Lee,Lehigh Acres,1008,618,Yes under Community Eligibility Option (CEO),false,6th Grade,8th Grade
120159001748,Lena Vista Elementary School,Polk,Auburndale,915,663,Yes under Community Eligibility Option (CEO),false,Prekindergarten,5th Grade
120087004872,Lennard High School,Hillsborough,Ruskin,2553,1067,Yes under Community Eligibility Option (CEO),true,9th Grade,12th Grade
120039000368,Lenora Braynon Smith Elementary,Miami-Dade,Miami,353,233,Yes under Community Eligibility Option (CEO),false,Prekindergarten,5th Grade
120111003601,Leon Co Juvenile Detention Center,Leon,Tallahassee,52,25,Yes participating without using any Provision or the CEO,false,Kindergarten,12th Grade
120111007793,Leon County Virtual School Franchise,Leon,Tallahassee,88,6,No,false,6th Grade,12th Grade
120111001162,Leon High School,Leon,Tallahassee,1793,559,Yes under Community Eligibility Option (CEO),false,9th Grade,12th Grade
120087000972,Leto High School,Hillsborough,Tampa,1995,1133,Yes under Community Eligibility Option (CEO),true,9th Grade,12th Grade
120114007817,Levy Virtual Franchise,Levy,Bronson,4,,No,false,6th Grade,12th Grade
120159004438,Lewis Anna Woodbury Elementary School,Polk,Fort Meade,593,467,Yes under Community Eligibility Option (CEO),false,Prekindergarten,5th Grade
120015000126,Lewis Carroll Elementary School,Brevard,Merritt Island,634,235,Yes participating without using any Provision or the CEO,false,Prekindergarten,6th Grade
120054002558,Lewis E. Wadsworth Elementary,Flagler,Palm Coast,740,344,Yes under Community Eligibility Option (CEO),false,Prekindergarten,5th Grade
120087002509,Lewis Elementary School,Hillsborough,Temple Terrace,546,350,Yes under Community Eligibility Option (CEO),false,Prekindergarten,5th Grade
120108003964,Lexington Middle School,Lee,Fort Myers,1054,404,Yes under Community Eligibility Option (CEO),true,6th Grade,8th Grade
120039000453,Liberty City Elementary School,Miami-Dade,Miami,299,196,Yes under Community Eligibility Option (CEO),false,Prekindergarten,5th Grade
120117001205,Liberty County High School,Liberty,Bristol,336,116,Yes under Community Eligibility Option (CEO),true,9th Grade,12th Grade
120117003730,Liberty Early Learning Center,Liberty,Bristol,68,35,Yes under Community Eligibility Option (CEO),false,Prekindergarten,Prekindergarten
120018003818,Liberty Elementary School,Broward,Margate,684,352,Yes under Community Eligibility Option (CEO),false,Prekindergarten,5th Grade
120024002549,Liberty Elementary School,Charlotte,Port Charlotte,764,422,Yes under Community Eligibility Option (CEO),false,Prekindergarten,5th Grade
120147007417,Liberty High School,Osceola,Kissimmee,1362,764,Yes under Community Eligibility Option (CEO),true,9th Grade,12th Grade
120093003866,Liberty Magnet School,Indian River,Vero Beach,560,221,Yes participating without using any Provision or the CEO,false,Kindergarten,5th Grade
120144001457,Liberty Middle,Orange,Orlando,857,492,Yes under Community Eligibility Option (CEO),true,6th Grade,8th Grade
120126004385,Liberty Middle School,Marion,Ocala,1171,560,Yes under Community Eligibility Option (CEO),true,6th Grade,8th Grade
120087003860,Liberty Middle School,Hillsborough,Tampa,779,306,Yes under Community Eligibility Option (CEO),true,6th Grade,8th Grade
120150002784,Liberty Park Elementary School,Palm Beach,Greenacres,914,610,Yes under Community Eligibility Option (CEO),false,Prekindergarten,5th Grade
120174007576,Liberty Pines Academy,St. Johns,Saint Johns,1795,324,Yes participating without using any Provision or the CEO,false,Kindergarten,8th Grade
120117007958,Liberty Virtual Franchise,Liberty,Bristol,7,,No,false,4th Grade,12th Grade
120174008953,Life Work/Project Search,St. Johns,St Augustine,104,32,Yes participating without using any Provision or the CEO,false,12th Grade,12th Grade
120150002692,Lighthouse Elementary School,Palm Beach,Jupiter,569,84,Yes under Community Eligibility Option (CEO),false,Prekindergarten,2nd Grade
120039000413,Lillie C. Evans K-8 Center,Miami-Dade,Miami,269,197,Yes under Community Eligibility Option (CEO),true,Prekindergarten,8th Grade
120150002696,Limestone Creek Elementary School,Palm Beach,Jupiter,902,203,Yes under Community Eligibility Option (CEO),false,Prekindergarten,5th Grade
120087000973,Limona Elementary School,Hillsborough,Brandon,543,286,Yes under Community Eligibility Option (CEO),false,Prekindergarten,5th Grade
120159001718,Lincoln Avenue Academy,Polk,Lakeland,512,193,Yes under Community Eligibility Option (CEO),false,Kindergarten,5th Grade
120087000974,Lincoln Elementary Magnet School,Hillsborough,Plant City,510,228,Yes under Community Eligibility Option (CEO),false,Prekindergarten,5th Grade
120150001487,Lincoln Elementary School,Palm Beach,Riviera Beach,397,311,Yes under Community Eligibility Option (CEO),false,Prekindergarten,5th Grade
120111001194,Lincoln High School,Leon,Tallahassee,1822,420,Yes under Community Eligibility Option (CEO),false,9th Grade,12th Grade
120123009020,Lincoln Memorial Middle School,Manatee,Palmetto,448,357,Yes under Community Eligibility Option (CEO),false,6th Grade,8th Grade
120177001932,Lincoln Park Academy,St. Lucie,Fort Pierce,1667,909,Yes participating without using any Provision or the CEO,true,6th Grade,12th Grade
120105010776,Lincoln Park Education Center,Lake,Clemont,71,33,Yes participating without using any Provision or the CEO,false,9th Grade,12th Grade
120051002063,Lincoln Park Elementary School,Escambia,Pensacola,211,161,Yes under Community Eligibility Option (CEO),false,Prekindergarten,5th Grade
120039007517,Lincoln-Marti Charter School (Hialeah Campus),Miami-Dade,Hialeah,171,87,No,true,Kindergarten,12th Grade
120039007538,Lincoln-Marti Charter School (Little Havana Campus),Miami-Dade,Miami,674,274,No,true,Kindergarten,8th Grade
120147008554,Lincoln-Marti Charter Schools(osceola Campus),Osceola,Miami,120,73,No,true,Kindergarten,8th Grade
120039007578,Lincoln-Marti Schools (International Campus),Miami-Dade,Florida City,210,128,No,true,Kindergarten,8th Grade
120039003343,Linda Lentin K-8 Center,Miami-Dade,North Miami Beach,594,399,Yes under Community Eligibility Option (CEO),true,Prekindergarten,8th Grade
120087008760,Literacy Leadership Technology Academy South Bay,Hillsborough,Ruskin,813,77,No,false,Kindergarten,8th Grade
120087005577,Literacy/Leadership/Technology Academy,Hillsborough,Tampa,437,38,No,false,Kindergarten,8th Grade
120087000696,Lithia Springs Elementary School,Hillsborough,Valrico,609,150,Yes participating without using any Provision or the CEO,false,Prekindergarten,5th Grade
120144002861,Little River Elementary,Orange,Orlando,355,256,Yes under Community Eligibility Option (CEO),false,Prekindergarten,5th Grade
120003000007,Littlewood Elementary School,Alachua,Gainesville,714,325,Yes under Community Eligibility Option (CEO),false,Prekindergarten,5th Grade
120138003735,Liza Jackson Preparatory School,Okaloosa,Fort Walton Beach,977,213,Yes participating without using any Provision or the CEO,false,Kindergarten,8th Grade
120018000223,Lloyd Estates Elementary School,Broward,Oakland Park,386,235,Yes under Community Eligibility Option (CEO),false,Prekindergarten,5th Grade
120144001385,Lockhart Elementary,Orange,Orlando,452,312,Yes under Community Eligibility Option (CEO),false,Prekindergarten,5th Grade
120087004086,Lockhart Elementary Magnet School,Hillsborough,Tampa,376,322,Yes under Community Eligibility Option (CEO),false,Prekindergarten,5th Grade
120144001409,Lockhart Middle,Orange,Orlando,660,432,Yes under Community Eligibility Option (CEO),true,6th Grade,8th Grade
120015002112,Lockmar Elementary School,Brevard,Palm Bay,572,288,Yes under Community Eligibility Option (CEO),false,Prekindergarten,6th Grade
120150002378,Loggers' Run Community Middle School,Palm Beach,Boca Raton,1114,258,Yes under Community Eligibility Option (CEO),true,6th Grade,8th Grade
120087003376,Lomax Magnet Elementary School,Hillsborough,Tampa,239,186,Yes under Community Eligibility Option (CEO),false,Prekindergarten,5th Grade
120048000755,Lone Star Elementary School,Duval,Jacksonville,318,164,Yes under Community Eligibility Option (CEO),false,Kindergarten,5th Grade
120048007825,Lone Star High School,Duval,Jacksonville,243,95,No,true,9th Grade,12th Grade
120048000695,Long Branch Elementary School,Duval,Jacksonville,303,238,Yes under Community Eligibility Option (CEO),false,Kindergarten,5th Grade
120015003295,Longleaf Elementary School,Brevard,Melbourne,578,134,Yes participating without using any Provision or the CEO,false,Prekindergarten,6th Grade
120153005692,Longleaf Elementary School,Pasco,New Port Richey,601,197,Yes under Community Eligibility Option (CEO),false,Prekindergarten,5th Grade
120051000838,Longleaf Elementary School,Escambia,Pensacola,545,371,Yes under Community Eligibility Option (CEO),false,Prekindergarten,5th Grade
120171001867,Longwood Elementary School,Seminole,Longwood,573,371,Yes participating without using any Provision or the CEO,false,Prekindergarten,5th Grade
120138001354,Longwood Elementary School,Okaloosa,Shalimar,555,425,Yes participating without using any Provision or the CEO,false,Prekindergarten,5th Grade
120087002439,Lopez Elementary School,Hillsborough,Seffner,511,323,Yes under Community Eligibility Option (CEO),false,Prekindergarten,5th Grade
120087008084,Lopez Exceptional Center,Hillsborough,Seffner,57,26,Yes under Community Eligibility Option (CEO),true,Prekindergarten,12th Grade
120039000455,Lorah Park Elementary School,Miami-Dade,Miami,207,146,Yes under Community Eligibility Option (CEO),false,Prekindergarten,5th Grade
120033004488,Lorenzo Walker Technical High School,Collier,Naples,588,342,Yes participating without using any Provision or the CEO,true,9th Grade,12th Grade
120048000646,Loretto Elementary School,Duval,Jacksonville,1039,226,Yes under Community Eligibility Option (CEO),false,Prekindergarten,5th Grade
120105003595,Lost Lake Elementary School,Lake,Clermont,997,276,Yes under Community Eligibility Option (CEO),false,Prekindergarten,5th Grade
120159001043,Loughman Oaks Elementary School,Polk,Davenport,1179,641,Yes under Community Eligibility Option (CEO),false,Prekindergarten,5th Grade
120048000763,Louis S. Sheffield Elementary School,Duval,Jacksonville,656,222,Yes under Community Eligibility Option (CEO),false,Kindergarten,5th Grade
120123002585,Louise R Johnson K-8 School of International Studies,Manatee,Bradenton,844,585,Yes participating without using any Provision or the CEO,true,Prekindergarten,8th Grade
120192001971,Louise S. McInnis Elementary School,Volusia,De Leon Springs,358,249,Yes under Community Eligibility Option (CEO),false,Prekindergarten,5th Grade
120048000677,Love Grove Elementary School,Duval,Jacksonville,380,201,Yes under Community Eligibility Option (CEO),false,Prekindergarten,5th Grade
120144001417,Lovell Elementary,Orange,Apopka,655,431,Yes under Community Eligibility Option (CEO),false,Prekindergarten,5th Grade
120132008681,Lower Keys Academic Connections for Excellence,Monroe,Key West,12,6,No,false,6th Grade,12th Grade
120087000723,Lowry Elementary School,Hillsborough,Tampa,755,212,Yes under Community Eligibility Option (CEO),false,Prekindergarten,5th Grade
120150002524,Loxahatchee Groves Elementary,Palm Beach,Loxahatchee,695,299,Yes under Community Eligibility Option (CEO),false,Prekindergarten,5th Grade
120009000045,Lucille Moore Elementary School,Bay,Panama City,543,368,Yes under Community Eligibility Option (CEO),false,Prekindergarten,5th Grade
120144008565,Lucious and Emma Nixon Academy Charter,Orange,Orlando,74,,No,false,Kindergarten,5th Grade
120039000456,Ludlam Elementary School,Miami-Dade,South Miami,260,131,Yes under Community Eligibility Option (CEO),false,Prekindergarten,5th Grade
120138001329,Lula J. Edge Elementary School,Okaloosa,Niceville,501,233,Yes participating without using any Provision or the CEO,false,Prekindergarten,5th Grade
120144008942,Luminary Middle,Orange,Orlando,662,143,Yes participating without using any Provision or the CEO,false,6th Grade,8th Grade
120087000976,Lutz K-8 School,Hillsborough,Lutz,771,268,Yes under Community Eligibility Option (CEO),true,Prekindergarten,8th Grade
120087008063,Lutz Preparatory School,Hillsborough,Lutz,779,7,No,false,Kindergarten,8th Grade
120171001887,Lyman High School,Seminole,Longwood,2026,1066,Yes participating without using any Provision or the CEO,true,9th Grade,12th Grade
120156001622,Lynch Elementary School,Pinellas,St Petersburg,450,323,Yes under Community Eligibility Option (CEO),false,Prekindergarten,5th Grade
120015000111,Lyndon B. Johnson Middle School,Brevard,Melbourne,580,287,Yes under Community Eligibility Option (CEO),true,7th Grade,8th Grade
120009000049,Lynn Haven Elementary School,Bay,Lynn Haven,688,269,Yes under Community Eligibility Option (CEO),false,Prekindergarten,5th Grade
120018004314,Lyons Creek Middle School,Broward,Coconut Creek,1469,393,Yes under Community Eligibility Option (CEO),true,6th Grade,8th Grade
120087000977,Mabry Elementary School,Hillsborough,Tampa,628,67,Yes participating without using any Provision or the CEO,false,Prekindergarten,5th Grade
120006000036,Macclenny Elementary School,Baker,Macclenny,550,238,Yes under Community Eligibility Option (CEO),false,1st Grade,5th Grade
120087004096,Macfarlane Park Elementary Magnet School,Hillsborough,Tampa,353,101,Yes under Community Eligibility Option (CEO),false,Kindergarten,5th Grade
120156001640,Madeira Beach Fundamental K-8,Pinellas,Madeira Beach,1306,267,Yes participating without using any Provision or the CEO,false,Kindergarten,8th Grade
120039000438,Madie Ives K-8 Preparatory Academy,Miami-Dade,North Miami Beach,1083,590,Yes under Community Eligibility Option (CEO),true,Prekindergarten,8th Grade
120120003731,Madison County Central School,Madison,Madison,828,636,Yes under Community Eligibility Option (CEO),true,Prekindergarten,8th Grade
120120002212,Madison County High School,Madison,Madison,464,254,Yes under Community Eligibility Option (CEO),true,9th Grade,12th Grade
120120008526,Madison Creative Arts Academy Inc,Madison,Madison,397,,No,false,Prekindergarten,8th Grade
120039000562,Madison Middle School,Miami-Dade,Miami,458,275,Yes under Community Eligibility Option (CEO),true,6th Grade,8th Grade
120087000979,Madison Middle School,Hillsborough,Tampa,658,370,Yes under Community Eligibility Option (CEO),true,6th Grade,8th Grade
120126001267,Madison Street Academy of Visual and Performing Arts,Marion,Ocala,467,144,Yes under Community Eligibility Option (CEO),false,Prekindergarten,5th Grade
120120007997,Madison Virtual Franchise,Madison,Madison,9,,No,false,Kindergarten,12th Grade
120039000532,Mae M. Walters Elementary School,Miami-Dade,Hialeah,620,392,Yes under Community Eligibility Option (CEO),false,Prekindergarten,5th Grade
120198010829,Magnet Innovation Center,Walton,Inlet Beach,117,12,No,false,9th Grade,12th Grade
120159008234,Magnolia Montessori Academy,Polk,Lakeland,182,13,No,false,Kindergarten,8th Grade
120144001458,Magnolia School,Orange,Orlando,115,48,Yes under Community Eligibility Option (CEO),true,Prekindergarten,12th Grade
120147007764,Main Street High School,Osceola,Kissimmee,398,226,Yes under Community Eligibility Option (CEO),true,9th Grade,12th Grade
120192001986,Mainland High School,Volusia,Daytona Beach,1964,1278,Yes under Community Eligibility Option (CEO),true,9th Grade,12th Grade
120144001410,Maitland Middle,Orange,Maitland,786,276,Yes under Community Eligibility Option (CEO),true,6th Grade,8th Grade
120096001069,Malone School,Jackson,Malone,559,307,Yes under Community Eligibility Option (CEO),true,Prekindergarten,12th Grade
120048000758,Mamie Agnes Jones Elementary School,Duval,Baldwin,399,220,Yes under Community Eligibility Option (CEO),false,Prekindergarten,5th Grade
120177001111,Manatee Academy K-8,St. Lucie,Port St Lucie,1700,1002,Yes participating without using any Provision or the CEO,true,Kindergarten,8th Grade
120018003819,Manatee Bay Elementary School,Broward,Weston,978,117,Yes participating without using any Provision or the CEO,false,Kindergarten,5th Grade
120123008145,Manatee Charter School,Manatee,Bradenton,619,317,Yes under Community Eligibility Option (CEO),true,Kindergarten,8th Grade
120123004381,Manatee Community Action Agency-Head Start,Manatee,Bradenton,16,,No,false,Prekindergarten,Prekindergarten
120192007034,Manatee Cove Elementary School,Volusia,Orange City,787,462,Yes under Community Eligibility Option (CEO),false,Prekindergarten,5th Grade
120123001222,Manatee Elementary School,Manatee,Bradenton,488,417,Yes under Community Eligibility Option (CEO),false,Prekindergarten,5th Grade
120108004924,Manatee Elementary School,Lee,Fort Myers,728,406,Yes under Community Eligibility Option (CEO),false,Prekindergarten,5th Grade
120150002934,Manatee Elementary School,Palm Beach,Lake Worth,1268,295,Yes under Community Eligibility Option (CEO),false,Prekindergarten,5th Grade
120033002095,Manatee Elementary School,Collier,Naples,564,344,Yes under Community Eligibility Option (CEO),false,Prekindergarten,5th Grade
120015004061,Manatee Elementary School,Brevard,Viera,910,182,Yes participating without using any Provision or the CEO,false,Prekindergarten,6th Grade
120123001223,Manatee High School,Manatee,Bradenton,1998,1208,Yes participating without using any Provision or the CEO,true,8th Grade,12th Grade
120033002985,Manatee Middle School,Collier,Naples,781,393,Yes under Community Eligibility Option (CEO),true,6th Grade,8th Grade
120123003429,Manatee School for the Arts,Manatee,Palmetto,2051,828,Yes under Community Eligibility Option (CEO),true,6th Grade,12th Grade
120123003199,Manatee School of Arts/Sciences,Manatee,Bradenton,111,80,Yes under Community Eligibility Option (CEO),false,Kindergarten,5th Grade
120123007747,Manatee Virtual Instruction Program,Manatee,Palmetto,151,111,No,false,Kindergarten,12th Grade
120123008027,Manatee Virtual School ( Virtual Franchise),Manatee,Palmetto,38,13,No,false,1st Grade,12th Grade
120048002744,Mandarin High School,Duval,Jacksonville,2343,523,Yes under Community Eligibility Option (CEO),true,9th Grade,12th Grade
120039007377,Mandarin Lakes K-8 Academy,Miami-Dade,Homestead,643,463,Yes under Community Eligibility Option (CEO),true,Prekindergarten,8th Grade
120048002743,Mandarin Middle School,Duval,Jacksonville,1118,309,Yes under Community Eligibility Option (CEO),true,6th Grade,8th Grade
120048002700,Mandarin Oaks Elementary School,Duval,Jacksonville,1061,288,Yes under Community Eligibility Option (CEO),false,Prekindergarten,5th Grade
120087000980,Mango Elementary School,Hillsborough,Seffner,740,534,Yes under Community Eligibility Option (CEO),false,Prekindergarten,5th Grade
120156010885,Mangrove Bay Middle School,Pinellas,St Petersburg,317,155,Yes participating without using any Provision or the CEO,false,6th Grade,8th Grade
120087002702,Maniscalco K-8 School,Hillsborough,Lutz,673,261,Yes under Community Eligibility Option (CEO),true,Prekindergarten,8th Grade
120087000982,Mann Middle School,Hillsborough,Brandon,977,601,Yes under Community Eligibility Option (CEO),true,6th Grade,8th Grade
120018002044,Maplewood Elementary School,Broward,Coral Springs,476,186,Yes under Community Eligibility Option (CEO),false,Prekindergarten,5th Grade
120126000830,Maplewood Elementary School,Marion,Ocala,819,470,Yes under Community Eligibility Option (CEO),false,Prekindergarten,5th Grade
120132001296,Marathon School,Monroe,Marathon,809,399,Yes participating without using any Provision or the CEO,true,6th Grade,12th Grade
120153007057,Marchman Technical College,Pasco,New Port Richey,2,,No,false,9th Grade,12th Grade
120033007999,Marco Island Academy,Collier,Marco Island,298,76,No,false,9th Grade,12th Grade
120033003339,Marco Island Charter Middle,Collier,Marco Island,277,75,No,true,6th Grade,8th Grade
120039000467,Marcus A. Milam K-8 Center,Miami-Dade,Hialeah,1082,597,Yes under Community Eligibility Option (CEO),true,Prekindergarten,8th Grade
120009002037,Margaret K. Lewis in Millville,Bay,Panama City,170,88,Yes under Community Eligibility Option (CEO),true,Prekindergarten,12th Grade
120018000226,Margate Elementary School,Broward,Margate,962,458,Yes under Community Eligibility Option (CEO),false,Prekindergarten,5th Grade
120018000186,Margate Middle School,Broward,Margate,927,460,Yes under Community Eligibility Option (CEO),true,6th Grade,8th Grade
120096001065,Marianna High School,Jackson,Marianna,652,259,Yes under Community Eligibility Option (CEO),false,9th Grade,12th Grade
120096008933,Marianna K-8 School,Jackson,Marianna,1685,962,Yes under Community Eligibility Option (CEO),false,Kindergarten,8th Grade
120048002162,Marine Science Education Center,Duval,Atlantic Beach,25,13,No,false,9th Grade,12th Grade
120108002565,Mariner High School,Lee,Cape Coral,1865,741,Yes under Community Eligibility Option (CEO),true,9th Grade,12th Grade
120108004107,Mariner Middle School,Lee,Cape Coral,691,337,Yes under Community Eligibility Option (CEO),true,6th Grade,8th Grade
120126004387,Marion Charter School,Marion,Ocala,228,132,Yes under Community Eligibility Option (CEO),false,Kindergarten,5th Grade
120126010684,Marion County Acceleration Academy,Marion,Ocala,304,191,Yes under Community Eligibility Option (CEO),false,8th Grade,12th Grade
120126007823,Marion Oaks Elementary School,Marion,Ocala,1196,785,Yes under Community Eligibility Option (CEO),false,Prekindergarten,5th Grade
120126003006,Marion Reg. Juvenile Detention Center,Marion,Ocala,94,3,Yes participating without using any Provision or the CEO,true,3rd Grade,12th Grade
120126005612,Marion Technical Institute,Marion,Ocala,,278,Yes under Community Eligibility Option (CEO),true,Kindergarten,12th Grade
120177001081,Mariposa Elementary School,St. Lucie,Port St Lucie,792,402,Yes under Community Eligibility Option (CEO),false,Prekindergarten,5th Grade
120123004374,Marjorie G. Kinnan Elementary School,Manatee,Sarasota,522,355,Yes under Community Eligibility Option (CEO),false,Prekindergarten,5th Grade
120156000984,Marjorie Kinnan Rawlings Elem,Pinellas,Pinellas Park,433,290,Yes under Community Eligibility Option (CEO),false,Prekindergarten,5th Grade
120003000026,Marjorie Kinnan Rawlings Elementary School,Alachua,Gainesville,312,280,Yes under Community Eligibility Option (CEO),false,Kindergarten,5th Grade
120039002733,Marjory Stoneman Douglas Elem,Miami-Dade,Miami,554,250,Yes under Community Eligibility Option (CEO),false,Prekindergarten,5th Grade
120018002721,Marjory Stoneman Douglas High School,Broward,Parkland,3089,409,Yes participating without using any Provision or the CEO,false,9th Grade,12th Grade
120171005390,Markham Woods Middle School,Seminole,Lake Mary,900,445,Yes participating without using any Provision or the CEO,true,6th Grade,8th Grade
120150007552,Marsh Pointe Elementary,Palm Beach,Palm Beach Gardens,820,113,Yes under Community Eligibility Option (CEO),false,Prekindergarten,5th Grade
120087000983,Marshall Middle Magnet School,Hillsborough,Plant City,1066,644,Yes under Community Eligibility Option (CEO),true,6th Grade,8th Grade
120123001245,Martha B. King Middle School,Manatee,Bradenton,897,588,Yes participating without using any Provision or the CEO,true,6th Grade,8th Grade
120129001282,Martin County High School,Martin,Stuart,2055,732,Yes participating without using any Provision or the CEO,false,9th Grade,12th Grade
120129004390,Martin County Jail,Martin,Stuart,1,,No,false,9th Grade,12th Grade
120165001833,Martin Luther King Middle School,Santa Rosa,Milton,621,407,Yes participating without using any Provision or the CEO,true,6th Grade,8th Grade
120129009022,Martin S.a.i.l.s,Martin,Stuart,8,,Yes participating without using any Provision or the CEO,false,12th Grade,12th Grade
120087003861,Martinez Middle School,Hillsborough,Lutz,1104,176,Yes participating without using any Provision or the CEO,false,6th Grade,8th Grade
120138001345,Mary Esther Elementary School,Okaloosa,Mary Esther,438,321,Yes participating without using any Provision or the CEO,false,Prekindergarten,5th Grade
120018000166,Mary M Bethune Elementary School,Broward,Hollywood,319,227,Yes under Community Eligibility Option (CEO),false,Prekindergarten,5th Grade
120105001119,Mascotte Charter School,Lake,Mascotte,937,451,Yes under Community Eligibility Option (CEO),false,Prekindergarten,8th Grade
120033008322,Mason Classical Academy,Collier,Naples,1509,290,No,false,Kindergarten,12th Grade
120039002809,Mast Academy,Miami-Dade,Key Biscayne,1571,164,Yes under Community Eligibility Option (CEO),false,6th Grade,12th Grade
120039008302,Mast@fiu,Miami-Dade,North Miami,489,118,Yes under Community Eligibility Option (CEO),true,9th Grade,12th Grade
120054005533,Matanzas High School,Flagler,Palm Coast,2102,652,Yes under Community Eligibility Option (CEO),true,8th Grade,12th Grade
120039003341,Mater Academy,Miami-Dade,Hialeah Gardens,1521,1408,Yes participating without using any Provision or the CEO,false,Kindergarten,5th Grade
120039007922,Mater Academy (Miami Beach),Miami-Dade,Miami,586,365,Yes participating without using any Provision or the CEO,false,Kindergarten,8th Grade
120147008659,Mater Academy at St Cloud,Osceola,Miami,612,21,Yes participating without using any Provision or the CEO,true,Kindergarten,8th Grade
120039008524,Mater Academy Bay Elementary,Miami-Dade,Cutler Bay,917,483,Yes participating without using any Provision or the CEO,false,Kindergarten,5th Grade
120039008683,Mater Academy Bay High School,Miami-Dade,Cutler Bay,390,232,Yes participating without using any Provision or the CEO,false,9th Grade,12th Grade
120039008615,Mater Academy Bay Middle School,Miami-Dade,Cutler Bay,518,273,Yes participating without using any Provision or the CEO,true,6th Grade,8th Grade
120039003838,Mater Academy Charter High School,Miami-Dade,Hialeah Gardens,1611,1255,Yes participating without using any Provision or the CEO,true,9th Grade,12th Grade
120039004074,Mater Academy Charter Middle School,Miami-Dade,Hialeah Gardens,1219,1023,Yes participating without using any Provision or the CEO,true,6th Grade,8th Grade
120159008671,Mater Academy Davenport,Polk,Davenport,815,566,Yes participating without using any Provision or the CEO,false,Kindergarten,5th Grade
120159010809,Mater Academy Davenport Middle School,Polk,Davenport,334,220,Yes participating without using any Provision or the CEO,false,6th Grade,7th Grade
120039003833,Mater Academy East Charter School,Miami-Dade,Miami,573,483,Yes participating without using any Provision or the CEO,false,Kindergarten,8th Grade
120039008988,Mater Academy Kiwanis,Miami-Dade,Miami,236,230,Yes participating without using any Provision or the CEO,false,Kindergarten,5th Grade
120039007077,Mater Academy Lakes High School,Miami-Dade,Hialeah,1201,839,Yes participating without using any Provision or the CEO,true,9th Grade,12th Grade
120039006173,Mater Academy Lakes Middle School,Miami-Dade,Hialeah,870,593,Yes participating without using any Provision or the CEO,true,6th Grade,8th Grade
120144009025,Mater Academy Narcoossee,Orange,Orlando,1096,451,Yes participating without using any Provision or the CEO,false,Kindergarten,8th Grade
120144009026,Mater Academy Narcoossee High School,Orange,Orlando,185,86,Yes participating without using any Provision or the CEO,false,9th Grade,12th Grade
120039007485,Mater Academy of International Studies,Miami-Dade,Miami,465,410,Yes participating without using any Provision or the CEO,false,Kindergarten,5th Grade
120039008270,Mater Academy Virtual Charter School,Miami-Dade,Miami,99,7,No,false,Kindergarten,12th Grade
120039008977,Mater Biscayne Academy North Miami Elementary School,Miami-Dade,North Miami,664,116,Yes participating without using any Provision or the CEO,false,Kindergarten,5th Grade
120039010632,Mater Biscayne Academy North Miami High School,Miami-Dade,Miami,308,117,Yes participating without using any Provision or the CEO,false,9th Grade,12th Grade
120039010631,Mater Biscayne Academy North Miami Middle School,Miami-Dade,North Miami,566,192,Yes participating without using any Provision or the CEO,false,6th Grade,8th Grade
120039010718,Mater Brickell Academy High,Miami-Dade,Miami,487,321,Yes participating without using any Provision or the CEO,false,9th Grade,12th Grade
120039008984,Mater Brickell Academy Middle,Miami-Dade,Miami,525,332,Yes participating without using any Provision or the CEO,false,6th Grade,8th Grade
120147008352,Mater Brighton Lakes,Osceola,Kissimmee,1267,1059,Yes participating without using any Provision or the CEO,true,Kindergarten,8th Grade
120147008767,Mater Brighton Lakes Academy Preparatory High,Osceola,Kissimmee,536,418,Yes participating without using any Provision or the CEO,false,9th Grade,12th Grade
120039006019,Mater Gardens Academy,Miami-Dade,Hialeah,803,464,Yes participating without using any Provision or the CEO,true,Kindergarten,8th Grade
120039007935,Mater Grove Academy,Miami-Dade,Miami,1233,333,Yes participating without using any Provision or the CEO,true,Kindergarten,8th Grade
120039008463,Mater International Academy,Miami-Dade,Miami,179,176,Yes participating without using any Provision or the CEO,false,Kindergarten,5th Grade
120039007484,Mater International Preparatory,Miami-Dade,Miami,212,182,Yes participating without using any Provision or the CEO,true,6th Grade,9th Grade
120039008979,Mater Lakes Collegiate Academy High School,Miami-Dade,Miami,288,191,Yes participating without using any Provision or the CEO,false,9th Grade,12th Grade
120039008983,Mater Lakes Collegiate Academy Middle School,Miami-Dade,Miami,332,223,Yes participating without using any Provision or the CEO,false,6th Grade,8th Grade
120147008617,Mater Palms Academy,Osceola,Hialeah Gardens,866,546,Yes participating without using any Provision or the CEO,true,Kindergarten,8th Grade
120039005494,Mater Performing Arts & Entertainment Academy,Miami-Dade,Hialeah Gardens,315,247,Yes participating without using any Provision or the CEO,true,9th Grade,12th Grade
120039008702,Mater Preparatory Academy,Miami-Dade,Miami,367,340,Yes participating without using any Provision or the CEO,true,Kindergarten,8th Grade
120048000702,Matthew W. Gilbert Middle School,Duval,Jacksonville,555,436,Yes under Community Eligibility Option (CEO),true,6th Grade,8th Grade
120048000629,Mattie V Rutherford Alt Ed Center,Duval,Jacksonville,67,58,Yes under Community Eligibility Option (CEO),true,4th Grade,8th Grade
120198002026,Maude Saunders Elementary School,Walton,Defuniak Springs,554,458,Yes participating without using any Provision or the CEO,false,Kindergarten,5th Grade
120138001352,Max Bruner Junior Middle School,Okaloosa,Fort Walton Beach,677,449,Yes participating without using any Provision or the CEO,true,6th Grade,8th Grade
120156001641,Maximo Elementary School,Pinellas,St Petersburg,339,277,Yes under Community Eligibility Option (CEO),false,Prekindergarten,5th Grade
120132003440,May Sands Montessori School,Monroe,Key West,90,23,Yes participating without using any Provision or the CEO,false,Prekindergarten,8th Grade
120039002986,Maya Angelou Elementary School,Miami-Dade,Miami,620,317,Yes under Community Eligibility Option (CEO),false,Prekindergarten,5th Grade
120159008733,Maynard a Traviss Technical Academy,Polk,Lakeland,151,95,Yes under Community Eligibility Option (CEO),false,6th Grade,12th Grade
120144001404,Maynard Evans High,Orange,Orlando,2345,1344,Yes under Community Eligibility Option (CEO),true,9th Grade,12th Grade
120048000770,Mayport Coastal Science Middle School,Duval,Atlantic Beach,821,186,Yes under Community Eligibility Option (CEO),false,6th Grade,8th Grade
120048000751,Mayport Elementary School,Duval,Atlantic Beach,429,137,Yes under Community Eligibility Option (CEO),false,Prekindergarten,5th Grade
120018000160,McArthur High School,Broward,Hollywood,1866,824,Yes under Community Eligibility Option (CEO),true,9th Grade,12th Grade
120087000985,McDonald Elementary School,Hillsborough,Seffner,526,389,Yes under Community Eligibility Option (CEO),false,Prekindergarten,5th Grade
120018002488,McFatter Technical College,Broward,Davie,596,221,Yes participating without using any Provision or the CEO,false,9th Grade,12th Grade
120126004112,McIntosh Area School,Marion,McIntosh,47,28,Yes under Community Eligibility Option (CEO),false,Kindergarten,5th Grade
120168001844,McIntosh Middle School,Sarasota,Sarasota,693,424,Yes participating without using any Provision or the CEO,true,6th Grade,8th Grade
120159004137,McKeel Academy Central,Polk,Lakeland,610,222,Yes participating without using any Provision or the CEO,false,Prekindergarten,6th Grade
120159001785,McKeel Academy of Technology,Polk,Lakeland,1750,634,Yes participating without using any Provision or the CEO,false,7th Grade,12th Grade
120087003714,McKitrick Elementary School,Hillsborough,Lutz,934,115,Yes participating without using any Provision or the CEO,false,Prekindergarten,5th Grade
120159001773,McLaughlin Academy of Excellence,Polk,Lake Wales,758,608,Yes under Community Eligibility Option (CEO),true,6th Grade,11th Grade
120156003254,McMullen-Booth Elementary School,Pinellas,Clearwater,445,249,Yes under Community Eligibility Option (CEO),false,Prekindergarten,5th Grade
120018000206,McNab Elementary School,Broward,Pompano Beach,538,214,Yes under Community Eligibility Option (CEO),false,Prekindergarten,5th Grade
120018000177,McNicol Middle School,Broward,Hollywood,580,316,Yes under Community Eligibility Option (CEO),true,6th Grade,8th Grade
120030003036,McRae Elementary School,Clay,Keystone Heights,544,378,Yes under Community Eligibility Option (CEO),false,Prekindergarten,6th Grade
120126008314,McSo Adults,Marion,Ocala,10,3,Yes participating without using any Provision or the CEO,false,8th Grade,12th Grade
120024000304,Meadow Park Elementary School,Charlotte,Port Charlotte,708,393,Yes under Community Eligibility Option (CEO),false,Prekindergarten,5th Grade
120150001508,Meadow Park Elementary School,Palm Beach,West Palm Beach,813,434,Yes under Community Eligibility Option (CEO),false,Prekindergarten,5th Grade
120144002687,Meadow Woods Elementary,Orange,Orlando,571,339,Yes under Community Eligibility Option (CEO),false,Prekindergarten,5th Grade
120144003458,Meadow Woods Middle,Orange,Orlando,833,388,Yes under Community Eligibility Option (CEO),true,6th Grade,8th Grade
120018000202,Meadowbrook Elementary School,Broward,Fort Lauderdale,693,386,Yes under Community Eligibility Option (CEO),false,Prekindergarten,5th Grade
120003008203,Meadowbrook Elementary School,Alachua,Gainesville,791,267,Yes participating without using any Provision or the CEO,false,Kindergarten,5th Grade
120144001435,Meadowbrook Middle,Orange,Orlando,808,567,Yes under Community Eligibility Option (CEO),true,6th Grade,8th Grade
120039000458,Meadowlane Elementary School,Miami-Dade,Hialeah,786,479,Yes under Community Eligibility Option (CEO),false,Prekindergarten,5th Grade
120015007391,Meadowlane Intermediate Elementary School,Brevard,West Melbourne,779,344,Yes participating without using any Provision or the CEO,false,3rd Grade,6th Grade
120015000105,Meadowlane Primary Elementary School,Brevard,West Melbourne,603,284,Yes participating without using any Provision or the CEO,false,Prekindergarten,2nd Grade
120156001642,Meadowlawn Middle School,Pinellas,St Petersburg,616,380,Yes under Community Eligibility Option (CEO),true,6th Grade,8th Grade
120195003137,Medart Elementary School,Wakulla,Crawfordville,417,198,Yes under Community Eligibility Option (CEO),false,Prekindergarten,5th Grade
120087003586,Medical Academy at D.w. Waters,Hillsborough,Tampa,95,55,Yes under Community Eligibility Option (CEO),true,Prekindergarten,12th Grade
120039007923,Medical Academy for Science and Technology (M.a.s.t.) @ Hom,Miami-Dade,Homestead,511,209,Yes under Community Eligibility Option (CEO),true,9th Grade,12th Grade
120159001715,Medulla Elementary School,Polk,Lakeland,488,356,Yes under Community Eligibility Option (CEO),false,Prekindergarten,5th Grade
120150001555,Melaleuca Elementary School,Palm Beach,West Palm Beach,664,441,Yes under Community Eligibility Option (CEO),false,Kindergarten,5th Grade
120015000103,Melbourne Senior High School,Brevard,Melbourne,2210,646,Yes participating without using any Provision or the CEO,false,9th Grade,12th Grade
120162002530,Mellon Learning Center,Putnam,Palatka,297,104,Yes under Community Eligibility Option (CEO),true,Prekindergarten,12th Grade
120162001804,Melrose Elementary School,Putnam,Melrose,353,169,Yes under Community Eligibility Option (CEO),false,Prekindergarten,6th Grade
120039000459,Melrose Elementary School,Miami-Dade,Miami,518,330,Yes under Community Eligibility Option (CEO),false,Prekindergarten,5th Grade
120156001643,Melrose Elementary School,Pinellas,St Petersburg,356,322,Yes under Community Eligibility Option (CEO),false,Prekindergarten,5th Grade
120036000360,Melrose Park Elementary School,Columbia,Lake City,635,522,Yes under Community Eligibility Option (CEO),false,Prekindergarten,5th Grade
120042000622,Memorial Elementary School,Desoto,Arcadia,861,572,Yes under Community Eligibility Option (CEO),false,Prekindergarten,5th Grade
120084007327,Memorial Elementary School,Highlands,Avon Park,466,358,Yes under Community Eligibility Option (CEO),false,Kindergarten,5th Grade
120144001367,Memorial Middle,Orange,Orlando,712,493,Yes under Community Eligibility Option (CEO),true,6th Grade,8th Grade
120087004352,Memorial Middle School,Hillsborough,Tampa,973,656,Yes under Community Eligibility Option (CEO),true,6th Grade,8th Grade
120087000987,Mendenhall Elementary School,Hillsborough,Tampa,587,408,Yes under Community Eligibility Option (CEO),false,Prekindergarten,5th Grade
120009000043,Merriam Cherry Street Elementary,Bay,Panama City,343,220,Yes under Community Eligibility Option (CEO),false,Prekindergarten,5th Grade
120048000752,Merrill Road Elementary School,Duval,Jacksonville,363,200,Yes under Community Eligibility Option (CEO),false,Prekindergarten,2nd Grade
120009002589,Merritt Brown Middle School,Bay,Panama City,634,324,Yes under Community Eligibility Option (CEO),true,6th Grade,8th Grade
120015000118,Merritt Island High School,Brevard,Merritt Island,1446,485,Yes participating without using any Provision or the CEO,true,9th Grade,12th Grade
120144002621,Metrowest Elementary,Orange,Orlando,549,222,Yes under Community Eligibility Option (CEO),false,Prekindergarten,5th Grade
120159008952,Mi Escuela Montessori,Polk,Lakeland,275,133,Yes participating without using any Provision or the CEO,false,Prekindergarten,7th Grade
120039007599,Miami Arts Charter School,Miami-Dade,Miami,959,8,No,false,6th Grade,12th Grade
120039007631,Miami Arts Studio 6-12 at Zelda Glazer,Miami-Dade,Miami,1799,460,Yes under Community Eligibility Option (CEO),true,6th Grade,12th Grade
120039000390,Miami Beach Feinberg/Fisher K-8,Miami-Dade,Miami Beach,851,348,Yes under Community Eligibility Option (CEO),true,Prekindergarten,8th Grade
120039000570,Miami Beach Nautilus Middle School,Miami-Dade,Miami Beach,893,310,Yes under Community Eligibility Option (CEO),true,6th Grade,8th Grade
120039000594,Miami Beach Senior High School,Miami-Dade,Miami Beach,2134,680,Yes under Community Eligibility Option (CEO),true,9th Grade,12th Grade
120039002808,Miami Beach South Pointe Elementary School,Miami-Dade,Miami Beach,462,157,Yes under Community Eligibility Option (CEO),false,Prekindergarten,5th Grade
120039000595,Miami Carol City Senior High,Miami-Dade,Miami Gardens,859,576,Yes under Community Eligibility Option (CEO),true,9th Grade,12th Grade
120039000596,Miami Central Senior High School,Miami-Dade,Miami,1414,902,Yes under Community Eligibility Option (CEO),true,9th Grade,12th Grade
120039003972,Miami Children's Museum Charter School,Miami-Dade,Miami,314,100,Yes participating without using any Provision or the CEO,false,Kindergarten,5th Grade
120039007608,Miami Community Charter High School,Miami-Dade,Florida City,265,206,Yes participating without using any Provision or the CEO,true,9th Grade,12th Grade
120039007248,Miami Community Charter Middle School,Miami-Dade,Florida City,323,292,Yes participating without using any Provision or the CEO,true,6th Grade,8th Grade
120039003970,Miami Community Charter School,Miami-Dade,Florida City,545,486,Yes participating without using any Provision or the CEO,false,Kindergarten,5th Grade
120039000599,Miami Coral Park Senior High,Miami-Dade,Miami,2082,910,Yes under Community Eligibility Option (CEO),true,9th Grade,12th Grade
120039000600,Miami Edison Senior High School,Miami-Dade,Miami,617,370,Yes under Community Eligibility Option (CEO),true,9th Grade,12th Grade
120039000461,Miami Gardens Elementary School,Miami-Dade,Miami Gardens,264,171,Yes under Community Eligibility Option (CEO),false,Prekindergarten,5th Grade
120039000462,Miami Heights Elementary School,Miami-Dade,Miami,656,366,Yes under Community Eligibility Option (CEO),false,Prekindergarten,5th Grade
120039000601,Miami Jackson Senior High School,Miami-Dade,Miami,1213,697,Yes under Community Eligibility Option (CEO),true,9th Grade,12th Grade
120039000602,Miami Killian Senior High School,Miami-Dade,Miami,675,306,Yes under Community Eligibility Option (CEO),true,9th Grade,12th Grade
120039004339,Miami Lakes Educational Center,Miami-Dade,Miami Lakes,1109,503,Yes under Community Eligibility Option (CEO),true,9th Grade,12th Grade
120039000463,Miami Lakes K-8 Center,Miami-Dade,Hialeah,1196,497,Yes under Community Eligibility Option (CEO),true,Prekindergarten,8th Grade
120039000568,Miami Lakes Middle School,Miami-Dade,Hialeah,987,483,Yes under Community Eligibility Option (CEO),true,6th Grade,8th Grade
120039000611,Miami Macarthur Educational Center,Miami-Dade,Naranja,97,72,Yes under Community Eligibility Option (CEO),true,1st Grade,12th Grade
120039000603,Miami Norland Senior High School,Miami-Dade,Miami,1653,957,Yes under Community Eligibility Option (CEO),true,9th Grade,12th Grade
120039000604,Miami Northwestern Senior High,Miami-Dade,Miami,1479,963,Yes under Community Eligibility Option (CEO),true,9th Grade,12th Grade
120039000605,Miami Palmetto Senior High School,Miami-Dade,Miami,2618,732,Yes under Community Eligibility Option (CEO),true,9th Grade,12th Grade
120039000606,Miami Senior High School,Miami-Dade,Miami,3100,1744,Yes under Community Eligibility Option (CEO),true,9th Grade,12th Grade
120039000465,Miami Shores Elementary School,Miami-Dade,Miami Shores,610,325,Yes under Community Eligibility Option (CEO),false,Prekindergarten,5th Grade
120039000614,Miami Southridge Senior High,Miami-Dade,Miami,2238,1285,Yes under Community Eligibility Option (CEO),true,8th Grade,12th Grade
120039000466,Miami Springs Elementary School,Miami-Dade,Miami Springs,381,204,Yes under Community Eligibility Option (CEO),false,Prekindergarten,5th Grade
120039000569,Miami Springs Middle School,Miami-Dade,Miami Springs,666,398,Yes under Community Eligibility Option (CEO),true,6th Grade,8th Grade
120039000607,Miami Springs Senior High School,Miami-Dade,Miami Springs,1037,571,Yes under Community Eligibility Option (CEO),true,9th Grade,12th Grade
120039000608,Miami Sunset Senior High School,Miami-Dade,Miami,979,406,Yes under Community Eligibility Option (CEO),true,9th Grade,12th Grade
120039008989,Miami Tech at Mater Innovation Academy,Miami-Dade,Miami,37,27,Yes participating without using any Provision or the CEO,false,9th Grade,12th Grade
120039007580,Miami-Dade Online Academy- Virtual Instruction Program,Miami-Dade,Miami,297,37,No,false,Kindergarten,12th Grade
120039007230,Miami-Dade Virtual High School Franchise,Miami-Dade,Miami,498,17,No,false,Kindergarten,12th Grade
120003003811,Micanopy Academy,Alachua,Micanopy,67,31,Yes participating without using any Provision or the CEO,false,6th Grade,12th Grade
120003003145,Micanopy Area Cooperative School Inc.,Alachua,Micanopy,212,60,No,false,Prekindergarten,5th Grade
120144001424,Michael McCoy Elementary,Orange,Orlando,459,307,Yes under Community Eligibility Option (CEO),false,Prekindergarten,5th Grade
120147001474,Michigan Avenue Elementary School,Osceola,Saint Cloud,921,459,Yes under Community Eligibility Option (CEO),false,Prekindergarten,5th Grade
120108003968,Mid Cape Global Academy,Lee,Cape Coral,1145,639,Yes under Community Eligibility Option (CEO),true,Prekindergarten,8th Grade
120030000326,Middleburg Elementary School,Clay,Middleburg,581,380,Yes under Community Eligibility Option (CEO),false,Prekindergarten,6th Grade
120030002053,Middleburg High School,Clay,Middleburg,1866,1103,Yes participating without using any Provision or the CEO,true,9th Grade,12th Grade
120087003862,Middleton High School,Hillsborough,Tampa,1637,788,Yes under Community Eligibility Option (CEO),true,9th Grade,12th Grade
120162001809,Middleton-Burney Elementary School,Putnam,Crescent City,1056,635,Yes under Community Eligibility Option (CEO),false,Prekindergarten,6th Grade
120156008706,Midtown Academy,Pinellas,St Petersburg,368,134,Yes under Community Eligibility Option (CEO),false,Kindergarten,5th Grade
120171001882,Midway Elementary School,Seminole,Sanford,789,668,Yes participating without using any Provision or the CEO,false,Prekindergarten,5th Grade
120033007423,Mike Davis Elementary School,Collier,Naples,655,409,Yes under Community Eligibility Option (CEO),false,Prekindergarten,5th Grade
120015000120,Mila Elementary School,Brevard,Merritt Island,382,262,Yes under Community Eligibility Option (CEO),false,Prekindergarten,6th Grade
120156001644,Mildred Helms Elementary School,Pinellas,Largo,515,317,Yes under Community Eligibility Option (CEO),false,Prekindergarten,5th Grade
120087000989,Miles Elementary School,Hillsborough,Tampa,585,425,Yes under Community Eligibility Option (CEO),false,Prekindergarten,5th Grade
120174002900,Mill Creek Academy,St. Johns,St Augustine,1983,456,Yes participating without using any Provision or the CEO,false,Kindergarten,8th Grade
120147002575,Mill Creek Elementary School,Osceola,Kissimmee,610,409,Yes under Community Eligibility Option (CEO),false,Prekindergarten,5th Grade
120144005018,Millennia Elementary,Orange,Orlando,858,358,Yes under Community Eligibility Option (CEO),false,Prekindergarten,5th Grade
120144008283,Millennia Gardens Elementary,Orange,Orlando,657,401,Yes under Community Eligibility Option (CEO),false,Prekindergarten,5th Grade
120018003822,Millennium 6-12 Collegiate Academy,Broward,Tamarac,1435,496,Yes under Community Eligibility Option (CEO),true,6th Grade,12th Grade
120171001873,Millennium Middle School,Seminole,Sanford,1323,888,Yes participating without using any Provision or the CEO,true,6th Grade,8th Grade
120165001826,Milton High School,Santa Rosa,Milton,1985,1059,Yes participating without using any Provision or the CEO,true,9th Grade,12th Grade
120171001868,Milwee Middle School,Seminole,Longwood,1334,812,Yes participating without using any Provision or the CEO,true,6th Grade,8th Grade
120015000084,Mims Elementary School,Brevard,Mims,393,268,Yes under Community Eligibility Option (CEO),false,Prekindergarten,6th Grade
120105001108,Minneola Charter School,Lake,Minneola,1763,398,Yes under Community Eligibility Option (CEO),false,Prekindergarten,8th Grade
120087002828,Mintz Elementary School,Hillsborough,Brandon,687,404,Yes under Community Eligibility Option (CEO),false,Prekindergarten,5th Grade
120018000182,Miramar Elementary School,Broward,Miramar,380,220,Yes under Community Eligibility Option (CEO),false,Prekindergarten,5th Grade
120018000253,Miramar High School,Broward,Miramar,1950,846,Yes under Community Eligibility Option (CEO),true,9th Grade,12th Grade
120018000259,Mirror Lake Elementary School,Broward,Plantation,639,307,Yes under Community Eligibility Option (CEO),false,Prekindergarten,5th Grade
120108003197,Mirror Lakes Elementary School,Lee,Lehigh Acres,1237,804,Yes under Community Eligibility Option (CEO),false,Prekindergarten,5th Grade
120087000990,Mitchell Elementary School,Hillsborough,Tampa,698,152,Yes participating without using any Provision or the CEO,false,Prekindergarten,5th Grade
120153001573,Mittye P. Locke Early Learning Academy Prev PK-5,Pasco,New Port Richey,84,54,Yes under Community Eligibility Option (CEO),false,Prekindergarten,Prekindergarten
120051004081,Molino Park Elementary,Escambia,Molino,550,212,Yes under Community Eligibility Option (CEO),false,Prekindergarten,5th Grade
120144001414,Mollie Ray Elementary,Orange,Orlando,436,358,Yes under Community Eligibility Option (CEO),false,Prekindergarten,5th Grade
120018004050,Monarch High School,Broward,Coconut Creek,2213,759,Yes participating without using any Provision or the CEO,true,9th Grade,12th Grade
120132007839,Monroe Virtual Franchise,Monroe,Key West,20,3,No,false,6th Grade,12th Grade
120132007723,Monroe Virtual Instruction Program,Monroe,Key West,1,,No,false,Kindergarten,12th Grade
120030000335,Montclair Elementary School,Clay,Orange Park,402,260,Yes under Community Eligibility Option (CEO),false,Prekindergarten,6th Grade
120051000801,Montclair Elementary School,Escambia,Pensacola,363,304,Yes under Community Eligibility Option (CEO),false,Prekindergarten,5th Grade
120150005688,Montessori Academyof Early Enrichment Inc,Palm Beach,Greenacres,192,120,Yes under Community Eligibility Option (CEO),false,Prekindergarten,5th Grade
120078008636,Montura Early Learning Center,Hendry,Clewiston,22,22,Yes under Community Eligibility Option (CEO),false,Prekindergarten,Prekindergarten
120153002240,Moon Lake Elementary School,Pasco,New Port Richey,567,347,Yes under Community Eligibility Option (CEO),false,Prekindergarten,5th Grade
120066002174,Moore Haven Elementary School,Glades,Moore Haven,344,255,Yes under Community Eligibility Option (CEO),false,Prekindergarten,5th Grade
120066000864,Moore Haven Middle High School.,Glades,Moore Haven,498,360,Yes under Community Eligibility Option (CEO),true,6th Grade,12th Grade
120087000991,Morgan Woods Elementary School,Hillsborough,Tampa,522,337,Yes under Community Eligibility Option (CEO),false,Prekindergarten,5th Grade
120150003468,Morikami Park Elementary School,Palm Beach,Delray Beach,806,104,Yes under Community Eligibility Option (CEO),false,Prekindergarten,5th Grade
120177002266,Morningside Elementary School,St. Lucie,Port St Lucie,653,383,Yes participating without using any Provision or the CEO,false,Prekindergarten,5th Grade
120039000468,Morningside K-8 Academy,Miami-Dade,Miami,406,244,Yes under Community Eligibility Option (CEO),true,Prekindergarten,8th Grade
120018000285,Morrow Elementary School,Broward,North Lauderdale,512,335,Yes under Community Eligibility Option (CEO),false,Prekindergarten,5th Grade
120087000992,Mort Elementary School,Hillsborough,Tampa,731,492,Yes under Community Eligibility Option (CEO),false,Prekindergarten,5th Grade
120177007973,Mosaic Digital Academy K-12,St. Lucie,Port St Lucie,251,58,No,false,Kindergarten,12th Grade
120144005021,Moss Park Elementary,Orange,Orlando,842,156,Yes under Community Eligibility Option (CEO),false,Prekindergarten,5th Grade
120198007324,Mossy Head School,Walton,Defuniak Springs,521,436,Yes participating without using any Provision or the CEO,false,Prekindergarten,5th Grade
120081002753,Moton Elementary School,Hernando,Brooksville,671,455,Yes under Community Eligibility Option (CEO),false,Prekindergarten,5th Grade
120156001645,Mount Vernon Elementary School,Pinellas,St Petersburg,333,220,Yes under Community Eligibility Option (CEO),false,Prekindergarten,5th Grade
120009000063,Mowat Middle School,Bay,Lynn Haven,803,346,Yes under Community Eligibility Option (CEO),true,6th Grade,8th Grade
120105001099,Mt. Dora High School,Lake,Mount Dora,1500,432,Yes under Community Eligibility Option (CEO),true,9th Grade,12th Grade
120105001114,Mt. Dora Middle School,Lake,Mount Dora,845,338,Yes under Community Eligibility Option (CEO),true,6th Grade,8th Grade
120048003053,Mt. Herman Ese Center,Duval,Jacksonville,132,60,Yes under Community Eligibility Option (CEO),true,Prekindergarten,12th Grade
120159001765,Mulberry Middle School,Polk,Mulberry,1058,784,Yes under Community Eligibility Option (CEO),true,6th Grade,8th Grade
120159001762,Mulberry Senior High School,Polk,Mulberry,1451,1007,Yes under Community Eligibility Option (CEO),true,9th Grade,12th Grade
120087004092,Muller Elementary Magnet School,Hillsborough,Tampa,395,272,Yes under Community Eligibility Option (CEO),false,Prekindergarten,5th Grade
120087004089,Mulrennan Middle School,Hillsborough,Valrico,1027,348,Yes under Community Eligibility Option (CEO),true,6th Grade,8th Grade
120024002668,Murdock Middle School,Charlotte,Port Charlotte,656,353,Yes under Community Eligibility Option (CEO),true,6th Grade,8th Grade
120129001286,Murray Middle School,Martin,Stuart,564,368,Yes participating without using any Provision or the CEO,true,6th Grade,8th Grade
120039010741,My Ca.sa Charter School,Miami-Dade,Miami,115,6,No,false,Kindergarten,5th Grade
120123001226,Myakka City Elementary School,Manatee,Myakka City,319,198,Yes under Community Eligibility Option (CEO),false,Prekindergarten,5th Grade
120024002724,Myakka River Elementary School,Charlotte,Port Charlotte,624,300,Yes under Community Eligibility Option (CEO),false,Prekindergarten,5th Grade
120003000023,Myra Terwilliger Elementary School,Alachua,Gainesville,672,448,Yes under Community Eligibility Option (CEO),false,Prekindergarten,5th Grade
120039000470,Myrtle Grove Elementary,Miami-Dade,Miami Gardens,154,122,Yes under Community Eligibility Option (CEO),false,Prekindergarten,5th Grade
120051000802,Myrtle Grove Elementary School,Escambia,Pensacola,435,354,Yes under Community Eligibility Option (CEO),false,Prekindergarten,5th Grade
120051003581,N. B. Cook Elementary School,Escambia,Pensacola,530,226,Yes participating without using any Provision or the CEO,false,Kindergarten,5th Grade
120033003039,Naples Area Teenage Parenting,Collier,Naples,29,21,Yes under Community Eligibility Option (CEO),true,6th Grade,12th Grade
120033008906,Naples Classical Academy,Collier,Naples,846,149,Yes participating without using any Provision or the CEO,false,Kindergarten,12th Grade
120033000343,Naples High School,Collier,Naples,1535,727,Yes participating without using any Provision or the CEO,true,9th Grade,12th Grade
120033000352,Naples Park Elementary School,Collier,Naples,384,234,Yes participating without using any Provision or the CEO,false,Prekindergarten,5th Grade
120147007498,Narcoossee Elementary School,Osceola,Saint Cloud,839,332,Yes participating without using any Provision or the CEO,false,Prekindergarten,5th Grade
120147003632,Narcoossee Middle School,Osceola,Saint Cloud,1042,499,Yes participating without using any Provision or the CEO,true,6th Grade,8th Grade
120135010687,Nassau County Community School,Nassau,Fernandina Beach,76,38,Yes participating without using any Provision or the CEO,false,6th Grade,12th Grade
120135007722,Nassau Virtual Franchise,Nassau,Fernandina Beach,74,27,No,false,Kindergarten,12th Grade
120039000540,Nathan B. Young Elementary School,Miami-Dade,Opa Locka,310,226,Yes under Community Eligibility Option (CEO),false,Prekindergarten,5th Grade
120039000472,Natural Bridge Elementary School,Miami-Dade,North Miami,349,209,Yes under Community Eligibility Option (CEO),false,Prekindergarten,5th Grade
120114004951,Nature Coast Middle School,Levy,Chiefland,84,64,Yes under Community Eligibility Option (CEO),true,6th Grade,8th Grade
120081004083,Nature Coast Technical High,Hernando,Brooksville,1293,437,Yes under Community Eligibility Option (CEO),true,9th Grade,12th Grade
120165003122,Navarre High School,Santa Rosa,Navarre,2410,733,Yes participating without using any Provision or the CEO,false,9th Grade,12th Grade
120159008680,Navigator Academy of Leadership Davenport,Polk,Davenport,977,505,Yes participating without using any Provision or the CEO,false,Kindergarten,8th Grade
120087008657,Navigator Academy of Leadership Valrico,Hillsborough,Valrico,906,84,Yes participating without using any Provision or the CEO,false,Kindergarten,8th Grade
120051000803,Navy Point Elementary School,Escambia,Pensacola,484,322,Yes under Community Eligibility Option (CEO),false,Prekindergarten,5th Grade
120024000301,Neil Armstrong Elementary School,Charlotte,Port Charlotte,763,460,Yes under Community Eligibility Option (CEO),false,Prekindergarten,5th Grade
120087004090,Nelson Elementary School,Hillsborough,Dover,630,303,Yes under Community Eligibility Option (CEO),false,Prekindergarten,5th Grade
120147008640,Neocity Academy,Osceola,Kissimmee,514,182,Yes participating without using any Provision or the CEO,false,9th Grade,12th Grade
120048002163,Neptune Beach Elementary School,Duval,Neptune Beach,803,200,Yes under Community Eligibility Option (CEO),false,Prekindergarten,5th Grade
120147007373,Neptune Elementary School,Osceola,Saint Cloud,1052,539,Yes under Community Eligibility Option (CEO),false,Prekindergarten,5th Grade
120147002672,Neptune Middle School,Osceola,Kissimmee,1040,470,Yes under Community Eligibility Option (CEO),true,6th Grade,8th Grade
120039002428,Neva King Cooper Educational Center,Miami-Dade,Homestead,86,53,Yes under Community Eligibility Option (CEO),true,Prekindergarten,12th Grade
120033002101,New Beginnings - Naples,Collier,Naples,37,18,Yes under Community Eligibility Option (CEO),true,3rd Grade,8th Grade
120147003222,New Beginnings Education Center,Osceola,Kissimmee,179,118,Yes under Community Eligibility Option (CEO),true,Kindergarten,12th Grade
120159007899,New Beginnings High School,Polk,Winter Haven,997,771,Yes under Community Eligibility Option (CEO),true,6th Grade,12th Grade
120033002099,New Beginnings Immokalee,Collier,Immokalee,30,21,Yes under Community Eligibility Option (CEO),true,2nd Grade,8th Grade
120048004820,New Berlin Elementary School,Duval,Jacksonville,1118,397,Yes under Community Eligibility Option (CEO),false,Kindergarten,5th Grade
120147003467,New Dimensions High School,Osceola,Kissimmee,445,214,Yes under Community Eligibility Option (CEO),true,9th Grade,12th Grade
120156001695,New Heights Elementary School,Pinellas,St Petersburg,666,480,Yes under Community Eligibility Option (CEO),false,Prekindergarten,5th Grade
120150002630,New Horizons Elementary School,Palm Beach,Wellington,745,282,Yes under Community Eligibility Option (CEO),false,Prekindergarten,7th Grade
120009003147,New Horizons Learning Center,Bay,Panama City,93,74,Yes under Community Eligibility Option (CEO),true,6th Grade,12th Grade
120018008414,New Life Charter Academy,Broward,Fort Lauderdale,110,3,Yes under Community Eligibility Option (CEO),false,Kindergarten,5th Grade
120039010746,New Opportunity Educational Center,Miami-Dade,Miami,32,23,Yes participating without using any Provision or the CEO,false,1st Grade,12th Grade
120018003821,New Renaissance Middle School,Broward,Miramar,965,487,Yes under Community Eligibility Option (CEO),true,6th Grade,8th Grade
120153007289,New River Elementary School,Pasco,Wesley Chapel,939,372,Yes under Community Eligibility Option (CEO),false,Prekindergarten,5th Grade
120018000210,New River Middle School,Broward,Fort Lauderdale,1566,705,Yes under Community Eligibility Option (CEO),true,6th Grade,8th Grade
120192001990,New Smyrna Beach High School,Volusia,New Smyrna Beach,1687,644,Yes under Community Eligibility Option (CEO),true,9th Grade,12th Grade
120192002419,New Smyrna Beach Middle School,Volusia,New Smyrna Beach,1036,483,Yes under Community Eligibility Option (CEO),true,6th Grade,8th Grade
120087008052,New Springs Schools,Hillsborough,Tampa,382,,Yes under Community Eligibility Option (CEO),true,Kindergarten,8th Grade
120039002810,New World School of the Arts,Miami-Dade,Miami,451,101,Yes under Community Eligibility Option (CEO),true,9th Grade,12th Grade
120003000033,Newberry Elementary School,Alachua,Newberry,651,271,Yes under Community Eligibility Option (CEO),false,Prekindergarten,4th Grade
120003000019,Newberry High School,Alachua,Newberry,791,373,Yes participating without using any Provision or the CEO,true,8th Grade,12th Grade
120087004091,Newsome High School,Hillsborough,Lithia,3157,439,Yes participating without using any Provision or the CEO,false,9th Grade,12th Grade
120138001333,Niceville Senior High School,Okaloosa,Niceville,2036,444,Yes participating without using any Provision or the CEO,false,9th Grade,12th Grade
120039007591,Nicklaus Children's Hospital,Miami-Dade,Miami,8,,No,true,Kindergarten,12th Grade
120156001646,Nina Harris Ese Center,Pinellas,Pinellas Park,160,66,Yes under Community Eligibility Option (CEO),true,Prekindergarten,12th Grade
120018000283,Nob Hill Elementary School,Broward,Sunrise,510,223,Yes under Community Eligibility Option (CEO),false,Prekindergarten,5th Grade
120042000625,Nocatee Elementary School,Desoto,Nocatee,475,334,Yes under Community Eligibility Option (CEO),false,Prekindergarten,5th Grade
120105007924,Non School PK,Lake,Tavares,5,,No,false,Prekindergarten,Prekindergarten
120084007787,Non-Enrolled PK Exceptional Ed Program,Highlands,Sebring,6,,Yes participating without using any Provision or the CEO,false,Prekindergarten,Prekindergarten
120105002331,Nonschool Exceptional Education,Lake,Tavares,18,3,No,false,Prekindergarten,12th Grade
120018000184,Norcrest Elementary School,Broward,Pompano Beach,678,350,Yes under Community Eligibility Option (CEO),false,Prekindergarten,5th Grade
120039000473,Norland Elementary School,Miami-Dade,Miami,536,357,Yes under Community Eligibility Option (CEO),false,Prekindergarten,5th Grade
120039000571,Norland Middle School,Miami-Dade,Miami,656,410,Yes under Community Eligibility Option (CEO),true,6th Grade,8th Grade
120039006302,Norma Butler Bossard Elementary School,Miami-Dade,Miami,996,413,Yes under Community Eligibility Option (CEO),false,Prekindergarten,5th Grade
120039007533,Norman S. Edelcup/Sunny Isles Beach K-8,Miami-Dade,Sunny Isles Beach,1729,465,Yes under Community Eligibility Option (CEO),true,Prekindergarten,8th Grade
120048000746,Normandy Village Elementary School,Duval,Jacksonville,503,346,Yes under Community Eligibility Option (CEO),false,Prekindergarten,5th Grade
120018000181,North Andrews Gardens Elementary School,Broward,Oakland Park,742,413,Yes under Community Eligibility Option (CEO),false,Prekindergarten,5th Grade
120009007903,North Bay Haven Career Academy,Bay,Panama City,865,245,Yes participating without using any Provision or the CEO,false,9th Grade,12th Grade
120009007896,North Bay Haven Charter Academy Elementary School,Bay,Panama City,696,208,Yes participating without using any Provision or the CEO,false,Kindergarten,5th Grade
120009007791,North Bay Haven Charter Academy Middle School,Bay,Panama City,526,157,Yes participating without using any Provision or the CEO,true,6th Grade,8th Grade
120039000474,North Beach Elementary School,Miami-Dade,Miami Beach,905,181,Yes under Community Eligibility Option (CEO),false,Prekindergarten,5th Grade
120018003687,North Broward Academy of Excellence,Broward,North Lauderdale,665,454,Yes under Community Eligibility Option (CEO),false,Kindergarten,5th Grade
120018005458,North Broward Academy of Excellence Middle,Broward,North Lauderdale,373,286,Yes under Community Eligibility Option (CEO),true,6th Grade,8th Grade
120003007948,North Central Florida Public Charter School,Alachua,Gainesville,169,126,Yes under Community Eligibility Option (CEO),true,8th Grade,12th Grade
120093003410,North County Charter School,Indian River,Vero Beach,312,117,Yes participating without using any Provision or the CEO,false,Kindergarten,5th Grade
120039000476,North County K-8 Center,Miami-Dade,Miami Gardens,319,229,Yes under Community Eligibility Option (CEO),true,Prekindergarten,8th Grade
120039002713,North Dade Center for Modern Languages,Miami-Dade,Miami Gardens,315,144,Yes under Community Eligibility Option (CEO),false,Kindergarten,5th Grade
120039000572,North Dade Middle School,Miami-Dade,Miami Gardens,327,220,Yes under Community Eligibility Option (CEO),true,6th Grade,8th Grade
120141002217,North Elementary School,Okeechobee,Okeechobee,528,416,Yes under Community Eligibility Option (CEO),false,Kindergarten,5th Grade
120018000228,North Fork Elementary School,Broward,Fort Lauderdale,403,318,Yes under Community Eligibility Option (CEO),false,Prekindergarten,5th Grade
120108001158,North Fort Myers Academy for the Arts,Lee,North Fort Myers,1353,720,Yes under Community Eligibility Option (CEO),true,Prekindergarten,8th Grade
120108001139,North Fort Myers High School,Lee,North Fort Myers,1938,637,Yes under Community Eligibility Option (CEO),true,9th Grade,12th Grade
120039007984,North Gardens High School,Miami-Dade,Miami Gardens,454,27,No,true,9th Grade,12th Grade
120039000477,North Glade Elementary School,Miami-Dade,Miami Gardens,216,137,Yes under Community Eligibility Option (CEO),false,Prekindergarten,5th Grade
120150001515,North Grade K-8,Palm Beach,Lake Worth,769,474,Yes under Community Eligibility Option (CEO),true,Kindergarten,8th Grade
120039000478,North Hialeah Elementary School,Miami-Dade,Hialeah,478,322,Yes under Community Eligibility Option (CEO),false,Prekindergarten,5th Grade
120159001716,North Lakeland Elementary School of Choice,Polk,Lakeland,658,510,Yes under Community Eligibility Option (CEO),false,Prekindergarten,5th Grade
120018000271,North Lauderdale Elementary School,Broward,North Lauderdale,605,404,Yes under Community Eligibility Option (CEO),true,Prekindergarten,5th Grade
120126001269,North Marion High School,Marion,Citra,1228,700,Yes under Community Eligibility Option (CEO),true,9th Grade,12th Grade
120126001279,North Marion Middle School,Marion,Citra,738,459,Yes under Community Eligibility Option (CEO),true,6th Grade,8th Grade
120039000609,North Miami Beach Senior High,Miami-Dade,North Miami Beach,1075,623,Yes under Community Eligibility Option (CEO),true,9th Grade,12th Grade
120039000479,North Miami Elementary School,Miami-Dade,North Miami,430,283,Yes under Community Eligibility Option (CEO),false,Prekindergarten,5th Grade
120039000573,North Miami Middle School,Miami-Dade,North Miami,724,438,Yes under Community Eligibility Option (CEO),true,6th Grade,8th Grade
120039000610,North Miami Senior High School,Miami-Dade,North Miami,1748,1015,Yes under Community Eligibility Option (CEO),true,9th Grade,12th Grade
120033003961,North Naples Middle School,Collier,Naples,909,273,Yes participating without using any Provision or the CEO,false,6th Grade,8th Grade
120108007461,North Nicholas High School,Lee,Cape Coral,353,151,Yes under Community Eligibility Option (CEO),false,7th Grade,12th Grade
120039007983,North Park High School,Miami-Dade,Opa Locka,431,19,No,true,9th Grade,12th Grade
120168003800,North Port High School,Sarasota,North Port,2557,1318,Yes participating without using any Provision or the CEO,true,9th Grade,12th Grade
120048000666,North Shore Elementary,Duval,Jacksonville,614,480,Yes under Community Eligibility Option (CEO),false,Prekindergarten,5th Grade
120156001648,North Shore Elementary School,Pinellas,St Petersburg,433,154,Yes under Community Eligibility Option (CEO),false,Prekindergarten,5th Grade
120018000144,North Side Elementary School,Broward,Fort Lauderdale,266,186,Yes under Community Eligibility Option (CEO),false,Prekindergarten,5th Grade
120087004097,North Tampa Success Center,Hillsborough,Tampa,48,45,Yes under Community Eligibility Option (CEO),true,6th Grade,12th Grade
120039000480,North Twin Lakes Elementary School,Miami-Dade,Hialeah,590,381,Yes under Community Eligibility Option (CEO),false,Prekindergarten,5th Grade
120075000882,North Wauchula Elementary School,Hardee,Wauchula,516,397,Yes under Community Eligibility Option (CEO),false,Prekindergarten,5th Grade
120015002052,North/Central Area Alternative Learning Center,Brevard,Merritt Island,61,45,Yes under Community Eligibility Option (CEO),true,3rd Grade,12th Grade
120150001491,Northboro Elementary School,Palm Beach,West Palm Beach,728,535,Yes under Community Eligibility Option (CEO),false,Prekindergarten,5th Grade
120018000231,Northeast High School,Broward,Oakland Park,1717,792,Yes under Community Eligibility Option (CEO),true,9th Grade,12th Grade
120156001647,Northeast High School,Pinellas,St Petersburg,1684,688,Yes under Community Eligibility Option (CEO),true,9th Grade,12th Grade
120108008490,Northern Palms Charter High School,Lee,North Fort Myers,92,40,No,false,9th Grade,12th Grade
120144003629,Northlake Park Community Elementary,Orange,Orlando,608,94,Yes under Community Eligibility Option (CEO),false,Prekindergarten,5th Grade
120150001490,Northmore Elementary School,Palm Beach,West Palm Beach,710,438,Yes under Community Eligibility Option (CEO),false,Prekindergarten,5th Grade
120177002481,Northport K-8 School,St. Lucie,Port St Lucie,1206,865,Yes participating without using any Provision or the CEO,true,Prekindergarten,8th Grade
120009000065,Northside Elementary School,Bay,Panama City,569,291,Yes under Community Eligibility Option (CEO),false,Prekindergarten,5th Grade
120051002995,Northview High School,Escambia,Century,527,182,Yes under Community Eligibility Option (CEO),false,9th Grade,12th Grade
120156001651,Northwest Elementary School,Pinellas,St Petersburg,418,215,Yes under Community Eligibility Option (CEO),false,Prekindergarten,5th Grade
120087002510,Northwest Elementary School,Hillsborough,Tampa,658,197,Yes under Community Eligibility Option (CEO),false,Prekindergarten,5th Grade
120138003880,Northwest Florida Ballet Academie,Okaloosa,Fort Walton Beach,134,45,Yes participating without using any Provision or the CEO,false,3rd Grade,8th Grade
120048000698,Northwestern Legends Elementary,Duval,Jacksonville,433,367,Yes under Community Eligibility Option (CEO),false,Prekindergarten,5th Grade
120138001334,Northwood Elementary School,Okaloosa,Crestview,814,581,Yes participating without using any Provision or the CEO,false,Prekindergarten,5th Grade
120039000481,Norwood Elementary School,Miami-Dade,Miami,443,282,Yes under Community Eligibility Option (CEO),false,Prekindergarten,5th Grade
120018000235,Nova Blanche Forman Elementary,Broward,Davie,731,346,Yes under Community Eligibility Option (CEO),false,Kindergarten,5th Grade
120018000233,Nova Dwight D. Eisenhower Elem,Broward,Davie,747,335,Yes under Community Eligibility Option (CEO),false,Kindergarten,5th Grade
120018000234,Nova High School,Broward,Davie,2420,760,Yes under Community Eligibility Option (CEO),true,9th Grade,12th Grade
120018000236,Nova Middle School,Broward,Davie,1294,532,Yes under Community Eligibility Option (CEO),true,6th Grade,8th Grade
120051000809,O. J. Semmes Elementary School,Escambia,Pensacola,344,297,Yes under Community Eligibility Option (CEO),false,Prekindergarten,5th Grade
120108007768,Oak Creek Charter School of Bonita Springs,Lee,Bonita Springs,685,675,Yes under Community Eligibility Option (CEO),true,Kindergarten,8th Grade
120039000482,Oak Grove Elementary School,Miami-Dade,Miami,543,359,Yes under Community Eligibility Option (CEO),false,Prekindergarten,5th Grade
120087000993,Oak Grove Elementary School,Hillsborough,Tampa,832,592,Yes under Community Eligibility Option (CEO),false,Prekindergarten,5th Grade
120156001653,Oak Grove Middle School,Pinellas,Clearwater,724,427,Yes under Community Eligibility Option (CEO),true,6th Grade,8th Grade
120177003943,Oak Hammock K-8 School,St. Lucie,Port St Lucie,1727,1146,Yes participating without using any Provision or the CEO,true,Prekindergarten,8th Grade
120108007395,Oak Hammock Middle School,Lee,Fort Myers,1242,654,Yes under Community Eligibility Option (CEO),true,6th Grade,8th Grade
120048008567,Oak Hill Academy,Duval,Jacksonville,280,150,Yes under Community Eligibility Option (CEO),true,Prekindergarten,8th Grade
120144001453,Oak Hill Elementary,Orange,Orlando,503,302,Yes under Community Eligibility Option (CEO),false,Prekindergarten,5th Grade
120087000994,Oak Park Elementary School,Hillsborough,Tampa,314,249,Yes under Community Eligibility Option (CEO),false,Prekindergarten,5th Grade
120015000079,Oak Park Elementary School,Brevard,Titusville,473,324,Yes under Community Eligibility Option (CEO),false,Prekindergarten,6th Grade
120105001107,Oak Park Middle School,Lake,Leesburg,558,310,Yes under Community Eligibility Option (CEO),true,6th Grade,8th Grade
120168001857,Oak Park School,Sarasota,Sarasota,211,141,Yes participating without using any Provision or the CEO,true,Kindergarten,12th Grade
120111001177,Oak Ridge Elementary School,Leon,Tallahassee,432,339,Yes under Community Eligibility Option (CEO),false,Prekindergarten,5th Grade
120144001406,Oak Ridge High,Orange,Orlando,2553,1491,Yes under Community Eligibility Option (CEO),true,9th Grade,12th Grade
120003000619,Oak View Middle School,Alachua,Newberry,962,423,Yes participating without using any Provision or the CEO,false,5th Grade,8th Grade
120126001270,Oakcrest Elementary School,Marion,Ocala,631,528,Yes under Community Eligibility Option (CEO),false,Prekindergarten,5th Grade
120051000804,Oakcrest Elementary School,Escambia,Pensacola,527,299,Yes under Community Eligibility Option (CEO),false,Prekindergarten,5th Grade
120156001654,Oakhurst Elementary School,Pinellas,Largo,677,208,Yes under Community Eligibility Option (CEO),false,Prekindergarten,5th Grade
120144004115,Oakland Avenue Charter,Orange,Oakland,519,93,Yes participating without using any Provision or the CEO,false,Kindergarten,5th Grade
120018000143,Oakland Park Elementary School,Broward,Oakland Park,522,290,Yes under Community Eligibility Option (CEO),false,Prekindergarten,5th Grade
120030007558,Oakleaf High School,Clay,Orange Park,2307,1182,Yes participating without using any Provision or the CEO,true,9th Grade,12th Grade
120030007174,Oakleaf Junior High,Clay,Orange Park,906,492,Yes participating without using any Provision or the CEO,false,6th Grade,8th Grade
120030007243,Oakleaf Village Elementary School,Clay,Orange Park,1022,583,Yes participating without using any Provision or the CEO,false,Prekindergarten,6th Grade
120018000175,Oakridge Elementary School,Broward,Hollywood,411,245,Yes under Community Eligibility Option (CEO),false,Prekindergarten,5th Grade
120033001383,Oakridge Middle School,Collier,Naples,1172,380,Yes participating without using any Provision or the CEO,false,6th Grade,8th Grade
120144003627,Oakshire Elementary,Orange,Orlando,465,225,Yes under Community Eligibility Option (CEO),false,Prekindergarten,5th Grade
120153006561,Oakstead Elementary School,Pasco,Land O Lakes,1045,172,Yes under Community Eligibility Option (CEO),false,Prekindergarten,5th Grade
120108003956,Oasis Charter Elementary School-South,Lee,Cape Coral,875,241,Yes participating without using any Provision or the CEO,false,Kindergarten,5th Grade
120108007441,Oasis Charter High School,Lee,Cape Coral,896,201,Yes participating without using any Provision or the CEO,false,9th Grade,12th Grade
120108004929,Oasis Charter Middle School,Lee,Cape Coral,846,199,Yes participating without using any Provision or the CEO,false,6th Grade,8th Grade
120108004926,Oasis Elementary Charter School-North,Lee,Cape Coral,813,254,Yes participating without using any Provision or the CEO,false,Kindergarten,5th Grade
120123007193,Oasis Middle School,Manatee,Bradenton,49,35,Yes under Community Eligibility Option (CEO),true,6th Grade,8th Grade
120126002517,Ocala Springs Elementary School,Marion,Ocala,682,439,Yes under Community Eligibility Option (CEO),false,Prekindergarten,5th Grade
120126010683,Ocali Charter High School,Marion,Ocala,116,64,Yes under Community Eligibility Option (CEO),false,9th Grade,12th Grade
120126008427,Ocali Charter Middle School,Marion,Ocala,194,96,Yes under Community Eligibility Option (CEO),true,6th Grade,8th Grade
120015000136,Ocean Breeze Elementary School,Brevard,Indian Harbour Beach,498,117,Yes participating without using any Provision or the CEO,false,Prekindergarten,6th Grade
120174003120,Ocean Palms Elementary School,St. Johns,Ponte Vedra Beach,386,36,Yes participating without using any Provision or the CEO,false,Prekindergarten,5th Grade
120132007956,Ocean Studies Charter,Monroe,Key Largo,180,44,Yes participating without using any Provision or the CEO,false,Kindergarten,8th Grade
120048003845,Oceanway Elementary School,Duval,Jacksonville,728,320,Yes under Community Eligibility Option (CEO),false,Prekindergarten,5th Grade
120048004193,Oceanway School,Duval,Jacksonville,828,392,Yes under Community Eligibility Option (CEO),true,6th Grade,8th Grade
120162001056,Ochwilla Elementary School,Putnam,Hawthorne,388,208,Yes under Community Eligibility Option (CEO),false,Prekindergarten,6th Grade
120144002225,Ocoee Elementary,Orange,Ocoee,723,409,Yes under Community Eligibility Option (CEO),false,Prekindergarten,5th Grade
120144005638,Ocoee High,Orange,Ocoee,2514,1150,Yes under Community Eligibility Option (CEO),true,9th Grade,12th Grade
120144001379,Ocoee Middle,Orange,Ocoee,1155,560,Yes under Community Eligibility Option (CEO),true,6th Grade,8th Grade
120144008606,Ocps Academic Center for Excellence,Orange,Orlando,824,671,Yes under Community Eligibility Option (CEO),true,Prekindergarten,8th Grade
120144007846,Ocvs Virtual Franchise,Orange,Orlando,1000,136,No,false,Kindergarten,12th Grade
120144007712,Ocvs Virtual Instruction Program,Orange,Orlando,23,10,No,false,Kindergarten,12th Grade
120153007744,Odessa Elementary School,Pasco,New Port Richey,984,204,Yes under Community Eligibility Option (CEO),false,Prekindergarten,5th Grade
120015003540,Odyssey Charter School,Brevard,Palm Bay,1917,723,Yes under Community Eligibility Option (CEO),true,Kindergarten,12th Grade
120144003747,Odyssey Middle,Orange,Orlando,897,378,Yes under Community Eligibility Option (CEO),true,6th Grade,8th Grade
120015008230,Odyssey Preparatory Charter Academy,Brevard,Palm Bay,462,197,Yes under Community Eligibility Option (CEO),false,Kindergarten,5th Grade
120039000483,Ojus Elementary School,Miami-Dade,Miami,835,401,Yes under Community Eligibility Option (CEO),false,Prekindergarten,5th Grade
120138003088,Okaloosa Academy,Okaloosa,Fort Walton Beach,115,87,Yes participating without using any Provision or the CEO,true,2nd Grade,12th Grade
120138008315,Okaloosa Online Non Franchised,Okaloosa,Crestview,581,346,No,true,Kindergarten,12th Grade
120138003621,Okaloosa Regional Detention,Okaloosa,Crestview,28,6,Yes participating without using any Provision or the CEO,true,5th Grade,12th Grade
120138008072,Okaloosa Stemm Center,Okaloosa,Valparaiso,366,102,Yes participating without using any Provision or the CEO,false,6th Grade,8th Grade
120138002443,Okaloosa Technical College,Okaloosa,Fort Walton Beach,42,26,Yes participating without using any Provision or the CEO,false,6th Grade,12th Grade
120141003624,Okeechobee Achievement Academy,Okeechobee,Okeechobee,266,218,Yes under Community Eligibility Option (CEO),true,Prekindergarten,12th Grade
120141001358,Okeechobee High School,Okeechobee,Okeechobee,1718,1303,Yes under Community Eligibility Option (CEO),true,9th Grade,12th Grade
120141008363,Okeechobee Virtual Franchise,Okeechobee,Okeechobee,59,39,No,true,Kindergarten,12th Grade
120150003101,Okeeheelee Middle School,Palm Beach,Greenacres,1401,845,Yes under Community Eligibility Option (CEO),true,6th Grade,8th Grade
120054002747,Old Kings Elementary School,Flagler,Flagler Beach,1019,351,Yes under Community Eligibility Option (CEO),false,Prekindergarten,5th Grade
120045000627,Old Town Elementary School,Dixie,Old Town,517,366,Yes under Community Eligibility Option (CEO),false,Prekindergarten,5th Grade
120156001655,Oldsmar Elementary School,Pinellas,Oldsmar,473,185,Yes under Community Eligibility Option (CEO),false,Prekindergarten,5th Grade
120039002147,Oliver Hoover Elementary School,Miami-Dade,Miami,617,219,Yes under Community Eligibility Option (CEO),false,Prekindergarten,5th Grade
120018000176,Olsen Middle School,Broward,Dania Beach,602,304,Yes under Community Eligibility Option (CEO),true,6th Grade,8th Grade
120039000485,Olympia Heights Elementary School,Miami-Dade,Miami,318,219,Yes under Community Eligibility Option (CEO),false,Prekindergarten,5th Grade
120144003746,Olympia High,Orange,Orlando,2901,830,Yes under Community Eligibility Option (CEO),true,9th Grade,12th Grade
120150002876,Olympic Heights Community High,Palm Beach,Boca Raton,2239,500,Yes under Community Eligibility Option (CEO),true,9th Grade,12th Grade
120150008724,Olympus International Academy,Palm Beach,Boca Raton,304,75,Yes under Community Eligibility Option (CEO),true,Kindergarten,8th Grade
120150002785,Omni Middle School,Palm Beach,Boca Raton,951,229,Yes under Community Eligibility Option (CEO),false,6th Grade,8th Grade
120123001227,Oneco Elementary School,Manatee,Bradenton,576,424,Yes under Community Eligibility Option (CEO),false,Prekindergarten,5th Grade
120033008976,Optima Classical Academy,Collier,Naples,100,,No,false,Kindergarten,10th Grade
120018000198,Orange Brook Elementary School,Broward,Hollywood,667,397,Yes under Community Eligibility Option (CEO),false,Prekindergarten,5th Grade
120144001440,Orange Center Elementary,Orange,Orlando,342,263,Yes under Community Eligibility Option (CEO),false,Prekindergarten,5th Grade
120192001992,Orange City Elementary School,Volusia,Orange City,594,397,Yes under Community Eligibility Option (CEO),false,Prekindergarten,5th Grade
120156001656,Orange Grove Elementary School,Pinellas,Seminole,405,147,Yes under Community Eligibility Option (CEO),false,Prekindergarten,5th Grade
120087003377,Orange Grove Middle Magnet School,Hillsborough,Tampa,497,279,Yes under Community Eligibility Option (CEO),true,6th Grade,8th Grade
120030000320,Orange Park Elementary School,Clay,Orange Park,489,172,Yes participating without using any Provision or the CEO,false,Kindergarten,6th Grade
120030000323,Orange Park High School,Clay,Orange Park,1844,1122,Yes under Community Eligibility Option (CEO),true,9th Grade,12th Grade
120030000333,Orange Park Junior High School,Clay,Orange Park,832,556,Yes under Community Eligibility Option (CEO),true,7th Grade,8th Grade
120108001140,Orange River Elementary School,Lee,Fort Myers,796,469,Yes under Community Eligibility Option (CEO),false,Prekindergarten,5th Grade
120108001141,Orangewood Elementary School,Lee,Fort Myers,679,396,Yes under Community Eligibility Option (CEO),false,Prekindergarten,5th Grade
120150003011,Orchard View Elementary School,Palm Beach,Delray Beach,679,433,Yes under Community Eligibility Option (CEO),false,Prekindergarten,5th Grade
120039000487,Orchard Villa Elementary School,Miami-Dade,Miami,283,194,Yes under Community Eligibility Option (CEO),false,Prekindergarten,5th Grade
120165002258,Oriole Beach Elementary School,Santa Rosa,Gulf Breeze,765,264,Yes participating without using any Provision or the CEO,false,Prekindergarten,5th Grade
120018000258,Oriole Elementary School,Broward,Lauderdale Lakes,670,438,Yes under Community Eligibility Option (CEO),false,Prekindergarten,5th Grade
120144008645,Orlando Gifted Academy,Orange,Orlando,442,53,Yes under Community Eligibility Option (CEO),false,2nd Grade,8th Grade
120144010793,Orlando Science Charter School K-8,Orange,Orlando,626,60,No,false,Kindergarten,8th Grade
120144008215,Orlando Science Elementary Charter,Orange,Orlando,721,176,Yes under Community Eligibility Option (CEO),false,Kindergarten,5th Grade
120144007458,Orlando Science Middle High Charter,Orange,Orlando,1591,301,Yes under Community Eligibility Option (CEO),true,6th Grade,12th Grade
120144001375,Orlo Vista Elementary,Orange,Orlando,458,303,Yes under Community Eligibility Option (CEO),false,Prekindergarten,5th Grade
120192001966,Ormond Beach Elementary School,Volusia,Ormond Beach,363,189,Yes under Community Eligibility Option (CEO),false,Prekindergarten,5th Grade
120192001993,Ormond Beach Middle School,Volusia,Ormond Beach,1007,505,Yes under Community Eligibility Option (CEO),true,6th Grade,8th Grade
120048000637,Ortega Elementary School,Duval,Jacksonville,342,204,Yes under Community Eligibility Option (CEO),false,Kindergarten,5th Grade
120159001783,Oscar J. Pope Elementary School,Polk,Lakeland,365,295,Yes under Community Eligibility Option (CEO),false,Prekindergarten,5th Grade
120009010622,Oscar Patterson Academy,Bay,Panama City,394,280,Yes under Community Eligibility Option (CEO),false,Prekindergarten,4th Grade
120147004119,Osceola County School for the Arts,Osceola,Kissimmee,1002,375,Yes participating without using any Provision or the CEO,true,6th Grade,12th Grade
120150004030,Osceola Creek Middle School,Palm Beach,Loxahatchee,851,303,Yes under Community Eligibility Option (CEO),true,6th Grade,8th Grade
120033003829,Osceola Elementary School,Collier,Naples,572,271,Yes participating without using any Provision or the CEO,false,Prekindergarten,5th Grade
120174002899,Osceola Elementary School,St. Johns,St Augustine,639,420,Yes under Community Eligibility Option (CEO),false,Prekindergarten,5th Grade
120156002397,Osceola Fundamental High,Pinellas,Seminole,1706,340,Yes participating without using any Provision or the CEO,false,9th Grade,12th Grade
120147001469,Osceola High School,Osceola,Kissimmee,2345,1194,Yes under Community Eligibility Option (CEO),true,9th Grade,12th Grade
120093001054,Osceola Magnet School,Indian River,Vero Beach,524,224,Yes participating without using any Provision or the CEO,false,Kindergarten,5th Grade
120126001272,Osceola Middle School,Marion,Ocala,866,335,Yes under Community Eligibility Option (CEO),true,6th Grade,8th Grade
120141003089,Osceola Middle School,Okeechobee,Okeechobee,689,533,Yes under Community Eligibility Option (CEO),true,6th Grade,8th Grade
120156002478,Osceola Middle School,Pinellas,Seminole,933,437,Yes under Community Eligibility Option (CEO),true,6th Grade,8th Grade
120147008561,Osceola Science Charter School,Osceola,Kissimmee,1158,574,Yes participating without using any Provision or the CEO,true,Kindergarten,12th Grade
120147005802,Osceola Virtual Franchise (Secondary),Osceola,Saint Cloud,148,3,No,false,Kindergarten,12th Grade
120093002998,Oslo Middle School,Indian River,Vero Beach,767,552,Yes participating without using any Provision or the CEO,true,6th Grade,8th Grade
120192002267,Osteen Elementary School,Volusia,Osteen,523,261,Yes under Community Eligibility Option (CEO),false,Prekindergarten,5th Grade
120174001060,Otis A. Mason Elementary School,St. Johns,St Augustine,731,353,Yes under Community Eligibility Option (CEO),false,Prekindergarten,5th Grade
120171001886,Oviedo High School,Seminole,Oviedo,2312,728,Yes participating without using any Provision or the CEO,false,9th Grade,12th Grade
120156001657,Ozona Elementary School,Pinellas,Palm Harbor,727,179,Yes participating without using any Provision or the CEO,false,Prekindergarten,5th Grade
120147003750,P. M. Wells Charter Academy,Osceola,Kissimmee,403,209,Yes under Community Eligibility Option (CEO),true,Kindergarten,8th Grade
120201502912,P.k. Yonge Developmental Research School,Uf Lab Sch,Gainesville,1363,374,Yes participating without using any Provision or the CEO,false,Prekindergarten,12th Grade
120003003283,Pace,Alachua,Gainesville,51,35,No,true,6th Grade,12th Grade
120123002844,Pace Center for Girls,Manatee,Bradenton,56,43,No,true,6th Grade,12th Grade
120159003789,Pace Center for Girls,Polk,Lakeland,59,49,No,true,6th Grade,12th Grade
120027008728,Pace Center for Girls,Citrus,Lecanto,29,25,Yes under Community Eligibility Option (CEO),false,6th Grade,12th Grade
120039008332,Pace Center for Girls,Miami-Dade,Miami,36,7,No,false,6th Grade,12th Grade
120153004427,Pace Center for Girls,Pasco,New Port Richey,55,18,No,true,6th Grade,12th Grade
120144002928,Pace Center for Girls,Orange,Orlando,30,25,No,false,6th Grade,12th Grade
120192003134,Pace Center for Girls,Volusia,Ormond Beach,30,27,Yes under Community Eligibility Option (CEO),false,6th Grade,12th Grade
120150003236,Pace Center for Girls,Palm Beach,Palm Beach Springs,30,,No,true,6th Grade,12th Grade
120156003486,Pace Center for Girls,Pinellas,Pinellas Park,36,24,No,true,6th Grade,12th Grade
120081008654,Pace Center for Girls,Hernando,Spring Hill,20,12,No,true,6th Grade,12th Grade
120111003602,Pace Center for Girls,Leon,Tallahassee,44,41,No,true,6th Grade,12th Grade
120087003399,Pace Center for Girls,Hillsborough,Tampa,46,43,No,false,6th Grade,12th Grade
120030008344,Pace Center for Girls Clay,Clay,Orange Park,50,33,No,true,6th Grade,12th Grade
120126003733,Pace Center for Girls Inc.,Marion,Ocala,40,35,No,true,6th Grade,12th Grade
120018003547,Pace Center for Girls Inc.,Broward,Wilton Manors,76,14,No,true,6th Grade,12th Grade
120177003661,Pace Center for Girls Treasure Coast,St. Lucie,Fort Pierce,46,10,No,false,6th Grade,12th Grade
120048003169,Pace Center for Girls-Jax,Duval,Jacksonville,73,45,No,false,6th Grade,12th Grade
120165001830,Pace High School,Santa Rosa,Pace,2316,800,Yes participating without using any Provision or the CEO,false,9th Grade,12th Grade
120051003057,Pace Program,Escambia,Pensacola,57,54,No,true,6th Grade,12th Grade
120108005778,Pace School for Girls,Lee,Ft Myers,62,22,No,true,6th Grade,12th Grade
120174007334,Pacetti Bay Middle School,St. Johns,St Augustine,1481,289,Yes participating without using any Provision or the CEO,false,6th Grade,8th Grade
120150001538,Pahokee Elementary School,Palm Beach,Pahokee,328,276,Yes under Community Eligibility Option (CEO),false,Prekindergarten,5th Grade
120150002624,Pahokee Middle-Senior High,Palm Beach,Pahokee,868,685,Yes under Community Eligibility Option (CEO),true,6th Grade,12th Grade
120162001811,Palatka Jr - Sr High School,Putnam,Palatka,1568,807,Yes under Community Eligibility Option (CEO),true,7th Grade,12th Grade
120174008177,Palencia Elementary School,St. Johns,St Augustine,703,131,Yes participating without using any Provision or the CEO,false,Prekindergarten,5th Grade
120108008375,Palm Acres Charter High School,Lee,Lehigh Acres,274,161,No,false,9th Grade,12th Grade
120048000718,Palm Avenue Excep. Student Center,Duval,Jacksonville,210,75,Yes under Community Eligibility Option (CEO),true,6th Grade,12th Grade
120015003297,Palm Bay Academy Charter School,Brevard,Palm Bay,370,336,Yes under Community Eligibility Option (CEO),true,Kindergarten,8th Grade
120015000108,Palm Bay Elementary School,Brevard,Palm Bay,583,419,Yes under Community Eligibility Option (CEO),false,Prekindergarten,6th Grade
120009008597,Palm Bay Elementary School,Bay,Panama City,321,175,Yes under Community Eligibility Option (CEO),false,Kindergarten,5th Grade
120015000104,Palm Bay Magnet Senior High School,Brevard,Melbourne,1359,706,Yes under Community Eligibility Option (CEO),true,8th Grade,12th Grade
120009007472,Palm Bay Preparatory Academy 6-12,Bay,Panama City,203,111,Yes under Community Eligibility Option (CEO),true,6th Grade,12th Grade
120150004121,Palm Beach Central High School,Palm Beach,Wellington,2760,1022,Yes under Community Eligibility Option (CEO),true,9th Grade,12th Grade
120150003228,Palm Beach County Jail,Palm Beach,West Palm Beach,14,,No,true,6th Grade,12th Grade
120150001480,Palm Beach Gardens Elementary School,Palm Beach,Palm Beach Gardens,712,304,Yes under Community Eligibility Option (CEO),false,Prekindergarten,5th Grade
120150001549,Palm Beach Gardens High School,Palm Beach,Palm Beach Gardens,2407,1251,Yes under Community Eligibility Option (CEO),true,9th Grade,12th Grade
120150002627,Palm Beach Lakes High School,Palm Beach,West Palm Beach,2809,1662,Yes under Community Eligibility Option (CEO),true,9th Grade,12th Grade
120150004413,Palm Beach Maritime Academy Elementary,Palm Beach,Lantana,579,390,Yes under Community Eligibility Option (CEO),true,Kindergarten,5th Grade
120150008354,Palm Beach Maritime Academy Secondary,Palm Beach,Lantana,438,231,Yes under Community Eligibility Option (CEO),true,6th Grade,12th Grade
120150008009,Palm Beach Preparatory Charter Academy,Palm Beach,Palm Springs,632,392,Yes under Community Eligibility Option (CEO),true,9th Grade,12th Grade
120150010881,Palm Beach Preparatory Charter Academy Middle School,Palm Beach,Palm Beach,37,28,Yes under Community Eligibility Option (CEO),false,6th Grade,8th Grade
120150001497,Palm Beach Public School,Palm Beach,Palm Beach,356,112,Yes under Community Eligibility Option (CEO),false,Prekindergarten,5th Grade
120150003232,Palm Beach Regional Detention Center,Palm Beach,West Palm Beach,51,19,Yes participating without using any Provision or the CEO,true,4th Grade,12th Grade
120150004127,Palm Beach School for Autism,Palm Beach,Lake Worth Fl,381,140,Yes under Community Eligibility Option (CEO),true,Prekindergarten,12th Grade
120150007287,Palm Beach Virtual Franchise,Palm Beach,Palm Beach Gardens,78,14,No,false,Kindergarten,12th Grade
120150007579,Palm Beach Virtual Instruction Program,Palm Beach,Palm Beach Gardens,103,4,No,false,Kindergarten,12th Grade
120129001285,Palm City Elementary School,Martin,Palm City,575,102,Yes participating without using any Provision or the CEO,false,Prekindergarten,5th Grade
120018000193,Palm Cove Elementary School,Broward,Pembroke Pines,385,166,Yes under Community Eligibility Option (CEO),false,Prekindergarten,5th Grade
120039007797,Palm Glades Preparatory Academy,Miami-Dade,Miami,219,132,Yes under Community Eligibility Option (CEO),true,6th Grade,8th Grade
120039008183,Palm Glades Preparatory High School,Miami-Dade,Miami,229,123,Yes under Community Eligibility Option (CEO),true,9th Grade,12th Grade
120156002453,Palm Harbor Middle School,Pinellas,Palm Harbor,1017,284,Yes participating without using any Provision or the CEO,false,6th Grade,8th Grade
120156003014,Palm Harbor University High,Pinellas,Palm Harbor,2413,521,Yes participating without using any Provision or the CEO,false,9th Grade,12th Grade
120144002573,Palm Lake Elementary,Orange,Orlando,574,181,Yes under Community Eligibility Option (CEO),false,Kindergarten,5th Grade
120039000489,Palm Lakes Elementary School,Miami-Dade,Hialeah,574,290,Yes under Community Eligibility Option (CEO),false,Prekindergarten,5th Grade
120177010812,Palm Pointe K8 School,St. Lucie,Port St Lucie,1597,794,No,false,Kindergarten,8th Grade
120087000997,Palm River Elementary School,Hillsborough,Tampa,406,326,Yes under Community Eligibility Option (CEO),false,Prekindergarten,5th Grade
120039000490,Palm Springs Elementary School,Miami-Dade,Hialeah,585,329,Yes under Community Eligibility Option (CEO),false,Prekindergarten,5th Grade
120150001513,Palm Springs Elementary School,Palm Beach,Palm Springs,1069,728,Yes under Community Eligibility Option (CEO),false,Prekindergarten,5th Grade
120039000574,Palm Springs Middle School,Miami-Dade,Hialeah,698,429,Yes under Community Eligibility Option (CEO),true,6th Grade,8th Grade
120150001510,Palm Springs Middle School,Palm Beach,West Palm Beach,1397,841,Yes under Community Eligibility Option (CEO),true,6th Grade,8th Grade
120039000491,Palm Springs North Elementary School,Miami-Dade,Hialeah,1422,644,Yes under Community Eligibility Option (CEO),false,Prekindergarten,8th Grade
120192001196,Palm Terrace Elementary School,Volusia,Daytona Beach,697,570,Yes under Community Eligibility Option (CEO),false,Prekindergarten,5th Grade
120174008569,Palm Valley Academy,St. Johns,Ponte Vedra,1408,93,Yes participating without using any Provision or the CEO,false,Kindergarten,8th Grade
120123001229,Palm View K-8 School,Manatee,Palmetto,606,455,Yes under Community Eligibility Option (CEO),true,Prekindergarten,8th Grade
120123001230,Palma Sola Elementary School,Manatee,Bradenton,396,242,Yes participating without using any Provision or the CEO,false,Prekindergarten,5th Grade
120123007772,Palmetto Charter School,Manatee,Palmetto,458,154,Yes participating without using any Provision or the CEO,false,Kindergarten,8th Grade
120144001452,Palmetto Elementary,Orange,Orlando,1006,668,Yes under Community Eligibility Option (CEO),false,Prekindergarten,5th Grade
120039000488,Palmetto Elementary School,Miami-Dade,Miami,654,79,Yes under Community Eligibility Option (CEO),false,Prekindergarten,5th Grade
120033007276,Palmetto Elementary School,Collier,Naples,645,349,Yes under Community Eligibility Option (CEO),false,Prekindergarten,5th Grade
120123001231,Palmetto Elementary School,Manatee,Palmetto,519,391,Yes under Community Eligibility Option (CEO),false,Prekindergarten,5th Grade
120159005342,Palmetto Elementary School,Polk,Poinciana,479,353,Yes under Community Eligibility Option (CEO),false,Prekindergarten,5th Grade
120150001504,Palmetto Elementary School,Palm Beach,West Palm Beach,508,342,Yes under Community Eligibility Option (CEO),false,Prekindergarten,5th Grade
120123001232,Palmetto High School,Manatee,Palmetto,2185,1313,Yes participating without using any Provision or the CEO,true,8th Grade,12th Grade
120039000575,Palmetto Middle School,Miami-Dade,Miami,715,167,Yes under Community Eligibility Option (CEO),false,6th Grade,8th Grade
120033003960,Palmetto Ridge High School,Collier,Naples,2054,1040,Yes participating without using any Provision or the CEO,true,9th Grade,12th Grade
120123002716,Palmshores Behavior Health Center,Manatee,Bradenton,88,8,No,false,2nd Grade,12th Grade
120018000224,Palmview Elementary School,Broward,Pompano Beach,523,310,Yes under Community Eligibility Option (CEO),false,Prekindergarten,5th Grade
120018008329,Panacea Prep Charter School,Broward,Coral Springs,115,13,No,false,Kindergarten,5th Grade
120144008944,Panther Lake Elementary,Orange,Winter Garden,797,88,Yes under Community Eligibility Option (CEO),false,Prekindergarten,5th Grade
120150002875,Panther Run Elementary School,Palm Beach,Lake Worth,794,138,Yes under Community Eligibility Option (CEO),false,Prekindergarten,5th Grade
120018003154,Panther Run Elementary School,Broward,Pembroke Pines,330,91,Yes participating without using any Provision or the CEO,false,Prekindergarten,5th Grade
120018005460,Paragon Academy of Technology,Broward,Hollywood,123,,Yes under Community Eligibility Option (CEO),true,6th Grade,12th Grade
120084002754,Park Elementary School,Highlands,Avon Park,557,408,Yes under Community Eligibility Option (CEO),false,Prekindergarten,5th Grade
120018003817,Park Lakes Elementary School,Broward,Lauderdale Lakes,903,572,Yes under Community Eligibility Option (CEO),false,Prekindergarten,5th Grade
120018000266,Park Ridge Elementary School,Broward,Pompano Beach,549,307,Yes under Community Eligibility Option (CEO),false,Prekindergarten,5th Grade
120018002708,Park Springs Elementary School,Broward,Coral Springs,801,245,Yes participating without using any Provision or the CEO,false,Prekindergarten,5th Grade
120018003683,Park Trails Elementary School,Broward,Parkland,981,100,Yes participating without using any Provision or the CEO,false,Prekindergarten,5th Grade
120150004020,Park Vista Community High School,Palm Beach,Lake Worth,2881,592,Yes under Community Eligibility Option (CEO),true,9th Grade,12th Grade
120009000052,Parker Elementary School,Bay,Panama City,510,360,Yes under Community Eligibility Option (CEO),false,Prekindergarten,5th Grade
120018004317,Parkside Elementary School,Broward,Coral Springs,713,296,Yes under Community Eligibility Option (CEO),false,Prekindergarten,5th Grade
120033004495,Parkside Elementary School,Collier,Naples,589,357,Yes under Community Eligibility Option (CEO),false,Prekindergarten,5th Grade
120039000492,Parkview Educational Center,Miami-Dade,Miami Gardens,21,15,Yes under Community Eligibility Option (CEO),false,Prekindergarten,12th Grade
120039000493,Parkway Elementary School,Miami-Dade,Miami,178,121,Yes under Community Eligibility Option (CEO),false,Prekindergarten,5th Grade
120177002673,Parkway Elementary School,St. Lucie,Port St Lucie,553,338,Yes under Community Eligibility Option (CEO),false,Prekindergarten,5th Grade
120147002623,Parkway Middle School,Osceola,Kissimmee,601,349,Yes under Community Eligibility Option (CEO),true,6th Grade,8th Grade
120018000197,Parkway Middle School,Broward,Lauderhill,883,566,Yes under Community Eligibility Option (CEO),true,4th Grade,8th Grade
120048000734,Parkwood Heights Elementary School,Duval,Jacksonville,322,201,Yes under Community Eligibility Option (CEO),false,Kindergarten,5th Grade
120123008704,Parrish Charter Academy,Manatee,Parrish,891,207,Yes participating without using any Provision or the CEO,false,Kindergarten,8th Grade
120123008711,Parrish Community High School,Manatee,Parrish,2266,819,Yes participating without using any Provision or the CEO,false,9th Grade,12th Grade
120171002906,Partin Elementary School,Seminole,Oviedo,536,138,Yes participating without using any Provision or the CEO,false,Prekindergarten,5th Grade
120147003890,Partin Settlement Elementary School,Osceola,Kissimmee,821,445,Yes under Community Eligibility Option (CEO),false,Prekindergarten,5th Grade
120156001661,Pasadena Fundamental Elementary School,Pinellas,St Petersburg,459,140,Yes participating without using any Provision or the CEO,false,Kindergarten,5th Grade
120018000268,Pasadena Lakes Elementary School,Broward,Pembroke Pines,478,248,Yes under Community Eligibility Option (CEO),false,Prekindergarten,5th Grade
120153003778,Pasco County Correction Department,Pasco,Land O Lakes,11,,No,false,6th Grade,12th Grade
120153001564,Pasco Elementary School,Pasco,Dade City,639,411,Yes under Community Eligibility Option (CEO),false,Prekindergarten,5th Grade
120153007660,Pasco Eschool-Virtual Franchise,Pasco,Land O Lakes,610,,No,false,6th Grade,12th Grade
120153001563,Pasco High School,Pasco,Dade City,1523,728,Yes under Community Eligibility Option (CEO),true,9th Grade,12th Grade
120153001565,Pasco Middle School,Pasco,Dade City,819,421,Yes under Community Eligibility Option (CEO),true,6th Grade,8th Grade
120153008035,Pasco Virtual Instruction Program (District Provided),Pasco,Land O Lakes,139,,No,false,Kindergarten,12th Grade
120144003214,Passport Charter,Orange,Orlando,181,94,Yes under Community Eligibility Option (CEO),true,Kindergarten,8th Grade
120036000366,Pathways Academy,Columbia,Lake City,94,73,Yes under Community Eligibility Option (CEO),true,6th Grade,12th Grade
120192003275,Pathways Elementary School,Volusia,Ormond Beach,667,285,Yes under Community Eligibility Option (CEO),false,Prekindergarten,5th Grade
120087007676,Patricia Sullivan Metropolitan Ministries Partnership Schoo,Hillsborough,Tampa,68,60,Yes under Community Eligibility Option (CEO),false,Kindergarten,5th Grade
120108007328,Patriot Elementary School,Lee,Cape Coral,954,497,Yes under Community Eligibility Option (CEO),false,Prekindergarten,5th Grade
120174008389,Patriot Oaks Academy,St. Johns,Saint Johns,1473,125,Yes participating without using any Provision or the CEO,false,Kindergarten,8th Grade
120009002976,Patronis Elementary School,Bay,Panama City Beach,589,196,Yes under Community Eligibility Option (CEO),false,Kindergarten,5th Grade
120156002246,Paul B. Stephens Ese Center,Pinellas,Clearwater,137,51,Yes under Community Eligibility Option (CEO),true,Prekindergarten,12th Grade
120039000407,Paul Laurence Dunbar K-8 Center,Miami-Dade,Miami,373,252,Yes under Community Eligibility Option (CEO),true,Prekindergarten,8th Grade
120108001128,Paul Laurence Dunbar Middle School,Lee,Fort Myers,999,462,Yes under Community Eligibility Option (CEO),true,6th Grade,8th Grade
120153006504,Paul R. Smith Middle School,Pasco,Holiday,830,531,Yes under Community Eligibility Option (CEO),true,6th Grade,8th Grade
120039003051,Paul W. Bell Middle School,Miami-Dade,Miami,483,253,Yes under Community Eligibility Option (CEO),true,6th Grade,8th Grade
120048000671,Paxon School/Advanced Studies,Duval,Jacksonville,1278,347,Yes under Community Eligibility Option (CEO),false,9th Grade,12th Grade
120198002020,Paxton School,Walton,Paxton,783,473,Yes participating without using any Provision or the CEO,true,Prekindergarten,12th Grade
120165002097,Pea Ridge Elementary School,Santa Rosa,Pace,846,489,Yes participating without using any Provision or the CEO,false,Prekindergarten,5th Grade
120024000297,Peace River Elementary School,Charlotte,Port Charlotte,557,352,Yes under Community Eligibility Option (CEO),false,Prekindergarten,5th Grade
120174004444,Pedro Menendez High School,St. Johns,St Augustine,1403,631,Yes participating without using any Provision or the CEO,true,8th Grade,12th Grade
120108002076,Pelican Elementary School,Lee,Cape Coral,963,479,Yes under Community Eligibility Option (CEO),false,Prekindergarten,5th Grade
120093001059,Pelican Island Elementary School,Indian River,Sebastian,354,190,Yes participating without using any Provision or the CEO,false,Prekindergarten,5th Grade
120033003038,Pelican Marsh Elementary School,Collier,Naples,677,228,Yes participating without using any Provision or the CEO,false,Prekindergarten,5th Grade
120066004849,Pemayetv Emahakv Charter Our Way School,Glades,Okeechobee,299,3,No,false,Prekindergarten,8th Grade
120018000282,Pembroke Lakes Elementary School,Broward,Pembroke Pines,627,235,Yes participating without using any Provision or the CEO,false,Prekindergarten,5th Grade
120018003307,Pembroke Pines Charter Elementary School,Broward,Pembroke Pines,2046,780,Yes participating without using any Provision or the CEO,false,Kindergarten,5th Grade
120018000230,Pembroke Pines Elementary School,Broward,Pembroke Pines,559,286,Yes under Community Eligibility Option (CEO),false,Prekindergarten,5th Grade
120051003848,Pensacola Beach Elementary School Inc,Escambia,Pensacola Beach,115,,No,false,Kindergarten,5th Grade
120051000805,Pensacola High School,Escambia,Pensacola,1221,635,Yes under Community Eligibility Option (CEO),false,9th Grade,12th Grade
120051010638,Pensacola State Charter Academy,Escambia,Pensacola,112,10,No,false,9th Grade,12th Grade
120087003589,Pepin Academies,Hillsborough,Tampa,834,44,Yes under Community Eligibility Option (CEO),false,3rd Grade,12th Grade
120153008339,Pepin Academies of Pasco County,Pasco,New Port Richey,300,149,Yes under Community Eligibility Option (CEO),true,3rd Grade,12th Grade
120177001079,Performance Based Preparatory Academy,St. Lucie,Fort Pierce,87,57,Yes participating without using any Provision or the CEO,true,9th Grade,12th Grade
120156001623,Perkins Elementary School,Pinellas,St Petersburg,561,300,Yes under Community Eligibility Option (CEO),false,Prekindergarten,5th Grade
120144001425,Pershing School,Orange,Orlando,1057,328,Yes under Community Eligibility Option (CEO),true,Kindergarten,8th Grade
120018000215,Peters Elementary School,Broward,Plantation,504,269,Yes under Community Eligibility Option (CEO),false,Prekindergarten,5th Grade
120159001713,Philip O'Brien Elementary School,Polk,Lakeland,625,502,Yes under Community Eligibility Option (CEO),false,Prekindergarten,5th Grade
120168001846,Phillippi Shores Elementary School,Sarasota,Sarasota,696,242,Yes participating without using any Provision or the CEO,false,Prekindergarten,5th Grade
120144001444,Phillis Wheatley Elementary,Orange,Apopka,407,305,Yes under Community Eligibility Option (CEO),false,Prekindergarten,5th Grade
120039008725,Phoenix Academy of Excellence,Miami-Dade,Miami,27,27,Yes under Community Eligibility Option (CEO),true,6th Grade,8th Grade
120039008700,Phoenix Academy of Excellence North,Miami-Dade,Miami,45,45,Yes under Community Eligibility Option (CEO),true,6th Grade,8th Grade
120039001388,Phyllis R. Miller Elementary School,Miami-Dade,Miami,471,266,Yes under Community Eligibility Option (CEO),false,Prekindergarten,5th Grade
120039000537,Phyllis Wheatley Elementary School,Miami-Dade,Miami,145,102,Yes under Community Eligibility Option (CEO),false,Prekindergarten,5th Grade
120048000731,Pickett Elementary School,Duval,Jacksonville,156,104,Yes under Community Eligibility Option (CEO),false,Kindergarten,5th Grade
120174008537,Picolata Crossing Elementary School,St. Johns,St Augustine,1048,261,Yes participating without using any Provision or the CEO,false,Prekindergarten,5th Grade
120144000866,Piedmont Lakes Middle,Orange,Apopka,863,493,Yes under Community Eligibility Option (CEO),true,6th Grade,8th Grade
120150004025,Pierce Hammock Elementary School,Palm Beach,Loxahatchee,571,161,Yes under Community Eligibility Option (CEO),false,Prekindergarten,5th Grade
120087000912,Pierce Middle School,Hillsborough,Tampa,858,578,Yes under Community Eligibility Option (CEO),true,6th Grade,8th Grade
120192001998,Pierson Elementary School,Volusia,Pierson,534,392,Yes under Community Eligibility Option (CEO),false,Prekindergarten,5th Grade
120144001456,Pinar Elementary,Orange,Orlando,342,228,Yes under Community Eligibility Option (CEO),false,Prekindergarten,5th Grade
120171001870,Pine Crest Elementary School,Seminole,Sanford,714,667,Yes participating without using any Provision or the CEO,false,Prekindergarten,5th Grade
120048000711,Pine Forest Elementary School,Duval,Jacksonville,431,170,Yes under Community Eligibility Option (CEO),false,Kindergarten,5th Grade
120051000837,Pine Forest High School,Escambia,Pensacola,1604,892,Yes under Community Eligibility Option (CEO),true,9th Grade,12th Grade
120081002669,Pine Grove Elementary School,Hernando,Brooksville,943,545,Yes under Community Eligibility Option (CEO),false,Prekindergarten,5th Grade
120150001532,Pine Grove Elementary School,Palm Beach,Delray Beach,372,259,Yes under Community Eligibility Option (CEO),false,Prekindergarten,5th Grade
120144001399,Pine Hills Elementary,Orange,Orlando,671,502,Yes under Community Eligibility Option (CEO),false,Prekindergarten,5th Grade
120174008955,Pine Island Academy,St. Johns,St Augustine,1972,138,Yes participating without using any Provision or the CEO,false,Kindergarten,8th Grade
120108001142,Pine Island Elementary School,Lee,Bokeelia,227,108,Yes under Community Eligibility Option (CEO),false,Prekindergarten,5th Grade
120150007604,Pine Jog Elementary School,Palm Beach,West Palm Beach,817,426,Yes under Community Eligibility Option (CEO),false,Prekindergarten,5th Grade
120039000497,Pine Lake Elementary School,Miami-Dade,Miami,335,234,Yes under Community Eligibility Option (CEO),false,Prekindergarten,5th Grade
120051000806,Pine Meadow Elementary School,Escambia,Pensacola,743,315,Yes under Community Eligibility Option (CEO),false,Prekindergarten,5th Grade
120018000908,Pine Ridge Alternative Center,Broward,Fort Lauderdale,39,30,Yes under Community Eligibility Option (CEO),true,Kindergarten,12th Grade
120105004105,Pine Ridge Elementary School,Lake,Clermont,690,219,Yes under Community Eligibility Option (CEO),false,Prekindergarten,5th Grade
120192002970,Pine Ridge High School,Volusia,Deltona,1648,843,Yes under Community Eligibility Option (CEO),true,9th Grade,12th Grade
120033000353,Pine Ridge Middle School,Collier,Naples,791,338,Yes participating without using any Provision or the CEO,true,6th Grade,8th Grade
120192002269,Pine Trail Elementary School,Volusia,Ormond Beach,737,292,Yes under Community Eligibility Option (CEO),false,Prekindergarten,5th Grade
120153004132,Pine View Elementary School,Pasco,Land O Lakes,522,147,Yes under Community Eligibility Option (CEO),false,Prekindergarten,5th Grade
120153001589,Pine View Middle School,Pasco,Land O Lakes,929,192,Yes under Community Eligibility Option (CEO),false,6th Grade,8th Grade
120168001836,Pine View School,Sarasota,Osprey,1752,181,Yes participating without using any Provision or the CEO,false,2nd Grade,12th Grade
120039000498,Pine Villa Elementary School,Miami-Dade,Miami,219,183,Yes under Community Eligibility Option (CEO),false,Prekindergarten,5th Grade
120015008446,Pineapple Cove Classical Academy,Brevard,Palm Bay,1065,261,Yes participating without using any Provision or the CEO,false,Kindergarten,12th Grade
120015008971,Pineapple Cove Classical Academy at Lockmar,Brevard,Palm Bay,724,180,Yes participating without using any Provision or the CEO,false,Kindergarten,8th Grade
120015008612,Pineapple Cove Classical Academy at West Melbourne,Brevard,West Melbourne,832,251,Yes participating without using any Provision or the CEO,false,Kindergarten,10th Grade
120039007916,Pinecrest Academy (North Campus),Miami-Dade,Miami,468,306,Yes participating without using any Provision or the CEO,true,Kindergarten,8th Grade
120039006171,Pinecrest Academy (South Campus),Miami-Dade,Miami,733,441,Yes participating without using any Provision or the CEO,false,Kindergarten,5th Grade
120144008652,Pinecrest Academy Avalon,Orange,Miami,498,164,Yes participating without using any Provision or the CEO,false,Kindergarten,5th Grade
120039004075,Pinecrest Academy Charter Middle School,Miami-Dade,Miami,494,287,Yes participating without using any Provision or the CEO,true,6th Grade,8th Grade
120105008819,Pinecrest Academy Four Corners,Lake,Miami,583,321,Yes participating without using any Provision or the CEO,false,Kindergarten,8th Grade
120015008790,Pinecrest Academy Space Coast,Brevard,Viera,649,172,Yes participating without using any Provision or the CEO,false,Kindergarten,8th Grade
120105008894,Pinecrest Academy Tavares,Lake,Tavares,972,423,Yes participating without using any Provision or the CEO,false,Kindergarten,8th Grade
120153008665,Pinecrest Academy Wesley Chapel,Pasco,Wesley Chapel,1312,388,Yes participating without using any Provision or the CEO,false,Kindergarten,8th Grade
120153010804,Pinecrest Academy Wesley Chapel High School,Pasco,Wesley Chapel,82,30,Yes participating without using any Provision or the CEO,false,9th Grade,12th Grade
120144008761,Pinecrest Collegiate Academy,Orange,Orlando,13,3,Yes participating without using any Provision or the CEO,false,6th Grade,12th Grade
120039007815,Pinecrest Cove Academy,Miami-Dade,Miami,938,522,Yes participating without using any Provision or the CEO,true,Kindergarten,8th Grade
120144008204,Pinecrest Creek Charter,Orange,Orlando,119,64,Yes under Community Eligibility Option (CEO),false,Kindergarten,5th Grade
120033000344,Pinecrest Elementary School,Collier,Immokalee,584,469,Yes under Community Eligibility Option (CEO),false,Prekindergarten,5th Grade
120087000998,Pinecrest Elementary School,Hillsborough,Lithia,614,312,Yes under Community Eligibility Option (CEO),false,Prekindergarten,5th Grade
120039000496,Pinecrest Elementary School,Miami-Dade,Miami,1001,98,Yes under Community Eligibility Option (CEO),false,Prekindergarten,5th Grade
120039008574,Pinecrest Glades Academy,Miami-Dade,Miami,900,438,Yes participating without using any Provision or the CEO,false,Kindergarten,5th Grade
120039008576,Pinecrest Glades Preparatory Academy Middle High School,Miami-Dade,Miami,1159,573,Yes participating without using any Provision or the CEO,true,6th Grade,12th Grade
120105008588,Pinecrest Lakes Academy,Lake,Minneola,1096,331,Yes participating without using any Provision or the CEO,false,Prekindergarten,8th Grade
120105008895,Pinecrest Lakes Middle/High Academy,Lake,Clermont,262,59,Yes participating without using any Provision or the CEO,false,6th Grade,12th Grade
120039008744,Pinecrest North Preparatory (Fontainebleau Campus),Miami-Dade,Miami,727,153,Yes participating without using any Provision or the CEO,true,Kindergarten,8th Grade
120039008994,Pinecrest North Preparatory High School,Miami-Dade,Miami,204,33,Yes participating without using any Provision or the CEO,false,9th Grade,12th Grade
120039003696,Pinecrest Preparatory Academy,Miami-Dade,Miami,491,295,Yes participating without using any Provision or the CEO,false,Kindergarten,5th Grade
120039007453,Pinecrest Preparatory Academy Charter High School,Miami-Dade,Miami,529,301,Yes participating without using any Provision or the CEO,true,9th Grade,12th Grade
120144007931,Pinecrest Preparatory Charter,Orange,Orlando,296,116,Yes under Community Eligibility Option (CEO),true,Kindergarten,8th Grade
120048000688,Pinedale Elementary School,Duval,Jacksonville,482,342,Yes under Community Eligibility Option (CEO),false,Prekindergarten,5th Grade
120156008100,Pinellas Academy of Math and Science,Pinellas,Largo,817,377,Yes participating without using any Provision or the CEO,true,Kindergarten,8th Grade
120156001663,Pinellas Central Elementary School,Pinellas,Pinellas Park,483,305,Yes under Community Eligibility Option (CEO),false,Prekindergarten,5th Grade
120156007889,Pinellas County Jail,Pinellas,Largo,25,3,No,true,6th Grade,12th Grade
120156008410,Pinellas Gulf Coast Academy,Pinellas,Clearwater,202,111,Yes under Community Eligibility Option (CEO),true,9th Grade,12th Grade
120156001662,Pinellas High Innovation,Pinellas,Clearwater,194,134,Yes under Community Eligibility Option (CEO),true,4th Grade,11th Grade
120156003488,Pinellas Juvenile Det Center,Pinellas,Largo,55,23,Yes participating without using any Provision or the CEO,true,Kindergarten,12th Grade
120156008144,Pinellas Mycroschool of Integrated Academics and Technologi,Pinellas,St Petersburg,149,105,Yes under Community Eligibility Option (CEO),true,8th Grade,12th Grade
120156001665,Pinellas Park Elementary School,Pinellas,Pinellas Park,435,315,Yes under Community Eligibility Option (CEO),false,Prekindergarten,5th Grade
120156001667,Pinellas Park High School,Pinellas,Largo,1691,798,Yes under Community Eligibility Option (CEO),true,9th Grade,12th Grade
120156001666,Pinellas Park Middle School,Pinellas,Pinellas Park,999,586,Yes under Community Eligibility Option (CEO),true,6th Grade,8th Grade
120156003917,Pinellas Preparatory Academy,Pinellas,Largo,764,290,Yes participating without using any Provision or the CEO,false,Kindergarten,8th Grade
120156007852,Pinellas Teleschool,Pinellas,Clearwater,130,97,No,true,6th Grade,12th Grade
120156008596,Pinellas Virtual Franchise,Pinellas,Clearwater,153,3,No,false,Kindergarten,12th Grade
120144001373,Pineloch Elementary,Orange,Orlando,726,531,Yes under Community Eligibility Option (CEO),false,Prekindergarten,5th Grade
120036007330,Pinemount Elementary School,Columbia,Lake City,448,266,Yes under Community Eligibility Option (CEO),false,Prekindergarten,5th Grade
120018002046,Pines Lakes Elementary School,Broward,Pembroke Pines,414,206,Yes under Community Eligibility Option (CEO),false,Prekindergarten,5th Grade
120018000262,Pines Middle School,Broward,Pembroke Pines,626,277,Yes under Community Eligibility Option (CEO),true,6th Grade,8th Grade
120120001216,Pinetta Elementary School,Madison,Pinetta,121,76,Yes under Community Eligibility Option (CEO),false,Prekindergarten,6th Grade
120111001184,Pineview Elementary School,Leon,Tallahassee,457,362,Yes under Community Eligibility Option (CEO),false,Prekindergarten,5th Grade
120144003455,Pinewood Elementary,Orange,Orlando,497,349,Yes under Community Eligibility Option (CEO),false,Prekindergarten,5th Grade
120159004440,Pinewood Elementary School,Polk,Eagle Lake,740,540,Yes under Community Eligibility Option (CEO),false,Prekindergarten,5th Grade
120015000089,Pinewood Elementary School,Brevard,Mims,500,211,Yes under Community Eligibility Option (CEO),false,Prekindergarten,6th Grade
120018002047,Pinewood Elementary School,Broward,North Lauderdale,551,295,Yes under Community Eligibility Option (CEO),false,Prekindergarten,5th Grade
120129002619,Pinewood Elementary School,Martin,Stuart,658,345,Yes under Community Eligibility Option (CEO),false,Kindergarten,5th Grade
120108002399,Pinewoods Elementary School,Lee,Estero,1025,222,Yes under Community Eligibility Option (CEO),false,Prekindergarten,5th Grade
120075002245,Pioneer Career Academy,Hardee,Wauchula,27,24,Yes under Community Eligibility Option (CEO),true,6th Grade,12th Grade
120018000278,Pioneer Middle School,Broward,Cooper City,1453,293,Yes participating without using any Provision or the CEO,false,6th Grade,8th Grade
120150003012,Pioneer Park Elementary School,Palm Beach,Belle Glade,408,350,Yes under Community Eligibility Option (CEO),false,Prekindergarten,5th Grade
120018000264,Piper High School,Broward,Lauderhill,2201,907,Yes under Community Eligibility Option (CEO),true,9th Grade,12th Grade
120087008050,Pivot Charter School,Hillsborough,Riverview,205,72,No,false,6th Grade,12th Grade
120087003380,Pizzo K-8 School,Hillsborough,Tampa,968,623,Yes under Community Eligibility Option (CEO),true,Prekindergarten,8th Grade
120192008713,PK Child Care Program,Volusia,Deland,1,,No,false,Prekindergarten,Prekindergarten
120129003874,PK Early Intervention,Martin,Stuart,262,84,No,false,Prekindergarten,Prekindergarten
120087001000,Plant City High School,Hillsborough,Plant City,2572,1303,Yes under Community Eligibility Option (CEO),true,9th Grade,12th Grade
120087000999,Plant High School,Hillsborough,Tampa,2391,343,Yes participating without using any Provision or the CEO,false,9th Grade,12th Grade
120018000216,Plantation Elementary School,Broward,Plantation,550,326,Yes under Community Eligibility Option (CEO),false,Prekindergarten,5th Grade
120018000241,Plantation High School,Broward,Plantation,1696,762,Yes under Community Eligibility Option (CEO),true,9th Grade,12th Grade
120132001306,Plantation Key School,Monroe,Tavernier,578,197,Yes participating without using any Provision or the CEO,false,Prekindergarten,8th Grade
120018000183,Plantation Middle School,Broward,Plantation,538,303,Yes under Community Eligibility Option (CEO),true,6th Grade,8th Grade
120030007450,Plantation Oaks Elementary School,Clay,Orange Park,915,551,Yes participating without using any Provision or the CEO,false,Prekindergarten,6th Grade
120018000232,Plantation Park Elementary,Broward,Plantation,492,146,Yes under Community Eligibility Option (CEO),false,Prekindergarten,5th Grade
120156008135,Plato Academy Charter School Tarpon Springs,Pinellas,Tarpon Springs,349,115,Yes participating without using any Provision or the CEO,false,Kindergarten,8th Grade
120156004036,Plato Academy Clearwater,Pinellas,Clearwater,616,30,Yes participating without using any Provision or the CEO,false,Kindergarten,8th Grade
120156007910,Plato Academy Largo Charter School,Pinellas,Largo,305,132,Yes under Community Eligibility Option (CEO),false,Kindergarten,8th Grade
120156008258,Plato Academy of St.petersburg,Pinellas,St. Petersburg,374,117,Yes under Community Eligibility Option (CEO),false,Kindergarten,8th Grade
120156007919,Plato Academy Palm Harbor Charter School,Pinellas,Palm Harbor,343,80,Yes participating without using any Provision or the CEO,false,Kindergarten,8th Grade
120156008338,Plato Academy Pinellas Park Charter School,Pinellas,Pinellas Park,535,215,Yes under Community Eligibility Option (CEO),true,Kindergarten,8th Grade
120153008448,Plato Academy Trinity Charter School,Pasco,New Port Richey,489,201,Yes under Community Eligibility Option (CEO),false,Kindergarten,8th Grade
120087008566,Plato Collegiate Academy Tampa,Hillsborough,Tampa,393,156,Yes participating without using any Provision or the CEO,false,Kindergarten,12th Grade
120156007953,Plato Seminole,Pinellas,Largo,311,99,Yes under Community Eligibility Option (CEO),false,Kindergarten,8th Grade
120150003896,Pleasant City Elementary School,Palm Beach,West Palm Beach,315,284,Yes under Community Eligibility Option (CEO),false,Prekindergarten,5th Grade
120027002595,Pleasant Grove Elementary School,Citrus,Inverness,637,307,Yes under Community Eligibility Option (CEO),false,Prekindergarten,5th Grade
120051000807,Pleasant Grove Elementary School,Escambia,Pensacola,678,372,Yes under Community Eligibility Option (CEO),false,Prekindergarten,5th Grade
120147002622,Pleasant Hill Elementary School,Osceola,Kissimmee,753,492,Yes under Community Eligibility Option (CEO),false,Prekindergarten,5th Grade
120156001668,Plumb Elementary School,Pinellas,Clearwater,704,347,Yes under Community Eligibility Option (CEO),false,Prekindergarten,5th Grade
120150001528,Plumosa School of the Arts,Palm Beach,Delray Beach,826,505,Yes under Community Eligibility Option (CEO),false,Prekindergarten,8th Grade
120147003889,Poinciana Academy of Fine Arts,Osceola,Kissimmee,558,433,Yes under Community Eligibility Option (CEO),false,Prekindergarten,5th Grade
120132001299,Poinciana Elementary School,Monroe,Key West,556,369,Yes participating without using any Provision or the CEO,false,Prekindergarten,5th Grade
120033000350,Poinciana Elementary School,Collier,Naples,468,321,Yes participating without using any Provision or the CEO,false,Prekindergarten,5th Grade
120147002866,Poinciana High School,Osceola,Kissimmee,2573,1293,Yes under Community Eligibility Option (CEO),true,9th Grade,12th Grade
120039000499,Poinciana Park Elementary School,Miami-Dade,Miami,169,124,Yes under Community Eligibility Option (CEO),false,Prekindergarten,5th Grade
120150001523,Poinciana STEM Elementary Magnet School,Palm Beach,Boynton Beach,430,270,Yes under Community Eligibility Option (CEO),false,Prekindergarten,5th Grade
120159001774,Polk Avenue Elementary School,Polk,Lake Wales,523,518,Yes under Community Eligibility Option (CEO),false,Prekindergarten,5th Grade
120159001752,Polk City Elementary School,Polk,Polk City,545,401,Yes under Community Eligibility Option (CEO),false,Prekindergarten,5th Grade
120159003929,Polk County Sheriff's Central Center,Polk,Bartow,45,3,No,true,7th Grade,12th Grade
120159007994,Polk County Sheriffs Regional Detention Center,Polk,Bartow,58,4,No,true,4th Grade,12th Grade
120159008317,Polk Full Time Eschool,Polk,Lakeland,429,3,No,false,Kindergarten,12th Grade
120159008461,Polk Grad Academy,Polk,Lakeland,14,12,Yes under Community Eligibility Option (CEO),true,9th Grade,12th Grade
120159004186,Polk State College Collegiate High School,Polk,Lakeland,343,,No,false,10th Grade,12th Grade
120159008246,Polk State Lakeland Gateway to College Collegiate High Scho,Polk,Lakeland,296,,No,false,11th Grade,12th Grade
120159007686,Polk Virtual Instruction Program,Polk,Lakeland,17,,No,false,Kindergarten,12th Grade
120150004412,Polo Park Middle School,Palm Beach,Wellington,1122,287,Yes under Community Eligibility Option (CEO),true,6th Grade,8th Grade
120018000201,Pompano Beach Elementary School,Broward,Pompano Beach,462,287,Yes under Community Eligibility Option (CEO),false,Prekindergarten,5th Grade
120018003301,Pompano Beach High School,Broward,Pompano Beach,1322,336,Yes participating without using any Provision or the CEO,true,9th Grade,12th Grade
120018000142,Pompano Beach Middle School,Broward,Pompano Beach,1087,554,Yes under Community Eligibility Option (CEO),true,6th Grade,8th Grade
120156001669,Ponce De Leon Elementary School,Pinellas,Clearwater,546,390,Yes under Community Eligibility Option (CEO),false,Prekindergarten,5th Grade
120090002071,Ponce De Leon Elementary School,Holmes,Ponce De Leon,272,194,Yes under Community Eligibility Option (CEO),false,Prekindergarten,5th Grade
120090001049,Ponce De Leon High School,Holmes,Ponce De Leon,298,194,Yes under Community Eligibility Option (CEO),true,6th Grade,12th Grade
120039000577,Ponce De Leon Middle School,Miami-Dade,Coral Gables,778,386,Yes under Community Eligibility Option (CEO),true,6th Grade,8th Grade
120174007246,Ponte Vedra High School,St. Johns,Ponte Vedra,1924,68,No,false,8th Grade,12th Grade
120174001057,Ponte Vedra Palm Valley- Rawlings Elementary School,St. Johns,Ponte Vedra Beach,940,122,Yes participating without using any Provision or the CEO,false,Prekindergarten,5th Grade
120090001046,Poplar Springs High School,Holmes,Graceville,415,259,Yes under Community Eligibility Option (CEO),false,Prekindergarten,12th Grade
120024002122,Port Charlotte High School,Charlotte,Port Charlotte,1730,744,Yes under Community Eligibility Option (CEO),true,9th Grade,12th Grade
120024000303,Port Charlotte Middle School,Charlotte,Port Charlotte,858,459,Yes under Community Eligibility Option (CEO),true,6th Grade,8th Grade
120015002038,Port Malabar Elementary School,Brevard,Palm Bay,628,401,Yes under Community Eligibility Option (CEO),false,Prekindergarten,6th Grade
120192001999,Port Orange Elementary School,Volusia,Port Orange,346,207,Yes under Community Eligibility Option (CEO),false,Prekindergarten,5th Grade
120129001287,Port Salerno Elementary School,Martin,Stuart,730,446,Yes under Community Eligibility Option (CEO),false,Prekindergarten,5th Grade
120069000867,Port St. Joe Elementary School,Gulf,Port St Joe,428,184,Yes under Community Eligibility Option (CEO),false,Prekindergarten,5th Grade
120069000868,Port St. Joe High School,Gulf,Port St Joe,575,216,Yes under Community Eligibility Option (CEO),true,6th Grade,12th Grade
120177002671,Port St. Lucie High School,St. Lucie,Port St Lucie,1793,1056,Yes participating without using any Provision or the CEO,false,9th Grade,12th Grade
120144007536,Positive Pathways Transition Center,Orange,Orlando,273,182,Yes under Community Eligibility Option (CEO),true,Kindergarten,12th Grade
120087001002,Potter Elementary School,Hillsborough,Tampa,467,401,Yes under Community Eligibility Option (CEO),false,Prekindergarten,5th Grade
120081002434,Powell Middle School,Hernando,Brooksville,1041,548,Yes under Community Eligibility Option (CEO),true,6th Grade,8th Grade
120144002522,Prairie Lake Elementary,Orange,Orlando,776,380,Yes under Community Eligibility Option (CEO),false,Prekindergarten,5th Grade
120087009010,Pre-K Ese Community Peeps,Hillsborough,Tampa,105,5,No,false,Prekindergarten,Prekindergarten
120015003024,Pre-K Ese Services,Brevard,Viera,138,22,No,false,Prekindergarten,Prekindergarten
120111002339,Prek,Leon,Tallahassee,52,41,Yes under Community Eligibility Option (CEO),false,Prekindergarten,Prekindergarten
120036007857,Prek Ese,Columbia,Lake City,7,,No,false,Prekindergarten,Prekindergarten
120069008466,Prek Ese,Gulf,Port St Joe,24,3,No,false,Prekindergarten,11th Grade
120039007084,Prek Intervention,Miami-Dade,Miami,355,9,No,false,Prekindergarten,Prekindergarten
120006005427,Prek/Kindergarten Center,Baker,Macclenny,562,257,Yes under Community Eligibility Option (CEO),false,Prekindergarten,Kindergarten
120129003617,Prekindergarten Programs,Martin,Stuart,9,6,Yes participating without using any Provision or the CEO,false,Prekindergarten,Prekindergarten
120048001571,Pretrial Detention Facility,Duval,Jacksonville,31,25,No,false,6th Grade,12th Grade
120192007444,Pride Elementary School,Volusia,Deltona,568,338,Yes under Community Eligibility Option (CEO),false,Prekindergarten,5th Grade
120087004353,Pride Elementary School,Hillsborough,Tampa,980,215,Yes participating without using any Provision or the CEO,false,Prekindergarten,5th Grade
120144001374,Princeton Elementary,Orange,Orlando,444,109,Yes under Community Eligibility Option (CEO),false,Prekindergarten,5th Grade
120144003449,Princeton House Charter,Orange,Orlando,117,,No,false,Prekindergarten,5th Grade
120147003634,Professional & Technical High School,Osceola,Kissimmee,544,199,Yes under Community Eligibility Option (CEO),true,9th Grade,12th Grade
120003000027,Professional Academy Magnet at Loften High School,Alachua,Gainesville,328,149,Yes participating without using any Provision or the CEO,true,9th Grade,12th Grade
120087001003,Progress Village Middle Magnet,Hillsborough,Tampa,849,366,Yes under Community Eligibility Option (CEO),true,6th Grade,8th Grade
120144003994,Project Compass,Orange,Orlando,0,,Yes under Community Eligibility Option (CEO),true,7th Grade,12th Grade
120015007957,Project Search,Brevard,Cocoa Beach,19,3,No,false,12th Grade,12th Grade
120024000302,Punta Gorda Middle School,Charlotte,Punta Gorda,1098,468,Yes under Community Eligibility Option (CEO),true,6th Grade,8th Grade
120159001763,Purcell Elementary School,Polk,Mulberry,438,358,Yes under Community Eligibility Option (CEO),false,Prekindergarten,5th Grade
120162008064,Putnam Academy of Arts and Sciences,Putnam,Palatka,192,127,Yes under Community Eligibility Option (CEO),true,6th Grade,8th Grade
120162007838,Putnam Virtual Franchise,Putnam,Palatka,22,10,No,false,Kindergarten,12th Grade
120162008000,Putnam Virtual Instruction Program (District Provided),Putnam,Palatka,26,9,No,false,Kindergarten,12th Grade
120162004140,Q.i. Roberts Jr. - Sr. High School,Putnam,Florahome,537,189,Yes under Community Eligibility Option (CEO),false,7th Grade,12th Grade
120153008406,Quail Hollow Elementary School,Pasco,Zephyrhills,559,267,Yes under Community Eligibility Option (CEO),false,Prekindergarten,5th Grade
120150008169,Quantum High School,Palm Beach,Boynton Beach,435,287,Yes under Community Eligibility Option (CEO),true,7th Grade,12th Grade
120015003978,Quest Elementary School,Brevard,Melbourne,687,143,Yes participating without using any Provision or the CEO,false,Prekindergarten,6th Grade
120018002803,Quiet Waters Elementary School,Broward,Deerfield Beach,1072,458,Yes under Community Eligibility Option (CEO),false,Prekindergarten,5th Grade
120174001915,R J Murray Middle School,St. Johns,St Augustine,742,414,Yes under Community Eligibility Option (CEO),true,6th Grade,8th Grade
120048008536,R L Brown Gifted and Talented Academy,Duval,Jacksonville,222,129,Yes under Community Eligibility Option (CEO),false,Kindergarten,5th Grade
120174001914,R. B. Hunt Elementary School,St. Johns,St Augustine,540,158,Yes participating without using any Provision or the CEO,false,Prekindergarten,5th Grade
120159003923,R. Bruce Wagner Elementary School,Polk,Lakeland,899,584,Yes under Community Eligibility Option (CEO),false,Prekindergarten,5th Grade
120030002728,R. C. Bannerman Learning Center,Clay,Green Cove Springs,211,149,Yes under Community Eligibility Option (CEO),true,6th Grade,12th Grade
120051000439,R. C. Lipscomb Elementary School,Escambia,Pensacola,692,329,Yes under Community Eligibility Option (CEO),false,Prekindergarten,5th Grade
120159002480,R. Clem Churchwell Elementary School,Polk,Lakeland,662,488,Yes under Community Eligibility Option (CEO),false,Prekindergarten,5th Grade
120123004205,R. Dan Nolan Middle School,Manatee,Bradenton,787,226,Yes participating without using any Provision or the CEO,false,6th Grade,8th Grade
120111001182,R. Frank Nims Middle School,Leon,Tallahassee,625,449,Yes under Community Eligibility Option (CEO),true,6th Grade,8th Grade
120192001983,R. J. Longstreet Elementary School,Volusia,Daytona Beach,342,208,Yes under Community Eligibility Option (CEO),false,Prekindergarten,5th Grade
120048000712,R. V. Daniels Elementary School,Duval,Jacksonville,121,87,Yes under Community Eligibility Option (CEO),false,Kindergarten,5th Grade
120111001171,Raa Middle School,Leon,Tallahassee,928,434,Yes under Community Eligibility Option (CEO),true,6th Grade,8th Grade
120171001997,Rainbow Elementary School,Seminole,Winter Springs,729,256,Yes participating without using any Provision or the CEO,false,Prekindergarten,5th Grade
120039000500,Rainbow Park Elementary School,Miami-Dade,Opa Locka,172,134,Yes under Community Eligibility Option (CEO),false,Prekindergarten,5th Grade
120015003538,Ralph M Williams Junior Elementary School,Brevard,Rockledge,436,170,Yes participating without using any Provision or the CEO,false,Prekindergarten,6th Grade
120018000287,Ramblewood Elementary School,Broward,Coral Springs,658,249,Yes under Community Eligibility Option (CEO),false,Prekindergarten,5th Grade
120018000286,Ramblewood Middle School,Broward,Coral Springs,1005,339,Yes under Community Eligibility Option (CEO),true,6th Grade,8th Grade
120048000675,Ramona Boulevard Elementary School,Duval,Jacksonville,292,223,Yes under Community Eligibility Option (CEO),false,Kindergarten,5th Grade
120087003382,Rampello K-8 Magnet School,Hillsborough,Tampa,782,209,Yes under Community Eligibility Option (CEO),true,Kindergarten,8th Grade
120144008946,Randall Academy,Orange,Apopka,15,7,Yes under Community Eligibility Option (CEO),false,9th Grade,12th Grade
120087004354,Randall Middle School,Hillsborough,Lithia,1373,196,Yes participating without using any Provision or the CEO,false,6th Grade,8th Grade
120051002600,Ransom Middle School,Escambia,Cantonment,1180,545,Yes participating without using any Provision or the CEO,true,6th Grade,8th Grade
120108003949,Ray V. Pottorf Elementary School,Lee,Fort Myers,736,404,Yes under Community Eligibility Option (CEO),false,Prekindergarten,5th Grade
120108003948,Rayma C. Page Elementary School,Lee,Ft Myers,697,226,Yes under Community Eligibility Option (CEO),false,Prekindergarten,6th Grade
120153001568,Raymond B. Stewart Middle School,Pasco,Zephyrhills,954,546,Yes under Community Eligibility Option (CEO),true,6th Grade,8th Grade
120033004330,Rcma Immokalee Community Academy,Collier,Immokalee,335,270,Yes under Community Eligibility Option (CEO),false,Kindergarten,8th Grade
120159010808,Rcma Mulberry Community Academy,Polk,Mulberry,107,75,Yes under Community Eligibility Option (CEO),false,Kindergarten,2nd Grade
120087004359,Rcma Wimauma Community Academy,Hillsborough,Wimauma,373,,Yes under Community Eligibility Option (CEO),true,Kindergarten,8th Grade
120192002000,Read-Pattillo Elementary School,Volusia,New Smyrna Beach,369,206,Yes under Community Eligibility Option (CEO),false,Prekindergarten,5th Grade
120159008455,Real Academy (Reaching Every Adolescent Learner),Polk,Lakeland,215,189,Yes under Community Eligibility Option (CEO),true,4th Grade,12th Grade
120171001891,Red Bug Elementary School,Seminole,Casselberry,811,394,Yes participating without using any Provision or the CEO,false,Prekindergarten,5th Grade
120087007494,Reddick Elementary School,Hillsborough,Wimauma,708,436,Yes under Community Eligibility Option (CEO),false,Prekindergarten,5th Grade
120126001865,Reddick-Collier Elementary School,Marion,Reddick,343,229,Yes under Community Eligibility Option (CEO),false,Prekindergarten,5th Grade
120039000501,Redland Elementary School,Miami-Dade,Homestead,974,575,Yes under Community Eligibility Option (CEO),false,Prekindergarten,5th Grade
120039000578,Redland Middle School,Miami-Dade,Homestead,661,430,Yes under Community Eligibility Option (CEO),true,6th Grade,8th Grade
120039000502,Redondo Elementary School,Miami-Dade,Homestead,569,288,Yes under Community Eligibility Option (CEO),false,Prekindergarten,3rd Grade
120042003702,Reduced Services,Desoto,Arcadia,9,,No,false,Kindergarten,12th Grade
120147002231,Reedy Creek Elementary School,Osceola,Kissimmee,431,256,Yes under Community Eligibility Option (CEO),false,Prekindergarten,5th Grade
120051000820,Reinhardt Holm Elementary School,Escambia,Pensacola,480,357,Yes under Community Eligibility Option (CEO),false,Prekindergarten,5th Grade
120111008156,Renaissance Academy,Leon,Tallahassee,243,195,Yes under Community Eligibility Option (CEO),true,Prekindergarten,8th Grade
120147008618,Renaissance Academy of Arts and Sciences,Osceola,Kissimmee,962,542,Yes participating without using any Provision or the CEO,true,Kindergarten,12th Grade
120144008564,Renaissance Charter at Crown Point,Orange,Ocoee,1290,733,Yes participating without using any Provision or the CEO,true,Kindergarten,8th Grade
120018008422,Renaissance Charter Middle School at Pines,Broward,Pembroke Pines,481,471,Yes under Community Eligibility Option (CEO),true,Kindergarten,8th Grade
120150008420,Renaissance Charter School at Central Palm,Palm Beach,Lake Worth,764,456,Yes under Community Eligibility Option (CEO),true,Kindergarten,8th Grade
120144008091,Renaissance Charter School at Chickasaw Trail,Orange,Orlando,949,530,Yes under Community Eligibility Option (CEO),true,Kindergarten,8th Grade
120018008139,Renaissance Charter School at Cooper City,Broward,Cooper City,1213,708,Yes participating without using any Provision or the CEO,false,Kindergarten,8th Grade
120018007781,Renaissance Charter School at Coral Springs,Broward,Coral Springs,1515,687,Yes participating without using any Provision or the CEO,true,Kindergarten,8th Grade
120150008367,Renaissance Charter School at Cypress,Palm Beach,West Palm Beach,728,517,Yes under Community Eligibility Option (CEO),true,Kindergarten,8th Grade
120144008503,Renaissance Charter School at Goldenrod,Orange,Orlando,1129,888,Yes participating without using any Provision or the CEO,true,Kindergarten,8th Grade
120144008225,Renaissance Charter School at Hunters Creek,Orange,Orlando,1501,826,Yes participating without using any Provision or the CEO,true,Kindergarten,8th Grade
120018007874,Renaissance Charter School at Plantation,Broward,Plantation,933,890,Yes under Community Eligibility Option (CEO),true,Kindergarten,8th Grade
120147008123,Renaissance Charter School at Poinciana,Osceola,Kissimmee,879,450,Yes under Community Eligibility Option (CEO),true,Kindergarten,8th Grade
120150008233,Renaissance Charter School at Summit,Palm Beach,West Palm Beach,985,956,Yes under Community Eligibility Option (CEO),true,Kindergarten,8th Grade
120147008498,Renaissance Charter School at Tapestry,Osceola,Kissimmee,1419,964,Yes participating without using any Provision or the CEO,true,Kindergarten,8th Grade
120177008226,Renaissance Charter School at Tradition,St. Lucie,Fort Lauderdale,1144,460,Yes participating without using any Provision or the CEO,true,Kindergarten,8th Grade
120018008073,Renaissance Charter School at University,Broward,Tamarac,1441,919,Yes participating without using any Provision or the CEO,true,Kindergarten,8th Grade
120150008299,Renaissance Charter School at Wellington,Palm Beach,Wellington,682,378,Yes under Community Eligibility Option (CEO),true,Kindergarten,8th Grade
120150008162,Renaissance Charter School at West Palm Beach,Palm Beach,West Palm Beach,1014,736,Yes under Community Eligibility Option (CEO),true,Kindergarten,8th Grade
120177007685,Renaissance Charter School of St. Lucie,St. Lucie,Port St Lucie,1413,791,Yes participating without using any Provision or the CEO,true,Prekindergarten,8th Grade
120018008297,Renaissance Charter Schools at Pines,Broward,Pembroke Pines,761,736,Yes under Community Eligibility Option (CEO),true,Kindergarten,8th Grade
120039003554,Renaissance Elementary Charter School,Miami-Dade,Doral,876,336,Yes participating without using any Provision or the CEO,false,Kindergarten,5th Grade
120039005489,Renaissance Middle Charter School,Miami-Dade,Doral,391,172,Yes participating without using any Provision or the CEO,false,5th Grade,8th Grade
120003008516,Resilience Charter School Inc,Alachua,Gainesville,107,76,Yes under Community Eligibility Option (CEO),true,6th Grade,8th Grade
120048000728,Reynolds Lane Elementary School,Duval,Jacksonville,158,100,Yes under Community Eligibility Option (CEO),false,Prekindergarten,5th Grade
120156001660,Richard L. Sanders School,Pinellas,Pinellas Park,160,124,Yes under Community Eligibility Option (CEO),true,Kindergarten,12th Grade
120192005749,Richard Milburn Academy,Volusia,Daytona Beach,771,541,Yes under Community Eligibility Option (CEO),true,9th Grade,12th Grade
120156001664,Richard O Jacobson Technical High School at Seminole,Pinellas,Seminole,546,195,Yes under Community Eligibility Option (CEO),false,9th Grade,12th Grade
120036000359,Richardson Sixth Grade Academy,Columbia,Lake City,455,251,Yes under Community Eligibility Option (CEO),false,6th Grade,6th Grade
120138007622,Richbourg School,Okaloosa,Crestview,68,46,Yes participating without using any Provision or the CEO,true,Prekindergarten,12th Grade
120153001575,Richey Elementary School,Pasco,New Port Richey,750,542,Yes under Community Eligibility Option (CEO),false,Prekindergarten,5th Grade
120039000579,Richmond Heights Middle School,Miami-Dade,Miami,345,212,Yes under Community Eligibility Option (CEO),true,6th Grade,8th Grade
120030003691,Rideout Elementary School,Clay,Middleburg,768,382,Yes participating without using any Provision or the CEO,false,Prekindergarten,6th Grade
120159004179,Ridge Community High School,Polk,Davenport,2632,1623,Yes under Community Eligibility Option (CEO),false,9th Grade,12th Grade
120159008701,Ridge Technical Academy,Polk,Winter Haven,103,71,Yes under Community Eligibility Option (CEO),false,6th Grade,12th Grade
120159002947,Ridge Teen Parent Program,Polk,Winter Haven,11,7,Yes under Community Eligibility Option (CEO),true,6th Grade,12th Grade
120156001670,Ridgecrest Elementary School,Pinellas,Largo,438,254,Yes under Community Eligibility Option (CEO),false,Prekindergarten,5th Grade
120030002287,Ridgeview Elementary School,Clay,Orange Park,592,391,Yes under Community Eligibility Option (CEO),false,Prekindergarten,6th Grade
120159004437,Ridgeview Global Studies Academy,Polk,Davenport,1581,693,Yes under Community Eligibility Option (CEO),true,Kindergarten,12th Grade
120030002494,Ridgeview High School,Clay,Orange Park,1792,1032,Yes participating without using any Provision or the CEO,true,9th Grade,12th Grade
120144001449,Ridgewood Park Elementary,Orange,Orlando,484,347,Yes under Community Eligibility Option (CEO),false,Prekindergarten,5th Grade
120105001115,Rimes Early Learning & Literacy Center,Lake,Leesburg,242,148,Yes under Community Eligibility Option (CEO),false,Prekindergarten,2nd Grade
120018007464,Rise Academy School of Science and Technology,Broward,Margate,338,12,Yes participating without using any Provision or the CEO,true,Kindergarten,8th Grade
120009008094,Rising Leaders Academy,Bay,Panama City,311,99,Yes under Community Eligibility Option (CEO),false,Kindergarten,12th Grade
120048007418,River City Science Academy,Duval,Jacksonville,991,543,Yes participating without using any Provision or the CEO,false,6th Grade,12th Grade
120048008497,River City Science Academy at Mandarin,Duval,Jacksonville,870,302,Yes participating without using any Provision or the CEO,true,Kindergarten,8th Grade
120048008253,River City Science Academy Innovation School,Duval,Jacksonville,813,439,Yes participating without using any Provision or the CEO,true,Kindergarten,8th Grade
120048008964,River City Science Academy Intracoastal,Duval,Jacksonville,814,372,Yes participating without using any Provision or the CEO,false,Kindergarten,8th Grade
120048010752,River City Science Academy Southeast,Duval,Jacksonville,726,153,Yes participating without using any Provision or the CEO,false,Kindergarten,8th Grade
120048007826,River City Science Elementary Academy,Duval,Jacksonville,579,334,Yes participating without using any Provision or the CEO,false,Kindergarten,5th Grade
120108004918,River Hall Elementary School,Lee,Alva,913,458,Yes under Community Eligibility Option (CEO),false,Prekindergarten,5th Grade
120153002882,River Ridge High School,Pasco,New Port Richey,1798,477,Yes under Community Eligibility Option (CEO),true,9th Grade,12th Grade
120153005308,River Ridge Middle School,Pasco,New Port Richey,1026,346,Yes under Community Eligibility Option (CEO),true,6th Grade,8th Grade
120192006999,River Springs Middle School,Volusia,Orange City,1218,614,Yes under Community Eligibility Option (CEO),true,6th Grade,8th Grade
120129003615,Riverbend Academy,Martin,Tequesta,49,,No,false,Prekindergarten,12th Grade
120144003453,Riverdale Elementary,Orange,Orlando,566,349,Yes under Community Eligibility Option (CEO),false,Prekindergarten,5th Grade
120108001157,Riverdale High School,Lee,Fort Myers,1916,777,Yes under Community Eligibility Option (CEO),true,9th Grade,12th Grade
120018001355,Riverglades Elementary School,Broward,Parkland,993,132,Yes participating without using any Provision or the CEO,false,Prekindergarten,5th Grade
120087008200,Riverhills Elementary Magnet School,Hillsborough,Temple Terrace,497,237,Yes under Community Eligibility Option (CEO),false,Prekindergarten,5th Grade
120018000151,Riverland Elementary School,Broward,Fort Lauderdale,459,285,Yes under Community Eligibility Option (CEO),false,Prekindergarten,5th Grade
120177003019,Rivers Edge Elementary School,St. Lucie,Port St Lucie,778,523,Yes participating without using any Provision or the CEO,false,Prekindergarten,5th Grade
120015008133,Riverside Charter High School,Brevard,Melbourne,223,,No,false,7th Grade,12th Grade
120144001436,Riverside Elementary,Orange,Orlando,526,364,Yes under Community Eligibility Option (CEO),false,Prekindergarten,5th Grade
120018002491,Riverside Elementary School,Broward,Coral Springs,679,226,Yes participating without using any Provision or the CEO,false,Prekindergarten,5th Grade
120138001337,Riverside Elementary School,Okaloosa,Crestview,1032,649,Yes participating without using any Provision or the CEO,false,Prekindergarten,5th Grade
120039000504,Riverside Elementary School,Miami-Dade,Miami,842,444,Yes under Community Eligibility Option (CEO),false,Prekindergarten,5th Grade
120048000648,Riverside High School,Duval,Jacksonville,1638,848,Yes under Community Eligibility Option (CEO),true,9th Grade,12th Grade
120195007429,Riversink Elementary School,Wakulla,Crawfordville,552,188,Yes under Community Eligibility Option (CEO),false,Kindergarten,5th Grade
120195004457,Riversprings Middle School,Wakulla,Crawfordville,552,182,Yes under Community Eligibility Option (CEO),true,6th Grade,8th Grade
120087008927,Riverview Academy High School,Hillsborough,Coral Springs,201,100,Yes participating without using any Provision or the CEO,false,9th Grade,12th Grade
120087008715,Riverview Academy of Math and Science,Hillsborough,Riverview,1059,292,Yes participating without using any Provision or the CEO,false,Kindergarten,8th Grade
120087001005,Riverview Elementary School,Hillsborough,Riverview,444,265,Yes under Community Eligibility Option (CEO),false,Prekindergarten,5th Grade
120087003379,Riverview High School,Hillsborough,Riverview,2387,695,Yes under Community Eligibility Option (CEO),true,9th Grade,12th Grade
120168001847,Riverview High School,Sarasota,Sarasota,2637,799,Yes participating without using any Provision or the CEO,false,9th Grade,12th Grade
120192002270,Riverview Learning Center,Volusia,Ormond Beach,47,38,Yes under Community Eligibility Option (CEO),true,Kindergarten,12th Grade
120150006502,Riviera Beach Preparatory & Achievement Academy,Palm Beach,Riviera Beach,120,96,Yes under Community Eligibility Option (CEO),true,5th Grade,12th Grade
120015002698,Riviera Elementary School,Brevard,Palm Bay,718,425,Yes under Community Eligibility Option (CEO),false,Prekindergarten,6th Grade
120039000580,Riviera Middle School,Miami-Dade,Miami,479,258,Yes under Community Eligibility Option (CEO),true,6th Grade,8th Grade
120018000248,Robert C. Markham Elementary,Broward,Pompano Beach,523,323,Yes under Community Eligibility Option (CEO),false,Prekindergarten,5th Grade
120162002664,Robert H. Jenkins Jr Elementary School,Putnam,Interlachen,844,498,Yes under Community Eligibility Option (CEO),false,Prekindergarten,6th Grade
120123001233,Robert H. Prine Elementary School,Manatee,Bradenton,721,538,Yes under Community Eligibility Option (CEO),false,Prekindergarten,5th Grade
120015004310,Robert L. Stevenson Elementary School,Brevard,Merritt Island,481,77,Yes participating without using any Provision or the CEO,false,Kindergarten,6th Grade
120030000203,Robert M. Paterson Elementary,Clay,Orange Park,665,218,Yes participating without using any Provision or the CEO,false,Prekindergarten,6th Grade
120039004078,Robert Morgan Senior High School,Miami-Dade,Miami,1780,893,Yes under Community Eligibility Option (CEO),false,9th Grade,12th Grade
120039002813,Robert Renick Educational Center,Miami-Dade,Miami Gardens,47,31,Yes under Community Eligibility Option (CEO),true,Prekindergarten,12th Grade
120039000469,Robert Russa Moton Elementary School,Miami-Dade,Perrine,168,145,Yes participating without using any Provision or the CEO,false,Prekindergarten,5th Grade
120123005609,Robert Willis Elementary School,Manatee,Lakewood Ranch,785,203,Yes participating without using any Provision or the CEO,false,Prekindergarten,5th Grade
120144001428,Roberto Clemente Middle,Orange,Orlando,776,443,Yes under Community Eligibility Option (CEO),true,6th Grade,8th Grade
120111003727,Roberts Elementary School,Leon,Tallahassee,807,165,Yes under Community Eligibility Option (CEO),false,Prekindergarten,5th Grade
120087001006,Robinson Elementary School,Hillsborough,Plant City,522,365,Yes under Community Eligibility Option (CEO),false,Prekindergarten,5th Grade
120087001007,Robinson High School,Hillsborough,Tampa,1438,410,Yes under Community Eligibility Option (CEO),true,9th Grade,12th Grade
120144001427,Robinswood Middle,Orange,Orlando,985,642,Yes under Community Eligibility Option (CEO),true,6th Grade,8th Grade
120087001008,Robles Elementary School,Hillsborough,Tampa,472,389,Yes under Community Eligibility Option (CEO),false,Prekindergarten,5th Grade
120159001719,Rochelle School of the Arts,Polk,Lakeland,762,454,Yes under Community Eligibility Option (CEO),true,Prekindergarten,8th Grade
120027002727,Rock Crusher Elementary School,Citrus,Homosassa,664,383,Yes under Community Eligibility Option (CEO),false,Prekindergarten,5th Grade
120018004051,Rock Island Elementary School,Broward,Fort Lauderdale,468,323,Yes under Community Eligibility Option (CEO),false,Prekindergarten,5th Grade
120144001401,Rock Lake Elementary,Orange,Orlando,340,282,Yes under Community Eligibility Option (CEO),false,Prekindergarten,5th Grade
120171002103,Rock Lake Middle School,Seminole,Longwood,898,345,Yes participating without using any Provision or the CEO,false,6th Grade,8th Grade
120144002620,Rock Springs Elementary,Orange,Apopka,682,395,Yes under Community Eligibility Option (CEO),false,Prekindergarten,5th Grade
120015000090,Rockledge Senior High School,Brevard,Rockledge,1579,761,Yes participating without using any Provision or the CEO,true,9th Grade,12th Grade
120039000505,Rockway Elementary School,Miami-Dade,Miami,370,204,Yes under Community Eligibility Option (CEO),false,Prekindergarten,5th Grade
120039000581,Rockway Middle School,Miami-Dade,Miami,888,493,Yes under Community Eligibility Option (CEO),true,6th Grade,8th Grade
120087003381,Rodgers Middle Magnet School,Hillsborough,Riverview,900,425,Yes under Community Eligibility Option (CEO),true,6th Grade,8th Grade
120153001562,Rodney B. Cox Elementary School,Pasco,Dade City,399,301,Yes under Community Eligibility Option (CEO),false,Prekindergarten,5th Grade
120087008061,Roland Park K-8 Magnet School,Hillsborough,Tampa,933,270,Yes under Community Eligibility Option (CEO),false,Kindergarten,8th Grade
120150001522,Rolling Green Elementary School,Palm Beach,Boynton Beach,673,524,Yes under Community Eligibility Option (CEO),false,Prekindergarten,5th Grade
120144001421,Rolling Hills Elementary,Orange,Orlando,515,372,Yes under Community Eligibility Option (CEO),false,Prekindergarten,5th Grade
120126000833,Romeo Elementary School,Marion,Dunnellon,747,498,Yes under Community Eligibility Option (CEO),false,Prekindergarten,5th Grade
120015000096,Ronald McNair Magnet Middle School,Brevard,Rockledge,262,163,Yes under Community Eligibility Option (CEO),true,7th Grade,8th Grade
120039004726,Ronald W. Reagan/Doral Senior High School,Miami-Dade,Doral,1288,229,Yes under Community Eligibility Option (CEO),true,8th Grade,12th Grade
120159001777,Roosevelt Academy,Polk,Lake Wales,279,212,Yes under Community Eligibility Option (CEO),true,6th Grade,12th Grade
120087001012,Roosevelt Elementary School,Hillsborough,Tampa,614,61,Yes participating without using any Provision or the CEO,false,Prekindergarten,5th Grade
120150001493,Roosevelt Elementary School,Palm Beach,West Palm Beach,315,247,Yes under Community Eligibility Option (CEO),false,Prekindergarten,5th Grade
120150001492,Roosevelt Middle School,Palm Beach,West Palm Beach,793,582,Yes under Community Eligibility Option (CEO),true,6th Grade,8th Grade
120159003927,Rosabelle W. Blake Academy,Polk,Lakeland,562,421,Yes under Community Eligibility Option (CEO),true,Prekindergarten,8th Grade
120144003218,Rosemont Elementary,Orange,Orlando,640,497,Yes under Community Eligibility Option (CEO),false,Prekindergarten,5th Grade
120150001547,Rosenwald Elementary School,Palm Beach,South Bay,267,212,Yes under Community Eligibility Option (CEO),false,Prekindergarten,5th Grade
120009007763,Rosenwald High School,Bay,Panama City,351,218,Yes under Community Eligibility Option (CEO),true,6th Grade,12th Grade
120093001053,Rosewood Magnet School,Indian River,Vero Beach,558,278,Yes participating without using any Provision or the CEO,false,Kindergarten,5th Grade
120201002031,Roulhac Middle School,Washington,Chipley,414,181,Yes under Community Eligibility Option (CEO),true,6th Grade,8th Grade
120105004364,Round Lake Charter School,Lake,Mount Dora,1240,355,Yes participating without using any Provision or the CEO,false,Prekindergarten,8th Grade
120123008608,Rowlett Middle Academy,Manatee,Bradenton,708,319,Yes participating without using any Provision or the CEO,true,6th Grade,8th Grade
120015000117,Roy Allen Elementary School,Brevard,Melbourne,619,281,Yes under Community Eligibility Option (CEO),false,Prekindergarten,6th Grade
120039000506,Royal Green Elementary School,Miami-Dade,Miami,371,191,Yes under Community Eligibility Option (CEO),false,Prekindergarten,5th Grade
120150003900,Royal Palm Beach Elementary School,Palm Beach,Royal Palm Beach,643,236,Yes under Community Eligibility Option (CEO),false,Kindergarten,5th Grade
120150003223,Royal Palm Beach High School,Palm Beach,Royal Palm Beach,2353,1123,Yes under Community Eligibility Option (CEO),true,9th Grade,12th Grade
120015004313,Royal Palm Charter School,Brevard,Palm Bay,339,184,Yes under Community Eligibility Option (CEO),true,Kindergarten,8th Grade
120018000260,Royal Palm Elementary School,Broward,Lauderhill,704,536,Yes under Community Eligibility Option (CEO),false,Prekindergarten,5th Grade
120039000507,Royal Palm Elementary School,Miami-Dade,Miami,514,276,Yes under Community Eligibility Option (CEO),false,Prekindergarten,5th Grade
120108002338,Royal Palm Exceptional School Center,Lee,Fort Myers,99,72,Yes under Community Eligibility Option (CEO),true,Prekindergarten,12th Grade
120150002625,Royal Palm School,Palm Beach,Lantana,286,170,Yes under Community Eligibility Option (CEO),true,Prekindergarten,12th Grade
120039002714,Ruben Dario Middle School,Miami-Dade,Miami,484,249,Yes under Community Eligibility Option (CEO),true,6th Grade,8th Grade
120111001170,Ruediger Elementary School,Leon,Tallahassee,504,343,Yes under Community Eligibility Option (CEO),false,Prekindergarten,5th Grade
120048000713,Rufus E. Payne Elementary School,Duval,Jacksonville,233,193,Yes under Community Eligibility Option (CEO),false,Prekindergarten,5th Grade
120087001013,Ruskin Elementary School,Hillsborough,Ruskin,838,599,Yes under Community Eligibility Option (CEO),false,Prekindergarten,5th Grade
120039000373,Ruth K. Broad Bay Harbor K-8 Center,Miami-Dade,Bay Harbor Islands,1257,262,Yes under Community Eligibility Option (CEO),false,Prekindergarten,8th Grade
120048000639,Ruth N. Upson Elementary School,Duval,Jacksonville,317,157,Yes under Community Eligibility Option (CEO),false,Prekindergarten,5th Grade
120039002814,Ruth Owens Kruse Education Center,Miami-Dade,Miami,97,60,Yes under Community Eligibility Option (CEO),true,Prekindergarten,12th Grade
120009000064,Rutherford High School,Bay,Panama City,1394,804,Yes under Community Eligibility Option (CEO),true,6th Grade,12th Grade
120048000690,Rutledge H. Pearson Elementary School,Duval,Jacksonville,758,572,Yes under Community Eligibility Option (CEO),false,Prekindergarten,5th Grade
120054004841,Rymfire Elementary School,Flagler,Palm Coast,967,474,Yes under Community Eligibility Option (CEO),false,Prekindergarten,5th Grade
120030000329,S Bryan Jennings Elementary School,Clay,Orange Park,492,393,Yes under Community Eligibility Option (CEO),false,Prekindergarten,6th Grade
120048000717,S. A. Hull Elementary School,Duval,Jacksonville,188,121,Yes under Community Eligibility Option (CEO),false,Prekindergarten,5th Grade
120150001529,S. D. Spady Elementary School,Palm Beach,Delray Beach,494,193,Yes under Community Eligibility Option (CEO),false,Prekindergarten,5th Grade
120165002959,S. S. Dixon Intermediate School,Santa Rosa,Pace,676,320,Yes participating without using any Provision or the CEO,false,3rd Grade,5th Grade
120165001828,S. S. Dixon Primary School,Santa Rosa,Pace,611,317,Yes participating without using any Provision or the CEO,false,Prekindergarten,2nd Grade
120015000114,Sabal Elementary School,Brevard,Melbourne,493,288,Yes under Community Eligibility Option (CEO),false,Prekindergarten,6th Grade
120048002740,Sabal Palm Elementary School,Duval,Jacksonville,630,189,Yes under Community Eligibility Option (CEO),false,Prekindergarten,5th Grade
120033004063,Sabal Palm Elementary School,Collier,Naples,792,552,Yes participating without using any Provision or the CEO,false,Prekindergarten,5th Grade
120111001168,Sabal Palm Elementary School,Leon,Tallahassee,459,357,Yes under Community Eligibility Option (CEO),false,Prekindergarten,5th Grade
120171001897,Sabal Point Elementary School,Seminole,Longwood,923,314,Yes participating without using any Provision or the CEO,false,Prekindergarten,5th Grade
120126003613,Saddlewood Elementary School,Marion,Ocala,1007,556,Yes under Community Eligibility Option (CEO),false,Prekindergarten,5th Grade
120048000697,Sadie T. Tillis Elementary School,Duval,Jacksonville,538,356,Yes under Community Eligibility Option (CEO),false,Kindergarten,5th Grade
120144001437,Sadler Elementary,Orange,Orlando,705,402,Yes under Community Eligibility Option (CEO),false,Prekindergarten,5th Grade
120156001673,Safety Harbor Elementary School,Pinellas,Safety Harbor,588,239,Yes under Community Eligibility Option (CEO),false,Prekindergarten,5th Grade
120156001674,Safety Harbor Middle School,Pinellas,Safety Harbor,956,421,Yes under Community Eligibility Option (CEO),true,6th Grade,8th Grade
120111001178,Sail,Leon,Tallahassee,359,104,Yes under Community Eligibility Option (CEO),true,9th Grade,12th Grade
120024000295,Sallie Jones Elementary School,Charlotte,Punta Gorda,634,294,Yes under Community Eligibility Option (CEO),false,Prekindergarten,5th Grade
120144001411,Sally Ride Elementary,Orange,Orlando,399,254,Yes under Community Eligibility Option (CEO),false,Prekindergarten,5th Grade
120048000686,Sallye B. Mathis Elementary School,Duval,Jacksonville,366,261,Yes under Community Eligibility Option (CEO),false,Prekindergarten,5th Grade
120123001235,Samoset Elementary School,Manatee,Bradenton,544,441,Yes under Community Eligibility Option (CEO),false,Prekindergarten,5th Grade
120192008041,Samsula Academy,Volusia,New Smyrna Beach,151,10,Yes under Community Eligibility Option (CEO),false,Kindergarten,5th Grade
120177006816,Samuel S. Gaines Academy of Emerging Technologies,St. Lucie,Fort Pierce,786,440,Yes under Community Eligibility Option (CEO),true,Prekindergarten,8th Grade
120048000749,Samuel W. Wolfson High School,Duval,Jacksonville,1007,128,Yes under Community Eligibility Option (CEO),true,9th Grade,12th Grade
120153002241,San Antonio Elementary School,Pasco,Dade City,706,246,Yes under Community Eligibility Option (CEO),false,Prekindergarten,5th Grade
120108002078,San Carlos Park Elementary School,Lee,Fort Myers,642,323,Yes under Community Eligibility Option (CEO),false,Prekindergarten,5th Grade
120048009003,San Jose Early College at Cecil,Duval,Jacksonville,208,101,Yes participating without using any Provision or the CEO,false,6th Grade,12th Grade
120156001677,San Jose Elementary School,Pinellas,Dunedin,336,135,Yes under Community Eligibility Option (CEO),false,Prekindergarten,5th Grade
120048000678,San Jose Elementary School,Duval,Jacksonville,937,548,Yes under Community Eligibility Option (CEO),false,Prekindergarten,5th Grade
120048008243,San Jose Prep,Duval,Jacksonville,594,,Yes participating without using any Provision or the CEO,false,6th Grade,12th Grade
120048008779,San Jose Primary School,Duval,Jacksonville,244,232,Yes participating without using any Provision or the CEO,false,Kindergarten,5th Grade
120048000743,San Mateo Elementary School,Duval,Jacksonville,520,206,Yes under Community Eligibility Option (CEO),false,Kindergarten,5th Grade
120048000676,San Pablo Elementary School,Duval,Jacksonville Beach,481,120,Yes under Community Eligibility Option (CEO),false,Kindergarten,5th Grade
120144005026,Sand Lake Elementary,Orange,Orlando,733,237,Yes under Community Eligibility Option (CEO),false,Prekindergarten,5th Grade
120153003476,Sand Pine Elementary School,Pasco,Wesley Chapel,502,140,Yes under Community Eligibility Option (CEO),false,Prekindergarten,5th Grade
120048000759,Sandalwood High School,Duval,Jacksonville,2627,865,Yes under Community Eligibility Option (CEO),false,9th Grade,12th Grade
120153008337,Sanders Memorial Elementary School,Pasco,Land O Lakes,842,90,Yes under Community Eligibility Option (CEO),false,Prekindergarten,5th Grade
120018000211,Sanders Park Elementary School,Broward,Pompano Beach,413,283,Yes under Community Eligibility Option (CEO),false,Prekindergarten,5th Grade
120159004436,Sandhill Elementary School,Polk,Haines City,1111,761,Yes under Community Eligibility Option (CEO),false,Prekindergarten,5th Grade
120018002594,Sandpiper Elementary School,Broward,Sunrise,574,242,Yes under Community Eligibility Option (CEO),false,Prekindergarten,5th Grade
120150002694,Sandpiper Shores Elementary School,Palm Beach,Boca Raton,891,237,Yes under Community Eligibility Option (CEO),false,Prekindergarten,5th Grade
120018007917,Sandra Marie Curtis High School,Broward,Ft Lauderdale,384,23,No,false,9th Grade,12th Grade
120156001678,Sandy Lane Elementary School,Pinellas,Clearwater,288,224,Yes under Community Eligibility Option (CEO),false,Prekindergarten,5th Grade
120171001871,Sanford Middle School,Seminole,Sanford,1385,593,Yes participating without using any Provision or the CEO,true,6th Grade,8th Grade
120039000509,Santa Clara Elementary School,Miami-Dade,Miami,532,272,Yes under Community Eligibility Option (CEO),false,Prekindergarten,5th Grade
120003010722,Santa Fe College Academy of Science and Technology,Alachua,Gainsville,133,53,Yes participating without using any Provision or the CEO,false,9th Grade,12th Grade
120003000020,Santa Fe High School,Alachua,Alachua,1132,471,Yes participating without using any Provision or the CEO,true,9th Grade,12th Grade
120165002408,Santa Rosa High School,Santa Rosa,Milton,151,112,Yes participating without using any Provision or the CEO,true,9th Grade,12th Grade
120165007684,Santa Rosa Virtual Franchise,Santa Rosa,Milton,105,14,No,false,Kindergarten,12th Grade
120150002233,Santaluces Community High,Palm Beach,Lantana,2452,1252,Yes under Community Eligibility Option (CEO),true,9th Grade,12th Grade
120168008202,Sarasota Academy of the Arts,Sarasota,Sarasota,193,107,Yes participating without using any Provision or the CEO,true,Kindergarten,8th Grade
120168008743,Sarasota County Acceleration Academies,Sarasota,Sarasota,106,22,No,false,9th Grade,12th Grade
120168001838,Sarasota High School,Sarasota,Sarasota,2359,887,Yes participating without using any Provision or the CEO,true,9th Grade,12th Grade
120168001837,Sarasota Middle School,Sarasota,Sarasota,1290,288,Yes participating without using any Provision or the CEO,false,6th Grade,8th Grade
120168003933,Sarasota Military Academy,Sarasota,Sarasota,997,528,Yes participating without using any Provision or the CEO,true,6th Grade,12th Grade
120168003265,Sarasota School of Arts/Sciences,Sarasota,Sarasota,747,300,Yes participating without using any Provision or the CEO,true,6th Grade,8th Grade
120168004199,Sarasota Suncoast Academy,Sarasota,Sarasota,823,175,Yes participating without using any Provision or the CEO,false,Kindergarten,8th Grade
120168008394,Sarasota Virtual Academy (Virtual Franchise),Sarasota,Sarasota,12,,No,false,Kindergarten,12th Grade
120168007714,Sarasota Virtual Instruction Program,Sarasota,Sarasota,103,3,No,false,Kindergarten,12th Grade
120015000131,Satellite Senior High School,Brevard,Satellite Beach,1438,254,Yes participating without using any Provision or the CEO,false,9th Grade,12th Grade
120015000101,Saturn Elementary School,Brevard,Cocoa,619,455,Yes under Community Eligibility Option (CEO),false,Prekindergarten,6th Grade
120177003501,Savanna Ridge Elementary School,St. Lucie,Port St Lucie,512,294,Yes under Community Eligibility Option (CEO),false,Prekindergarten,5th Grade
120105007372,Sawgrass Bay Elementary School,Lake,Clermont,853,289,Yes under Community Eligibility Option (CEO),false,Prekindergarten,5th Grade
120018000194,Sawgrass Elementary School,Broward,Sunrise,858,258,Yes under Community Eligibility Option (CEO),false,Prekindergarten,5th Grade
120156002886,Sawgrass Lake Elementary School,Pinellas,St Petersburg,573,339,Yes under Community Eligibility Option (CEO),false,Prekindergarten,5th Grade
120018003030,Sawgrass Springs Middle School,Broward,Coral Springs,946,307,Yes under Community Eligibility Option (CEO),true,6th Grade,8th Grade
120051000808,Scenic Heights Elementary School,Escambia,Pensacola,773,325,Yes under Community Eligibility Option (CEO),false,Kindergarten,5th Grade
120123008501,Sch Ofacademic & Behavioral Learning Exc (Sable) Grade Cod,Manatee,Bradenton,15,12,Yes participating without using any Provision or the CEO,true,Prekindergarten,8th Grade
120087004093,Schmidt Elementary School,Hillsborough,Brandon,510,371,Yes under Community Eligibility Option (CEO),false,Prekindergarten,5th Grade
120039008558,School for Advanced Studies,Miami-Dade,Doral,119,19,Yes under Community Eligibility Option (CEO),false,11th Grade,12th Grade
120039001443,School for Advanced Studies - South,Miami-Dade,Miami,290,53,Yes under Community Eligibility Option (CEO),false,11th Grade,12th Grade
120039007358,School for Advanced Studies Homestead,Miami-Dade,Homestead,130,41,Yes under Community Eligibility Option (CEO),false,11th Grade,12th Grade
120039002715,School for Advanced Studies North,Miami-Dade,Miami,113,31,Yes under Community Eligibility Option (CEO),false,11th Grade,12th Grade
120039003561,School for Advanced Studies-Wolfson,Miami-Dade,Miami,135,23,Yes under Community Eligibility Option (CEO),false,11th Grade,12th Grade
120048003172,School of Success Academy-Sos,Duval,Jacksonville,145,106,Yes under Community Eligibility Option (CEO),true,6th Grade,8th Grade
120153001579,Schrader Elementary School,Pasco,New Port Richey,572,406,Yes under Community Eligibility Option (CEO),false,Prekindergarten,5th Grade
120087000724,Schwarzkopf Elementary School,Hillsborough,Lutz,555,124,Yes under Community Eligibility Option (CEO),false,Prekindergarten,5th Grade
120159001786,Scott Lake Elementary School,Polk,Lakeland,735,404,Yes under Community Eligibility Option (CEO),false,Prekindergarten,5th Grade
120039000510,Scott Lake Elementary School,Miami-Dade,Miami,472,280,Yes under Community Eligibility Option (CEO),false,Prekindergarten,5th Grade
120171003510,Scps Consequence Unit,Seminole,Sanford,25,21,Yes participating without using any Provision or the CEO,true,6th Grade,12th Grade
120171008303,Scps Early Learning Center,Seminole,Sanford,72,45,Yes participating without using any Provision or the CEO,false,Prekindergarten,Prekindergarten
120015003541,Sculptor Charter School,Brevard,Titusville,558,106,Yes participating without using any Provision or the CEO,false,Kindergarten,8th Grade
120123002839,Sea Breeze Elementary School,Manatee,Bradenton,502,331,Yes under Community Eligibility Option (CEO),false,Prekindergarten,5th Grade
120018002720,Sea Castle Elementary School,Broward,Miramar,878,446,Yes under Community Eligibility Option (CEO),false,Prekindergarten,5th Grade
120033000345,Sea Gate Elementary School,Collier,Naples,668,236,Yes participating without using any Provision or the CEO,false,Prekindergarten,5th Grade
120015000134,Sea Park Elementary School,Brevard,Satellite Beach,308,88,Yes participating without using any Provision or the CEO,false,Prekindergarten,6th Grade
120129003007,Sea Wind Elementary School,Martin,Hobe Sound,517,354,Yes participating without using any Provision or the CEO,false,Prekindergarten,5th Grade
120048000750,Seabreeze Elementary School,Duval,Jacksonville Beach,524,165,Yes under Community Eligibility Option (CEO),false,Kindergarten,5th Grade
120192002005,Seabreeze High School,Volusia,Daytona Beach,1587,547,Yes under Community Eligibility Option (CEO),true,9th Grade,12th Grade
120048008002,Seacoast Charter Academy,Duval,Jacksonville,444,211,Yes under Community Eligibility Option (CEO),false,Kindergarten,5th Grade
120018000188,Seagull School,Broward,Fort Lauderdale,131,80,Yes under Community Eligibility Option (CEO),true,Prekindergarten,12th Grade
120111001191,Sealey Elementary School,Leon,Tallahassee,369,184,Yes under Community Eligibility Option (CEO),false,Prekindergarten,5th Grade
120048008591,Seaside Charter K-8 School,Duval,Atlantic Beach,484,22,No,false,Prekindergarten,8th Grade
120048008758,Seaside Charter North Campus,Duval,Jacksonville,496,204,Yes participating without using any Provision or the CEO,false,Prekindergarten,7th Grade
120048008250,Seaside Community Charter School,Duval,Jacksonville,511,,No,false,Kindergarten,8th Grade
120198003138,Seaside Neighborhood School,Walton,Santa Rosa Beach,501,16,No,false,5th Grade,12th Grade
120093004361,Sebastian Charter Junior High School,Indian River,Sebastian,295,142,Yes participating without using any Provision or the CEO,true,6th Grade,8th Grade
120093002470,Sebastian Elementary School,Indian River,Sebastian,312,199,Yes participating without using any Provision or the CEO,false,Prekindergarten,5th Grade
120174002896,Sebastian Middle School,St. Johns,St Augustine,690,329,Yes under Community Eligibility Option (CEO),true,6th Grade,8th Grade
120093002283,Sebastian River High School,Indian River,Sebastian,1777,939,Yes participating without using any Provision or the CEO,true,9th Grade,12th Grade
120093001064,Sebastian River Middle School,Indian River,Sebastian,775,476,Yes participating without using any Provision or the CEO,true,6th Grade,8th Grade
120084000905,Sebring High School,Highlands,Sebring,1849,932,Yes under Community Eligibility Option (CEO),true,9th Grade,12th Grade
120084000898,Sebring Middle School,Highlands,Sebring,840,498,Yes under Community Eligibility Option (CEO),true,6th Grade,8th Grade
120084010639,Sebring Pre-K Center,Highlands,Sebring,136,89,Yes under Community Eligibility Option (CEO),false,Prekindergarten,Prekindergarten
120111000788,Second Chance at Ghazvini Learning Center,Leon,Tallahassee,51,42,Yes under Community Eligibility Option (CEO),true,Kindergarten,12th Grade
120039007871,Secondary Student Success Center 801,Miami-Dade,Miami,35,19,Yes under Community Eligibility Option (CEO),true,6th Grade,11th Grade
120039007828,Secondary Student Success Center 802,Miami-Dade,Miami,16,6,Yes under Community Eligibility Option (CEO),true,6th Grade,12th Grade
120039007783,Secondary Student Success Center 803,Miami-Dade,Miami,50,18,Yes under Community Eligibility Option (CEO),true,6th Grade,12th Grade
120039007979,Secondary Student Success Center-804,Miami-Dade,Miami,24,16,Yes under Community Eligibility Option (CEO),true,6th Grade,12th Grade
120087001014,Seffner Elementary School,Hillsborough,Seffner,437,243,Yes under Community Eligibility Option (CEO),false,Prekindergarten,5th Grade
120123008578,Selby Preschool,Manatee,Sarasota,7,,No,false,Prekindergarten,Prekindergarten
120171008121,Seminole County Detention Center,Seminole,Sanford,31,23,No,true,4th Grade,12th Grade
120039000511,Seminole Elementary School,Miami-Dade,Miami,508,286,Yes under Community Eligibility Option (CEO),false,Prekindergarten,5th Grade
120141002775,Seminole Elementary School,Okeechobee,Okeechobee,511,465,Yes under Community Eligibility Option (CEO),false,Prekindergarten,5th Grade
120156001679,Seminole Elementary School,Pinellas,Seminole,371,206,Yes under Community Eligibility Option (CEO),false,Prekindergarten,5th Grade
120087007650,Seminole Heights Charter High School,Hillsborough,Tampa,276,113,No,true,7th Grade,12th Grade
120087001015,Seminole Heights Elementary School,Hillsborough,Tampa,375,215,Yes under Community Eligibility Option (CEO),false,Prekindergarten,5th Grade
120171001872,Seminole High School,Seminole,Sanford,3807,1889,Yes participating without using any Provision or the CEO,true,9th Grade,12th Grade
120156001680,Seminole High School,Pinellas,Seminole,1394,456,Yes under Community Eligibility Option (CEO),true,9th Grade,12th Grade
120018000263,Seminole Middle School,Broward,Plantation,1014,336,Yes under Community Eligibility Option (CEO),true,6th Grade,8th Grade
120156001681,Seminole Middle School,Pinellas,Seminole,752,307,Yes under Community Eligibility Option (CEO),true,6th Grade,8th Grade
120150003944,Seminole Ridge Community High School,Palm Beach,Loxahatchee,2246,696,Yes under Community Eligibility Option (CEO),true,9th Grade,12th Grade
120171008494,Seminole Science Charter School,Seminole,Lake Mary,547,138,Yes participating without using any Provision or the CEO,false,Kindergarten,8th Grade
120105002659,Seminole Springs Elementary School,Lake,Eustis,469,241,Yes under Community Eligibility Option (CEO),false,Prekindergarten,5th Grade
120150002690,Seminole Trails Elementary School,Palm Beach,West Palm Beach,683,430,Yes under Community Eligibility Option (CEO),false,Prekindergarten,5th Grade
120087007336,Sergeant Paul R Smith Middle School,Hillsborough,Tampa,595,306,Yes under Community Eligibility Option (CEO),true,6th Grade,8th Grade
120087004094,Sessums Elementary School,Hillsborough,Riverview,904,407,Yes under Community Eligibility Option (CEO),false,Prekindergarten,5th Grade
120153005693,Seven Oaks Elementary School,Pasco,Wesley Chapel,656,145,Yes under Community Eligibility Option (CEO),false,Prekindergarten,5th Grade
120153002632,Seven Springs Elementary School,Pasco,New Port Richey,469,260,Yes under Community Eligibility Option (CEO),false,Prekindergarten,5th Grade
120153003106,Seven Springs Middle School,Pasco,Trinity,1498,383,Yes under Community Eligibility Option (CEO),false,6th Grade,8th Grade
120156001682,Seventy-Fourth St. Elementary,Pinellas,St Petersburg,472,296,Yes under Community Eligibility Option (CEO),false,Prekindergarten,5th Grade
120195002657,Shadeville Elementary School,Wakulla,Crawfordville,653,263,Yes under Community Eligibility Option (CEO),false,Kindergarten,5th Grade
120030007389,Shadowlawn Elementary School,Clay,Green Cove Springs,695,411,Yes participating without using any Provision or the CEO,false,Prekindergarten,6th Grade
120033000342,Shadowlawn Elementary School,Collier,Naples,470,278,Yes under Community Eligibility Option (CEO),false,Prekindergarten,5th Grade
120126002518,Shady Hill Elementary School,Marion,Ocala,615,328,Yes under Community Eligibility Option (CEO),false,Prekindergarten,5th Grade
120153008450,Shady Hills Elementary School,Pasco,Spring Hill,444,266,Yes under Community Eligibility Option (CEO),false,Kindergarten,5th Grade
120138001341,Shalimar Elementary School,Okaloosa,Shalimar,557,383,Yes participating without using any Provision or the CEO,false,Prekindergarten,5th Grade
120087001016,Shaw Elementary School,Hillsborough,Tampa,682,449,Yes under Community Eligibility Option (CEO),false,Prekindergarten,5th Grade
120087004153,Sheehy Elementary School,Hillsborough,Tampa,396,310,Yes under Community Eligibility Option (CEO),false,Prekindergarten,5th Grade
120144003884,Sheeler High Charter,Orange,Apopka,333,,No,false,7th Grade,12th Grade
120159001721,Shelley S. Boone Middle School,Polk,Haines City,1329,860,Yes under Community Eligibility Option (CEO),true,6th Grade,8th Grade
120144001450,Shenandoah Elementary,Orange,Orlando,403,203,Yes under Community Eligibility Option (CEO),false,Prekindergarten,5th Grade
120039000513,Shenandoah Elementary School,Miami-Dade,Miami,805,474,Yes under Community Eligibility Option (CEO),false,Prekindergarten,5th Grade
120039000582,Shenandoah Middle School,Miami-Dade,Miami,1231,733,Yes under Community Eligibility Option (CEO),true,6th Grade,8th Grade
120018000257,Sheridan Hills Elementary School,Broward,Hollywood,378,204,Yes under Community Eligibility Option (CEO),false,Prekindergarten,5th Grade
120018000237,Sheridan Park Elementary School,Broward,Hollywood,478,233,Yes under Community Eligibility Option (CEO),false,Prekindergarten,5th Grade
120018002048,Sheridan Technical College,Broward,Hollywood,543,166,Yes under Community Eligibility Option (CEO),false,9th Grade,12th Grade
120015000112,Sherwood Elementary School,Brevard,Melbourne,493,299,Yes under Community Eligibility Option (CEO),false,Prekindergarten,6th Grade
120051000810,Sherwood Elementary School,Escambia,Pensacola,452,336,Yes under Community Eligibility Option (CEO),false,Prekindergarten,5th Grade
120087004156,Shields Middle School,Hillsborough,Ruskin,1593,959,Yes under Community Eligibility Option (CEO),true,6th Grade,8th Grade
120144000861,Shingle Creek Elementary,Orange,Orlando,633,415,Yes under Community Eligibility Option (CEO),false,Prekindergarten,5th Grade
120138001325,Shoal River Middle School,Okaloosa,Crestview,923,533,Yes participating without using any Provision or the CEO,true,6th Grade,8th Grade
120156001683,Shore Acres Elementary School,Pinellas,St Petersburg,690,209,Yes under Community Eligibility Option (CEO),false,Prekindergarten,5th Grade
120087001017,Shore Elementary Magnet School,Hillsborough,Tampa,330,209,Yes under Community Eligibility Option (CEO),false,Prekindergarten,5th Grade
120003004047,Siatech Mycroschool Inc.,Alachua,Gainesville,97,54,Yes under Community Eligibility Option (CEO),true,8th Grade,12th Grade
120087003181,Sickles High School,Hillsborough,Tampa,2398,542,Yes under Community Eligibility Option (CEO),true,9th Grade,12th Grade
120003000006,Sidney Lanier Center,Alachua,Gainesville,139,74,Yes under Community Eligibility Option (CEO),true,Kindergarten,12th Grade
120132007698,Sigsbee Charter School,Monroe,Key West,531,102,Yes participating without using any Provision or the CEO,false,Kindergarten,8th Grade
120039000514,Silver Bluff Elementary School,Miami-Dade,Miami,358,188,Yes under Community Eligibility Option (CEO),false,Prekindergarten,5th Grade
120018003303,Silver Lakes Elementary School,Broward,Miramar,327,126,Yes under Community Eligibility Option (CEO),false,Prekindergarten,5th Grade
120018002284,Silver Lakes Middle School,Broward,North Lauderdale,729,433,Yes under Community Eligibility Option (CEO),true,6th Grade,8th Grade
120018002984,Silver Palms Elementary School,Broward,Pembroke Pines,450,149,Yes participating without using any Provision or the CEO,false,Prekindergarten,5th Grade
120144001397,Silver Pines Academy K-12 Learning Center,Orange,Orlando,69,44,Yes under Community Eligibility Option (CEO),true,Prekindergarten,12th Grade
120018002545,Silver Ridge Elementary School,Broward,Davie,849,249,Yes participating without using any Provision or the CEO,false,Prekindergarten,5th Grade
120192002417,Silver Sands Middle School,Volusia,Port Orange,1199,653,Yes under Community Eligibility Option (CEO),true,6th Grade,8th Grade
120138001336,Silver Sands-Excep. Children,Okaloosa,Fort Walton Beach,93,71,Yes participating without using any Provision or the CEO,true,Prekindergarten,12th Grade
120018003814,Silver Shores Elementary School,Broward,Miramar,339,116,Yes under Community Eligibility Option (CEO),false,Prekindergarten,5th Grade
120018002981,Silver Trail Middle School,Broward,Southwest Ranches,1187,295,Yes participating without using any Provision or the CEO,false,6th Grade,8th Grade
120087003712,Simmons Career Center,Hillsborough,Plant City,127,79,Yes under Community Eligibility Option (CEO),true,Prekindergarten,12th Grade
120087002511,Simmons Exceptional Center,Hillsborough,Plant City,29,23,Yes under Community Eligibility Option (CEO),true,Kindergarten,12th Grade
120144002650,Simon Youth Found Acad at Outlet Mktplce,Orange,Orlando,21,12,Yes under Community Eligibility Option (CEO),false,10th Grade,12th Grade
120168008488,Sky Academy Englewood,Sarasota,Venice,327,5,Yes participating without using any Provision or the CEO,false,6th Grade,8th Grade
120168008043,Sky Academy Venice,Sarasota,Venice,293,14,Yes participating without using any Provision or the CEO,false,6th Grade,8th Grade
120156001685,Skycrest Elementary School,Pinellas,Clearwater,521,348,Yes under Community Eligibility Option (CEO),false,Prekindergarten,5th Grade
120108002614,Skyline Elementary School,Lee,Cape Coral,1141,598,Yes under Community Eligibility Option (CEO),false,Prekindergarten,5th Grade
120156001686,Skyview Elementary School,Pinellas,Pinellas Park,564,361,Yes under Community Eligibility Option (CEO),false,Prekindergarten,5th Grade
120087008667,Slam Academy at Apollo Beach,Hillsborough,Apollo Beach,1235,484,Yes under Community Eligibility Option (CEO),true,Kindergarten,12th Grade
120150008752,Slam Academy High School Palm Beach,Palm Beach,West Palm Beach,309,170,Yes under Community Eligibility Option (CEO),false,9th Grade,12th Grade
120087009011,Slam Academy Tampa Elementary,Hillsborough,Tampa,248,140,Yes under Community Eligibility Option (CEO),false,Kindergarten,5th Grade
120150008650,Slam Boca,Palm Beach,Miami,979,283,Yes under Community Eligibility Option (CEO),true,6th Grade,12th Grade
120159005337,Sleepy Hill Elementary School,Polk,Lakeland,711,569,Yes under Community Eligibility Option (CEO),false,Prekindergarten,5th Grade
120159003655,Sleepy Hill Middle School,Polk,Lakeland,886,679,Yes under Community Eligibility Option (CEO),true,6th Grade,8th Grade
120087000950,Sligh Middle School,Hillsborough,Tampa,761,585,Yes under Community Eligibility Option (CEO),true,6th Grade,8th Grade
120048000704,Smart Pope Livingston Elementary,Duval,Jacksonville,405,345,Yes under Community Eligibility Option (CEO),false,Prekindergarten,3rd Grade
120039000516,Snapper Creek Elementary School,Miami-Dade,Miami,362,186,Yes under Community Eligibility Option (CEO),false,Prekindergarten,5th Grade
120096001071,Sneads Elementary School,Jackson,Sneads,574,301,Yes under Community Eligibility Option (CEO),false,Prekindergarten,4th Grade
120096001070,Sneads High School,Jackson,Sneads,340,138,Yes under Community Eligibility Option (CEO),true,9th Grade,12th Grade
120159002895,Socrum Elementary School,Polk,Lakeland,523,425,Yes under Community Eligibility Option (CEO),false,Prekindergarten,5th Grade
120039003971,Somerset Academy,Miami-Dade,Miami,805,544,Yes participating without using any Provision or the CEO,false,Kindergarten,5th Grade
120018004320,Somerset Academy,Broward,Pembroke Pines,645,245,Yes participating without using any Provision or the CEO,false,Kindergarten,5th Grade
120039008160,Somerset Academy Bay,Miami-Dade,Miami,410,67,Yes participating without using any Provision or the CEO,false,Kindergarten,5th Grade
120039008153,Somerset Academy Bay Middle School,Miami-Dade,Miami,259,50,Yes participating without using any Provision or the CEO,false,6th Grade,8th Grade
120177008898,Somerset Academy Bethany,St. Lucie,Port St Lucie,527,338,Yes participating without using any Provision or the CEO,false,Kindergarten,5th Grade
120150008220,Somerset Academy Boca East,Palm Beach,Boca Raton,391,79,Yes under Community Eligibility Option (CEO),false,Kindergarten,5th Grade
120150008275,Somerset Academy Boca Middle School,Palm Beach,Boca Raton,95,15,Yes under Community Eligibility Option (CEO),true,6th Grade,8th Grade
120150008231,Somerset Academy Canyons High School,Palm Beach,Boynton Beach,1024,318,Yes under Community Eligibility Option (CEO),true,9th Grade,12th Grade
120150008251,Somerset Academy Canyons Middle School,Palm Beach,Boynton Beach,597,252,Yes under Community Eligibility Option (CEO),true,6th Grade,8th Grade
120039007466,Somerset Academy Charter Elementary School (South Homestead,Miami-Dade,Homestead,551,464,Yes participating without using any Provision or the CEO,false,Kindergarten,5th Grade
120018003823,Somerset Academy Charter High,Broward,Pembroke Pines,1450,496,Yes participating without using any Provision or the CEO,true,9th Grade,12th Grade
120039003975,Somerset Academy Charter High School,Miami-Dade,Homestead,971,804,Yes participating without using any Provision or the CEO,true,9th Grade,12th Grade
120039007971,Somerset Academy Charter High School (South Homestead),Miami-Dade,Homestead,497,411,Yes participating without using any Provision or the CEO,true,9th Grade,12th Grade
120018007921,Somerset Academy Charter High School Miramar Campus,Broward,Miramar,325,162,Yes participating without using any Provision or the CEO,true,9th Grade,12th Grade
120039003974,Somerset Academy Charter Middle School,Miami-Dade,Miami,594,470,Yes participating without using any Provision or the CEO,true,6th Grade,8th Grade
120039007387,Somerset Academy Charter Middle School (South Homestead),Miami-Dade,Homestead,484,396,Yes participating without using any Provision or the CEO,true,6th Grade,8th Grade
120039007554,Somerset Academy Charter Middle School (South Miami Campus),Miami-Dade,South Miami,166,31,Yes participating without using any Provision or the CEO,false,6th Grade,8th Grade
120039008907,Somerset Academy Continental,Miami-Dade,Miami,55,24,Yes participating without using any Provision or the CEO,false,Kindergarten,5th Grade
120018004054,Somerset Academy Davie Charter School,Broward,Davie,150,69,Yes participating without using any Provision or the CEO,false,Kindergarten,5th Grade
120018007569,Somerset Academy East Preparatory,Broward,Miramar,167,147,Yes participating without using any Provision or the CEO,false,Kindergarten,6th Grade
120018004471,Somerset Academy Elementary (Miramar Campus),Broward,Miramar,517,324,Yes participating without using any Provision or the CEO,false,Kindergarten,5th Grade
120039007511,Somerset Academy Elementary School (South Miami Campus),Miami-Dade,South Miami,491,83,Yes participating without using any Provision or the CEO,false,Kindergarten,5th Grade
120018008705,Somerset Academy Elementary South Campus,Broward,Miami,347,120,Yes participating without using any Provision or the CEO,false,Kindergarten,5th Grade
120039008727,Somerset Academy Kendall,Miami-Dade,Miami,224,75,Yes participating without using any Provision or the CEO,false,Kindergarten,5th Grade
120018008546,Somerset Academy Key Charter High School,Broward,Miami,301,6,Yes participating without using any Provision or the CEO,true,9th Grade,12th Grade
120018008232,Somerset Academy Key Middle School,Broward,Miami,370,11,Yes participating without using any Provision or the CEO,true,6th Grade,8th Grade
120150008535,Somerset Academy Lakes,Palm Beach,Miami,400,256,Yes under Community Eligibility Option (CEO),false,Kindergarten,5th Grade
120018004472,Somerset Academy Middle (Miramar Campus),Broward,Miramar,409,249,Yes participating without using any Provision or the CEO,true,6th Grade,8th Grade
120018003686,Somerset Academy Middle School,Broward,Pembroke Pines,1056,329,Yes participating without using any Provision or the CEO,false,6th Grade,8th Grade
120018008102,Somerset Academy Miramar South,Broward,Miramar,215,114,Yes participating without using any Provision or the CEO,false,Kindergarten,5th Grade
120018008157,Somerset Academy Pompano (K-5),Broward,Pompano Beach,152,141,Yes participating without using any Provision or the CEO,false,Kindergarten,5th Grade
120018008190,Somerset Academy Riverside,Broward,Coral Springs,426,257,Yes participating without using any Provision or the CEO,false,Kindergarten,5th Grade
120018008195,Somerset Academy Riverside Charter Middle School,Broward,Coral Springs,306,174,No,true,6th Grade,8th Grade
120039007428,Somerset Academy Silver Palms,Miami-Dade,Homestead,1890,1623,Yes participating without using any Provision or the CEO,true,Kindergarten,8th Grade
120039007884,Somerset Academy Silver Palms at Princeton,Miami-Dade,Homestead,574,474,Yes participating without using any Provision or the CEO,true,Kindergarten,8th Grade
120177007574,Somerset Academy St. Lucie,St. Lucie,Port St Lucie,687,364,Yes participating without using any Provision or the CEO,true,Kindergarten,8th Grade
120150003907,Somerset Academy the Dr. Bernard Kimmel Campus,Palm Beach,Lake Worth,515,342,Yes under Community Eligibility Option (CEO),true,Kindergarten,8th Grade
120018007806,Somerset Academy Village Charter Middle School,Broward,Wilton Manors,163,135,Yes participating without using any Provision or the CEO,true,6th Grade,8th Grade
120150010696,Somerset Academy Wellington High School,Palm Beach,Wellington,104,39,Yes under Community Eligibility Option (CEO),true,9th Grade,12th Grade
120150008747,Somerset Academy Wellington K-8,Palm Beach,Wellington,459,200,Yes under Community Eligibility Option (CEO),true,Kindergarten,8th Grade
120048007908,Somerset Academy-Elementary Eagle Campus,Duval,Jacksonville,324,277,Yes participating without using any Provision or the CEO,false,Kindergarten,5th Grade
120048007902,Somerset Academy-Middle Eagle Campus,Duval,Jacksonville,177,139,Yes participating without using any Provision or the CEO,true,6th Grade,8th Grade
120039007487,Somerset Arts Academy,Miami-Dade,Homestead,413,312,Yes participating without using any Provision or the CEO,false,Kindergarten,5th Grade
120018004463,Somerset Arts Conservatory,Broward,Pembroke Pines,397,109,Yes participating without using any Provision or the CEO,false,9th Grade,12th Grade
120177010891,Somerset Career Academy,St. Lucie,Port Saint Lucie,40,15,Yes participating without using any Provision or the CEO,false,6th Grade,12th Grade
120177008089,Somerset College Preparatory Academy,St. Lucie,Port Saint Lucie,1463,707,Yes participating without using any Provision or the CEO,true,6th Grade,12th Grade
120039008993,Somerset College Preparatory Academy South High School,Miami-Dade,Miami,315,245,Yes participating without using any Provision or the CEO,false,9th Grade,12th Grade
120039007525,Somerset Gables Academy,Miami-Dade,Coral Gables,556,123,Yes participating without using any Provision or the CEO,false,Kindergarten,8th Grade
120132007960,Somerset Island Prep,Monroe,Key West,88,32,Yes participating without using any Provision or the CEO,true,9th Grade,12th Grade
120018003155,Somerset Neighborhood School,Broward,Miramar,467,296,Yes participating without using any Provision or the CEO,false,Kindergarten,5th Grade
120039007851,Somerset Oaks Academy,Miami-Dade,Homestead,628,543,Yes participating without using any Provision or the CEO,true,Kindergarten,8th Grade
120039008669,Somerset Palms Academy,Miami-Dade,Miami,324,161,Yes participating without using any Provision or the CEO,true,Kindergarten,8th Grade
120018008889,Somerset Parkland Academy,Broward,Miami,992,212,Yes participating without using any Provision or the CEO,false,Kindergarten,8th Grade
120018007893,Somerset Pines Academy,Broward,Pompano Beach,447,371,Yes participating without using any Provision or the CEO,true,Kindergarten,8th Grade
120039008891,Somerset Preparatory Academy (Homestead),Miami-Dade,Homestead,506,416,Yes participating without using any Provision or the CEO,false,Kindergarten,5th Grade
120018007912,Somerset Preparatory Academy Charter High at North Lauderda,Broward,North Lauderdale,349,325,Yes participating without using any Provision or the CEO,true,9th Grade,12th Grade
120018007780,Somerset Preparatory Academy Charter School at North Lauder,Broward,North Lauderdale,708,686,Yes participating without using any Provision or the CEO,true,Kindergarten,8th Grade
120039008749,Somerset Preparatory Academy High School Homestead,Miami-Dade,Homestead,376,306,Yes participating without using any Provision or the CEO,false,9th Grade,12th Grade
120039008688,Somerset Preparatory Academy Middle School (Homestead),Miami-Dade,Homestead,385,306,Yes participating without using any Provision or the CEO,true,6th Grade,8th Grade
120039008502,Somerset Preparatory Academy Sunset,Miami-Dade,Miami,350,146,Yes participating without using any Provision or the CEO,false,Kindergarten,8th Grade
120018007832,Somerset Preparatory Charter Middle School,Broward,Miramar,363,219,Yes participating without using any Provision or the CEO,true,6th Grade,8th Grade
120018007837,Somerset Village Academy,Broward,Wilton Manors,254,228,Yes participating without using any Provision or the CEO,false,Kindergarten,5th Grade
120105007655,Sorrento Elementary,Lake,Sorrento,841,324,Yes under Community Eligibility Option (CEO),false,Prekindergarten,5th Grade
120015002055,South Area Alternative Learning Center,Brevard,Melbourne,68,48,Yes under Community Eligibility Option (CEO),true,1st Grade,12th Grade
120150003763,South Area Secondary Intensive Transition Program,Palm Beach,Boynton Beach,78,58,Yes under Community Eligibility Option (CEO),true,6th Grade,12th Grade
120018000153,South Broward High School,Broward,Hollywood,2358,882,Yes under Community Eligibility Option (CEO),true,9th Grade,12th Grade
120018008237,South Broward Montessori Charter School,Broward,Hallandale Beach,169,,Yes participating without using any Provision or the CEO,false,Kindergarten,5th Grade
120087003863,South County Career Center,Hillsborough,Ruskin,168,106,Yes under Community Eligibility Option (CEO),true,Prekindergarten,12th Grade
120144005025,South Creek Middle,Orange,Orlando,1006,333,Yes under Community Eligibility Option (CEO),true,6th Grade,8th Grade
120039005838,South Dade Middle School,Miami-Dade,Homestead,1304,807,Yes under Community Eligibility Option (CEO),true,4th Grade,8th Grade
120039000612,South Dade Senior High School,Miami-Dade,Homestead,3382,2113,Yes under Community Eligibility Option (CEO),true,9th Grade,12th Grade
120192002008,South Daytona Elementary School,Volusia,South Daytona,794,574,Yes under Community Eligibility Option (CEO),false,Prekindergarten,5th Grade
120141001359,South Elementary School,Okeechobee,Okeechobee,475,335,Yes under Community Eligibility Option (CEO),false,Prekindergarten,5th Grade
120039007553,South Florida Autism Charter School Inc,Miami-Dade,Hialeah,295,118,Yes under Community Eligibility Option (CEO),true,Kindergarten,12th Grade
120129002344,South Fork High School,Martin,Stuart,1775,845,Yes participating without using any Provision or the CEO,false,9th Grade,12th Grade
120108003952,South Fort Myers High School,Lee,Fort Myers,1693,804,Yes under Community Eligibility Option (CEO),true,9th Grade,12th Grade
120150004409,South Grade Elementary School,Palm Beach,Lake Worth,624,460,Yes under Community Eligibility Option (CEO),false,Prekindergarten,5th Grade
120039000517,South Hialeah Elementary School,Miami-Dade,Hialeah,899,654,Yes under Community Eligibility Option (CEO),false,Prekindergarten,5th Grade
120015008651,South Lake Elementary,Brevard,Titusville,469,118,Yes participating without using any Provision or the CEO,false,Kindergarten,6th Grade
120105001714,South Lake High School,Lake,Groveland,2137,632,Yes under Community Eligibility Option (CEO),true,9th Grade,12th Grade
120159005341,South McKeel Academy,Polk,Lakeland,1200,676,Yes participating without using any Provision or the CEO,false,Prekindergarten,6th Grade
120039000519,South Miami Heights Elementary,Miami-Dade,Miami,436,230,Yes under Community Eligibility Option (CEO),false,Prekindergarten,5th Grade
120039000518,South Miami K-8 Center,Miami-Dade,South Miami,508,196,Yes under Community Eligibility Option (CEO),true,Prekindergarten,8th Grade
120039000584,South Miami Middle School,Miami-Dade,South Miami,720,270,Yes under Community Eligibility Option (CEO),true,6th Grade,8th Grade
120039000613,South Miami Senior High School,Miami-Dade,Miami,1611,748,Yes under Community Eligibility Option (CEO),true,9th Grade,12th Grade
120126001274,South Ocala Elementary School,Marion,Ocala,712,488,Yes under Community Eligibility Option (CEO),false,Prekindergarten,5th Grade
120150001506,South Olive Elementary School,Palm Beach,West Palm Beach,504,229,Yes under Community Eligibility Option (CEO),false,Prekindergarten,5th Grade
120018000272,South Plantation High School,Broward,Plantation,2303,826,Yes under Community Eligibility Option (CEO),true,9th Grade,12th Grade
120159009036,South Pointe Elementary,Polk,Winter Haven,689,474,Yes under Community Eligibility Option (CEO),false,Prekindergarten,5th Grade
120039008967,South Prep Scholars Academy,Miami-Dade,Homestead,138,3,No,false,Kindergarten,5th Grade
120171001874,South Seminole Middle School,Seminole,Casselberry,842,588,Yes participating without using any Provision or the CEO,true,6th Grade,8th Grade
120180001942,South Sumter High School,Sumter,Bushnell,1077,451,Yes under Community Eligibility Option (CEO),true,7th Grade,12th Grade
120180001936,South Sumter Middle School,Sumter,Webster,890,428,Yes under Community Eligibility Option (CEO),true,6th Grade,8th Grade
120150002234,South Tech Academy,Palm Beach,Boynton Beach,1141,598,Yes under Community Eligibility Option (CEO),true,9th Grade,12th Grade
120150008242,South Tech Preparatory Academy,Palm Beach,Boynton Beach,529,333,Yes under Community Eligibility Option (CEO),true,6th Grade,8th Grade
120198003941,South Walton High School,Walton,Santa Rosa Beach,1127,230,Yes participating without using any Provision or the CEO,false,9th Grade,12th Grade
120174005724,South Woods Elementary School,St. Johns,Elkton,700,497,Yes under Community Eligibility Option (CEO),false,Prekindergarten,5th Grade
120123001236,Southeast High School,Manatee,Bradenton,1638,1075,Yes under Community Eligibility Option (CEO),true,8th Grade,12th Grade
120156002582,Southern Oak Elementary School,Pinellas,Largo,451,262,Yes under Community Eligibility Option (CEO),false,Prekindergarten,5th Grade
120177003020,Southern Oaks Middle School,St. Lucie,Port St Lucie,833,547,Yes participating without using any Provision or the CEO,true,6th Grade,8th Grade
120009000053,Southport Elementary School,Bay,Southport,531,254,Yes under Community Eligibility Option (CEO),false,Prekindergarten,5th Grade
120177002901,Southport Middle School,St. Lucie,Port St Lucie,872,557,Yes participating without using any Provision or the CEO,true,6th Grade,8th Grade
120087008520,Southshore Charter Academy,Hillsborough,Riverview,1230,176,Yes participating without using any Provision or the CEO,false,Kindergarten,8th Grade
120135001309,Southside Elementary School,Nassau,Fernandina Beach,591,274,Yes participating without using any Provision or the CEO,false,Prekindergarten,2nd Grade
120168001848,Southside Elementary School,Sarasota,Sarasota,696,154,Yes participating without using any Provision or the CEO,false,Kindergarten,5th Grade
120048000672,Southside Estates Elementary School,Duval,Jacksonville,519,303,Yes under Community Eligibility Option (CEO),false,Prekindergarten,5th Grade
120048000737,Southside Middle School,Duval,Jacksonville,805,378,Yes under Community Eligibility Option (CEO),true,6th Grade,8th Grade
120039000520,Southside Preparatory Academy,Miami-Dade,Miami,873,292,Yes under Community Eligibility Option (CEO),true,Prekindergarten,8th Grade
120138007669,Southside Primary School,Okaloosa,Crestview,260,165,Yes participating without using any Provision or the CEO,false,Prekindergarten,2nd Grade
120159001717,Southwest Elementary School,Polk,Lakeland,376,292,Yes under Community Eligibility Option (CEO),false,Prekindergarten,5th Grade
120108002334,Southwest Florida Juvenile Detention Center,Lee,Fort Myers,41,15,Yes participating without using any Provision or the CEO,false,5th Grade,12th Grade
120039000615,Southwest Miami Senior High,Miami-Dade,Miami,2599,1230,Yes under Community Eligibility Option (CEO),true,9th Grade,12th Grade
120144002858,Southwest Middle,Orange,Orlando,1290,427,Yes under Community Eligibility Option (CEO),true,6th Grade,8th Grade
120159001705,Southwest Middle School,Polk,Lakeland,746,547,Yes under Community Eligibility Option (CEO),true,6th Grade,8th Grade
120015002590,Southwest Middle School,Brevard,Palm Bay,997,537,Yes under Community Eligibility Option (CEO),true,7th Grade,8th Grade
120192002009,Southwestern Middle School,Volusia,Deland,664,408,Yes under Community Eligibility Option (CEO),true,6th Grade,8th Grade
120144003219,Southwood Elementary,Orange,Orlando,481,229,Yes under Community Eligibility Option (CEO),false,Prekindergarten,5th Grade
120039000583,Southwood Middle School,Miami-Dade,Palmetto Bay,1063,332,Yes under Community Eligibility Option (CEO),true,6th Grade,8th Grade
120015002977,Space Coast Junior/Senior High School,Brevard,Cocoa,1503,675,Yes participating without using any Provision or the CEO,true,7th Grade,12th Grade
120039007322,Spanish Lake Elementary School,Miami-Dade,Hialeah,1138,557,Yes under Community Eligibility Option (CEO),false,Prekindergarten,5th Grade
120150002383,Spanish River Community High School,Palm Beach,Boca Raton,2730,509,Yes under Community Eligibility Option (CEO),false,6th Grade,12th Grade
120126001273,Sparr Elementary School,Marion,Anthony,435,280,Yes under Community Eligibility Option (CEO),false,Prekindergarten,5th Grade
120129002655,Spectrum Academy,Martin,Stuart,169,103,Yes under Community Eligibility Option (CEO),true,6th Grade,12th Grade
120159007262,Spessard L Holland Elementary,Polk,Bartow,843,544,Yes under Community Eligibility Option (CEO),false,Prekindergarten,5th Grade
120015000133,Spessard L. Holland Elementary School,Brevard,Satellite Beach,444,117,Yes participating without using any Provision or the CEO,false,Prekindergarten,6th Grade
120192003990,Spirit Elementary School,Volusia,Deltona,691,426,Yes under Community Eligibility Option (CEO),false,Prekindergarten,5th Grade
120159001776,Spook Hill Elementary School,Polk,Lake Wales,574,479,Yes under Community Eligibility Option (CEO),false,Prekindergarten,5th Grade
120039008621,Sports Leadership and Management (Slam) Middle School - Nor,Miami-Dade,North Miami Beach,211,98,Yes under Community Eligibility Option (CEO),true,6th Grade,8th Grade
120150008562,Sports Leadership and Management (Slam) Middle School Palm,Palm Beach,West Palm Beach,324,187,Yes under Community Eligibility Option (CEO),false,6th Grade,8th Grade
120087008549,Sports Leadership and Management Academy (Tampa),Hillsborough,Tampa,580,290,Yes under Community Eligibility Option (CEO),true,6th Grade,12th Grade
120039008248,Sports Leadership and Management Charter School Middle Scho,Miami-Dade,Miami,893,501,Yes under Community Eligibility Option (CEO),true,6th Grade,8th Grade
120147008627,Sports Leadership Arts Management (Slam),Osceola,Kissimmee,170,75,Yes under Community Eligibility Option (CEO),true,6th Grade,8th Grade
120039007845,Sports Leadership Arts Management Charter High School,Miami-Dade,Miami,986,630,Yes under Community Eligibility Option (CEO),true,9th Grade,12th Grade
120039008726,Sports Leadership Arts Management Charter High School (Nort,Miami-Dade,North Miami Beach,278,102,Yes under Community Eligibility Option (CEO),false,9th Grade,12th Grade
120087004169,Spoto High School,Hillsborough,Riverview,1933,1006,Yes under Community Eligibility Option (CEO),true,9th Grade,12th Grade
120105001702,Spring Creek Charter School,Lake,Paisley,606,393,Yes under Community Eligibility Option (CEO),true,Prekindergarten,8th Grade
120108002337,Spring Creek Elementary School,Lee,Bonita Springs,664,347,Yes under Community Eligibility Option (CEO),false,Prekindergarten,5th Grade
120081002433,Spring Hill Elementary School,Hernando,Spring Hill,829,511,Yes under Community Eligibility Option (CEO),false,Prekindergarten,5th Grade
120144001419,Spring Lake Elementary,Orange,Ocoee,445,275,Yes under Community Eligibility Option (CEO),false,Prekindergarten,5th Grade
120171001885,Spring Lake Elementary School,Seminole,Altamonte Springs,505,429,Yes participating without using any Provision or the CEO,false,Prekindergarten,5th Grade
120030008973,Spring Park Elementary,Clay,Green Cove Springs,698,340,Yes participating without using any Provision or the CEO,false,Prekindergarten,6th Grade
120048000668,Spring Park Elementary School,Duval,Jacksonville,489,298,Yes under Community Eligibility Option (CEO),false,Prekindergarten,5th Grade
120048000645,Springfield Middle School,Duval,Jacksonville,850,375,Yes under Community Eligibility Option (CEO),false,6th Grade,8th Grade
120087001019,Springhead Elementary School,Hillsborough,Plant City,750,519,Yes under Community Eligibility Option (CEO),false,Prekindergarten,5th Grade
120039000521,Springview Elementary School,Miami-Dade,Miami Springs,302,118,Yes under Community Eligibility Option (CEO),false,Prekindergarten,5th Grade
120111002568,Springwood Elementary School,Leon,Tallahassee,460,305,Yes under Community Eligibility Option (CEO),false,Prekindergarten,5th Grade
120192002105,Spruce Creek Elementary School,Volusia,Port Orange,726,357,Yes under Community Eligibility Option (CEO),false,Prekindergarten,5th Grade
120192001995,Spruce Creek High School,Volusia,Port Orange,2576,876,Yes under Community Eligibility Option (CEO),true,9th Grade,12th Grade
120027003158,Srmi @ Renaissance Center,Citrus,Lecanto,82,56,Yes under Community Eligibility Option (CEO),true,4th Grade,12th Grade
120030008632,St Johns Classical Academy,Clay,Fleming Island,978,113,Yes participating without using any Provision or the CEO,false,Prekindergarten,12th Grade
120177003932,St Lucie County Jail - Rock Road Academy,St. Lucie,Ft Pierce,26,6,No,false,6th Grade,12th Grade
120009000055,St. Andrew School at Oakland Terrace,Bay,Panama City,55,41,Yes under Community Eligibility Option (CEO),false,Prekindergarten,5th Grade
120174001916,St. Augustine High School,St. Johns,St Augustine,1717,746,Yes participating without using any Provision or the CEO,true,8th Grade,12th Grade
120174008088,St. Augustine Public Montessori School,St. Johns,St Augustine,133,7,No,false,Kindergarten,6th Grade
120147001472,St. Cloud Elementary School,Osceola,St Cloud,721,333,Yes under Community Eligibility Option (CEO),false,Prekindergarten,5th Grade
120147001473,St. Cloud High School,Osceola,St Cloud,2596,1318,Yes participating without using any Provision or the CEO,true,9th Grade,12th Grade
120147001475,St. Cloud Middle School,Osceola,St Cloud,1213,535,Yes under Community Eligibility Option (CEO),true,6th Grade,8th Grade
120030010627,St. Johns Classical Academy Orange Park,Clay,Orange Park,405,89,Yes participating without using any Provision or the CEO,false,Kindergarten,12th Grade
120174007833,St. Johns Community Campus,St. Johns,St Augustine,80,3,No,false,9th Grade,12th Grade
120174003931,St. Johns County Jail (Djj),St. Johns,Hastings,1,,No,false,9th Grade,12th Grade
120174004194,St. Johns Technical High School,St. Johns,St Augustine,190,149,Yes under Community Eligibility Option (CEO),true,8th Grade,12th Grade
120174007505,St. Johns Virtual Franchise,St. Johns,St Augustine,314,,No,false,Kindergarten,12th Grade
120177002903,St. Lucie Detention Center,St. Lucie,Fort Pierce,56,10,Yes participating without using any Provision or the CEO,false,Kindergarten,12th Grade
120177001926,St. Lucie Elementary School,St. Lucie,Fort Pierce,722,556,Yes under Community Eligibility Option (CEO),false,Prekindergarten,5th Grade
120177007766,St. Lucie Virtual Instruction Program,St. Lucie,Port St Lucie,7,,No,false,Kindergarten,12th Grade
120177003503,St. Lucie West Centennial High,St. Lucie,Port St Lucie,2914,1484,Yes participating without using any Provision or the CEO,false,9th Grade,12th Grade
120177003502,St. Lucie West K-8 School,St. Lucie,Port St Lucie,1662,1021,Yes participating without using any Provision or the CEO,true,Kindergarten,8th Grade
120093003409,St. Peter's Academy,Indian River,Vero Beach,120,120,Yes under Community Eligibility Option (CEO),false,Kindergarten,6th Grade
120156004033,St. Petersburg Collegiate High School,Pinellas,St Petersburg,260,26,No,false,10th Grade,12th Grade
120156008862,St. Petersburg Collegiate High School North Pinellas,Pinellas,Tarpon Springs,223,55,No,false,10th Grade,12th Grade
120156010698,St. Petersburg Collegiate STEM High School,Pinellas,St. Peterburg,220,65,Yes participating without using any Provision or the CEO,false,9th Grade,12th Grade
120156001675,St. Petersburg High School,Pinellas,St Petersburg,1736,612,Yes under Community Eligibility Option (CEO),true,9th Grade,12th Grade
120132001303,Stanley Switlik Elementary School,Monroe,Marathon,602,401,Yes participating without using any Provision or the CEO,false,Prekindergarten,5th Grade
120048000706,Stanton College Preparatory,Duval,Jacksonville,1270,147,Yes under Community Eligibility Option (CEO),false,9th Grade,12th Grade
120126001275,Stanton-Weirsdale Elementary School,Marion,Weirsdale,588,415,Yes under Community Eligibility Option (CEO),false,Prekindergarten,5th Grade
120012000071,Starke Elementary School,Bradford,Starke,568,367,Yes under Community Eligibility Option (CEO),false,Prekindergarten,6th Grade
120156001689,Starkey Elementary School,Pinellas,Seminole,580,265,Yes under Community Eligibility Option (CEO),false,Prekindergarten,5th Grade
120153008948,Starkey Ranch K-8,Pasco,Odessa,1927,221,Yes under Community Eligibility Option (CEO),false,Prekindergarten,8th Grade
120150003009,Starlight Cove Elementary School,Palm Beach,Lantana,792,533,Yes under Community Eligibility Option (CEO),false,Prekindergarten,5th Grade
120168008787,State College of Fla Collegiate School-Venice,Sarasota,Venice,290,95,Yes participating without using any Provision or the CEO,false,9th Grade,12th Grade
120123007901,State College of Florida Collegiate School,Manatee,Bradenton,485,224,Yes participating without using any Provision or the CEO,true,6th Grade,12th Grade
120087006917,Steinbrenner High School,Hillsborough,Lutz,2396,386,Yes participating without using any Provision or the CEO,false,9th Grade,12th Grade
120186001952,Steinhatchee School,Taylor,Steinhatchee,112,71,Yes under Community Eligibility Option (CEO),false,Prekindergarten,5th Grade
120039005495,Stellar Leadership Academy,Miami-Dade,Miami,312,36,Yes under Community Eligibility Option (CEO),true,9th Grade,12th Grade
120171002636,Stenstrom Elementary School,Seminole,Oviedo,697,300,Yes participating without using any Provision or the CEO,false,Prekindergarten,5th Grade
120018000214,Stephen Foster Elementary School,Broward,Fort Lauderdale,572,304,Yes under Community Eligibility Option (CEO),false,Prekindergarten,5th Grade
120003000003,Stephen Foster Elementary School,Alachua,Gainesville,403,238,Yes under Community Eligibility Option (CEO),false,Kindergarten,5th Grade
120171001900,Sterling Park Elementary School,Seminole,Casselberry,700,382,Yes participating without using any Provision or the CEO,false,Prekindergarten,5th Grade
120087000917,Stewart Middle Magnet School,Hillsborough,Tampa,793,441,Yes under Community Eligibility Option (CEO),true,6th Grade,8th Grade
120060000858,Stewart Street Elementary School,Gadsden,Quincy,453,381,Yes under Community Eligibility Option (CEO),false,Prekindergarten,5th Grade
120192002717,Stewart Treatment Center,Volusia,Daytona Beach,18,9,No,false,Kindergarten,12th Grade
120018000196,Stirling Elementary School,Broward,Hollywood,524,277,Yes under Community Eligibility Option (CEO),false,Prekindergarten,5th Grade
120144005033,Stone Lakes Elementary,Orange,Orlando,617,175,Yes under Community Eligibility Option (CEO),false,Kindergarten,5th Grade
120015000107,Stone Magnet Middle School,Brevard,Melbourne,557,331,Yes under Community Eligibility Option (CEO),true,7th Grade,8th Grade
120144009029,Stonewyck Elementary,Orange,Orlando,660,212,Yes under Community Eligibility Option (CEO),false,Prekindergarten,5th Grade
120093007588,Storm Grove Middle School,Indian River,Vero Beach,904,469,Yes participating without using any Provision or the CEO,true,6th Grade,8th Grade
120087007252,Stowers Elementary School,Hillsborough,Lithia,867,89,Yes participating without using any Provision or the CEO,false,Prekindergarten,5th Grade
120018000157,Stranahan High School,Broward,Fort Lauderdale,1286,641,Yes under Community Eligibility Option (CEO),true,9th Grade,12th Grade
120087007001,Strawberry Crest High School,Hillsborough,Dover,2501,964,Yes under Community Eligibility Option (CEO),true,9th Grade,12th Grade
120129001281,Stuart Middle School,Martin,Stuart,777,367,Yes participating without using any Provision or the CEO,true,6th Grade,8th Grade
120168004203,Student Leadership Academy,Sarasota,Venice,328,62,Yes participating without using any Provision or the CEO,true,6th Grade,8th Grade
120141003090,Student Serv./Special Programs,Okeechobee,Okeechobee,1,,No,false,Prekindergarten,Prekindergarten
120126003431,Student Services/Ese,Marion,Ocala,7,,No,false,Kindergarten,8th Grade
120108003077,Success Academy,Lee,Fort Myers,84,52,Yes under Community Eligibility Option (CEO),true,6th Grade,12th Grade
120051002557,Success Academy,Escambia,Pensacola,236,147,Yes under Community Eligibility Option (CEO),true,6th Grade,12th Grade
120111007831,Success Academy at Ghazvini Learning Center,Leon,Tallahassee,130,92,Yes under Community Eligibility Option (CEO),true,6th Grade,12th Grade
120192002271,Sugar Mill Elementary School,Volusia,Port Orange,526,320,Yes under Community Eligibility Option (CEO),false,Prekindergarten,5th Grade
120132001301,Sugarloaf School,Monroe,Summerland Key,651,215,Yes participating without using any Provision or the CEO,false,Prekindergarten,8th Grade
120087001020,Sulphur Springs K-8 School,Hillsborough,Tampa,678,573,Yes under Community Eligibility Option (CEO),true,Prekindergarten,8th Grade
120087004875,Summerfield Crossings Elementary School,Hillsborough,Riverview,797,398,Yes under Community Eligibility Option (CEO),false,Prekindergarten,5th Grade
120087002829,Summerfield Elementary School,Hillsborough,Riverview,901,472,Yes under Community Eligibility Option (CEO),false,Prekindergarten,5th Grade
120144008686,Summerlake Elementary,Orange,Winter Garden,726,61,Yes under Community Eligibility Option (CEO),false,Kindergarten,5th Grade
120036000364,Summers Elementary School,Columbia,Lake City,492,354,Yes under Community Eligibility Option (CEO),false,Prekindergarten,5th Grade
120039004541,Summerville Advantage Academy,Miami-Dade,Homestead,420,230,Yes under Community Eligibility Option (CEO),true,Kindergarten,8th Grade
120018008753,Summit Academy Charter School,Broward,Coral Springs,388,13,Yes participating without using any Provision or the CEO,false,Kindergarten,8th Grade
120180007769,Sumter County Virtual Instruction Program,Sumter,Bushnell,6,,No,false,Kindergarten,12th Grade
120180004453,Sumter Prep Academy,Sumter,Bushnell,101,55,No,true,1st Grade,12th Grade
120180007964,Sumter Virtual Franchise,Sumter,Bushnell,17,7,No,false,Kindergarten,12th Grade
120084002504,Sun 'N Lake Elementary School,Highlands,Sebring,588,370,Yes under Community Eligibility Option (CEO),false,Prekindergarten,5th Grade
120144008170,Sun Blaze Elementary,Orange,Orlando,1150,231,Yes under Community Eligibility Option (CEO),false,Kindergarten,5th Grade
120150001484,Suncoast Community High School,Palm Beach,Riviera Beach,1522,381,Yes under Community Eligibility Option (CEO),true,9th Grade,12th Grade
120081002250,Suncoast Elementary School,Hernando,Spring Hill,967,601,Yes under Community Eligibility Option (CEO),false,Prekindergarten,5th Grade
120168007003,Suncoast Polytechnical High School,Sarasota,Sarasota,556,175,Yes participating without using any Provision or the CEO,true,9th Grade,12th Grade
120168003508,Suncoast School for Innovative Studies,Sarasota,Sarasota,96,82,Yes participating without using any Provision or the CEO,true,Kindergarten,5th Grade
120018008861,Suned High of South Broward,Broward,Ft Lauderdale,380,65,No,false,9th Grade,12th Grade
120018008386,Suned High School of North Broward,Broward,Margate,353,29,No,true,9th Grade,12th Grade
120018008087,Sunfire High School,Broward,Oakland Park,474,32,Yes under Community Eligibility Option (CEO),true,9th Grade,12th Grade
120087008460,Sunlake Academy of Math and Sciences,Hillsborough,Lutz,984,223,Yes participating without using any Provision or the CEO,false,Kindergarten,8th Grade
120153007331,Sunlake High School,Pasco,Land O Lakes,2206,347,Yes under Community Eligibility Option (CEO),false,9th Grade,12th Grade
120018000189,Sunland Park Academy,Broward,Fort Lauderdale,353,259,Yes under Community Eligibility Option (CEO),false,Prekindergarten,3rd Grade
120153004422,Sunray Elementary School,Pasco,Holiday,420,306,Yes under Community Eligibility Option (CEO),false,Prekindergarten,5th Grade
120144007743,Sunridge Elementary,Orange,Winter Garden,629,258,Yes under Community Eligibility Option (CEO),false,Prekindergarten,5th Grade
120144008196,Sunridge Middle,Orange,Winter Garden,1108,212,Yes under Community Eligibility Option (CEO),false,6th Grade,8th Grade
120144003220,Sunrise Elementary,Orange,Orlando,456,110,Yes under Community Eligibility Option (CEO),false,Prekindergarten,5th Grade
120192001208,Sunrise Elementary School,Volusia,Deltona,428,267,Yes under Community Eligibility Option (CEO),false,Prekindergarten,5th Grade
120147005656,Sunrise Elementary School,Osceola,Kissimmee,906,498,Yes under Community Eligibility Option (CEO),false,Prekindergarten,5th Grade
120126002765,Sunrise Elementary School,Marion,Ocala,1402,921,Yes under Community Eligibility Option (CEO),false,Prekindergarten,5th Grade
120015004246,Sunrise Elementary School,Brevard,Palm Bay,907,451,Yes under Community Eligibility Option (CEO),false,Prekindergarten,6th Grade
120018000161,Sunrise Middle School,Broward,Fort Lauderdale,1141,529,Yes under Community Eligibility Option (CEO),true,6th Grade,8th Grade
120150003759,Sunrise Park Elementary School,Palm Beach,Boca Raton,1132,203,Yes under Community Eligibility Option (CEO),false,Prekindergarten,5th Grade
120039000523,Sunset Elementary School,Miami-Dade,Miami,1192,79,Yes under Community Eligibility Option (CEO),false,Prekindergarten,5th Grade
120156001690,Sunset Hills Elementary School,Pinellas,Tarpon Springs,428,170,Yes under Community Eligibility Option (CEO),false,Prekindergarten,5th Grade
120018003816,Sunset Lakes Elementary School,Broward,Miramar,657,165,Yes participating without using any Provision or the CEO,false,Prekindergarten,5th Grade
120150007561,Sunset Palms Elementary School,Palm Beach,Boynton Beach,909,77,Yes under Community Eligibility Option (CEO),false,Prekindergarten,5th Grade
120144005034,Sunset Park Elementary,Orange,Windermere,699,129,Yes under Community Eligibility Option (CEO),false,Kindergarten,5th Grade
120039000524,Sunset Park Elementary School,Miami-Dade,Miami,390,150,Yes under Community Eligibility Option (CEO),false,Prekindergarten,5th Grade
120144008740,Sunshine Elementary,Orange,Orlando,1015,361,Yes under Community Eligibility Option (CEO),false,Prekindergarten,5th Grade
120018004467,Sunshine Elementary Charter School,Broward,Hollywood,222,7,Yes under Community Eligibility Option (CEO),false,Kindergarten,5th Grade
120108002472,Sunshine Elementary School,Lee,Lehigh Acres,1456,998,Yes under Community Eligibility Option (CEO),false,Prekindergarten,5th Grade
120018000227,Sunshine Elementary School,Broward,Miramar,426,248,Yes under Community Eligibility Option (CEO),false,Prekindergarten,5th Grade
120144008152,Sunshine High School-Greater Orlando Campus,Orange,Orlando,395,,No,false,7th Grade,12th Grade
120015000091,Suntree Elementary School,Brevard,Melbourne,585,136,Yes participating without using any Provision or the CEO,false,Prekindergarten,6th Grade
120015000135,Surfside Elementary School,Brevard,Satellite Beach,404,88,Yes participating without using any Provision or the CEO,false,Prekindergarten,6th Grade
120009002665,Surfside Middle School,Bay,Panama City Beach,755,258,Yes under Community Eligibility Option (CEO),true,Prekindergarten,12th Grade
120048000699,Susie E. Tolbert Elementary School,Duval,Jacksonville,245,198,Yes under Community Eligibility Option (CEO),false,3rd Grade,5th Grade
120156002528,Sutherland Elementary School,Pinellas,Palm Harbor,564,203,Yes under Community Eligibility Option (CEO),false,Prekindergarten,5th Grade
120183001946,Suwannee High School,Suwannee,Live Oak,1167,553,Yes under Community Eligibility Option (CEO),true,9th Grade,12th Grade
120183001947,Suwannee Middle School,Suwannee,Live Oak,971,570,Yes under Community Eligibility Option (CEO),true,6th Grade,8th Grade
120183008860,Suwannee Opportunity School,Suwannee,Live Oak,66,56,Yes under Community Eligibility Option (CEO),false,1st Grade,12th Grade
120183005396,Suwannee Pineview Elementary,Suwannee,Live Oak,658,462,Yes under Community Eligibility Option (CEO),false,Prekindergarten,5th Grade
120183001943,Suwannee Riverside Elementary,Suwannee,Live Oak,901,572,Yes under Community Eligibility Option (CEO),false,Prekindergarten,5th Grade
120183001945,Suwannee Springcrest Elementary,Suwannee,Live Oak,615,395,Yes under Community Eligibility Option (CEO),false,Prekindergarten,5th Grade
120183008171,Suwannee Virtual School,Suwannee,Live Oak,98,3,No,true,Kindergarten,12th Grade
120108006891,SW Fl Addiction Services-the Vince Smith Center,Lee,Ft Myers,6,,No,false,6th Grade,12th Grade
120039002468,Sweetwater Elementary School,Miami-Dade,Miami,463,257,Yes under Community Eligibility Option (CEO),false,Prekindergarten,5th Grade
120192002969,Sweetwater Elementary School,Volusia,Port Orange,617,197,Yes under Community Eligibility Option (CEO),false,Prekindergarten,5th Grade
120111003000,Swift Creek Middle School,Leon,Tallahassee,793,227,Yes participating without using any Provision or the CEO,false,6th Grade,8th Grade
120030004190,Swimming Pen Creek Elementary School,Clay,Middleburg,496,286,Yes participating without using any Provision or the CEO,false,Prekindergarten,6th Grade
120174002898,Switzerland Point Middle School,St. Johns,Saint Johns,1282,91,No,false,6th Grade,8th Grade
120039000525,Sylvania Heights Elementary School,Miami-Dade,Miami,551,305,Yes under Community Eligibility Option (CEO),false,Prekindergarten,5th Grade
120087003715,Symmes Elementary School,Hillsborough,Riverview,410,189,Yes under Community Eligibility Option (CEO),false,Prekindergarten,5th Grade
120192002011,T. Dewitt Taylor Middle-High School,Volusia,Pierson,1044,631,Yes under Community Eligibility Option (CEO),true,6th Grade,12th Grade
120165001822,T. R. Jackson Prek Center,Santa Rosa,Milton,184,177,Yes participating without using any Provision or the CEO,false,Prekindergarten,Prekindergarten
120111008746,Tallahassee Classical School,Leon,Tallahassee,345,159,Yes participating without using any Provision or the CEO,false,Prekindergarten,12th Grade
120201910838,Tallahassee Collegiate Academy,Tsc,Tallahassee,273,12,No,false,9th Grade,12th Grade
120111008482,Tallahassee School of Math & Sciences,Leon,Tallahassee,621,316,Yes under Community Eligibility Option (CEO),true,Kindergarten,8th Grade
120018000280,Tamarac Elementary School,Broward,Tamarac,553,307,Yes under Community Eligibility Option (CEO),false,Prekindergarten,5th Grade
120087001022,Tampa Bay Boulevard Elementary School,Hillsborough,Tampa,591,440,Yes under Community Eligibility Option (CEO),false,Prekindergarten,5th Grade
120087002325,Tampa Bay Tech High School,Hillsborough,Tampa,2181,1101,Yes under Community Eligibility Option (CEO),true,9th Grade,12th Grade
120087000971,Tampa Heights Elementary Magnet,Hillsborough,Tampa,234,171,Yes under Community Eligibility Option (CEO),false,Kindergarten,5th Grade
120087002710,Tampa Palms Elementary School,Hillsborough,Tampa,682,260,Yes under Community Eligibility Option (CEO),false,Prekindergarten,5th Grade
120144001416,Tangelo Park Elementary,Orange,Orlando,491,338,Yes under Community Eligibility Option (CEO),false,Prekindergarten,5th Grade
120108001153,Tanglewood Elementary School,Lee,Fort Myers,687,275,Yes under Community Eligibility Option (CEO),false,Prekindergarten,5th Grade
120171002964,Tapp Childcare Center,Seminole,Sanford,1,,No,false,Prekindergarten,Prekindergarten
120123000822,Tara Elementary School,Manatee,Bradenton,582,301,Yes participating without using any Provision or the CEO,false,Prekindergarten,5th Grade
120156001691,Tarpon Springs Elementary School,Pinellas,Tarpon Springs,417,312,Yes under Community Eligibility Option (CEO),false,Prekindergarten,5th Grade
120156001697,Tarpon Springs Fundamental Ele,Pinellas,Tarpon Springs,267,79,Yes participating without using any Provision or the CEO,false,Kindergarten,5th Grade
120156001693,Tarpon Springs High School,Pinellas,Tarpon Springs,1111,426,Yes under Community Eligibility Option (CEO),true,9th Grade,12th Grade
120156002400,Tarpon Springs Middle School,Pinellas,Tarpon Springs,649,299,Yes under Community Eligibility Option (CEO),true,6th Grade,8th Grade
120168005734,Tatum Ridge Elementary School,Sarasota,Sarasota,864,219,Yes participating without using any Provision or the CEO,false,Prekindergarten,5th Grade
120105001120,Tavares Elementary School,Lake,Tavares,870,508,Yes under Community Eligibility Option (CEO),false,Prekindergarten,5th Grade
120105001102,Tavares High School,Lake,Tavares,1458,534,Yes under Community Eligibility Option (CEO),true,9th Grade,12th Grade
120105001103,Tavares Middle School,Lake,Tavares,933,448,Yes under Community Eligibility Option (CEO),true,6th Grade,8th Grade
120186001951,Taylor County Elementary School,Taylor,Perry,545,366,Yes under Community Eligibility Option (CEO),false,3rd Grade,5th Grade
120186002002,Taylor County High School,Taylor,Perry,639,337,Yes under Community Eligibility Option (CEO),true,9th Grade,12th Grade
120186001949,Taylor County Middle School,Taylor,Perry,503,337,Yes under Community Eligibility Option (CEO),true,6th Grade,8th Grade
120186003274,Taylor County Pre-K,Taylor,Perry,148,102,Yes under Community Eligibility Option (CEO),false,Prekindergarten,Prekindergarten
120186001955,Taylor County Primary School,Taylor,Perry,574,425,Yes under Community Eligibility Option (CEO),false,Kindergarten,2nd Grade
120186007995,Taylor Paec Virtual Franchise,Taylor,Perry,3,,No,false,Kindergarten,12th Grade
120168002792,Taylor Ranch Elementary School,Sarasota,Venice,844,275,Yes participating without using any Provision or the CEO,false,Prekindergarten,5th Grade
120171001889,Teague Middle School,Seminole,Altamonte Springs,1120,626,Yes participating without using any Provision or the CEO,true,6th Grade,8th Grade
120123003200,Team Success a School of Excellence,Manatee,Bradenton,1441,827,Yes under Community Eligibility Option (CEO),true,Kindergarten,12th Grade
120018000185,Tedder Elementary School,Broward,Pompano Beach,597,325,Yes under Community Eligibility Option (CEO),false,Prekindergarten,5th Grade
120162008673,Teen Parent PK Child Care Program,Putnam,Palatka,2,,No,false,Prekindergarten,Prekindergarten
120150003649,Teen Parent Program - PK,Palm Beach,Riviera Beach,25,,No,false,Prekindergarten,Kindergarten
120039002811,Teenage Parent Program,Miami-Dade,Miami,51,,No,false,Prekindergarten,Prekindergarten
120087001023,Temple Terrace Elementary School,Hillsborough,Temple Terrace,639,469,Yes under Community Eligibility Option (CEO),false,Prekindergarten,5th Grade
120159007310,Tenoroc High School,Polk,Lakeland,1141,829,Yes under Community Eligibility Option (CEO),true,9th Grade,12th Grade
120018002722,Tequesta Trace Middle School,Broward,Weston,1308,229,Yes participating without using any Provision or the CEO,false,6th Grade,8th Grade
120039007634,Terra Environmental Research Institute,Miami-Dade,Miami,1644,398,Yes under Community Eligibility Option (CEO),true,9th Grade,12th Grade
120087003404,Terrace Community Middle School,Hillsborough,Tampa,660,15,No,false,6th Grade,8th Grade
120048000681,Terry Parker High School,Duval,Jacksonville,1539,851,Yes under Community Eligibility Option (CEO),true,9th Grade,12th Grade
120147001471,Thacker Avenue Elementary for International Studies,Osceola,Kissimmee,661,430,Yes under Community Eligibility Option (CEO),false,Prekindergarten,5th Grade
120024008540,The Academy,Charlotte,Port Charlotte,298,173,Yes under Community Eligibility Option (CEO),true,6th Grade,12th Grade
120105010673,The Academy at Lake Hills School- South,Lake,Mascotte,32,15,Yes under Community Eligibility Option (CEO),false,6th Grade,12th Grade
120084003853,The Academy at Youth Care Lane,Highlands,Sebring,57,42,Yes under Community Eligibility Option (CEO),true,5th Grade,12th Grade
120108001123,The Alva School,Lee,Alva,1203,456,Yes under Community Eligibility Option (CEO),true,Prekindergarten,8th Grade
120048008523,The Bridge to Success Academy at W Jacksonville,Duval,Jacksonville,220,151,Yes under Community Eligibility Option (CEO),true,9th Grade,12th Grade
120048010750,The Bridge to Success Academy Middle School,Duval,Jacksonville,388,310,Yes under Community Eligibility Option (CEO),false,4th Grade,8th Grade
120039005476,The Charter School at Waterstone,Miami-Dade,Homestead,974,509,Yes under Community Eligibility Option (CEO),true,Kindergarten,8th Grade
120162004139,The Children's Reading Center,Putnam,Palatka,275,104,Yes under Community Eligibility Option (CEO),false,Kindergarten,6th Grade
120192003939,The Chiles Academy,Volusia,Daytona Beach,90,78,Yes under Community Eligibility Option (CEO),true,6th Grade,12th Grade
120087008584,The Collaboratory Preparatory Academy,Hillsborough,Tampa,61,8,No,true,Kindergarten,5th Grade
120132010788,The College of the Florida Keys Academy,Monroe,Key West,62,7,Yes participating without using any Provision or the CEO,false,9th Grade,12th Grade
120202010841,The Collegiate School at Fsu Pc,Fsu Bay,Panama City,178,22,No,false,9th Grade,12th Grade
120150001482,The Conservatory School at North Palm Beach,Palm Beach,North Palm Beach,896,437,Yes under Community Eligibility Option (CEO),true,Prekindergarten,8th Grade
120003003532,The Einstein School Inc.,Alachua,Gainesville,97,46,Yes under Community Eligibility Option (CEO),true,2nd Grade,8th Grade
120174004443,The Evelyn Hamblen Center,St. Johns,St Augustine,48,28,Yes under Community Eligibility Option (CEO),true,Kindergarten,12th Grade
120168004201,The Florida Center for Child and Family Development,Sarasota,Sarasota,15,,No,false,Prekindergarten,Prekindergarten
120129004043,The Hope Charter Center for Autism,Martin,Stuart,97,59,Yes participating without using any Provision or the CEO,false,Prekindergarten,8th Grade
120108003725,The Island School,Lee,Boca Grande,64,,No,false,Kindergarten,5th Grade
120150007666,The Learning Academy at the Els Center of Excellence,Palm Beach,Jupiter,161,,No,false,Prekindergarten,12th Grade
120150003643,The Learning Center,Palm Beach,Royal Palm Beach,164,,No,false,Prekindergarten,8th Grade
120150010882,The Learning Center High School,Palm Beach,Palm Beach,11,3,No,false,9th Grade,12th Grade
120003003144,The One Room School House Project,Alachua,Gainesville,176,125,Yes under Community Eligibility Option (CEO),false,Kindergarten,5th Grade
120033003338,The Pace Program,Collier,Immokalee,54,38,No,true,6th Grade,12th Grade
120201304147,The Pembroke Pines Florida,Fsu Lab Sch,Pembroke Pines,710,257,Yes participating without using any Provision or the CEO,false,Kindergarten,5th Grade
120033003160,The Phoenix Program Naples,Collier,Naples,129,64,Yes under Community Eligibility Option (CEO),true,4th Grade,12th Grade
120033003957,The Phoenix Program-Immokalee,Collier,Immokalee,97,70,Yes under Community Eligibility Option (CEO),true,4th Grade,12th Grade
120123007528,The Port Academy,Manatee,Palmetto,21,,No,true,9th Grade,12th Grade
120018000221,The Quest Center,Broward,Hollywood,109,40,Yes under Community Eligibility Option (CEO),true,Prekindergarten,12th Grade
120192003515,The Reading Edge Academy,Volusia,Debary,328,29,Yes under Community Eligibility Option (CEO),false,Kindergarten,5th Grade
120108001143,The Sanibel School,Lee,Sanibel,225,33,Yes under Community Eligibility Option (CEO),false,Prekindergarten,8th Grade
120111008449,The School of Arts & Sciences Centre,Leon,Tallahassee,448,97,No,false,Kindergarten,8th Grade
120111003599,The School of Arts and Sciences on Thomasville,Leon,Tallahassee,461,45,No,false,Kindergarten,8th Grade
120039008345,The Seed School of Miami,Miami-Dade,Miami,232,171,Yes under Community Eligibility Option (CEO),true,6th Grade,12th Grade
120087003383,The Spring,Hillsborough,Seffner,10,3,No,false,Prekindergarten,12th Grade
120105003593,The Villages Elementary of Lady Lake School,Lake,Lady Lake,740,418,Yes under Community Eligibility Option (CEO),false,Prekindergarten,5th Grade
120039000436,Thena Crowder Early Childhood Diagnostic Special Education,Miami-Dade,Miami,69,51,Yes under Community Eligibility Option (CEO),false,Prekindergarten,Kindergarten
120039004070,Theodore R. and Thelma A. Gibson Charter School,Miami-Dade,Miami,168,158,Yes participating without using any Provision or the CEO,false,Kindergarten,5th Grade
120015000128,Theodore Roosevelt Elementary School,Brevard,Cocoa Beach,275,96,Yes participating without using any Provision or the CEO,false,Prekindergarten,6th Grade
120174003792,Therapeutic Learning Center,St. Johns,St Augustine,19,,No,false,Prekindergarten,Prekindergarten
120153002881,Thomas E. Weightman Middle School,Pasco,Wesley Chapel,1270,349,Yes under Community Eligibility Option (CEO),true,6th Grade,8th Grade
120039000557,Thomas Jefferson Biscayne Gardens K-8 Academy,Miami-Dade,Miami,787,530,Yes under Community Eligibility Option (CEO),true,Prekindergarten,8th Grade
120048000654,Thomas Jefferson Elementary,Duval,Jacksonville,468,217,Yes under Community Eligibility Option (CEO),false,Kindergarten,5th Grade
120015000125,Thomas Jefferson Middle School,Brevard,Merritt Island,481,226,Yes participating without using any Provision or the CEO,true,7th Grade,8th Grade
120165003504,Thomas L Sims Middle School,Santa Rosa,Pace,823,330,Yes participating without using any Provision or the CEO,false,6th Grade,8th Grade
120087008286,Thompson Elementary,Hillsborough,Ruskin,789,512,Yes under Community Eligibility Option (CEO),false,Prekindergarten,5th Grade
120087001025,Thonotosassa Elementary School,Hillsborough,Thonotosassa,405,311,Yes under Community Eligibility Option (CEO),false,Prekindergarten,5th Grade
120144003887,Thornebrooke Elementary,Orange,Ocoee,561,166,Yes under Community Eligibility Option (CEO),false,Prekindergarten,5th Grade
120108002613,Three Oaks Elementary School,Lee,Fort Myers,941,235,Yes under Community Eligibility Option (CEO),false,Prekindergarten,5th Grade
120108001798,Three Oaks Middle School,Lee,Fort Myers,1091,283,Yes under Community Eligibility Option (CEO),false,6th Grade,8th Grade
120144003742,Three Points Elementary,Orange,Orlando,447,309,Yes under Community Eligibility Option (CEO),false,Prekindergarten,5th Grade
120030004328,Thunderbolt Elementary School,Clay,Fleming Island,756,305,Yes participating without using any Provision or the CEO,false,Prekindergarten,6th Grade
120018002980,Thurgood Marshall Elementary School,Broward,Fort Lauderdale,288,187,Yes under Community Eligibility Option (CEO),false,Prekindergarten,5th Grade
120156004135,Thurgood Marshall Fundamental,Pinellas,St Petersburg,751,310,Yes under Community Eligibility Option (CEO),true,6th Grade,8th Grade
120108001144,Tice Elementary School,Lee,Fort Myers,516,298,Yes under Community Eligibility Option (CEO),false,Prekindergarten,5th Grade
120048007273,Tiger Academy,Duval,Jacksonville,198,198,Yes under Community Eligibility Option (CEO),false,Kindergarten,5th Grade
120144001381,Tildenville Elementary,Orange,Winter Garden,738,214,Yes under Community Eligibility Option (CEO),false,Prekindergarten,5th Grade
120144003745,Timber Creek High,Orange,Orlando,3383,642,Yes under Community Eligibility Option (CEO),false,9th Grade,12th Grade
120144007434,Timber Lakes Elementary,Orange,Orlando,610,153,Yes under Community Eligibility Option (CEO),false,Kindergarten,5th Grade
120144008605,Timber Springs Middle,Orange,Orlando,1067,293,Yes under Community Eligibility Option (CEO),true,6th Grade,8th Grade
120150002871,Timber Trace Elementary School,Palm Beach,Palm Beach Gardens,819,211,Yes under Community Eligibility Option (CEO),false,Prekindergarten,5th Grade
120192002796,Timbercrest Elementary School,Volusia,Deltona,730,386,Yes under Community Eligibility Option (CEO),false,Prekindergarten,5th Grade
120174005723,Timberlin Creek Elementary School,St. Johns,St Augustine,634,92,Yes participating without using any Provision or the CEO,false,Prekindergarten,5th Grade
120048000693,Timucuan Elementary School,Duval,Jacksonville,512,328,Yes under Community Eligibility Option (CEO),false,Prekindergarten,5th Grade
120087001026,Tinker K-8 School,Hillsborough,Tampa,560,151,Yes participating without using any Provision or the CEO,false,Prekindergarten,8th Grade
120039002127,Title I Migrant Education Program,Miami-Dade,Homestead,29,26,Yes participating without using any Provision or the CEO,true,Prekindergarten,12th Grade
120015000078,Titusville High School,Brevard,Titusville,1275,617,Yes participating without using any Provision or the CEO,true,9th Grade,12th Grade
120174008956,Tocoi Creek High School,St. Johns,Saint Augustine,2616,402,No,false,8th Grade,12th Grade
120147008622,Tohopekaliga High School,Osceola,Kissimmee,2929,1555,Yes participating without using any Provision or the CEO,false,9th Grade,12th Grade
120168001175,Toledo Blade Elementary School,Sarasota,North Port,841,455,Yes participating without using any Provision or the CEO,false,Prekindergarten,5th Grade
120087001001,Tomlin Middle School,Hillsborough,Plant City,1340,723,Yes under Community Eligibility Option (CEO),true,6th Grade,8th Grade
120033000341,Tommie Barfield Elementary School,Collier,Marco Island,474,171,Yes participating without using any Provision or the CEO,false,Prekindergarten,5th Grade
120009000059,Tommy Smith Elementary School,Bay,Panama City,677,307,Yes under Community Eligibility Option (CEO),false,Prekindergarten,5th Grade
120192001962,Tomoka Elementary School,Volusia,Ormond Beach,652,298,Yes under Community Eligibility Option (CEO),false,Prekindergarten,5th Grade
120108008105,Tortuga Preserve Elementary School,Lee,Lehigh Acres,1172,674,Yes under Community Eligibility Option (CEO),false,Prekindergarten,5th Grade
120039002704,Toussaint L'Ouverture Elementary,Miami-Dade,Miami,382,251,Yes under Community Eligibility Option (CEO),false,Prekindergarten,5th Grade
120087001027,Town & Country Elementary School,Hillsborough,Tampa,379,295,Yes under Community Eligibility Option (CEO),false,Prekindergarten,5th Grade
120018003031,Tradewinds Elementary School,Broward,Coconut Creek,919,312,Yes under Community Eligibility Option (CEO),false,Prekindergarten,5th Grade
120150004021,Tradewinds Middle School,Palm Beach,Greenacres,816,495,Yes under Community Eligibility Option (CEO),true,6th Grade,8th Grade
120177008957,Tradition Preparatory High School,St. Lucie,Fort Lauderdale,956,349,Yes participating without using any Provision or the CEO,false,9th Grade,12th Grade
120108004108,Trafalgar Elementary School,Lee,Cape Coral,910,362,Yes under Community Eligibility Option (CEO),false,Prekindergarten,5th Grade
120108002683,Trafalgar Middle School,Lee,Cape Coral,962,329,Yes under Community Eligibility Option (CEO),false,6th Grade,8th Grade
120159007835,Transition School,Polk,Bartow,50,26,No,false,12th Grade,12th Grade
120087001029,Trapnell Elementary School,Hillsborough,Plant City,421,309,Yes under Community Eligibility Option (CEO),false,Prekindergarten,5th Grade
120105001106,Treadway Elementary School,Lake,Leesburg,836,478,Yes under Community Eligibility Option (CEO),false,Prekindergarten,5th Grade
120129008739,Treasure Coast Classical Academy,Martin,Stuart,1082,86,Yes participating without using any Provision or the CEO,false,Kindergarten,12th Grade
120093004903,Treasure Coast Elementary School,Indian River,Sebastian,679,346,Yes participating without using any Provision or the CEO,false,Kindergarten,5th Grade
120177004148,Treasure Coast High School,St. Lucie,Port St Lucie,3124,1656,Yes participating without using any Provision or the CEO,false,9th Grade,12th Grade
120039000526,Treasure Island Elementary School,Miami-Dade,North Bay Village,412,209,Yes under Community Eligibility Option (CEO),false,Prekindergarten,5th Grade
120132003619,Treasure Village Montessori Charter School,Monroe,Islamorada,179,54,Yes participating without using any Provision or the CEO,false,Prekindergarten,8th Grade
120108007321,Treeline Elementary School,Lee,Fort Myers,1057,460,Yes under Community Eligibility Option (CEO),false,Prekindergarten,5th Grade
120063002748,Trenton Elementary School,Gilchrist,Trenton,779,405,Yes under Community Eligibility Option (CEO),false,Prekindergarten,5th Grade
120063000862,Trenton High School,Gilchrist,Trenton,701,282,Yes under Community Eligibility Option (CEO),true,6th Grade,12th Grade
120168003123,Triad,Sarasota,Sarasota,77,57,Yes participating without using any Provision or the CEO,true,6th Grade,12th Grade
120105001116,Triangle Elementary School,Lake,Mount Dora,695,381,Yes under Community Eligibility Option (CEO),false,Prekindergarten,5th Grade
120153003911,Trinity Elementary School,Pasco,New Port Richey,540,135,Yes under Community Eligibility Option (CEO),false,Prekindergarten,5th Grade
120153006755,Trinity Oaks Elementary School,Pasco,Trinity,639,172,Yes under Community Eligibility Option (CEO),false,Prekindergarten,5th Grade
120087004167,Trinity School for Children,Hillsborough,Tampa,910,15,No,false,Kindergarten,8th Grade
120108001145,Tropic Isles Elementary School,Lee,North Fort Myers,804,536,Yes under Community Eligibility Option (CEO),false,Prekindergarten,5th Grade
120015000121,Tropical Elementary School,Brevard,Merritt Island,569,263,Yes participating without using any Provision or the CEO,false,Prekindergarten,6th Grade
120039000527,Tropical Elementary School,Miami-Dade,Miami,367,165,Yes under Community Eligibility Option (CEO),false,Prekindergarten,5th Grade
120018000200,Tropical Elementary School,Broward,Plantation,791,252,Yes under Community Eligibility Option (CEO),false,Prekindergarten,5th Grade
120174010704,Trout Creek Academy,St. Johns,St. Augustine,1156,137,Yes participating without using any Provision or the CEO,false,Kindergarten,8th Grade
120039008409,True North Classical Academy,Miami-Dade,Miami,1450,206,Yes participating without using any Provision or the CEO,true,Kindergarten,12th Grade
120039008723,True North Classical Academy at Gateway,Miami-Dade,Miami,333,39,Yes participating without using any Provision or the CEO,false,Kindergarten,8th Grade
120039008710,True North Classical Academy at Pinecrest,Miami-Dade,Pinecrest,278,31,Yes participating without using any Provision or the CEO,false,Kindergarten,8th Grade
120192002007,Turie T. Small Elementary School,Volusia,Daytona Beach,597,543,Yes under Community Eligibility Option (CEO),false,Prekindergarten,5th Grade
120087001030,Turkey Creek Middle School,Hillsborough,Plant City,1000,667,Yes under Community Eligibility Option (CEO),true,6th Grade,8th Grade
120087004168,Turner-Bartels K-8 School,Hillsborough,Tampa,1317,448,Yes under Community Eligibility Option (CEO),true,Prekindergarten,8th Grade
120039007278,Turner/Guilford/Knight,Miami-Dade,Miami,22,,No,false,7th Grade,12th Grade
120099004104,Turning Point,Jefferson,Monticello,32,24,Yes under Community Eligibility Option (CEO),false,6th Grade,12th Grade
120150007154,Turning Points Academy,Palm Beach,West Palm Beach,97,69,Yes under Community Eligibility Option (CEO),true,6th Grade,12th Grade
120171001894,Tuskawilla Middle School,Seminole,Oviedo,1060,529,Yes participating without using any Provision or the CEO,true,6th Grade,8th Grade
120168001849,Tuttle Elementary School,Sarasota,Sarasota,698,554,Yes participating without using any Provision or the CEO,false,Prekindergarten,5th Grade
120048003360,Twin Lakes Academy Elementary School,Duval,Jacksonville,809,358,Yes under Community Eligibility Option (CEO),false,Prekindergarten,5th Grade
120048003361,Twin Lakes Academy Middle School,Duval,Jacksonville,914,400,Yes under Community Eligibility Option (CEO),true,6th Grade,8th Grade
120039000529,Twin Lakes Elementary School,Miami-Dade,Hialeah,325,192,Yes under Community Eligibility Option (CEO),false,Prekindergarten,5th Grade
120087001031,Twin Lakes Elementary School,Hillsborough,Tampa,535,394,Yes under Community Eligibility Option (CEO),false,Prekindergarten,5th Grade
120009000068,Tyndall Academy,Bay,Tyndall Afb,883,327,Yes participating without using any Provision or the CEO,false,Prekindergarten,8th Grade
120030002092,Tynes Elementary School,Clay,Middleburg,1047,572,Yes participating without using any Provision or the CEO,false,Prekindergarten,6th Grade
120156001696,Tyrone Middle School,Pinellas,St Petersburg,799,461,Yes under Community Eligibility Option (CEO),true,6th Grade,8th Grade
120150001495,U. B. Kinsey/Palmview Elementary,Palm Beach,West Palm Beach,496,371,Yes under Community Eligibility Option (CEO),false,Prekindergarten,5th Grade
120144008941,Ucp Bailes Community Academy,Orange,Orlando,469,179,No,false,Kindergarten,8th Grade
120144003741,Ucp Downtown Charter,Orange,Orlando,188,,Yes under Community Eligibility Option (CEO),false,Prekindergarten,5th Grade
120018003316,Ucp Early Beginnings,Broward,Ft Lauderdale,5,,No,false,Prekindergarten,Prekindergarten
120144007459,Ucp East Charter,Orange,Orlando,120,8,Yes under Community Eligibility Option (CEO),false,Prekindergarten,Prekindergarten
120147003752,Ucp Osceola Charter School,Osceola,Orlando,206,133,Yes under Community Eligibility Option (CEO),false,Prekindergarten,5th Grade
120144004114,Ucp Pine Hills Charter,Orange,Orlando,204,9,Yes under Community Eligibility Option (CEO),false,Prekindergarten,5th Grade
120171003802,Ucp Seminole Child Development,Seminole,Lake Mary,144,66,Yes under Community Eligibility Option (CEO),false,Prekindergarten,2nd Grade
120144007944,Ucp Transitional Learning Academy Charter,Orange,Orlando,162,62,Yes under Community Eligibility Option (CEO),false,6th Grade,12th Grade
120144008474,Ucp West Orange Charter,Orange,Orlando,312,137,Yes under Community Eligibility Option (CEO),false,Prekindergarten,5th Grade
120105004365,Umatilla Elementary School,Lake,Umatilla,689,329,Yes under Community Eligibility Option (CEO),false,Prekindergarten,5th Grade
120105001105,Umatilla High School,Lake,Umatilla,922,366,Yes under Community Eligibility Option (CEO),true,9th Grade,12th Grade
120105001121,Umatilla Middle School,Lake,Umatilla,633,282,Yes under Community Eligibility Option (CEO),true,6th Grade,8th Grade
120159002457,Union Academy,Polk,Bartow,382,187,Yes under Community Eligibility Option (CEO),false,6th Grade,8th Grade
120189001956,Union County High School,Union,Lake Butler,606,235,Yes under Community Eligibility Option (CEO),true,9th Grade,12th Grade
120153008598,Union Park Charter Academy,Pasco,Wesley Chapel,803,198,Yes participating without using any Provision or the CEO,false,Kindergarten,8th Grade
120144001386,Union Park Elementary,Orange,Orlando,447,284,Yes under Community Eligibility Option (CEO),false,Prekindergarten,5th Grade
120144001426,Union Park Middle,Orange,Orlando,660,451,Yes under Community Eligibility Option (CEO),true,6th Grade,8th Grade
120144007612,Universal Education Center,Orange,Orlando,24,3,No,false,10th Grade,12th Grade
120009008103,University Academy Sabl Inc,Bay,Panama City,711,109,No,false,Kindergarten,8th Grade
120144002779,University High,Orange,Orlando,2514,955,Yes under Community Eligibility Option (CEO),true,9th Grade,12th Grade
120192007281,University High School,Volusia,Orange City,2855,1241,Yes under Community Eligibility Option (CEO),true,9th Grade,12th Grade
120015000106,University Park Elementary School,Brevard,Melbourne,529,404,Yes under Community Eligibility Option (CEO),false,Prekindergarten,6th Grade
120150008499,University Preparatory Academy Palm Beach,Palm Beach,West Palm Beach,246,201,Yes under Community Eligibility Option (CEO),true,Kindergarten,8th Grade
120132008731,Upper Keys Academic Connections for Excellence,Monroe,Tavernier,6,,No,false,6th Grade,12th Grade
120174008280,Valley Ridge Academy,St. Johns,Ponte Vedra,1178,203,Yes participating without using any Provision or the CEO,false,Prekindergarten,8th Grade
120159002894,Valleyview Elementary School,Polk,Lakeland,783,324,Yes under Community Eligibility Option (CEO),false,Prekindergarten,5th Grade
120087003072,Valrico Elementary School,Hillsborough,Valrico,733,338,Yes under Community Eligibility Option (CEO),false,Prekindergarten,5th Grade
120087007502,Valrico Lake Advantage Academy,Hillsborough,Riverview,916,99,Yes participating without using any Provision or the CEO,false,Kindergarten,5th Grade
120039000378,Van E. Blanton Elementary School,Miami-Dade,Miami,374,259,Yes under Community Eligibility Option (CEO),false,Prekindergarten,5th Grade
120198002023,Van R. Butler Elementary School,Walton,Santa Rosa Beach,914,253,Yes participating without using any Provision or the CEO,false,Kindergarten,5th Grade
120126001277,Vanguard High School,Marion,Ocala,1684,881,Yes under Community Eligibility Option (CEO),true,9th Grade,12th Grade
120108003967,Varsity Lakes Middle School,Lee,Lehigh Acres,1009,540,Yes under Community Eligibility Option (CEO),true,6th Grade,8th Grade
120048000664,Venetia Elementary School,Duval,Jacksonville,372,158,Yes under Community Eligibility Option (CEO),false,Kindergarten,5th Grade
120168001850,Venice Elementary School,Sarasota,Venice,616,231,Yes participating without using any Provision or the CEO,false,Prekindergarten,5th Grade
120168002462,Venice Middle School,Sarasota,Venice,732,289,Yes participating without using any Provision or the CEO,false,6th Grade,8th Grade
120168001851,Venice Senior High School,Sarasota,Venice,2579,695,Yes participating without using any Provision or the CEO,false,9th Grade,12th Grade
120144002574,Ventura Elementary,Orange,Orlando,577,355,Yes under Community Eligibility Option (CEO),false,Prekindergarten,5th Grade
120147002675,Ventura Elementary School,Osceola,Kissimmee,750,450,Yes under Community Eligibility Option (CEO),false,Prekindergarten,5th Grade
120150002386,Verde K-8,Palm Beach,Boca Raton,1360,309,Yes under Community Eligibility Option (CEO),true,Prekindergarten,8th Grade
120201002033,Vernon Elementary School,Washington,Vernon,621,407,Yes under Community Eligibility Option (CEO),false,Prekindergarten,5th Grade
120201002029,Vernon High School,Washington,Vernon,326,172,Yes under Community Eligibility Option (CEO),false,9th Grade,12th Grade
120201002587,Vernon Middle School,Washington,Vernon,259,154,Yes under Community Eligibility Option (CEO),true,6th Grade,8th Grade
120093001063,Vero Beach Elementary School,Indian River,Vero Beach,593,405,Yes participating without using any Provision or the CEO,false,Prekindergarten,5th Grade
120093001052,Vero Beach High School,Indian River,Vero Beach,2645,1389,Yes participating without using any Provision or the CEO,true,9th Grade,12th Grade
120153007385,Veterans Elementary School,Pasco,Wesley Chapel,638,172,Yes under Community Eligibility Option (CEO),false,Prekindergarten,5th Grade
120033004490,Veterans Memorial Elementary School,Collier,Naples,721,211,Yes participating without using any Provision or the CEO,false,Prekindergarten,5th Grade
120108003950,Veterans Park Academy for the Arts,Lee,Lehigh Acres,1937,1164,Yes under Community Eligibility Option (CEO),true,Prekindergarten,8th Grade
120147008236,Victory Charter School,Osceola,Kissimmee,750,455,Yes participating without using any Provision or the CEO,true,6th Grade,12th Grade
120147008886,Victory Charter School K-5,Osceola,Kissimmee,344,221,Yes participating without using any Provision or the CEO,false,Kindergarten,5th Grade
120087008563,Victory Charter School Tampa,Hillsborough,Tampa,170,17,Yes participating without using any Provision or the CEO,true,Kindergarten,5th Grade
120087010671,Victory Charter School Tampa 6-12,Hillsborough,Tampa,145,17,Yes participating without using any Provision or the CEO,false,6th Grade,12th Grade
120159005350,Victory Ridge Academy,Polk,Lake Wales,321,210,Yes under Community Eligibility Option (CEO),true,Prekindergarten,12th Grade
120015008240,Viera Charter School,Brevard,Viera,1532,367,Yes participating without using any Provision or the CEO,false,Kindergarten,8th Grade
120015008800,Viera Elementary School,Brevard,Viera,885,75,Yes participating without using any Provision or the CEO,false,Prekindergarten,6th Grade
120015004244,Viera High School,Brevard,Viera,2334,345,Yes participating without using any Provision or the CEO,false,9th Grade,12th Grade
120015010624,Viera Middle School,Brevard,Viera,741,154,Yes participating without using any Provision or the CEO,false,7th Grade,8th Grade
120144004000,Village,Orange,Orlando,6,,No,false,4th Grade,12th Grade
120150004414,Village Academy on the Art & Sara Jo Kobacker Campus,Palm Beach,Delray Beach,648,537,Yes under Community Eligibility Option (CEO),true,Prekindergarten,12th Grade
120018000244,Village Elementary School,Broward,Sunrise,654,412,Yes under Community Eligibility Option (CEO),false,Prekindergarten,5th Grade
120039000530,Village Green Elementary School,Miami-Dade,Miami,264,131,Yes under Community Eligibility Option (CEO),false,Prekindergarten,5th Grade
120177002537,Village Green Environmental Studies School,St. Lucie,Port St Lucie,586,431,Yes participating without using any Provision or the CEO,false,Prekindergarten,5th Grade
120033002551,Village Oaks Elementary School,Collier,Immokalee,511,405,Yes under Community Eligibility Option (CEO),false,Prekindergarten,5th Grade
120144009028,Village Park Elementary,Orange,Orlando,597,132,Yes under Community Eligibility Option (CEO),false,Kindergarten,5th Grade
120180004452,Villages Charter School,Sumter,The Villages,4062,974,Yes under Community Eligibility Option (CEO),true,Prekindergarten,12th Grade
120108001146,Villas Elementary School,Lee,Fort Myers,784,458,Yes under Community Eligibility Option (CEO),false,Prekindergarten,5th Grade
120024002548,Vineland Elementary School,Charlotte,Rotonda West,494,221,Yes under Community Eligibility Option (CEO),false,Prekindergarten,5th Grade
120039000531,Vineland K-8 Center,Miami-Dade,Miami,671,148,Yes under Community Eligibility Option (CEO),false,Prekindergarten,8th Grade
120033002730,Vineyards Elementary School,Collier,Naples,800,256,Yes participating without using any Provision or the CEO,false,Prekindergarten,5th Grade
120123004204,Virgil Mills Elementary School,Manatee,Palmetto,863,382,Yes participating without using any Provision or the CEO,false,Prekindergarten,5th Grade
120039000434,Virginia a Boone-Highland Oaks School,Miami-Dade,Miami,586,197,Yes under Community Eligibility Option (CEO),false,Prekindergarten,5th Grade
120018002080,Virginia Shuman Young Elementary School,Broward,Fort Lauderdale,609,174,Yes participating without using any Provision or the CEO,false,Prekindergarten,5th Grade
120147010691,Virtual Preparatory Academy of Florida,Osceola,Kissimmee,745,280,No,false,Kindergarten,12th Grade
120123008256,Visible Men Academy,Manatee,Bradenton,49,32,Yes under Community Eligibility Option (CEO),false,Kindergarten,5th Grade
120144005029,Vista Lakes Elementary,Orange,Orlando,520,181,Yes under Community Eligibility Option (CEO),false,Prekindergarten,5th Grade
120144008699,Vista Pointe Elementary,Orange,Orlando,488,261,Yes under Community Eligibility Option (CEO),false,Prekindergarten,5th Grade
120192008707,Volusia Online Learning-Flvs (Franchise),Volusia,Debary,442,133,No,false,Kindergarten,12th Grade
120192003128,Volusia Pines Elementary School,Volusia,Lake Helen,477,268,Yes under Community Eligibility Option (CEO),false,Prekindergarten,5th Grade
120192002013,Volusia Regional Juvenile Detention Center,Volusia,Daytona Beach,70,39,Yes participating without using any Provision or the CEO,false,Kindergarten,12th Grade
120192008555,Volusia Virtual Instruction Program District Provided,Volusia,Debary,0,,No,true,Kindergarten,12th Grade
120147010798,Voyager K-8,Osceola,St Cloud,1246,512,Yes participating without using any Provision or the CEO,false,Prekindergarten,8th Grade
120030000322,W E Cherry Elementary School,Clay,Orange Park,652,487,Yes under Community Eligibility Option (CEO),false,Prekindergarten,6th Grade
120111001190,W T Moore Elementary School,Leon,Tallahassee,519,207,Yes under Community Eligibility Option (CEO),false,Prekindergarten,5th Grade
120003000008,W. A. Metcalfe Elementary School,Alachua,Gainesville,463,401,Yes under Community Eligibility Option (CEO),false,Kindergarten,5th Grade
120138001339,W. C. Pryor Middle School,Okaloosa,Fort Walton Beach,721,514,Yes participating without using any Provision or the CEO,true,6th Grade,8th Grade
120123001242,W. D. Sugg Middle School,Manatee,Bradenton,1017,674,Yes under Community Eligibility Option (CEO),true,6th Grade,8th Grade
120174002263,W. Douglas Hartley Elementary,St. Johns,St Augustine,596,255,Yes under Community Eligibility Option (CEO),false,Prekindergarten,5th Grade
120165002098,W. H. Rhodes Elementary School,Santa Rosa,Milton,789,658,Yes participating without using any Provision or the CEO,false,Prekindergarten,5th Grade
120039000383,W. J. Bryan Elementary,Miami-Dade,North Miami,611,391,Yes under Community Eligibility Option (CEO),false,Prekindergarten,5th Grade
120015004308,W. Melbourne Elementary School for Science,Brevard,West Melbourne,605,121,Yes participating without using any Provision or the CEO,false,Prekindergarten,6th Grade
120039000585,W. R. Thomas Middle School,Miami-Dade,Miami,507,280,Yes under Community Eligibility Option (CEO),true,6th Grade,8th Grade
120117001206,W. R. Tolar K-8 School,Liberty,Bristol,513,272,Yes under Community Eligibility Option (CEO),true,Kindergarten,8th Grade
120003000034,W. W. Irby Elementary School,Alachua,Alachua,372,219,Yes under Community Eligibility Option (CEO),false,Prekindergarten,2nd Grade
120093002073,Wabasso School,Indian River,Sebastian,52,45,Yes participating without using any Provision or the CEO,true,Prekindergarten,12th Grade
120159001737,Wahneta Elementary School,Polk,Winter Haven,491,400,Yes under Community Eligibility Option (CEO),false,Prekindergarten,5th Grade
120195003673,Wakulla Coast Charter School of Arts Science & Technology,Wakulla,St Marks,169,110,No,true,Prekindergarten,8th Grade
120195002017,Wakulla High School,Wakulla,Crawfordville,1369,440,Yes participating without using any Provision or the CEO,true,9th Grade,12th Grade
120195003280,Wakulla Institute,Wakulla,Crawfordville,55,26,Yes under Community Eligibility Option (CEO),true,Kindergarten,12th Grade
120195002273,Wakulla Middle School,Wakulla,Crawfordville,476,176,Yes under Community Eligibility Option (CEO),true,6th Grade,8th Grade
120087002830,Walden Lake Elementary School,Hillsborough,Plant City,809,319,Yes under Community Eligibility Option (CEO),false,Prekindergarten,5th Grade
120171004009,Walker Elementary School,Seminole,Chuluota,611,139,Yes participating without using any Provision or the CEO,false,Prekindergarten,5th Grade
120138002682,Walker Elementary School,Okaloosa,Crestview,875,539,Yes participating without using any Provision or the CEO,false,Prekindergarten,5th Grade
120018000164,Walker Elementary School,Broward,Fort Lauderdale,408,326,Yes under Community Eligibility Option (CEO),false,Prekindergarten,5th Grade
120087008049,Walker Middle Magnet School,Hillsborough,Odessa,1039,217,Yes under Community Eligibility Option (CEO),false,6th Grade,8th Grade
120165009041,Wallace Lake K-8,Santa Rosa,Pace,1061,315,Yes participating without using any Provision or the CEO,false,Prekindergarten,8th Grade
120009000056,Waller Elementary School,Bay,Youngstown,423,297,Yes under Community Eligibility Option (CEO),false,Prekindergarten,5th Grade
120156001698,Walsingham Elementary School,Pinellas,Largo,366,225,Yes under Community Eligibility Option (CEO),false,Prekindergarten,5th Grade
120018002703,Walter C. Young Middle School,Broward,Pembroke Pines,691,235,Yes under Community Eligibility Option (CEO),true,6th Grade,8th Grade
120159001750,Walter Caldwell Elementary School,Polk,Auburndale,887,645,Yes under Community Eligibility Option (CEO),false,Prekindergarten,5th Grade
120087004151,Walton Academy,Hillsborough,Tampa,157,,Yes under Community Eligibility Option (CEO),false,Kindergarten,5th Grade
120198004458,Walton Academy Inc.,Walton,Defuniak Springs,130,105,Yes participating without using any Provision or the CEO,true,5th Grade,12th Grade
120198002025,Walton High School,Walton,Defuniak Springs,969,613,Yes participating without using any Provision or the CEO,true,9th Grade,12th Grade
120198007690,Walton Initiative for Success in Education (Wise),Walton,Defuniak Springs,264,211,Yes participating without using any Provision or the CEO,true,Prekindergarten,12th Grade
120198002024,Walton Middle School,Walton,Defuniak Springs,796,607,Yes participating without using any Provision or the CEO,true,6th Grade,8th Grade
120126001264,Ward-Highlands Elementary School,Marion,Ocala,908,487,Yes under Community Eligibility Option (CEO),false,Prekindergarten,5th Grade
120174007272,Wards Creek Elementary School,St. Johns,St Augustine,1156,248,Yes participating without using any Provision or the CEO,false,Prekindergarten,5th Grade
120129001289,Warfield Elementary School,Martin,Indiantown,820,573,Yes under Community Eligibility Option (CEO),false,Prekindergarten,5th Grade
120087008581,Warren Hope Dawson Elementary,Hillsborough,Riverview,812,311,Yes under Community Eligibility Option (CEO),false,Prekindergarten,5th Grade
120051000814,Warrington Elementary School,Escambia,Pensacola,253,207,Yes under Community Eligibility Option (CEO),false,Prekindergarten,5th Grade
120051000815,Warrington Preparatory Academy,Escambia,Pensacola,559,477,Yes under Community Eligibility Option (CEO),true,6th Grade,8th Grade
120201008668,Washington Academy of Varying Exceptionalities (Wave),Washington,Chipley,64,35,Yes under Community Eligibility Option (CEO),true,Prekindergarten,12th Grade
120150001485,Washington Elementary Magnet School,Palm Beach,Riviera Beach,241,196,Yes under Community Eligibility Option (CEO),false,Prekindergarten,5th Grade
120087004152,Washington Elementary School,Hillsborough,Tampa,276,217,Yes under Community Eligibility Option (CEO),false,Prekindergarten,5th Grade
120201007647,Washington Institute for Specialized Education,Washington,Chipley,0,,No,true,6th Grade,12th Grade
120051002169,Washington Senior High School,Escambia,Pensacola,1676,767,Yes under Community Eligibility Option (CEO),false,9th Grade,12th Grade
120144001462,Washington Shores Elementary,Orange,Orlando,301,255,Yes under Community Eligibility Option (CEO),false,Prekindergarten,5th Grade
120144010689,Washington Shores Primary Learning Center,Orange,Orlando,82,47,Yes under Community Eligibility Option (CEO),false,Prekindergarten,Prekindergarten
120201008010,Washington Virtual Franchise,Washington,Chipley,17,4,No,false,Kindergarten,12th Grade
120201007667,Washington Virtual Instruction Program,Washington,Chipley,7,,No,false,Kindergarten,12th Grade
120144008611,Water Spring Elementary,Orange,Winter Garden,1013,158,Yes under Community Eligibility Option (CEO),false,Prekindergarten,5th Grade
120144008943,Water Spring Middle School,Orange,Winter Garden,1064,94,Yes under Community Eligibility Option (CEO),false,6th Grade,8th Grade
120144002859,Waterbridge Elementary,Orange,Orlando,644,262,Yes under Community Eligibility Option (CEO),false,Prekindergarten,5th Grade
120144002860,Waterford Elementary,Orange,Orlando,532,202,Yes under Community Eligibility Option (CEO),false,Prekindergarten,5th Grade
120153007610,Watergrass Elementary School,Pasco,Wesley Chapel,859,269,Yes under Community Eligibility Option (CEO),false,Prekindergarten,5th Grade
120048007594,Waterleaf Elementary,Duval,Jacksonville,613,227,Yes under Community Eligibility Option (CEO),false,Prekindergarten,5th Grade
120150003100,Waters Edge Elementary School,Palm Beach,Boca Raton,706,107,Yes under Community Eligibility Option (CEO),false,Prekindergarten,5th Grade
120018000180,Watkins Elementary School,Broward,Pembroke Park,390,246,Yes under Community Eligibility Option (CEO),false,Prekindergarten,5th Grade
120150002870,Watson B. Duncan Middle School,Palm Beach,Palm Beach Gardens,1042,406,Yes under Community Eligibility Option (CEO),true,6th Grade,8th Grade
120075000881,Wauchula Elementary School,Hardee,Wauchula,577,437,Yes under Community Eligibility Option (CEO),false,Prekindergarten,5th Grade
120048004343,Wayman Academy of the Arts,Duval,Jacksonville,153,153,Yes under Community Eligibility Option (CEO),false,Kindergarten,5th Grade
120177003121,Weatherbee Elementary School,St. Lucie,Fort Pierce,726,456,Yes under Community Eligibility Option (CEO),false,Prekindergarten,5th Grade
120087001028,Webb Middle School,Hillsborough,Tampa,782,485,Yes under Community Eligibility Option (CEO),true,6th Grade,8th Grade
120180001937,Webster Elementary School,Sumter,Webster,690,320,Yes under Community Eligibility Option (CEO),false,Prekindergarten,5th Grade
120144008416,Wedgefield School,Orange,Orlando,959,286,Yes under Community Eligibility Option (CEO),true,Prekindergarten,8th Grade
120081006808,Weeki Wachee High School,Hernando,Weeki Wachee,1437,684,Yes under Community Eligibility Option (CEO),true,9th Grade,12th Grade
120171001901,Wekiva Elementary School,Seminole,Longwood,800,292,Yes participating without using any Provision or the CEO,false,Prekindergarten,5th Grade
120144005017,Wekiva High,Orange,Apopka,2148,1115,Yes under Community Eligibility Option (CEO),true,9th Grade,12th Grade
120018000146,Welleby Elementary School,Broward,Sunrise,589,229,Yes under Community Eligibility Option (CEO),false,Prekindergarten,5th Grade
120150002091,Wellington Elementary School,Palm Beach,Wellington,897,292,Yes under Community Eligibility Option (CEO),false,Prekindergarten,5th Grade
120150002631,Wellington High School,Palm Beach,Wellington,2689,656,Yes under Community Eligibility Option (CEO),true,9th Grade,12th Grade
120150002578,Wellington Landings Middle,Palm Beach,Wellington,1227,290,Yes under Community Eligibility Option (CEO),false,6th Grade,8th Grade
120153008638,Wendell Krinn Technical High School,Pasco,New Port Richey,765,287,Yes under Community Eligibility Option (CEO),true,9th Grade,12th Grade
120159002893,Wendell Watson Elementary School,Polk,Lakeland,764,448,Yes under Community Eligibility Option (CEO),false,Prekindergarten,5th Grade
120153003912,Wesley Chapel Elementary School,Pasco,Wesley Chapel,724,218,Yes under Community Eligibility Option (CEO),false,Prekindergarten,5th Grade
120153003650,Wesley Chapel High School,Pasco,Wesley Chapel,1928,493,Yes under Community Eligibility Option (CEO),true,9th Grade,12th Grade
120039003046,Wesley Matthews Elementary School,Miami-Dade,Miami,490,270,Yes under Community Eligibility Option (CEO),false,Prekindergarten,5th Grade
120009008453,West Bay Elementary School,Bay,Panama City Beach,362,135,Yes under Community Eligibility Option (CEO),false,Prekindergarten,5th Grade
120150004026,West Boca Raton High School,Palm Beach,Boca Raton,2376,538,Yes under Community Eligibility Option (CEO),true,9th Grade,12th Grade
120150010694,West Boynton Middle School,Palm Beach,Boynton Beach,896,163,Yes under Community Eligibility Option (CEO),false,6th Grade,8th Grade
120018008118,West Broward Academy,Broward,Margate,770,54,Yes under Community Eligibility Option (CEO),true,Kindergarten,8th Grade
120018007555,West Broward High School,Broward,Pembroke Pines,2492,591,Yes participating without using any Provision or the CEO,false,9th Grade,12th Grade
120144004008,West Creek Elementary,Orange,Orlando,565,133,Yes under Community Eligibility Option (CEO),false,Prekindergarten,5th Grade
120198002018,West Defuniak Elementary School,Walton,Defuniak Springs,704,493,Yes participating without using any Provision or the CEO,false,Kindergarten,5th Grade
120042000621,West Elementary School,Desoto,Arcadia,622,389,Yes under Community Eligibility Option (CEO),false,Prekindergarten,5th Grade
120051003703,West Florida High School/Technical,Escambia,Pensacola,1322,475,Yes participating without using any Provision or the CEO,false,9th Grade,12th Grade
120060008590,West Gadsden Middle School,Gadsden,Quincy,314,271,Yes under Community Eligibility Option (CEO),true,4th Grade,8th Grade
120150001499,West Gate Elementary School,Palm Beach,West Palm Beach,767,579,Yes under Community Eligibility Option (CEO),false,Prekindergarten,5th Grade
120177005371,West Gate K-8 School,St. Lucie,Port St Lucie,1639,828,Yes participating without using any Provision or the CEO,true,Prekindergarten,8th Grade
120066004187,West Glades School,Glades,Labelle,651,303,Yes under Community Eligibility Option (CEO),true,Prekindergarten,8th Grade
120081001609,West Hernando Middle School,Hernando,Brooksville,666,370,Yes under Community Eligibility Option (CEO),true,6th Grade,8th Grade
120039006435,West Hialeah Gardens Elementary School,Miami-Dade,Hialeah Gardens,1128,580,Yes under Community Eligibility Option (CEO),false,Prekindergarten,5th Grade
120018000152,West Hollywood Elementary School,Broward,Hollywood,414,226,Yes under Community Eligibility Option (CEO),false,Prekindergarten,5th Grade
120039000533,West Homestead K-8 Center,Miami-Dade,Homestead,864,435,Yes under Community Eligibility Option (CEO),true,Prekindergarten,8th Grade
120039008514,West Lakes Preparatory Academy,Miami-Dade,Hialeah,594,202,Yes under Community Eligibility Option (CEO),true,Prekindergarten,8th Grade
120039000587,West Miami Middle School,Miami-Dade,Miami,599,309,Yes under Community Eligibility Option (CEO),true,6th Grade,8th Grade
120135001317,West Nassau County High School,Nassau,Callahan,923,341,Yes participating without using any Provision or the CEO,true,9th Grade,12th Grade
120165003665,West Navarre Intermediate School,Santa Rosa,Navarre,739,275,Yes participating without using any Provision or the CEO,false,3rd Grade,5th Grade
120165002960,West Navarre Primary School,Santa Rosa,Navarre,666,301,Yes participating without using any Provision or the CEO,false,Prekindergarten,2nd Grade
120144004004,West Oaks Elementary,Orange,Orlando,494,373,Yes under Community Eligibility Option (CEO),false,Prekindergarten,5th Grade
120144001454,West Orange High,Orange,Winter Garden,2752,558,Yes under Community Eligibility Option (CEO),false,9th Grade,12th Grade
120153002237,West Pasco Education Academy,Pasco,Hudson,104,81,Yes under Community Eligibility Option (CEO),true,6th Grade,12th Grade
120051000817,West Pensacola Elementary School,Escambia,Pensacola,485,379,Yes under Community Eligibility Option (CEO),false,Prekindergarten,6th Grade
120126004386,West Port High School,Marion,Ocala,3022,1356,Yes under Community Eligibility Option (CEO),true,9th Grade,12th Grade
120048000633,West Riverside Elementary School,Duval,Jacksonville,369,175,Yes under Community Eligibility Option (CEO),false,Prekindergarten,5th Grade
120150001551,West Riviera Elementary School,Palm Beach,Riviera Beach,524,408,Yes under Community Eligibility Option (CEO),false,Prekindergarten,5th Grade
120015003296,West Shore Junior/Senior High School,Brevard,Melbourne,948,100,Yes participating without using any Provision or the CEO,false,7th Grade,12th Grade
120087002513,West Tampa Elementary School,Hillsborough,Tampa,362,278,Yes under Community Eligibility Option (CEO),false,Prekindergarten,5th Grade
120087008112,West University Charter High,Hillsborough,Tampa,419,127,No,true,9th Grade,12th Grade
120153001567,West Zephyrhills Elementary School,Pasco,Zephyrhills,625,417,Yes under Community Eligibility Option (CEO),false,Prekindergarten,5th Grade
120144005019,Westbrooke Elementary,Orange,Ocoee,534,157,Yes under Community Eligibility Option (CEO),false,Kindergarten,5th Grade
120087003387,Westchase Elementary School,Hillsborough,Tampa,876,188,Yes participating without using any Provision or the CEO,false,Prekindergarten,5th Grade
120018000284,Westchester Elementary School,Broward,Coral Springs,979,345,Yes under Community Eligibility Option (CEO),false,Prekindergarten,5th Grade
120150004125,Western Academy Charter School,Palm Beach,Royal Palm Beach,711,150,Yes under Community Eligibility Option (CEO),true,Kindergarten,8th Grade
120018002120,Western High School,Broward,Davie,3510,967,Yes participating without using any Provision or the CEO,true,9th Grade,12th Grade
120150003225,Western Pines Community Middle,Palm Beach,Royal Palm Beach,1097,371,Yes under Community Eligibility Option (CEO),true,6th Grade,8th Grade
120156001699,Westgate Elementary School,Pinellas,St Petersburg,498,308,Yes under Community Eligibility Option (CEO),false,Prekindergarten,5th Grade
120018003820,Westglades Middle School,Broward,Coral Springs,1646,176,Yes participating without using any Provision or the CEO,false,6th Grade,8th Grade
120039005861,Westland Hialeah Senior High School,Miami-Dade,Hialeah,1191,739,Yes under Community Eligibility Option (CEO),true,9th Grade,12th Grade
120018000145,Westpine Middle School,Broward,Sunrise,730,281,Yes under Community Eligibility Option (CEO),true,6th Grade,8th Grade
120144008480,Westpointe Elementary,Orange,Orlando,683,219,Yes under Community Eligibility Option (CEO),false,Kindergarten,5th Grade
120144001429,Westridge Middle,Orange,Orlando,1136,687,Yes under Community Eligibility Option (CEO),true,6th Grade,8th Grade
120087001033,Westshore Elementary School,Hillsborough,Tampa,259,175,Yes under Community Eligibility Option (CEO),false,Prekindergarten,5th Grade
120078000886,Westside Elementary School,Hendry,Clewiston,480,372,Yes under Community Eligibility Option (CEO),false,Prekindergarten,5th Grade
120192001984,Westside Elementary School,Volusia,Daytona Beach,774,649,Yes under Community Eligibility Option (CEO),false,Prekindergarten,5th Grade
120006000038,Westside Elementary School,Baker,Glen St Mary,616,323,Yes under Community Eligibility Option (CEO),false,1st Grade,5th Grade
120036004332,Westside Elementary School,Columbia,Lake City,695,305,Yes under Community Eligibility Option (CEO),false,Prekindergarten,5th Grade
120015003294,Westside Elementary School,Brevard,Palm Bay,984,461,Yes under Community Eligibility Option (CEO),false,Prekindergarten,6th Grade
120081000894,Westside Elementary School,Hernando,Spring Hill,512,373,Yes under Community Eligibility Option (CEO),false,Prekindergarten,5th Grade
120048000762,Westside High School,Duval,Jacksonville,1533,807,Yes under Community Eligibility Option (CEO),true,9th Grade,12th Grade
120147007628,Westside K-8 School,Osceola,Kissimmee,1496,573,Yes under Community Eligibility Option (CEO),true,Prekindergarten,8th Grade
120048000733,Westside Middle School,Duval,Jacksonville,893,559,Yes under Community Eligibility Option (CEO),true,6th Grade,8th Grade
120048007504,Westview K-8,Duval,Jacksonville,1221,711,Yes under Community Eligibility Option (CEO),true,Prekindergarten,8th Grade
120150001494,Westward Elementary School,Palm Beach,West Palm Beach,512,384,Yes under Community Eligibility Option (CEO),false,Prekindergarten,5th Grade
120018000191,Westwood Heights Elementary School,Broward,Fort Lauderdale,451,305,Yes under Community Eligibility Option (CEO),false,Prekindergarten,5th Grade
120003000012,Westwood Middle School,Alachua,Gainesville,854,409,Yes under Community Eligibility Option (CEO),true,6th Grade,8th Grade
120159001729,Westwood Middle School,Polk,Winter Haven,712,550,Yes under Community Eligibility Option (CEO),true,6th Grade,8th Grade
120144007523,Wetherbee Elementary,Orange,Orlando,939,287,Yes under Community Eligibility Option (CEO),false,Prekindergarten,5th Grade
120069002176,Wewahitchka Elementary School,Gulf,Wewahitchka,448,238,Yes under Community Eligibility Option (CEO),false,Prekindergarten,5th Grade
120069000870,Wewahitchka High School,Gulf,Wewahitchka,426,211,Yes under Community Eligibility Option (CEO),true,6th Grade,12th Grade
120087003185,Wharton High School,Hillsborough,Tampa,2130,863,Yes under Community Eligibility Option (CEO),true,9th Grade,12th Grade
120018003027,Whiddon Rodgers Education Center,Broward,Fort Lauderdale,655,386,Yes under Community Eligibility Option (CEO),true,6th Grade,12th Grade
120144005642,Whispering Oak Elementary,Orange,Winter Garden,774,114,Yes under Community Eligibility Option (CEO),false,Prekindergarten,5th Grade
120150002450,Whispering Pines Elementary School,Palm Beach,Boca Raton,966,182,Yes under Community Eligibility Option (CEO),false,Prekindergarten,5th Grade
120039000538,Whispering Pines Elementary School,Miami-Dade,Miami,500,202,Yes under Community Eligibility Option (CEO),false,Prekindergarten,5th Grade
120018002801,Whispering Pines Exceptional Education Center,Broward,Miramar,161,113,Yes under Community Eligibility Option (CEO),true,Prekindergarten,12th Grade
120114003606,Whispering Winds Charter School,Levy,Chiefland,132,96,Yes under Community Eligibility Option (CEO),false,Prekindergarten,5th Grade
120177001922,White City Elementary School,St. Lucie,Fort Pierce,493,332,Yes under Community Eligibility Option (CEO),false,Prekindergarten,5th Grade
120048000655,Whitehouse Elementary School,Duval,Jacksonville,380,198,Yes under Community Eligibility Option (CEO),false,Prekindergarten,5th Grade
120171003269,Wicklow Elementary School,Seminole,Sanford,585,505,Yes participating without using any Provision or the CEO,false,Prekindergarten,5th Grade
120135008440,Wildlight Elementary,Nassau,Yulee,1181,358,Yes participating without using any Provision or the CEO,false,Prekindergarten,5th Grade
120180001940,Wildwood Elementary School,Sumter,Wildwood,678,319,Yes under Community Eligibility Option (CEO),false,Prekindergarten,5th Grade
120180010822,Wildwood Intermediate School,Sumter,Wildwood,409,219,Yes under Community Eligibility Option (CEO),false,3rd Grade,6th Grade
120180001941,Wildwood Middle/ High School,Sumter,Wildwood,710,351,Yes under Community Eligibility Option (CEO),true,6th Grade,12th Grade
120168001855,Wilkinson Elementary School,Sarasota,Sarasota,422,306,Yes participating without using any Provision or the CEO,false,Prekindergarten,5th Grade
120030000334,Wilkinson Junior High School,Clay,Middleburg,711,415,Yes under Community Eligibility Option (CEO),true,7th Grade,8th Grade
120162003791,William D. Moseley Elementary School,Putnam,Palatka,558,364,Yes under Community Eligibility Option (CEO),false,Kindergarten,6th Grade
120018000222,William Dandy Middle School,Broward,Fort Lauderdale,620,414,Yes under Community Eligibility Option (CEO),true,6th Grade,8th Grade
120144000839,William Frangus Elementary,Orange,Orlando,430,286,Yes under Community Eligibility Option (CEO),false,Kindergarten,5th Grade
120123002474,William H. Bashaw Elementary,Manatee,Bradenton,720,489,Yes under Community Eligibility Option (CEO),false,Prekindergarten,5th Grade
120039002987,William H. Lehman Elementary School,Miami-Dade,Miami,522,189,Yes under Community Eligibility Option (CEO),false,Prekindergarten,5th Grade
120039001478,William H. Turner Technical Arts High School,Miami-Dade,Miami,1290,749,Yes under Community Eligibility Option (CEO),true,9th Grade,12th Grade
120111006856,William J Montford III Middle School,Leon,Tallahassee,1016,197,Yes participating without using any Provision or the CEO,false,6th Grade,8th Grade
120048000714,William M. Raines High School,Duval,Jacksonville,1376,959,Yes under Community Eligibility Option (CEO),true,9th Grade,12th Grade
120123004375,William Monroe Rowlett Academy for Arts and Communication,Manatee,Bradenton,917,435,Yes participating without using any Provision or the CEO,false,Kindergarten,5th Grade
120144001363,William R Boone High,Orange,Orlando,2650,785,Yes under Community Eligibility Option (CEO),true,9th Grade,12th Grade
120144001439,William S Maxey Elementary,Orange,Winter Garden,523,277,Yes under Community Eligibility Option (CEO),false,Prekindergarten,5th Grade
120003002466,William S. Talbot Elem School,Alachua,Gainesville,573,195,Yes participating without using any Provision or the CEO,false,Prekindergarten,5th Grade
120150002877,William T. Dwyer High School,Palm Beach,West Palm Beach,2163,689,Yes under Community Eligibility Option (CEO),true,9th Grade,12th Grade
120087001035,Williams Middle Magnet School,Hillsborough,Tampa,856,301,Yes under Community Eligibility Option (CEO),true,6th Grade,8th Grade
120087008067,Willis Peters Exceptional Center,Hillsborough,Dover,61,30,Yes under Community Eligibility Option (CEO),true,Prekindergarten,12th Grade
120114000791,Williston Elementary School,Levy,Williston,515,326,Yes under Community Eligibility Option (CEO),false,3rd Grade,5th Grade
120114001201,Williston Middle High School,Levy,Williston,1121,569,Yes under Community Eligibility Option (CEO),true,6th Grade,12th Grade
120129002848,Willoughby Learning Center,Martin,Stuart,42,27,Yes under Community Eligibility Option (CEO),true,Prekindergarten,12th Grade
120159008950,Willow Oak School,Polk,Mulberry,996,787,Yes under Community Eligibility Option (CEO),false,Prekindergarten,5th Grade
120087001037,Wilson Elementary School,Hillsborough,Plant City,329,234,Yes under Community Eligibility Option (CEO),false,Prekindergarten,5th Grade
120171001877,Wilson Elementary School,Seminole,Sanford,896,214,Yes participating without using any Provision or the CEO,false,Prekindergarten,5th Grade
120087001036,Wilson Middle School,Hillsborough,Tampa,598,96,Yes participating without using any Provision or the CEO,false,6th Grade,8th Grade
120018000155,Wilton Manors Elementary School,Broward,Wilton Manors,542,269,Yes under Community Eligibility Option (CEO),false,Prekindergarten,5th Grade
120087001038,Wimauma Elementary School,Hillsborough,Wimauma,566,405,Yes under Community Eligibility Option (CEO),false,Prekindergarten,5th Grade
120144001434,Windermere Elementary,Orange,Windermere,574,46,Yes under Community Eligibility Option (CEO),false,Prekindergarten,5th Grade
120144008613,Windermere High,Orange,Windermere,3217,394,Yes under Community Eligibility Option (CEO),false,9th Grade,12th Grade
120081007637,Winding Waters K-8,Hernando,Weeki Wachee,1613,846,Yes under Community Eligibility Option (CEO),true,Prekindergarten,8th Grade
120177002536,Windmill Point Elementary School,St. Lucie,Port St Lucie,1056,654,Yes participating without using any Provision or the CEO,false,Prekindergarten,5th Grade
120048000689,Windy Hill Elementary School,Duval,Jacksonville,416,257,Yes under Community Eligibility Option (CEO),false,Prekindergarten,5th Grade
120105003596,Windy Hill Middle School,Lake,Clermont,1017,237,Yes under Community Eligibility Option (CEO),false,6th Grade,8th Grade
120144002780,Windy Ridge K-8,Orange,Orlando,1136,268,Yes under Community Eligibility Option (CEO),true,Prekindergarten,8th Grade
120144001431,Winegard Elementary,Orange,Orlando,650,418,Yes under Community Eligibility Option (CEO),false,Prekindergarten,5th Grade
120018000219,Wingate Oaks Center,Broward,Fort Lauderdale,90,65,Yes under Community Eligibility Option (CEO),true,Prekindergarten,12th Grade
120159001771,Winston Academy of Engineering,Polk,Lakeland,536,274,Yes under Community Eligibility Option (CEO),false,Prekindergarten,5th Grade
120018002705,Winston Park Elementary School,Broward,Coconut Creek,945,302,Yes under Community Eligibility Option (CEO),false,Prekindergarten,5th Grade
120039000539,Winston Park K-8 Center,Miami-Dade,Miami,1067,482,Yes under Community Eligibility Option (CEO),true,Prekindergarten,8th Grade
120159001726,Winter Haven Senior High School,Polk,Winter Haven,2648,1594,Yes under Community Eligibility Option (CEO),false,9th Grade,12th Grade
120144001447,Winter Park High,Orange,Winter Park,3277,786,Yes under Community Eligibility Option (CEO),false,9th Grade,12th Grade
120171001884,Winter Springs Elementary School,Seminole,Winter Springs,501,379,Yes participating without using any Provision or the CEO,false,Prekindergarten,5th Grade
120171003270,Winter Springs High School,Seminole,Winter Springs,1940,901,Yes participating without using any Provision or the CEO,true,9th Grade,12th Grade
120087008054,Winthrop Charter School,Hillsborough,Riverview,1827,609,Yes participating without using any Provision or the CEO,false,Kindergarten,8th Grade
120087008893,Winthrop College Prep Academy,Hillsborough,Fort Lauderdale,1055,276,Yes participating without using any Provision or the CEO,false,9th Grade,12th Grade
120153008542,Wiregrass Elementary School,Pasco,Wesley Chapel,957,191,Yes under Community Eligibility Option (CEO),false,Prekindergarten,5th Grade
120153006440,Wiregrass Ranch High School,Pasco,Wesley Chapel,2218,354,Yes under Community Eligibility Option (CEO),false,9th Grade,12th Grade
120027000315,Withlacoochee Technical College,Citrus,Inverness,2,,No,false,11th Grade,12th Grade
120087001039,Witter Elementary School,Hillsborough,Tampa,530,404,Yes under Community Eligibility Option (CEO),false,Prekindergarten,5th Grade
120144005028,Wolf Lake Elementary,Orange,Apopka,710,275,Yes under Community Eligibility Option (CEO),false,Prekindergarten,5th Grade
120144005024,Wolf Lake Middle,Orange,Apopka,1146,495,Yes under Community Eligibility Option (CEO),true,6th Grade,8th Grade
120087001040,Woodbridge Elementary School,Hillsborough,Tampa,602,378,Yes under Community Eligibility Option (CEO),false,Prekindergarten,5th Grade
120048000684,Woodland Acres Elementary School,Duval,Jacksonville,495,322,Yes under Community Eligibility Option (CEO),false,Prekindergarten,5th Grade
120153001570,Woodland Elementary School,Pasco,Zephyrhills,792,528,Yes under Community Eligibility Option (CEO),false,Prekindergarten,5th Grade
120168007410,Woodland Middle School,Sarasota,North Port,1040,532,Yes participating without using any Provision or the CEO,true,6th Grade,8th Grade
120171001898,Woodlands Elementary School,Seminole,Longwood,785,271,Yes participating without using any Provision or the CEO,false,Prekindergarten,5th Grade
120150003010,Woodlands Middle School,Palm Beach,Lake Worth,1307,516,Yes under Community Eligibility Option (CEO),true,6th Grade,8th Grade
120165004446,Woodlawn Beach Middle School,Santa Rosa,Gulf Breeze,882,305,Yes participating without using any Provision or the CEO,false,6th Grade,8th Grade
120084000899,Woodlawn Elementary School,Highlands,Sebring,834,552,Yes under Community Eligibility Option (CEO),false,Prekindergarten,5th Grade
120156001700,Woodlawn Elementary School,Pinellas,St Petersburg,216,164,Yes under Community Eligibility Option (CEO),false,Prekindergarten,5th Grade
120087007862,Woodmont Charter School,Hillsborough,Temple Terrace,632,138,Yes under Community Eligibility Option (CEO),true,Kindergarten,8th Grade
120111001173,Woodville School,Leon,Tallahassee,462,299,Yes under Community Eligibility Option (CEO),true,Prekindergarten,8th Grade
120192001970,Woodward Avenue Elementary School,Volusia,Deland,532,336,Yes under Community Eligibility Option (CEO),false,Prekindergarten,5th Grade
120144004011,Workforce Advantage Academy Charter,Orange,Orlando,279,,No,false,11th Grade,12th Grade
120150008168,Worthington High School,Palm Beach,West Palm Beach,485,293,Yes under Community Eligibility Option (CEO),true,7th Grade,12th Grade
120138001340,Wright Elementary School,Okaloosa,Fort Walton Beach,609,491,Yes participating without using any Provision or the CEO,false,Prekindergarten,5th Grade
120144005027,Wyndham Lakes Elementary,Orange,Orlando,592,251,Yes under Community Eligibility Option (CEO),false,Prekindergarten,5th Grade
120150001550,Wynnebrook Elementary School,Palm Beach,West Palm Beach,629,406,Yes under Community Eligibility Option (CEO),false,Prekindergarten,5th Grade
120126001276,Wyomina Park Elementary School,Marion,Ocala,502,420,Yes under Community Eligibility Option (CEO),false,Prekindergarten,5th Grade
120114001204,Yankeetown School,Levy,Yankeetown,250,174,Yes under Community Eligibility Option (CEO),true,Prekindergarten,8th Grade
120087001041,Yates Elementary School,Hillsborough,Brandon,548,385,Yes under Community Eligibility Option (CEO),false,Prekindergarten,5th Grade
120141001360,Yearling Middle School,Okeechobee,Okeechobee,588,481,Yes under Community Eligibility Option (CEO),true,6th Grade,8th Grade
120039007420,Young Men's Preparatory Academy,Miami-Dade,Miami,165,95,Yes under Community Eligibility Option (CEO),true,6th Grade,12th Grade
120048008436,Young Mens/Womens Leadership Academy at Eugene J Butler,Duval,Jacksonville,281,200,Yes under Community Eligibility Option (CEO),true,6th Grade,8th Grade
120087001042,Young Middle Magnet School,Hillsborough,Tampa,307,232,Yes under Community Eligibility Option (CEO),true,6th Grade,8th Grade
120108002200,Young Parent Education Program,Lee,Fort Myers,48,37,Yes under Community Eligibility Option (CEO),true,6th Grade,12th Grade
120039007016,Young Womens Preparatory Academy,Miami-Dade,Miami,295,119,Yes under Community Eligibility Option (CEO),true,6th Grade,12th Grade
120039004069,Youth Co-Op Charter School,Miami-Dade,Hialeah,761,589,Yes participating without using any Provision or the CEO,true,Kindergarten,8th Grade
120039008125,Youth Co-Op Preparatory High School,Miami-Dade,Hialeah,240,173,Yes participating without using any Provision or the CEO,true,9th Grade,12th Grade
120048000721,Youth Development Center,Duval,Jacksonville,20,8,No,true,Kindergarten,12th Grade
120135001311,Yulee Elementary School,Nassau,Yulee,589,259,Yes participating without using any Provision or the CEO,false,3rd Grade,5th Grade
120135004995,Yulee High School,Nassau,Yulee,1486,453,Yes participating without using any Provision or the CEO,true,5th Grade,12th Grade
120135004113,Yulee Middle School,Nassau,Yulee,1174,378,Yes participating without using any Provision or the CEO,true,6th Grade,8th Grade
120135002520,Yulee Primary School,Nassau,Yulee,582,279,Yes participating without using any Provision or the CEO,false,Prekindergarten,2nd Grade
120144001387,Zellwood Elementary,Orange,Zellwood,564,291,Yes under Community Eligibility Option (CEO),false,Prekindergarten,5th Grade
120147000920,Zenith Accelerated Academy,Osceola,Kissimmee,343,221,Yes under Community Eligibility Option (CEO),true,8th Grade,12th Grade
120153001569,Zephyrhills High School,Pasco,Zephyrhills,1656,758,Yes under Community Eligibility Option (CEO),true,9th Grade,12th Grade
120075000880,Zolfo Springs Elementary School,Hardee,Zolfo Springs,512,402,Yes under Community Eligibility Option (CEO),false,Prekindergarten,5th Grade
120039003045,Zora Neale Hurston Elementary School,Miami-Dade,Miami,459,207,Yes under Community Eligibility Option (CEO),false,Prekindergarten,5th Grade
