nces_id,school_name,district_name,city_name,total_students,frl_eligible_students,national_school_lunch_program,admin_approved
130351001338,A.l. Burruss Elementary School,Marietta City,Marietta,409,195,Yes participating without using any Provision or the CEO,false
130387004127,Aaron Cohn Middle School,Muscogee County,Midland,525,280,Yes under Community Eligibility Option (CEO),false
130002603806,Aaron Cohn Regional Youth Detention Center,Department of Juvenile Justice,Midland,19,16,No,true
130228002378,Abbotts Hill Elementary School,Fulton County,Duluth,508,89,Yes participating without using any Provision or the CEO,false
130025204345,Academy for Classical Education,State Specialty Schools II- Academy For Classical Education,Macon,1808,309,Yes participating without using any Provision or the CEO,false
130438001528,Academy of Richmond County High School,Richmond County,Augusta,1178,1002,Yes under Community Eligibility Option (CEO),true
130129000539,Acworth Elementary School,Cobb County,Acworth,499,345,Yes participating without using any Provision or the CEO,false
130033000185,Adairsville Elementary School,Bartow County,Adairsville,868,543,Yes participating without using any Provision or the CEO,false
130033002352,Adairsville High School,Bartow County,Adairsville,1206,588,Yes participating without using any Provision or the CEO,false
130033002351,Adairsville Middle School,Bartow County,Adairsville,862,482,Yes participating without using any Provision or the CEO,true
130123000480,Adamson Middle School,Clayton County,Rex,509,509,Yes under Community Eligibility Option (CEO),true
130129002022,Addison Elementary School,Cobb County,Marietta,571,192,Yes participating without using any Provision or the CEO,false
130183000833,Albany Middle School,Dougherty County,Albany,792,792,Yes under Community Eligibility Option (CEO),true
130255003395,Alcova Elementary School,Gwinnett County,Dacula,1467,1029,Yes participating without using any Provision or the CEO,false
130393003436,Alcovy High School,Newton County,Covington,1968,1827,Yes under Community Eligibility Option (CEO),true
130186001976,Alexander High School,Douglas County,Douglasville,1830,957,Yes participating without using any Provision or the CEO,false
130042000198,Alexander II Magnet School,Bibb County,Macon,465,263,Yes under Community Eligibility Option (CEO),false
130255002904,Alford Elementary,Gwinnett County,Lawrenceville,828,688,Yes participating without using any Provision or the CEO,false
130183002315,Alice Coachman Elementary School,Dougherty County,Albany,448,448,Yes under Community Eligibility Option (CEO),false
130033001078,Allatoona Elementary School,Bartow County,Acworth,413,349,Yes participating without using any Provision or the CEO,false
130129003781,Allatoona High School,Cobb County,Acworth,1560,458,Yes participating without using any Provision or the CEO,false
130387001446,Allen Elementary School,Muscogee County,Columbus,436,436,Yes under Community Eligibility Option (CEO),false
130402002275,Allgood Elementary School,Paulding County,Dallas,811,586,Yes participating without using any Provision or the CEO,false
130174000667,Allgood Elementary School,DeKalb County,Stone Mountain,614,614,Yes under Community Eligibility Option (CEO),false
130222004320,Alliance Academy for Innovation,Forsyth County,Cumming,1145,103,Yes participating without using any Provision or the CEO,false
130228000974,Alpharetta Elementary School,Fulton County,Alpharetta,498,89,Yes participating without using any Provision or the CEO,false
130228003364,Alpharetta High School,Fulton County,Alpharetta,2024,306,Yes participating without using any Provision or the CEO,false
130240001061,Altama Elementary School,Glynn County,Brunswick,672,672,Yes under Community Eligibility Option (CEO),false
130006000011,Altamaha Elementary School,Appling County,Baxley,381,381,Yes under Community Eligibility Option (CEO),false
130219000949,Alto Park Elementary School,Floyd County,Rome,429,360,Yes participating without using any Provision or the CEO,false
130228003535,Amana Academy School,Fulton County,Alpharetta,667,317,Yes participating without using any Provision or the CEO,true
130026504428,Amana Academy West Atlanta,State Specialty Schools II- Amana Academy West Atlanta,Smyrna,215,74,Yes participating without using any Provision or the CEO,false
130135000578,Ambrose Elementary School,Coffee County,Ambrose,391,391,Yes under Community Eligibility Option (CEO),false
130123000476,Anderson Elementary School,Clayton County,Conley,420,420,Yes under Community Eligibility Option (CEO),false
130255004003,Anderson-Livsey Elementary School,Gwinnett County,Snellville,678,565,Yes participating without using any Provision or the CEO,false
130102000370,Andrea B Williams Elementary School,Savannah-Chatham County,Savannah,414,385,Yes participating without using any Provision or the CEO,false
130249002383,Anita White Carson Middle School,Greene County,Greensboro,388,388,Yes under Community Eligibility Option (CEO),true
130444004206,Anna K. Davie Elementary,Rome City,Rome,413,413,Yes under Community Eligibility Option (CEO),false
130252001099,Anne Street Elementary School,Griffin-Spalding County,Griffin,352,313,Yes under Community Eligibility Option (CEO),false
130186000860,Annette Winn Elementary School,Douglas County,Lithia Springs,341,301,Yes participating without using any Provision or the CEO,false
130498001682,Annie Belle Clark Elementary School,Tift County,Tifton,785,785,Yes under Community Eligibility Option (CEO),false
130255001901,Annistown Elementary School,Gwinnett County,Snellville,686,537,Yes participating without using any Provision or the CEO,false
130570001833,Antioch Elementary School,Whitfield County,Dalton,446,446,Yes under Community Eligibility Option (CEO),false
130029002350,Apalachee High School,Barrow County,Winder,1949,1186,Yes participating without using any Provision or the CEO,false
130006000007,Appling County Elementary School,Appling County,Baxley,1113,1113,Yes under Community Eligibility Option (CEO),false
130006000010,Appling County High School,Appling County,Baxley,1013,1002,Yes under Community Eligibility Option (CEO),true
130006000009,Appling County Middle School,Appling County,Baxley,759,759,Yes under Community Eligibility Option (CEO),true
130042000212,Appling Middle School,Bibb County,Macon,677,498,Yes under Community Eligibility Option (CEO),true
130174003915,Arabia Mountain High School - Academy of Engineering- Medic,DeKalb County,Lithonia,1224,798,Yes under Community Eligibility Option (CEO),true
130150002307,Arbor Springs Elementary,Coweta County,Newnan,395,157,Yes participating without using any Provision or the CEO,false
130186000855,Arbor Station Elementary School,Douglas County,Douglasville,544,407,Yes participating without using any Provision or the CEO,false
130255001902,Arcado Elementary School,Gwinnett County,Lilburn,905,554,Yes participating without using any Provision or the CEO,false
130255003838,Archer High School,Gwinnett County,Lawrenceville,3058,1604,Yes participating without using any Provision or the CEO,false
130129000528,Argyle Elementary School,Cobb County,Smyrna,333,330,Yes under Community Eligibility Option (CEO),false
130219004442,Armuchee Elementary School,Floyd County,Armuchee,401,220,Yes participating without using any Provision or the CEO,false
130219002375,Armuchee High School,Floyd County,Rome,953,456,Yes participating without using any Provision or the CEO,true
130219000882,Armuchee Primary School,Floyd County,Rome,480,267,Yes participating without using any Provision or the CEO,false
130150000825,Arnall Middle School,Coweta County,Newnan,740,448,Yes participating without using any Provision or the CEO,true
130150000753,Arnco-Sargent Elementary School,Coweta County,Newnan,357,254,Yes participating without using any Provision or the CEO,false
130123000469,Arnold Elementary School,Clayton County,Jonesboro,454,454,Yes under Community Eligibility Option (CEO),false
130387001413,Arnold Middle School,Muscogee County,Columbus,582,582,Yes under Community Eligibility Option (CEO),true
130111001443,Arnold Mill Elementary School,Cherokee County,Woodstock,767,202,Yes participating without using any Provision or the CEO,false
130555000685,Arthur Williams Middle School,Wayne County,Jesup,626,613,Yes under Community Eligibility Option (CEO),true
130228001036,Asa Hilliard Elementary School,Fulton County,East Point,474,474,Yes under Community Eligibility Option (CEO),false
130174000729,Ashford Park Elementary School,DeKalb County,Atlanta,757,112,Yes participating without using any Provision or the CEO,false
130243002175,Ashworth Middle School,Gordon County,Calhoun,578,572,Yes under Community Eligibility Option (CEO),true
130539002516,Atha Road Elementary School,Walton County,Monroe,771,459,Yes participating without using any Provision or the CEO,false
130009000015,Atkinson County High School,Atkinson County,Pearson,447,359,Yes under Provision 2,true
130009003996,Atkinson County Middle School,Atkinson County,Pearson,336,288,Yes under Provision 2,true
130252001102,Atkinson Elementary School,Griffin-Spalding County,Griffin,366,330,Yes under Community Eligibility Option (CEO),false
130150000748,Atkinson Elementary School,Coweta County,Newnan,398,258,Yes participating without using any Provision or the CEO,false
130048003907,Atkinson Elementary School,Brantley County,Waynesville,276,276,Yes under Community Eligibility Option (CEO),false
130025404352,Atlanta Area School for the Deaf,State Schools,Clarkston,110,41,Yes under Community Eligibility Option (CEO),false
130012004145,Atlanta Classical Academy,Atlanta Public Schools,Atlanta,697,119,Yes participating without using any Provision or the CEO,false
130022104021,Atlanta Heights Charter School,State Specialty Schools II- Atlanta Heights Charter School,Atlanta,663,663,Yes under Community Eligibility Option (CEO),true
130012002615,Atlanta Neighborhood Charter - Elementary,Atlanta Public Schools,Atlanta,394,57,Yes participating without using any Provision or the CEO,false
130012003541,Atlanta Neighborhood Charter - Middle,Atlanta Public Schools,Atlanta,233,35,Yes participating without using any Provision or the CEO,false
130025904374,Atlanta Smart Academy,State Specialty Schools II- Atlanta SMART Academy,Atlanta,221,221,Yes under Community Eligibility Option (CEO),false
130026104376,Atlanta Unbound Academy,State Specialty Schools II- Atlanta Unbound Academy,College Park,199,199,Yes under Community Eligibility Option (CEO),false
130002604089,Atlanta Youth Development Campus,Department of Juvenile Justice,College Park,24,21,No,true
130029000178,Auburn Elementary School,Barrow County,Auburn,678,457,Yes participating without using any Provision or the CEO,false
130002603498,Augusta Regional Youth Detention Center,Department of Juvenile Justice,Augusta,11,8,No,true
130002603488,Augusta Youth Development Campus,Department of Juvenile Justice,Augusta,28,25,No,true
130129003529,Austell Elementary School,Cobb County,Austell,367,367,Yes under Community Eligibility Option (CEO),false
130174000637,Austin Elementary School,DeKalb County,Dunwoody,803,38,Yes participating without using any Provision or the CEO,false
130282000378,Austin Road Elementary School,Henry County,Stockbridge,414,322,Yes participating without using any Provision or the CEO,false
130029004665,Austin Road Elementary School,Barrow County,Winder,700,429,Yes participating without using any Provision or the CEO,false
130282001663,Austin Road Middle School,Henry County,Stockbridge,550,399,Yes participating without using any Provision or the CEO,true
130228002886,Autrey Mill Middle School,Fulton County,Alpharetta,1256,187,Yes participating without using any Provision or the CEO,false
130111003309,Avery Elementary School,Cherokee County,Canton,1104,249,Yes participating without using any Provision or the CEO,false
130174000694,Avondale Elementary School,DeKalb County,Avondale Estates,521,477,Yes under Community Eligibility Option (CEO),false
130129000566,Awtrey Middle School,Cobb County,Kennesaw,593,285,Yes participating without using any Provision or the CEO,false
130252003588,Az Kelsey Academy,Griffin-Spalding County,Griffin,47,46,Yes under Community Eligibility Option (CEO),true
130012003558,B.e.s.t Academy,Atlanta Public Schools,Atlanta,268,259,Yes under Community Eligibility Option (CEO),true
130123000496,Babb Middle School,Clayton County,Forest Park,881,881,Yes under Community Eligibility Option (CEO),true
130015000151,Bacon County Elementary School,Bacon County,Alma,448,448,Yes under Community Eligibility Option (CEO),false
130015002357,Bacon County High School,Bacon County,Alma,633,619,Yes under Community Eligibility Option (CEO),false
130015002349,Bacon County Middle School,Bacon County,Alma,462,425,Yes under Community Eligibility Option (CEO),true
130015000153,Bacon County Primary School,Bacon County,Alma,551,551,Yes under Community Eligibility Option (CEO),false
130555000716,Bacon Elementary School,Wayne County,Jesup,690,690,Yes under Community Eligibility Option (CEO),false
130025604363,Baconton Community Charter School,State Specialty Schools II- Baconton Community Charter Sch,Baconton,941,831,Yes under Community Eligibility Option (CEO),false
130255004181,Baggett Elementary School,Gwinnett County,Lawrenceville,1019,907,Yes participating without using any Provision or the CEO,false
130384002086,Bagley Middle School,Murray County,Chatsworth,457,438,Yes under Community Eligibility Option (CEO),true
130171000612,Bainbridge High School,Decatur County,Bainbridge,1192,1177,Yes under Community Eligibility Option (CEO),true
130171000614,Bainbridge Middle School,Decatur County,Bainbridge,793,793,Yes under Community Eligibility Option (CEO),true
130018004698,Baker County Elementary,Baker County,Newton,138,138,Yes under Community Eligibility Option (CEO),false
130018001867,Baker County High School,Baker County,Newton,77,77,Yes under Community Eligibility Option (CEO),false
130018004266,Baker County Learning Academy,Baker County,Newton,6,,Yes under Community Eligibility Option (CEO),false
130018004691,Baker County Middle School,Baker County,Newton,66,66,Yes under Community Eligibility Option (CEO),false
130129002021,Baker Elementary School,Cobb County,Acworth,738,364,Yes participating without using any Provision or the CEO,false
130387002420,Baker Middle School,Muscogee County,Columbus,631,631,Yes under Community Eligibility Option (CEO),true
130141004042,Baker Place Elementary,Columbia County,Grovetown,958,385,Yes participating without using any Provision or the CEO,false
130255004251,Baldwin Elementary,Gwinnett County,Norcross,914,737,Yes participating without using any Provision or the CEO,false
130258001148,Baldwin Elementary School,Habersham County,Baldwin,422,422,Yes under Community Eligibility Option (CEO),false
130021000158,Baldwin High School,Baldwin County,Milledgeville,1283,900,Yes under Community Eligibility Option (CEO),true
130111000429,Ball Ground Elementary School,Cherokee County,Ball Ground,663,227,Yes participating without using any Provision or the CEO,false
130042003667,Ballard Hudson Middle School,Bibb County,Macon,671,514,Yes under Community Eligibility Option (CEO),true
130024003545,Banks County Elementary School,Banks County,Homer,651,566,Yes under Community Eligibility Option (CEO),false
130024000169,Banks County High School,Banks County,Homer,831,623,Yes under Community Eligibility Option (CEO),false
130024002015,Banks County Middle School,Banks County,Homer,631,511,Yes under Community Eligibility Option (CEO),true
130024000170,Banks County Primary School,Banks County,Homer,685,657,Yes under Community Eligibility Option (CEO),false
130228000967,Banneker High School,Fulton County,College Park,1695,1695,Yes under Community Eligibility Option (CEO),true
130012000077,Barack and Michelle Obama Academy,Atlanta Public Schools,Atlanta,297,297,Yes under Community Eligibility Option (CEO),false
130174004248,Barack H. Obama Elementary Magnet School of Technology,DeKalb County,Atlanta,844,844,Yes under Community Eligibility Option (CEO),false
130129003531,Barber Middle School,Cobb County,Acworth,790,457,Yes participating without using any Provision or the CEO,true
130441001590,Barksdale Elementary School,Rockdale County,Conyers,495,432,Yes under Community Eligibility Option (CEO),false
130117000446,Barnett Shoals Elementary School,Clarke County,Athens,490,490,Yes under Community Eligibility Option (CEO),false
130228001979,Barnwell Elementary School,Fulton County,Alpharetta,672,106,Yes participating without using any Provision or the CEO,false
130029004394,Barrow Arts and Sciences Academy,Barrow County,Winder,967,455,Yes participating without using any Provision or the CEO,false
130117000458,Barrow Elementary School,Clarke County,Athens,456,353,Yes under Community Eligibility Option (CEO),false
130438001552,Barton Chapel Elementary School,Richmond County,Augusta,427,427,Yes under Community Eligibility Option (CEO),false
130111001105,Bascomb Elementary School,Cherokee County,Woodstock,911,176,Yes participating without using any Provision or the CEO,false
130093000346,Battlefield Elementary School,Catoosa County,Fort Oglethorpe,426,212,Yes participating without using any Provision or the CEO,false
130093002496,Battlefield Primary,Catoosa County,Ft Oglethorpe,438,261,Yes participating without using any Provision or the CEO,false
130539001766,Bay Creek Elementary School,Walton County,Loganville,776,539,Yes participating without using any Provision or the CEO,false
130255003870,Bay Creek Middle School,Gwinnett County,Grayson,1510,891,Yes participating without using any Provision or the CEO,false
130084002239,Bay Springs Middle School,Carroll County,Villa Rica,723,282,Yes under Community Eligibility Option (CEO),true
130438001541,Bayvale Elementary School,Richmond County,Augusta,389,389,Yes under Community Eligibility Option (CEO),false
130012003030,Bazoline E. Usher/Collier Heights Elementary School,Atlanta Public Schools,Atlanta,390,390,Yes under Community Eligibility Option (CEO),false
130102000376,Beach High School,Savannah-Chatham County,Savannah,973,829,Yes participating without using any Provision or the CEO,true
130168000796,Beacon Hill Middle School,City Schools of Decatur,Decatur,1285,197,Yes participating without using any Provision or the CEO,false
130228002121,Bear Creek Middle School,Fulton County,Fairburn,971,971,Yes under Community Eligibility Option (CEO),true
130029000175,Bear Creek Middle School,Barrow County,Statham,752,434,Yes participating without using any Provision or the CEO,true
130255001903,Beaver Ridge Elementary School,Gwinnett County,Norcross,984,806,Yes participating without using any Provision or the CEO,false
130252001101,Beaverbrook Elementary School,Griffin-Spalding County,Griffin,318,292,Yes under Community Eligibility Option (CEO),false
130570003684,Beaverdale Elementary School,Whitfield County,Dalton,488,488,Yes under Community Eligibility Option (CEO),false
130012000118,Beecher Hills Elementary School,Atlanta Public Schools,Atlanta,237,237,Yes under Community Eligibility Option (CEO),false
130438004312,Belair Elementary School,Richmond County,Augusta,675,556,Yes under Community Eligibility Option (CEO),false
130438004687,Belair Middle School,Richmond County,Augusta,776,640,Yes under Community Eligibility Option (CEO),false
130129000556,Bells Ferry Elementary School,Cobb County,Marietta,704,433,Yes participating without using any Provision or the CEO,false
130129000538,Belmont Hills Elementary School,Cobb County,Smyrna,267,267,Yes under Community Eligibility Option (CEO),false
130243001072,Belwood Elementary School,Gordon County,Calhoun,530,524,Yes under Community Eligibility Option (CEO),false
130036002149,Ben Hill County Middle School,Ben Hill County,Fitzgerald,594,594,Yes under Community Eligibility Option (CEO),true
130036002148,Ben Hill County Primary School,Ben Hill County,Fitzgerald,815,815,Yes under Community Eligibility Option (CEO),false
130036000190,Ben Hill Elementary School,Ben Hill County,Fitzgerald,552,552,Yes under Community Eligibility Option (CEO),false
130255003813,Benefield Elementary School,Gwinnett County,Lawrenceville,1209,962,Yes participating without using any Provision or the CEO,false
130012001865,Benjamin E. Mays High School,Atlanta Public Schools,Atlanta,1338,1338,Yes under Community Eligibility Option (CEO),true
130213003638,Bennett's Mill Middle School,Fayette County,Fayetteville,876,556,Yes participating without using any Provision or the CEO,true
130012000073,Benteen Elementary School,Atlanta Public Schools,Atlanta,329,291,Yes under Community Eligibility Option (CEO),false
130255001931,Berkeley Lake Elementary School,Gwinnett County,Duluth,838,458,Yes participating without using any Provision or the CEO,false
130255001905,Berkmar High School,Gwinnett County,Lilburn,2975,2279,Yes participating without using any Provision or the CEO,true
130255003385,Berkmar Middle School,Gwinnett County,Lilburn,1039,957,Yes participating without using any Provision or the CEO,true
130042000201,Bernd Elementary School,Bibb County,Macon,356,256,Yes under Community Eligibility Option (CEO),false
130039003523,Berrien Academy Performance Learning Center,Berrien County,Nashville,61,55,Yes under Community Eligibility Option (CEO),true
130039000787,Berrien Elementary School,Berrien County,Nashville,692,692,Yes under Community Eligibility Option (CEO),false
130039000192,Berrien High School,Berrien County,Nashville,850,724,Yes under Community Eligibility Option (CEO),true
130039000228,Berrien Middle School,Berrien County,Nashville,673,630,Yes under Community Eligibility Option (CEO),true
130039000195,Berrien Primary School,Berrien County,Nashville,785,785,Yes under Community Eligibility Option (CEO),false
130000100643,Berta Weathersbee Elementary School,Troup County,Lagrange,252,248,Yes under Community Eligibility Option (CEO),false
130402002588,Bessie L. Baggett Elementary,Paulding County,Powder Springs,549,386,Yes participating without using any Provision or the CEO,false
130255001140,Bethesda Elementary School,Gwinnett County,Lawrenceville,1083,889,Yes participating without using any Provision or the CEO,false
130029000176,Bethlehem Elementary School,Barrow County,Bethlehem,641,394,Yes participating without using any Provision or the CEO,false
130282003566,Bethlehem Elementary School,Henry County,Locust Grove,630,445,Yes participating without using any Provision or the CEO,false
130228001006,Bethune Elementary School,Fulton County,College Park,608,608,Yes under Community Eligibility Option (CEO),false
130099004016,Bethune Middle School,Charlton County,Folkston,453,451,Yes under Community Eligibility Option (CEO),true
130129003795,Betty Gray Middle School,Cobb County,Mableton,702,695,Yes under Community Eligibility Option (CEO),false
130117000452,Bettye Henderson Holston Elementary School,Clarke County,Athens,322,322,Yes under Community Eligibility Option (CEO),false
130186000858,Beulah Elementary School,Douglas County,Douglasville,428,359,Yes participating without using any Provision or the CEO,false
130456001618,Big a Elementary School,Stephens County,Eastanollee,403,403,Yes under Community Eligibility Option (CEO),false
130222000954,Big Creek Elementary School,Forsyth County,Cumming,745,117,Yes participating without using any Provision or the CEO,false
130129000527,Big Shanty Elementary School,Cobb County,Kennesaw,511,260,Yes participating without using any Provision or the CEO,false
130186003346,Bill Arp Elementary School,Douglas County,Douglasville,645,501,Yes participating without using any Provision or the CEO,false
130282004712,Birch Creek Elementary School,Henry County,McDonough,745,554,Yes participating without using any Provision or the CEO,false
130228003874,Birmingham Falls Elementary School,Fulton County,Milton,696,30,Yes participating without using any Provision or the CEO,false
130129000514,Birney Elementary School,Cobb County,Marietta,725,725,Yes under Community Eligibility Option (CEO),false
130489002342,Bishop Hall,Thomas County,Thomasville,143,143,Yes under Community Eligibility Option (CEO),false
130165002254,Black's Mill Elementary School,Dawson County,Dawsonville,570,255,Yes participating without using any Provision or the CEO,false
130342002581,Blackburn Elementary School,Lumpkin County,Dawsonville,779,429,Yes participating without using any Provision or the CEO,false
130387001376,Blackmon Road Middle School,Muscogee County,Columbus,478,376,Yes under Community Eligibility Option (CEO),false
130414001809,Blackshear Elementary School,Pierce County,Blackshear,820,820,Yes under Community Eligibility Option (CEO),false
130129002249,Blackwell Elementary School,Cobb County,Marietta,580,311,Yes participating without using any Provision or the CEO,false
130150004423,Blake Bass Middle School,Coweta County,Sharpsburg,887,269,Yes participating without using any Provision or the CEO,false
130066002817,Blakeney Elementary,Burke County,Waynesboro,726,726,Yes under Community Eligibility Option (CEO),false
130387001412,Blanchard Elementary School,Muscogee County,Columbus,451,372,Yes under Community Eligibility Option (CEO),false
130198003348,Blandford Elementary School,Effingham County,Rincon,987,502,Yes participating without using any Provision or the CEO,false
130044001920,Bleckley County Elementary School,Bleckley County,Cochran,579,537,Yes under Community Eligibility Option (CEO),false
130044000253,Bleckley County High School,Bleckley County,Cochran,680,480,Yes under Community Eligibility Option (CEO),true
130044000256,Bleckley County Primary School,Bleckley County,Cochran,689,689,Yes under Community Eligibility Option (CEO),false
130044004162,Bleckley County Success Academy,Bleckley County,Cochran,83,83,Yes under Community Eligibility Option (CEO),true
130044000254,Bleckley Middle School,Bleckley County,Cochran,550,469,Yes under Community Eligibility Option (CEO),true
130102000403,Bloomingdale Elementary School,Savannah-Chatham County,Savannah,350,266,Yes participating without using any Provision or the CEO,false
130210000916,Blue Ridge Elementary School,Fannin County,Blue Ridge,383,379,Yes under Community Eligibility Option (CEO),false
130162003476,Blue Ridge Elementary School,Dalton Public Schools,Dalton,632,539,Yes under Provision 2,false
130141001997,Blue Ridge Elementary School,Columbia County,Evans,612,297,Yes participating without using any Provision or the CEO,false
130438001532,Blythe Elementary School,Richmond County,Blythe,333,333,Yes under Community Eligibility Option (CEO),false
130174000640,Bob Mathis Elementary School,DeKalb County,Decatur,368,368,Yes under Community Eligibility Option (CEO),false
130002603511,Bob Richards Regional Youth Detention Center,Department of Juvenile Justice,Rome,14,7,No,true
130012003028,Bolton Academy Elementary,Atlanta Public Schools,Atlanta,590,278,Yes under Community Eligibility Option (CEO),false
130288001218,Bonaire Elementary School,Houston County,Bonaire,547,213,Yes participating without using any Provision or the CEO,false
130288001677,Bonaire Middle School,Houston County,Bonaire,1151,464,Yes participating without using any Provision or the CEO,false
130288004380,Bonaire Primary School,Houston County,Bonaire,564,247,Yes participating without using any Provision or the CEO,false
130012004174,Booker T. Washington High School,Atlanta Public Schools,Atlanta,856,856,Yes under Community Eligibility Option (CEO),true
130111002020,Boston Elementary School,Cherokee County,Woodstock,651,257,Yes participating without using any Provision or the CEO,false
130084000332,Bowdon Elementary School,Carroll County,Bowdon,781,407,Yes under Community Eligibility Option (CEO),false
130084000330,Bowdon High School,Carroll County,Bowdon,428,173,Yes under Community Eligibility Option (CEO),false
130084002356,Bowdon Middle School,Carroll County,Bowdon,338,144,Yes under Community Eligibility Option (CEO),true
130093000845,Boynton Elementary School,Catoosa County,Ringgold,580,224,Yes participating without using any Provision or the CEO,false
130000103620,Bradfield Center - Ault Academy,Troup County,LaGrange,24,21,Yes under Provision 2,true
130330001303,Bradwell Institute,Liberty County,Hinesville,1900,1689,Yes under Community Eligibility Option (CEO),true
130213002115,Braelinn Elementary School,Fayette County,Peachtree City,538,50,Yes participating without using any Provision or the CEO,false
130029000134,Bramlett Elementary School,Barrow County,Auburn,654,335,Yes participating without using any Provision or the CEO,false
130222004233,Brandywine Elementary School,Forsyth County,Alpharetta,968,350,Yes participating without using any Provision or the CEO,false
130048000258,Brantley County High School,Brantley County,Nahunta,921,638,Yes under Community Eligibility Option (CEO),true
130048000232,Brantley County Middle School,Brantley County,Nahunta,493,469,Yes under Community Eligibility Option (CEO),true
130051003762,Bremen 4th & 5th Grade Academy,Bremen City,Bremen,341,87,Yes participating without using any Provision or the CEO,false
130051002455,Bremen High School,Bremen City,Bremen,744,184,Yes participating without using any Provision or the CEO,false
130051003757,Bremen Middle School,Bremen City,Bremen,507,137,Yes participating without using any Provision or the CEO,false
130387002184,Brewer Elementary School,Muscogee County,Columbus,367,367,Yes under Community Eligibility Option (CEO),false
130174000710,Briar Vista Elementary School,DeKalb County,Atlanta,482,343,Yes under Community Eligibility Option (CEO),false
130174000728,Briarlake Elementary School,DeKalb County,Decatur,360,134,Yes participating without using any Provision or the CEO,false
130186002156,Bright Star Elementary School,Douglas County,Douglasville,481,411,Yes participating without using any Provision or the CEO,false
130186003670,Brighten Academy,Douglas County,Douglasville,812,283,Yes participating without using any Provision or the CEO,false
130387001405,Britt David Elementary Computer Magnet Academy,Muscogee County,Columbus,552,93,Yes participating without using any Provision or the CEO,false
130255001134,Britt Elementary School,Gwinnett County,Snellville,561,447,Yes participating without using any Provision or the CEO,false
130174000654,Brockett Elementary School,DeKalb County,Tucker,394,362,Yes under Community Eligibility Option (CEO),false
130024204249,Brookhaven Innovation Academy,State Specialty Schools II- Brookhaven Innovation Academy,Norcross,524,135,Yes participating without using any Provision or the CEO,true
130063000277,Brooklet Elementary School,Bulloch County,Brooklet,808,567,Yes participating without using any Provision or the CEO,false
130054004267,Brooks County Early Learning Center,Brooks County,Quitman,91,91,Yes under Community Eligibility Option (CEO),false
130054000263,Brooks County High School,Brooks County,Quitman,542,542,Yes under Community Eligibility Option (CEO),true
130054001417,Brooks County Middle School,Brooks County,Quitman,489,489,Yes under Community Eligibility Option (CEO),true
130150003881,Brooks Elementary,Coweta County,Newnan,835,234,Yes participating without using any Provision or the CEO,false
130228000997,Brookview Elementary School,Fulton County,East Point,425,425,Yes under Community Eligibility Option (CEO),false
130222003923,Brookwood Elementary,Forsyth County,Cumming,810,112,Yes participating without using any Provision or the CEO,false
130162000783,Brookwood Elementary School,Dalton Public Schools,Dalton,688,387,Yes participating without using any Provision or the CEO,false
130141002072,Brookwood Elementary School,Columbia County,Grovetown,559,330,Yes participating without using any Provision or the CEO,false
130255001961,Brookwood Elementary School,Gwinnett County,Snellville,1422,665,Yes participating without using any Provision or the CEO,false
130255001906,Brookwood High School,Gwinnett County,Snellville,3803,1537,Yes participating without using any Provision or the CEO,false
130123000462,Brown Elementary School,Clayton County,Jonesboro,671,671,Yes under Community Eligibility Option (CEO),false
130174002112,Browns Mill Elementary School,DeKalb County,Lithonia,411,411,Yes under Community Eligibility Option (CEO),false
130135000576,Broxton-Mary Hayes Elementary,Coffee County,Broxton,304,304,Yes under Community Eligibility Option (CEO),false
130042003744,Bruce Elementary School,Bibb County,Macon,411,325,Yes under Community Eligibility Option (CEO),false
130129000555,Brumby Elementary School,Cobb County,Marietta,963,754,Yes participating without using any Provision or the CEO,false
130240001068,Brunswick High School,Glynn County,Brunswick,1951,1775,Yes under Community Eligibility Option (CEO),false
130057001948,Bryan County Elementary School,Bryan County,Pembroke,1020,728,Yes participating without using any Provision or the CEO,false
130057002396,Bryan County High School,Bryan County,Pembroke,522,335,Yes participating without using any Provision or the CEO,true
130057002395,Bryan County Middle School,Bryan County,Pembroke,430,306,Yes participating without using any Provision or the CEO,true
130129002158,Bryant Elementary School,Cobb County,Mableton,865,865,Yes under Community Eligibility Option (CEO),false
130267001180,Buchanan Elementary School,Haralson County,Buchanan,377,377,Yes under Community Eligibility Option (CEO),false
130267001184,Buchanan Primary School,Haralson County,Buchanan,476,476,Yes under Community Eligibility Option (CEO),false
130060002345,Buford Academy,Buford City,Buford,816,325,Yes participating without using any Provision or the CEO,false
130060000275,Buford Elementary School,Buford City,Buford,431,147,Yes participating without using any Provision or the CEO,false
130060000274,Buford High School,Buford City,Buford,1966,687,Yes participating without using any Provision or the CEO,false
130060000276,Buford Middle School,Buford City,Buford,1426,523,Yes participating without using any Provision or the CEO,true
130060004338,Buford Senior Academy,Buford City,Buford,1368,504,Yes participating without using any Provision or the CEO,false
130129002840,Bullard Elementary School,Cobb County,Kennesaw,799,223,Yes participating without using any Provision or the CEO,false
130042002604,Burdell Elementary School,Bibb County,Macon,433,333,Yes under Community Eligibility Option (CEO),false
130012003471,Burgess-Peterson Elementary School,Atlanta Public Schools,Atlanta,580,281,Yes under Community Eligibility Option (CEO),false
130066001991,Burke County High School,Burke County,Waynesboro,1133,965,Yes under Community Eligibility Option (CEO),true
130066001990,Burke County Middle School,Burke County,Waynesboro,828,818,Yes under Community Eligibility Option (CEO),true
130186002159,Burnett Elementary School,Douglas County,Douglasville,380,352,Yes participating without using any Provision or the CEO,false
130255003979,Burnette Elementary School,Gwinnett County,Suwanee,664,293,Yes participating without using any Provision or the CEO,false
130117000456,Burney-Harris-Lyons Middle School,Clarke County,Athens,707,707,Yes under Community Eligibility Option (CEO),true
130402003655,Burnt Hickory Elementary School,Paulding County,Dallas,996,269,Yes participating without using any Provision or the CEO,false
130240001067,Burroughs-Molette Elementary School,Glynn County,Brunswick,546,546,Yes under Community Eligibility Option (CEO),false
130102000392,Butler Elementary School,Savannah-Chatham County,Savannah,524,468,Yes participating without using any Provision or the CEO,false
130438001562,Butler High School,Richmond County,Augusta,878,878,Yes under Community Eligibility Option (CEO),true
130330001301,Button Gwinnett Elementary School,Liberty County,Hinesville,1162,1109,Yes under Community Eligibility Option (CEO),false
130405001481,Byron Elementary School,Peach County,Byron,706,706,Yes under Community Eligibility Option (CEO),false
130405001807,Byron Middle School,Peach County,Byron,452,383,Yes under Community Eligibility Option (CEO),true
130402002274,C. A. Roberts Elementary School,Paulding County,Dallas,668,364,Yes participating without using any Provision or the CEO,false
130288002498,C. B. Watson Primary School,Houston County,Warner Robins,618,618,Yes under Community Eligibility Option (CEO),false
130261002326,C. W. Davis Middle School,Hall County,Flowery Branch,748,397,Yes participating without using any Provision or the CEO,false
130138000588,Ca Gray Junior High School,Colquitt County,Moultrie,1389,1389,Yes under Community Eligibility Option (CEO),true
130002604354,Cadwell Rydc,Department of Juvenile Justice,Cadwell,15,11,No,false
130246001083,Cairo High School,Grady County,Cairo,1317,1180,Yes under Community Eligibility Option (CEO),true
130075000311,Calhoun County Elementary School,Calhoun County,Edison,207,207,Yes under Community Eligibility Option (CEO),false
130075004081,Calhoun County High School,Calhoun County,Edison,146,130,Yes under Community Eligibility Option (CEO),true
130075004098,Calhoun County Middle School,Calhoun County,Edison,90,90,Yes under Community Eligibility Option (CEO),true
130072004451,Calhoun Early Learning Academy,Calhoun City,Calhoun,503,461,Yes under Community Eligibility Option (CEO),false
130072002216,Calhoun Elementary School,Calhoun City,Calhoun,922,809,Yes under Community Eligibility Option (CEO),false
130072000305,Calhoun High School,Calhoun City,Calhoun,1282,975,Yes under Community Eligibility Option (CEO),true
130072000307,Calhoun Middle School,Calhoun City,Calhoun,573,478,Yes under Community Eligibility Option (CEO),true
130072000306,Calhoun Primary School,Calhoun City,Calhoun,913,834,Yes under Community Eligibility Option (CEO),false
130123002470,Callaway Elementary School,Clayton County,Jonesboro,677,677,Yes under Community Eligibility Option (CEO),false
130000103789,Callaway Elementary School,Troup County,LaGrange,638,606,Yes under Community Eligibility Option (CEO),false
130000102444,Callaway High School,Troup County,Hogansville,930,930,Yes under Community Eligibility Option (CEO),true
130000102443,Callaway Middle School,Troup County,LaGrange,656,656,Yes under Community Eligibility Option (CEO),true
130228004099,Cambridge High School,Fulton County,Milton,1602,172,Yes participating without using any Provision or the CEO,false
130078000315,Camden County High School,Camden County,Kingsland,2912,1264,Yes participating without using any Provision or the CEO,true
130078001875,Camden Middle School,Camden County,Kingsland,1078,608,Yes participating without using any Provision or the CEO,true
130255001130,Camp Creek Elementary School,Gwinnett County,Lilburn,1425,717,Yes participating without using any Provision or the CEO,false
130228001956,Camp Creek Middle School,Fulton County,Atlanta,748,748,Yes under Community Eligibility Option (CEO),true
130228000998,Campbell Elementary School,Fulton County,Fairburn,730,730,Yes under Community Eligibility Option (CEO),false
130129000537,Campbell High School,Cobb County,Smyrna,3085,1608,Yes participating without using any Provision or the CEO,false
130129002070,Campbell Middle School,Cobb County,Smyrna,1368,773,Yes participating without using any Provision or the CEO,true
130174000727,Canby Lane Elementary School,DeKalb County,Decatur,446,446,Yes under Community Eligibility Option (CEO),false
130150000208,Canongate Elementary School,Coweta County,Sharpsburg,645,182,Yes participating without using any Provision or the CEO,false
130402003822,Carl Scoggins Sr. Middle School,Paulding County,Dallas,809,427,Yes participating without using any Provision or the CEO,false
130111002359,Carmel Elementary School,Cherokee County,Woodstock,912,494,Yes participating without using any Provision or the CEO,false
130225003359,Carnesville Elementary School,Franklin County,Carnesville,637,637,Yes under Community Eligibility Option (CEO),false
130087000088,Carrollton Elementary School,Carrollton City,Carrollton,1894,1222,Yes participating without using any Provision or the CEO,false
130087000334,Carrollton High School,Carrollton City,Carrollton,1859,938,Yes participating without using any Provision or the CEO,false
130087000336,Carrollton Middle School,Carrollton City,Carrollton,1280,749,Yes participating without using any Provision or the CEO,false
130087003474,Carrollton Upper Elementary,Carrollton City,Carrollton,817,495,Yes participating without using any Provision or the CEO,false
130042000790,Carter Elementary School,Bibb County,Macon,520,300,Yes under Community Eligibility Option (CEO),false
130090002098,Cartersville Elementary School,Cartersville City,Cartersville,629,386,Yes participating without using any Provision or the CEO,false
130090000341,Cartersville High School,Cartersville City,Cartersville,1469,770,Yes participating without using any Provision or the CEO,false
130090000342,Cartersville Middle School,Cartersville City,Cartersville,1081,592,Yes participating without using any Provision or the CEO,true
130090000343,Cartersville Primary School,Cartersville City,Cartersville,1507,897,Yes participating without using any Provision or the CEO,false
130306001263,Carver Elementary School,Jefferson County,Wadley,197,197,Yes under Community Eligibility Option (CEO),false
130012004223,Carver High School,Atlanta Public Schools,Atlanta,544,544,Yes under Community Eligibility Option (CEO),true
130387001439,Carver High School,Muscogee County,Columbus,887,887,Yes under Community Eligibility Option (CEO),true
130012003540,Carver High School Early College,Atlanta Public Schools,Atlanta,514,514,Yes under Community Eligibility Option (CEO),true
130539000031,Carver Middle School,Walton County,Monroe,914,591,Yes participating without using any Provision or the CEO,true
130252003448,Carver Road Middle School,Griffin-Spalding County,Griffin,435,435,Yes under Community Eligibility Option (CEO),true
130174000734,Cary Reynolds Elementary School,DeKalb County,Atlanta,267,232,Yes under Community Eligibility Option (CEO),false
130012000092,Cascade Elementary School,Atlanta Public Schools,Atlanta,314,314,Yes under Community Eligibility Option (CEO),false
130033000181,Cass High School,Bartow County,White,1570,978,Yes participating without using any Provision or the CEO,false
130033001868,Cass Middle School,Bartow County,Cartersville,917,627,Yes participating without using any Provision or the CEO,true
130174000645,Cedar Grove Elementary School,DeKalb County,Ellenwood,531,531,Yes under Community Eligibility Option (CEO),false
130174000639,Cedar Grove High School,DeKalb County,Ellenwood,1121,1121,Yes under Community Eligibility Option (CEO),true
130174002310,Cedar Grove Middle School,DeKalb County,Decatur,685,685,Yes under Community Eligibility Option (CEO),true
130255002041,Cedar Hill Elementary School,Gwinnett County,Lawrenceville,896,736,Yes participating without using any Provision or the CEO,false
130570003844,Cedar Ridge Elementary,Whitfield County,Dalton,399,399,Yes under Community Eligibility Option (CEO),false
130141003554,Cedar Ridge Elementary School,Columbia County,Grovetown,1060,529,Yes participating without using any Provision or the CEO,false
130117000453,Cedar Shoals High School,Clarke County,Athens,1489,1489,Yes under Community Eligibility Option (CEO),true
130420001510,Cedartown High School,Polk County,Cedartown,1448,919,Yes under Community Eligibility Option (CEO),true
130420002594,Cedartown Middle School,Polk County,Cedartown,997,800,Yes under Community Eligibility Option (CEO),true
130231000037,Centennial Arts Academy,Gainesville City,Gainesville,760,553,Yes under Provision 2,false
130228002181,Centennial High School,Fulton County,Roswell,1643,707,Yes participating without using any Provision or the CEO,false
130012002290,Centennial Place Academy (Charter),Atlanta Public Schools,Atlanta,757,757,Yes under Community Eligibility Option (CEO),true
130543001395,Center Elementary School,Ware County,Waycross,470,450,Yes under Community Eligibility Option (CEO),false
130288001231,Centerville Elementary School,Houston County,Centerville,679,670,Yes under Community Eligibility Option (CEO),false
130255001116,Centerville Elementary School,Gwinnett County,Snellville,655,541,Yes participating without using any Provision or the CEO,false
130084000326,Central Elementary School,Carroll County,Carrollton,991,432,Yes under Community Eligibility Option (CEO),false
130465001637,Central Elementary/High School,Talbot County,Talbotton,364,361,Yes under Community Eligibility Option (CEO),true
130255001129,Central Gwinnett High School,Gwinnett County,Lawrenceville,2414,1692,Yes participating without using any Provision or the CEO,true
130084000331,Central High School,Carroll County,Carrollton,1338,515,Yes under Community Eligibility Option (CEO),false
130042001942,Central High School,Bibb County,Macon,892,495,Yes under Community Eligibility Option (CEO),true
130084000321,Central Middle School,Carroll County,Carrollton,1009,382,Yes under Community Eligibility Option (CEO),true
130279001200,Centralhatchee Elementary School,Heard County,Franklin,190,186,Yes under Community Eligibility Option (CEO),false
130129002058,Chalker Elementary School,Cobb County,Kennesaw,679,323,Yes participating without using any Provision or the CEO,false
130174000692,Chamblee High School,DeKalb County,Chamblee,1867,813,Yes participating without using any Provision or the CEO,true
130174003336,Chamblee Middle School,DeKalb County,Chamblee,1018,312,Yes participating without using any Provision or the CEO,false
130174000653,Chapel Hill Elementary School,DeKalb County,Decatur,495,495,Yes under Community Eligibility Option (CEO),false
130186003628,Chapel Hill Elementary School,Douglas County,Douglasville,620,429,Yes participating without using any Provision or the CEO,false
130186002317,Chapel Hill High School,Douglas County,Douglasville,1646,945,Yes participating without using any Provision or the CEO,false
130174000083,Chapel Hill Middle School,DeKalb County,Decatur,614,614,Yes under Community Eligibility Option (CEO),true
130186000865,Chapel Hill Middle School,Douglas County,Douglasville,1036,609,Yes participating without using any Provision or the CEO,false
130012004161,Charles Drew Charter Ja/Sr Academy,Atlanta Public Schools,Atlanta,941,397,Yes participating without using any Provision or the CEO,true
130012000139,Charles L. Gideons Elementary School,Atlanta Public Schools,Atlanta,311,311,Yes under Community Eligibility Option (CEO),false
130012002453,Charles R. Drew Charter School,Atlanta Public Schools,Atlanta,961,365,Yes participating without using any Provision or the CEO,false
130123003855,Charles R. Drew High School,Clayton County,Riverdale,1708,1708,Yes under Community Eligibility Option (CEO),true
130498001688,Charles Spencer Elementary School,Tift County,Tifton,428,428,Yes under Community Eligibility Option (CEO),false
130099000358,Charlton County High School,Charlton County,Folkston,417,318,Yes under Community Eligibility Option (CEO),false
130384001384,Chatsworth Elementary School,Murray County,Chatsworth,665,665,Yes under Community Eligibility Option (CEO),false
130105000416,Chattahoochee County Education Center,Chattahoochee County,Cusseta,285,270,Yes under Community Eligibility Option (CEO),false
130105003525,Chattahoochee County High School,Chattahoochee County,Cusseta,464,272,Yes participating without using any Provision or the CEO,false
130105002358,Chattahoochee County Middle School,Chattahoochee County,Cusseta,199,132,Yes participating without using any Provision or the CEO,true
130222000268,Chattahoochee Elementary School,Forsyth County,Cumming,810,438,Yes participating without using any Provision or the CEO,false
130255002082,Chattahoochee Elementary School,Gwinnett County,Duluth,1133,548,Yes participating without using any Provision or the CEO,false
130228002172,Chattahoochee High School,Fulton County,Alpharetta,1730,282,Yes participating without using any Provision or the CEO,false
130228004147,Chattahoochee Hills Charter School,Fulton County,Fairburn,536,445,Yes under Community Eligibility Option (CEO),true
130537001760,Chattanooga Valley Elementary School,Walker County,Flintstone,418,375,Yes under Community Eligibility Option (CEO),false
130537003457,Chattanooga Valley Middle School,Walker County,Flintstone,449,428,Yes under Community Eligibility Option (CEO),true
130108000418,Chattooga High School,Chattooga County,Summerville,775,606,Yes participating without using any Provision or the CEO,true
130129002138,Cheatham Hill Elementary School,Cobb County,Marietta,1021,424,Yes participating without using any Provision or the CEO,false
130261004327,Cherokee Bluff High School,Hall County,Flowery Branch,1202,379,Yes participating without using any Provision or the CEO,false
130261004308,Cherokee Bluff Middle,Hall County,Flowery Branch,828,304,Yes participating without using any Provision or the CEO,false
130420001916,Cherokee Elementary School,Polk County,Cedartown,575,472,Yes under Community Eligibility Option (CEO),false
130111000432,Cherokee High School,Cherokee County,Canton,3012,1390,Yes participating without using any Provision or the CEO,false
130537002287,Cherokee Ridge Elementary,Walker County,Chickamauga,548,548,Yes under Community Eligibility Option (CEO),false
130255003399,Chesney Elementary School,Gwinnett County,Duluth,1165,916,Yes participating without using any Provision or the CEO,false
130174000724,Chesnut Elementary School,DeKalb County,Dunwoody,551,285,Yes participating without using any Provision or the CEO,false
130222002881,Chestatee Elementary,Forsyth County,Gainesville,1159,492,Yes participating without using any Provision or the CEO,false
130261002569,Chestatee High School,Hall County,Gainesville,1245,779,Yes participating without using any Provision or the CEO,false
130261002327,Chestatee Middle School,Hall County,Gainesville,834,596,Yes participating without using any Provision or the CEO,true
130186002000,Chestnut Log Middle School,Douglas County,Douglasville,719,604,Yes participating without using any Provision or the CEO,true
130261001173,Chestnut Mountain Elementary School,Hall County,Flowery Branch,918,380,Yes participating without using any Provision or the CEO,false
130114000441,Chickamauga Elementary School,Chickamauga City,Chickamauga,544,149,Yes participating without using any Provision or the CEO,false
130261003404,Chicopee Elementary School,Hall County,Gainesville,809,748,Yes participating without using any Provision or the CEO,false
130123000490,Church Street Elementary School,Clayton County,Riverdale,706,706,Yes under Community Eligibility Option (CEO),false
130023904226,Cirrus Charter Academy,State Specialty Schools II- Cirrus Charter Academy,Macon,429,429,Yes under Community Eligibility Option (CEO),true
130162002460,City Park Elementary School,Dalton Public Schools,Dalton,707,514,Yes under Provision 2,false
130129000520,City View Elementary School,Cobb County,Mableton,870,870,Yes under Community Eligibility Option (CEO),false
130168000798,Clairemont Elementary School,City Schools of Decatur,Decatur,162,52,Yes participating without using any Provision or the CEO,false
130111004072,Clark Creek Elementary School,Cherokee County,Acworth,1108,591,Yes participating without using any Provision or the CEO,false
130129000526,Clarkdale Elementary School,Cobb County,Austell,785,785,Yes under Community Eligibility Option (CEO),false
130117000449,Clarke Central High School,Clarke County,Athens,1907,1574,Yes under Community Eligibility Option (CEO),true
130117000443,Clarke Middle School,Clarke County,Athens,718,602,Yes under Community Eligibility Option (CEO),true
130258002042,Clarkesville Elementary School,Habersham County,Clarkesville,466,466,Yes under Community Eligibility Option (CEO),false
130174000708,Clarkston High School,DeKalb County,Clarkston,1441,1441,Yes under Community Eligibility Option (CEO),true
130117002831,Classic City High School,Clarke County,Athens,58,48,Yes under Community Eligibility Option (CEO),true
130207002257,Claxton Elementary School,Evans County,Claxton,831,831,Yes under Community Eligibility Option (CEO),false
130207000909,Claxton High School,Evans County,Claxton,471,471,Yes under Community Eligibility Option (CEO),true
130207000911,Claxton Middle School,Evans County,Claxton,385,385,Yes under Community Eligibility Option (CEO),true
130002603501,Claxton Regional Youth Detention Center,Department of Juvenile Justice,Claxton,10,7,No,true
130120002834,Clay County Elementary,Clay County,Fort Gaines,143,143,Yes under Community Eligibility Option (CEO),false
130120002833,Clay County Middle School,Clay County,Fort Gaines,48,48,Yes under Community Eligibility Option (CEO),true
130129000572,Clay-Harmony Leland Elementary School,Cobb County,Mableton,1013,980,Yes under Community Eligibility Option (CEO),false
130111000428,Clayton Elementary School,Cherokee County,Canton,290,126,Yes participating without using any Provision or the CEO,false
130033003287,Clear Creek Elementary School,Bartow County,Cartersville,614,395,Yes participating without using any Provision or the CEO,false
130234004093,Clear Creek Elementary School,Gilmer County,Ellijay,575,284,Yes under Community Eligibility Option (CEO),false
130234003371,Clear Creek Middle School,Gilmer County,Ellijay,904,459,Yes under Community Eligibility Option (CEO),true
130000104317,Clearview Elementary School,Troup County,LaGrange,676,644,Yes under Community Eligibility Option (CEO),false
130393003869,Clements Middle School,Newton County,Covington,705,705,Yes under Community Eligibility Option (CEO),true
130012000091,Cleveland Avenue Elementary School,Atlanta Public Schools,Atlanta,253,253,Yes under Community Eligibility Option (CEO),false
130213002554,Cleveland Elementary School,Fayette County,Fayetteville,414,196,Yes participating without using any Provision or the CEO,false
130117002102,Cleveland Road Elementary School,Clarke County,Bogart,256,256,Yes under Community Eligibility Option (CEO),false
130315002502,Clifton Ridge Middle School,Jones County,Macon,482,218,Yes under Community Eligibility Option (CEO),true
130228003940,Cliftondale Elementary School,Fulton County,College Park,694,694,Yes under Community Eligibility Option (CEO),false
130126002362,Clinch County Elementary School,Clinch County,Homerville,625,625,Yes under Community Eligibility Option (CEO),false
130126000504,Clinch County High School,Clinch County,Homerville,335,305,Yes under Community Eligibility Option (CEO),true
130126002106,Clinch County Middle School,Clinch County,Homerville,282,282,Yes under Community Eligibility Option (CEO),false
130093000347,Cloud Springs Elementary School,Catoosa County,Rossville,346,342,Yes under Community Eligibility Option (CEO),false
130033000180,Cloverleaf Elementary,Bartow County,Cartersville,646,446,Yes participating without using any Provision or the CEO,false
130387001411,Clubview Elementary School,Muscogee County,Columbus,566,372,Yes under Community Eligibility Option (CEO),false
130339001316,Clyattville Elementary School,Lowndes County,Valdosta,614,,Yes under Community Eligibility Option (CEO),false
130570004053,Coahulla Creek High School,Whitfield County,Dalton,1041,825,Yes under Community Eligibility Option (CEO),false
130222001895,Coal Mountain Elementary School,Forsyth County,Cumming,747,235,Yes participating without using any Provision or the CEO,false
130102003772,Coastal Empire Montessori Charter School,Savannah-Chatham County,Savannah,216,158,Yes participating without using any Provision or the CEO,false
130102002019,Coastal Middle School,Savannah-Chatham County,Savannah,486,234,Yes participating without using any Provision or the CEO,false
130024604299,Coastal Plains High School,State Specialty Schools I- Coastal Plains High School,Brunswick,1161,321,Yes participating without using any Provision or the CEO,true
130129004303,Cobb Horizon High School,Cobb County,Atlanta,927,854,Yes under Community Eligibility Option (CEO),false
130135000581,Coffee County High School,Coffee County,Douglas,1373,,Yes under Community Eligibility Option (CEO),true
130135003321,Coffee Middle School,Coffee County,Douglas,1591,1591,Yes under Community Eligibility Option (CEO),true
130228003365,Cogburn Woods Elementary School,Fulton County,Alpharetta,786,110,Yes participating without using any Provision or the CEO,false
130570001829,Cohutta Elementary School,Whitfield County,Cohutta,287,255,Yes under Community Eligibility Option (CEO),false
130117001106,Coile Middle School,Clarke County,Athens,582,582,Yes under Community Eligibility Option (CEO),true
130384001012,Coker Elementary School,Murray County,Chatsworth,613,,Yes under Community Eligibility Option (CEO),false
130348001330,Colbert Elementary School,Madison County,Colbert,443,388,Yes under Community Eligibility Option (CEO),false
130255004234,Coleman Middle School,Gwinnett County,Duluth,711,331,Yes participating without using any Provision or the CEO,false
130396001465,Colham Ferry Elementary School,Oconee County,Watkinsville,587,123,Yes participating without using any Provision or the CEO,false
130228004201,College Park Elementary,Fulton County,College Park,475,475,Yes under Community Eligibility Option (CEO),false
130255000959,Collins Hill High School,Gwinnett County,Suwanee,2485,1383,Yes participating without using any Provision or the CEO,false
130138000591,Colquitt County High School,Colquitt County,Norman Park,1932,,Yes under Community Eligibility Option (CEO),false
130174000652,Columbia Elementary School,DeKalb County,Decatur,364,364,Yes under Community Eligibility Option (CEO),false
130174000666,Columbia High School,DeKalb County,Decatur,877,877,Yes under Community Eligibility Option (CEO),true
130174002480,Columbia Middle School,DeKalb County,Decatur,571,571,Yes under Community Eligibility Option (CEO),true
130141000607,Columbia Middle School,Columbia County,Grovetown,903,399,Yes participating without using any Provision or the CEO,false
130387001406,Columbus High School,Muscogee County,Columbus,1161,240,Yes participating without using any Provision or the CEO,false
130348001331,Comer Elementary School,Madison County,Comer,419,399,Yes under Community Eligibility Option (CEO),false
130144000621,Commerce Elementary School,Commerce City,Commerce,308,246,Yes under Community Eligibility Option (CEO),false
130144000622,Commerce High School,Commerce City,Commerce,557,304,Yes participating without using any Provision or the CEO,false
130144000623,Commerce Middle School,Commerce City,Commerce,579,352,Yes participating without using any Provision or the CEO,false
130144003617,Commerce Primary,Commerce City,Commerce,456,386,Yes under Community Eligibility Option (CEO),false
130129000567,Compton Elementary School,Cobb County,Powder Springs,593,593,Yes under Community Eligibility Option (CEO),false
130228000217,Conley Hills Elementary School,Fulton County,East Point,377,377,Yes under Community Eligibility Option (CEO),false
130402003439,Connie Dugan Elementary School,Paulding County,Douglasville,647,417,Yes participating without using any Provision or the CEO,false
130012000113,Continental Colony Elementary School,Atlanta Public Schools,Atlanta,368,368,Yes under Community Eligibility Option (CEO),false
130441001588,Conyers Middle School,Rockdale County,Conyers,943,943,Yes under Community Eligibility Option (CEO),true
130147000628,Cook County Middle School,Cook County,Sparks,640,,Yes under Community Eligibility Option (CEO),true
130147003327,Cook Elementary School,Cook County,Sparks,666,666,Yes under Community Eligibility Option (CEO),false
130147003900,Cook High School,Cook County,Adel,895,,Yes under Community Eligibility Option (CEO),false
130147001107,Cook Primary School,Cook County,Adel,778,778,Yes under Community Eligibility Option (CEO),false
130255002901,Cooper Elementary School,Gwinnett County,Loganville,1520,876,Yes participating without using any Provision or the CEO,false
130129002475,Cooper Middle School,Cobb County,Austell,1000,917,Yes under Community Eligibility Option (CEO),true
130486001660,Cooper-Carver Elementary School,Terrell County,Dawson,440,440,Yes under Community Eligibility Option (CEO),false
130219000937,Coosa High School,Floyd County,Rome,861,610,Yes participating without using any Provision or the CEO,true
130219000940,Coosa Middle School,Floyd County,Rome,459,353,Yes participating without using any Provision or the CEO,false
130438001551,Copeland Elementary School,Richmond County,Augusta,369,369,Yes under Community Eligibility Option (CEO),false
130174000635,Coralwood Education Center,DeKalb County,Decatur,218,95,Yes under Community Eligibility Option (CEO),false
130012003980,Coretta Scott King Young Women's Leadership Academy,Atlanta Public Schools,Atlanta,377,369,Yes under Community Eligibility Option (CEO),true
130255002898,Corley Elementary School,Gwinnett County,Lawrenceville,1119,896,Yes participating without using any Provision or the CEO,false
130258001153,Cornelia Elementary School,Habersham County,Cornelia,491,491,Yes under Community Eligibility Option (CEO),false
130282002128,Cotton Indian Elementary School,Henry County,Stockbridge,545,438,Yes participating without using any Provision or the CEO,false
130342001321,Cottrell Elementary School,Lumpkin County,Dahlonega,583,355,Yes participating without using any Provision or the CEO,false
130255003917,Couch Middle School,Gwinnett County,Grayson,1147,677,Yes participating without using any Provision or the CEO,false
130029000174,County Line Elementary School,Barrow County,Winder,573,355,Yes participating without using any Provision or the CEO,false
130393001457,Cousins Middle School,Newton County,Covington,563,563,Yes under Community Eligibility Option (CEO),true
130252002194,Cowan Road Elementary School,Griffin-Spalding County,Griffin,557,497,Yes under Community Eligibility Option (CEO),false
130252002430,Cowan Road Middle School,Griffin-Spalding County,Griffin,530,530,Yes under Community Eligibility Option (CEO),true
130138000598,Cox Elementary School,Colquitt County,Moultrie,466,466,Yes under Community Eligibility Option (CEO),false
130228000035,Crabapple Crossing Elementary School,Fulton County,Alpharetta,628,38,Yes participating without using any Provision or the CEO,false
130213002876,Crabapple Lane Elementary School,Fayette County,Peachtree City,594,144,Yes participating without using any Provision or the CEO,false
130228001928,Crabapple Middle School,Fulton County,Roswell,881,172,Yes participating without using any Provision or the CEO,false
130255000272,Craig Elementary School,Gwinnett County,Lawrenceville,1045,500,Yes participating without using any Provision or the CEO,false
130153000766,Crawford County Elementary,Crawford County,Roberta,312,312,Yes under Community Eligibility Option (CEO),false
130153000080,Crawford County High School,Crawford County,Roberta,485,475,Yes under Community Eligibility Option (CEO),true
130153002151,Crawford County Middle School,Crawford County,Roberta,373,365,Yes under Community Eligibility Option (CEO),true
130153004439,Crawford County Primary School,Crawford County,Roberta,346,346,Yes under Community Eligibility Option (CEO),false
130012000017,Crawford Long Middle School,Atlanta Public Schools,Atlanta,627,627,Yes under Community Eligibility Option (CEO),true
130228002489,Creek View Elementary School,Fulton County,Alpharetta,765,39,Yes participating without using any Provision or the CEO,false
130111003312,Creekland Middle School,Cherokee County,Canton,1503,325,Yes participating without using any Provision or the CEO,false
130255001632,Creekland Middle School,Gwinnett County,Lawrenceville,1693,1100,Yes participating without using any Provision or the CEO,false
130228002120,Creekside High School,Fulton County,Fairburn,1745,1745,Yes under Community Eligibility Option (CEO),true
130270003958,Creekside School,Harris County,Cataula,780,299,Yes participating without using any Provision or the CEO,false
130111003308,Creekview High School,Cherokee County,Canton,2039,399,Yes participating without using any Provision or the CEO,false
130252001100,Crescent Road Elementary School,Griffin-Spalding County,Griffin,429,338,Yes under Community Eligibility Option (CEO),false
130255002196,Crews Middle School,Gwinnett County,Lawrenceville,1443,596,Yes participating without using any Provision or the CEO,false
130156000771,Crisp County Elementary School,Crisp County,Cordele,439,439,Yes under Community Eligibility Option (CEO),false
130156000769,Crisp County High School,Crisp County,Cordele,978,974,Yes under Community Eligibility Option (CEO),true
130156001508,Crisp County Middle School,Crisp County,Cordele,714,714,Yes under Community Eligibility Option (CEO),true
130156000772,Crisp County Pre-K,Crisp County,Cordele,216,216,Yes under Community Eligibility Option (CEO),false
130156004157,Crisp County Primary School,Crisp County,Cordele,964,964,Yes under Community Eligibility Option (CEO),false
130002603487,Crisp Rydc,Department of Juvenile Justice,Cordele,16,13,No,true
130078001969,Crooked River Elementary School,Camden County,Saint Marys,611,300,Yes participating without using any Provision or the CEO,false
130489000592,Cross Creek Elementary School,Thomas County,Thomasville,809,809,Yes under Community Eligibility Option (CEO),false
130438002339,Cross Creek High School,Richmond County,Augusta,1152,1152,Yes under Community Eligibility Option (CEO),true
130174000707,Cross Keys High School,DeKalb County,Brookhaven,1748,1748,Yes under Community Eligibility Option (CEO),true
130402004705,Crossroads Middle School,Paulding County,Acworth,908,283,Yes participating without using any Provision or the CEO,false
130222000957,Cumming Elementary School,Forsyth County,Cumming,900,538,Yes participating without using any Provision or the CEO,false
130012004215,D. M. Therrell High School,Atlanta Public Schools,Atlanta,964,964,Yes under Community Eligibility Option (CEO),true
130026204377,D.e.l.t.a. STEAM Academy,State Specialty Schools II- D.E.L.T.A. STEAM Academy,Lithia Springs,391,,No,false
130177004186,Dac (Dodge County Achievement Center),Dodge County,Eastman,51,51,Yes under Community Eligibility Option (CEO),true
130255002125,Dacula Elementary School,Gwinnett County,Dacula,1159,746,Yes participating without using any Provision or the CEO,false
130255001127,Dacula High School,Gwinnett County,Dacula,2481,1381,Yes participating without using any Provision or the CEO,false
130255001907,Dacula Middle School,Gwinnett County,Dacula,1866,1217,Yes participating without using any Provision or the CEO,false
130159000775,Dade County High School,Dade County,Trenton,543,300,Yes participating without using any Provision or the CEO,false
130159000868,Dade Elementary School,Dade County,Trenton,727,446,Yes participating without using any Provision or the CEO,false
130159000777,Dade Middle School,Dade County,Trenton,459,260,Yes participating without using any Provision or the CEO,true
130402001470,Dallas Elementary School,Paulding County,Dallas,513,409,Yes participating without using any Provision or the CEO,false
130162000786,Dalton High School,Dalton Public Schools,Dalton,1919,1200,Yes participating without using any Provision or the CEO,true
130162004419,Dalton Jr. High School,Dalton Public Schools,Dalton,517,372,Yes under Provision 2,false
130315002272,Dames Ferry Elementary School,Jones County,Gray,613,244,Yes under Community Eligibility Option (CEO),false
130129000564,Daniell Middle School,Cobb County,Marietta,884,511,Yes participating without using any Provision or the CEO,false
130348001335,Danielsville Elementary School,Madison County,Danielsville,709,640,Yes under Community Eligibility Option (CEO),false
130222001610,Daves Creek Elementary School,Forsyth County,Cumming,881,69,Yes participating without using any Provision or the CEO,false
130288000414,David A. Perdue Elementary School,Houston County,Warner Robins,617,391,Yes under Community Eligibility Option (CEO),false
130288002921,David A. Perdue Primary,Houston County,Warner Robins,716,529,Yes under Community Eligibility Option (CEO),false
130078000791,David L Rainer Elementary School,Camden County,Kingsland,496,274,Yes participating without using any Provision or the CEO,false
130012000027,David T Howard Middle School,Atlanta Public Schools,Atlanta,1073,252,Yes participating without using any Provision or the CEO,false
130438001567,Davidson Fine Arts Magnet,Richmond County,Augusta,747,314,Yes under Community Eligibility Option (CEO),false
130387001452,Davis Elementary School,Muscogee County,Columbus,387,387,Yes under Community Eligibility Option (CEO),false
130129001995,Davis Elementary School,Cobb County,Marietta,635,81,Yes participating without using any Provision or the CEO,false
130159000778,Davis Elementary School,Dade County,Trenton,259,178,Yes participating without using any Provision or the CEO,false
130570001826,Dawnville Elementary School,Whitfield County,Dalton,413,413,Yes under Community Eligibility Option (CEO),false
130165002253,Dawson County High School,Dawson County,Dawsonville,880,366,Yes participating without using any Provision or the CEO,false
130165003623,Dawson County Junior High,Dawson County,Dawsonville,603,311,Yes participating without using any Provision or the CEO,false
130165001952,Dawson County Middle School,Dawson County,Dawsonville,641,337,Yes participating without using any Provision or the CEO,false
130111001970,Dean Rusk Middle School,Cherokee County,Canton,1543,466,Yes participating without using any Provision or the CEO,false
130357002140,Dearing Elementary School,McDuffie County,Dearing,414,331,Yes under Community Eligibility Option (CEO),false
130168000802,Decatur High School,City Schools of Decatur,Decatur,1901,315,Yes participating without using any Provision or the CEO,false
130438003662,Deer Chase Elementary School,Richmond County,Hephzibah,555,555,Yes under Community Eligibility Option (CEO),false
130012003470,Deerwood Academy,Atlanta Public Schools,Atlanta,469,469,Yes under Community Eligibility Option (CEO),false
130174003955,Dekalb Agriculture Technology and Environment School,DeKalb County,Stone Mountain,760,759,Yes under Community Eligibility Option (CEO),true
130174000656,Dekalb Arts Academy,DeKalb County,Avondale Estates,768,584,Yes under Community Eligibility Option (CEO),false
130585104459,Dekalb Brilliance Academy,State Specialty Schools II- DeKalb Brilliance Academy,Decatur,357,357,Yes under Community Eligibility Option (CEO),false
130174003708,Dekalb Early College Academy,DeKalb County,Stone Mountain,314,265,Yes participating without using any Provision or the CEO,true
130174003339,Dekalb Path Academy Charter School,DeKalb County,Brookhaven,369,369,Yes under Community Eligibility Option (CEO),true
130174004071,Dekalb Preparatory Academy Charter,DeKalb County,Decatur,537,537,Yes under Community Eligibility Option (CEO),true
130002603504,Dekalb Regional Youth Detention Center,Department of Juvenile Justice,Decatur,11,8,No,true
130174003884,Dekalb School of the Arts,DeKalb County,Avondale Estates,298,106,Yes participating without using any Provision or the CEO,false
130054004264,Delta Innovative School,Brooks County,Quitman,107,107,Yes under Community Eligibility Option (CEO),true
130258001151,Demorest Elementary School,Habersham County,Demorest,548,517,Yes under Community Eligibility Option (CEO),false
130222004314,Denmark High School,Forsyth County,Alpharetta,2527,518,Yes participating without using any Provision or the CEO,false
130002503648,Department of Corrections,Department of Corrections,Forsyth,121,,No,false
130102000362,Derenne Middle School,Savannah-Chatham County,Savannah,484,455,Yes participating without using any Provision or the CEO,true
130222004228,Desana Middle School,Forsyth County,Alpharetta,1278,276,Yes participating without using any Provision or the CEO,false
130585304460,Destinations Career Academy of Georgia (Virtual),State Specialty Schools II- Destination Career Academy of GA,Atlanta,587,314,Yes participating without using any Provision or the CEO,false
130129003679,Devereux Ackerman Academy,Cobb County,Kennesaw,54,51,Yes participating without using any Provision or the CEO,true
130255004683,Devereux Ackerman Academy - Gwinnett,Gwinnett County,Lawrenceville,17,10,Yes participating without using any Provision or the CEO,false
130339002410,Dewar Elementary,Lowndes County,Valdosta,821,622,Yes under Community Eligibility Option (CEO),false
130438003701,Diamond Lakes Elementary School,Richmond County,Hephzibah,579,579,Yes under Community Eligibility Option (CEO),false
130129001880,Dickerson Middle School,Cobb County,Marietta,1225,108,Yes participating without using any Provision or the CEO,false
130387001425,Dimon Elementary,Muscogee County,Columbus,358,358,Yes under Community Eligibility Option (CEO),false
130255004212,Discovery High School,Gwinnett County,Lawrenceville,2703,1997,Yes participating without using any Provision or the CEO,true
130586304694,Discovery Regional High School,State Specialty Schools I- Discovery Regional High School,Lenox,136,,No,false
130177004658,Dodge County Elementary School,Dodge County,Eastman,535,535,Yes under Community Eligibility Option (CEO),false
130177003340,Dodge County High School,Dodge County,Eastman,809,779,Yes under Community Eligibility Option (CEO),true
130177000803,Dodge County Middle School,Dodge County,Eastman,596,596,Yes under Community Eligibility Option (CEO),true
130177004679,Dodge County Primary School,Dodge County,Eastman,668,668,Yes under Community Eligibility Option (CEO),false
130129000508,Dodgen Middle School,Cobb County,Marietta,1178,119,Yes participating without using any Provision or the CEO,false
130138000585,Doerun Elementary School,Colquitt County,Doerun,252,252,Yes under Community Eligibility Option (CEO),false
130228000965,Dolvin Elementary School,Fulton County,Alpharetta,642,109,Yes participating without using any Provision or the CEO,false
130180002862,Dooly County Elementary School,Dooly County,Pinehurst,508,508,Yes under Community Eligibility Option (CEO),false
130180001889,Dooly County High School,Dooly County,Vienna,329,271,Yes under Community Eligibility Option (CEO),true
130180002075,Dooly County Middle School,Dooly County,Pinehurst,229,229,Yes under Community Eligibility Option (CEO),true
130180004286,Dooly County Prep Academy,Dooly County,Vienna,1,,Yes under Community Eligibility Option (CEO),false
130174004403,Doraville United Elementary School,DeKalb County,Atlanta,1003,999,Yes under Community Eligibility Option (CEO),false
130438001570,Dorothy Hains Elementary School,Richmond County,Augusta,479,479,Yes under Community Eligibility Option (CEO),false
130387004146,Dorothy Height Elementary School,Muscogee County,Columbus,419,419,Yes under Community Eligibility Option (CEO),false
130186001927,Dorsett Shoals Elementary School,Douglas County,Douglasville,404,304,Yes participating without using any Provision or the CEO,false
130387001398,Double Churches Elementary School,Muscogee County,Columbus,472,362,Yes under Community Eligibility Option (CEO),false
130387002422,Double Churches Middle School,Muscogee County,Columbus,429,429,Yes under Community Eligibility Option (CEO),true
130183000832,Dougherty Comprehensive High School,Dougherty County,Albany,1191,1191,Yes under Community Eligibility Option (CEO),true
130186000864,Douglas County High School,Douglas County,Douglasville,1958,1376,Yes participating without using any Provision or the CEO,true
130396004316,Dove Creek Elementary School,Oconee County,Statham,543,80,Yes participating without using any Provision or the CEO,false
130396004681,Dove Creek Middle School,Oconee County,Statham,528,52,Yes participating without using any Provision or the CEO,false
130129002069,Dowell Elementary School,Cobb County,Marietta,898,785,Yes under Community Eligibility Option (CEO),false
130387001388,Downtown Elementary Magnet Academy,Muscogee County,Columbus,382,382,Yes under Community Eligibility Option (CEO),false
130057002368,Dr. George Washington Carver Elementary School,Bryan County,Richmond Hill,658,316,Yes participating without using any Provision or the CEO,false
130174000651,Dresden Elementary School,DeKalb County,Chamblee,606,560,Yes under Community Eligibility Option (CEO),false
130174000665,Druid Hills High School,DeKalb County,Atlanta,1468,643,Yes participating without using any Provision or the CEO,true
130174001589,Druid Hills Middle School,DeKalb County,Decatur,985,712,Yes under Community Eligibility Option (CEO),true
130187000873,Dublin High School,Dublin City,Dublin,596,596,Yes under Community Eligibility Option (CEO),true
130187000869,Dublin Middle School,Dublin City,Dublin,634,634,Yes under Community Eligibility Option (CEO),true
130023704193,Dubois Integrity Academy,State Specialty Schools I- Dubois Integrity Academy,Riverdale,1341,1292,Yes under Community Eligibility Option (CEO),false
130129000554,Due West Elementary School,Cobb County,Marietta,626,102,Yes participating without using any Provision or the CEO,false
130570001825,Dug Gap Elementary School,Whitfield County,Dalton,356,348,Yes under Community Eligibility Option (CEO),false
130255001118,Duluth High School,Gwinnett County,Duluth,2556,1571,Yes participating without using any Provision or the CEO,true
130255001122,Duluth Middle School,Gwinnett County,Duluth,1201,909,Yes participating without using any Provision or the CEO,true
130174000726,Dunaire Elementary School,DeKalb County,Stone Mountain,432,432,Yes under Community Eligibility Option (CEO),false
130255002905,Duncan Creek Elementary,Gwinnett County,Hoschton,1593,650,Yes participating without using any Provision or the CEO,false
130351000763,Dunleith Elementary School,Marietta City,Marietta,554,459,Yes participating without using any Provision or the CEO,false
130174003914,Dunwoody Elementary School,DeKalb County,Dunwoody,790,177,Yes participating without using any Provision or the CEO,false
130174000690,Dunwoody High School,DeKalb County,Dunwoody,2012,730,Yes participating without using any Provision or the CEO,false
130228002380,Dunwoody Springs Elementary School,Fulton County,Atlanta,548,548,Yes under Community Eligibility Option (CEO),false
130129002248,Durham Middle School,Cobb County,Acworth,984,213,Yes participating without using any Provision or the CEO,false
130282003409,Dutchtown Elementary School,Henry County,Hampton,962,608,Yes participating without using any Provision or the CEO,false
130282003407,Dutchtown High,Henry County,Hampton,1821,949,Yes participating without using any Provision or the CEO,false
130282003411,Dutchtown Middle School,Henry County,Hampton,1108,700,Yes participating without using any Provision or the CEO,false
130255001109,Dyer Elementary School,Gwinnett County,Dacula,944,546,Yes participating without using any Provision or the CEO,false
130228001043,E. C. West Elementary School,Fulton County,Fairburn,678,678,Yes under Community Eligibility Option (CEO),false
130012000036,E. Rivers Elementary School,Atlanta Public Schools,Atlanta,699,291,Yes participating without using any Provision or the CEO,false
130111001860,E. T. Booth Middle School,Cherokee County,Woodstock,1675,684,Yes participating without using any Provision or the CEO,false
130387003695,Eagle Ridge Academy,Muscogee County,Columbus,658,498,Yes under Community Eligibility Option (CEO),false
130288002330,Eagle Springs Elementary,Houston County,Byron,665,612,Yes under Community Eligibility Option (CEO),false
130282002130,Eagle's Landing High School,Henry County,McDonough,1578,943,Yes participating without using any Provision or the CEO,false
130282000399,Eagle's Landing Middle School,Henry County,McDonough,974,703,Yes participating without using any Provision or the CEO,true
130192000252,Early County Elementary School,Early County,Blakely,758,758,Yes under Community Eligibility Option (CEO),false
130192000884,Early County High School,Early County,Blakely,506,394,Yes under Community Eligibility Option (CEO),true
130192002163,Early County Middle School,Early County,Blakely,218,218,Yes under Community Eligibility Option (CEO),true
130444001599,East Central Elementary School,Rome City,Rome,439,398,Yes under Community Eligibility Option (CEO),false
130123000475,East Clayton Elementary School,Clayton County,Ellenwood,641,641,Yes under Community Eligibility Option (CEO),false
130129000536,East Cobb Middle School,Cobb County,Marietta,1352,899,Yes participating without using any Provision or the CEO,true
130387002421,East Columbus Magnet Academy,Muscogee County,Columbus,395,385,Yes under Community Eligibility Option (CEO),true
130150002028,East Coweta High School,Coweta County,Sharpsburg,3001,1153,Yes participating without using any Provision or the CEO,false
130150002027,East Coweta Middle School,Coweta County,Senoia,845,324,Yes participating without using any Provision or the CEO,true
130210000255,East Fannin Elementary School,Fannin County,Morganton,465,465,Yes under Community Eligibility Option (CEO),false
130222004418,East Forsyth High School,Forsyth County,Gainesville,1588,553,Yes participating without using any Provision or the CEO,false
130261001162,East Hall High School,Hall County,Gainesville,1287,926,Yes participating without using any Provision or the CEO,true
130261002044,East Hall Middle School,Hall County,Gainesville,775,634,Yes participating without using any Provision or the CEO,true
130294003421,East Jackson Comprehensive High School,Jackson County,Commerce,1395,853,Yes participating without using any Provision or the CEO,true
130294002924,East Jackson Elementary School,Jackson County,Commerce,634,395,Yes participating without using any Provision or the CEO,false
130294001683,East Jackson Middle School,Jackson County,Commerce,536,369,Yes participating without using any Provision or the CEO,false
130282002392,East Lake Elementary,Henry County,McDonough,671,311,Yes participating without using any Provision or the CEO,false
130189000880,East Laurens Elementary School,Laurens County,East Dublin,467,467,Yes under Community Eligibility Option (CEO),false
130189001707,East Laurens High School,Laurens County,East Dublin,662,640,Yes under Community Eligibility Option (CEO),true
130189001729,East Laurens Middle School,Laurens County,Dublin,536,536,Yes under Community Eligibility Option (CEO),true
130189002934,East Laurens Primary School,Laurens County,Dublin,627,627,Yes under Community Eligibility Option (CEO),false
130393001456,East Newton Elementary School,Newton County,Covington,537,492,Yes under Community Eligibility Option (CEO),false
130402002188,East Paulding High School,Paulding County,Dallas,1985,963,Yes participating without using any Provision or the CEO,false
130402000542,East Paulding Middle School,Paulding County,Dallas,630,292,Yes participating without using any Provision or the CEO,false
130129000535,East Side Elementary School,Cobb County,Marietta,1072,93,Yes participating without using any Provision or the CEO,false
130570001816,Eastbrook Middle School,Whitfield County,Dalton,624,624,Yes under Community Eligibility Option (CEO),true
130002603492,Eastman Youth Development Campus,Department of Juvenile Justice,Eastman,34,31,No,true
130246001936,Eastside Elementary School,Grady County,Cairo,735,735,Yes under Community Eligibility Option (CEO),false
130570001832,Eastside Elementary School,Whitfield County,Dalton,579,579,Yes under Community Eligibility Option (CEO),false
130135001883,Eastside Elementary School,Coffee County,Douglas,575,575,Yes under Community Eligibility Option (CEO),false
130186002160,Eastside Elementary School,Douglas County,Douglasville,433,396,Yes participating without using any Provision or the CEO,false
130420001500,Eastside Elementary School,Polk County,Rockmart,764,573,Yes under Community Eligibility Option (CEO),false
130150000747,Eastside Elementary School,Coweta County,Senoia,602,204,Yes participating without using any Provision or the CEO,false
130393001023,Eastside High School,Newton County,Covington,1590,1097,Yes under Community Eligibility Option (CEO),true
130129000547,Eastvalley Elementary School,Cobb County,Marietta,679,286,Yes participating without using any Provision or the CEO,false
130198001170,Ebenezer Elementary School,Effingham County,Rincon,995,489,Yes participating without using any Provision or the CEO,false
130198002550,Ebenezer Middle School,Effingham County,Rincon,1039,464,Yes participating without using any Provision or the CEO,false
130195003976,Echols County Elementary/Middle School,Echols County,Statenville,673,593,Yes under Community Eligibility Option (CEO),true
130195000886,Echols County High School,Echols County,Statenville,244,175,Yes under Community Eligibility Option (CEO),true
130123004022,Eddie White Middle School,Clayton County,Hampton,1364,1364,Yes under Community Eligibility Option (CEO),true
130387001432,Eddy Middle School,Muscogee County,Columbus,448,448,Yes under Community Eligibility Option (CEO),true
130123000485,Edmonds Elementary School,Clayton County,Forest Park,426,426,Yes under Community Eligibility Option (CEO),false
130174001531,Edward L. Bouie- Sr. Elementary School,DeKalb County,Lithonia,599,521,Yes under Community Eligibility Option (CEO),false
130441001587,Edwards Middle School,Rockdale County,Conyers,934,831,Yes under Community Eligibility Option (CEO),true
130198000890,Effingham County High School,Effingham County,Springfield,2199,1058,Yes participating without using any Provision or the CEO,false
130198000888,Effingham County Middle School,Effingham County,Guyton,1150,660,Yes participating without using any Provision or the CEO,true
130498002283,Eighth Street Middle School,Tift County,Tifton,883,883,Yes under Community Eligibility Option (CEO),true
130201004097,Elbert County Elementary School,Elbert County,Elberton,633,633,Yes under Community Eligibility Option (CEO),false
130201000894,Elbert County High School,Elbert County,Elberton,916,868,Yes under Community Eligibility Option (CEO),false
130201002871,Elbert County Middle School,Elbert County,Elberton,650,650,Yes under Community Eligibility Option (CEO),true
130201004100,Elbert County Primary School,Elbert County,Elberton,647,647,Yes under Community Eligibility Option (CEO),false
130002603503,Elbert Shaw Regional Youth Detention Center,Department of Juvenile Justice,Dalton,9,3,No,true
130174001862,Eldridge L. Miller Elementary School,DeKalb County,Stone Mountain,450,450,Yes under Community Eligibility Option (CEO),false
130123003896,Elite Scholars Academy School,Clayton County,Jonesboro,757,757,Yes under Community Eligibility Option (CEO),true
130174003921,Elizabeth Andrews High School,DeKalb County,Stone Mountain,167,139,Yes under Community Eligibility Option (CEO),false
130228002492,Elkins Pointe Middle School,Fulton County,Roswell,857,437,Yes participating without using any Provision or the CEO,true
130234001054,Ellijay Elementary School,Gilmer County,Ellijay,761,454,Yes under Community Eligibility Option (CEO),false
130102000402,Ellis Elementary School,Savannah-Chatham County,Savannah,419,174,Yes participating without using any Provision or the CEO,false
130444001596,Elm Street Elementary,Rome City,Rome,558,558,Yes under Community Eligibility Option (CEO),false
130150000762,Elm Street Elementary School,Coweta County,Newnan,477,263,Yes participating without using any Provision or the CEO,false
130204000905,Emanuel County Institute,Emanuel County,Twin City,572,400,Yes under Community Eligibility Option (CEO),true
130033000179,Emerson Elementary School,Bartow County,Emerson,385,300,Yes participating without using any Provision or the CEO,false
130351004304,Emily Lembeck Early Learning Center,Marietta City,Marietta,134,67,Yes participating without using any Provision or the CEO,false
130012000039,Emma Hutchinson Elementary School,Atlanta Public Schools,Atlanta,295,295,Yes under Community Eligibility Option (CEO),false
130231001044,Enota Multiple Intelligences Academy,Gainesville City,Gainesville,767,436,Yes under Provision 2,false
130279001199,Ephesus Elementary School,Heard County,Roopville,180,180,Yes under Community Eligibility Option (CEO),false
130102002152,Esther F. Garrison School for the Arts,Savannah-Chatham County,Savannah,770,393,Yes participating without using any Provision or the CEO,false
130000101856,Ethel W. Kight Elementary School,Troup County,Lagrange,656,638,Yes under Community Eligibility Option (CEO),false
130025504332,Ethos Classical Charter School,State Specialty Schools II- Ethos Classical Charter School,Atlanta,676,676,Yes under Community Eligibility Option (CEO),false
130384002221,Eton Elementary School,Murray County,Chatsworth,556,556,Yes under Community Eligibility Option (CEO),false
130111000425,Etowah High School,Cherokee County,Woodstock,2393,821,Yes participating without using any Provision or the CEO,false
130141001506,Euchee Creek Elementary School,Columbia County,Grovetown,705,317,Yes participating without using any Provision or the CEO,false
130033002464,Euharlee Elementary School,Bartow County,Euharlee,574,354,Yes participating without using any Provision or the CEO,false
130141001996,Evans Elementary School,Columbia County,Evans,730,285,Yes participating without using any Provision or the CEO,false
130141000603,Evans High School,Columbia County,Evans,1800,694,Yes participating without using any Provision or the CEO,false
130141000601,Evans Middle School,Columbia County,Evans,1030,469,Yes participating without using any Provision or the CEO,false
130150000750,Evans Middle School,Coweta County,Newnan,736,431,Yes participating without using any Provision or the CEO,true
130174000650,Evansdale Elementary School,DeKalb County,Doraville,504,323,Yes under Community Eligibility Option (CEO),false
130282004214,Excel Academy,Henry County,McDonough,213,142,Yes participating without using any Provision or the CEO,false
130586204695,Excelsior Village Academies,State Specialty Schools II- Excelsior Village Academies,Stockbridge,90,43,Yes participating without using any Provision or the CEO,false
130012000045,F. L. Stanton Elementary School,Atlanta Public Schools,Atlanta,161,161,Yes under Community Eligibility Option (CEO),false
130186002032,Factory Shoals Elementary School,Douglas County,Lithia Springs,697,610,Yes participating without using any Provision or the CEO,false
130186003557,Factory Shoals Middle School,Douglas County,Douglasville,833,646,Yes participating without using any Provision or the CEO,true
130129000573,Fair Oaks Elementary School,Cobb County,Marietta,703,703,Yes under Community Eligibility Option (CEO),false
130231001046,Fair Street International Academy,Gainesville City,Gainesville,651,593,Yes under Provision 2,false
130174000642,Fairington Elementary School,DeKalb County,Lithonia,461,461,Yes under Community Eligibility Option (CEO),false
130243001071,Fairmount Elementary School,Gordon County,Fairmount,366,363,Yes under Community Eligibility Option (CEO),false
130186000851,Fairplay Middle School,Douglas County,Douglasville,523,245,Yes participating without using any Provision or the CEO,false
130393001455,Fairview Elementary,Newton County,Covington,591,591,Yes under Community Eligibility Option (CEO),false
130258001150,Fairview Elementary School,Habersham County,Demorest,478,460,Yes under Community Eligibility Option (CEO),false
130282001204,Fairview Elementary School,Henry County,Stockbridge,590,447,Yes participating without using any Provision or the CEO,false
130537001749,Fairyland Elementary School,Walker County,Lookout Mountain,294,106,Yes under Community Eligibility Option (CEO),false
130210000912,Fannin County High School,Fannin County,Blue Ridge,824,684,Yes under Community Eligibility Option (CEO),false
130210000067,Fannin County Middle School,Fannin County,Blue Ridge,638,578,Yes under Community Eligibility Option (CEO),true
130213002168,Fayette County High School,Fayette County,Fayetteville,1360,716,Yes participating without using any Provision or the CEO,false
130213002485,Fayetteville Elementary School,Fayette County,Fayetteville,507,328,Yes participating without using any Provision or the CEO,false
130288001676,Feagin Mill Middle School,Houston County,Warner Robins,975,553,Yes under Community Eligibility Option (CEO),false
130228004002,Feldwood Elementary School,Fulton County,College Park,678,678,Yes under Community Eligibility Option (CEO),false
130255003989,Ferguson Elementary School,Gwinnett County,Duluth,856,715,Yes participating without using any Provision or the CEO,false
130174000664,Fernbank Elementary School,DeKalb County,Atlanta,895,249,Yes participating without using any Provision or the CEO,false
130168000795,Fifth Avenue Upper Elementary School,City Schools of Decatur,Decatur,529,60,Yes participating without using any Provision or the CEO,false
130012003468,Finch Elementary,Atlanta Public Schools,Atlanta,291,291,Yes under Community Eligibility Option (CEO),false
130228000948,Findley Oaks Elementary School,Fulton County,Duluth,585,91,Yes participating without using any Provision or the CEO,false
130036000931,Fitzgerald High School School College and Career Academy,Ben Hill County,Fitzgerald,870,,Yes under Community Eligibility Option (CEO),true
130255001143,Five Forks Middle School,Gwinnett County,Lawrenceville,1239,601,Yes participating without using any Provision or the CEO,false
130174003634,Flat Rock Elementary School,DeKalb County,Lithonia,977,977,Yes under Community Eligibility Option (CEO),false
130213002118,Flat Rock Middle School,Fayette County,Tyrone,800,394,Yes participating without using any Provision or the CEO,true
130441001585,Flat Shoals Elementary School,Rockdale County,Conyers,639,582,Yes under Community Eligibility Option (CEO),false
130174000725,Flat Shoals Elementary School,DeKalb County,Decatur,373,373,Yes under Community Eligibility Option (CEO),false
130393001462,Flint Hill Elementary,Newton County,Oxford,848,848,Yes under Community Eligibility Option (CEO),false
130282002918,Flippen Elementary School,Henry County,McDonough,559,389,Yes participating without using any Provision or the CEO,false
130261001160,Flowery Branch Elementary School,Hall County,Flowery Branch,711,454,Yes participating without using any Provision or the CEO,false
130261002571,Flowery Branch High,Hall County,Flowery Branch,1304,530,Yes participating without using any Provision or the CEO,false
130402000522,Floyd L. Shelton Elementary School at Crossroad,Paulding County,Dallas,1389,388,Yes participating without using any Provision or the CEO,false
130129000553,Floyd Middle School,Cobb County,Mableton,776,776,Yes under Community Eligibility Option (CEO),true
130099002241,Folkston Elementary School,Charlton County,Folkston,545,505,Yes under Community Eligibility Option (CEO),false
130023504203,Foothills Regional High School,State Specialty Schools I- Foothills Regional High School,Athens,1475,1083,Yes participating without using any Provision or the CEO,true
130129002154,Ford Elementary School,Cobb County,Acworth,750,127,Yes participating without using any Provision or the CEO,false
130123000474,Forest Park High School,Clayton County,Forest Park,1711,1711,Yes under Community Eligibility Option (CEO),true
130123000466,Forest Park Middle School,Clayton County,Marrow,593,593,Yes under Community Eligibility Option (CEO),true
130387001404,Forrest Road Elementary School,Muscogee County,Columbus,278,278,Yes under Community Eligibility Option (CEO),false
130222000956,Forsyth Central High School,Forsyth County,Cumming,2457,983,Yes participating without using any Provision or the CEO,false
130255000972,Fort Daniel Elementary School,Gwinnett County,Dacula,645,293,Yes participating without using any Provision or the CEO,false
130387001394,Fort Middle School,Muscogee County,Columbus,440,440,Yes under Community Eligibility Option (CEO),true
130405001482,Fort Valley Middle School,Peach County,Fort Valley,434,434,Yes under Community Eligibility Option (CEO),true
130123000497,Fountain Elementary School,Clayton County,Forest Park,437,437,Yes under Community Eligibility Option (CEO),false
130006000008,Fourth District Elementary School,Appling County,Surrency,148,141,Yes under Community Eligibility Option (CEO),false
130117000457,Fowler Drive Elementary School,Clarke County,Athens,366,366,Yes under Community Eligibility Option (CEO),false
130387001449,Fox Elementary School,Muscogee County,Columbus,383,383,Yes under Community Eligibility Option (CEO),false
130057004399,Frances Meeks Elementary School,Bryan County,Richmond Hill,908,153,Yes participating without using any Provision or the CEO,false
130330001326,Frank Long Elementary School,Liberty County,Hinesville,685,685,Yes under Community Eligibility Option (CEO),false
130225000961,Franklin County High School,Franklin County,Carnesville,1043,917,Yes under Community Eligibility Option (CEO),false
130225003358,Franklin County Middle School,Franklin County,Carnesville,805,802,Yes under Community Eligibility Option (CEO),true
130000103455,Franklin Forest Elementary,Troup County,Lagrange,690,664,Yes under Community Eligibility Option (CEO),false
130012000052,Fred A. Toomer Elementary School,Atlanta Public Schools,Atlanta,513,463,Yes under Community Eligibility Option (CEO),false
130012000089,Frederick Douglass High School,Atlanta Public Schools,Atlanta,1296,1296,Yes under Community Eligibility Option (CEO),true
130111000438,Free Home Elementary School,Cherokee County,Canton,280,92,Yes participating without using any Provision or the CEO,false
130111003310,Freedom Middle School,Cherokee County,Canton,929,276,Yes participating without using any Provision or the CEO,false
130174002370,Freedom Middle School,DeKalb County,Stone Mountain,1272,1272,Yes under Community Eligibility Option (CEO),true
130438002596,Freedom Park K-8 School,Richmond County,Fort Gordon,608,127,Yes under Community Eligibility Option (CEO),false
130546001783,Freeman Elementary School,Warren County,Warrenton,315,315,Yes under Community Eligibility Option (CEO),false
130255002323,Freeman's Mill Elementary School,Gwinnett County,Lawrenceville,1011,575,Yes participating without using any Provision or the CEO,false
130129001490,Frey Elementary School,Cobb County,Acworth,691,206,Yes participating without using any Provision or the CEO,false
130261001268,Friendship Elementary School,Hall County,Buford,673,422,Yes participating without using any Provision or the CEO,false
130228004259,Fulton Academy of Science and Technology,Fulton County,Roswell,552,30,Yes participating without using any Provision or the CEO,false
130228004409,Fulton Academy of Virtual Excellence,Fulton County,Atlanta,393,110,Yes participating without using any Provision or the CEO,false
130138000590,Funston Elementary School,Colquitt County,Funston,376,376,Yes under Community Eligibility Option (CEO),false
130025804373,Furlow Charter School,State Specialty Schools II- Furlow Charter School,Americus,585,294,Yes under Community Eligibility Option (CEO),true
130252002281,Futral Road Elementary School,Griffin-Spalding County,Griffin,600,557,Yes under Community Eligibility Option (CEO),false
130498001681,G. O. Bailey Elementary School,Tift County,Tifton,531,531,Yes under Community Eligibility Option (CEO),false
130102000365,Gadsden Elementary School,Savannah-Chatham County,Savannah,493,488,Yes participating without using any Provision or the CEO,false
130117000455,Gaines Elementary School,Clarke County,Athens,568,568,Yes under Community Eligibility Option (CEO),false
130231003049,Gainesville Exploration Academy,Gainesville City,Gainesville,536,450,Yes under Provision 2,false
130231001048,Gainesville High School,Gainesville City,Gainesville,2077,1179,Yes under Provision 2,true
130231003897,Gainesville Middle School East,Gainesville City,Gainesville,896,657,Yes under Provision 2,true
130231003619,Gainesville Middle School West,Gainesville City,Gainesville-,931,682,Yes under Provision 2,false
130002603506,Gainesville Regional Youth Detention Center,Department of Juvenile Justice,Gainesville,17,14,No,true
130102001419,Garden City Elementary School,Savannah-Chatham County,Garden City,597,541,Yes participating without using any Provision or the CEO,false
130012000029,Garden Hills Elementary School,Atlanta Public Schools,Atlanta,494,358,Yes under Community Eligibility Option (CEO),false
130219000945,Garden Lakes Elementary School,Floyd County,Rome,536,383,Yes participating without using any Provision or the CEO,false
130000100593,Gardner-Newman Middle School,Troup County,LaGrange,963,949,Yes under Community Eligibility Option (CEO),true
130438001561,Garrett Elementary School,Richmond County,Augusta,435,435,Yes under Community Eligibility Option (CEO),false
130129000534,Garrett Middle School,Cobb County,Austell,891,891,Yes under Community Eligibility Option (CEO),true
130129001935,Garrison Mill Elementary School,Cobb County,Marietta,649,76,Yes participating without using any Provision or the CEO,false
130489001666,Garrison-Pilcher Elementary School,Thomas County,Thomasville,811,811,Yes under Community Eligibility Option (CEO),false
130441003446,General Ray Davis Middle School,Rockdale County,Stockbridge,874,631,Yes under Community Eligibility Option (CEO),true
130024804288,Genesis Innovation Academy for Boys,State Specialty Schools II- Genesis Innovation Academy-Boy,Atlanta,307,303,Yes under Community Eligibility Option (CEO),true
130024404272,Genesis Innovation Academy for Girls,State Specialty Schools II- Genesis Innovation Academy-Girl,Atlanta,318,314,Yes under Community Eligibility Option (CEO),true
130387001431,Gentian Elementary School,Muscogee County,Columbus,442,442,Yes under Community Eligibility Option (CEO),false
130351003700,George W. Hartmann Center,Marietta City,Marietta,4,,Yes participating without using any Provision or the CEO,false
130222003853,George W. Whitlow Elementary,Forsyth County,Cumming,1247,407,Yes participating without using any Provision or the CEO,false
130135003323,George Washington Carver Freshman Campus,Coffee County,Douglas,493,493,Yes under Community Eligibility Option (CEO),true
130387001422,Georgetown Elementary School,Muscogee County,Columbus,394,394,Yes under Community Eligibility Option (CEO),false
130102000238,Georgetown School,Savannah-Chatham County,Savannah,544,420,Yes participating without using any Provision or the CEO,true
130025404331,Georgia Academy for the Blind,State Schools,Macon,100,33,Yes under Community Eligibility Option (CEO),false
130228003651,Georgia Baptist Children's Home and Family Ministries,Fulton County,Palmetto,8,,Yes participating without using any Provision or the CEO,true
130022704031,Georgia Connections Academy (Virtual),State Specialty Schools I- Georgia Connections Academy,Duluth,7148,4709,Yes participating without using any Provision or the CEO,true
130023204148,Georgia Cyber Academy (Virtual),State Specialty Schools I- Georgia Cyber Academy,Atlanta,9952,5536,Yes participating without using any Provision or the CEO,true
130026304378,Georgia Fugees Academy Charter School,State Specialty Schools II- Georgia Fugees Academy Charter,Atlanta,165,162,Yes participating without using any Provision or the CEO,false
130023804205,Georgia School for Innovation and the Classics,State Specialty Schools I- Georgia School for Innovation and,Hephzibah,1015,,No,false
130025404367,Georgia School for the Deaf,State Schools,Cave Spring,63,23,Yes under Community Eligibility Option (CEO),false
130537001051,Gilbert Elementary School,Walker County,La Fayette,476,476,Yes under Community Eligibility Option (CEO),false
130234001053,Gilmer High School,Gilmer County,Ellijay,1216,584,Yes under Community Eligibility Option (CEO),false
130384001386,Gladden Middle School,Murray County,Chatsworth,478,478,Yes under Community Eligibility Option (CEO),true
130150003329,Glanton Elementary,Coweta County,Grantville,271,189,Yes participating without using any Provision or the CEO,false
130084003303,Glanton-Hindsman Elementary,Carroll County,Villa Rica,691,350,Yes under Community Eligibility Option (CEO),false
130237004318,Glascock County Elementary School,Glascock County,Gibson,276,165,Yes participating without using any Provision or the CEO,false
130237001055,Glascock County Middle/High School,Glascock County,Gibson,304,147,Yes participating without using any Provision or the CEO,true
130438001550,Glenn Hills Elementary School,Richmond County,Augusta,370,370,Yes under Community Eligibility Option (CEO),false
130438001536,Glenn Hills High School,Richmond County,Augusta,839,839,Yes under Community Eligibility Option (CEO),true
130438001817,Glenn Hills Middle School,Richmond County,Augusta,706,706,Yes under Community Eligibility Option (CEO),true
130168004028,Glennwood Elementary School,City Schools of Decatur,Decatur,184,40,Yes participating without using any Provision or the CEO,false
130228004411,Global Impact Academy,Fulton County,Fairburn,572,323,Yes participating without using any Provision or the CEO,false
130174004142,Globe Academy Charter School I,DeKalb County,Atlanta,1093,324,Yes participating without using any Provision or the CEO,false
130240001056,Glyndale Elementary School,Glynn County,Brunswick,585,585,Yes under Community Eligibility Option (CEO),false
130240001065,Glynn Academy,Glynn County,Brunswick,1911,1192,Yes under Community Eligibility Option (CEO),false
130240001064,Glynn Middle School,Glynn County,Brunswick,735,548,Yes under Community Eligibility Option (CEO),false
130102003972,Godley Station School,Savannah-Chatham County,Savannah,1585,964,Yes participating without using any Provision or the CEO,false
130240002080,Golden Isles Elementary School,Glynn County,Brunswick,619,619,Yes under Community Eligibility Option (CEO),false
130363003633,Good Sheperd Therapeutic Center,Meriwether County,Warm Springs,4,,Yes participating without using any Provision or the CEO,true
130240001063,Goodyear Elementary School,Glynn County,Brunswick,515,515,Yes under Community Eligibility Option (CEO),false
130243001959,Gordon Central High School,Gordon County,Calhoun,875,866,Yes under Community Eligibility Option (CEO),false
130114002457,Gordon Lee High School,Chickamauga City,Chickamauga,410,102,Yes participating without using any Provision or the CEO,false
130114002456,Gordon Lee Middle School,Chickamauga City,Chickamauga,304,69,Yes participating without using any Provision or the CEO,false
130438000569,Goshen Elementary School,Richmond County,Augusta,437,437,Yes under Community Eligibility Option (CEO),false
130102000375,Gould Elementary School,Savannah-Chatham County,Savannah,559,518,Yes participating without using any Provision or the CEO,false
130255003993,Grace Snell Middle School,Gwinnett County,Loganville,1231,892,Yes participating without using any Provision or the CEO,true
130438001530,Gracewood Elementary School,Richmond County,Augusta,393,393,Yes under Community Eligibility Option (CEO),false
130255004210,Graves Elementary School,Gwinnett County,Norcross,1076,891,Yes participating without using any Provision or the CEO,false
130315001277,Gray Elementary School,Jones County,Gray,512,253,Yes under Community Eligibility Option (CEO),false
130315003424,Gray Station Middle School,Jones County,Gray,609,224,Yes under Community Eligibility Option (CEO),true
130255001139,Grayson Elementary School,Gwinnett County,Grayson,1095,617,Yes participating without using any Provision or the CEO,false
130255002387,Grayson High School,Gwinnett County,Loganville,3627,1871,Yes participating without using any Provision or the CEO,false
130093000352,Graysville Elementary School,Catoosa County,Ringgold,548,238,Yes participating without using any Provision or the CEO,false
130129001491,Green Acres Elementary School,Cobb County,Smyrna,584,552,Yes under Community Eligibility Option (CEO),false
130141001502,Greenbrier Elementary School,Columbia County,Evans,610,113,Yes participating without using any Provision or the CEO,false
130141001501,Greenbrier High School,Columbia County,Evans,1935,318,Yes participating without using any Provision or the CEO,false
130141002366,Greenbrier Middle School,Columbia County,Evans,853,158,Yes participating without using any Provision or the CEO,false
130249002386,Greene County High School,Greene County,Greensboro,432,432,Yes under Community Eligibility Option (CEO),true
130249002384,Greene County Primary School,Greene County,Union Point,582,582,Yes under Community Eligibility Option (CEO),false
130363001364,Greenville High School,Meriwether County,Greenville,222,220,Yes under Community Eligibility Option (CEO),true
130363004238,Greenville Middle School,Meriwether County,Greenville,174,172,Yes under Community Eligibility Option (CEO),true
130240002192,Greer Elementary School,Glynn County,Brunswick,599,442,Yes under Community Eligibility Option (CEO),false
130252001092,Griffin High School,Griffin-Spalding County,Griffin,1505,1485,Yes under Community Eligibility Option (CEO),true
130129000518,Griffin Middle School,Cobb County,Smyrna,991,545,Yes participating without using any Provision or the CEO,true
130102000413,Groves High School,Savannah-Chatham County,Garden City,1469,1105,Yes participating without using any Provision or the CEO,true
130141000611,Grovetown Elementary School,Columbia County,Grovetown,908,607,Yes participating without using any Provision or the CEO,false
130141003903,Grovetown High School,Columbia County,Grovetown,2256,987,Yes participating without using any Provision or the CEO,false
130141002528,Grovetown Middle School,Columbia County,Grovetown,1067,634,Yes participating without using any Provision or the CEO,true
130228000969,Gullatt Elementary School,Fulton County,Union City,712,712,Yes under Community Eligibility Option (CEO),false
130294003742,Gum Springs Elementary School,Jackson County,Jefferson,939,300,Yes participating without using any Provision or the CEO,false
130198000889,Guyton Elementary School,Effingham County,Guyton,800,530,Yes participating without using any Provision or the CEO,false
130255001142,Gwin Oaks Elementary School,Gwinnett County,Lawrenceville,1077,486,Yes participating without using any Provision or the CEO,false
130255000308,Gwinnett Intervention Education (Give) Center East,Gwinnett County,Lawrenceville,334,238,Yes participating without using any Provision or the CEO,true
130255003690,Gwinnett Intervention Education Center (Give) West,Gwinnett County,Norcross,227,180,Yes participating without using any Provision or the CEO,true
130255004057,Gwinnett Online Campus,Gwinnett County,Lawrenceville,1996,906,Yes participating without using any Provision or the CEO,false
130255003553,Gwinnett School of Mathematics- Science and Technology,Gwinnett County,Lawrenceville,1304,481,Yes participating without using any Provision or the CEO,false
130258001145,Habersham Central High School,Habersham County,Mt Airy,1611,1244,Yes under Community Eligibility Option (CEO),false
130258003402,Habersham Ninth Grade Academy,Habersham County,Mount Airy,552,466,Yes under Community Eligibility Option (CEO),false
130258004144,Habersham Success Academy,Habersham County,Mount Airy,75,75,Yes under Community Eligibility Option (CEO),true
130339001314,Hahira Elementary School,Lowndes County,Hahira,782,519,Yes under Community Eligibility Option (CEO),false
130339001313,Hahira Middle School,Lowndes County,Hahira,843,489,Yes under Community Eligibility Option (CEO),false
130402003827,Hal Hutchens Elementary,Paulding County,Douglasville,613,436,Yes participating without using any Provision or the CEO,false
130174000723,Hambrick Elementary School,DeKalb County,Stone Mountain,536,536,Yes under Community Eligibility Option (CEO),false
130033000183,Hamilton Crossing Elementary School,Bartow County,Cartersville,653,412,Yes participating without using any Provision or the CEO,false
130228002887,Hamilton E. Holmes Elementary,Fulton County,East Point,587,587,Yes under Community Eligibility Option (CEO),false
130138000597,Hamilton Elementary School,Colquitt County,Hartsfield,220,132,Yes under Community Eligibility Option (CEO),false
130162004421,Hammond Creek Middle School,Dalton Public Schools,Dalton,1057,769,Yes under Provision 2,false
130282001212,Hampton Elementary School,Henry County,Hampton,466,360,Yes participating without using any Provision or the CEO,false
130282004172,Hampton High School,Henry County,Hampton,1165,740,Yes participating without using any Provision or the CEO,false
130069002819,Hampton L. Daughtry Elementary School,Butts County,Jackson,495,495,Yes under Community Eligibility Option (CEO),false
130282003952,Hampton Middle School,Henry County,Hampton,752,553,Yes participating without using any Provision or the CEO,true
130264001178,Hancock Central High School,Hancock County,Sparta,199,199,Yes under Community Eligibility Option (CEO),true
130264003539,Hancock Central Middle School,Hancock County,Sparta,160,160,Yes under Community Eligibility Option (CEO),true
130489003453,Hand in Hand Primary,Thomas County,Thomasville,712,712,Yes under Community Eligibility Option (CEO),false
130012002798,Hank Aaron New Beginnings Academy,Atlanta Public Schools,Atlanta,147,147,Yes under Community Eligibility Option (CEO),true
130387002142,Hannan Elementary,Muscogee County,Columbus,322,322,Yes under Community Eligibility Option (CEO),false
130228004045,Hapeville Charter Career Academy,Fulton County,Atlanta,638,637,Yes under Community Eligibility Option (CEO),true
130228002170,Hapeville Elementary School,Fulton County,Hapeville,539,539,Yes under Community Eligibility Option (CEO),false
130267001183,Haralson County High School,Haralson County,Tallapoosa,1001,822,Yes under Community Eligibility Option (CEO),true
130267001639,Haralson County Middle School,Haralson County,Tallapoosa,757,750,Yes under Community Eligibility Option (CEO),true
130267004310,Haralson County Rebel Academy,Haralson County,Tallapoosa,24,24,Yes under Community Eligibility Option (CEO),true
130255001249,Harbins Elementary School,Gwinnett County,Dacula,1320,734,Yes participating without using any Provision or the CEO,false
130387001397,Hardaway High School,Muscogee County,Columbus,1067,1067,Yes under Community Eligibility Option (CEO),true
130141001885,Harlem High School,Columbia County,Harlem,1318,556,Yes participating without using any Provision or the CEO,false
130141001886,Harlem Middle School,Columbia County,Harlem,1025,459,Yes participating without using any Provision or the CEO,true
130255001138,Harmony Elementary School,Gwinnett County,Buford,614,239,Yes participating without using any Provision or the CEO,false
130411003441,Harmony Elementary School,Pickens County,Jasper,509,329,Yes participating without using any Provision or the CEO,false
130539001769,Harmony Elementary School,Walton County,Monroe,666,540,Yes participating without using any Provision or the CEO,false
130123002524,Harper Elementary School,Clayton County,Riverdale,690,690,Yes under Community Eligibility Option (CEO),false
130495001674,Harper Elementary School,Thomasville City,Thomasville,263,262,Yes under Community Eligibility Option (CEO),false
130012004346,Harper-Archer Elementary School,Atlanta Public Schools,Atlanta,545,545,Yes under Community Eligibility Option (CEO),false
130420003614,Harpst Academy,Polk County,Cedartown,32,29,Yes participating without using any Provision or the CEO,true
130270002271,Harris County Carver Middle School,Harris County,Hamilton,849,333,Yes participating without using any Provision or the CEO,false
130270002270,Harris County High School,Harris County,Hamilton,1733,604,Yes participating without using any Provision or the CEO,false
130255001133,Harris Elementary School,Gwinnett County,Duluth,642,462,Yes participating without using any Provision or the CEO,false
130129002153,Harrison High School,Cobb County,Kennesaw,2224,356,Yes participating without using any Provision or the CEO,false
130273001193,Hart County High School,Hart County,Hartwell,1071,916,Yes under Community Eligibility Option (CEO),false
130273002127,Hart County Middle School,Hart County,Hartwell,832,819,Yes under Community Eligibility Option (CEO),true
130042000241,Hartley Elementary School,Bibb County,Macon,385,292,Yes under Community Eligibility Option (CEO),false
130273001197,Hartwell Elementary School,Hart County,Hartwell,566,566,Yes under Community Eligibility Option (CEO),false
130102000401,Haven Elementary School,Savannah-Chatham County,Savannah,361,353,Yes participating without using any Provision or the CEO,false
130222003825,Haw Creek Elementary,Forsyth County,Cumming,926,111,Yes participating without using any Provision or the CEO,false
130422001514,Hawkinsville High School,Pulaski County,Hawkinsville,388,388,Yes under Community Eligibility Option (CEO),true
130174000688,Hawthorne Elementary School,DeKalb County,Atlanta,378,314,Yes under Community Eligibility Option (CEO),false
130123002246,Hawthorne Elementary School,Clayton County,Hampton,813,813,Yes under Community Eligibility Option (CEO),false
130129000240,Hayes Elementary School,Cobb County,Kennesaw,802,461,Yes participating without using any Provision or the CEO,false
130029003285,Haymon-Morris Middle School,Barrow County,Winder,973,599,Yes participating without using any Provision or the CEO,true
130228001929,Haynes Bridge Middle School,Fulton County,Alpharetta,627,234,Yes participating without using any Provision or the CEO,false
130123000494,Haynie Elementary School,Clayton County,Morrow,767,767,Yes under Community Eligibility Option (CEO),false
130258001149,Hazel Grove Elementary School,Habersham County,Mount Airy,272,272,Yes under Community Eligibility Option (CEO),false
130255001909,Head Elementary School,Gwinnett County,Lilburn,720,318,Yes participating without using any Provision or the CEO,false
130279001201,Heard County High School,Heard County,Franklin,672,542,Yes under Community Eligibility Option (CEO),false
130279002574,Heard County Middle School,Heard County,Franklin,456,398,Yes under Community Eligibility Option (CEO),true
130279001202,Heard Elementary School,Heard County,Franklin,722,722,Yes under Community Eligibility Option (CEO),false
130042000230,Heard Elementary School,Bibb County,Macon,596,329,Yes under Community Eligibility Option (CEO),false
130102000364,Heard Elementary School,Savannah-Chatham County,Savannah,636,463,Yes participating without using any Provision or the CEO,false
130393001460,Heard-Mixon Elementary School,Newton County,Covington,434,426,Yes under Community Eligibility Option (CEO),false
130228002001,Heards Ferry Elementary School,Fulton County,Atlanta,699,76,Yes participating without using any Provision or the CEO,false
130228002490,Hembree Springs Elementary School,Fulton County,Roswell,536,293,Yes participating without using any Provision or the CEO,false
130102004348,Henderson E Formey Jr Early Learning Center,Savannah-Chatham County,Savannah,324,311,Yes participating without using any Provision or the CEO,false
130174001586,Henderson Middle School,DeKalb County,Chamblee,1367,1005,Yes under Community Eligibility Option (CEO),true
130069002353,Henderson Middle School,Butts County,Jackson,761,745,Yes under Community Eligibility Option (CEO),true
130174000741,Henderson Mill Elementary School,DeKalb County,Atlanta,541,395,Yes under Community Eligibility Option (CEO),false
130129000517,Hendricks Elementary School,Cobb County,Powder Springs,538,530,Yes under Community Eligibility Option (CEO),false
130222004417,Hendricks Middle School,Forsyth County,Cumming,1376,211,Yes participating without using any Provision or the CEO,false
130438001560,Hephzibah Elementary School,Richmond County,Hephzibah,574,574,Yes under Community Eligibility Option (CEO),false
130438001549,Hephzibah High School,Richmond County,Hephzibah,1041,1017,Yes under Community Eligibility Option (CEO),true
130438001554,Hephzibah Middle School,Richmond County,Hephzibah,728,728,Yes under Community Eligibility Option (CEO),true
130012002613,Heritage Academy Elementary School,Atlanta Public Schools,Atlanta,375,375,Yes under Community Eligibility Option (CEO),false
130228002379,Heritage Elementary School,Fulton County,Atlanta,597,597,Yes under Community Eligibility Option (CEO),false
130042002472,Heritage Elementary School,Bibb County,Macon,524,321,Yes under Community Eligibility Option (CEO),false
130441001591,Heritage High School,Rockdale County,Conyers,1788,1341,Yes under Community Eligibility Option (CEO),false
130093003688,Heritage High School,Catoosa County,Ringgold,1268,403,Yes participating without using any Provision or the CEO,false
130093003305,Heritage Middle School,Catoosa County,Ringgold,858,343,Yes participating without using any Provision or the CEO,false
130012002344,Herman J. Russell West End Academy,Atlanta Public Schools,Atlanta,342,342,Yes under Community Eligibility Option (CEO),true
130294004715,Heroes Elementary School,Jackson County,Hoschton,994,515,Yes participating without using any Provision or the CEO,false
130402001472,Herschel Jones Middle School,Paulding County,Dallas,728,522,Yes participating without using any Provision or the CEO,true
130102000400,Hesse School,Savannah-Chatham County,Savannah,996,705,Yes participating without using any Provision or the CEO,false
130111000435,Hickory Flat Elementary School,Cherokee County,Canton,890,147,Yes participating without using any Provision or the CEO,false
130282001655,Hickory Flat Elementary School,Henry County,McDonough,560,369,Yes participating without using any Provision or the CEO,false
130351001345,Hickory Hills Elementary School,Marietta City,Marietta,440,267,Yes participating without using any Provision or the CEO,false
130441001582,Hicks Elementary School,Rockdale County,Conyers,878,837,Yes under Community Eligibility Option (CEO),false
130228001026,High Point Elementary School,Fulton County,Atlanta,684,389,Yes participating without using any Provision or the CEO,false
130396003854,High Shoals Elementary School,Oconee County,Bishop,585,103,Yes participating without using any Provision or the CEO,false
130174000704,Hightower Elementary School,DeKalb County,Doraville,604,535,Yes under Community Eligibility Option (CEO),false
130441002051,Hightower Trail Elementary School,Rockdale County,Conyers,500,468,Yes under Community Eligibility Option (CEO),false
130129000244,Hightower Trail Middle School,Cobb County,Marietta,944,95,Yes participating without using any Provision or the CEO,false
130411002589,Hill City Elementary School,Pickens County,Jasper,602,358,Yes participating without using any Provision or the CEO,false
130187004061,Hillcrest Elementary,Dublin City,Dublin,546,546,Yes under Community Eligibility Option (CEO),false
130000101706,Hillcrest Elementary School,Troup County,Lagrange,390,322,Yes under Community Eligibility Option (CEO),false
130129003649,Hillgrove High School,Cobb County,Powder Springs,2282,691,Yes participating without using any Provision or the CEO,false
130258004032,Hilliard A. Wilbanks Middle School,Habersham County,Demorest,566,523,Yes under Community Eligibility Option (CEO),true
130012003660,Hillside Conant School,Atlanta Public Schools,Atlanta,67,64,Yes participating without using any Provision or the CEO,true
130228002491,Hillside Elementary School,Fulton County,Roswell,497,197,Yes participating without using any Provision or the CEO,false
130288003585,Hilltop Elementary School,Houston County,Bonaire,590,423,Yes under Community Eligibility Option (CEO),false
130117000450,Hilsman Middle School,Clarke County,Athens,624,624,Yes under Community Eligibility Option (CEO),true
130402001476,Hiram Elementary School,Paulding County,Hiram,797,570,Yes participating without using any Provision or the CEO,false
130402002338,Hiram High School,Paulding County,Hiram,1460,923,Yes participating without using any Provision or the CEO,false
130048000257,Hoboken Elementary School,Brantley County,Hoboken,551,,Yes under Community Eligibility Option (CEO),false
130102000389,Hodge Elementary School,Savannah-Chatham County,Savannah,420,400,Yes participating without using any Provision or the CEO,false
130000101853,Hogansville Elementary School,Troup County,Hogansville,469,441,Yes under Community Eligibility Option (CEO),false
130228001930,Holcomb Bridge Middle School,Fulton County,Alpharetta,598,371,Yes participating without using any Provision or the CEO,true
130000100596,Hollis Hand Elementary School,Troup County,LaGrange,579,379,Yes under Community Eligibility Option (CEO),false
130111002360,Holly Springs Elementary School,Cherokee County,Canton,831,357,Yes participating without using any Provision or the CEO,false
130186002318,Holly Springs Elementary School,Douglas County,Douglasville,473,273,Yes participating without using any Provision or the CEO,false
130129000557,Hollydale Elementary School,Cobb County,Marietta,526,526,Yes under Community Eligibility Option (CEO),false
130029000172,Holsenbeck Elementary School,Barrow County,Winder,813,509,Yes participating without using any Provision or the CEO,false
130441001580,Honey Creek Elementary School,Rockdale County,Conyers,471,407,Yes under Community Eligibility Option (CEO),false
130228003360,Hopewell Middle School,Fulton County,Alpharetta,1265,249,Yes participating without using any Provision or the CEO,false
130255001938,Hopkins Elementary School,Gwinnett County,Lilburn,1113,975,Yes participating without using any Provision or the CEO,false
130231004685,Horizon Academy School,Gainesville City,Gainesville,464,390,Yes under Provision 2,false
130441001581,House Elementary School,Rockdale County,Conyers,623,570,Yes under Community Eligibility Option (CEO),false
130288002179,Houston County High School,Houston County,Warner Robins,2051,870,Yes participating without using any Provision or the CEO,false
130117002103,Howard B. Stroud Elementary School,Clarke County,Athens,350,350,Yes under Community Eligibility Option (CEO),false
130042003726,Howard High School,Bibb County,Macon,1145,559,Yes under Community Eligibility Option (CEO),true
130042003290,Howard Middle School,Bibb County,Macon,973,590,Yes under Community Eligibility Option (CEO),true
130102000374,Hubert Middle School,Savannah-Chatham County,Savannah,471,429,Yes participating without using any Provision or the CEO,true
130213000920,Huddleston Elementary School,Fayette County,Peachtree City,616,206,Yes participating without using any Provision or the CEO,false
130123000484,Huie Elementary School,Clayton County,Forest Park,594,594,Yes under Community Eligibility Option (CEO),false
130255001633,Hull Middle School,Gwinnett County,Duluth,1267,519,Yes participating without using any Provision or the CEO,false
130348002411,Hull-Sanford Elementary School,Madison County,Hull,494,494,Yes under Community Eligibility Option (CEO),false
130405001480,Hunt Elementary School,Peach County,Fort Valley,654,654,Yes under Community Eligibility Option (CEO),false
130288001224,Huntington Middle School,Houston County,Warner Robins,780,780,Yes under Community Eligibility Option (CEO),true
130174000687,Huntley Hills Elementary School,DeKalb County,Chamblee,507,408,Yes under Community Eligibility Option (CEO),false
130171000613,Hutto Elementary School,Decatur County,Bainbridge,790,790,Yes under Community Eligibility Option (CEO),false
130174000678,Idlewood Elementary School,DeKalb County,Tucker,889,889,Yes under Community Eligibility Option (CEO),false
130111004416,Igrad Virtual Academy School,Cherokee County,Canton,210,45,Yes participating without using any Provision or the CEO,false
130348001334,Ila Elementary School,Madison County,Danielsville,428,346,Yes under Community Eligibility Option (CEO),false
130282004711,Impact Academy High School,Henry County,McDonough,449,220,Yes participating without using any Provision or the CEO,false
130282004709,Impact Academy Middle School,Henry County,McDonough,339,173,Yes participating without using any Provision or the CEO,false
130228001958,Independence High School,Fulton County,Roswell,129,80,Yes participating without using any Provision or the CEO,false
130135002306,Indian Creek Elementary,Coffee County,Douglas,675,675,Yes under Community Eligibility Option (CEO),false
130174000740,Indian Creek Elementary School,DeKalb County,Clarkston,967,967,Yes under Community Eligibility Option (CEO),false
130393002224,Indian Creek Middle School,Newton County,Covington,843,837,Yes under Community Eligibility Option (CEO),true
130111004033,Indian Knoll Elementary,Cherokee County,Canton,881,311,Yes participating without using any Provision or the CEO,false
130042000226,Ingram/Pye Elementary School,Bibb County,Macon,450,367,Yes under Community Eligibility Option (CEO),false
130213003802,Inman Elementary,Fayette County,Fayetteville,659,255,Yes participating without using any Provision or the CEO,false
130228004408,Innovation Academy,Fulton County,Alpharetta,1511,158,Yes participating without using any Provision or the CEO,false
130024904273,International Academy of Smyrna,State Specialty Schools II- International Academy of Smyrna,Smyrna,328,328,Yes under Community Eligibility Option (CEO),false
130025004325,International Charter Academy of Georgia,State Specialty Schools II- International Charter Academy o,Peachtree Corners,268,11,Yes participating without using any Provision or the CEO,false
130023404179,International Charter School of Atlanta,State Specialty Schools I- International Charter Sch of Atl,Roswell,846,,No,false
130174002538,International Community School,DeKalb County,Decatur,501,477,Yes under Community Eligibility Option (CEO),false
130183000837,International Studies Elementary Charter School,Dougherty County,Albany,470,453,Yes under Community Eligibility Option (CEO),false
130255004257,International Transition Center,Gwinnett County,Lawrenceville,640,589,Yes participating without using any Provision or the CEO,true
130402003440,Irma C. Austin Middle School,Paulding County,Douglasville,782,456,Yes participating without using any Provision or the CEO,false
130291001244,Irwin County Elementary School,Irwin County,Ocilla,760,760,Yes under Community Eligibility Option (CEO),false
130291001246,Irwin County High School,Irwin County,Ocilla,483,,Yes under Community Eligibility Option (CEO),true
130291001243,Irwin County Middle School,Irwin County,Ocilla,367,,Yes under Community Eligibility Option (CEO),true
130102003978,Islands High School,Savannah-Chatham County,Savannah,752,285,Yes participating without using any Provision or the CEO,false
130102000411,Isle of Hope School,Savannah-Chatham County,Savannah,569,501,Yes participating without using any Provision or the CEO,true
130228003842,Ison Springs Elementary School,Fulton County,Sandy Springs,433,433,Yes under Community Eligibility Option (CEO),false
130084003302,Ithica Elementary,Carroll County,Villa Rica,809,315,Yes under Community Eligibility Option (CEO),false
130255002899,Ivy Creek Elementary School,Gwinnett County,Buford,1507,598,Yes participating without using any Provision or the CEO,false
130022604023,Ivy Preparatory Academy- Inc,State Specialty Schools I- Ivy Preparatory Academy- Inc,Atlanta,436,346,Yes under Community Eligibility Option (CEO),true
130402001786,J. A. Dobbins Middle School,Paulding County,Powder Springs,531,379,Yes participating without using any Provision or the CEO,true
130534001738,J. D. Dickerson Primary School,Vidalia City,Vidalia,456,456,Yes under Community Eligibility Option (CEO),false
130111003769,J. Knox Elementary,Cherokee County,Canton,909,443,Yes participating without using any Provision or the CEO,false
130531001728,J. L. Lomax Elementary School,Valdosta City,Valdosta,576,563,Yes under Community Eligibility Option (CEO),false
130534001740,J. R. Trippe Middle School,Vidalia City,Vidalia,498,486,Yes under Community Eligibility Option (CEO),true
130498001687,J. T. Reddick Elementary School,Tift County,Tifton,339,339,Yes under Community Eligibility Option (CEO),false
130213000925,J.c. Booth Middle School,Fayette County,Peachtree City,1115,273,Yes participating without using any Provision or the CEO,false
130567002448,Jack P Nix Elementary School,White County,Cleveland,409,367,Yes under Community Eligibility Option (CEO),false
130294002134,Jackson County High School,Jackson County,Hoschton,2222,878,Yes participating without using any Provision or the CEO,false
130012000137,Jackson Elementary School,Atlanta Public Schools,Atlanta,502,92,Yes participating without using any Provision or the CEO,false
130069003846,Jackson Elementary School,Butts County,Jackson,503,503,Yes under Community Eligibility Option (CEO),false
130255000973,Jackson Elementary School,Gwinnett County,Lawrenceville,1430,1004,Yes participating without using any Provision or the CEO,false
130228000968,Jackson Elementary School,Fulton County,Roswell,489,489,Yes under Community Eligibility Option (CEO),false
130069000301,Jackson High School,Butts County,Jackson,1060,907,Yes under Community Eligibility Option (CEO),true
130252001098,Jackson Road Elementary School,Griffin-Spalding County,Griffin,344,320,Yes under Community Eligibility Option (CEO),false
130102000385,Jacob G. Smith Elementary School,Savannah-Chatham County,Savannah,466,221,Yes participating without using any Provision or the CEO,false
130123002837,James Jackson Elementary School,Clayton County,Jonesboro,696,696,Yes under Community Eligibility Option (CEO),false
130438002049,Jamestown Elementary School,Richmond County,Hephzibah,327,327,Yes under Community Eligibility Option (CEO),false
130240001058,Jane Macon Middle,Glynn County,Brunswick,801,801,Yes under Community Eligibility Option (CEO),true
130297003423,Jasper County High School,Jasper County,Monticello,818,746,Yes under Community Eligibility Option (CEO),true
130297002397,Jasper County Middle School,Jasper County,Monticello,647,592,Yes under Community Eligibility Option (CEO),true
130297001004,Jasper County Primary School,Jasper County,Monticello,660,660,Yes under Community Eligibility Option (CEO),false
130411002590,Jasper Middle School,Pickens County,Jasper,573,351,Yes participating without using any Provision or the CEO,false
130012001866,Jean Childs Young Middle School,Atlanta Public Schools,Atlanta,657,657,Yes under Community Eligibility Option (CEO),true
130300001257,Jeff Davis Elementary School,Jeff Davis County,Hazlehurst,711,711,Yes under Community Eligibility Option (CEO),false
130300001259,Jeff Davis High School,Jeff Davis County,Hazlehurst,835,772,Yes under Community Eligibility Option (CEO),true
130300001256,Jeff Davis Middle School,Jeff Davis County,Hazlehurst,675,675,Yes under Community Eligibility Option (CEO),true
130300001258,Jeff Davis Primary School,Jeff Davis County,Hazlehurst,853,853,Yes under Community Eligibility Option (CEO),false
130303003671,Jefferson Academy,Jefferson City,Jefferson,935,290,Yes participating without using any Provision or the CEO,false
130306001291,Jefferson County High School,Jefferson County,Louisville,635,616,Yes under Community Eligibility Option (CEO),true
130306004340,Jefferson County Middle School,Jefferson County,Stapleton,440,440,Yes under Community Eligibility Option (CEO),false
130303001261,Jefferson Elementary School,Jefferson City,Jefferson,1011,306,Yes participating without using any Provision or the CEO,false
130303001260,Jefferson High School,Jefferson City,Jefferson,1339,346,Yes participating without using any Provision or the CEO,false
130303002346,Jefferson Middle School,Jefferson City,Jefferson,1009,303,Yes participating without using any Provision or the CEO,false
130150000816,Jefferson Parkway Elementary School,Coweta County,Newnan,450,390,Yes participating without using any Provision or the CEO,false
130522003707,Jeffersonville Elementary,Twiggs County,Jeffersonville,356,342,Yes under Community Eligibility Option (CEO),false
130309001271,Jenkins County Elementary School,Jenkins County,Millen,601,601,Yes under Community Eligibility Option (CEO),false
130309001270,Jenkins County High School,Jenkins County,Millen,309,307,Yes under Community Eligibility Option (CEO),true
130309002398,Jenkins County Middle School,Jenkins County,Millen,260,260,Yes under Community Eligibility Option (CEO),true
130255004004,Jenkins Elementary School,Gwinnett County,Lawrenceville,775,642,Yes participating without using any Provision or the CEO,false
130102000388,Jenkins High School,Savannah-Chatham County,Savannah,1265,935,Yes participating without using any Provision or the CEO,true
130438004405,Jenkins-White Elementary School,Richmond County,Augusta,336,336,Yes under Community Eligibility Option (CEO),false
130495001671,Jerger Elementary School,Thomasville City,Thomasville,708,410,Yes under Community Eligibility Option (CEO),false
130555001798,Jesup Elementary School,Wayne County,Jesup,706,706,Yes under Community Eligibility Option (CEO),false
130012004276,John Lewis Invictus Academy,Atlanta Public Schools,Atlanta,692,692,Yes under Community Eligibility Option (CEO),true
130174004362,John Robert Lewis Elementary School,DeKalb County,Brookhaven,840,738,Yes under Community Eligibility Option (CEO),false
130042004404,John Robert Lewis Elementary School,Bibb County,Macon,712,562,Yes under Community Eligibility Option (CEO),false
130012003025,John Wesley Dobbs Elementary School,Atlanta Public Schools,Atlanta,330,330,Yes under Community Eligibility Option (CEO),false
130117000451,Johnnie Lay Burks Elementary School,Clarke County,Athens,492,366,Yes under Community Eligibility Option (CEO),false
130222003685,Johns Creek Elementary,Forsyth County,Suwanee,888,125,Yes participating without using any Provision or the CEO,false
130228003935,Johns Creek High School,Fulton County,Johns Creek,1789,217,Yes participating without using any Provision or the CEO,false
130312001697,Johnson County Elementary School,Johnson County,Wrightsville,508,508,Yes under Community Eligibility Option (CEO),false
130312000055,Johnson County High School,Johnson County,Wrightsville,298,298,Yes under Community Eligibility Option (CEO),true
130312002400,Johnson County Middle School,Johnson County,Wrightsville,220,220,Yes under Community Eligibility Option (CEO),true
130219000939,Johnson Elementary,Floyd County,Rome,518,225,Yes participating without using any Provision or the CEO,false
130387001448,Johnson Elementary School,Muscogee County,Columbus,336,336,Yes under Community Eligibility Option (CEO),false
130438001534,Johnson Health Science and Engineering Magnet School,Richmond County,Augusta,640,447,Yes under Community Eligibility Option (CEO),false
130261001168,Johnson High School,Hall County,Gainesville,1318,932,Yes participating without using any Provision or the CEO,true
130102000382,Johnson High School,Savannah-Chatham County,Savannah,762,634,Yes participating without using any Provision or the CEO,true
130111001878,Johnston Elementary School,Cherokee County,Woodstock,543,239,Yes participating without using any Provision or the CEO,false
130174000722,Jolly Elementary School,DeKalb County,Clarkston,790,790,Yes under Community Eligibility Option (CEO),false
130315001279,Jones County High School,Jones County,Gray,1614,609,Yes under Community Eligibility Option (CEO),true
130051000260,Jones Elementary School,Bremen City,Bremen,750,273,Yes participating without using any Provision or the CEO,false
130255003388,Jones Middle School,Gwinnett County,Buford,1758,767,Yes participating without using any Provision or the CEO,false
130171000619,Jones-Wheat Primary School,Decatur County,Bainbridge,664,664,Yes under Community Eligibility Option (CEO),false
130123000473,Jonesboro High School,Clayton County,Jonesboro,1630,1630,Yes under Community Eligibility Option (CEO),true
130123000465,Jonesboro Middle School,Clayton County,Jonesboro,895,895,Yes under Community Eligibility Option (CEO),true
130252001049,Jordan Hill Road Elementary School,Griffin-Spalding County,Griffin,396,334,Yes under Community Eligibility Option (CEO),false
130255004184,Jordan Middle School,Gwinnett County,Lawrenceville,757,632,Yes participating without using any Provision or the CEO,true
130387001430,Jordan Vocational High School,Muscogee County,Columbus,1040,1040,Yes under Community Eligibility Option (CEO),true
130012000043,Joseph Humphries Elementary School,Atlanta Public Schools,Atlanta,237,237,Yes under Community Eligibility Option (CEO),false
130330002046,Joseph Martin Elementary School,Liberty County,Hinesville,720,547,Yes under Community Eligibility Option (CEO),false
130438001533,Josey High School,Richmond County,Augusta,625,625,Yes under Community Eligibility Option (CEO),true
130117003905,Judia Jackson Harris Elementary,Clarke County,Athens,392,392,Yes under Community Eligibility Option (CEO),false
130012000060,Judson Price Middle School,Atlanta Public Schools,Atlanta,241,241,Yes under Community Eligibility Option (CEO),true
130063000287,Julia P. Bryant Elementary School,Bulloch County,Statesboro,712,561,Yes under Community Eligibility Option (CEO),false
130255000992,Kanoheda Elementary School,Gwinnett County,Lawrenceville,925,781,Yes participating without using any Provision or the CEO,false
130372003839,Katherine B. Sutton Elementary School,Monroe County,Forsyth,730,514,Yes participating without using any Provision or the CEO,false
130123004324,Kay R Pace Elementary School of the Arts,Clayton County,Jonesboro,518,518,Yes under Community Eligibility Option (CEO),false
130405002143,Kay Road Elementary,Peach County,Byron,512,512,Yes under Community Eligibility Option (CEO),false
130213001174,Kedron Elementary School,Fayette County,Peachtree City,843,177,Yes participating without using any Provision or the CEO,false
130129001972,Keheley Elementary School,Cobb County,Marietta,393,146,Yes participating without using any Provision or the CEO,false
130129002526,Kell High School,Cobb County,Marietta,1587,685,Yes participating without using any Provision or the CEO,false
130174000703,Kelley Lake Elementary School,DeKalb County,Decatur,302,285,Yes under Community Eligibility Option (CEO),false
130222004084,Kelly Mill Elementary,Forsyth County,Cumming,1104,165,Yes participating without using any Provision or the CEO,false
130123001925,Kemp Elementary School,Clayton County,Hampton,586,586,Yes under Community Eligibility Option (CEO),false
130129002527,Kemp Elementary School,Cobb County,Powder Springs,894,192,Yes participating without using any Provision or the CEO,false
130123003318,Kemp Primary,Clayton County,Hampton,626,626,Yes under Community Eligibility Option (CEO),false
130387001421,Kendrick High School,Muscogee County,Columbus,840,840,Yes under Community Eligibility Option (CEO),true
130123002057,Kendrick Middle School,Clayton County,Jonesboro,619,619,Yes under Community Eligibility Option (CEO),true
130029002016,Kennedy Elementary School,Barrow County,Winder,764,522,Yes participating without using any Provision or the CEO,false
130252003449,Kennedy Road Middle School,Griffin-Spalding County,Griffin,428,428,Yes under Community Eligibility Option (CEO),true
130129000552,Kennesaw Elementary School,Cobb County,Kennesaw,560,287,Yes participating without using any Provision or the CEO,false
130129002365,Kennesaw Mountain High School,Cobb County,Kennesaw,1695,688,Yes participating without using any Provision or the CEO,false
130387001402,Key Elementary School,Muscogee County,Columbus,263,263,Yes under Community Eligibility Option (CEO),false
130084003483,Kidspeace,Carroll County,Bowdon,50,47,Yes participating without using any Provision or the CEO,false
130165002536,Kilough Elementary School,Dawson County,Dawsonville,461,235,Yes participating without using any Provision or the CEO,false
130123000464,Kilpatrick Elementary School,Clayton County,Jonesboro,637,633,Yes under Community Eligibility Option (CEO),false
130129000509,Kincaid Elementary School,Cobb County,Marietta,603,173,Yes participating without using any Provision or the CEO,false
130327001731,Kinchafoonee Primary School,Lee County,Leesburg,853,543,Yes participating without using any Provision or the CEO,false
130012004277,Kindezi Old 4th Ward,Atlanta Public Schools,Atlanta,321,311,Yes under Community Eligibility Option (CEO),true
130129000523,King Springs Elementary School,Cobb County,Smyrna,1101,287,Yes participating without using any Provision or the CEO,false
130288001233,Kings Chapel Elementary School,Houston County,Perry,690,301,Yes participating without using any Provision or the CEO,false
130078000237,Kingsland Elementary School,Camden County,Kingsland,371,212,Yes participating without using any Provision or the CEO,false
130174000684,Kingsley Elementary School,DeKalb County,Dunwoody,386,268,Yes under Community Eligibility Option (CEO),false
130033000189,Kingston Elementary School,Bartow County,Kingston,473,345,Yes participating without using any Provision or the CEO,false
130012004059,Kipp Atlanta Collegiate Charter School,Atlanta Public Schools,Atlanta,874,874,Yes under Community Eligibility Option (CEO),true
130012004395,Kipp Soul Academy,Atlanta Public Schools,Atlanta,285,285,Yes under Community Eligibility Option (CEO),false
130012004315,Kipp Soul Primary,Atlanta Public Schools,Atlanta,505,505,Yes under Community Eligibility Option (CEO),false
130228002885,Kipp South Fulton Academy School,Fulton County,Atlanta,382,382,Yes under Community Eligibility Option (CEO),true
130012003823,Kipp Strive Charter School,Atlanta Public Schools,Atlanta,312,300,Yes under Community Eligibility Option (CEO),true
130012004091,Kipp Strive Primary Charter School,Atlanta Public Schools,Atlanta,627,627,Yes under Community Eligibility Option (CEO),false
130012003992,Kipp Vision Charter School,Atlanta Public Schools,Atlanta,300,300,Yes under Community Eligibility Option (CEO),true
130012004124,Kipp Vision Primary Charter School,Atlanta Public Schools,Atlanta,562,562,Yes under Community Eligibility Option (CEO),false
130012003031,Kipp Ways Academy Charter School,Atlanta Public Schools,Atlanta,289,289,Yes under Community Eligibility Option (CEO),true
130012004155,Kipp Ways Primary Charter School,Atlanta Public Schools,Atlanta,559,559,Yes under Community Eligibility Option (CEO),false
130174001999,Kittredge Magnet School,DeKalb County,Atlanta,552,27,Yes participating without using any Provision or the CEO,false
130255001112,Knight Elementary School,Gwinnett County,Lilburn,876,610,Yes participating without using any Provision or the CEO,false
130354002219,L. K. Moss Elementary School,Marion County,Buena Vista,606,606,Yes under Community Eligibility Option (CEO),false
130012000038,L. O. Kimberly Elementary School,Atlanta Public Schools,Atlanta,270,270,Yes under Community Eligibility Option (CEO),false
130129000571,Labelle Elementary School,Cobb County,Marietta,339,339,Yes under Community Eligibility Option (CEO),false
130537002286,Lafayette High School,Walker County,La Fayette,1157,1090,Yes under Community Eligibility Option (CEO),false
130537001741,Lafayette Middle School,Walker County,La Fayette,499,499,Yes under Community Eligibility Option (CEO),true
130000100608,Lagrange High School,Troup County,Lagrange,1399,1220,Yes under Community Eligibility Option (CEO),false
130123000488,Lake City Elementary School,Clayton County,Lake City,479,479,Yes under Community Eligibility Option (CEO),false
130228003816,Lake Forest Elementary,Fulton County,Atlanta,534,534,Yes under Community Eligibility Option (CEO),false
130438002340,Lake Forest Hills Elementary School,Richmond County,Augusta,719,593,Yes under Community Eligibility Option (CEO),false
130288003618,Lake Joy Elementary School,Houston County,Warner Robins,617,348,Yes under Community Eligibility Option (CEO),false
130288002920,Lake Joy Primary School,Houston County,Warner Robins,588,375,Yes under Community Eligibility Option (CEO),false
130249003570,Lake Oconee Charter,Greene County,Greensboro,873,703,Yes under Community Eligibility Option (CEO),false
130249004341,Lake Oconee Charter High School,Greene County,Greensboro,322,74,Yes participating without using any Provision or the CEO,false
130183000843,Lake Park Elementary School,Dougherty County,Albany,494,418,Yes under Community Eligibility Option (CEO),false
130339001311,Lake Park Elementary School,Lowndes County,Lake Park,601,567,Yes under Community Eligibility Option (CEO),false
130123000812,Lake Ridge Elementary School,Clayton County,Riverdale,498,498,Yes under Community Eligibility Option (CEO),false
130228002078,Lake Windward Elementary School,Fulton County,Alpharetta,672,78,Yes participating without using any Provision or the CEO,false
130174000721,Lakeside High School,DeKalb County,Atlanta,2234,1052,Yes participating without using any Provision or the CEO,true
130141002025,Lakeside High School,Columbia County,Evans,1861,565,Yes participating without using any Provision or the CEO,false
130222003858,Lakeside Middle School,Forsyth County,Cumming,1513,222,Yes participating without using any Provision or the CEO,false
130141002073,Lakeside Middle School,Columbia County,Evans,498,293,Yes participating without using any Provision or the CEO,true
130021004295,Lakeview Academy,Baldwin County,Milledgeville,575,499,Yes under Community Eligibility Option (CEO),false
130093000348,Lakeview Middle School,Catoosa County,Rossville,647,581,Yes under Community Eligibility Option (CEO),true
130021004292,Lakeview Primary,Baldwin County,Milledgeville,804,673,Yes under Community Eligibility Option (CEO),false
130093000350,Lakeview-Fort Oglethorpe High School,Catoosa County,Fort Oglethorpe,963,845,Yes under Community Eligibility Option (CEO),true
130438001529,Lamar - Milledge Elementary School,Richmond County,Augusta,366,366,Yes under Community Eligibility Option (CEO),false
130321003425,Lamar County Elementary School,Lamar County,Barnesville,662,,Yes under Community Eligibility Option (CEO),false
130321001294,Lamar County High School,Lamar County,Barnesville,831,757,Yes under Community Eligibility Option (CEO),true
130321002273,Lamar County Middle School,Lamar County,Barnesville,633,633,Yes under Community Eligibility Option (CEO),true
130321002084,Lamar County Primary School,Lamar County,Barnesville,746,746,Yes under Community Eligibility Option (CEO),false
130183002314,Lamar Reese School of the Arts,Dougherty County,Albany,368,368,Yes under Community Eligibility Option (CEO),false
130222003954,Lambert High School,Forsyth County,Suwanee,3249,307,Yes participating without using any Provision or the CEO,false
130042000218,Lane Elementary School,Bibb County,Macon,484,314,Yes under Community Eligibility Option (CEO),false
130438001573,Laney High School,Richmond County,Augusta,736,736,Yes under Community Eligibility Option (CEO),true
130063002237,Langston Chapel Elementary School,Bulloch County,Statesboro,647,647,Yes under Community Eligibility Option (CEO),false
130063002238,Langston Chapel Middle School,Bulloch County,Statesboro,718,718,Yes under Community Eligibility Option (CEO),true
130228003913,Langston Hughes High School,Fulton County,Fairburn,1891,1891,Yes under Community Eligibility Option (CEO),true
130288004166,Langston Road Elementary School,Houston County,Perry,473,294,Yes under Community Eligibility Option (CEO),false
130288004661,Langston Road Primary School,Houston County,Perry,526,409,Yes under Community Eligibility Option (CEO),false
130261003403,Lanier College and Career Academy,Hall County,Gainesville,169,114,Yes participating without using any Provision or the CEO,true
130324003829,Lanier County Elementary School,Lanier County,Lakeland,850,850,Yes under Community Eligibility Option (CEO),false
130324002403,Lanier County High School,Lanier County,Lakeland,478,463,Yes under Community Eligibility Option (CEO),true
130324002402,Lanier County Middle School,Lanier County,Lakeland,324,324,Yes under Community Eligibility Option (CEO),true
130261001158,Lanier Elementary School,Hall County,Gainesville,557,346,Yes participating without using any Provision or the CEO,false
130255003998,Lanier High School,Gwinnett County,Sugar Hill,1871,842,Yes participating without using any Provision or the CEO,false
130255003738,Lanier Middle School,Gwinnett County,Sugar Hill,1369,691,Yes participating without using any Provision or the CEO,false
130129001881,Lassiter High School,Cobb County,Marietta,2005,272,Yes participating without using any Provision or the CEO,false
130174000700,Laurel Ridge Elementary School,DeKalb County,Decatur,440,174,Yes participating without using any Provision or the CEO,false
130225000964,Lavonia Elementary School,Franklin County,Lavonia,575,575,Yes under Community Eligibility Option (CEO),false
130255001121,Lawrenceville Elementary School,Gwinnett County,Lawrenceville,677,551,Yes participating without using any Provision or the CEO,false
130174004006,Leadership Preparatory Academy,DeKalb County,Lithonia,268,182,Yes participating without using any Provision or the CEO,true
130327001298,Lee County Elementary School,Lee County,Leesburg,557,351,Yes participating without using any Provision or the CEO,false
130327000057,Lee County High School,Lee County,Leesburg,1356,677,Yes participating without using any Provision or the CEO,false
130327004128,Lee County Middle School East,Lee County,Leesburg,630,407,Yes participating without using any Provision or the CEO,true
130327000146,Lee County Middle School West,Lee County,Leesburg,778,445,Yes participating without using any Provision or the CEO,true
130327001982,Lee County Primary School,Lee County,Leesburg,635,396,Yes participating without using any Provision or the CEO,false
130228000991,Lee Elementary School,Fulton County,College Park,438,438,Yes under Community Eligibility Option (CEO),false
130327003761,Lee High School 9th Grade Campus,Lee County,Leesburg,488,274,Yes participating without using any Provision or the CEO,false
130150003328,Lee Middle School,Coweta County,Sharpsburg,730,291,Yes participating without using any Provision or the CEO,false
130123000472,Lee Street Elementary School,Clayton County,Jonesboro,515,515,Yes under Community Eligibility Option (CEO),false
130294004657,Legacy Knoll Middle School,Jackson County,Hoschton,707,361,Yes participating without using any Provision or the CEO,false
130498001686,Len Lastinger Elementary School,Tift County,Tifton,448,448,Yes under Community Eligibility Option (CEO),false
130402002508,Lena Mae Moses Middle School,Paulding County,Dallas,921,442,Yes participating without using any Provision or the CEO,false
130108003307,Leroy Massey Elementary School,Chattooga County,Summerville,877,827,Yes participating without using any Provision or the CEO,false
130255003397,Level Creek Elementary School,Gwinnett County,Suwanee,1051,159,Yes participating without using any Provision or the CEO,false
130258003401,Level Grove Elementary School,Habersham County,Cornelia,591,568,Yes under Community Eligibility Option (CEO),false
130129001973,Lewis Elementary School,Cobb County,Kennesaw,550,304,Yes participating without using any Provision or the CEO,false
130264002006,Lewis Elementary School,Hancock County,Sparta,293,279,Yes under Community Eligibility Option (CEO),false
130330001736,Lewis Frasier Middle School,Liberty County,Hinesville,828,774,Yes under Community Eligibility Option (CEO),true
130141002848,Lewiston Elementary School,Columbia County,Evans,614,190,Yes participating without using any Provision or the CEO,false
130585704666,Liberation Academy,State Specialty Schools II- Liberation Academy,College Park,132,129,Yes under Community Eligibility Option (CEO),false
130330002182,Liberty County High School,Liberty County,Hinesville,1192,888,Yes under Community Eligibility Option (CEO),true
130111002521,Liberty Elementary School,Cherokee County,Canton,977,398,Yes participating without using any Provision or the CEO,false
130330001305,Liberty Elementary School,Liberty County,Midway,718,691,Yes under Community Eligibility Option (CEO),false
130456001987,Liberty Elementary School,Stephens County,Toccoa,571,571,Yes under Community Eligibility Option (CEO),false
130393003927,Liberty Middle School,Newton County,Covington,894,894,Yes under Community Eligibility Option (CEO),true
130222002559,Liberty Middle School,Forsyth County,Cumming,1256,272,Yes participating without using any Provision or the CEO,false
130228002561,Liberty Point Elementary School,Fulton County,Union City,700,700,Yes under Community Eligibility Option (CEO),false
130024104229,Liberty Tech Charter Academy,State Specialty Schools II- Liberty Tech Charter Academy,Brooks,428,30,Yes participating without using any Provision or the CEO,false
130438003486,Lighthouse Care Center of Augusta,Richmond County,Augusta,32,29,Yes participating without using any Provision or the CEO,true
130255001117,Lilburn Elementary School,Gwinnett County,Lilburn,1249,1112,Yes participating without using any Provision or the CEO,false
130255001111,Lilburn Middle School,Gwinnett County,Lilburn,1636,1500,Yes participating without using any Provision or the CEO,true
130402002958,Lillian C. Poole Elementary School,Paulding County,Dallas,460,284,Yes participating without using any Provision or the CEO,false
130333001308,Lincoln County Elementary School,Lincoln County,Lincolnton,602,506,Yes under Community Eligibility Option (CEO),false
130333002408,Lincoln County High School,Lincoln County,Lincolnton,376,298,Yes under Community Eligibility Option (CEO),true
130333002407,Lincoln County Middle School,Lincoln County,Lincolnton,283,256,Yes under Community Eligibility Option (CEO),true
130183003344,Lincoln Elementary Magnet School,Dougherty County,Albany,404,404,Yes under Community Eligibility Option (CEO),false
130129000561,Lindley Middle School,Cobb County,Mableton,905,905,Yes under Community Eligibility Option (CEO),true
130186000853,Lithia Springs Comprehensive High School,Douglas County,Lithia Springs,1460,1163,Yes participating without using any Provision or the CEO,true
130186000866,Lithia Springs Elementary School,Douglas County,Lithia Springs,500,427,Yes participating without using any Provision or the CEO,false
130174002537,Lithonia High School,DeKalb County,Lithonia,1547,1547,Yes under Community Eligibility Option (CEO),true
130174002858,Lithonia Middle School,DeKalb County,Lithonia,1062,1062,Yes under Community Eligibility Option (CEO),true
130222003355,Little Mill Middle School,Forsyth County,Cumming,916,366,Yes participating without using any Provision or the CEO,true
130111003780,Little River Elem.,Cherokee County,Woodstock,1232,383,Yes participating without using any Provision or the CEO,false
130393003876,Live Oak Elementary,Newton County,Covington,936,936,Yes under Community Eligibility Option (CEO),false
130183003341,Live Oak Elementary School,Dougherty County,Albany,833,833,Yes under Community Eligibility Option (CEO),false
130393001463,Livingston Elementary School,Newton County,Covington,357,357,Yes under Community Eligibility Option (CEO),false
130174000677,Livsey Elementary School,DeKalb County,Tucker,383,251,Yes under Community Eligibility Option (CEO),false
130351000767,Lockheed Elementary School,Marietta City,Marietta,734,661,Yes participating without using any Provision or the CEO,false
130282001214,Locust Grove Elementary School,Henry County,Locust Grove,576,432,Yes participating without using any Provision or the CEO,false
130282003928,Locust Grove High,Henry County,Locust Grove,1572,887,Yes participating without using any Provision or the CEO,false
130282003937,Locust Grove Middle,Henry County,Locust Grove,1010,681,Yes participating without using any Provision or the CEO,false
130539002136,Loganville Elementary School,Walton County,Loganville,951,457,Yes participating without using any Provision or the CEO,false
130539002288,Loganville High School,Walton County,Loganville,1911,840,Yes participating without using any Provision or the CEO,false
130539001767,Loganville Middle School,Walton County,Loganville,1320,734,Yes participating without using any Provision or the CEO,false
130342002139,Long Branch Elementary School,Lumpkin County,Dahlonega,403,282,Yes participating without using any Provision or the CEO,false
130000102011,Long Cane Elementary School,Troup County,LaGrange,605,531,Yes under Community Eligibility Option (CEO),false
130000101852,Long Cane Middle School,Troup County,LaGrange,988,935,Yes under Community Eligibility Option (CEO),true
130336001371,Long County High School,Long County,Ludowici,1353,995,Yes under Community Eligibility Option (CEO),true
130336004120,Long County Middle School,Long County,Ludowici,1007,784,Yes under Community Eligibility Option (CEO),true
130336004707,Long County Primary School,Long County,Ludowici,905,709,Yes under Community Eligibility Option (CEO),false
130387001450,Lonnie Jackson Academy,Muscogee County,Columbus,395,395,Yes under Community Eligibility Option (CEO),false
130441001830,Lorraine Elementary School,Rockdale County,Stockbridge,571,418,Yes under Community Eligibility Option (CEO),false
130129002250,Lost Mountain Middle School,Cobb County,Kennesaw,979,215,Yes participating without using any Provision or the CEO,false
130306001264,Louisville Academy School,Jefferson County,Louisville,339,339,Yes under Community Eligibility Option (CEO),false
130123002067,Lovejoy High School,Clayton County,Hampton,2049,2049,Yes under Community Eligibility Option (CEO),true
130255003382,Lovin Elementary School,Gwinnett County,Lawrenceville,856,620,Yes participating without using any Provision or the CEO,false
130129003622,Lovinggood Middle School,Cobb County,Powder Springs,1209,391,Yes participating without using any Provision or the CEO,false
130339001310,Lowndes High School,Lowndes County,Valdosta,3152,2107,Yes under Community Eligibility Option (CEO),false
130339001315,Lowndes Middle School,Lowndes County,Valdosta,818,818,Yes under Community Eligibility Option (CEO),true
130282003408,Luella Elementary School,Henry County,Locust Grove,616,436,Yes participating without using any Provision or the CEO,false
130282002916,Luella High School,Henry County,Locust Grove,1236,722,Yes participating without using any Provision or the CEO,false
130282002393,Luella Middle School,Henry County,Locust Grove,849,567,Yes participating without using any Provision or the CEO,false
130261001172,Lula Elementary School,Hall County,Lula,382,254,Yes participating without using any Provision or the CEO,false
130342002505,Lumpkin County High School,Lumpkin County,Dahlonega,1125,497,Yes participating without using any Provision or the CEO,false
130342001319,Lumpkin County Middle School,Lumpkin County,Dahlonega,864,480,Yes participating without using any Provision or the CEO,true
130108000417,Lyerly Elementary School,Chattooga County,Lyerly,335,290,Yes participating without using any Provision or the CEO,true
130261001166,Lyman Hall Elementary School,Hall County,Gainesville,785,755,Yes participating without using any Provision or the CEO,false
130330001911,Lyman Hall Elementary School,Liberty County,Hinesville,588,588,Yes under Community Eligibility Option (CEO),false
130504002994,Lyons Primary School,Toombs County,Lyons,571,571,Yes under Community Eligibility Option (CEO),false
130504002995,Lyons Upper Elementary,Toombs County,Lyons,478,478,Yes under Community Eligibility Option (CEO),false
130012000085,M. A. Jones Elementary School,Atlanta Public Schools,Atlanta,461,461,Yes under Community Eligibility Option (CEO),false
130123002304,M. D. Roberts Middle School,Clayton County,Jonesboro,894,894,Yes under Community Eligibility Option (CEO),true
130129000551,Mableton Elementary School,Cobb County,Mableton,945,945,Yes under Community Eligibility Option (CEO),false
130129000512,Mabry Middle School,Cobb County,Marietta,938,136,Yes participating without using any Provision or the CEO,false
130111000431,Macedonia Elementary School,Cherokee County,Canton,730,136,Yes participating without using any Provision or the CEO,false
130495001679,Macintyre Park Middle School,Thomasville City,Thomasville,530,511,Yes under Community Eligibility Option (CEO),true
130345002218,Macon County Elementary School,Macon County,Oglethorpe,525,525,Yes under Community Eligibility Option (CEO),false
130345001322,Macon County High School,Macon County,Montezuma,333,269,Yes under Community Eligibility Option (CEO),true
130345001329,Macon County Middle School,Macon County,Montezuma,189,189,Yes under Community Eligibility Option (CEO),true
130002603509,Macon Regional Youth Detention Center,Department of Juvenile Justice,Macon,18,15,No,true
130002603490,Macon Youth Development Campus,Department of Juvenile Justice,Macon,36,25,No,true
130348001333,Madison County High School,Madison County,Danielsville,1525,1260,Yes under Community Eligibility Option (CEO),false
130348001332,Madison County Middle School,Madison County,Comer,1147,970,Yes under Community Eligibility Option (CEO),true
130150002252,Madras Middle School,Coweta County,Newnan,754,266,Yes participating without using any Provision or the CEO,false
130255001635,Magill Elementary School,Gwinnett County,Loganville,1259,960,Yes participating without using any Provision or the CEO,false
130444004356,Main Elementary School,Rome City,Rome,424,424,Yes under Community Eligibility Option (CEO),false
130228003990,Main Street Charter Academy,Fulton County,College Park,817,377,Yes participating without using any Provision or the CEO,true
130396001765,Malcom Bridge Elementary School,Oconee County,Bogart,591,171,Yes participating without using any Provision or the CEO,false
130396002225,Malcom Bridge Middle School,Oconee County,Bogart,548,94,Yes participating without using any Provision or the CEO,false
130078002355,Mamie Lou Gross Elementary School,Camden County,Woodbine,454,313,Yes participating without using any Provision or the CEO,false
130363001362,Manchester High School,Meriwether County,Manchester,447,425,Yes under Community Eligibility Option (CEO),true
130363001361,Manchester Middle School,Meriwether County,Manchester,274,271,Yes under Community Eligibility Option (CEO),true
130228002265,Manning Oaks Elementary School,Fulton County,Alpharetta,764,228,Yes participating without using any Provision or the CEO,false
130393001461,Mansfield Elementary School,Newton County,Mansfield,384,295,Yes under Community Eligibility Option (CEO),false
130174001521,Marbut Elementary School,DeKalb County,Lithonia,427,427,Yes under Community Eligibility Option (CEO),false
130174003868,Margaret Harris Comprehensive School,DeKalb County,Atlanta,76,67,Yes under Community Eligibility Option (CEO),true
130351003480,Marietta Center for Advanced Academics,Marietta City,Marietta,268,82,Yes participating without using any Provision or the CEO,false
130351001342,Marietta High School,Marietta City,Marietta,2526,1432,Yes participating without using any Provision or the CEO,true
130351001339,Marietta Middle School,Marietta City,Marietta,1352,916,Yes participating without using any Provision or the CEO,true
130002603510,Marietta Regional Youth Detention Center,Department of Juvenile Justice,Marietta,18,15,No,true
130351002621,Marietta Sixth Grade Academy,Marietta City,Marietta,678,441,Yes participating without using any Provision or the CEO,false
130354001346,Marion County Middle/High School,Marion County,Buena Vista,687,668,Yes under Community Eligibility Option (CEO),true
130198000887,Marlow Elementary School,Effingham County,Guyton,670,309,Yes participating without using any Provision or the CEO,false
130102002054,Marshpoint Elementary School,Savannah-Chatham County,Savannah,603,311,Yes participating without using any Provision or the CEO,false
130123004154,Martha Ellen Stilwell School for the Performing Arts,Clayton County,Jonesboro,494,494,Yes under Community Eligibility Option (CEO),true
130002603500,Martha K. Glaze Regional Youth Detention Center,Department of Juvenile Justice,Hampton,21,16,No,true
130555000673,Martha Puckett Middle School,Wayne County,Jesup,541,,Yes under Community Eligibility Option (CEO),true
130555000706,Martha Rawls Smith Elementary School,Wayne County,Jesup,543,543,Yes under Community Eligibility Option (CEO),false
130261002390,Martin Elementary School,Hall County,Flowery Branch,628,411,Yes participating without using any Provision or the CEO,false
130012000025,Martin L. King Jr. Middle School,Atlanta Public Schools,Atlanta,879,856,Yes under Community Eligibility Option (CEO),true
130042004198,Martin Luther King Jr Elementary School,Bibb County,Macon,675,536,Yes under Community Eligibility Option (CEO),false
130183002316,Martin Luther King- Jr. Elementary School,Dougherty County,Albany,537,537,Yes under Community Eligibility Option (CEO),false
130123002836,Martin Luther King- Jr. Elementary School,Clayton County,College Park,516,516,Yes under Community Eligibility Option (CEO),false
130387002419,Martin Luther King- Jr. Elementary School,Muscogee County,Columbus,487,487,Yes under Community Eligibility Option (CEO),false
130174002479,Martin Luther King- Jr. High School,DeKalb County,Lithonia,1370,1370,Yes under Community Eligibility Option (CEO),true
130141000606,Martinez Elementary School,Columbia County,Martinez,731,445,Yes participating without using any Provision or the CEO,false
130387004686,Mary a Buckner Academy,Muscogee County,Columbus,789,789,Yes under Community Eligibility Option (CEO),false
130078000794,Mary Lee Clark Elementary School,Camden County,Saint Marys,480,218,Yes participating without using any Provision or the CEO,false
130012000136,Mary Lin Elementary School,Atlanta Public Schools,Atlanta,526,28,Yes participating without using any Provision or the CEO,false
130174002482,Mary McLeod Bethune Middle School,DeKalb County,Decatur,655,655,Yes under Community Eligibility Option (CEO),true
130372001373,Mary Persons High School,Monroe County,Forsyth,1323,578,Yes participating without using any Provision or the CEO,false
130222000955,Mashburn Elementary School,Forsyth County,Cumming,976,226,Yes participating without using any Provision or the CEO,false
130186003911,Mason Creek Elementary School,Douglas County,Winston,513,348,Yes participating without using any Provision or the CEO,false
130186003890,Mason Creek Middle School,Douglas County,Winston,853,584,Yes participating without using any Provision or the CEO,true
130255002197,Mason Elementary School,Gwinnett County,Duluth,913,416,Yes participating without using any Provision or the CEO,false
130387001447,Mathews Elementary School,Muscogee County,Midland,702,142,Yes participating without using any Provision or the CEO,false
130078002063,Matilda Harris Elementary School,Camden County,Kingsland,662,307,Yes participating without using any Provision or the CEO,false
130288004714,Matt Arthur Primary School,Houston County,Perry,521,231,Yes participating without using any Provision or the CEO,false
130222002487,Matt Elementary School,Forsyth County,Cumming,1171,224,Yes participating without using any Provision or the CEO,false
130498001689,Matt Wilson Elementary School,Tift County,Tifton,398,398,Yes under Community Eligibility Option (CEO),false
130288002331,Matthew Arthur Elementary School,Houston County,Kathleen,450,164,Yes participating without using any Provision or the CEO,false
130063000290,Mattie Lively Elementary School,Bulloch County,Statesboro,607,607,Yes under Community Eligibility Option (CEO),false
130315002503,Mattie Wells Elementary School,Jones County,Macon,584,313,Yes under Community Eligibility Option (CEO),false
130357001349,Maxwell Elementary School,McDuffie County,Thomson,436,436,Yes under Community Eligibility Option (CEO),false
130102000363,May Howard Elementary School,Savannah-Chatham County,Savannah,539,162,Yes participating without using any Provision or the CEO,false
130012001939,Maynard Jackson High School,Atlanta Public Schools,Atlanta,1549,1267,Yes under Community Eligibility Option (CEO),true
130294001253,Maysville Elementary School,Jackson County,Maysville,468,367,Yes participating without using any Provision or the CEO,false
130057004189,McAllister Elementary School,Bryan County,Richmond Hill,1051,126,Yes participating without using any Provision or the CEO,false
130438002280,McBean Elementary School,Richmond County,Hephzibah,384,384,Yes under Community Eligibility Option (CEO),false
130129003528,McCall Primary School,Cobb County,Acworth,265,190,Yes participating without using any Provision or the CEO,false
130336004323,McClelland Elementary School,Long County,Ludowici,694,557,Yes under Community Eligibility Option (CEO),false
130129001926,McCleskey Middle School,Cobb County,Marietta,540,252,Yes participating without using any Provision or the CEO,false
130255004344,McClure Health Science High School,Gwinnett County,Duluth,1237,1060,Yes participating without using any Provision or the CEO,false
130129003632,McClure Middle School,Cobb County,Kennesaw,1030,316,Yes participating without using any Provision or the CEO,false
130255001638,McConnell Middle School,Gwinnett County,Loganville,2009,1181,Yes participating without using any Provision or the CEO,false
130282001208,McDonough High School,Henry County,McDonough,1359,984,Yes participating without using any Provision or the CEO,true
130282001206,McDonough Middle School,Henry County,McDonough,876,690,Yes participating without using any Provision or the CEO,true
130129000533,McEachern High School,Cobb County,Powder Springs,2175,1508,Yes participating without using any Provision or the CEO,false
130261001165,McEver Elementary School,Hall County,Gainesville,487,417,Yes participating without using any Provision or the CEO,false
130402002009,McGarity Elementary School,Paulding County,Hiram,572,332,Yes participating without using any Provision or the CEO,false
130360002413,McIntosh Academy,McIntosh County,Darien,389,371,Yes under Community Eligibility Option (CEO),true
130360002412,McIntosh County Middle School,McIntosh County,Darien,311,311,Yes under Community Eligibility Option (CEO),true
130213001892,McIntosh High School,Fayette County,Peachtree City,1762,335,Yes participating without using any Provision or the CEO,false
130255002040,McKendree Elementary School,Gwinnett County,Lawrenceville,1030,740,Yes participating without using any Provision or the CEO,false
130174000738,McLendon Elementary School,DeKalb County,Decatur,342,342,Yes under Community Eligibility Option (CEO),false
130174000712,McNair High School,DeKalb County,Atlanta,779,779,Yes under Community Eligibility Option (CEO),true
130228002035,McNair Middle School,Fulton County,College Park,727,727,Yes under Community Eligibility Option (CEO),true
130174000649,McNair Middle School,DeKalb County,Decatur,701,701,Yes under Community Eligibility Option (CEO),true
130438001563,Meadowbrook Elementary School,Richmond County,Augusta,447,447,Yes under Community Eligibility Option (CEO),false
130255002267,Meadowcreek Elementary School,Gwinnett County,Norcross,806,756,Yes participating without using any Provision or the CEO,false
130255001980,Meadowcreek High School,Gwinnett County,Norcross,2609,2230,Yes participating without using any Provision or the CEO,true
130228002122,Medlock Bridge Elementary School,Fulton County,Alpharetta,620,88,Yes participating without using any Provision or the CEO,false
130543001776,Memorial Drive Elementary School,Ware County,Waycross,346,346,Yes under Community Eligibility Option (CEO),false
130441000583,Memorial Middle School,Rockdale County,Conyers,774,745,Yes under Community Eligibility Option (CEO),true
130108000421,Menlo Elementary School,Chattooga County,Menlo,352,256,Yes participating without using any Provision or the CEO,true
130102000387,Mercer Middle School,Savannah-Chatham County,Garden City,512,433,Yes participating without using any Provision or the CEO,true
130183000842,Merry Acres Middle School,Dougherty County,Albany,807,807,Yes under Community Eligibility Option (CEO),true
130002603517,Metro Regional Youth Detention Center,Department of Juvenile Justice,Atlanta,19,16,No,true
130081004361,Metter College and Career Academy,Candler County,Metter,179,179,Yes under Community Eligibility Option (CEO),false
130081000316,Metter Elementary School,Candler County,Metter,994,994,Yes under Community Eligibility Option (CEO),false
130081000317,Metter High School,Candler County,Metter,484,412,Yes under Community Eligibility Option (CEO),true
130081000318,Metter Middle School,Candler County,Metter,500,500,Yes under Community Eligibility Option (CEO),true
130012004237,Michael R. Hollis Innovation Academy,Atlanta Public Schools,Atlanta,583,583,Yes under Community Eligibility Option (CEO),true
130123004309,Michelle Obama STEM Elementary Academy,Clayton County,Hampton,1048,1048,Yes under Community Eligibility Option (CEO),false
130393002222,Middle Ridge Elementary School,Newton County,Covington,594,594,Yes under Community Eligibility Option (CEO),false
130387002423,Midland Academy,Muscogee County,Midland,622,551,Yes under Community Eligibility Option (CEO),false
130387002337,Midland Middle School,Muscogee County,Midland,455,455,Yes under Community Eligibility Option (CEO),true
130012000066,Midtown High School,Atlanta Public Schools,Atlanta,1696,464,Yes participating without using any Provision or the CEO,false
130174000737,Midvale Elementary School,DeKalb County,Tucker,417,328,Yes under Community Eligibility Option (CEO),false
130222000953,Midway Elementary School,Forsyth County,Alpharetta,1022,161,Yes participating without using any Provision or the CEO,false
130414003994,Midway Elementary School,Pierce County,Blackshear,484,392,Yes under Community Eligibility Option (CEO),false
130021004290,Midway Hills Academy,Baldwin County,Milledgeville,392,392,Yes under Community Eligibility Option (CEO),false
130021004289,Midway Hills Primary,Baldwin County,Milledgeville,482,458,Yes under Community Eligibility Option (CEO),false
130330002504,Midway Middle School,Liberty County,Midway,750,544,Yes under Community Eligibility Option (CEO),true
130585604675,Miles Ahead Charter School,State Specialty Schools II- Miles Ahead Charter School,Powder Springs,261,120,Yes participating without using any Provision or the CEO,false
130012000063,Miles Elementary School,Atlanta Public Schools,Atlanta,499,499,Yes under Community Eligibility Option (CEO),false
130129001974,Milford Elementary School,Cobb County,Marietta,389,385,Yes under Community Eligibility Option (CEO),false
130063002296,Mill Creek Elementary School,Bulloch County,Statesboro,602,602,Yes under Community Eligibility Option (CEO),false
130255003376,Mill Creek High School,Gwinnett County,Hoschton,2782,825,Yes participating without using any Provision or the CEO,false
130111003909,Mill Creek Middle School,Cherokee County,Woodstock,1476,465,Yes participating without using any Provision or the CEO,false
130002604194,Millegeville Itu,Department of Juvenile Justice,Milledgeville,10,7,No,true
130366001368,Miller County Elementary School,Miller County,Colquitt,365,365,Yes under Community Eligibility Option (CEO),false
130366002415,Miller County High School,Miller County,Colquitt,236,210,Yes under Community Eligibility Option (CEO),true
130366002414,Miller County Middle School,Miller County,Colquitt,171,171,Yes under Community Eligibility Option (CEO),true
130288001239,Miller Elementary School,Houston County,Warner Robins,487,487,Yes under Community Eligibility Option (CEO),false
130174003332,Miller Grove High School,DeKalb County,Lithonia,1073,1073,Yes under Community Eligibility Option (CEO),true
130174001568,Miller Grove Middle School,DeKalb County,Decatur,625,625,Yes under Community Eligibility Option (CEO),true
130042002234,Miller Magnet Middle School,Bibb County,Macon,614,366,Yes under Community Eligibility Option (CEO),true
130228001005,Milton High School,Fulton County,Alpharetta,1999,344,Yes participating without using any Provision or the CEO,false
130228001025,Mimosa Elementary School,Fulton County,Roswell,588,588,Yes under Community Eligibility Option (CEO),false
130255002005,Minor Elementary School,Gwinnett County,Lilburn,952,771,Yes participating without using any Provision or the CEO,false
130186002549,Mirror Lake Elementary School,Douglas County,Villa Rica,554,375,Yes participating without using any Provision or the CEO,false
130033001940,Mission Road Elementary School,Bartow County,Cartersville,598,417,Yes participating without using any Provision or the CEO,false
130369003832,Mitchell County Elementary School,Mitchell County,Baconton,276,238,Yes under Community Eligibility Option (CEO),false
130369001912,Mitchell County High School,Mitchell County,Camilla,334,258,Yes under Community Eligibility Option (CEO),true
130369001744,Mitchell County Middle School,Mitchell County,Camilla,250,193,Yes under Community Eligibility Option (CEO),false
130369002220,Mitchell County Primary School,Mitchell County,Camilla,343,289,Yes under Community Eligibility Option (CEO),false
130219000943,Model Elementary School,Floyd County,Rome,501,331,Yes participating without using any Provision or the CEO,false
130219002373,Model High,Floyd County,Rome,915,363,Yes participating without using any Provision or the CEO,true
130219002372,Model Middle School,Floyd County,Rome,522,247,Yes participating without using any Provision or the CEO,false
130539001772,Monroe Area High School,Walton County,Monroe,1233,709,Yes participating without using any Provision or the CEO,true
130372004065,Monroe County Middle School- Banks Stephens Campus,Monroe County,Forsyth,1062,528,Yes participating without using any Provision or the CEO,true
130539003569,Monroe Elementary,Walton County,Monroe,605,479,Yes participating without using any Provision or the CEO,false
130183000824,Monroe High School,Dougherty County,Albany,1189,1189,Yes under Community Eligibility Option (CEO),true
130174000702,Montclair Elementary School,DeKalb County,Brookhaven,590,493,Yes under Community Eligibility Option (CEO),false
130438001526,Monte Sano Elementary School,Richmond County,Augusta,410,410,Yes under Community Eligibility Option (CEO),false
130375003432,Montgomery County Elementary School,Montgomery County,Ailey,435,435,Yes under Community Eligibility Option (CEO),false
130375002418,Montgomery County High School,Montgomery County,Mount Vernon,264,264,Yes under Community Eligibility Option (CEO),true
130375002417,Montgomery County Middle School,Montgomery County,Mount Vernon,203,203,Yes under Community Eligibility Option (CEO),true
130174000682,Montgomery Elementary School,DeKalb County,Brookhaven,728,107,Yes participating without using any Provision or the CEO,false
130252001089,Moore Elementary School,Griffin-Spalding County,Griffin,335,294,Yes under Community Eligibility Option (CEO),false
130255004026,Moore Middle School,Gwinnett County,Lawrenceville,971,788,Yes participating without using any Provision or the CEO,true
130187004050,Moore Street Facility,Dublin City,Dublin,40,40,Yes under Community Eligibility Option (CEO),true
130150000760,Moreland Elementary School,Coweta County,Moreland,547,223,Yes participating without using any Provision or the CEO,false
130252003447,Moreland Road Elementary,Griffin-Spalding County,Griffin,490,424,Yes under Community Eligibility Option (CEO),false
130378002141,Morgan County Elementary School,Morgan County,Madison,842,456,Yes participating without using any Provision or the CEO,false
130378001378,Morgan County High School,Morgan County,Madison,1117,509,Yes participating without using any Provision or the CEO,false
130378001379,Morgan County Middle School,Morgan County,Madison,749,361,Yes participating without using any Provision or the CEO,false
130378001380,Morgan County Primary School,Morgan County,Madison,854,478,Yes participating without using any Provision or the CEO,false
130012000130,Morningside Elementary School,Atlanta Public Schools,Atlanta,722,55,Yes participating without using any Provision or the CEO,false
130288001229,Morningside Elementary School,Houston County,Perry,488,488,Yes under Community Eligibility Option (CEO),false
130240003697,Morningstar Treatment Services- Inc. Youth Estate,Glynn County,Brunswick,23,20,Yes participating without using any Provision or the CEO,true
130012000127,Morris Brandon Elementary School,Atlanta Public Schools,Atlanta,911,175,Yes participating without using any Provision or the CEO,false
130123000500,Morrow Elementary School,Clayton County,Morrow,406,406,Yes under Community Eligibility Option (CEO),false
130123000487,Morrow High School,Clayton County,Ellenwood,2077,2077,Yes under Community Eligibility Option (CEO),true
130123000492,Morrow Middle School,Clayton County,Morrow,794,794,Yes under Community Eligibility Option (CEO),true
130567003803,Mossy Creek Elementary School,White County,Cleveland,427,427,Yes under Community Eligibility Option (CEO),false
130288003661,Mossy Creek Middle School,Houston County,Kathleen,796,351,Yes participating without using any Provision or the CEO,false
130339001010,Moulton-Branch Elementary School,Lowndes County,Valdosta,594,594,Yes under Community Eligibility Option (CEO),false
130129000507,Mount Bethel Elementary School,Cobb County,Marietta,898,64,Yes participating without using any Provision or the CEO,false
130186000863,Mount Carmel Elementary School,Douglas County,Douglasville,425,356,Yes participating without using any Provision or the CEO,false
130282002329,Mount Carmel Elementary School,Henry County,Hampton,547,419,Yes participating without using any Provision or the CEO,false
130261000344,Mount Vernon Elementary School,Hall County,Gainesville,650,222,Yes participating without using any Provision or the CEO,false
130567003018,Mount Yonah Elementary School,White County,Sautee Nacoochee,424,377,Yes under Community Eligibility Option (CEO),false
130084000319,Mount Zion Elementary School,Carroll County,Carrollton,640,344,Yes under Community Eligibility Option (CEO),false
130123000461,Mount Zion Elementary School,Clayton County,Jonesboro,491,491,Yes under Community Eligibility Option (CEO),false
130123002068,Mount Zion High School,Clayton County,Jonesboro,1232,1232,Yes under Community Eligibility Option (CEO),true
130123003752,Mount Zion Primary,Clayton County,Jonesboro,620,620,Yes under Community Eligibility Option (CEO),false
130021403723,Mountain Education High School,State Specialty Schools I- Mountain Education High School,Cleveland,1692,547,Yes participating without using any Provision or the CEO,true
130255001137,Mountain Park Elementary School,Gwinnett County,Lilburn,652,429,Yes participating without using any Provision or the CEO,false
130228000976,Mountain Park Elementary School,Fulton County,Roswell,735,70,Yes participating without using any Provision or the CEO,false
130111002066,Mountain Road Elementary School,Cherokee County,Woodstock,370,85,Yes participating without using any Provision or the CEO,false
130234002565,Mountain View Elementary,Gilmer County,Ellijay,668,384,Yes under Community Eligibility Option (CEO),false
130363002335,Mountain View Elementary School,Meriwether County,Manchester,681,674,Yes under Community Eligibility Option (CEO),false
130129000560,Mountain View Elementary School,Cobb County,Marietta,837,156,Yes participating without using any Provision or the CEO,false
130255003916,Mountain View High School,Gwinnett County,Lawrenceville,2221,1179,Yes participating without using any Provision or the CEO,false
130084003582,Mt. Zion High School,Carroll County,Carrollton,496,233,Yes under Community Eligibility Option (CEO),true
130084003562,Mt. Zion Middle School,Carroll County,Carrollton,404,192,Yes under Community Eligibility Option (CEO),true
130270002269,Mulberry Creek Elementary School,Harris County,Cataula,529,188,Yes participating without using any Provision or the CEO,false
130255003381,Mulberry Elementary School,Gwinnett County,Auburn,763,390,Yes participating without using any Provision or the CEO,false
130231004284,Mundy Mill Arts Academy,Gainesville City,Gainesville,825,596,Yes under Provision 2,false
130123002523,Mundy's Mill High School,Clayton County,Jonesboro,1665,1655,Yes under Community Eligibility Option (CEO),true
130123000463,Mundys Mill Middle School,Clayton County,Jonesboro,687,687,Yes under Community Eligibility Option (CEO),true
130129000544,Murdock Elementary School,Cobb County,Marietta,847,97,Yes participating without using any Provision or the CEO,false
130174000709,Murphey Candler Elementary School,DeKalb County,Lithonia,512,512,Yes under Community Eligibility Option (CEO),false
130438001579,Murphey Middle School,Richmond County,Augusta,512,512,Yes under Community Eligibility Option (CEO),true
130384001381,Murray County High School,Murray County,Chatsworth,1068,995,Yes under Community Eligibility Option (CEO),true
130002603650,Muscogee Youth Development Campus,Department of Juvenile Justice,Midland,,,No,true
130174004039,Museum School Avondale Estates,DeKalb County,Avondale Estates,588,213,Yes participating without using any Provision or the CEO,false
130261001156,Myers Elementary School,Hall County,Gainesville,524,479,Yes participating without using any Provision or the CEO,false
130102000381,Myers Middle School,Savannah-Chatham County,Savannah,503,469,Yes participating without using any Provision or the CEO,true
130048000234,Nahunta Elementary School,Brantley County,Nahunta,260,260,Yes under Community Eligibility Option (CEO),false
130048001946,Nahunta Primary School,Brantley County,Nahunta,440,440,Yes under Community Eligibility Option (CEO),false
130537001751,Naomi Elementary School,Walker County,La Fayette,302,302,Yes under Community Eligibility Option (CEO),false
130174002308,Narvie Harris Elementary School,DeKalb County,Decatur,535,473,Yes under Community Eligibility Option (CEO),false
130402002228,Nebo Elementary School,Paulding County,Dallas,874,525,Yes participating without using any Provision or the CEO,false
130240002266,Needwood Middle School,Glynn County,Brunswick,736,690,Yes under Community Eligibility Option (CEO),true
130255000296,Nesbit Elementary School,Gwinnett County,Tucker,1191,1019,Yes participating without using any Provision or the CEO,false
130063003549,Nevils Elementary School,Bulloch County,Statesboro,481,381,Yes under Community Eligibility Option (CEO),false
130171004170,New Beginning Learning Center,Decatur County,Bainbridge,183,183,Yes under Community Eligibility Option (CEO),true
130402001473,New Georgia Elementary School,Paulding County,Villa Rica,336,175,Yes participating without using any Provision or the CEO,false
130102004088,New Hampstead High School,Savannah-Chatham County,Bloomingdale,1123,668,Yes participating without using any Provision or the CEO,false
130102004412,New Hampstead K-8 School,Savannah-Chatham County,Bloomingdale,1118,878,Yes participating without using any Provision or the CEO,false
130231003048,New Holland Leadership Academy,Gainesville City,Gainesville,573,481,Yes under Provision 2,false
130282003417,New Hope Elementary,Henry County,Locust Grove,621,365,Yes participating without using any Provision or the CEO,false
130222004436,New Hope Elementary School,Forsyth County,Comming,1175,172,Yes participating without using any Provision or the CEO,false
130570002450,New Hope Elementary School,Whitfield County,Dalton,511,462,Yes under Community Eligibility Option (CEO),false
130570003465,New Hope Middle School,Whitfield County,Dalton,454,393,Yes under Community Eligibility Option (CEO),true
130255003991,New Life Academy of Excellence,Gwinnett County,Duluth,645,427,Yes participating without using any Provision or the CEO,false
130186002548,New Manchester Elementary School,Douglas County,Douglasville,818,609,Yes participating without using any Provision or the CEO,false
130186004034,New Manchester High School,Douglas County,Douglasville,1894,1242,Yes participating without using any Provision or the CEO,true
130270001188,New Mountain Hill Elementary School,Harris County,Fortson,509,196,Yes participating without using any Provision or the CEO,false
130228000927,New Prospect Elementary School,Fulton County,Alpharetta,607,106,Yes participating without using any Provision or the CEO,false
130531001076,Newbern Middle School,Valdosta City,Valdosta,725,725,Yes under Community Eligibility Option (CEO),true
130150002162,Newnan Crossing Elementary School,Coweta County,Newnan,912,425,Yes participating without using any Provision or the CEO,false
130150000754,Newnan High School,Coweta County,Newnan,2214,1081,Yes participating without using any Provision or the CEO,true
130393003920,Newton County Theme School at Ficquett,Newton County,Covington,1095,572,Yes under Community Eligibility Option (CEO),false
130393001454,Newton High School,Newton County,Covington,2499,2273,Yes under Community Eligibility Option (CEO),true
130135000577,Nicholls Elementary School,Coffee County,Nicholls,325,325,Yes under Community Eligibility Option (CEO),false
130129002109,Nicholson Elementary School,Cobb County,Marietta,413,184,Yes participating without using any Provision or the CEO,false
130129002247,Nickajack Elementary School,Cobb County,Smyrna,1260,551,Yes participating without using any Provision or the CEO,false
130228000970,Nolan Elementary School,Fulton County,College Park,779,779,Yes under Community Eligibility Option (CEO),false
130255001125,Norcross Elementary School,Gwinnett County,Norcross,751,665,Yes participating without using any Provision or the CEO,false
130255001132,Norcross High School,Gwinnett County,Norcross,2317,1682,Yes participating without using any Provision or the CEO,true
130138000584,Norman Park Elementary School,Colquitt County,Norman Park,581,581,Yes under Community Eligibility Option (CEO),false
130357000459,Norris Elementary School,McDuffie County,Thomson,287,287,Yes under Community Eligibility Option (CEO),false
130012002212,North Atlanta High School,Atlanta Public Schools,Atlanta,2368,718,Yes participating without using any Provision or the CEO,false
130054000207,North Brooks Elementary School,Brooks County,Morven,354,354,Yes under Community Eligibility Option (CEO),false
130123000467,North Clayton High School,Clayton County,College Park,1124,1124,Yes under Community Eligibility Option (CEO),true
130123000495,North Clayton Middle School,Clayton County,College Park,817,817,Yes under Community Eligibility Option (CEO),true
130129000525,North Cobb High School,Cobb County,Kennesaw,2463,1230,Yes participating without using any Provision or the CEO,false
130141000604,North Columbia Elementary School,Columbia County,Appling,460,138,Yes participating without using any Provision or the CEO,false
130387003656,North Columbus Elementary,Muscogee County,Columbus,737,593,Yes under Community Eligibility Option (CEO),false
130186003345,North Douglas Elementary School,Douglas County,Douglasville,537,474,Yes participating without using any Provision or the CEO,false
130213001893,North Fayette Elementary School,Fayette County,Fayetteville,616,418,Yes participating without using any Provision or the CEO,false
130222000893,North Forsyth High School,Forsyth County,Cumming,2151,492,Yes participating without using any Provision or the CEO,false
130222002178,North Forsyth Middle School,Forsyth County,Cumming,1164,340,Yes participating without using any Provision or the CEO,false
130255001123,North Gwinnett High School,Gwinnett County,Suwanee,3033,579,Yes participating without using any Provision or the CEO,false
130255003945,North Gwinnett Middle School,Gwinnett County,Sugar Hill,2360,503,Yes participating without using any Provision or the CEO,false
130258001147,North Habersham Middle School,Habersham County,Clarkesville,542,427,Yes under Community Eligibility Option (CEO),false
130261001161,North Hall High School,Hall County,Gainesville,1164,368,Yes participating without using any Provision or the CEO,false
130261002045,North Hall Middle School,Hall County,Gainesville,826,345,Yes participating without using any Provision or the CEO,false
130141000602,North Harlem Elementary School,Columbia County,Harlem,930,495,Yes participating without using any Provision or the CEO,false
130273002572,North Hart Elementary School,Hart County,Bowersville,666,643,Yes under Community Eligibility Option (CEO),false
130294001252,North Jackson Elementary School,Jackson County,Talmo,517,326,Yes participating without using any Provision or the CEO,false
130537001755,North Lafayette Elementary School,Walker County,La Fayette,420,420,Yes under Community Eligibility Option (CEO),false
130255004169,North Metro Academy of Performing Arts,Gwinnett County,Peachtree Corners,193,149,Yes participating without using any Provision or the CEO,false
130384003849,North Murray High School,Murray County,Chatsworth,961,801,Yes under Community Eligibility Option (CEO),true
130396003437,North Oconee High School,Oconee County,Bogart,1432,215,Yes participating without using any Provision or the CEO,false
130402003625,North Paulding High School,Paulding County,Dallas,3015,883,Yes participating without using any Provision or the CEO,false
130228001024,North Springs High School,Fulton County,Atlanta,1195,642,Yes participating without using any Provision or the CEO,false
130477004426,North Tattnall Elementary School,Tattnall County,Collins,831,831,Yes under Community Eligibility Option (CEO),false
130477002433,North Tattnall Middle School,Tattnall County,Reidsville,431,431,Yes under Community Eligibility Option (CEO),true
130570001822,North Whitfield Middle School,Whitfield County,Dalton,731,656,Yes under Community Eligibility Option (CEO),true
130255004149,Northbrook Middle School,Gwinnett County,Suwanee,944,597,Yes participating without using any Provision or the CEO,true
130123000471,Northcutt Elementary School,Clayton County,College Park,618,618,Yes under Community Eligibility Option (CEO),false
130042001943,Northeast High School,Bibb County,Macon,794,505,Yes under Community Eligibility Option (CEO),true
130498001691,Northeast Middle School,Tift County,Tifton,733,733,Yes under Community Eligibility Option (CEO),true
130150001108,Northgate High School,Coweta County,Newnan,2142,693,Yes participating without using any Provision or the CEO,false
130420002010,Northside Elementary,Polk County,Cedartown,531,465,Yes under Community Eligibility Option (CEO),false
130183000848,Northside Elementary School,Dougherty County,Albany,381,381,Yes under Community Eligibility Option (CEO),false
130402000524,Northside Elementary School,Paulding County,Dallas,626,366,Yes participating without using any Provision or the CEO,false
130150000761,Northside Elementary School,Coweta County,Newnan,366,144,Yes participating without using any Provision or the CEO,false
130498001684,Northside Elementary School,Tift County,Tifton,405,405,Yes under Community Eligibility Option (CEO),false
130288002132,Northside Elementary School,Houston County,Warner Robins,564,564,Yes under Community Eligibility Option (CEO),false
130387002583,Northside High School,Muscogee County,Columbus,1405,776,Yes under Community Eligibility Option (CEO),false
130288001230,Northside High School,Houston County,Warner Robins,1949,1949,Yes under Community Eligibility Option (CEO),true
130288001223,Northside Middle School,Houston County,Warner Robins,859,859,Yes under Community Eligibility Option (CEO),true
130228002560,Northview High School,Fulton County,Duluth,1591,200,Yes participating without using any Provision or the CEO,false
130026404424,Northwest Classical Academy,State Specialty Schools II- Northwest Classical Academy,Kennesaw,798,217,Yes participating without using any Provision or the CEO,false
130384001385,Northwest Elementary School,Murray County,Chatsworth,557,557,Yes under Community Eligibility Option (CEO),false
130189000875,Northwest Laurens Elementary,Laurens County,Dudley,889,706,Yes under Community Eligibility Option (CEO),false
130570001819,Northwest Whitfield County High School,Whitfield County,Tunnel Hill,1098,784,Yes under Community Eligibility Option (CEO),false
130228001631,Northwestern Middle School,Fulton County,Alpharetta,1167,129,Yes participating without using any Provision or the CEO,false
130228001615,Northwood Elementary School,Fulton County,Roswell,576,159,Yes participating without using any Provision or the CEO,false
130255001981,Norton Elementary School,Gwinnett County,Snellville,1042,846,Yes participating without using any Provision or the CEO,false
130129000532,Norton Park Elementary School,Cobb County,Smyrna,643,643,Yes under Community Eligibility Option (CEO),false
130111000437,Oak Grove Elementary School,Cherokee County,Acworth,523,346,Yes participating without using any Provision or the CEO,false
130174000714,Oak Grove Elementary School,DeKalb County,Atlanta,429,47,Yes participating without using any Provision or the CEO,false
130213001955,Oak Grove Elementary School,Fayette County,Peachtree City,450,165,Yes participating without using any Provision or the CEO,false
130393002507,Oak Hill Elementary School,Newton County,Covington,663,663,Yes under Community Eligibility Option (CEO),false
130021002347,Oak Hill MS,Baldwin County,Milledgeville,974,974,Yes under Community Eligibility Option (CEO),true
130174003334,Oak View Elementary,DeKalb County,Decatur,685,685,Yes under Community Eligibility Option (CEO),false
130174000701,Oakcliff Elementary School,DeKalb County,Doraville,621,621,Yes under Community Eligibility Option (CEO),false
130168002618,Oakhurst Elementary School,City Schools of Decatur,Decatur,233,26,Yes participating without using any Provision or the CEO,false
130282002129,Oakland Elementary School,Henry County,McDonough,462,353,Yes participating without using any Provision or the CEO,false
130255003627,Oakland Meadow School,Gwinnett County,Lawrenceville,68,38,Yes participating without using any Provision or the CEO,false
130228003561,Oakley Elementary School,Fulton County,Union City,733,733,Yes under Community Eligibility Option (CEO),false
130261001159,Oakwood Elementary School,Hall County,Oakwood,509,378,Yes participating without using any Provision or the CEO,false
130228002382,Ocee Elementary School,Fulton County,Alpharetta,694,121,Yes participating without using any Provision or the CEO,false
130396001464,Oconee County Elementary School,Oconee County,Watkinsville,404,77,Yes participating without using any Provision or the CEO,false
130396000148,Oconee County High School,Oconee County,Watkinsville,1313,206,Yes participating without using any Provision or the CEO,false
130396000018,Oconee County Middle School,Oconee County,Watkinsville,940,172,Yes participating without using any Provision or the CEO,false
130396002008,Oconee County Primary School,Oconee County,Watkinsville,404,91,Yes participating without using any Provision or the CEO,false
130138001975,Odom Elementary School,Colquitt County,Moultrie,518,518,Yes under Community Eligibility Option (CEO),false
130555001799,Odum Elementary School,Wayne County,Odum,441,324,Yes under Community Eligibility Option (CEO),false
130002303482,Odyssey Charter School,State Specialty Schools I- Odyssey Charter School,Newnan,359,174,Yes participating without using any Provision or the CEO,true
130117000454,Oglethorpe Avenue Elementary School,Clarke County,Athens,563,563,Yes under Community Eligibility Option (CEO),false
130102002303,Oglethorpe Charter School,Savannah-Chatham County,Savannah,567,498,Yes participating without using any Provision or the CEO,true
130399002226,Oglethorpe County Elementary School,Oglethorpe County,Lexington,521,448,Yes under Community Eligibility Option (CEO),false
130399001468,Oglethorpe County High School,Oglethorpe County,Lexington,690,545,Yes under Community Eligibility Option (CEO),true
130399001467,Oglethorpe County Middle School,Oglethorpe County,Crawford,523,442,Yes under Community Eligibility Option (CEO),true
130399002227,Oglethorpe County Primary School,Oglethorpe County,Lexington,559,500,Yes under Community Eligibility Option (CEO),false
130240000950,Oglethorpe Point Elementary School,Glynn County,Saint Simons Island,486,214,Yes under Community Eligibility Option (CEO),false
130138000586,Okapilco Elementary School,Colquitt County,Moultrie,360,360,Yes under Community Eligibility Option (CEO),false
130282002328,Ola Elementary School,Henry County,McDonough,866,450,Yes participating without using any Provision or the CEO,false
130282003414,Ola High School,Henry County,McDonough,1586,615,Yes participating without using any Provision or the CEO,false
130282003419,Ola Middle School,Henry County,McDonough,1039,465,Yes participating without using any Provision or the CEO,false
130123000479,Oliver Elementary School,Clayton County,Riverdale,452,452,Yes under Community Eligibility Option (CEO),false
130498001690,Omega Elementary School,Tift County,Omega,314,314,Yes under Community Eligibility Option (CEO),false
130252001093,Orrs Elementary School,Griffin-Spalding County,Griffin,467,437,Yes under Community Eligibility Option (CEO),false
130129000521,Osborne High School,Cobb County,Marietta,2790,2790,Yes under Community Eligibility Option (CEO),true
130255003380,Osborne Middle School,Gwinnett County,Hoschton,1816,665,Yes participating without using any Provision or the CEO,false
130102000366,Otis J Brock III Elementary School,Savannah-Chatham County,Savannah,568,504,Yes participating without using any Provision or the CEO,false
130222000951,Otwell Middle School,Forsyth County,Cumming,1062,489,Yes participating without using any Provision or the CEO,true
130402004074,P. B. Ritch Middle School,Paulding County,Dallas,690,471,Yes participating without using any Provision or the CEO,true
130129002476,Palmer Middle School,Cobb County,Kennesaw,803,426,Yes participating without using any Provision or the CEO,false
130228001013,Palmetto Elementary School,Fulton County,Palmetto,436,436,Yes under Community Eligibility Option (CEO),false
130174001998,Panola Way Elementary School,DeKalb County,Lithonia,550,550,Yes under Community Eligibility Option (CEO),false
130162002458,Park Creek Elementary School,Dalton Public Schools,Dalton,604,476,Yes under Provision 2,false
130270002007,Park Elementary School,Harris County,Hamilton,628,369,Yes participating without using any Provision or the CEO,false
130351001337,Park Street Elementary School,Marietta City,Marietta,476,440,Yes participating without using any Provision or the CEO,false
130228000988,Parklane Elementary School,Fulton County,East Point,351,351,Yes under Community Eligibility Option (CEO),false
130012002517,Parkside Elementary School,Atlanta Public Schools,Atlanta,650,441,Yes under Community Eligibility Option (CEO),false
130255001114,Parkview High School,Gwinnett County,Lilburn,3216,1800,Yes participating without using any Provision or the CEO,false
130141004246,Parkway Elementary School,Columbia County,Evans,795,156,Yes participating without using any Provision or the CEO,false
130288001225,Parkwood Elementary School,Houston County,Warner Robins,683,683,Yes under Community Eligibility Option (CEO),false
130255002902,Parsons Elementary School,Gwinnett County,Suwanee,882,299,Yes participating without using any Provision or the CEO,false
130255002211,Partee Elementary School,Gwinnett County,Snellville,775,603,Yes participating without using any Provision or the CEO,false
130021803964,Pataula Charter Academy,State Specialty Schools II- Pataula Charter Academy,Edison,578,578,Yes under Community Eligibility Option (CEO),true
130282001288,Pate's Creek Elementary School,Henry County,Stockbridge,497,333,Yes participating without using any Provision or the CEO,false
130255003393,Patrick Elementary School,Gwinnett County,Buford,999,495,Yes participating without using any Provision or the CEO,false
130414001494,Patterson Elementary School,Pierce County,Patterson,465,409,Yes under Community Eligibility Option (CEO),false
130228002564,Paul D. West Middle School,Fulton County,East Point,814,814,Yes under Community Eligibility Option (CEO),true
130255004313,Paul Duke STEM High School,Gwinnett County,Norcross,1509,931,Yes participating without using any Provision or the CEO,true
130201004085,Paul J. Blackwell Learning Center,Elbert County,Elberton,161,161,Yes under Community Eligibility Option (CEO),false
130012000054,Paul L. Dunbar Elementary School,Atlanta Public Schools,Atlanta,279,279,Yes under Community Eligibility Option (CEO),false
130402001471,Paulding County High School,Paulding County,Dallas,2099,1241,Yes participating without using any Provision or the CEO,false
130585504674,Peace Academy Charter School,State Specialty Schools II- PEACE Academy Charter School,Decatur,241,241,Yes under Community Eligibility Option (CEO),false
130405004682,Peach County Achievement Academy,Peach County,Fort Valley,60,60,Yes under Community Eligibility Option (CEO),false
130405001483,Peach County High School,Peach County,Fort Valley,1162,1162,Yes under Community Eligibility Option (CEO),true
130174004199,Peachcrest Elementary School,DeKalb County,Decatur,729,729,Yes under Community Eligibility Option (CEO),false
130213000923,Peachtree City Elementary School,Fayette County,Peachtree City,460,85,Yes participating without using any Provision or the CEO,false
130255001120,Peachtree Elementary School,Gwinnett County,Peachtree Corners,689,514,Yes participating without using any Provision or the CEO,false
130174002031,Peachtree Middle School,DeKalb County,Atlanta,1214,673,Yes participating without using any Provision or the CEO,true
130255002903,Peachtree Ridge High School,Gwinnett County,Suwanee,3155,1541,Yes participating without using any Provision or the CEO,false
130288002131,Pearl Stephens Elementary School,Houston County,Warner Robins,436,436,Yes under Community Eligibility Option (CEO),false
130009000013,Pearson Elementary School,Atkinson County,Pearson,621,535,Yes under Provision 2,false
130129004420,Pearson Middle School,Cobb County,Marietta,806,806,Yes under Community Eligibility Option (CEO),false
130129000559,Pebblebrook High School,Cobb County,Mableton,2574,2483,Yes under Community Eligibility Option (CEO),true
130441002513,Peek's Chapel Elementary,Rockdale County,Conyers,591,591,Yes under Community Eligibility Option (CEO),false
130213002258,Peeples Elementary School,Fayette County,Fayetteville,658,111,Yes participating without using any Provision or the CEO,false
130408002462,Pelham City Middle School,Pelham City,Pelham,287,287,Yes under Community Eligibility Option (CEO),true
130408001485,Pelham Elementary School,Pelham City,Pelham,578,578,Yes under Community Eligibility Option (CEO),false
130408002461,Pelham High School,Pelham City,Pelham,381,371,Yes under Community Eligibility Option (CEO),true
130219002260,Pepperell Elementary,Floyd County,Lindale,534,388,Yes participating without using any Provision or the CEO,false
130219003351,Pepperell High School,Floyd County,Lindale,866,534,Yes participating without using any Provision or the CEO,true
130219000934,Pepperell Middle School,Floyd County,Lindale,518,354,Yes participating without using any Provision or the CEO,false
130219000938,Pepperell Primary,Floyd County,Lindale,456,315,Yes participating without using any Provision or the CEO,false
130123004279,Perry Career Academy - Eula Wilburn Ponds Perry Center For,Clayton County,Jonesboro,887,887,Yes under Community Eligibility Option (CEO),true
130288001222,Perry High School,Houston County,Perry,1615,1072,Yes under Community Eligibility Option (CEO),false
130288001238,Perry Middle School,Houston County,Perry,1164,845,Yes under Community Eligibility Option (CEO),true
130012000106,Peyton Forest Elementary School,Atlanta Public Schools,Atlanta,283,283,Yes under Community Eligibility Option (CEO),false
130255002176,Pharr Elementary School,Gwinnett County,Snellville,816,524,Yes participating without using any Provision or the CEO,false
130570001073,Phoenix High School,Whitfield County,Dalton,141,141,Yes under Community Eligibility Option (CEO),true
130255002039,Phoenix High School,Gwinnett County,Lawrenceville,921,425,Yes participating without using any Provision or the CEO,false
130411002276,Pickens County High School,Pickens County,Jasper,1219,591,Yes participating without using any Provision or the CEO,false
130411002048,Pickens County Junior High School,Pickens County,Jasper,638,372,Yes participating without using any Provision or the CEO,true
130129003732,Pickett's Mill Elementary School,Cobb County,Acworth,753,243,Yes participating without using any Provision or the CEO,false
130414001915,Pierce County High School,Pierce County,Blackshear,1053,821,Yes under Community Eligibility Option (CEO),false
130414001808,Pierce County Middle School,Pierce County,Blackshear,825,726,Yes under Community Eligibility Option (CEO),true
130417001042,Pike County Elementary School,Pike County,Zebulon,768,329,Yes participating without using any Provision or the CEO,false
130417000546,Pike County High School,Pike County,Zebulon,1075,392,Yes participating without using any Provision or the CEO,false
130417001496,Pike County Middle School,Pike County,Zebulon,777,336,Yes participating without using any Provision or the CEO,false
130417001495,Pike County Primary School,Pike County,Zebulon,805,408,Yes participating without using any Provision or the CEO,false
130255001960,Pinckneyville Middle School,Gwinnett County,Peachtree Corners,1157,659,Yes participating without using any Provision or the CEO,true
130339001317,Pine Grove Elementary School,Lowndes County,Valdosta,756,587,Yes under Community Eligibility Option (CEO),false
130339003904,Pine Grove Middle School,Lowndes County,Valdosta,733,524,Yes under Community Eligibility Option (CEO),false
130438003947,Pine Hill Middle School,Richmond County,Hephzibah,757,757,Yes under Community Eligibility Option (CEO),true
130033003586,Pine Log Elementary,Bartow County,Rydal,463,282,Yes participating without using any Provision or the CEO,false
130129000511,Pine Mountain Middle School,Cobb County,Kennesaw,506,281,Yes participating without using any Provision or the CEO,false
130270002083,Pine Ridge Elementary School,Harris County,Ellerslie,635,233,Yes participating without using any Provision or the CEO,false
130174002074,Pine Ridge Elementary School,DeKalb County,Stone Mountain,551,551,Yes under Community Eligibility Option (CEO),false
130441001584,Pine Street Elementary School,Rockdale County,Conyers,679,678,Yes under Community Eligibility Option (CEO),false
130531001921,Pinevale Elementary School,Valdosta City,Valdosta,565,544,Yes under Community Eligibility Option (CEO),false
130222003357,Piney Grove Middle School,Forsyth County,Cumming,1024,132,Yes participating without using any Provision or the CEO,false
130129002841,Pitner Elementary School,Cobb County,Acworth,802,453,Yes participating without using any Provision or the CEO,false
130570001828,Pleasant Grove Elementary School,Whitfield County,Dalton,451,451,Yes under Community Eligibility Option (CEO),false
130282001641,Pleasant Grove Elementary School,Henry County,Stockbridge,522,386,Yes participating without using any Provision or the CEO,false
130384003574,Pleasant Valley Innovative School,Murray County,Eton,64,64,Yes under Community Eligibility Option (CEO),true
130174000718,Pleasantdale Elementary School,DeKalb County,Doraville,794,685,Yes under Community Eligibility Option (CEO),false
130123001861,Pointe South Elementary School,Clayton County,Riverdale,508,508,Yes under Community Eligibility Option (CEO),false
130123000478,Pointe South Middle School,Clayton County,Jonesboro,693,693,Yes under Community Eligibility Option (CEO),true
130222004400,Poole's Mill Elementary,Forsyth County,Cumming,1384,304,Yes participating without using any Provision or the CEO,false
130102000409,Pooler Elementary School,Savannah-Chatham County,Pooler,340,291,Yes participating without using any Provision or the CEO,false
130129001994,Pope High School,Cobb County,Marietta,1793,181,Yes participating without using any Provision or the CEO,false
130150002251,Poplar Road Elementary School,Coweta County,Sharpsburg,656,316,Yes participating without using any Provision or the CEO,false
130063002298,Portal Elementary School,Bulloch County,Portal,422,398,Yes under Community Eligibility Option (CEO),false
130063000281,Portal Middle/High School,Bulloch County,Portal,523,439,Yes under Community Eligibility Option (CEO),true
130042000247,Porter Elementary School,Bibb County,Macon,400,215,Yes under Community Eligibility Option (CEO),false
130393001459,Porterdale Elementary School,Newton County,Covington,405,405,Yes under Community Eligibility Option (CEO),false
130129002024,Powder Springs Elementary School,Cobb County,Powder Springs,805,763,Yes under Community Eligibility Option (CEO),false
130129000531,Powers Ferry Elementary School,Cobb County,Marietta,475,429,Yes participating without using any Provision or the CEO,false
130042003621,Price Academy,Bibb County,Macon,14,5,Yes participating without using any Provision or the CEO,true
130174003665,Princeton Elementary School,DeKalb County,Lithonia,751,751,Yes under Community Eligibility Option (CEO),false
130228004684,Promise Career Institute School,Fulton County,College Park,247,190,Yes participating without using any Provision or the CEO,false
130084003982,Providence Elementary School,Carroll County,Temple,557,234,Yes under Community Eligibility Option (CEO),false
130255003814,Puckett's Mill Elementary School,Gwinnett County,Dacula,794,246,Yes participating without using any Provision or the CEO,false
130422001513,Pulaski County Elementary School,Pulaski County,Hawkinsville,644,644,Yes under Community Eligibility Option (CEO),false
130422001045,Pulaski County Middle School,Pulaski County,Hawkinsville,288,288,Yes under Community Eligibility Option (CEO),true
130102000386,Pulaski Elementary School,Savannah-Chatham County,Savannah,1147,904,Yes participating without using any Provision or the CEO,false
130426003867,Putnam County Elementary School,Putnam County,Eatonton,606,606,Yes under Community Eligibility Option (CEO),false
130426003882,Putnam County High School,Putnam County,Eatonton,918,888,Yes under Community Eligibility Option (CEO),true
130426003878,Putnam County Middle School,Putnam County,Eatonton,630,630,Yes under Community Eligibility Option (CEO),true
130426003919,Putnam County Primary School,Putnam County,Eatonton,784,784,Yes under Community Eligibility Option (CEO),false
130288001002,Quail Run Elementary School,Houston County,Warner Robins,643,482,Yes under Community Eligibility Option (CEO),false
130429001518,Quitman County Elementary,Quitman County,Georgetown,200,200,Yes under Community Eligibility Option (CEO),true
130429003850,Quitman County High School,Quitman County,Georgetown,109,89,Yes under Community Eligibility Option (CEO),true
130054000141,Quitman Elementary School,Brooks County,Quitman,596,596,Yes under Community Eligibility Option (CEO),false
130111002055,R. M. Moore Elementary School,Cherokee County,Waleska,1042,681,Yes participating without using any Provision or the CEO,false
130012000103,R. N. Fickett Elementary School,Atlanta Public Schools,Atlanta,432,432,Yes under Community Eligibility Option (CEO),false
130432001519,Rabun County Elementary School,Rabun County,Tiger,662,603,Yes under Community Eligibility Option (CEO),false
130432001520,Rabun County High School,Rabun County,Tiger,647,507,Yes under Community Eligibility Option (CEO),false
130432002425,Rabun County Middle School,Rabun County,Tiger,341,306,Yes under Community Eligibility Option (CEO),true
130432004136,Rabun County Primary School,Rabun County,Tiger,607,606,Yes under Community Eligibility Option (CEO),false
130183000836,Radium Springs Elementary School,Dougherty County,Albany,682,682,Yes under Community Eligibility Option (CEO),false
130183003343,Radium Springs Middle School,Dougherty County,Albany,747,747,Yes under Community Eligibility Option (CEO),true
130255003398,Radloff Middle School,Gwinnett County,Duluth,1315,1186,Yes participating without using any Provision or the CEO,true
130174000699,Rainbow Elementary School,DeKalb County,Decatur,337,337,Yes under Community Eligibility Option (CEO),false
130387004270,Rainey McCullers School of the Arts,Muscogee County,Columbus,420,252,Yes under Community Eligibility Option (CEO),true
130012000150,Ralph Bunche Middle School,Atlanta Public Schools,Atlanta,651,651,Yes under Community Eligibility Option (CEO),true
130435002427,Randolph Clay High School,Randolph County,Cuthbert,202,202,Yes under Community Eligibility Option (CEO),true
130435001524,Randolph County Elementary School,Randolph County,Cuthbert,294,294,Yes under Community Eligibility Option (CEO),false
130435002426,Randolph County Middle School,Randolph County,Cuthbert,139,139,Yes under Community Eligibility Option (CEO),true
130228000986,Randolph Elementary School,Fulton County,Atlanta,497,497,Yes under Community Eligibility Option (CEO),false
130243002081,Red Bud Elementary School,Gordon County,Calhoun,547,541,Yes under Community Eligibility Option (CEO),false
130243004118,Red Bud Middle School,Gordon County,Calhoun,786,671,Yes under Community Eligibility Option (CEO),true
130282003416,Red Oak Elementary School,Henry County,Stockbridge,638,450,Yes participating without using any Provision or the CEO,false
130033002060,Red Top Middle School,Bartow County,Emerson,569,475,Yes participating without using any Provision or the CEO,true
130174000681,Redan Elementary School,DeKalb County,Lithonia,525,525,Yes under Community Eligibility Option (CEO),false
130174000636,Redan High School,DeKalb County,Stone Mountain,1052,1052,Yes under Community Eligibility Option (CEO),true
130174002859,Redan Middle School,DeKalb County,Lithonia,623,623,Yes under Community Eligibility Option (CEO),true
130387001420,Reese Road Leadership Academy,Muscogee County,Columbus,387,387,Yes under Community Eligibility Option (CEO),false
130252003951,Rehoboth Road Middle School,Griffin-Spalding County,Griffin,543,543,Yes under Community Eligibility Option (CEO),true
130228003363,Renaissance Elementary School,Fulton County,Fairburn,750,750,Yes under Community Eligibility Option (CEO),false
130228003563,Renaissance Middle School,Fulton County,Fairburn,977,977,Yes under Community Eligibility Option (CEO),true
130024704283,Resurgence Hall Charter School,State Specialty Schools II- Resurgence Hall Charter School,East Point,408,290,Yes participating without using any Provision or the CEO,false
130585204434,Resurgence Hall Middle Academy,State Specialty Schools II- Resurgence Hall Middle Academy,Atlanta,209,158,Yes participating without using any Provision or the CEO,false
130123003319,Rex Mill Middle School,Clayton County,Rex,904,904,Yes under Community Eligibility Option (CEO),true
130102004185,Rice Creek School,Savannah-Chatham County,Port Wentworth,1011,754,Yes participating without using any Provision or the CEO,true
130387001400,Richards Middle School,Muscogee County,Columbus,799,681,Yes under Community Eligibility Option (CEO),true
130255002004,Richards Middle School,Gwinnett County,Lawrenceville,1974,1642,Yes participating without using any Provision or the CEO,true
130438004069,Richmond County Technical Career Magnet School,Richmond County,Augusta,433,355,Yes under Community Eligibility Option (CEO),true
130438004688,Richmond Hill Elementary School,Richmond County,Augusta,765,765,Yes under Community Eligibility Option (CEO),false
130057002389,Richmond Hill Elementary School,Bryan County,Richmond Hill,662,281,Yes participating without using any Provision or the CEO,false
130057001873,Richmond Hill High School,Bryan County,Richmond Hill,2671,706,Yes participating without using any Provision or the CEO,false
130438004334,Richmond Hill Middle School,Richmond County,Augusta,667,667,Yes under Community Eligibility Option (CEO),false
130057002235,Richmond Hill Middle School,Bryan County,Richmond Hill,2022,584,Yes participating without using any Provision or the CEO,false
130057000086,Richmond Hill Primary School,Bryan County,Richmond Hill,733,322,Yes participating without using any Provision or the CEO,false
130549001789,Ridge Road Elementary School,Washington County,Sandersville,585,567,Yes under Community Eligibility Option (CEO),false
130549001787,Ridge Road Primary School,Washington County,Sandersville,588,559,Yes under Community Eligibility Option (CEO),false
130537002093,Ridgeland High School,Walker County,Rossville,1284,1227,Yes under Community Eligibility Option (CEO),true
130228001957,Ridgeview Charter School,Fulton County,Atlanta,945,484,Yes participating without using any Provision or the CEO,true
130387001436,Rigdon Road Elementary School,Muscogee County,Columbus,437,437,Yes under Community Eligibility Option (CEO),false
130198000892,Rincon Elementary School,Effingham County,Rincon,1033,590,Yes participating without using any Provision or the CEO,false
130093000355,Ringgold Elementary School,Catoosa County,Ringgold,445,249,Yes participating without using any Provision or the CEO,false
130093000353,Ringgold High School,Catoosa County,Ringgold,1052,484,Yes participating without using any Provision or the CEO,false
130093000351,Ringgold Middle School,Catoosa County,Ringgold,725,361,Yes participating without using any Provision or the CEO,true
130093002300,Ringgold Primary School,Catoosa County,Ringgold,552,306,Yes participating without using any Provision or the CEO,false
130586104678,Rise Preparatory Charter School,State Specialty Schools II- RISE Preparatory Charter School,Atlanta,313,275,Yes under Community Eligibility Option (CEO),false
130213002166,Rising Starr Middle School,Fayette County,Fayetteville,931,139,Yes participating without using any Provision or the CEO,false
130240004076,Risley Middle School,Glynn County,Brunswick,590,488,Yes under Community Eligibility Option (CEO),true
130228001623,River Eves Elementary School,Fulton County,Roswell,495,144,Yes participating without using any Provision or the CEO,false
130141003325,River Ridge Elementary,Columbia County,Evans,789,169,Yes participating without using any Provision or the CEO,false
130111004019,River Ridge High School,Cherokee County,Woodstock,1902,567,Yes participating without using any Provision or the CEO,false
130387001445,River Road Elementary School,Muscogee County,Columbus,454,454,Yes under Community Eligibility Option (CEO),false
130228002493,River Trail Middle School,Fulton County,Duluth,1098,159,Yes participating without using any Provision or the CEO,false
130123000811,River's Edge Elementary School,Clayton County,Fayetteville,652,652,Yes under Community Eligibility Option (CEO),false
130123000499,Riverdale Elementary School,Clayton County,Riverdale,559,559,Yes under Community Eligibility Option (CEO),false
130123000477,Riverdale High School,Clayton County,Riverdale,1359,1359,Yes under Community Eligibility Option (CEO),true
130123000491,Riverdale Middle School,Clayton County,Riverdale,560,560,Yes under Community Eligibility Option (CEO),true
130141000248,Riverside Elementary School,Columbia County,Evans,640,158,Yes participating without using any Provision or the CEO,false
130129003530,Riverside Elementary School,Cobb County,Mableton,471,471,Yes under Community Eligibility Option (CEO),false
130255002325,Riverside Elementary School,Gwinnett County,Suwanee,919,208,Yes participating without using any Provision or the CEO,false
130141000126,Riverside Middle School,Columbia County,Evans,711,157,Yes participating without using any Provision or the CEO,false
130165004005,Riverview Elementary School,Dawson County,Dawsonville,493,295,Yes participating without using any Provision or the CEO,false
130222003352,Riverwatch Middle School,Forsyth County,Suwanee,1455,191,Yes participating without using any Provision or the CEO,false
130228000987,Riverwood International Charter School,Fulton County,Atlanta,1737,703,Yes participating without using any Provision or the CEO,false
130162000782,Roan Elementary School,Dalton Public Schools,Dalton,421,373,Yes under Provision 2,false
130183002546,Robert A. Cross Middle Magnet,Dougherty County,Albany,478,459,Yes under Community Eligibility Option (CEO),true
130183003342,Robert H Harvey Elementary School,Dougherty County,Albany,431,431,Yes under Community Eligibility Option (CEO),false
130213002116,Robert J. Burch Elementary School,Fayette County,Tyrone,528,281,Yes participating without using any Provision or the CEO,false
130174002256,Robert Shaw Theme School,DeKalb County,Scottdale,307,307,Yes under Community Eligibility Option (CEO),false
130123002305,Roberta T. Smith Elementary School,Clayton County,Rex,720,720,Yes under Community Eligibility Option (CEO),false
130255003965,Roberts Elementary School,Gwinnett County,Suwanee,946,256,Yes participating without using any Provision or the CEO,false
130165002030,Robinson Elementary School,Dawson County,Dawsonville,648,348,Yes participating without using any Provision or the CEO,false
130174000717,Rock Chapel Elementary School,DeKalb County,Lithonia,524,524,Yes under Community Eligibility Option (CEO),false
130282003747,Rock Spring Elementary,Henry County,McDonough,654,333,Yes participating without using any Provision or the CEO,false
130537001764,Rock Spring Elementary School,Walker County,Rock Spring,419,392,Yes under Community Eligibility Option (CEO),false
130255002322,Rock Springs Elementary School,Gwinnett County,Lawrenceville,801,504,Yes participating without using any Provision or the CEO,false
130255001110,Rockbridge Elementary School,Gwinnett County,Norcross,990,869,Yes participating without using any Provision or the CEO,false
130174000646,Rockbridge Elementary School,DeKalb County,Stone Mountain,900,900,Yes under Community Eligibility Option (CEO),false
130441001583,Rockdale County High School,Rockdale County,Conyers,2336,1836,Yes under Community Eligibility Option (CEO),true
130002604141,Rockdale Rydc,Department of Juvenile Justice,Conyers,13,10,No,true
130420001509,Rockmart High School,Polk County,Rockmart,956,583,Yes under Community Eligibility Option (CEO),true
130420003442,Rockmart Middle School,Polk County,Rockmart,671,511,Yes under Community Eligibility Option (CEO),true
130396002587,Rocky Branch Elementary School,Oconee County,Bogart,599,110,Yes participating without using any Provision or the CEO,false
130586404696,Rocky Creek Charter Academy,State Specialty Schools II- Rocky Creek Charter Academy,Augusta,47,,No,false
130282003824,Rocky Creek Elementary,Henry County,Hampton,696,468,Yes participating without using any Provision or the CEO,false
130129000543,Rocky Mount Elementary School,Cobb County,Marietta,576,97,Yes participating without using any Provision or the CEO,false
130393003435,Rocky Plains Elementary School,Newton County,Covington,576,576,Yes under Community Eligibility Option (CEO),false
130402002959,Roland W. Russom Elementary,Paulding County,Dallas,982,335,Yes participating without using any Provision or the CEO,false
130444000028,Rome High School,Rome City,Rome,1986,1761,Yes under Community Eligibility Option (CEO),true
130444000154,Rome Middle School,Rome City,Rome,937,937,Yes under Community Eligibility Option (CEO),true
130174003766,Ronald E McNair Discover Learning Academy Elementary School,DeKalb County,Decatur,475,475,Yes under Community Eligibility Option (CEO),false
130084000328,Roopville Elementary School,Carroll County,Roopville,457,162,Yes under Community Eligibility Option (CEO),false
130042003292,Rosa Taylor Elementary School,Bibb County,Macon,583,372,Yes under Community Eligibility Option (CEO),false
130255003785,Rosebud Elementary School,Gwinnett County,Loganville,1042,836,Yes participating without using any Provision or the CEO,false
130000101710,Rosemont Elementary School,Troup County,LaGrange,542,393,Yes under Community Eligibility Option (CEO),false
130537000661,Rossville Elementary School,Walker County,Rossville,447,447,Yes under Community Eligibility Option (CEO),false
130537003800,Rossville Middle School,Walker County,Rossville,446,446,Yes under Community Eligibility Option (CEO),true
130228002119,Roswell High School,Fulton County,Roswell,2035,588,Yes participating without using any Provision or the CEO,false
130228000978,Roswell North Elementary School,Fulton County,Roswell,950,185,Yes participating without using any Provision or the CEO,false
130387001399,Rothschild Leadership Academy School,Muscogee County,Columbus,498,498,Yes under Community Eligibility Option (CEO),false
130174000698,Rowland Elementary School,DeKalb County,Stone Mountain,390,390,Yes under Community Eligibility Option (CEO),false
130225000963,Royston Elementary School,Franklin County,Royston,517,517,Yes under Community Eligibility Option (CEO),false
130543001403,Ruskin Elementary School,Ware County,Waycross,363,363,Yes under Community Eligibility Option (CEO),false
130129000568,Russell Elementary School,Cobb County,Smyrna,568,539,Yes under Community Eligibility Option (CEO),false
130288001241,Russell Elementary School,Houston County,Warner Robins,576,576,Yes under Community Eligibility Option (CEO),false
130029002017,Russell Middle School,Barrow County,Winder,973,528,Yes participating without using any Provision or the CEO,true
130150000751,Ruth Hill Elementary School,Coweta County,Newnan,346,274,Yes participating without using any Provision or the CEO,false
130042002610,Rutland High School,Bibb County,Macon,921,449,Yes under Community Eligibility Option (CEO),true
130042002620,Rutland Middle School,Bibb County,Macon,849,512,Yes under Community Eligibility Option (CEO),true
130066001992,S G a Elementary School,Burke County,Sardis,230,230,Yes under Community Eligibility Option (CEO),false
130531003812,S.l. Mason Elementary School,Valdosta City,Valdosta,881,863,Yes under Community Eligibility Option (CEO),false
130537004121,Saddle Ridge Elementary and Middle School,Walker County,Rock Spring,772,639,Yes under Community Eligibility Option (CEO),true
130174000680,Sagamore Hills Elementary School,DeKalb County,Atlanta,428,130,Yes participating without using any Provision or the CEO,false
130024504293,Sail Charter Academy - School for Arts-Infused Learning,State Specialty Schools II- SAIL Charter Academy - School fo,Evans,554,,No,true
130078000313,Saint Marys Elementary School,Camden County,Saint Marys,623,368,Yes participating without using any Provision or the CEO,false
130078003299,Saint Marys Middle School,Camden County,Saint Marys,1077,512,Yes participating without using any Provision or the CEO,true
130441002193,Salem High School,Rockdale County,Conyers,1118,1008,Yes under Community Eligibility Option (CEO),true
130174000222,Salem Middle School,DeKalb County,Lithonia,827,827,Yes under Community Eligibility Option (CEO),true
130531002468,Sallas Mahone Elementary,Valdosta City,Valdosta,1045,849,Yes under Community Eligibility Option (CEO),false
130063000288,Sallie Zetterower Elementary School,Bulloch County,Statesboro,689,689,Yes under Community Eligibility Option (CEO),false
130534001737,Sally Dailey Meadows Elementary School,Vidalia City,Vidalia,622,622,Yes under Community Eligibility Option (CEO),false
130402001781,Sam D. Panter Elementary School,Paulding County,Hiram,506,357,Yes participating without using any Provision or the CEO,false
130402003693,Sammy McClure Sr. Middle School,Paulding County,Dallas,834,207,Yes participating without using any Provision or the CEO,false
130372001374,Samuel E. Hubbard Elementary School,Monroe County,Forsyth,753,425,Yes participating without using any Provision or the CEO,false
130084000325,Sand Hill Elementary School,Carroll County,Carrollton,733,333,Yes under Community Eligibility Option (CEO),false
130198001141,Sand Hill Elementary School,Effingham County,Guyton,881,443,Yes participating without using any Provision or the CEO,false
130129002150,Sanders Elementary School,Cobb County,Austell,626,626,Yes under Community Eligibility Option (CEO),false
130261004702,Sandra Dunagan Deal Elementary,Hall County,Gainesville,762,600,Yes participating without using any Provision or the CEO,false
130228003368,Sandtown Middle School,Fulton County,Atlanta,956,597,Yes participating without using any Provision or the CEO,true
130213002167,Sandy Creek High School,Fayette County,Tyrone,1189,536,Yes participating without using any Provision or the CEO,false
130228000975,Sandy Springs Middle School,Fulton County,Atlanta,763,763,Yes under Community Eligibility Option (CEO),true
130586004677,Sankofa Montessori,State Specialty Schools II- Sankofa Montessori,Forest Park,144,129,Yes under Community Eligibility Option (CEO),false
130213002555,Sara Harp Minter Elementary School,Fayette County,Fayetteville,689,191,Yes participating without using any Provision or the CEO,false
130402003864,Sara M. Ragsdale Elementary,Paulding County,Rockmart,637,394,Yes participating without using any Provision or the CEO,false
130012000124,Sara Rawson Smith Elementary School,Atlanta Public Schools,Atlanta,851,295,Yes participating without using any Provision or the CEO,false
130261001171,Sardis Elementary School,Hall County,Gainesville,556,355,Yes participating without using any Provision or the CEO,false
130135001884,Satilla Elementary School,Coffee County,Douglas,661,661,Yes under Community Eligibility Option (CEO),false
130240002191,Satilla Marsh Elementary School,Glynn County,Brunswick,752,503,Yes under Community Eligibility Option (CEO),false
130102002245,Savannah Arts Academy,Savannah-Chatham County,Savannah,801,157,Yes participating without using any Provision or the CEO,false
130102004291,Savannah Classical Academy Charter High School,Savannah-Chatham County,Savannah,68,51,Yes under Community Eligibility Option (CEO),true
130102004135,Savannah Classical Academy Charter School,Savannah-Chatham County,Savannah,349,325,Yes under Community Eligibility Option (CEO),true
130102004196,Savannah Early College High School,Savannah-Chatham County,Savannah,151,92,Yes participating without using any Provision or the CEO,false
130002603513,Savannah Regional Youth Detention Center,Department of Juvenile Justice,Savannah,25,18,No,true
130102004381,Savannah-Chatham E-Learning Academy,Savannah-Chatham County,Savannah,441,339,Yes participating without using any Provision or the CEO,false
130222002173,Sawnee Elementary School,Forsyth County,Cumming,1591,342,Yes participating without using any Provision or the CEO,false
130351003479,Sawyer Road Elementary School,Marietta City,Marietta,533,442,Yes participating without using any Provision or the CEO,false
130447002230,Schley County Elementary School,Schley County,Ellaville,604,309,Yes participating without using any Provision or the CEO,false
130447002428,Schley Middle High School,Schley County,Ellaville,649,293,Yes participating without using any Provision or the CEO,true
130102004294,School of Humanities at Juliette Gordon Low,Savannah-Chatham County,Savannah,605,514,Yes participating without using any Provision or the CEO,true
130023604192,Scintilla Charter Academy,State Specialty Schools I- Scintilla Charter Academy,Valdosta,947,441,Yes participating without using any Provision or the CEO,false
130495001675,Scott Elementary School,Thomasville City,Thomasville,379,370,Yes under Community Eligibility Option (CEO),false
130450002145,Screven County Elementary School,Screven County,Sylvania,1005,818,Yes under Provision 2,false
130450001611,Screven County High School,Screven County,Sylvania,609,455,Yes under Provision 2,true
130450002231,Screven County Middle School,Screven County,Sylvania,452,366,Yes under Provision 2,true
130555001802,Screven Elementary School,Wayne County,Screven,225,,Yes under Community Eligibility Option (CEO),false
130255004425,Seckinger High School,Gwinnett County,Buford,2318,1020,Yes participating without using any Provision or the CEO,false
130207004287,Second Chance,Evans County,Claxton,55,55,Yes under Community Eligibility Option (CEO),true
130129000548,Sedalia Park Elementary School,Cobb County,Marietta,634,427,Yes participating without using any Provision or the CEO,false
130453001392,Seminole County Elementary School,Seminole County,Donalsonville,638,638,Yes under Community Eligibility Option (CEO),false
130453001391,Seminole County Middle/High School,Seminole County,Donalsonville,694,694,Yes under Community Eligibility Option (CEO),true
130111002100,Sequoyah High School,Cherokee County,Canton,2021,531,Yes participating without using any Provision or the CEO,false
130174000672,Sequoyah Middle School,DeKalb County,Atlanta,1713,1525,Yes under Community Eligibility Option (CEO),true
130123003317,Sequoyah Middle School,Clayton County,Riverdale,765,765,Yes under Community Eligibility Option (CEO),true
130222002320,Settles Bridge Elementary School,Forsyth County,Suwanee,741,114,Yes participating without using any Provision or the CEO,false
130174000162,Shadow Rock Elementary School,DeKalb County,Lithonia,493,493,Yes under Community Eligibility Option (CEO),false
130228002190,Shakerag Elementary School,Fulton County,Johns Creek,590,76,Yes participating without using any Provision or the CEO,false
130129002108,Shallowford Falls Elementary School,Cobb County,Marietta,591,87,Yes participating without using any Provision or the CEO,false
130539003668,Sharon Elementary School,Walton County,Loganville,712,399,Yes participating without using any Provision or the CEO,false
130222002880,Sharon Elementary School,Forsyth County,Suwanee,865,124,Yes participating without using any Provision or the CEO,false
130084002299,Sharp Creek Elementary School,Carroll County,Carrollton,547,374,Yes under Community Eligibility Option (CEO),false
130387001387,Shaw High School,Muscogee County,Columbus,1162,941,Yes under Community Eligibility Option (CEO),true
130183000840,Sherwood Acres Elementary School,Dougherty County,Albany,630,630,Yes under Community Eligibility Option (CEO),false
130255002126,Shiloh Elementary School,Gwinnett County,Snellville,711,592,Yes participating without using any Provision or the CEO,false
130255001937,Shiloh High School,Gwinnett County,Snellville,2096,1453,Yes participating without using any Provision or the CEO,true
130255001910,Shiloh Middle School,Gwinnett County,Snellville,1592,1244,Yes participating without using any Provision or the CEO,true
130222003353,Shiloh Point Elementary,Forsyth County,Cumming,955,117,Yes participating without using any Provision or the CEO,false
130288001237,Shirley Hills Elementary School,Houston County,Warner Robins,565,565,Yes under Community Eligibility Option (CEO),false
130246001079,Shiver Elementary School,Grady County,Pelham,579,534,Yes under Community Eligibility Option (CEO),true
130441000575,Shoal Creek Elementary School,Rockdale County,Conyers,666,666,Yes under Community Eligibility Option (CEO),false
130102003975,Shuman Elementary School,Savannah-Chatham County,Savannah,482,448,Yes participating without using any Provision or the CEO,false
130222003356,Silver City Elementary School,Forsyth County,Cumming,1142,290,Yes participating without using any Provision or the CEO,false
130255000309,Simonton Elementary School,Gwinnett County,Lawrenceville,702,558,Yes participating without using any Provision or the CEO,false
130255000327,Simpson Elementary School,Gwinnett County,Peachtree Corners,881,155,Yes participating without using any Provision or the CEO,false
130129002023,Simpson Middle School,Cobb County,Marietta,884,174,Yes participating without using any Provision or the CEO,false
130441002050,Sims Elementary School,Rockdale County,Conyers,462,462,Yes under Community Eligibility Option (CEO),false
130111000114,Sixes Elementary School,Cherokee County,Canton,741,175,Yes participating without using any Provision or the CEO,false
130042002473,Skyview Elementary School,Bibb County,Lizella,423,242,Yes under Community Eligibility Option (CEO),false
130228004225,Skyview High School,Fulton County,College Park,346,306,Yes participating without using any Provision or the CEO,false
130025104306,Slam Academy of Atlanta,State Specialty Schools II- SLAM Academy of Atlanta,Atlanta,238,159,Yes under Community Eligibility Option (CEO),false
130336002409,Smiley Elementary School,Long County,Ludowici,765,591,Yes under Community Eligibility Option (CEO),false
130282001209,Smith-Barnes Elementary School,Henry County,Stockbridge,252,215,Yes participating without using any Provision or the CEO,false
130129000242,Smitha Middle School,Cobb County,Marietta,866,858,Yes under Community Eligibility Option (CEO),true
130174000715,Smoke Rise Elementary School,DeKalb County,Stone Mountain,539,455,Yes under Community Eligibility Option (CEO),false
130150002367,Smokey Road Middle School,Coweta County,Newnan,563,362,Yes participating without using any Provision or the CEO,true
130129004134,Smyrna Elementary School,Cobb County,Smyrna,870,511,Yes participating without using any Provision or the CEO,false
130174000696,Snapfinger Elementary School,DeKalb County,Decatur,356,356,Yes under Community Eligibility Option (CEO),false
130255001136,Snellville Middle School,Gwinnett County,Snellville,820,622,Yes participating without using any Provision or the CEO,true
130330001007,Snelson-Golden Middle School,Liberty County,Hinesville,876,876,Yes under Community Eligibility Option (CEO),true
130454001616,Social Circle Elementary School,Social Circle City,Social Circle,436,337,Yes under Community Eligibility Option (CEO),false
130454001617,Social Circle High School,Social Circle City,Social Circle,629,359,Yes under Community Eligibility Option (CEO),false
130454002463,Social Circle Middle School,Social Circle City,Social Circle,444,322,Yes under Community Eligibility Option (CEO),false
130454002622,Social Circle Primary School,Social Circle City,Social Circle,523,440,Yes under Community Eligibility Option (CEO),false
130243003877,Sonoraville Elementary,Gordon County,Calhoun,584,528,Yes under Community Eligibility Option (CEO),false
130243003374,Sonoraville High School,Gordon County,Calhoun,1094,881,Yes under Community Eligibility Option (CEO),false
130129000540,Sope Creek Elementary School,Cobb County,Marietta,1104,100,Yes participating without using any Provision or the CEO,false
130012004240,South Atlanta High School,Atlanta Public Schools,Atlanta,942,941,Yes under Community Eligibility Option (CEO),true
130129000574,South Cobb High School,Cobb County,Austell,2081,1880,Yes under Community Eligibility Option (CEO),true
130387001444,South Columbus Elementary School,Muscogee County,Columbus,326,326,Yes under Community Eligibility Option (CEO),false
130186000062,South Douglas Elementary School,Douglas County,Douglasville,544,254,Yes participating without using any Provision or the CEO,false
130198001954,South Effingham Elementary School,Effingham County,Guyton,863,288,Yes participating without using any Provision or the CEO,false
130198001594,South Effingham High School,Effingham County,Guyton,1906,741,Yes participating without using any Provision or the CEO,false
130198001597,South Effingham Middle School,Effingham County,Guyton,1161,485,Yes participating without using any Provision or the CEO,false
130222001897,South Forsyth High School,Forsyth County,Cumming,2634,233,Yes participating without using any Provision or the CEO,false
130222002262,South Forsyth Middle School,Forsyth County,Cumming,1319,104,Yes participating without using any Provision or the CEO,false
130183004407,South Georgia Regional Achievement Center- the Phoenix,Dougherty County,Albany,73,73,Yes under Community Eligibility Option (CEO),false
130255001135,South Gwinnett High School,Gwinnett County,Snellville,2639,1769,Yes participating without using any Provision or the CEO,true
130258001154,South Habersham Middle School,Habersham County,Cornelia,456,431,Yes under Community Eligibility Option (CEO),true
130261001169,South Hall Middle School,Hall County,Gainesville,955,739,Yes participating without using any Provision or the CEO,true
130273002573,South Hart Elementary School,Hart County,Hartwell,608,608,Yes under Community Eligibility Option (CEO),false
130294001251,South Jackson Elementary School,Jackson County,Athens,715,509,Yes participating without using any Provision or the CEO,false
130402003438,South Paulding High School,Paulding County,Douglasville,1881,882,Yes participating without using any Provision or the CEO,false
130402002187,South Paulding Middle School,Paulding County,Dallas,507,298,Yes participating without using any Provision or the CEO,false
130393003770,South Salem Elementary School,Newton County,Covington,855,855,Yes under Community Eligibility Option (CEO),false
130477004427,South Tattnall Elementary School,Tattnall County,Glennville,831,831,Yes under Community Eligibility Option (CEO),false
130477002434,South Tattnall Middle School,Tattnall County,Glennville,365,365,Yes under Community Eligibility Option (CEO),true
130063003550,Southeast Bulloch High School,Bulloch County,Brooklet,1118,806,Yes participating without using any Provision or the CEO,false
130063002297,Southeast Bulloch Middle School,Bulloch County,Brooklet,884,733,Yes participating without using any Provision or the CEO,true
130570001818,Southeast Whitfield County High School,Whitfield County,Dalton,1453,1379,Yes under Community Eligibility Option (CEO),true
130042004204,Southfield Elementary School,Bibb County,Macon,630,464,Yes under Community Eligibility Option (CEO),false
130246001080,Southside Elementary School,Grady County,Cairo,610,610,Yes under Community Eligibility Option (CEO),false
130174000679,Southwest Dekalb High School,DeKalb County,Decatur,1237,1229,Yes under Community Eligibility Option (CEO),true
130102002302,Southwest Elementary School,Savannah-Chatham County,Savannah,769,603,Yes participating without using any Provision or the CEO,false
130024304253,Southwest Georgia S.t.e.m. Charter Academy,State Specialty Schools II- Southwest Georgia S.T.E.M. Char,Shellman,522,522,Yes under Community Eligibility Option (CEO),true
130042001944,Southwest High School,Bibb County,Macon,860,607,Yes under Community Eligibility Option (CEO),true
130189000879,Southwest Laurens Elementary,Laurens County,Rentz,967,954,Yes under Community Eligibility Option (CEO),false
130102002243,Southwest Middle School,Savannah-Chatham County,Savannah,528,427,Yes participating without using any Provision or the CEO,true
130228001032,Spalding Drive Elementary,Fulton County,Atlanta,344,108,Yes participating without using any Provision or the CEO,false
130252002429,Spalding High School,Griffin-Spalding County,Griffin,1208,995,Yes under Community Eligibility Option (CEO),true
130387001418,Spencer High School,Muscogee County,Columbus,1016,1016,Yes under Community Eligibility Option (CEO),true
130261002177,Spout Springs Elementary School,Hall County,Flowery Branch,855,196,Yes participating without using any Provision or the CEO,false
130129000545,Sprayberry High School,Cobb County,Marietta,1769,859,Yes participating without using any Provision or the CEO,false
130025304349,Spring Creek Charter Academy,State Specialty Schools II- Spring Creek Charter Academy,Bainbridge,474,474,Yes under Community Eligibility Option (CEO),false
130213001235,Spring Hill Elementary School,Fayette County,Fayetteville,661,478,Yes participating without using any Provision or the CEO,false
130384001383,Spring Place Elementary School,Murray County,Chatsworth,668,668,Yes under Community Eligibility Option (CEO),false
130042000225,Springdale Elementary School,Bibb County,Macon,609,282,Yes under Community Eligibility Option (CEO),false
130012003841,Springdale Park Elementary School,Atlanta Public Schools,Atlanta,437,80,Yes participating without using any Provision or the CEO,false
130198000891,Springfield Elementary School,Effingham County,Springfield,876,565,Yes participating without using any Provision or the CEO,false
130099000359,St. George Elementary School,Charlton County,Folkston,198,159,Yes under Community Eligibility Option (CEO),false
130240001059,St. Simons Elementary School,Glynn County,Saint Simons Island,462,319,Yes under Community Eligibility Option (CEO),false
130141003694,Stallings Island Middle School,Columbia County,Martinez,729,180,Yes participating without using any Provision or the CEO,false
130069003818,Stark Elementary School,Butts County,Jackson,678,678,Yes under Community Eligibility Option (CEO),false
130255003835,Starling Elementary School,Gwinnett County,Grayson,1340,769,Yes participating without using any Provision or the CEO,false
130213002165,Starrs Mill High School,Fayette County,Fayetteville,1357,172,Yes participating without using any Provision or the CEO,false
130228001620,State Bridge Crossing Elementary School,Fulton County,Alpharetta,657,111,Yes participating without using any Provision or the CEO,false
130063000285,Statesboro High School,Bulloch County,Statesboro,1801,1613,Yes under Community Eligibility Option (CEO),true
130000502626,Statesboro STEAM Academy,State Specialty Schools II- Statesboro STEAM Academy,Statesboro,195,124,Yes participating without using any Provision or the CEO,true
130029000171,Statham Elementary School,Barrow County,Statham,776,487,Yes participating without using any Provision or the CEO,false
130456004209,Stephens County Fifth Grade Academy,Stephens County,Toccoa,295,295,Yes under Community Eligibility Option (CEO),false
130456001619,Stephens County High School,Stephens County,Toccoa,1133,1008,Yes under Community Eligibility Option (CEO),false
130456001624,Stephens County Middle School,Stephens County,Toccoa,848,820,Yes under Community Eligibility Option (CEO),true
130174001553,Stephenson High School,DeKalb County,Stone Mountain,1339,1269,Yes under Community Eligibility Option (CEO),true
130174001547,Stephenson Middle School,DeKalb County,Stone Mountain,788,788,Yes under Community Eligibility Option (CEO),true
130240003372,Sterling Elementary School,Glynn County,Brunswick,767,767,Yes under Community Eligibility Option (CEO),false
130141002161,Stevens Creek Elementary School,Columbia County,Martinez,759,174,Yes participating without using any Provision or the CEO,false
130459002195,Stewart County Elementary School,Stewart County,Lumpkin,142,142,Yes under Community Eligibility Option (CEO),false
130459002432,Stewart County High School,Stewart County,Lumpkin,114,99,Yes under Community Eligibility Option (CEO),true
130459002431,Stewart County Middle School,Stewart County,Lumpkin,82,82,Yes under Community Eligibility Option (CEO),true
130186000861,Stewart Middle School,Douglas County,Douglasville,533,462,Yes participating without using any Provision or the CEO,true
130129000510,Still Elementary School,Cobb County,Powder Springs,755,243,Yes participating without using any Provision or the CEO,false
130063000283,Stilson Elementary School,Bulloch County,Brooklet,451,356,Yes under Community Eligibility Option (CEO),false
130282001207,Stockbridge Elementary School,Henry County,Stockbridge,485,391,Yes participating without using any Provision or the CEO,false
130282001205,Stockbridge High School,Henry County,Stockbridge,1456,983,Yes participating without using any Provision or the CEO,true
130282001213,Stockbridge Middle School,Henry County,Stockbridge,673,549,Yes participating without using any Provision or the CEO,true
130537001762,Stone Creek Elementary School,Walker County,Rossville,448,448,Yes under Community Eligibility Option (CEO),false
130174000662,Stone Mill Elementary School,DeKalb County,Stone Mountain,601,601,Yes under Community Eligibility Option (CEO),false
130174000732,Stone Mountain Elementary School,DeKalb County,Stone Mountain,453,453,Yes under Community Eligibility Option (CEO),false
130174000644,Stone Mountain High School,DeKalb County,Stone Mountain,1254,1254,Yes under Community Eligibility Option (CEO),true
130174003337,Stone Mountain Middle School,DeKalb County,Stone Mountain,986,986,Yes under Community Eligibility Option (CEO),true
130174000695,Stoneview Elementary School,DeKalb County,Lithonia,782,782,Yes under Community Eligibility Option (CEO),false
130228002264,Stonewall Tell Elementary School,Fulton County,College Park,579,579,Yes under Community Eligibility Option (CEO),false
130138000589,Stringfellow Elementary School,Colquitt County,Moultrie,220,220,Yes under Community Eligibility Option (CEO),false
130255002324,Stripling Elementary School,Gwinnett County,Norcross,799,688,Yes participating without using any Provision or the CEO,false
130123000486,Suder Elementary School,Clayton County,Jonesboro,592,592,Yes under Community Eligibility Option (CEO),false
130438002511,Sue Reynolds Elementary School,Richmond County,Augusta,652,652,Yes under Community Eligibility Option (CEO),false
130261002570,Sugar Hill Elementary,Hall County,Gainesville,685,581,Yes participating without using any Provision or the CEO,false
130255001131,Sugar Hill Elementary School,Gwinnett County,Sugar Hill,1156,566,Yes participating without using any Provision or the CEO,false
130078001941,Sugarmill Elementary,Camden County,Saint Marys,651,263,Yes participating without using any Provision or the CEO,false
130255001124,Summerour Middle School,Gwinnett County,Norcross,1319,1118,Yes participating without using any Provision or the CEO,true
130108000422,Summerville Middle School,Chattooga County,Summerville,337,306,Yes participating without using any Provision or the CEO,true
130228002321,Summit Hill Elementary,Fulton County,Alpharetta,678,52,Yes participating without using any Provision or the CEO,false
130462001630,Sumter County Elementary School,Sumter County,Americus,539,539,Yes under Community Eligibility Option (CEO),false
130462004415,Sumter County High School,Sumter County,Americus,1037,953,Yes under Community Eligibility Option (CEO),false
130462000004,Sumter County Intermediate School,Sumter County,Americus,711,711,Yes under Community Eligibility Option (CEO),false
130462002090,Sumter County Middle School,Sumter County,Americus,549,549,Yes under Community Eligibility Option (CEO),true
130462002341,Sumter County Primary School,Sumter County,Americus,724,724,Yes under Community Eligibility Option (CEO),false
130138000594,Sunset Elementary School,Colquitt County,Moultrie,614,614,Yes under Community Eligibility Option (CEO),false
130187002217,Susie Dasher,Dublin City,Dublin,554,554,Yes under Community Eligibility Option (CEO),false
130102004298,Susie King Taylor Community School,Savannah-Chatham County,Savannah,284,244,Yes participating without using any Provision or the CEO,false
130255001119,Suwanee Elementary School,Gwinnett County,Suwanee,637,202,Yes participating without using any Provision or the CEO,false
130243001075,Swain Elementary School,Gordon County,Plainville,371,368,Yes under Community Eligibility Option (CEO),false
130204002164,Swainsboro Elementary School,Emanuel County,Swainsboro,627,627,Yes under Community Eligibility Option (CEO),false
130204002033,Swainsboro High School,Emanuel County,Swainsboro,796,778,Yes under Community Eligibility Option (CEO),true
130204002034,Swainsboro Middle School,Emanuel County,Swainsboro,596,596,Yes under Community Eligibility Option (CEO),true
130204000906,Swainsboro Primary School,Emanuel County,Swainsboro,833,833,Yes under Community Eligibility Option (CEO),false
130228002189,Sweet Apple Elementary School,Fulton County,Roswell,845,73,Yes participating without using any Provision or the CEO,false
130186002157,Sweetwater Elementary School,Douglas County,Lithia Springs,473,416,Yes participating without using any Provision or the CEO,false
130255001144,Sweetwater Middle School,Gwinnett County,Lawrenceville,1470,1212,Yes participating without using any Provision or the CEO,true
130123000481,Swint Elementary School,Clayton County,Jonesboro,544,544,Yes under Community Eligibility Option (CEO),false
130255002900,Sycamore Elementary School,Gwinnett County,Sugar Hill,751,463,Yes participating without using any Provision or the CEO,false
130012000058,Sylvan Hills Middle School,Atlanta Public Schools,Atlanta,452,452,Yes under Community Eligibility Option (CEO),true
130002603514,T J Loftiss II Regional Youth Detention Center,Department of Juvenile Justice,Thomasville,11,8,No,true
130549002289,T. J. Elder Middle School,Washington County,Sandersville,583,523,Yes under Community Eligibility Option (CEO),true
130012000122,T. J. Perkerson Elementary School,Atlanta Public Schools,Atlanta,338,338,Yes under Community Eligibility Option (CEO),false
130372003430,T.g. Scott Elementary School,Monroe County,Forsyth,835,395,Yes participating without using any Provision or the CEO,false
130261001164,Tadmore Elementary School,Hall County,Gainesville,488,446,Yes participating without using any Provision or the CEO,false
130468002514,Taliaferro County School,Taliaferro County,Crawfordville,184,183,Yes under Community Eligibility Option (CEO),true
130267001181,Tallapoosa Primary School,Haralson County,Tallapoosa,487,487,Yes under Community Eligibility Option (CEO),false
130168004351,Talley Street Upper Elementary School,City Schools of Decatur,Decatur,623,132,Yes participating without using any Provision or the CEO,false
130174004159,Tapestry Public Charter School,DeKalb County,Doraville,300,104,Yes participating without using any Provision or the CEO,false
130129000541,Tapp Middle School,Cobb County,Powder Springs,809,707,Yes under Community Eligibility Option (CEO),true
130123000470,Tara Elementary School,Clayton County,Morrow,570,570,Yes under Community Eligibility Option (CEO),false
130411002591,Tate Elementary School,Pickens County,Tate,429,282,Yes participating without using any Provision or the CEO,false
130477000780,Tattnall County High School,Tattnall County,Reidsville,1043,1005,Yes under Community Eligibility Option (CEO),true
130480001649,Taylor County Elementary,Taylor County,Butler,244,244,Yes under Community Eligibility Option (CEO),false
130480002440,Taylor County High School,Taylor County,Butler,345,345,Yes under Community Eligibility Option (CEO),true
130480002439,Taylor County Middle School,Taylor County,Butler,245,245,Yes under Community Eligibility Option (CEO),true
130480003451,Taylor County Primary School,Taylor County,Butler,342,342,Yes under Community Eligibility Option (CEO),false
130255002214,Taylor Elementary School,Gwinnett County,Lawrenceville,883,556,Yes participating without using any Provision or the CEO,false
130228002123,Taylor Road Middle School,Fulton County,Alpharetta,1244,193,Yes participating without using any Provision or the CEO,false
130330000436,Taylors Creek Elementary School,Liberty County,Hinesville,765,678,Yes under Community Eligibility Option (CEO),false
130033000187,Taylorsville Elementary School,Bartow County,Taylorsville,494,301,Yes participating without using any Provision or the CEO,false
130129000558,Teasley Elementary School,Cobb County,Smyrna,974,394,Yes participating without using any Provision or the CEO,false
130111001971,Teasley Middle School,Cherokee County,Canton,1586,929,Yes participating without using any Provision or the CEO,true
130483004302,Telfair Alternative Preparation School,Telfair County,Mc Rae Helena,18,18,Yes under Community Eligibility Option (CEO),true
130483002986,Telfair County Elementary,Telfair County,Mc Rae Helena,793,793,Yes under Community Eligibility Option (CEO),false
130483002442,Telfair County High School,Telfair County,Mc Rae Helena,388,388,Yes under Community Eligibility Option (CEO),true
130483002441,Telfair County Middle School,Telfair County,Mc Rae Helena,344,344,Yes under Community Eligibility Option (CEO),true
130084000320,Temple Elementary School,Carroll County,Temple,666,333,Yes under Community Eligibility Option (CEO),false
130084002097,Temple High School,Carroll County,Temple,868,319,Yes under Community Eligibility Option (CEO),false
130084002452,Temple Middle School,Carroll County,Temple,682,310,Yes under Community Eligibility Option (CEO),true
130486001658,Terrell High School,Terrell County,Dawson,266,236,Yes under Community Eligibility Option (CEO),true
130486003735,Terrell Middle School,Terrell County,Dawson,215,215,Yes under Community Eligibility Option (CEO),true
130002604269,Terrell Regional Youth Detention Center,Department of Juvenile Justice,Dawson,14,11,No,true
130567002447,Tesnatee Gap Elementary (Old White Co. Intermediate),White County,Cleveland,482,426,Yes under Community Eligibility Option (CEO),false
130585804676,The Anchor School,State Specialty Schools II- The Anchor School,Decatur,208,208,Yes under Community Eligibility Option (CEO),false
130174003643,The Champion Middle Theme School,DeKalb County,Stone Mountain,782,682,Yes under Community Eligibility Option (CEO),true
130162004422,The Dalton Academy,Dalton Public Schools,Dalton,469,274,Yes under Provision 2,false
130261004305,The Foundry,Hall County,Gainesville,28,23,Yes participating without using any Provision or the CEO,true
130000104369,The Hope Academy School,Troup County,LaGrange,83,83,Yes under Community Eligibility Option (CEO),false
130012000143,The John Hope-Charles Walter Hill Elementary Schools,Atlanta Public Schools,Atlanta,423,396,Yes under Community Eligibility Option (CEO),false
130012004012,The Kindezi School,Atlanta Public Schools,Atlanta,360,360,Yes under Community Eligibility Option (CEO),true
130489004152,The Renaissance Center for Academic and Career Development,Thomas County,Thomasville,45,45,Yes under Community Eligibility Option (CEO),true
130102003941,The School of Liberal Studies at Savannah High,Savannah-Chatham County,Savannah,575,489,Yes participating without using any Provision or the CEO,true
130102000393,The STEM Academy at Bartlett,Savannah-Chatham County,Savannah,625,307,Yes participating without using any Provision or the CEO,false
130489002146,Thomas County Central High School,Thomas County,Thomasville,1633,1430,Yes under Community Eligibility Option (CEO),true
130489002147,Thomas County Middle School,Thomas County,Thomasville,1665,1613,Yes under Community Eligibility Option (CEO),true
130150000818,Thomas Crossroads Elementary School,Coweta County,Sharpsburg,352,116,Yes participating without using any Provision or the CEO,false
130012000059,Thomas Heathe Slater Elementary School,Atlanta Public Schools,Atlanta,496,496,Yes under Community Eligibility Option (CEO),false
130495001673,Thomasville High School,Thomasville City,Thomasville,742,651,Yes under Community Eligibility Option (CEO),true
130357001353,Thomson Elementary School,McDuffie County,Thomson,322,322,Yes under Community Eligibility Option (CEO),false
130357002183,Thomson High School,McDuffie County,Thomson,962,678,Yes under Community Eligibility Option (CEO),true
130288001221,Thomson Middle School,Houston County,Centerville,734,669,Yes under Community Eligibility Option (CEO),true
130357003737,Thomson-McDuffie Middle School,McDuffie County,Thomson,667,601,Yes under Community Eligibility Option (CEO),true
130123003316,Thurgood Marshall Elementary School,Clayton County,Morrow,801,801,Yes under Community Eligibility Option (CEO),false
130498002282,Tift County High School,Tift County,Tifton,2207,1994,Yes under Community Eligibility Option (CEO),true
130093001934,Tiger Creek Elementary School,Catoosa County,Tunnel Hill,400,371,Yes under Community Eligibility Option (CEO),false
130129002110,Timber Ridge Elementary School,Cobb County,Marietta,529,40,Yes participating without using any Provision or the CEO,false
130282003412,Timber Ridge Elementary School,Henry County,McDonough,713,332,Yes participating without using any Provision or the CEO,false
130117000444,Timothy Elementary School,Clarke County,Athens,565,386,Yes under Community Eligibility Option (CEO),false
130438000570,Tobacco Road Elementary School,Richmond County,Augusta,411,411,Yes under Community Eligibility Option (CEO),false
130456001845,Toccoa Elementary School,Stephens County,Toccoa,605,,Yes under Community Eligibility Option (CEO),false
130360001356,Todd Grant Elementary School,McIntosh County,Darien,694,694,Yes under Community Eligibility Option (CEO),false
130243001077,Tolbert Elementary School,Gordon County,Resaca,528,523,Yes under Community Eligibility Option (CEO),false
130174000713,Toney Elementary School,DeKalb County,Decatur,207,207,Yes under Community Eligibility Option (CEO),false
130504001692,Toombs Central Elementary School,Toombs County,Lyons,492,483,Yes under Community Eligibility Option (CEO),false
130504001693,Toombs County High School,Toombs County,Lyons,896,896,Yes under Community Eligibility Option (CEO),true
130504002993,Toombs County Middle School,Toombs County,Lyons,681,681,Yes under Community Eligibility Option (CEO),true
130174000686,Towers High School,DeKalb County,Decatur,876,876,Yes under Community Eligibility Option (CEO),true
130507002997,Towns County Elementary School,Towns County,Hiawassee,490,471,Yes under Community Eligibility Option (CEO),false
130507002999,Towns County High School,Towns County,Hiawassee,279,190,Yes under Community Eligibility Option (CEO),true
130507002998,Towns County Middle School,Towns County,Hiawassee,197,181,Yes under Community Eligibility Option (CEO),true
130510001700,Treutlen Elementary School,Treutlen County,Soperton,499,499,Yes under Community Eligibility Option (CEO),false
130510001699,Treutlen Middle/High School,Treutlen County,Soperton,521,512,Yes under Community Eligibility Option (CEO),true
130228002124,Tri-Cities High School,Fulton County,East Point,1748,1748,Yes under Community Eligibility Option (CEO),true
130255001115,Trickum Middle School,Gwinnett County,Lilburn,2204,1370,Yes participating without using any Provision or the CEO,false
130513002465,Trion Elementary School,Trion City,Trion,607,376,Yes participating without using any Provision or the CEO,false
130513002467,Trion High School,Trion City,Trion,380,201,Yes participating without using any Provision or the CEO,false
130513002466,Trion Middle School,Trion City,Trion,254,148,Yes participating without using any Provision or the CEO,true
130255003786,Trip Elementary School,Gwinnett County,Grayson,1589,952,Yes participating without using any Provision or the CEO,false
130129001882,Tritt Elementary School,Cobb County,Marietta,804,74,Yes participating without using any Provision or the CEO,false
130000101964,Troup County High School,Troup County,LaGrange,1272,1197,Yes under Community Eligibility Option (CEO),false
130288001232,Tucker Elementary School,Houston County,Perry,486,461,Yes under Community Eligibility Option (CEO),false
130174000669,Tucker High School,DeKalb County,Tucker,1614,1379,Yes under Community Eligibility Option (CEO),true
130174003338,Tucker Middle School,DeKalb County,Tucker,1173,1173,Yes under Community Eligibility Option (CEO),true
130570001823,Tunnel Hill Elementary School,Whitfield County,Tunnel Hill,297,244,Yes under Community Eligibility Option (CEO),false
130519001859,Turner County Elementary School,Turner County,Ashburn,564,564,Yes under Community Eligibility Option (CEO),false
130519001712,Turner County High School,Turner County,Ashburn,313,313,Yes under Community Eligibility Option (CEO),true
130519000657,Turner County Middle School,Turner County,Ashburn,230,230,Yes under Community Eligibility Option (CEO),true
130183000846,Turner Elementary School,Dougherty County,Albany,412,412,Yes under Community Eligibility Option (CEO),false
130186000856,Turner Middle School,Douglas County,Lithia Springs,742,632,Yes participating without using any Provision or the CEO,true
130315004018,Turner Woods Elementary School,Jones County,Gray,590,207,Yes under Community Eligibility Option (CEO),false
130012004244,Tuskegee Airman Global Academy,Atlanta Public Schools,Atlanta,447,447,Yes under Community Eligibility Option (CEO),false
130282003730,Tussahaw Elementary,Henry County,McDonough,886,695,Yes participating without using any Provision or the CEO,false
130438001574,Tutt Middle School,Richmond County,Augusta,617,617,Yes under Community Eligibility Option (CEO),true
130522002446,Twiggs County High School,Twiggs County,Jeffersonville,230,172,Yes under Community Eligibility Option (CEO),true
130522003611,Twiggs Middle School,Twiggs County,Jeffersonville,140,140,Yes under Community Eligibility Option (CEO),true
130204000908,Twin City Elementary School,Emanuel County,Twin City,515,427,Yes under Community Eligibility Option (CEO),false
130327000206,Twin Oaks Elementary,Lee County,Leesburg,652,404,Yes participating without using any Provision or the CEO,false
130255003912,Twin Rivers Middle School,Gwinnett County,Buford,1669,975,Yes participating without using any Provision or the CEO,false
130102004117,Tybee Island Maritime Academy School,Savannah-Chatham County,Tybee Island,432,143,Yes participating without using any Provision or the CEO,false
130174003613,Uhs of Laurel Heights,DeKalb County,Atlanta,53,25,Yes participating without using any Provision or the CEO,true
130102003610,Uhs of Savannah Coastal Harbor Treatment Center,Savannah-Chatham County,Savannah,69,63,Yes participating without using any Provision or the CEO,false
130123003687,Unidos Dual Language School,Clayton County,Forest Park,394,394,Yes under Community Eligibility Option (CEO),false
130525002605,Union County Elementary School,Union County,Blairsville,666,602,Yes under Community Eligibility Option (CEO),false
130525001720,Union County High School,Union County,Blairsville,901,633,Yes under Community Eligibility Option (CEO),false
130525003456,Union County Middle School,Union County,Blairsville,641,504,Yes under Community Eligibility Option (CEO),true
130525001719,Union County Primary School,Union County,Blairsville,752,705,Yes under Community Eligibility Option (CEO),false
130042001869,Union Elementary School,Bibb County,Macon,475,372,Yes under Community Eligibility Option (CEO),false
130402001477,Union Elementary School,Paulding County,Temple,346,176,Yes participating without using any Provision or the CEO,false
130282002391,Union Grove High,Henry County,McDonough,1622,581,Yes participating without using any Provision or the CEO,false
130282002394,Union Grove Middle,Henry County,McDonough,1033,424,Yes participating without using any Provision or the CEO,false
130363002334,Unity Elementary School (PK-5),Meriwether County,Luthersville,443,438,Yes under Community Eligibility Option (CEO),false
130282002575,Unity Grove Elementary School,Henry County,Locust Grove,882,602,Yes participating without using any Provision or the CEO,false
130528002199,Upson-Lee Elementary School,Thomaston-Upson County,Thomaston,932,932,Yes under Community Eligibility Option (CEO),false
130528001724,Upson-Lee High School,Thomaston-Upson County,Thomaston,1177,,Yes under Community Eligibility Option (CEO),true
130528001723,Upson-Lee Middle School,Thomaston-Upson County,Thomaston,894,,Yes under Community Eligibility Option (CEO),true
130528002285,Upson-Lee Primary School,Thomaston-Upson County,Thomaston,993,993,Yes under Community Eligibility Option (CEO),false
130123004393,Utopian Academy for the Arts Elementary School,Clayton County,Ellenwood,317,288,Yes under Community Eligibility Option (CEO),false
130123004452,Utopian Academy for the Arts High School,Clayton County,Marrow,291,226,Yes under Community Eligibility Option (CEO),false
130123004703,Utopian Academy for the Arts Middle School,Clayton County,Ellenwood,315,249,Yes under Community Eligibility Option (CEO),false
130585404662,Utopian Academy for the Arts Trilith,State Specialty Schools I- Utopian Academy for the Arts Tril,Fayetteville,147,79,Yes under Community Eligibility Option (CEO),false
130531001732,Valdosta High School,Valdosta City,Valdosta,2457,2069,Yes under Community Eligibility Option (CEO),true
130531001734,Valdosta Middle School,Valdosta City,Valdosta,1024,890,Yes under Community Eligibility Option (CEO),true
130570001824,Valley Point Elementary School,Whitfield County,Dalton,469,469,Yes under Community Eligibility Option (CEO),false
130570001821,Valley Point Middle School,Whitfield County,Dalton,377,370,Yes under Community Eligibility Option (CEO),true
130420003939,Van Wert Elementary School,Polk County,Rockmart,693,693,Yes under Community Eligibility Option (CEO),false
130174000638,Vanderlyn Elementary School,DeKalb County,Dunwoody,441,42,Yes participating without using any Provision or the CEO,false
130570001831,Varnell Elementary School,Whitfield County,Dalton,350,347,Yes under Community Eligibility Option (CEO),false
130129002107,Varner Elementary School,Cobb County,Powder Springs,705,428,Yes participating without using any Provision or the CEO,false
130129001479,Vaughan Elementary School,Cobb County,Powder Springs,600,108,Yes participating without using any Provision or the CEO,false
130042004245,Veterans Elementary School,Bibb County,Macon,715,527,Yes under Community Eligibility Option (CEO),false
130288003969,Veterans High School,Houston County,Kathleen,1940,768,Yes participating without using any Provision or the CEO,false
130387003680,Veterans Memorial Middle School,Muscogee County,Columbus,681,517,Yes under Community Eligibility Option (CEO),false
130393002424,Veterans Memorial Middle School,Newton County,Covington,637,610,Yes under Community Eligibility Option (CEO),true
130222002169,Vickery Creek Elementary School,Forsyth County,Cumming,982,68,Yes participating without using any Provision or the CEO,false
130222002261,Vickery Creek Middle School,Forsyth County,Cumming,1058,148,Yes participating without using any Provision or the CEO,false
130228004243,Vickery Mill Elementary,Fulton County,Roswell,407,407,Yes under Community Eligibility Option (CEO),false
130534001739,Vidalia Comprehensive High School,Vidalia City,Vidalia,703,570,Yes under Community Eligibility Option (CEO),false
130084002240,Villa Rica Elementary School,Carroll County,Villa Rica,513,321,Yes under Community Eligibility Option (CEO),false
130084000324,Villa Rica High School,Carroll County,Villa Rica,1681,621,Yes under Community Eligibility Option (CEO),false
130084003301,Villa Rica Middle,Carroll County,Temple,481,230,Yes under Community Eligibility Option (CEO),true
130042002474,Vineville Academy,Bibb County,Macon,479,272,Yes under Community Eligibility Option (CEO),false
130042004410,Vip Academy (Virtual),Bibb County,Macon,398,27,Yes participating without using any Provision or the CEO,false
130012004656,Virginia-Highland Elementary School,Atlanta Public Schools,Atlanta,649,100,Yes participating without using any Provision or the CEO,false
130309004716,Virtual Preparatory Academy of Ga @ Jenkins,Jenkins County,Millen,604,,No,false
130531001730,W.g. Nunn Elementary,Valdosta City,Valdosta,974,950,Yes under Community Eligibility Option (CEO),false
130438004230,W.s. Hornsby Elementary School,Richmond County,Augusta,508,508,Yes under Community Eligibility Option (CEO),false
130438003924,W.s. Hornsby Middle School,Richmond County,Augusta,391,391,Yes under Community Eligibility Option (CEO),true
130543001774,Wacona Elementary School,Ware County,Waycross,885,765,Yes under Community Eligibility Option (CEO),false
130387001434,Waddell Elementary School,Muscogee County,Columbus,520,520,Yes under Community Eligibility Option (CEO),false
130174003750,Wadsworth Magnet School for High Achievers,DeKalb County,Decatur,273,167,Yes under Community Eligibility Option (CEO),false
130330002406,Waldo Pafford Elementary School,Liberty County,Hinesville,741,616,Yes under Community Eligibility Option (CEO),false
130539001768,Walker Park Elementary School,Walton County,Monroe,755,372,Yes participating without using any Provision or the CEO,false
130438001556,Walker Traditional Elementary School,Richmond County,Augusta,646,527,Yes under Community Eligibility Option (CEO),true
130282003413,Walnut Creek Elementary,Henry County,McDonough,712,532,Yes participating without using any Provision or the CEO,false
130539001057,Walnut Grove Elementary School,Walton County,Covington,721,405,Yes participating without using any Provision or the CEO,false
130255000046,Walnut Grove Elementary School,Gwinnett County,Suwanee,819,469,Yes participating without using any Provision or the CEO,false
130539003901,Walnut Grove High School,Walton County,Loganville,1511,600,Yes participating without using any Provision or the CEO,false
130129000513,Walton High School,Cobb County,Marietta,2705,206,Yes participating without using any Provision or the CEO,false
130543001777,Ware County High School,Ware County,Waycross,1633,1373,Yes under Community Eligibility Option (CEO),true
130543001779,Ware County Middle School,Ware County,Waycross,752,605,Yes under Community Eligibility Option (CEO),true
130543001775,Waresboro Elementary School,Ware County,Waycross,429,351,Yes under Community Eligibility Option (CEO),false
130288001240,Warner Robins High School,Houston County,Warner Robins,1812,1812,Yes under Community Eligibility Option (CEO),true
130288001236,Warner Robins Middle School,Houston County,Warner Robins,781,781,Yes under Community Eligibility Option (CEO),true
130546001782,Warren County High School,Warren County,Warrenton,187,150,Yes under Community Eligibility Option (CEO),true
130546003462,Warren County Middle School,Warren County,Warrenton,160,160,Yes under Community Eligibility Option (CEO),true
130438001546,Warren Road Elementary School,Richmond County,Augusta,665,665,Yes under Community Eligibility Option (CEO),false
130549001788,Washington County High School,Washington County,Sandersville,905,606,Yes under Community Eligibility Option (CEO),true
130246001084,Washington Middle School,Grady County,Cairo,631,631,Yes under Community Eligibility Option (CEO),true
130297001255,Washington Park Elementary School,Jasper County,Monticello,581,575,Yes under Community Eligibility Option (CEO),false
130576003852,Washington-Wilkes Comprehensive High School,Wilkes County,Washington,368,341,Yes under Community Eligibility Option (CEO),true
130576001840,Washington-Wilkes Elementary School,Wilkes County,Washington,244,244,Yes under Community Eligibility Option (CEO),false
130576003942,Washington-Wilkes Middle School,Wilkes County,Washington,285,285,Yes under Community Eligibility Option (CEO),true
130576001839,Washington-Wilkes Primary School,Wilkes County,Washington,365,365,Yes under Community Eligibility Option (CEO),false
130261001155,Wauka Mountain Elementary School,Hall County,Gainesville,546,240,Yes participating without using any Provision or the CEO,false
130543002204,Waycross Middle School,Ware County,Waycross,606,550,Yes under Community Eligibility Option (CEO),true
130002603515,Waycross Regional Youth Detention Center,Department of Juvenile Justice,Waycross,7,,No,true
130555001800,Wayne County High School,Wayne County,Jesup,1576,1294,Yes under Community Eligibility Option (CEO),true
130066000293,Waynesboro Primary School,Burke County,Waynesboro,924,924,Yes under Community Eligibility Option (CEO),false
130048002295,Waynesville Primary School,Brantley County,Waynesville,434,434,Yes under Community Eligibility Option (CEO),false
130402003986,Wc Abney Elementary,Paulding County,Dallas,1324,645,Yes participating without using any Provision or the CEO,false
130042001416,Weaver Middle School,Bibb County,Macon,894,611,Yes under Community Eligibility Option (CEO),true
130228001627,Webb Bridge Middle School,Fulton County,Alpharetta,1228,97,Yes participating without using any Provision or the CEO,false
130558003015,Webster County Elementary/Middle School,Webster County,Preston,170,170,Yes under Community Eligibility Option (CEO),true
130558003575,Webster County High School,Webster County,Preston,58,58,Yes under Community Eligibility Option (CEO),true
130150003637,Welch Elementary School,Coweta County,Newnan,1012,594,Yes participating without using any Provision or the CEO,false
130228004261,Wellspring Living,Fulton County,Atlanta,6,,Yes participating without using any Provision or the CEO,false
130387001427,Wesley Heights Elementary School,Muscogee County,Columbus,349,349,Yes under Community Eligibility Option (CEO),false
130012003589,Wesley International Academy Charter,Atlanta Public Schools,Atlanta,776,748,Yes under Community Eligibility Option (CEO),true
130282000367,Wesley Lakes Elementary School,Henry County,McDonough,564,470,Yes participating without using any Provision or the CEO,false
130171000617,West Bainbridge Primary School,Decatur County,Bainbridge,556,556,Yes under Community Eligibility Option (CEO),false
130444001595,West Central Elementary School,Rome City,Rome,595,595,Yes under Community Eligibility Option (CEO),false
130102002301,West Chatham Elementary School,Savannah-Chatham County,Pooler,796,613,Yes participating without using any Provision or the CEO,false
130102002242,West Chatham Middle School,Savannah-Chatham County,Pooler,713,557,Yes participating without using any Provision or the CEO,true
130123000498,West Clayton Elementary School,Clayton County,College Park,464,464,Yes under Community Eligibility Option (CEO),false
130444001605,West End Elementary School,Rome City,Rome,1005,1005,Yes under Community Eligibility Option (CEO),false
130210000156,West Fannin Elementary School,Fannin County,Blue Ridge,443,428,Yes under Community Eligibility Option (CEO),false
130222003354,West Forsyth High School,Forsyth County,Cumming,2503,348,Yes participating without using any Provision or the CEO,false
130135000582,West Green Elementary School,Coffee County,West Green,412,412,Yes under Community Eligibility Option (CEO),false
130261002043,West Hall High School,Hall County,Oakwood,1274,846,Yes participating without using any Provision or the CEO,false
130261000357,West Hall Middle School,Hall County,Oakwood,842,624,Yes participating without using any Provision or the CEO,true
130267001182,West Haralson Elementary School,Haralson County,Tallapoosa,403,403,Yes under Community Eligibility Option (CEO),false
130294002499,West Jackson Elementary School,Jackson County,Hoschton,1082,483,Yes participating without using any Provision or the CEO,false
130294001696,West Jackson Middle School,Jackson County,Jefferson,951,324,Yes participating without using any Provision or the CEO,false
130189003887,West Laurens High School,Laurens County,Dexter,1262,887,Yes under Community Eligibility Option (CEO),false
130189000878,West Laurens Middle School,Laurens County,Dublin,898,745,Yes under Community Eligibility Option (CEO),true
130012000121,West Manor Elementary School,Atlanta Public Schools,Atlanta,247,247,Yes under Community Eligibility Option (CEO),false
130393002223,West Newton Elementary School,Newton County,Covington,698,698,Yes under Community Eligibility Option (CEO),false
130000101962,West Point Elementary School,Troup County,West Point,450,435,Yes under Community Eligibility Option (CEO),false
130351001341,West Side Elementary School,Marietta City,Marietta,556,85,Yes participating without using any Provision or the CEO,false
130093000349,West Side Elementary School,Catoosa County,Rossville,471,466,Yes under Community Eligibility Option (CEO),false
130183000834,West Town Elementary School,Dougherty County,Albany,309,309,Yes under Community Eligibility Option (CEO),false
130168004156,Westchester Elementary School,City Schools of Decatur,Decatur,174,10,Yes participating without using any Provision or the CEO,false
130150000755,Western Elementary School,Coweta County,Newnan,455,299,Yes participating without using any Provision or the CEO,false
130228001031,Westlake High School,Fulton County,Atlanta,2056,1003,Yes participating without using any Provision or the CEO,false
130141000599,Westmont Elementary School,Columbia County,Martinez,720,435,Yes participating without using any Provision or the CEO,false
130183000839,Westover High School,Dougherty County,Albany,1234,1092,Yes under Community Eligibility Option (CEO),true
130012004139,Westside Atlanta Charter School,Atlanta Public Schools,Atlanta,349,191,Yes participating without using any Provision or the CEO,true
130420001499,Westside Elementary School,Polk County,Cedartown,588,472,Yes under Community Eligibility Option (CEO),false
130135000579,Westside Elementary School,Coffee County,Douglas,625,625,Yes under Community Eligibility Option (CEO),false
130570001827,Westside Elementary School,Whitfield County,Rocky Face,549,457,Yes under Community Eligibility Option (CEO),false
130339003788,Westside Elementary School,Lowndes County,Valdosta,904,589,Yes under Community Eligibility Option (CEO),false
130288001227,Westside Elementary School,Houston County,Warner Robins,543,543,Yes under Community Eligibility Option (CEO),false
130438001542,Westside High School,Richmond County,Augusta,1088,925,Yes under Community Eligibility Option (CEO),true
130042001918,Westside High School,Bibb County,Macon,1013,624,Yes under Community Eligibility Option (CEO),true
130570001820,Westside Middle School,Whitfield County,Rocky Face,428,363,Yes under Community Eligibility Option (CEO),true
130029001913,Westside Middle School,Barrow County,Winder,793,560,Yes participating without using any Provision or the CEO,true
130162000788,Westwood Elementary School,Dalton Public Schools,Dalton,605,400,Yes participating without using any Provision or the CEO,false
130564001812,Wheeler County Elementary School,Wheeler County,Alamo,433,433,Yes under Community Eligibility Option (CEO),false
130564001811,Wheeler County High School,Wheeler County,Alamo,254,167,Yes under Community Eligibility Option (CEO),true
130564004241,Wheeler County Middle School,Wheeler County,Alamo,161,143,Yes under Community Eligibility Option (CEO),true
130129000529,Wheeler High School,Cobb County,Marietta,2401,1175,Yes participating without using any Provision or the CEO,false
130438004342,Wheeless Road Elementary School,Richmond County,Augusta,649,649,Yes under Community Eligibility Option (CEO),false
130246001082,Whigham Elementary School,Grady County,Whigham,543,430,Yes under Community Eligibility Option (CEO),true
130117002104,Whit Davis Road Elementary School,Clarke County,Athens,395,382,Yes under Community Eligibility Option (CEO),false
130102000377,White Bluff Elementary School,Savannah-Chatham County,Savannah,701,598,Yes participating without using any Provision or the CEO,false
130567001870,White County High School,White County,Cleveland,1140,813,Yes under Community Eligibility Option (CEO),false
130567001813,White County Middle School,White County,Cleveland,900,768,Yes under Community Eligibility Option (CEO),true
130033000186,White Elementary School,Bartow County,White,562,382,Yes participating without using any Provision or the CEO,false
130150002026,White Oak Elementary School,Coweta County,Newnan,712,431,Yes participating without using any Provision or the CEO,false
130255003943,White Oak Elementary School,Gwinnett County,Sugar Hill,722,233,Yes participating without using any Provision or the CEO,false
130117000447,Whitehead Road Elementary School,Clarke County,Athens,632,626,Yes under Community Eligibility Option (CEO),false
130084000333,Whitesburg Elementary School,Carroll County,Whitesburg,517,221,Yes under Community Eligibility Option (CEO),false
130213002877,Whitewater High School,Fayette County,Fayetteville,1303,315,Yes participating without using any Provision or the CEO,false
130213002117,Whitewater Middle School,Fayette County,Fayetteville,874,209,Yes participating without using any Provision or the CEO,false
130573001836,Wilcox County Elementary School,Wilcox County,Rochelle,547,523,Yes under Community Eligibility Option (CEO),false
130573002232,Wilcox County High School,Wilcox County,Rochelle,343,278,Yes under Community Eligibility Option (CEO),true
130573002451,Wilcox County Middle School,Wilcox County,Rochelle,236,210,Yes under Community Eligibility Option (CEO),true
130002604329,Wilkes County Regional Detention Center,Department of Juvenile Justice,Washington,10,7,No,true
130579001844,Wilkinson County Elementary School,Wilkinson County,Irwinton,203,203,Yes under Community Eligibility Option (CEO),false
130579001841,Wilkinson County High School,Wilkinson County,Mc Intyre,328,328,Yes under Community Eligibility Option (CEO),true
130579001843,Wilkinson County Middle School,Wilkinson County,Mc Intyre,225,225,Yes under Community Eligibility Option (CEO),true
130579001842,Wilkinson County Primary School,Wilkinson County,Irwinton,280,280,Yes under Community Eligibility Option (CEO),false
130438002972,Wilkinson Gardens Elementary School,Richmond County,Augusta,472,472,Yes under Community Eligibility Option (CEO),false
130009001965,Willacoochee Elementary School,Atkinson County,Willacoochee,167,150,Yes under Provision 2,false
130111003526,William G. Hasty- Sr. Elementary School,Cherokee County,Canton,1119,877,Yes participating without using any Provision or the CEO,false
130012000099,William J. Scott Elementary School,Atlanta Public Schools,Atlanta,319,319,Yes under Community Eligibility Option (CEO),false
130063002236,William James Middle School,Bulloch County,Statesboro,536,463,Yes under Community Eligibility Option (CEO),true
130123000483,William M. McGarrah Elementary School,Clayton County,Morrow,658,658,Yes under Community Eligibility Option (CEO),false
130012000022,William M.boyd Elementary School,Atlanta Public Schools,Atlanta,439,439,Yes under Community Eligibility Option (CEO),false
130042000203,Williams Elementary School,Bibb County,Macon,294,249,Yes under Community Eligibility Option (CEO),false
130543001393,Williams Heights Elementary School,Ware County,Waycross,436,350,Yes under Community Eligibility Option (CEO),false
130138000595,Willie J. Williams Middle School,Colquitt County,Moultrie,1285,1285,Yes under Community Eligibility Option (CEO),false
130012000107,Willis A. Sutton Middle School,Atlanta Public Schools,Atlanta,1619,606,Yes participating without using any Provision or the CEO,false
130150002531,Willis Road Elementary,Coweta County,Sharpsburg,664,235,Yes participating without using any Provision or the CEO,false
130228003367,Wilson Creek Elementary School,Fulton County,Duluth,854,127,Yes participating without using any Provision or the CEO,false
130029004275,Winder Elementary School,Barrow County,Winder,656,483,Yes participating without using any Provision or the CEO,false
130029000173,Winder-Barrow High School,Barrow County,Winder,1869,953,Yes participating without using any Provision or the CEO,false
130102000394,Windsor Forest Elementary School,Savannah-Chatham County,Savannah,656,550,Yes participating without using any Provision or the CEO,false
130102000415,Windsor Forest High School,Savannah-Chatham County,Savannah,1069,798,Yes participating without using any Provision or the CEO,true
130255003396,Winn Holt Elementary School,Gwinnett County,Lawrenceville,1046,840,Yes participating without using any Provision or the CEO,false
130168000799,Winnona Park Elementary School,City Schools of Decatur,Decatur,276,22,Yes participating without using any Provision or the CEO,false
130186000859,Winston Elementary School,Douglas County,Winston,297,250,Yes participating without using any Provision or the CEO,false
130117000445,Winterville Elementary School,Clarke County,Winterville,343,321,Yes under Community Eligibility Option (CEO),false
130135004131,Wiregrass Regional College and Career Academy,Coffee County,Douglas,215,215,Yes under Community Eligibility Option (CEO),true
130228004247,Wolf Creek Elementary,Fulton County,College Park,712,712,Yes under Community Eligibility Option (CEO),false
130078000236,Woodbine Elementary School,Camden County,Woodbine,339,200,Yes participating without using any Provision or the CEO,false
130228001015,Woodland Elementary School,Fulton County,Atlanta,851,396,Yes participating without using any Provision or the CEO,false
130282003410,Woodland Elementary School,Henry County,Stockbridge,491,336,Yes participating without using any Provision or the CEO,false
130033001914,Woodland High School,Bartow County,Cartersville,1456,851,Yes participating without using any Provision or the CEO,false
130282003418,Woodland High School,Henry County,Stockbridge,1251,722,Yes participating without using any Provision or the CEO,false
130228002036,Woodland Middle School,Fulton County,East Point,937,937,Yes under Community Eligibility Option (CEO),true
130282003415,Woodland Middle School,Henry County,Stockbridge,679,431,Yes participating without using any Provision or the CEO,false
130033002294,Woodland Middle School at Euharlee,Bartow County,Euharlee,696,415,Yes participating without using any Provision or the CEO,true
130384003434,Woodlawn Elementary School,Murray County,Chatsworth,498,498,Yes under Community Eligibility Option (CEO),false
130174000660,Woodridge Elementary School,DeKalb County,Stone Mountain,444,444,Yes under Community Eligibility Option (CEO),false
130012004224,Woodson Park Academy School,Atlanta Public Schools,Atlanta,842,842,Yes under Community Eligibility Option (CEO),false
130093003304,Woodstation Elementary School,Catoosa County,Rock Spring,415,219,Yes participating without using any Provision or the CEO,false
130111000434,Woodstock Elementary School,Cherokee County,Woodstock,1187,472,Yes participating without using any Provision or the CEO,false
130111001428,Woodstock High School,Cherokee County,Woodstock,2006,678,Yes participating without using any Provision or the CEO,false
130111001438,Woodstock Middle School,Cherokee County,Woodstock,1075,454,Yes participating without using any Provision or the CEO,false
130258001152,Woodville Elementary School,Habersham County,Clarkesville,187,187,Yes under Community Eligibility Option (CEO),false
130102004044,Woodville-Tompkins Technical and Career High School,Savannah-Chatham County,Savannah,694,498,Yes participating without using any Provision or the CEO,true
130174000668,Woodward Elementary School,DeKalb County,Brookhaven,553,468,Yes under Community Eligibility Option (CEO),false
130255003893,Woodward Mill Elementary School,Gwinnett County,Lawrenceville,1106,670,Yes participating without using any Provision or the CEO,false
130525001721,Woody Gap High/Elementary School,Union County,Suches,55,55,Yes under Community Eligibility Option (CEO),true
130261003805,World Language Academy,Hall County,Flowery Branch,677,402,Yes participating without using any Provision or the CEO,false
130261004328,World Language Academy Middle School,Hall County,Gainesville,256,158,Yes participating without using any Provision or the CEO,false
130585004231,Worth County Achievement Center,Worth County,Sylvester,35,35,Yes under Community Eligibility Option (CEO),true
130585001854,Worth County Elementary School,Worth County,Sylvester,696,696,Yes under Community Eligibility Option (CEO),false
130585001849,Worth County High School,Worth County,Sylvester,856,764,Yes under Community Eligibility Option (CEO),true
130585000733,Worth County Middle School,Worth County,Sylvester,661,661,Yes under Community Eligibility Option (CEO),true
130585001409,Worth County Primary School,Worth County,Sylvester,809,809,Yes under Community Eligibility Option (CEO),false
130306001267,Wrens Elementary School,Jefferson County,Wrens,406,406,Yes under Community Eligibility Option (CEO),false
130138000587,Wright Elementary School,Colquitt County,Moultrie,554,280,Yes under Community Eligibility Option (CEO),false
130174002478,Wynbrooke Elementary School,DeKalb County,Stone Mountain,546,461,Yes under Community Eligibility Option (CEO),false
130387001441,Wynnton Elementary School,Muscogee County,Columbus,332,332,Yes under Community Eligibility Option (CEO),false
130029002293,Yargo Elementary School,Barrow County,Winder,782,506,Yes participating without using any Provision or the CEO,false
130186002547,Yeager Middle School,Douglas County,Douglasville,529,419,Yes participating without using any Provision or the CEO,true
130025704372,Yi Hwang Academy of Language Excellence,State Specialty Schools II- Yi Hwang Academy of Language Ex,Duluth,459,25,Yes participating without using any Provision or the CEO,false
130420004001,Youngs Grove Elementary School,Polk County,Cedartown,490,471,Yes under Community Eligibility Option (CEO),false
130539002607,Youth Elementary School,Walton County,Loganville,756,315,Yes participating without using any Provision or the CEO,false
130539003459,Youth Middle School,Walton County,Loganville,1181,555,Yes participating without using any Provision or the CEO,false
130186003689,Youth Villages at Inner Harbour,Douglas County,Douglasville,46,43,Yes participating without using any Provision or the CEO,true
130417004235,Zebulon High School,Pike County,Zebulon,34,19,Yes participating without using any Provision or the CEO,false
130585904667,Zest Preparatory Academy School,State Specialty Schools II- Zest Preparatory Academy School,Douglasville,209,89,Yes participating without using any Provision or the CEO,false
