nces_id,school_name,district_name,city_name,total_students,frl_eligible_students,national_school_lunch_program,admin_approved,min_grade,max_grade
190369002329,Abbie Grove Elementary,Ankeny Comm School District,Ankeny,445,51,Yes participating without using any Provision or the CEO,false,Kindergarten,5th Grade
190822000409,Abraham Lincoln High School,Council Bluffs Comm School District,Council Bluffs,1333,614,Yes under Community Eligibility Option (CEO),false,9th Grade,12th Grade
190309000006,Adair-Casey Elementary School,Adair-Casey Comm School District,Adair,160,77,Yes participating without using any Provision or the CEO,false,Prekindergarten,6th Grade
190309002236,Adair-Casey Jr. High School,Adair-Casey Comm School District,Adair,100,40,Yes participating without using any Provision or the CEO,true,7th Grade,8th Grade
190633000522,Adams Elementary School,Carroll Comm School District,Carroll,232,103,Yes participating without using any Provision or the CEO,false,3rd Grade,4th Grade
190858000456,Adams Elementary School,Davenport Comm School District,Davenport,498,285,Yes under Community Eligibility Option (CEO),false,Kindergarten,5th Grade
190315000008,Adel Elementary School,Adel DeSoto Minburn Comm School District,Adel,403,65,Yes participating without using any Provision or the CEO,false,Prekindergarten,1st Grade
190315001986,Adm Middle School,Adel DeSoto Minburn Comm School District,Adel,352,71,Yes participating without using any Provision or the CEO,false,7th Grade,8th Grade
190315000009,Adm Senior High School,Adel DeSoto Minburn Comm School District,Adel,666,128,Yes participating without using any Provision or the CEO,false,9th Grade,12th Grade
190306002212,Agwsr Elementary at Wellsburg,AGWSR Comm School District,Wellsburg,59,20,Yes participating without using any Provision or the CEO,false,Prekindergarten,2nd Grade
190306000003,Agwsr Elementary School,AGWSR Comm School District,Ackley,227,115,Yes participating without using any Provision or the CEO,false,Kindergarten,5th Grade
190306000004,Agwsr High School,AGWSR Comm School District,Ackley,190,84,Yes participating without using any Provision or the CEO,false,9th Grade,12th Grade
190306000634,Agwsr Middle School,AGWSR Comm School District,Wellsburg,131,63,Yes participating without using any Provision or the CEO,true,6th Grade,8th Grade
190408000102,Ahstw High School,AHSTW Comm School District,Avoca,205,67,Yes participating without using any Provision or the CEO,false,9th Grade,12th Grade
190408002261,Ahstw Intermediate School,AHSTW Comm School District,Avoca,270,98,Yes participating without using any Provision or the CEO,true,4th Grade,8th Grade
190408000101,Ahstw Primary School,AHSTW Comm School District,Avoca,280,103,Yes participating without using any Provision or the CEO,false,Prekindergarten,3rd Grade
190322001937,Akron Westfield Elementary School,Akron Westfield Comm School District,Akron,258,91,Yes participating without using any Provision or the CEO,false,Prekindergarten,5th Grade
190322001938,Akron Westfield Middle School,Akron Westfield Comm School District,Akron,130,36,Yes participating without using any Provision or the CEO,false,6th Grade,8th Grade
190322001939,Akron Westfield Senior High School,Akron Westfield Comm School District,Akron,188,35,Yes participating without using any Provision or the CEO,false,9th Grade,12th Grade
192094001251,Alan Shepard Elementary School,North Scott Comm School District,Long Grove,467,86,Yes participating without using any Provision or the CEO,false,Prekindergarten,6th Grade
190003101300,Albert City-Truesdale Elementary School,Albert City-Truesdale Comm School District,Albert City,100,51,Yes participating without using any Provision or the CEO,false,Prekindergarten,6th Grade
190327000017,Albia High School,Albia Comm School District,Albia,348,111,Yes participating without using any Provision or the CEO,false,9th Grade,12th Grade
190327001406,Albia Middle School,Albia Comm School District,Albia,153,60,Yes participating without using any Provision or the CEO,true,7th Grade,8th Grade
190330000024,Alburnett Elementary School,Alburnett Comm School District,Alburnett,395,48,Yes participating without using any Provision or the CEO,false,Prekindergarten,5th Grade
190330002193,Alburnett Middle School,Alburnett Comm School District,Alburnett,169,21,Yes participating without using any Provision or the CEO,false,6th Grade,8th Grade
190330000025,Alburnett Senior High School,Alburnett Comm School District,Alburnett,293,22,Yes participating without using any Provision or the CEO,false,9th Grade,12th Grade
190003201317,Alden Elementary School,Alden Comm School District,Alden,148,37,Yes participating without using any Provision or the CEO,false,Prekindergarten,6th Grade
190579000191,Aldo Leopold Intermediate School,Burlington Comm School District,Burlington,412,240,Yes under Community Eligibility Option (CEO),false,5th Grade,6th Grade
191470002224,Alexander Elementary,Iowa City Comm School District,Iowa City,436,331,Yes participating without using any Provision or the CEO,false,Prekindergarten,5th Grade
190336000030,Algona High School,Algona Comm School District,Algona,458,166,Yes participating without using any Provision or the CEO,false,9th Grade,12th Grade
190336000034,Algona Middle School,Algona Comm School District,Algona,419,173,Yes participating without using any Provision or the CEO,false,5th Grade,8th Grade
190348000045,Alta Elementary School,Alta-Aurelia Comm School District,Alta,256,104,Yes participating without using any Provision or the CEO,false,Prekindergarten,4th Grade
190348000046,Alta-Aurelia High School,Alta-Aurelia Comm School District,Alta,221,76,Yes participating without using any Provision or the CEO,false,9th Grade,12th Grade
190348002252,Alta-Aurelia Middle School,Alta-Aurelia Comm School District,Aurelia,228,79,Yes participating without using any Provision or the CEO,false,5th Grade,8th Grade
191878001099,Alternative School,Mason City Comm School District,Mason City,91,46,Yes participating without using any Provision or the CEO,true,9th Grade,12th Grade
192682001566,Altoona Elementary,Southeast Polk Comm School District,Altoona,429,229,Yes participating without using any Provision or the CEO,false,Prekindergarten,5th Grade
190759000048,Amana Elementary School,Clear Creek Amana Comm School District,Middle Amana,126,29,Yes participating without using any Provision or the CEO,false,Prekindergarten,4th Grade
190354000050,Ames High School,Ames Comm School District,Ames,1440,430,Yes participating without using any Provision or the CEO,false,9th Grade,12th Grade
190354000060,Ames Middle School,Ames Comm School District,Ames,1033,322,Yes participating without using any Provision or the CEO,false,6th Grade,8th Grade
190357000061,Anamosa High School,Anamosa Comm School District,Anamosa,381,117,Yes participating without using any Provision or the CEO,false,9th Grade,12th Grade
190357000062,Anamosa Middle School,Anamosa Comm School District,Anamosa,335,106,Yes participating without using any Provision or the CEO,true,5th Grade,8th Grade
190507000153,Anderson Elementary School,Bondurant-Farrar Comm School District,Bondurant,531,119,Yes participating without using any Provision or the CEO,false,2nd Grade,4th Grade
190363000067,Andrew Elementary School,Andrew Comm School District,Andrew,125,34,Yes participating without using any Provision or the CEO,false,Prekindergarten,6th Grade
190369002187,Ankeny Centennial High School,Ankeny Comm School District,Ankeny,1470,243,Yes participating without using any Provision or the CEO,false,10th Grade,12th Grade
190369000071,Ankeny High School,Ankeny Comm School District,Ankeny,1375,316,Yes participating without using any Provision or the CEO,false,10th Grade,12th Grade
190822002319,Anne E. Nelson Early Learning Center,Council Bluffs Comm School District,Council Bluffs,119,3,Yes under Community Eligibility Option (CEO),false,Prekindergarten,Prekindergarten
191872001082,Anson Elementary School,Marshalltown Comm School District,Marshalltown,286,240,Yes under Community Eligibility Option (CEO),false,Prekindergarten,4th Grade
191848000080,Anthon Elementary,Maple Valley-Anthon Oto Comm School District,Anthon,64,33,Yes participating without using any Provision or the CEO,false,Prekindergarten,5th Grade
190375000081,Aplington Elementary School,Aplington-Parkersburg Comm School District,Aplington,165,51,Yes participating without using any Provision or the CEO,false,3rd Grade,5th Grade
190375001337,Aplington-Parkersburg High School,Aplington-Parkersburg Comm School District,Parkersburg,247,50,Yes participating without using any Provision or the CEO,false,9th Grade,12th Grade
190375000082,Aplington-Parkersburg Middle School,Aplington-Parkersburg Comm School District,Aplington,198,50,Yes participating without using any Provision or the CEO,false,6th Grade,8th Grade
190378002177,Ar-We-Va Elementary Community School,Ar-We-Va Comm School District,Westside,141,68,Yes participating without using any Provision or the CEO,false,Prekindergarten,5th Grade
190369002094,Ashland Ridge Elementary,Ankeny Comm School District,Ankeny,548,77,Yes participating without using any Provision or the CEO,false,Kindergarten,5th Grade
190483000136,Atkins Elementary School,Benton Comm School District,Atkins,394,76,Yes participating without using any Provision or the CEO,false,Prekindergarten,3rd Grade
190393000090,Atlantic High School,Atlantic Comm School District,Atlantic,478,178,Yes participating without using any Provision or the CEO,true,9th Grade,12th Grade
190393000093,Atlantic Middle School,Atlantic Comm School District,Atlantic,349,155,Yes participating without using any Provision or the CEO,true,6th Grade,8th Grade
190396000095,Audubon Elementary School,Audubon Comm School District,Audubon,252,77,Yes under Community Eligibility Option (CEO),false,Prekindergarten,4th Grade
190948000602,Audubon Elementary School,Dubuque Comm School District,Dubuque,247,196,Yes under Community Eligibility Option (CEO),false,Prekindergarten,5th Grade
190396000096,Audubon Middle-High School,Audubon Comm School District,Audubon,291,82,Yes participating without using any Provision or the CEO,false,5th Grade,12th Grade
190348002251,Aurelia Elementary School,Alta-Aurelia Comm School District,Aurelia,124,30,Yes participating without using any Provision or the CEO,false,Prekindergarten,4th Grade
191872001084,B R Miller Middle School,Marshalltown Comm School District,Marshalltown,736,537,Yes under Community Eligibility Option (CEO),true,7th Grade,8th Grade
191320000789,Bailey Park Elementary School,Grinnell-Newburg Comm School District,Grinnell,147,62,Yes participating without using any Provision or the CEO,false,Kindergarten,2nd Grade
190420000109,Ballard East Elementary,Ballard Comm School District,Cambridge,417,98,Yes participating without using any Provision or the CEO,false,3rd Grade,5th Grade
190420000105,Ballard High School,Ballard Comm School District,Huxley,586,90,Yes participating without using any Provision or the CEO,false,9th Grade,12th Grade
190420000106,Ballard Middle School,Ballard Comm School District,Huxley,418,74,Yes participating without using any Provision or the CEO,false,6th Grade,8th Grade
190420000108,Ballard West Elementary,Ballard Comm School District,Slater,451,85,Yes participating without using any Provision or the CEO,false,Prekindergarten,2nd Grade
190438000113,Baxter Elementary School,Baxter Comm School District,Baxter,209,63,Yes participating without using any Provision or the CEO,false,Prekindergarten,5th Grade
190438000114,Baxter High School,Baxter Comm School District,Baxter,262,86,Yes participating without using any Provision or the CEO,false,6th Grade,12th Grade
190444000119,Bcluw Elementary School,BCLUW Comm School District,Conrad,160,60,Yes participating without using any Provision or the CEO,false,Prekindergarten,4th Grade
190444000118,Bcluw High School,BCLUW Comm School District,Conrad,172,64,Yes participating without using any Provision or the CEO,false,9th Grade,12th Grade
190444000087,Bcluw Middle School,BCLUW Comm School District,Union,132,66,Yes participating without using any Provision or the CEO,false,5th Grade,8th Grade
191545000478,Beaver Creek Elementary School,Johnston Comm School District,Johnston,575,142,Yes participating without using any Provision or the CEO,false,Kindergarten,5th Grade
190456000122,Bedford Elementary School,Bedford Comm School District,Bedford,269,156,Yes participating without using any Provision or the CEO,false,Prekindergarten,5th Grade
190456000120,Bedford High School,Bedford Comm School District,Bedford,245,109,Yes participating without using any Provision or the CEO,false,6th Grade,12th Grade
190462000124,Belle Plaine Jr/Sr High School,Belle Plaine Comm School District,Belle Plaine,205,80,Yes participating without using any Provision or the CEO,false,7th Grade,12th Grade
190465000128,Bellevue Elementary School,Bellevue Comm School District,Bellevue,405,76,Yes participating without using any Provision or the CEO,false,Prekindergarten,5th Grade
190465000129,Bellevue High School,Bellevue Comm School District,Bellevue,354,76,Yes participating without using any Provision or the CEO,false,6th Grade,12th Grade
190468000130,Belmond-Klemme Community Jr-Sr High School,Belmond-Klemme Comm School District,Belmond,297,154,Yes participating without using any Provision or the CEO,true,7th Grade,12th Grade
190474000134,Bennett Elementary School,Bennett Comm School District,Bennett,76,41,Yes participating without using any Provision or the CEO,false,Prekindergarten,6th Grade
190483001987,Benton Community Middle School,Benton Comm School District,Van Horne,235,51,Yes participating without using any Provision or the CEO,false,7th Grade,8th Grade
190483000137,Benton Community Senior High School,Benton Comm School District,Van Horne,473,96,Yes participating without using any Provision or the CEO,false,9th Grade,12th Grade
192061002240,Berg Middle School,Newton Comm School District,Newton,790,422,Yes participating without using any Provision or the CEO,true,5th Grade,8th Grade
190336000031,Bertha Godfrey Elementary School,Algona Comm School District,Algona,283,84,Yes participating without using any Provision or the CEO,false,Prekindergarten,Kindergarten
190651002256,Bess Streeter Aldrich Elementary,Cedar Falls Comm School District,Cedar Falls,472,49,Yes participating without using any Provision or the CEO,false,Prekindergarten,6th Grade
190486000142,Bettendorf High School,Bettendorf Comm School District,Bettendorf,1433,421,Yes participating without using any Provision or the CEO,false,9th Grade,12th Grade
190486000143,Bettendorf Middle School,Bettendorf Comm School District,Bettendorf,952,344,Yes participating without using any Provision or the CEO,false,6th Grade,8th Grade
192091002314,Big Creek Elementary,North Polk Comm School District,Polk City,357,35,Yes participating without using any Provision or the CEO,false,3rd Grade,5th Grade
190579000180,Black Hawk Elementary School,Burlington Comm School District,Burlington,305,164,Yes under Community Eligibility Option (CEO),false,Kindergarten,4th Grade
190495000151,Blakesburg Elementary,Eddyville-Blakesburg- Fremont CSD,Blakesburg,103,43,Yes participating without using any Provision or the CEO,false,Prekindergarten,6th Grade
190822000411,Bloomer Elementary School,Council Bluffs Comm School District,Council Bluffs,396,190,Yes under Community Eligibility Option (CEO),false,Prekindergarten,5th Grade
190858000457,Blue Grass Elementary School,Davenport Comm School District,Blue Grass,277,64,Yes participating without using any Provision or the CEO,false,Kindergarten,5th Grade
190771000597,Bluff Elementary School,Clinton Comm School District,Clinton,372,236,Yes under Community Eligibility Option (CEO),false,Prekindergarten,5th Grade
191470000881,Bohumil Shimek Elementary School,Iowa City Comm School District,Iowa City,181,34,Yes participating without using any Provision or the CEO,false,Prekindergarten,5th Grade
190507002125,Bondurant - Farrar Intermediate School,Bondurant-Farrar Comm School District,Bondurant,445,73,Yes participating without using any Provision or the CEO,false,5th Grade,6th Grade
190507000154,Bondurant-Farrar High School,Bondurant-Farrar Comm School District,Bondurant,849,173,Yes participating without using any Provision or the CEO,false,9th Grade,12th Grade
190507002313,Bondurant-Farrar Junior High,Bondurant-Farrar Comm School District,Bondurant,398,79,Yes participating without using any Provision or the CEO,false,7th Grade,8th Grade
190513000156,Boone High School,Boone Comm School District,Boone,704,216,Yes participating without using any Provision or the CEO,false,9th Grade,12th Grade
190513000157,Boone Middle School,Boone Comm School District,Boone,586,189,Yes participating without using any Provision or the CEO,true,5th Grade,8th Grade
191722002274,Boulder Peak Intermediate School,Linn-Mar Comm School District,Marion,613,193,Yes participating without using any Provision or the CEO,false,5th Grade,6th Grade
191722001002,Bowman Woods Elementary School,Linn-Mar Comm School District,Cedar Rapids,413,115,Yes participating without using any Provision or the CEO,false,Prekindergarten,4th Grade
190519000166,Boyden-Hull Elementary School,Boyden-Hull Comm School District,Boyden,322,155,Yes participating without using any Provision or the CEO,false,Prekindergarten,6th Grade
190519000167,Boyden-Hull High School,Boyden-Hull Comm School District,Hull,253,112,Yes participating without using any Provision or the CEO,false,7th Grade,12th Grade
190957000599,Boyer Valley Elementary School,Boyer Valley Comm School District,Dow City,208,90,Yes participating without using any Provision or the CEO,false,Prekindergarten,5th Grade
190957000628,Boyer Valley Middle/High School,Boyer Valley Comm School District,Dunlap,219,94,Yes participating without using any Provision or the CEO,false,6th Grade,12th Grade
192311001362,Bridgeview Elementary School,Pleasant Valley Comm School District,LeClaire,343,61,Yes participating without using any Provision or the CEO,false,Prekindergarten,6th Grade
191851001060,Briggs Elementary School,Maquoketa Comm School District,Maquoketa,207,144,Yes participating without using any Provision or the CEO,false,3rd Grade,5th Grade
190891002097,Broadway Elementary School,Denison Comm School District,Denison,288,204,Yes participating without using any Provision or the CEO,false,4th Grade,5th Grade
190897000517,Brody Middle School,Des Moines Independent Comm School District,Des Moines,641,457,Yes under Community Eligibility Option (CEO),true,6th Grade,8th Grade
191644000980,Bronson Elementary School,Lawton-Bronson Comm School District,Bronson,390,83,Yes participating without using any Provision or the CEO,false,Prekindergarten,6th Grade
190549000173,Brooklyn-Guernsey-Malcom Elementary School,Brooklyn-Guernsey-Malcom Comm School District,Brooklyn,300,119,Yes participating without using any Provision or the CEO,false,Prekindergarten,6th Grade
190549000174,Brooklyn-Guernsey-Malcom Jr-Sr High School,Brooklyn-Guernsey-Malcom Comm School District,Brooklyn,268,94,Yes participating without using any Provision or the CEO,false,7th Grade,12th Grade
193051000699,Brookview Elementary School,Waukee Comm School District,West Des Moines,592,130,Yes participating without using any Provision or the CEO,false,Kindergarten,5th Grade
190897000746,Brubaker Elementary School,Des Moines Independent Comm School District,Des Moines,622,518,Yes under Community Eligibility Option (CEO),false,Kindergarten,5th Grade
190336000032,Bryant Elementary School,Algona Comm School District,Algona,197,83,Yes participating without using any Provision or the CEO,false,1st Grade,2nd Grade
190948000603,Bryant Elementary School,Dubuque Comm School District,Dubuque,299,100,Yes participating without using any Provision or the CEO,false,Prekindergarten,5th Grade
192640001498,Bryant Elementary School,Sioux City Comm School District,Sioux City,608,434,Yes under Community Eligibility Option (CEO),false,Prekindergarten,5th Grade
190858000459,Buffalo Elementary School,Davenport Comm School District,Buffalo,242,106,Yes participating without using any Provision or the CEO,false,Prekindergarten,5th Grade
191470002133,Buford Garner Elementary,Iowa City Comm School District,North Liberty,344,107,Yes participating without using any Provision or the CEO,false,Prekindergarten,5th Grade
193048000586,Bunger Middle School,Waterloo Comm School District,Evansdale,440,328,Yes under Community Eligibility Option (CEO),true,6th Grade,8th Grade
190579000181,Burlington Community High School,Burlington Comm School District,Burlington,1016,501,Yes under Community Eligibility Option (CEO),true,9th Grade,12th Grade
191182000720,Butler Elementary School,Fort Dodge Comm School District,Fort Dodge,328,216,Yes under Community Eligibility Option (CEO),false,1st Grade,5th Grade
190597000203,Cal Elementary School,CAL Comm School District,Latimer,180,85,Yes participating without using any Provision or the CEO,false,Prekindergarten,6th Grade
190600000204,Calamus-Wheatland Elementary Attendance Center,Calamus-Wheatland Comm School District,Calamus,236,89,Yes participating without using any Provision or the CEO,false,Prekindergarten,6th Grade
190600002042,Calamus-Wheatland Secondary Attendance Center,Calamus-Wheatland Comm School District,Wheatland,182,52,Yes participating without using any Provision or the CEO,false,7th Grade,12th Grade
190897000519,Callanan Middle School,Des Moines Independent Comm School District,Des Moines,553,442,Yes under Community Eligibility Option (CEO),true,6th Grade,8th Grade
190594000199,Cam Elementary School,CAM Comm School District,Massena,216,82,Yes participating without using any Provision or the CEO,false,Prekindergarten,6th Grade
190594000070,Cam Jr./Sr. High School,CAM Comm School District,Anita,188,74,Yes participating without using any Provision or the CEO,false,7th Grade,12th Grade
190606000209,Camanche Elementary,Camanche Comm School District,Camanche,358,145,Yes participating without using any Provision or the CEO,false,Prekindergarten,4th Grade
190606000206,Camanche High School,Camanche Comm School District,Camanche,309,119,Yes participating without using any Provision or the CEO,false,9th Grade,12th Grade
190606000207,Camanche Middle School,Camanche Comm School District,Camanche,256,125,Yes participating without using any Provision or the CEO,false,5th Grade,8th Grade
190897000518,Capitol View Elementary School,Des Moines Independent Comm School District,Des Moines,533,492,Yes under Community Eligibility Option (CEO),false,Prekindergarten,5th Grade
190624001975,Cardinal Elementary,Cardinal Comm School District,Eldon,495,319,Yes participating without using any Provision or the CEO,false,Prekindergarten,4th Grade
191851001061,Cardinal Elementary School,Maquoketa Comm School District,Maquoketa,260,158,Yes participating without using any Provision or the CEO,false,Prekindergarten,2nd Grade
190624000211,Cardinal High School,Cardinal Comm School District,Eldon,270,144,Yes participating without using any Provision or the CEO,true,9th Grade,12th Grade
190624002246,Cardinal Junior High,Cardinal Comm School District,Eldon,314,191,Yes participating without using any Provision or the CEO,true,5th Grade,8th Grade
190627000214,Carlisle Elementary School,Carlisle Comm School District,Carlisle,715,214,Yes participating without using any Provision or the CEO,false,Prekindergarten,3rd Grade
190627000215,Carlisle High School,Carlisle Comm School District,Carlisle,754,176,Yes participating without using any Provision or the CEO,false,9th Grade,12th Grade
190627001561,Carlisle Middle School,Carlisle Comm School District,Carlisle,518,156,Yes participating without using any Provision or the CEO,false,6th Grade,8th Grade
191965001152,Carpenter Elementary School,Monticello Comm School District,Monticello,208,75,Yes participating without using any Provision or the CEO,false,2nd Grade,4th Grade
190873001501,Carrie Lee Elementary,Decorah Community School District,Decorah,215,66,Yes participating without using any Provision or the CEO,false,3rd Grade,4th Grade
190633000218,Carroll High School,Carroll Comm School District,Carroll,483,153,Yes participating without using any Provision or the CEO,false,9th Grade,12th Grade
190633001989,Carroll Middle School,Carroll Comm School District,Carroll,459,177,Yes participating without using any Provision or the CEO,false,5th Grade,8th Grade
190002700249,Carson Elementary,Riverside Comm School District,Carson,134,65,Yes participating without using any Provision or the CEO,false,3rd Grade,5th Grade
190822000413,Carter Lake Elementary School,Council Bluffs Comm School District,Carter Lake,301,137,Yes under Community Eligibility Option (CEO),false,Prekindergarten,5th Grade
190897001596,Carver Elementary,Des Moines Independent Comm School District,Des Moines,436,403,Yes under Community Eligibility Option (CEO),false,Prekindergarten,5th Grade
190948001532,Carver Elementary School,Dubuque Comm School District,Dubuque,499,158,Yes participating without using any Provision or the CEO,false,Prekindergarten,5th Grade
193135001824,Cascade Elementary School,Western Dubuque Comm School District,Cascade,305,113,Yes participating without using any Provision or the CEO,false,Prekindergarten,5th Grade
193135001825,Cascade Junior-Senior High School,Western Dubuque Comm School District,Cascade,392,91,Yes participating without using any Provision or the CEO,false,6th Grade,12th Grade
190897000521,Cattell Elementary School,Des Moines Independent Comm School District,Des Moines,314,271,Yes under Community Eligibility Option (CEO),false,Kindergarten,5th Grade
190651000221,Cedar Falls High School,Cedar Falls Comm School District,Cedar Falls,1333,276,Yes participating without using any Provision or the CEO,false,10th Grade,12th Grade
190651000222,Cedar Heights Elementary School,Cedar Falls Comm School District,Cedar Falls,451,152,Yes participating without using any Provision or the CEO,false,Prekindergarten,6th Grade
190654000262,Cedar River Academy at Taylor,Cedar Rapids Comm School District,Cedar Rapids,355,270,Yes under Community Eligibility Option (CEO),false,Prekindergarten,5th Grade
192682001567,Centennial Elementary,Southeast Polk Comm School District,Altoona,423,161,Yes participating without using any Provision or the CEO,false,Prekindergarten,5th Grade
190666000272,Center Point-Urbana High School,Center Point-Urbana Comm School District,Center Point,440,64,Yes participating without using any Provision or the CEO,false,9th Grade,12th Grade
190666002150,Center Point-Urbana Intermediate School,Center Point-Urbana Comm School District,Urbana,275,58,Yes participating without using any Provision or the CEO,false,3rd Grade,5th Grade
190666002041,Center Point-Urbana Middle School,Center Point-Urbana Comm School District,Center Point,290,55,Yes participating without using any Provision or the CEO,false,6th Grade,8th Grade
190666000273,Center Point-Urbana Primary School,Center Point-Urbana Comm School District,Center Point,365,70,Yes participating without using any Provision or the CEO,false,Prekindergarten,2nd Grade
190675002096,Centerville Community Preschool,Centerville Comm School District,Centerville,60,21,Yes participating without using any Provision or the CEO,false,Prekindergarten,Prekindergarten
190675000275,Centerville High School,Centerville Comm School District,Centerville,368,188,Yes participating without using any Provision or the CEO,true,9th Grade,12th Grade
190678000284,Central City Elementary School,Central City Comm School District,Central City,170,57,Yes participating without using any Provision or the CEO,false,Kindergarten,5th Grade
190678000285,Central City High School,Central City Comm School District,Central City,200,74,Yes participating without using any Provision or the CEO,false,6th Grade,12th Grade
190690000297,Central Decatur MS/HS High School,Central Decatur Comm School District,Leon,291,176,Yes participating without using any Provision or the CEO,true,7th Grade,12th Grade
190681000286,Central Dewitt High School,Central DeWitt School District,De Witt,533,142,Yes participating without using any Provision or the CEO,false,9th Grade,12th Grade
190681002144,Central Dewitt Intermediate School,Central DeWitt School District,DeWitt,311,103,Yes participating without using any Provision or the CEO,false,4th Grade,6th Grade
190681000287,Central Dewitt Middle School,Central DeWitt School District,De Witt,244,70,Yes participating without using any Provision or the CEO,false,7th Grade,8th Grade
190684000293,Central Elementary,Central Comm School District,Elkader,292,138,Yes participating without using any Provision or the CEO,false,Prekindergarten,6th Grade
191470000883,Central Elementary School,Iowa City Comm School District,Coralville,343,165,Yes participating without using any Provision or the CEO,false,Prekindergarten,5th Grade
192025001200,Central Elementary School,Nevada Comm School District,Nevada,632,256,Yes participating without using any Provision or the CEO,false,Prekindergarten,4th Grade
190858000461,Central High School,Davenport Comm School District,Davenport,1288,634,Yes participating without using any Provision or the CEO,true,9th Grade,12th Grade
190693000305,Central Lee Elementary School,Central Lee Comm School District,Donnellson,564,168,Yes participating without using any Provision or the CEO,false,Prekindergarten,4th Grade
190693000302,Central Lee High School,Central Lee Comm School District,Donnellson,353,119,Yes participating without using any Provision or the CEO,false,9th Grade,12th Grade
190693000303,Central Lee Middle School,Central Lee Comm School District,Donnellson,394,155,Yes participating without using any Provision or the CEO,true,5th Grade,8th Grade
190696000306,Central Lyon Elementary School,Central Lyon Comm School District,Rock Rapids,431,129,Yes participating without using any Provision or the CEO,false,Prekindergarten,6th Grade
190696000308,Central Lyon Secondary School,Central Lyon Comm School District,Rock Rapids,358,86,Yes participating without using any Provision or the CEO,false,7th Grade,12th Grade
193048002024,Central Middle School,Waterloo Comm School District,Waterloo,469,399,Yes under Community Eligibility Option (CEO),true,6th Grade,8th Grade
190684000292,Central Middle School/High School,Central Comm School District,Elkader,182,70,Yes participating without using any Provision or the CEO,false,7th Grade,12th Grade
192076001238,Central Springs Elementary Manly Campus,Central Springs Comm School District,Manly,143,62,Yes participating without using any Provision or the CEO,false,Prekindergarten,3rd Grade
192076001235,Central Springs Elementary School - Nora Springs,Central Springs Comm School District,Nora Springs,145,43,Yes participating without using any Provision or the CEO,false,Prekindergarten,3rd Grade
192076001239,Central Springs High School,Central Springs Comm School District,Manly,236,70,Yes participating without using any Provision or the CEO,false,9th Grade,12th Grade
192076001236,Central Springs Middle School,Central Springs Comm School District,Nora Springs,255,86,Yes participating without using any Provision or the CEO,true,4th Grade,8th Grade
190705000313,Chariton High School,Chariton Comm School District,Chariton,372,205,Yes participating without using any Provision or the CEO,true,9th Grade,12th Grade
190705000314,Chariton Middle School,Chariton Comm School District,Chariton,284,153,Yes participating without using any Provision or the CEO,true,6th Grade,8th Grade
190708000319,Charles City High School,Charles City Comm School District,Charles City,472,211,Yes participating without using any Provision or the CEO,false,9th Grade,12th Grade
190708000320,Charles City Middle School,Charles City Comm School District,Charles City,386,201,Yes participating without using any Provision or the CEO,true,5th Grade,8th Grade
190711000327,Charter Oak-Ute Elementary School,Charter Oak-Ute Comm School District,Charter Oak,117,40,Yes participating without using any Provision or the CEO,false,Prekindergarten,5th Grade
190711000328,Charter Oak-Ute Junior High School,Charter Oak-Ute Comm School District,Charter Oak,49,28,Yes participating without using any Provision or the CEO,true,6th Grade,8th Grade
190717000332,Cherokee Elementary School,Cherokee Comm School District,Cherokee,468,234,Yes participating without using any Provision or the CEO,false,Prekindergarten,4th Grade
190717000335,Cherokee Middle School,Cherokee Comm School District,Cherokee,329,149,Yes participating without using any Provision or the CEO,true,5th Grade,8th Grade
190858000471,Children's Village at Hoover,Davenport Comm School District,Davenport,139,60,Yes under Community Eligibility Option (CEO),false,Prekindergarten,Prekindergarten
190858001416,Children's Village Hayes,Davenport Comm School District,Davenport,15,3,Yes participating without using any Provision or the CEO,false,Prekindergarten,Prekindergarten
190858001204,Children's Village West,Davenport Comm School District,Davenport,296,155,Yes under Community Eligibility Option (CEO),false,Prekindergarten,Prekindergarten
190048802306,Choice Charter School,Choice Charter Schools,Union,257,67,Yes participating without using any Provision or the CEO,false,7th Grade,12th Grade
191470002250,Christine Grant Elementary,Iowa City Comm School District,North Liberty,426,79,Yes participating without using any Provision or the CEO,false,Prekindergarten,5th Grade
190654002318,City View High,Cedar Rapids Comm School District,Cedar Rapids,100,50,Yes under Community Eligibility Option (CEO),false,9th Grade,11th Grade
190735000340,Clarinda High School,Clarinda Comm School District,Clarinda,511,191,Yes participating without using any Provision or the CEO,false,7th Grade,12th Grade
190738000346,Clarion-Goldfield-Dows Elementary School,Clarion-Goldfield-Dows Comm School District,Clarion,469,267,Yes participating without using any Provision or the CEO,false,Prekindergarten,4th Grade
190738000347,Clarion-Goldfield-Dows High School,Clarion-Goldfield-Dows Comm School District,Clarion,291,149,Yes participating without using any Provision or the CEO,false,9th Grade,12th Grade
190738000348,Clarion-Goldfield-Dows Middle School,Clarion-Goldfield-Dows Comm School District,Clarion,,153,Yes participating without using any Provision or the CEO,true,5th Grade,8th Grade
192640001500,Clark Early Childhood Center,Sioux City Comm School District,Sioux City,75,7,Yes participating without using any Provision or the CEO,false,Prekindergarten,Prekindergarten
191653000983,Clark Elementary School,Le Mars Comm School District,Le Mars,301,151,Yes participating without using any Provision or the CEO,false,Prekindergarten,5th Grade
192046001209,Clark Elementary School,New London Comm School District,New London,314,111,Yes participating without using any Provision or the CEO,false,Prekindergarten,5th Grade
190741000351,Clarke Community Elementary School,Clarke Comm School District,Osceola,652,392,Yes participating without using any Provision or the CEO,false,Prekindergarten,5th Grade
190741000349,Clarke Community High School,Clarke Comm School District,Osceola,421,221,Yes participating without using any Provision or the CEO,true,9th Grade,12th Grade
190741000350,Clarke Community Middle School,Clarke Comm School District,Osceola,289,166,Yes participating without using any Provision or the CEO,true,6th Grade,8th Grade
190744000354,Clarksville Elementary School,Clarksville Comm School District,Clarksville,176,63,Yes participating without using any Provision or the CEO,false,Prekindergarten,6th Grade
190744000355,Clarksville High School,Clarksville Comm School District,Clarksville,125,34,Yes participating without using any Provision or the CEO,false,7th Grade,12th Grade
190747002027,Clay Central-Everly Elementary,Clay Central-Everly Comm School District,Royal,53,34,Yes participating without using any Provision or the CEO,false,Prekindergarten,6th Grade
192682001168,Clay Elementary,Southeast Polk Comm School District,Altoona,700,253,Yes participating without using any Provision or the CEO,false,Prekindergarten,5th Grade
191335000807,Clayton Ridge Elementary School,Clayton Ridge Comm School District,Garnavillo,293,90,Yes participating without using any Provision or the CEO,false,Prekindergarten,5th Grade
191335000806,Clayton Ridge High School,Clayton Ridge Comm School District,Guttenberg,176,57,Yes participating without using any Provision or the CEO,false,9th Grade,12th Grade
191335000751,Clayton Ridge Middle School,Clayton Ridge Comm School District,Guttenberg,140,36,Yes participating without using any Provision or the CEO,true,6th Grade,8th Grade
190759000361,Clear Creek Amana High School,Clear Creek Amana Comm School District,Tiffin,800,226,Yes participating without using any Provision or the CEO,false,9th Grade,12th Grade
190759001903,Clear Creek Amana Middle School,Clear Creek Amana Comm School District,Tiffin,702,194,Yes participating without using any Provision or the CEO,false,6th Grade,8th Grade
190762000362,Clear Creek Elementary School,Clear Lake Comm School District,Clear Lake,685,220,Yes participating without using any Provision or the CEO,false,Prekindergarten,5th Grade
190759000359,Clear Creek Elementary School,Clear Creek Amana Comm School District,Oxford,278,57,Yes participating without using any Provision or the CEO,false,Prekindergarten,4th Grade
190762000363,Clear Lake High School,Clear Lake Comm School District,Clear Lake,461,124,Yes participating without using any Provision or the CEO,false,9th Grade,12th Grade
190762000364,Clear Lake Middle School,Clear Lake Comm School District,Clear Lake,308,99,Yes participating without using any Provision or the CEO,false,6th Grade,8th Grade
190654000234,Cleveland Elementary School,Cedar Rapids Comm School District,Cedar Rapids,254,194,Yes under Community Eligibility Option (CEO),false,Kindergarten,5th Grade
190771000370,Clinton High School,Clinton Comm School District,Clinton,981,454,Yes under Community Eligibility Option (CEO),true,9th Grade,12th Grade
190771002219,Clinton Middle School,Clinton Comm School District,Clinton,745,412,Yes under Community Eligibility Option (CEO),true,6th Grade,8th Grade
190759002331,Clipper Early Childhood Academy,Clear Creek Amana Comm School District,Tiffin,118,34,Yes participating without using any Provision or the CEO,false,Prekindergarten,Prekindergarten
193093001789,Clive Learning Academy,West Des Moines Comm School District,Des Moines,551,329,Yes under Community Eligibility Option (CEO),false,Prekindergarten,6th Grade
191437000858,Clyde D Mease Elementary School,Humboldt Comm School District,Dakota City,139,42,Yes participating without using any Provision or the CEO,false,Prekindergarten,Kindergarten
192311001363,Cody Elementary School,Pleasant Valley Comm School District,LeClaire,443,61,Yes participating without using any Provision or the CEO,false,Kindergarten,6th Grade
190000900385,Colfax-Mingo Elementary School,Colfax-Mingo Comm School District,Colfax,399,171,Yes participating without using any Provision or the CEO,false,Prekindergarten,6th Grade
190000900386,Colfax-Mingo Jr/Sr High School,Colfax-Mingo Comm School District,Colfax,287,97,Yes participating without using any Provision or the CEO,false,7th Grade,12th Grade
190822002146,College View Elementary,Council Bluffs Comm School District,Council Bluffs,488,150,Yes under Community Eligibility Option (CEO),false,Prekindergarten,5th Grade
190790001950,Collins-Maxwell Elementary School,Collins-Maxwell Comm School District,Collins,182,75,Yes participating without using any Provision or the CEO,false,Prekindergarten,5th Grade
190790001951,Collins-Maxwell Middle/High School,Collins-Maxwell Comm School District,Maxwell,190,67,Yes participating without using any Provision or the CEO,false,6th Grade,12th Grade
190792002204,Colo-Nesco Elementary School,Colo-NESCO Comm School District,Zearing,169,86,Yes participating without using any Provision or the CEO,false,Prekindergarten,4th Grade
190792000395,Colo-Nesco Middle/High School,Colo-NESCO Comm School District,Colo,216,92,Yes participating without using any Provision or the CEO,false,5th Grade,12th Grade
190798000396,Columbus Community High School,Columbus Comm School District,Columbus Junction,220,124,Yes participating without using any Provision or the CEO,true,9th Grade,12th Grade
190798000398,Columbus Community Junior High School,Columbus Comm School District,Columbus Junction,104,66,Yes participating without using any Provision or the CEO,true,7th Grade,8th Grade
190705000315,Columbus Elementary School,Chariton Comm School District,Chariton,301,197,Yes participating without using any Provision or the CEO,false,Kindergarten,2nd Grade
190807000402,Coon Rapids-Bayard 6-12 Attendance Center,Coon Rapids-Bayard Comm School District,Coon Rapids,214,73,Yes participating without using any Provision or the CEO,false,6th Grade,12th Grade
191182000721,Cooper Elementary School,Fort Dodge Comm School District,Fort Dodge,231,101,Yes under Community Eligibility Option (CEO),false,1st Grade,5th Grade
192334001377,Cora B Darling Elementary,Postville Comm School District,Postville,363,304,Yes under Community Eligibility Option (CEO),false,Prekindergarten,6th Grade
192532001445,Cornell Elementary School,Saydel Comm School District,Des Moines,555,86,Yes under Community Eligibility Option (CEO),false,Prekindergarten,4th Grade
190813000403,Corning Elementary School,Corning Comm School District,Corning,210,93,Yes participating without using any Provision or the CEO,false,Prekindergarten,5th Grade
190579002271,Corse Early Childhood Center,Burlington Comm School District,Burlington,177,49,Yes participating without using any Provision or the CEO,false,Prekindergarten,Prekindergarten
190897002011,Cowles Elementary School,Des Moines Independent Comm School District,Des Moines,392,79,Yes under Community Eligibility Option (CEO),false,Prekindergarten,8th Grade
190807000401,Cr-B Elementary School,Coon Rapids-Bayard Comm School District,Coon Rapids,233,117,Yes participating without using any Provision or the CEO,false,Prekindergarten,5th Grade
191428002088,Cresco Early Childhood Development Center,Howard-Winneshiek Comm School District,Cresco,43,20,Yes participating without using any Provision or the CEO,false,Prekindergarten,Prekindergarten
190831000446,Creston Early Childhood Center,Creston Comm School District,Creston,142,58,Yes participating without using any Provision or the CEO,false,Prekindergarten,Kindergarten
190831001421,Creston Elementary School,Creston Comm School District,Creston,416,234,Yes participating without using any Provision or the CEO,false,1st Grade,5th Grade
190831000444,Creston High School,Creston Comm School District,Creston,486,215,Yes participating without using any Provision or the CEO,false,9th Grade,12th Grade
190831001237,Creston Middle School,Creston Comm School District,Creston,259,141,Yes participating without using any Provision or the CEO,true,6th Grade,8th Grade
193093001790,Crestview School of Inquiry,West Des Moines Comm School District,Clive,558,469,Yes under Community Eligibility Option (CEO),false,Prekindergarten,6th Grade
191428000848,Crestwood Elementary School,Howard-Winneshiek Comm School District,Cresco,349,206,Yes participating without using any Provision or the CEO,false,Kindergarten,4th Grade
191428000849,Crestwood High School,Howard-Winneshiek Comm School District,Cresco,346,153,Yes participating without using any Provision or the CEO,false,9th Grade,12th Grade
191428002335,Crestwood Middle School,Howard-Winneshiek Comm School District,Cresco,283,139,Yes participating without using any Provision or the CEO,false,5th Grade,8th Grade
190369000778,Crocker Elementary School,Ankeny Comm School District,Ankeny,489,105,Yes participating without using any Provision or the CEO,false,Kindergarten,5th Grade
193093001791,Crossroads Park Elementary School,West Des Moines Comm School District,West Des Moines,530,273,Yes under Community Eligibility Option (CEO),false,Kindergarten,6th Grade
193048001719,Cunningham School,Waterloo Comm School District,Waterloo,443,405,Yes under Community Eligibility Option (CEO),false,Prekindergarten,5th Grade
190852000705,Dallas Center Elementary,Dallas Center-Grimes Comm School District,Dallas Center,169,40,Yes participating without using any Provision or the CEO,false,Kindergarten,4th Grade
190852000451,Dallas Center-Grimes High School,Dallas Center-Grimes Comm School District,Grimes,1073,191,Yes participating without using any Provision or the CEO,false,9th Grade,12th Grade
190852000453,Dallas Center-Grimes Middle School,Dallas Center-Grimes Comm School District,Dallas Center,586,113,Yes participating without using any Provision or the CEO,false,5th Grade,6th Grade
190855000454,Danville Elementary School,Danville Comm School District,Danville,362,112,Yes participating without using any Provision or the CEO,false,Prekindergarten,6th Grade
190855000455,Danville Junior-Senior High School,Danville Comm School District,Danville,289,109,Yes participating without using any Provision or the CEO,false,7th Grade,12th Grade
190861000492,Davis County Community High School,Davis County Comm School District,Bloomfield,358,142,Yes participating without using any Provision or the CEO,false,9th Grade,12th Grade
190861000059,Davis County Elementary,Davis County Comm School District,Bloomfield,418,195,Yes participating without using any Provision or the CEO,false,Prekindergarten,4th Grade
190861000493,Davis County Middle School,Davis County Comm School District,Bloomfield,337,159,Yes participating without using any Provision or the CEO,true,5th Grade,8th Grade
191320000790,Davis Elementary School,Grinnell-Newburg Comm School District,Grinnell,213,78,Yes participating without using any Provision or the CEO,false,3rd Grade,4th Grade
199901902077,Dayton Center,Southeast Valley Community School District,Dayton,200,102,Yes participating without using any Provision or the CEO,false,Prekindergarten,4th Grade
190861002287,Dc Online,Davis County Comm School District,Bloomfield,34,12,Yes participating without using any Provision or the CEO,false,6th Grade,12th Grade
190852002174,Dc-G Oak View,Dallas Center-Grimes Comm School District,Grimes,537,110,Yes participating without using any Provision or the CEO,false,7th Grade,8th Grade
190873000501,Decorah High School,Decorah Community School District,Decorah,555,116,Yes participating without using any Provision or the CEO,false,9th Grade,12th Grade
190873000498,Decorah Middle School,Decorah Community School District,Decorah,432,113,Yes participating without using any Provision or the CEO,false,5th Grade,8th Grade
192682001568,Delaware Elementary,Southeast Polk Comm School District,Des Moines,440,202,Yes participating without using any Provision or the CEO,false,Prekindergarten,5th Grade
191854001064,Delhi Elementary School,Maquoketa Valley Comm School District,Delhi,166,57,Yes participating without using any Provision or the CEO,false,3rd Grade,5th Grade
190888000505,Delwood Elementary School,Delwood Comm School District,Delmar,142,57,Yes participating without using any Provision or the CEO,false,Prekindergarten,6th Grade
191107000684,Demoney Elementary,Estherville Lincoln Central Comm School District,Estherville,460,254,Yes under Community Eligibility Option (CEO),false,Prekindergarten,4th Grade
190891000511,Denison Elementary School,Denison Comm School District,Denison,691,389,Yes participating without using any Provision or the CEO,false,Prekindergarten,3rd Grade
190891000508,Denison High School,Denison Comm School District,Denison,777,500,Yes participating without using any Provision or the CEO,true,9th Grade,12th Grade
190891000509,Denison Middle School,Denison Comm School District,Denison,502,352,Yes participating without using any Provision or the CEO,true,6th Grade,8th Grade
190894000512,Denver Early Elementary School,Denver Comm School District,Denver,60,5,Yes participating without using any Provision or the CEO,false,Prekindergarten,Prekindergarten
190894000831,Denver Elementary School - Lincoln Street Building,Denver Comm School District,Denver,431,52,Yes participating without using any Provision or the CEO,false,Kindergarten,5th Grade
190894000513,Denver Middle School,Denver Comm School District,Denver,238,31,Yes participating without using any Provision or the CEO,false,6th Grade,8th Grade
190894000514,Denver Senior High School,Denver Comm School District,Denver,278,37,Yes participating without using any Provision or the CEO,false,9th Grade,12th Grade
190315000010,Desoto Intermediate School,Adel DeSoto Minburn Comm School District,DeSoto,337,68,Yes participating without using any Provision or the CEO,false,5th Grade,6th Grade
192750000671,Dexter Elementary School,West Central Valley Comm School District,Dexter,186,81,Yes under Community Eligibility Option (CEO),false,3rd Grade,5th Grade
190906000593,Diagonal Elementary School,Diagonal Comm School District,Diagonal,58,23,Yes participating without using any Provision or the CEO,false,Prekindergarten,5th Grade
190906000594,Diagonal Junior-Senior High School,Diagonal Comm School District,Diagonal,52,23,Yes participating without using any Provision or the CEO,true,6th Grade,12th Grade
190912000595,Dike Elementary School,Dike-New Hartford Comm School District,Dike,306,61,Yes participating without using any Provision or the CEO,false,Prekindergarten,4th Grade
190912000596,Dike-New Hartford High School,Dike-New Hartford Comm School District,Dike,294,77,Yes participating without using any Provision or the CEO,false,9th Grade,12th Grade
190912001207,Dike-New Hartford Junior High School,Dike-New Hartford Comm School District,New Hartford,210,48,Yes participating without using any Provision or the CEO,false,6th Grade,8th Grade
192211002200,Douma Elementary School,Ottumwa Comm School District,Ottumwa,327,165,Yes under Community Eligibility Option (CEO),false,1st Grade,2nd Grade
190897000232,Downtown School,Des Moines Independent Comm School District,Des Moines,197,42,Yes under Community Eligibility Option (CEO),false,Kindergarten,5th Grade
193135000205,Drexler Middle School,Western Dubuque Comm School District,Farley,639,151,Yes participating without using any Provision or the CEO,false,6th Grade,8th Grade
190948002309,Dubuque Online School,Dubuque Comm School District,Dubuque,249,135,Yes participating without using any Provision or the CEO,false,6th Grade,12th Grade
190948000604,Dubuque Senior High School,Dubuque Comm School District,Dubuque,1490,649,Yes participating without using any Provision or the CEO,false,9th Grade,12th Grade
191182000722,Duncombe Elementary School,Fort Dodge Comm School District,Fort Dodge,438,307,Yes under Community Eligibility Option (CEO),false,1st Grade,5th Grade
190954000624,Dunkerton Elementary,Dunkerton Comm School District,Dunkerton,215,83,Yes under Community Eligibility Option (CEO),false,Prekindergarten,5th Grade
190954000625,Dunkerton High School,Dunkerton Comm School District,Dunkerton,200,64,Yes participating without using any Provision or the CEO,false,6th Grade,12th Grade
190960000629,Durant Elementary School,Durant Comm School District,Durant,342,86,Yes participating without using any Provision or the CEO,false,Prekindergarten,6th Grade
192760001609,Durant Elementary School,Sumner-Fredericksburg Comm School District,Sumner,209,73,Yes participating without using any Provision or the CEO,false,Prekindergarten,4th Grade
190960000630,Durant Junior/Senior High School,Durant Comm School District,Durant,340,89,Yes participating without using any Provision or the CEO,false,7th Grade,12th Grade
193135001828,Dyersville Elementary School,Western Dubuque Comm School District,Dyersville,322,123,Yes participating without using any Provision or the CEO,false,Prekindergarten,5th Grade
190002200632,Dysart-Geneseo Elementary School,Union Comm School District,Dysart,219,66,Yes participating without using any Provision or the CEO,false,Prekindergarten,5th Grade
191668000995,E a Kreft Primary School,Lewis Central Comm School District,Council Bluffs,502,207,Yes participating without using any Provision or the CEO,false,Prekindergarten,1st Grade
190999001537,Eagle Grove Elementary,Eagle Grove Comm School District,Eagle Grove,435,260,Yes under Community Eligibility Option (CEO),false,Prekindergarten,4th Grade
190999000635,Eagle Grove High School,Eagle Grove Comm School District,Eagle Grove,329,179,Yes under Community Eligibility Option (CEO),true,9th Grade,12th Grade
190771001519,Eagle Heights Elementary School,Clinton Comm School District,Clinton,443,209,Yes under Community Eligibility Option (CEO),false,Prekindergarten,5th Grade
191005000640,Earlham Elementary School,Earlham Comm School District,Earlham,328,66,Yes participating without using any Provision or the CEO,false,Prekindergarten,5th Grade
191005001956,Earlham Middle School,Earlham Comm School District,Earlham,142,19,Yes participating without using any Provision or the CEO,false,6th Grade,8th Grade
191005000641,Earlham Senior High School,Earlham Comm School District,Earlham,189,30,Yes participating without using any Provision or the CEO,false,9th Grade,12th Grade
191854001065,Earlville Elementary School,Maquoketa Valley Comm School District,Earlville,91,34,Yes participating without using any Provision or the CEO,false,Prekindergarten,Kindergarten
191182002171,Early Childhood Center,Fort Dodge Comm School District,Fort Dodge,376,158,Yes under Community Eligibility Option (CEO),false,Prekindergarten,Kindergarten
191458001318,Early Childhood Center,Independence Comm School District,Independence,46,18,Yes participating without using any Provision or the CEO,false,Prekindergarten,Prekindergarten
193099001408,Early Childhood Center,West Liberty Comm School District,West Liberty,89,56,Yes participating without using any Provision or the CEO,false,Prekindergarten,Prekindergarten
193051000299,Eason Elementary School,Waukee Comm School District,Waukee,590,166,Yes participating without using any Provision or the CEO,false,Kindergarten,5th Grade
191011000642,East Buchanan Elementary School,East Buchanan Comm School District,Winthrop,303,94,Yes participating without using any Provision or the CEO,false,Prekindergarten,6th Grade
191011000643,East Buchanan High School,East Buchanan Comm School District,Winthrop,189,74,Yes participating without using any Provision or the CEO,false,9th Grade,12th Grade
191011000644,East Buchanan Middle School,East Buchanan Comm School District,Winthrop,75,25,Yes participating without using any Provision or the CEO,false,7th Grade,8th Grade
190339000036,East Campus Elementary School,Allamakee Comm School District,Waukon,220,94,Yes participating without using any Provision or the CEO,false,3rd Grade,5th Grade
192739001597,East Early Childhood Ctr,Storm Lake Comm School District,Storm Lake,122,59,Yes participating without using any Provision or the CEO,false,Prekindergarten,Prekindergarten
190369000072,East Elementary School,Ankeny Comm School District,Ankeny,409,189,Yes participating without using any Provision or the CEO,false,Kindergarten,5th Grade
191458000865,East Elementary School,Independence Comm School District,Independence,265,106,Yes participating without using any Provision or the CEO,false,Kindergarten,2nd Grade
192598001473,East Elementary School,Sheldon Comm School District,Sheldon,468,198,Yes participating without using any Provision or the CEO,false,Prekindergarten,4th Grade
190897000528,East High School,Des Moines Independent Comm School District,Des Moines,1952,1530,Yes under Community Eligibility Option (CEO),true,9th Grade,12th Grade
192640001504,East High School,Sioux City Comm School District,Sioux City,1495,771,Yes participating without using any Provision or the CEO,true,9th Grade,12th Grade
193048001714,East High School,Waterloo Comm School District,Waterloo,1016,719,Yes under Community Eligibility Option (CEO),true,9th Grade,12th Grade
190004000132,East Marshall Elementary School,East Marshall Comm School District,Laurel,242,110,Yes participating without using any Provision or the CEO,false,Prekindergarten,5th Grade
190004000121,East Marshall Middle School,East Marshall Comm School District,Gilman,157,58,Yes participating without using any Provision or the CEO,false,6th Grade,8th Grade
190004000117,East Marshall Senior High School,East Marshall Comm School District,Le Grand,217,73,Yes participating without using any Provision or the CEO,false,9th Grade,12th Grade
192640001505,East Middle School,Sioux City Comm School District,Sioux City,1076,672,Yes participating without using any Provision or the CEO,true,6th Grade,8th Grade
191824001230,East Mills Elementary School,East Mills Comm School District,Malvern,214,102,Yes participating without using any Provision or the CEO,false,Prekindergarten,5th Grade
191824001046,East Mills Jr/Sr High School,East Mills Comm School District,Malvern,234,86,Yes participating without using any Provision or the CEO,false,6th Grade,12th Grade
190759002265,East Ridge Elementary,Clear Creek Amana Comm School District,Coralville,442,143,Yes participating without using any Provision or the CEO,false,4th Grade,5th Grade
192958001438,East Sac County Elementary,East Sac County Comm School District,Sac City,433,158,Yes participating without using any Provision or the CEO,false,Prekindergarten,6th Grade
192958001687,East Sac County High School,East Sac County Comm School District,Lake View,344,150,Yes participating without using any Provision or the CEO,false,7th Grade,12th Grade
191035000659,East Union Elementary,East Union Comm School District,Afton,201,112,Yes participating without using any Provision or the CEO,false,Prekindergarten,5th Grade
191035000661,East Union Middle-High School,East Union Comm School District,Afton,242,141,Yes participating without using any Provision or the CEO,true,6th Grade,12th Grade
191013000647,Easton Valley Elementary School,Easton Valley Comm School District,Miles,287,124,Yes participating without using any Provision or the CEO,false,Prekindergarten,6th Grade
191013002201,Easton Valley Junior High / High School,Easton Valley Comm School District,Preston,198,77,Yes participating without using any Provision or the CEO,false,7th Grade,12th Grade
191722002092,Echo Hill Elementary,Linn-Mar Comm School District,Marion,536,39,Yes participating without using any Provision or the CEO,false,Prekindergarten,4th Grade
190495000667,Eddyville Elementary,Eddyville-Blakesburg- Fremont CSD,Eddyville,274,135,Yes participating without using any Provision or the CEO,false,Prekindergarten,6th Grade
190495000668,Eddyville-Blakesburg-Fremont Jr/Sr High,Eddyville-Blakesburg- Fremont CSD,Eddyville,431,166,Yes participating without using any Provision or the CEO,false,7th Grade,12th Grade
191050000669,Edgewood-Colesburg Elementary School,Edgewood-Colesburg Comm School District,Colesburg,284,109,Yes participating without using any Provision or the CEO,false,Prekindergarten,6th Grade
191050000670,Edgewood-Colesburg High School,Edgewood-Colesburg Comm School District,Edgewood,206,69,Yes participating without using any Provision or the CEO,false,7th Grade,12th Grade
190822000416,Edison Elementary School,Council Bluffs Comm School District,Council Bluffs,384,178,Yes under Community Eligibility Option (CEO),false,Prekindergarten,5th Grade
190897000529,Edmunds Elementary School,Des Moines Independent Comm School District,Des Moines,259,243,Yes under Community Eligibility Option (CEO),false,Kindergarten,5th Grade
190579000186,Edward Stone Middle School,Burlington Comm School District,Burlington,452,256,Yes under Community Eligibility Option (CEO),true,7th Grade,8th Grade
192094001252,Edward White Elementary School,North Scott Comm School District,Eldridge,556,159,Yes participating without using any Provision or the CEO,false,Kindergarten,6th Grade
190354000052,Edwards Elementary School,Ames Comm School District,Ames,436,194,Yes participating without using any Provision or the CEO,false,Kindergarten,5th Grade
190858000462,Eisenhower Elementary School,Davenport Comm School District,Davenport,412,198,Yes participating without using any Provision or the CEO,false,Kindergarten,5th Grade
190948000605,Eisenhower Elementary School,Dubuque Comm School District,Dubuque,568,225,Yes participating without using any Provision or the CEO,false,Prekindergarten,5th Grade
192211001315,Eisenhower Elementary School,Ottumwa Comm School District,Ottumwa,248,73,Yes under Community Eligibility Option (CEO),false,Kindergarten,5th Grade
190681000288,Ekstrand Elementary School,Central DeWitt School District,De Witt,464,140,Yes participating without using any Provision or the CEO,false,Prekindergarten,3rd Grade
191069001912,Eldora-New Providence Elementary School,Eldora-New Providence Comm School District,Eldora,242,112,Yes participating without using any Provision or the CEO,false,Prekindergarten,5th Grade
190948000976,Eleanor Roosevelt Middle School,Dubuque Comm School District,Dubuque,1081,360,Yes participating without using any Provision or the CEO,false,6th Grade,8th Grade
191470001030,Elizabeth Tate Alt. High School,Iowa City Comm School District,Iowa City,180,124,Yes under Community Eligibility Option (CEO),true,9th Grade,12th Grade
191464000870,Emerson Elementary School,Indianola Comm School District,Indianola,396,108,Yes participating without using any Provision or the CEO,false,Kindergarten,5th Grade
192061002238,Emerson Hough Elementary School,Newton Comm School District,Newton,336,192,Yes under Community Eligibility Option (CEO),false,Kindergarten,4th Grade
191095000675,Emmetsburg High School,Emmetsburg Comm School District,Emmetsburg,235,88,Yes participating without using any Provision or the CEO,false,9th Grade,12th Grade
191095000676,Emmetsburg Middle School,Emmetsburg Comm School District,Emmetsburg,199,81,Yes participating without using any Provision or the CEO,true,5th Grade,8th Grade
199902102327,Empowering Excellence Charter School,Charter Organization: Empowering Youths of Iowa,Cedar Rapids,120,104,Yes participating without using any Provision or the CEO,false,9th Grade,12th Grade
191098000680,English Valleys Elementary School,English Valleys Comm School District,North English,183,76,Yes participating without using any Provision or the CEO,false,Prekindergarten,5th Grade
191098000679,English Valleys Jr-Sr High School,English Valleys Comm School District,North English,214,92,Yes participating without using any Provision or the CEO,false,6th Grade,12th Grade
193135001829,Epworth Elementary School,Western Dubuque Comm School District,Epworth,360,69,Yes participating without using any Provision or the CEO,false,Prekindergarten,5th Grade
191470000885,Ernest Horn Elementary School,Iowa City Comm School District,Iowa City,453,265,Yes participating without using any Provision or the CEO,false,Prekindergarten,5th Grade
190654000237,Erskine Elementary School,Cedar Rapids Comm School District,Cedar Rapids,308,164,Yes under Community Eligibility Option (CEO),false,Kindergarten,5th Grade
191104000682,Essex Elementary School,Essex Comm School District,Essex,101,38,Yes participating without using any Provision or the CEO,false,Prekindergarten,5th Grade
191104000683,Essex Junior-Senior High School,Essex Comm School District,Essex,87,27,Yes under Community Eligibility Option (CEO),false,6th Grade,12th Grade
191107000685,Estherville Lincoln Central High School,Estherville Lincoln Central Comm School District,Estherville,359,169,Yes participating without using any Provision or the CEO,false,9th Grade,12th Grade
191107000686,Estherville Lincoln Central Middle School,Estherville Lincoln Central Comm School District,Estherville,308,172,Yes participating without using any Provision or the CEO,true,5th Grade,8th Grade
192211001316,Evans Junior High School,Ottumwa Comm School District,Ottumwa,684,303,Yes under Community Eligibility Option (CEO),false,8th Grade,9th Grade
191722001005,Excelsior Middle School,Linn-Mar Comm School District,Marion,594,169,Yes participating without using any Provision or the CEO,false,7th Grade,8th Grade
191125002143,Exira-Elk Horn-Kimballton Elementary,Exira-Elk Horn-Kimballton Comm School District,Exira,206,90,Yes participating without using any Provision or the CEO,false,Prekindergarten,5th Grade
191125000674,Exiraelk Horn-Kimballton High School,Exira-Elk Horn-Kimballton Comm School District,Elk Horn,184,73,Yes participating without using any Provision or the CEO,false,6th Grade,12th Grade
193048002126,Expo Alternative Learning Center,Waterloo Comm School District,Waterloo,561,450,Yes under Community Eligibility Option (CEO),true,6th Grade,12th Grade
192211002337,Fahrney Elementary,Ottumwa Comm School District,Ottumwa,490,244,Yes under Community Eligibility Option (CEO),false,3rd Grade,5th Grade
192976001693,Fairbank Elementary School,Wapsie Valley Comm School District,Fairbank,187,35,Yes participating without using any Provision or the CEO,false,Prekindergarten,6th Grade
191134000693,Fairfield High School,Fairfield Comm School District,Fairfield,442,163,Yes participating without using any Provision or the CEO,false,9th Grade,12th Grade
191134000694,Fairfield Middle School,Fairfield Comm School District,Fairfield,410,168,Yes participating without using any Provision or the CEO,true,5th Grade,8th Grade
193093001792,Fairmeadows Elementary School,West Des Moines Comm School District,West Des Moines,542,236,Yes participating without using any Provision or the CEO,false,Prekindergarten,6th Grade
190633000217,Fairview Elementary School,Carroll Comm School District,Carroll,419,168,Yes participating without using any Provision or the CEO,false,Prekindergarten,2nd Grade
191320000791,Fairview Elementary School,Grinnell-Newburg Comm School District,Grinnell,242,84,Yes participating without using any Provision or the CEO,false,Prekindergarten,2nd Grade
192691002184,Fairview Park Elementary,Spencer Comm School District,Spencer,249,149,Yes participating without using any Provision or the CEO,false,1st Grade,2nd Grade
193135001830,Farley Elementary School,Western Dubuque Comm School District,Farley,273,80,Yes participating without using any Provision or the CEO,false,Prekindergarten,5th Grade
191182000723,Feelhaver Elementary School,Fort Dodge Comm School District,Fort Dodge,227,76,Yes under Community Eligibility Option (CEO),false,1st Grade,5th Grade
190354000053,Fellows Elementary School,Ames Comm School District,Ames,489,141,Yes participating without using any Provision or the CEO,false,Kindergarten,5th Grade
190858000463,Fillmore Elementary School,Davenport Comm School District,Davenport,388,247,Yes under Community Eligibility Option (CEO),false,Kindergarten,5th Grade
190897000531,Findley Elementary School,Des Moines Independent Comm School District,Des Moines,324,276,Yes under Community Eligibility Option (CEO),false,Kindergarten,6th Grade
191872001086,Fisher Elementary School,Marshalltown Comm School District,Marshalltown,368,254,Yes under Community Eligibility Option (CEO),false,Prekindergarten,4th Grade
191179000715,Forest City Elementary School,Forest City Comm School District,Forest City,448,161,Yes participating without using any Provision or the CEO,false,Prekindergarten,4th Grade
191179000716,Forest City High School,Forest City Comm School District,Forest City,304,96,Yes participating without using any Provision or the CEO,false,9th Grade,12th Grade
191179000717,Forest City Middle School,Forest City Comm School District,Forest City,330,137,Yes participating without using any Provision or the CEO,true,5th Grade,8th Grade
192311002295,Forest Grove Elementary,Pleasant Valley Comm School District,Bettendorf,332,15,Yes participating without using any Provision or the CEO,false,Kindergarten,6th Grade
191182000724,Fort Dodge High School,Fort Dodge Comm School District,Fort Dodge,1020,493,Yes under Community Eligibility Option (CEO),true,9th Grade,12th Grade
191182002197,Fort Dodge Middle School,Fort Dodge Comm School District,Fort Dodge,765,423,Yes under Community Eligibility Option (CEO),true,6th Grade,8th Grade
191185002334,Fort Madison Elementary School,Fort Madison Comm School District,Fort Madison,932,579,Yes under Community Eligibility Option (CEO),false,Prekindergarten,6th Grade
191185000733,Fort Madison Junior/Senior High School,Fort Madison Comm School District,Fort Madison,852,441,Yes participating without using any Provision or the CEO,false,7th Grade,12th Grade
192682001569,Four Mile Elementary,Southeast Polk Comm School District,Pleasant Hill,495,187,Yes participating without using any Provision or the CEO,false,Prekindergarten,5th Grade
191869000437,Francis Marion Intermediate School,Marion Independent School District,Marion,320,160,Yes participating without using any Provision or the CEO,false,3rd Grade,4th Grade
190858000464,Frank L Smart Middle School,Davenport Comm School District,Davenport,430,296,Yes under Community Eligibility Option (CEO),false,6th Grade,8th Grade
190513000159,Franklin Elementary School,Boone Comm School District,Boone,329,151,Yes participating without using any Provision or the CEO,false,2nd Grade,4th Grade
190822000418,Franklin Elementary School,Council Bluffs Comm School District,Council Bluffs,421,191,Yes under Community Eligibility Option (CEO),false,Prekindergarten,5th Grade
191653000985,Franklin Elementary School,Le Mars Comm School District,Le Mars,261,96,Yes participating without using any Provision or the CEO,false,Kindergarten,5th Grade
191872000372,Franklin Elementary School,Marshalltown Comm School District,Marshalltown,358,264,Yes under Community Eligibility Option (CEO),false,Prekindergarten,4th Grade
192013001184,Franklin Elementary School,Muscatine Comm School District,Muscatine,295,198,Yes under Community Eligibility Option (CEO),false,Kindergarten,6th Grade
190654000239,Franklin Middle School,Cedar Rapids Comm School District,Cedar Rapids,469,275,Yes under Community Eligibility Option (CEO),true,6th Grade,8th Grade
193048001715,Fred Becker Elementary School,Waterloo Comm School District,Waterloo,501,391,Yes under Community Eligibility Option (CEO),false,Prekindergarten,5th Grade
192760000741,Fredericksburg Elem School,Sumner-Fredericksburg Comm School District,Fredericksburg,120,40,Yes participating without using any Provision or the CEO,false,Prekindergarten,4th Grade
190495000743,Fremont Elementary,Eddyville-Blakesburg- Fremont CSD,Fremont,108,49,Yes participating without using any Provision or the CEO,false,Prekindergarten,6th Grade
191212000747,Fremont-Mills Elementary School,Fremont-Mills Comm School District,Tabor,262,93,Yes participating without using any Provision or the CEO,false,Prekindergarten,6th Grade
191212000745,Fremont-Mills Middle and Senior High School,Fremont-Mills Comm School District,Tabor,213,67,Yes participating without using any Provision or the CEO,false,7th Grade,12th Grade
191223001959,Galva-Holstein Elementary School,Galva-Holstein Comm School District,Holstein,175,65,Yes participating without using any Provision or the CEO,false,Prekindergarten,3rd Grade
191223002122,Galva-Holstein Upper Elementary,Galva-Holstein Comm School District,Galva,105,46,Yes participating without using any Provision or the CEO,false,4th Grade,6th Grade
190735000342,Garfield Elementary School,Clarinda Comm School District,Clarinda,573,273,Yes participating without using any Provision or the CEO,false,Prekindergarten,6th Grade
190858000465,Garfield Elementary School,Davenport Comm School District,Davenport,393,232,Yes under Community Eligibility Option (CEO),false,Kindergarten,5th Grade
191233000752,Garner-Hayfield-Ventura Elementary School,Garner-Hayfield-Ventura Comm School District,Garner,381,123,Yes participating without using any Provision or the CEO,false,Prekindergarten,4th Grade
191233000753,Garner-Hayfield-Ventura High School,Garner-Hayfield-Ventura Comm School District,Garner,295,100,Yes participating without using any Provision or the CEO,false,9th Grade,12th Grade
191233002181,Garner-Hayfield-Ventura Middle School,Garner-Hayfield-Ventura Comm School District,Garner,255,72,Yes participating without using any Provision or the CEO,false,5th Grade,8th Grade
190897000534,Garton Elementary,Des Moines Independent Comm School District,Des Moines,535,478,Yes under Community Eligibility Option (CEO),false,Prekindergarten,5th Grade
192211002315,Gateway High School,Ottumwa Comm School District,Ottumwa,213,132,Yes under Community Eligibility Option (CEO),false,9th Grade,12th Grade
193048001725,George Washington Carver Academy,Waterloo Comm School District,Waterloo,455,412,Yes under Community Eligibility Option (CEO),true,6th Grade,8th Grade
191563000930,George Washington Elementary School,Keokuk Comm School District,Keokuk,222,148,Yes under Community Eligibility Option (CEO),false,Kindergarten,1st Grade
190654000241,George Washington High School,Cedar Rapids Comm School District,Cedar Rapids,1182,647,Yes under Community Eligibility Option (CEO),false,9th Grade,12th Grade
190948000620,George Washington Middle School,Dubuque Comm School District,Dubuque,584,312,Yes under Community Eligibility Option (CEO),true,6th Grade,8th Grade
191248000757,George-Little Rock Elementary School,George-Little Rock Comm School District,Little Rock,232,126,Yes participating without using any Provision or the CEO,false,Prekindergarten,6th Grade
191248001011,George-Little Rock Middle School,George-Little Rock Comm School District,George,61,20,Yes participating without using any Provision or the CEO,true,7th Grade,8th Grade
191248000758,George-Little Rock Senior High School,George-Little Rock Comm School District,George,102,39,Yes participating without using any Provision or the CEO,false,9th Grade,12th Grade
190822000419,Gerald W Kirn Middle School,Council Bluffs Comm School District,Council Bluffs,913,443,Yes under Community Eligibility Option (CEO),true,6th Grade,8th Grade
191251000759,Gilbert Elementary School,Gilbert Comm School District,Gilbert,409,22,Yes participating without using any Provision or the CEO,false,Prekindergarten,2nd Grade
191251000760,Gilbert High School,Gilbert Comm School District,Gilbert,509,29,Yes participating without using any Provision or the CEO,false,9th Grade,12th Grade
191251002192,Gilbert Intermediate School,Gilbert Comm School District,Gilbert,356,29,Yes participating without using any Provision or the CEO,false,3rd Grade,5th Grade
191251001471,Gilbert Middle School,Gilbert Comm School District,Gilbert,408,38,Yes participating without using any Provision or the CEO,false,6th Grade,8th Grade
191260000762,Gilmore City Elementary School,Gilmore City-Bradgate Comm School District,Gilmore City,59,35,Yes under Community Eligibility Option (CEO),false,Kindergarten,5th Grade
191266000764,Gladbrook-Reinbeck Elementary School,Gladbrook-Reinbeck Comm School District,Reinbeck,262,92,Yes participating without using any Provision or the CEO,false,Prekindergarten,6th Grade
191266001402,Gladbrook-Reinbeck Jr. High & High School,Gladbrook-Reinbeck Comm School District,Reinbeck,207,78,Yes participating without using any Provision or the CEO,false,7th Grade,12th Grade
191266002320,Gladbrook-Reinbeck Preschool,Gladbrook-Reinbeck Comm School District,Gladbrook,11,3,Yes participating without using any Provision or the CEO,false,Prekindergarten,Prekindergarten
191269000766,Glenwood Middle School,Glenwood Comm School District,Glenwood,453,177,Yes participating without using any Provision or the CEO,true,6th Grade,8th Grade
191269000767,Glenwood Senior High School,Glenwood Comm School District,Glenwood,570,210,Yes participating without using any Provision or the CEO,false,9th Grade,12th Grade
191275000771,Glidden-Ralston Elementary School,Glidden-Ralston Comm School District,Glidden,227,81,Yes participating without using any Provision or the CEO,false,Prekindergarten,6th Grade
191275000772,Glidden-Ralston Jr-Sr High School,Glidden-Ralston Comm School District,Glidden,163,47,Yes participating without using any Provision or the CEO,false,7th Grade,12th Grade
190006000182,Gmg Elementary School,GMG Comm School District,Green Mountain,271,142,Yes participating without using any Provision or the CEO,false,Prekindergarten,6th Grade
190006000179,Gmg Secondary School,GMG Comm School District,Garwin,205,105,Yes participating without using any Provision or the CEO,false,7th Grade,12th Grade
190897000535,Goodrell Middle School,Des Moines Independent Comm School District,Des Moines,511,433,Yes under Community Eligibility Option (CEO),true,6th Grade,8th Grade
191281002120,Graettinger-Terril Elementary School,Graettinger-Terril Comm School District,Terril,149,80,Yes participating without using any Provision or the CEO,false,Prekindergarten,5th Grade
191281000776,Graettinger-Terril High School,Graettinger-Terril Comm School District,Graettinger,128,59,Yes participating without using any Provision or the CEO,false,9th Grade,12th Grade
191281002118,Graettinger-Terril Middle School,Graettinger-Terril Comm School District,Graettinger,48,22,Yes participating without using any Provision or the CEO,true,6th Grade,8th Grade
190327000019,Grant Center,Albia Comm School District,Albia,239,103,Yes participating without using any Provision or the CEO,false,Kindergarten,2nd Grade
190654001490,Grant Elementary School,Cedar Rapids Comm School District,Cedar Rapids,312,213,Yes under Community Eligibility Option (CEO),false,Kindergarten,5th Grade
192013001186,Grant Elementary School,Muscatine Comm School District,Muscatine,300,123,Yes participating without using any Provision or the CEO,false,Kindergarten,6th Grade
193051002234,Grant Ragan Elementary School,Waukee Comm School District,Waukee,666,188,Yes participating without using any Provision or the CEO,false,Kindergarten,5th Grade
190486000144,Grant Wood Elementary School,Bettendorf Comm School District,Bettendorf,433,205,Yes under Community Eligibility Option (CEO),false,Prekindergarten,5th Grade
190654000243,Grant Wood Elementary School,Cedar Rapids Comm School District,Cedar Rapids,356,222,Yes under Community Eligibility Option (CEO),false,Prekindergarten,5th Grade
191470000886,Grant Wood Elementary School,Iowa City Comm School District,Iowa City,306,208,Yes participating without using any Provision or the CEO,false,Prekindergarten,5th Grade
199902202328,Great Oaks High School and Career Center,Charter Organization: Oakmont Education,Des Moines,72,3,Yes participating without using any Provision or the CEO,false,9th Grade,12th Grade
191521000076,Greene County Elementary,Greene County Comm School District,Jefferson,518,264,Yes participating without using any Provision or the CEO,false,Prekindergarten,4th Grade
191521000918,Greene County High School,Greene County Comm School District,Jefferson,375,151,Yes participating without using any Provision or the CEO,false,9th Grade,12th Grade
191521000919,Greene County Middle School,Greene County Comm School District,Jefferson,347,174,Yes participating without using any Provision or the CEO,true,5th Grade,8th Grade
193054000832,Greenview Alternative School,Waverly-Shell Rock Comm School District,Waverly,45,23,Yes participating without using any Provision or the CEO,false,9th Grade,12th Grade
190897000538,Greenwood Elementary School,Des Moines Independent Comm School District,Des Moines,293,136,Yes under Community Eligibility Option (CEO),false,Prekindergarten,5th Grade
191320000793,Grinnell Community Middle School,Grinnell-Newburg Comm School District,Grinnell,420,145,Yes participating without using any Provision or the CEO,false,5th Grade,8th Grade
191320000792,Grinnell Community Senior High School,Grinnell-Newburg Comm School District,Grinnell,512,162,Yes participating without using any Provision or the CEO,false,9th Grade,12th Grade
191323002264,Griswold Elementary,Griswold Comm School District,Griswold,227,83,Yes participating without using any Provision or the CEO,false,Prekindergarten,5th Grade
191323000796,Griswold Middle/High School,Griswold Comm School District,Griswold,193,70,Yes participating without using any Provision or the CEO,false,6th Grade,12th Grade
191329000799,Grundy Center Elementary School,Grundy Center Comm School District,Grundy Center,283,92,Yes participating without using any Provision or the CEO,false,Kindergarten,4th Grade
191329000801,Grundy Center High School,Grundy Center Comm School District,Grundy Center,241,78,Yes participating without using any Provision or the CEO,false,9th Grade,12th Grade
191329000415,Grundy Center Middle School,Grundy Center Comm School District,Grundy Center,219,69,Yes participating without using any Provision or the CEO,false,5th Grade,8th Grade
191332000803,Guthrie Center Elementary School,Guthrie Center Comm School District,Guthrie Center,253,80,Yes participating without using any Provision or the CEO,false,Prekindergarten,6th Grade
191332000804,Guthrie Center High School,Guthrie Center Comm School District,Guthrie Center,198,41,Yes participating without using any Provision or the CEO,false,9th Grade,12th Grade
191338001993,H-L-V Elementary School,H-L-V Comm School District,Victor,168,54,Yes participating without using any Provision or the CEO,false,Prekindergarten,6th Grade
191338000808,H-L-V Junior-Senior High School,H-L-V Comm School District,Victor,133,48,Yes participating without using any Provision or the CEO,false,7th Grade,12th Grade
191344002310,Hamburg Charter High School,Hamburg Comm School District,Hamburg,58,27,Yes under Community Eligibility Option (CEO),false,9th Grade,12th Grade
191344002235,Hamburg Middle School,Hamburg Comm School District,Hamburg,31,22,Yes participating without using any Provision or the CEO,true,6th Grade,8th Grade
191347000813,Hampton-Dumont High School,Hampton-Dumont Comm School District,Hampton,457,214,Yes participating without using any Provision or the CEO,true,9th Grade,12th Grade
191347000814,Hampton-Dumont Middle School,Hampton-Dumont Comm School District,Hampton,363,204,Yes participating without using any Provision or the CEO,true,5th Grade,8th Grade
190897000539,Hanawalt Elementary,Des Moines Independent Comm School District,Des Moines,312,154,Yes under Community Eligibility Option (CEO),false,Kindergarten,5th Grade
191878001102,Harding Elementary School,Mason City Comm School District,Mason City,387,175,Yes under Community Eligibility Option (CEO),false,Prekindergarten,4th Grade
190654000244,Harding Middle School,Cedar Rapids Comm School District,Cedar Rapids,710,311,Yes under Community Eligibility Option (CEO),true,6th Grade,8th Grade
190897000540,Harding Middle School,Des Moines Independent Comm School District,Des Moines,603,534,Yes under Community Eligibility Option (CEO),true,6th Grade,8th Grade
191350000822,Harlan Community Middle School,Harlan Comm School District,Harlan,335,128,Yes participating without using any Provision or the CEO,false,6th Grade,8th Grade
191989002336,Harlan Elementary School,Mount Pleasant Comm School District,Mount Pleasant,195,68,Yes participating without using any Provision or the CEO,false,Prekindergarten,Kindergarten
191350000821,Harlan High School,Harlan Comm School District,Harlan,486,139,Yes participating without using any Provision or the CEO,false,9th Grade,12th Grade
191350000826,Harlan Intermediate School,Harlan Comm School District,Harlan,309,134,Yes participating without using any Provision or the CEO,false,3rd Grade,5th Grade
191350000825,Harlan Primary,Harlan Comm School District,Harlan,342,141,Yes participating without using any Provision or the CEO,false,Prekindergarten,2nd Grade
191614000966,Harris-Lake Park Elementary School,Harris-Lake Park Comm School District,Lake Park,167,68,Yes participating without using any Provision or the CEO,false,Prekindergarten,5th Grade
191614000967,Harris-Lake Park High School,Harris-Lake Park Comm School District,Lake Park,174,67,Yes participating without using any Provision or the CEO,false,6th Grade,12th Grade
190654000245,Harrison Elementary School,Cedar Rapids Comm School District,Cedar Rapids,277,182,Yes under Community Eligibility Option (CEO),false,Kindergarten,5th Grade
190858000469,Harrison Elementary School,Davenport Comm School District,Davenport,459,239,Yes participating without using any Provision or the CEO,false,Kindergarten,5th Grade
190627000216,Hartford Upper Elementary,Carlisle Comm School District,Hartford,303,82,Yes participating without using any Provision or the CEO,false,4th Grade,5th Grade
191366001962,Hartley-Melvin-Sanborn Elementary School,Hartley-Melvin-Sanborn Comm School District,Hartley,261,131,Yes participating without using any Provision or the CEO,false,Prekindergarten,4th Grade
191366001963,Hartley-Melvin-Sanborn High School,Hartley-Melvin-Sanborn Comm School District,Hartley,203,102,Yes participating without using any Provision or the CEO,false,9th Grade,12th Grade
191366002065,Hartley-Melvin-Sanborn Middle School,Hartley-Melvin-Sanborn Comm School District,Sanborn,165,83,Yes participating without using any Provision or the CEO,true,5th Grade,8th Grade
193129001819,Hawarden Elementary School,West Sioux Comm School District,Hawarden,193,123,Yes participating without using any Provision or the CEO,false,2nd Grade,5th Grade
191563000936,Hawthorne Elementary School,Keokuk Comm School District,Keokuk,454,284,Yes under Community Eligibility Option (CEO),false,2nd Grade,5th Grade
190858000470,Hayes Elementary School,Davenport Comm School District,Davenport,377,241,Yes under Community Eligibility Option (CEO),false,Prekindergarten,5th Grade
191722002275,Hazel Point Intermediate School,Linn-Mar Comm School District,Marion,563,115,Yes participating without using any Provision or the CEO,false,5th Grade,6th Grade
190651000223,Helen a Hansen Elementary School,Cedar Falls Comm School District,Cedar Falls,569,72,Yes participating without using any Provision or the CEO,false,Prekindergarten,6th Grade
191470000887,Helen Lemme Elementary School,Iowa City Comm School District,Iowa City,340,130,Yes participating without using any Provision or the CEO,false,Prekindergarten,5th Grade
190948000608,Hempstead High School,Dubuque Comm School District,Dubuque,1499,630,Yes participating without using any Provision or the CEO,false,9th Grade,12th Grade
191545002018,Henry a Wallace Elementary School,Johnston Comm School District,Johnston,840,108,Yes participating without using any Provision or the CEO,false,Prekindergarten,5th Grade
190486000145,Herbert Hoover Elementary School,Bettendorf Comm School District,Bettendorf,359,121,Yes participating without using any Provision or the CEO,false,Kindergarten,5th Grade
191470002266,Herbert Hoover Elementary School,Iowa City Comm School District,Iowa City,464,216,Yes participating without using any Provision or the CEO,false,Prekindergarten,5th Grade
190369002269,Heritage Elementary,Ankeny Comm School District,Ankeny,604,205,Yes participating without using any Provision or the CEO,false,Kindergarten,5th Grade
190852002242,Heritage Elementary,Dallas Center-Grimes Comm School District,Grimes,530,107,Yes participating without using any Provision or the CEO,false,Prekindergarten,4th Grade
190897000516,Hiatt Middle School,Des Moines Independent Comm School District,Des Moines,488,456,Yes under Community Eligibility Option (CEO),true,6th Grade,8th Grade
190654000247,Hiawatha Elementary School,Cedar Rapids Comm School District,Hiawatha,334,177,Yes under Community Eligibility Option (CEO),false,Prekindergarten,5th Grade
191401000842,Highland Elementary School,Highland Comm School District,Riverside,242,61,Yes participating without using any Provision or the CEO,false,Prekindergarten,5th Grade
193048001970,Highland Elementary School,Waterloo Comm School District,Waterloo,448,401,Yes under Community Eligibility Option (CEO),false,Prekindergarten,5th Grade
191401000839,Highland High School,Highland Comm School District,Riverside,149,32,Yes participating without using any Provision or the CEO,false,9th Grade,12th Grade
191401000840,Highland Middle School,Highland Comm School District,Riverside,119,24,Yes participating without using any Provision or the CEO,false,6th Grade,8th Grade
190897000541,Hillis Elementary School,Des Moines Independent Comm School District,Des Moines,279,213,Yes under Community Eligibility Option (CEO),false,Kindergarten,5th Grade
193093001188,Hillside Elementary School,West Des Moines Comm School District,West Des Moines,548,393,Yes under Community Eligibility Option (CEO),false,Prekindergarten,6th Grade
191416000843,Hinton Elementary School,Hinton Comm School District,Hinton,299,37,Yes participating without using any Provision or the CEO,false,Prekindergarten,3rd Grade
191416000844,Hinton High School,Hinton Comm School District,Hinton,370,39,Yes participating without using any Provision or the CEO,false,7th Grade,12th Grade
191416000845,Hinton Intermediate School,Hinton Comm School District,Hinton,191,25,Yes participating without using any Provision or the CEO,false,4th Grade,6th Grade
190651000224,Holmes Junior High School,Cedar Falls Comm School District,Cedar Falls,628,158,Yes participating without using any Provision or the CEO,false,7th Grade,9th Grade
190654000248,Hoover Elementary School,Cedar Rapids Comm School District,Cedar Rapids,420,368,Yes under Community Eligibility Option (CEO),false,Kindergarten,5th Grade
190822000422,Hoover Elementary School,Council Bluffs Comm School District,Council Bluffs,401,157,Yes under Community Eligibility Option (CEO),false,Prekindergarten,5th Grade
190948000609,Hoover Elementary School,Dubuque Comm School District,Dubuque,292,130,Yes under Community Eligibility Option (CEO),false,Prekindergarten,5th Grade
191878001103,Hoover Elementary School,Mason City Comm School District,Mason City,361,200,Yes under Community Eligibility Option (CEO),false,Prekindergarten,4th Grade
193075001771,Hoover Elementary School,West Branch Comm School District,West Branch,353,70,Yes participating without using any Provision or the CEO,false,Prekindergarten,4th Grade
190897000543,Hoover High School,Des Moines Independent Comm School District,Des Moines,898,718,Yes under Community Eligibility Option (CEO),true,9th Grade,12th Grade
193048001723,Hoover Middle School,Waterloo Comm School District,Waterloo,848,477,Yes under Community Eligibility Option (CEO),true,6th Grade,8th Grade
192311002164,Hopewell Elementary,Pleasant Valley Comm School District,Bettendorf,658,26,Yes participating without using any Provision or the CEO,false,Prekindergarten,6th Grade
191470000891,Horace Mann Elementary School,Iowa City Comm School District,Iowa City,207,70,Yes participating without using any Provision or the CEO,false,Prekindergarten,5th Grade
192211001319,Horace Mann Elementary School,Ottumwa Comm School District,Ottumwa,250,84,Yes under Community Eligibility Option (CEO),false,Kindergarten,5th Grade
191545000653,Horizon Elementary,Johnston Comm School District,Johnston,613,220,Yes participating without using any Provision or the CEO,false,Kindergarten,5th Grade
199902002316,Horizon Science Academy Des Moines,Charter Organization: Concept Schools,Des Moines,150,119,Yes under Community Eligibility Option (CEO),false,Prekindergarten,4th Grade
190675000279,Howar Middle School,Centerville Comm School District,Centerville,298,167,Yes participating without using any Provision or the CEO,true,6th Grade,8th Grade
190897000544,Howe Elementary,Des Moines Independent Comm School District,Des Moines,297,270,Yes under Community Eligibility Option (CEO),false,Kindergarten,5th Grade
190897000545,Hoyt Middle School,Des Moines Independent Comm School District,Des Moines,455,376,Yes under Community Eligibility Option (CEO),true,6th Grade,8th Grade
191431002038,Hubbard-Radcliffe Elementary School,Hubbard-Radcliffe Comm School District,Radcliffe,181,58,Yes participating without using any Provision or the CEO,false,Prekindergarten,5th Grade
190897000546,Hubbell Elementary,Des Moines Independent Comm School District,Des Moines,362,155,Yes under Community Eligibility Option (CEO),false,Kindergarten,5th Grade
191434000856,Hudson Elementary School,Hudson Comm School District,Hudson,562,145,Yes participating without using any Provision or the CEO,false,Prekindergarten,6th Grade
191434000857,Hudson High School,Hudson Comm School District,Hudson,371,88,Yes participating without using any Provision or the CEO,false,7th Grade,12th Grade
191437000859,Humboldt High School,Humboldt Comm School District,Humboldt,464,140,Yes participating without using any Provision or the CEO,false,9th Grade,12th Grade
191437000860,Humboldt Middle School,Humboldt Comm School District,Humboldt,454,138,Yes participating without using any Provision or the CEO,true,5th Grade,8th Grade
192640001513,Hunt Elementary School,Sioux City Comm School District,Sioux City,451,419,Yes under Community Eligibility Option (CEO),false,Prekindergarten,5th Grade
191470002288,Iccsd Online Learning Program,Iowa City Comm School District,Iowa City,173,85,Yes participating without using any Provision or the CEO,false,Kindergarten,12th Grade
192607002298,Ignite Online & Personalized Learning,Shenandoah Comm School District,Shenandoah,211,78,Yes participating without using any Provision or the CEO,false,Prekindergarten,12th Grade
191488001050,Ikm-Manning High School,IKM-Manning Comm School District,Manning,185,51,Yes participating without using any Provision or the CEO,false,9th Grade,12th Grade
191488000912,Ikm-Manning Middle School,IKM-Manning Comm School District,Manning,297,99,Yes participating without using any Provision or the CEO,true,4th Grade,8th Grade
191458000866,Independence Junior Senior High School,Independence Comm School District,Independence,712,209,Yes participating without using any Provision or the CEO,false,7th Grade,12th Grade
191722001003,Indian Creek Elementary School,Linn-Mar Comm School District,Marion,354,57,Yes participating without using any Provision or the CEO,false,Kindergarten,4th Grade
193093001793,Indian Hills Junior High School,West Des Moines Comm School District,Clive,661,343,Yes under Community Eligibility Option (CEO),true,7th Grade,8th Grade
191464000872,Indianola High School,Indianola Comm School District,Indianola,1165,280,Yes participating without using any Provision or the CEO,false,9th Grade,12th Grade
191464000875,Indianola Middle School,Indianola Comm School District,Indianola,818,247,Yes participating without using any Provision or the CEO,false,6th Grade,8th Grade
191653001101,Individualized Learning Center,Le Mars Comm School District,Le Mars,39,21,Yes participating without using any Provision or the CEO,false,9th Grade,12th Grade
192400001395,Inman Elementary School,Red Oak Comm School District,Red Oak,461,247,Yes participating without using any Provision or the CEO,false,Kindergarten,6th Grade
191467000880,Interstate 35 Elementary School,Interstate 35 Comm School District,Truro,458,105,Yes participating without using any Provision or the CEO,false,Prekindergarten,6th Grade
191467002196,Interstate 35 High School,Interstate 35 Comm School District,Truro,385,79,Yes participating without using any Provision or the CEO,false,7th Grade,12th Grade
191470000892,Iowa City High School,Iowa City Comm School District,Iowa City,1666,699,Yes participating without using any Provision or the CEO,false,9th Grade,12th Grade
190594002180,Iowa Connections Academy Elementary,CAM Comm School District,Anita,216,122,Yes participating without using any Provision or the CEO,false,Kindergarten,5th Grade
190594002169,Iowa Connections Academy High School,CAM Comm School District,Anita,1022,385,Yes participating without using any Provision or the CEO,false,9th Grade,12th Grade
190594002176,Iowa Connections Academy Middle School,CAM Comm School District,Anita,308,148,Yes participating without using any Provision or the CEO,false,6th Grade,8th Grade
191473000904,Iowa Falls - Alden High School,Iowa Falls Comm School District,Iowa Falls,398,121,Yes participating without using any Provision or the CEO,false,9th Grade,12th Grade
191485000909,Iowa Valley Elementary School,Iowa Valley Comm School District,Marengo,314,129,Yes participating without using any Provision or the CEO,false,Prekindergarten,6th Grade
191485000910,Iowa Valley Jr-Sr High School,Iowa Valley Comm School District,Marengo,229,70,Yes participating without using any Provision or the CEO,false,7th Grade,12th Grade
191335002206,Iowa Virtual Academy,Clayton Ridge Comm School District,Guttenberg,1457,669,Yes participating without using any Provision or the CEO,false,Kindergarten,12th Grade
193129001820,Ireton Elementary School,West Sioux Comm School District,Ireton,119,54,Yes participating without using any Provision or the CEO,false,Prekindergarten,1st Grade
190948000610,Irving Elementary School,Dubuque Comm School District,Dubuque,409,185,Yes participating without using any Provision or the CEO,false,Prekindergarten,5th Grade
191464000874,Irving Elementary School,Indianola Comm School District,Indianola,395,59,Yes participating without using any Provision or the CEO,false,Kindergarten,5th Grade
192640001514,Irving Elementary School,Sioux City Comm School District,Sioux City,605,562,Yes under Community Eligibility Option (CEO),false,Kindergarten,5th Grade
193048001724,Irving Elementary School,Waterloo Comm School District,Waterloo,353,315,Yes under Community Eligibility Option (CEO),false,Kindergarten,5th Grade
192640002301,Irving Preschool,Sioux City Comm School District,Sioux City,84,3,Yes participating without using any Provision or the CEO,false,Prekindergarten,Prekindergarten
191488000911,Irwin Elementary School,IKM-Manning Comm School District,Irwin,221,82,Yes participating without using any Provision or the CEO,false,Prekindergarten,3rd Grade
191872001089,J C Hoglan Elementary School,Marshalltown Comm School District,Marshalltown,337,256,Yes under Community Eligibility Option (CEO),false,Prekindergarten,4th Grade
190858000473,Jackson Elementary School,Davenport Comm School District,Davenport,322,183,Yes under Community Eligibility Option (CEO),false,Kindergarten,5th Grade
190897000547,Jackson Elementary School,Des Moines Independent Comm School District,Des Moines,490,395,Yes under Community Eligibility Option (CEO),false,Prekindergarten,5th Grade
192211001320,James Elementary School,Ottumwa Comm School District,Ottumwa,249,170,Yes under Community Eligibility Option (CEO),false,Kindergarten,5th Grade
191470001034,James Van Allen Elementary School,Iowa City Comm School District,North Liberty,376,114,Yes participating without using any Provision or the CEO,false,Prekindergarten,5th Grade
190579000187,James Wilson Grimes School,Burlington Comm School District,Burlington,212,128,Yes under Community Eligibility Option (CEO),false,Kindergarten,4th Grade
191518000913,Janesville Elementary School,Janesville Consolidated School District,Janesville,269,40,Yes participating without using any Provision or the CEO,false,Prekindergarten,5th Grade
191518000914,Janesville Junior-Senior High School,Janesville Consolidated School District,Janesville,243,29,Yes participating without using any Provision or the CEO,false,6th Grade,12th Grade
190771000378,Jefferson Elementary School,Clinton Comm School District,Clinton,376,262,Yes under Community Eligibility Option (CEO),false,Prekindergarten,5th Grade
190858000474,Jefferson Elementary School,Davenport Comm School District,Davenport,384,273,Yes under Community Eligibility Option (CEO),false,Kindergarten,5th Grade
190897000548,Jefferson Elementary School,Des Moines Independent Comm School District,Des Moines,312,129,Yes under Community Eligibility Option (CEO),false,Prekindergarten,5th Grade
191878001104,Jefferson Elementary School,Mason City Comm School District,Mason City,292,115,Yes participating without using any Provision or the CEO,false,Prekindergarten,4th Grade
192013001187,Jefferson Elementary School,Muscatine Comm School District,Muscatine,441,300,Yes under Community Eligibility Option (CEO),false,Kindergarten,6th Grade
192247000116,Jefferson Intermediate,Pella Comm School District,Pella,494,82,Yes participating without using any Provision or the CEO,false,4th Grade,6th Grade
190897002218,Jessie Franklin Taylor,Des Moines Independent Comm School District,Des Moines,195,172,Yes under Community Eligibility Option (CEO),false,Prekindergarten,Prekindergarten
191533000923,Jesup Elementary School,Jesup Comm School District,Jesup,412,106,Yes participating without using any Provision or the CEO,false,Prekindergarten,4th Grade
191533000924,Jesup High School,Jesup Comm School District,Jesup,269,48,Yes participating without using any Provision or the CEO,false,9th Grade,12th Grade
191533002051,Jesup Middle School,Jesup Comm School District,Jesup,249,55,Yes participating without using any Provision or the CEO,false,5th Grade,8th Grade
191878001105,John Adams Middle School,Mason City Comm School District,Mason City,463,227,Yes participating without using any Provision or the CEO,true,7th Grade,8th Grade
190873000500,John Cline Elementary School,Decorah Community School District,Decorah,300,67,Yes participating without using any Provision or the CEO,false,Kindergarten,2nd Grade
190654000250,John F Kennedy High School,Cedar Rapids Comm School District,Cedar Rapids,1648,593,Yes participating without using any Provision or the CEO,false,9th Grade,12th Grade
192094001253,John Glenn Elementary School,North Scott Comm School District,Donahue,179,48,Yes participating without using any Provision or the CEO,false,Kindergarten,6th Grade
190948000613,John Kennedy Elementary School,Dubuque Comm School District,Dubuque,493,147,Yes participating without using any Provision or the CEO,false,Prekindergarten,5th Grade
192334001378,John R Mott Jr/Hi School,Postville Comm School District,Postville,342,270,Yes under Community Eligibility Option (CEO),true,7th Grade,12th Grade
192691002170,Johnson Elementary,Spencer Comm School District,Spencer,201,107,Yes participating without using any Provision or the CEO,false,Prekindergarten,Kindergarten
190654000251,Johnson STEAM Academy School,Cedar Rapids Comm School District,Cedar Rapids,324,228,Yes under Community Eligibility Option (CEO),false,Kindergarten,5th Grade
191854001066,Johnston Elementary School,Maquoketa Valley Comm School District,Hopkinton,94,31,Yes participating without using any Provision or the CEO,false,1st Grade,2nd Grade
191545000926,Johnston Middle School,Johnston Comm School District,Johnston,1161,313,Yes participating without using any Provision or the CEO,false,8th Grade,9th Grade
191545000927,Johnston Senior High School,Johnston Comm School District,Johnston,1820,407,Yes participating without using any Provision or the CEO,false,10th Grade,12th Grade
193093000168,Jordan Creek Elementary School,West Des Moines Comm School District,West Des Moines,652,218,Yes participating without using any Provision or the CEO,false,Prekindergarten,6th Grade
192868001658,Karen Acres Elementary School,Urbandale Comm School District,Urbandale,233,123,Yes participating without using any Provision or the CEO,false,Kindergarten,5th Grade
191041000663,Kee High School,Eastern Allamakee Comm School District,Lansing,87,41,Yes participating without using any Provision or the CEO,false,9th Grade,12th Grade
190327000021,Kendall Center,Albia Comm School District,Albia,63,9,Yes participating without using any Provision or the CEO,false,Prekindergarten,Prekindergarten
190654000252,Kenwood Leadership Academy School,Cedar Rapids Comm School District,Cedar Rapids,386,233,Yes under Community Eligibility Option (CEO),false,Prekindergarten,5th Grade
191563000932,Keokuk High School,Keokuk Comm School District,Keokuk,583,290,Yes under Community Eligibility Option (CEO),true,9th Grade,12th Grade
191563000933,Keokuk Middle School,Keokuk Comm School District,Keokuk,381,203,Yes under Community Eligibility Option (CEO),true,6th Grade,8th Grade
191566000938,Keota Elementary School,Keota Comm School District,Keota,165,62,Yes participating without using any Provision or the CEO,false,Prekindergarten,6th Grade
191566000939,Keota High School,Keota Comm School District,Keota,114,48,Yes participating without using any Provision or the CEO,false,7th Grade,12th Grade
190483002227,Keystone Elementary School,Benton Comm School District,Keystone,176,74,Yes participating without using any Provision or the CEO,false,Prekindergarten,3rd Grade
190897000556,King Elementary School,Des Moines Independent Comm School District,Des Moines,315,303,Yes under Community Eligibility Option (CEO),false,Kindergarten,5th Grade
191575000940,Kingsley Elementary School,Kingsley-Pierson Comm School District,Kingsley,173,53,Yes participating without using any Provision or the CEO,false,Kindergarten,4th Grade
193048001727,Kingsley Elementary School,Waterloo Comm School District,Waterloo,337,168,Yes under Community Eligibility Option (CEO),false,Kindergarten,5th Grade
191575000941,Kingsley-Pierson High School,Kingsley-Pierson Comm School District,Kingsley,141,42,Yes participating without using any Provision or the CEO,false,9th Grade,12th Grade
192637001495,Kinsey Elementary School,Sioux Center Comm School District,Sioux Center,483,261,Yes participating without using any Provision or the CEO,false,Kindergarten,3rd Grade
191470000893,Kirkwood Elementary School,Iowa City Comm School District,Coralville,270,188,Yes participating without using any Provision or the CEO,false,Prekindergarten,5th Grade
193048001728,Kittrell Elementary School,Waterloo Comm School District,Waterloo,576,412,Yes under Community Eligibility Option (CEO),false,Prekindergarten,5th Grade
191653000987,Kluckhohn Elementary School,Le Mars Comm School District,Le Mars,407,134,Yes participating without using any Provision or the CEO,false,Kindergarten,5th Grade
191584000948,Knoxville High School,Knoxville Comm School District,Knoxville,508,192,Yes participating without using any Provision or the CEO,false,9th Grade,12th Grade
191584000949,Knoxville Middle School,Knoxville Comm School District,Knoxville,323,167,Yes participating without using any Provision or the CEO,true,6th Grade,8th Grade
190002200956,La Porte City Elementary School,Union Comm School District,La Porte City,260,62,Yes participating without using any Provision or the CEO,false,Prekindergarten,5th Grade
191611000963,Lake Mills Elementary School,Lake Mills Comm School District,Lake Mills,303,94,Yes participating without using any Provision or the CEO,false,Prekindergarten,5th Grade
191611000964,Lake Mills Middle School,Lake Mills Comm School District,Lake Mills,146,57,Yes participating without using any Provision or the CEO,false,6th Grade,8th Grade
191611000965,Lake Mills Senior High School,Lake Mills Comm School District,Lake Mills,193,68,Yes participating without using any Provision or the CEO,false,9th Grade,12th Grade
190675000280,Lakeview Elementary,Centerville Comm School District,Centerville,498,292,Yes participating without using any Provision or the CEO,false,Kindergarten,5th Grade
192658001542,Lakeview Elementary,Solon Comm School District,Solon,490,31,Yes participating without using any Provision or the CEO,false,Prekindergarten,3rd Grade
192124001273,Lakewood Elementary School,Norwalk Comm School District,Norwalk,554,96,Yes participating without using any Provision or the CEO,false,4th Grade,5th Grade
193090001782,Lambert Elementary School,West Delaware County Comm School District,Manchester,449,213,Yes participating without using any Provision or the CEO,false,Prekindergarten,4th Grade
191632000974,Lamoni Elementary School,Lamoni Comm School District,Lamoni,191,110,Yes participating without using any Provision or the CEO,false,Prekindergarten,5th Grade
191632000975,Lamoni High School,Lamoni Comm School District,Lamoni,81,32,Yes participating without using any Provision or the CEO,false,9th Grade,12th Grade
191632002019,Lamoni Middle School,Lamoni Comm School District,Lamoni,63,39,Yes participating without using any Provision or the CEO,true,6th Grade,8th Grade
191041000665,Lansing Middle School,Eastern Allamakee Comm School District,Lansing,75,32,Yes participating without using any Provision or the CEO,true,5th Grade,8th Grade
191642000977,Laurens-Marathon Elementary School,Laurens-Marathon Comm School District,Laurens,147,60,Yes under Community Eligibility Option (CEO),false,Prekindergarten,6th Grade
191545000532,Lawson Elementary School,Johnston Comm School District,Johnston,545,181,Yes participating without using any Provision or the CEO,false,Kindergarten,5th Grade
191644000981,Lawton-Bronson Junior-Senior High School,Lawton-Bronson Comm School District,Lawton,339,81,Yes participating without using any Provision or the CEO,true,7th Grade,12th Grade
191653000988,Le Mars High School,Le Mars Comm School District,Le Mars,662,184,Yes participating without using any Provision or the CEO,false,9th Grade,12th Grade
191653000984,Le Mars Middle School,Le Mars Comm School District,Le Mars,487,194,Yes participating without using any Provision or the CEO,false,6th Grade,8th Grade
190513002317,Ledges Elementary School,Boone Comm School District,Boone,336,137,Yes participating without using any Provision or the CEO,false,Prekindergarten,1st Grade
192640001934,Leeds Elementary School,Sioux City Comm School District,Sioux City,593,452,Yes under Community Eligibility Option (CEO),false,Prekindergarten,5th Grade
191872001404,Lenihan Intermediate School,Marshalltown Comm School District,Marshalltown,655,513,Yes under Community Eligibility Option (CEO),false,5th Grade,6th Grade
191662000991,Lenox Elementary School,Lenox Comm School District,Lenox,308,158,Yes participating without using any Provision or the CEO,false,Prekindergarten,6th Grade
191662000992,Lenox High School,Lenox Comm School District,Lenox,219,120,Yes participating without using any Provision or the CEO,true,7th Grade,12th Grade
190822000424,Lewis & Clark Elementary School,Council Bluffs Comm School District,Council Bluffs,271,92,Yes under Community Eligibility Option (CEO),false,Prekindergarten,5th Grade
191668000997,Lewis Central Middle School,Lewis Central Comm School District,Council Bluffs,720,273,Yes participating without using any Provision or the CEO,false,6th Grade,8th Grade
191668000996,Lewis Central Senior High School,Lewis Central Comm School District,Council Bluffs,1020,335,Yes participating without using any Provision or the CEO,false,9th Grade,12th Grade
192640002165,Liberty Elementary School,Sioux City Comm School District,Sioux City,659,559,Yes under Community Eligibility Option (CEO),false,Prekindergarten,5th Grade
191470002241,Liberty High School,Iowa City Comm School District,North Liberty,1286,313,Yes participating without using any Provision or the CEO,false,9th Grade,12th Grade
192211002185,Liberty Intermediate School,Ottumwa Comm School District,Ottumwa,633,307,Yes under Community Eligibility Option (CEO),false,6th Grade,7th Grade
190327000018,Lincoln Center,Albia Comm School District,Albia,320,137,Yes participating without using any Provision or the CEO,false,3rd Grade,6th Grade
190651000226,Lincoln Elementary School,Cedar Falls Comm School District,Cedar Falls,416,188,Yes participating without using any Provision or the CEO,false,Prekindergarten,6th Grade
190708000323,Lincoln Elementary School,Charles City Comm School District,Charles City,280,172,Yes participating without using any Provision or the CEO,false,2nd Grade,4th Grade
190948000614,Lincoln Elementary School,Dubuque Comm School District,Dubuque,257,185,Yes under Community Eligibility Option (CEO),false,Prekindergarten,5th Grade
191470000894,Lincoln Elementary School,Iowa City Comm School District,Iowa City,217,78,Yes participating without using any Provision or the CEO,false,Prekindergarten,5th Grade
191989001170,Lincoln Elementary School,Mount Pleasant Comm School District,Mount Pleasant,202,104,Yes participating without using any Provision or the CEO,false,1st Grade,2nd Grade
192184001301,Lincoln Elementary School,Osage Comm School District,Osage,405,119,Yes participating without using any Provision or the CEO,false,Prekindergarten,4th Grade
192247001348,Lincoln Elementary School,Pella Comm School District,Pella,254,44,Yes participating without using any Provision or the CEO,false,Prekindergarten,3rd Grade
192691002182,Lincoln Elementary School,Spencer Comm School District,Spencer,442,237,Yes participating without using any Provision or the CEO,false,3rd Grade,5th Grade
193048001729,Lincoln Elementary School,Waterloo Comm School District,Waterloo,463,375,Yes under Community Eligibility Option (CEO),false,Prekindergarten,5th Grade
190897000550,Lincoln High School,Des Moines Independent Comm School District,Des Moines,2364,1770,Yes under Community Eligibility Option (CEO),true,9th Grade,12th Grade
191878002115,Lincoln Intermediate,Mason City Comm School District,Mason City,485,258,Yes participating without using any Provision or the CEO,false,5th Grade,6th Grade
193024001702,Lincoln Upper Elementary School,Washington Comm School District,Washington,344,139,Yes participating without using any Provision or the CEO,false,3rd Grade,5th Grade
191722001525,Linn Grove Elementary School,Linn-Mar Comm School District,Marion,385,171,Yes participating without using any Provision or the CEO,false,Prekindergarten,4th Grade
191722001004,Linn-Mar High School,Linn-Mar Comm School District,Marion,2229,514,Yes participating without using any Provision or the CEO,false,9th Grade,12th Grade
191725001008,Lisbon Elementary School,Lisbon Comm School District,Lisbon,461,58,Yes participating without using any Provision or the CEO,false,Prekindergarten,6th Grade
191725001009,Lisbon Secondary School,Lisbon Comm School District,Lisbon,301,54,Yes participating without using any Provision or the CEO,false,7th Grade,12th Grade
192163000706,Little Husky Learning Center,Oelwein Comm School District,Oelwein,173,85,Yes participating without using any Provision or the CEO,false,Prekindergarten,Kindergarten
192598002312,Little Orabs Preschool,Sheldon Comm School District,Sheldon,43,3,Yes participating without using any Provision or the CEO,false,Prekindergarten,Prekindergarten
192640002211,Loess Hills Elementary,Sioux City Comm School District,Sioux City,578,414,Yes under Community Eligibility Option (CEO),false,Prekindergarten,5th Grade
192607002259,Logan Preschool,Shenandoah Comm School District,Shenandoah,87,14,Yes under Community Eligibility Option (CEO),false,Prekindergarten,Prekindergarten
191746001013,Logan-Magnolia Elementary School,Logan-Magnolia Comm School District,Logan,431,139,Yes participating without using any Provision or the CEO,false,Prekindergarten,6th Grade
191746001014,Logan-Magnolia Jr-Sr High School,Logan-Magnolia Comm School District,Logan,294,78,Yes participating without using any Provision or the CEO,false,7th Grade,12th Grade
191755001018,Lone Tree Elementary School,Lone Tree Comm School District,Lone Tree,196,65,Yes participating without using any Provision or the CEO,false,Prekindergarten,5th Grade
191755001019,Lone Tree Middle-Senior High School,Lone Tree Comm School District,Lone Tree,205,61,Yes participating without using any Provision or the CEO,false,6th Grade,12th Grade
191869002245,Longfellow Elementary,Marion Independent School District,Marion,254,108,Yes participating without using any Provision or the CEO,false,Prekindergarten,2nd Grade
190462000127,Longfellow Elementary School,Belle Plaine Comm School District,Belle Plaine,267,118,Yes participating without using any Provision or the CEO,false,Prekindergarten,6th Grade
190822000425,Longfellow Elementary School,Council Bluffs Comm School District,Council Bluffs,431,197,Yes under Community Eligibility Option (CEO),false,Prekindergarten,5th Grade
191470000895,Longfellow Elementary School,Iowa City Comm School District,Iowa City,325,174,Yes participating without using any Provision or the CEO,false,Prekindergarten,5th Grade
193048001165,Lou Henry Elementary School,Waterloo Comm School District,Waterloo,460,303,Yes under Community Eligibility Option (CEO),false,Kindergarten,5th Grade
191782001023,Louisa-Muscatine Elementary,Louisa-Muscatine Comm School District,Letts,468,181,Yes participating without using any Provision or the CEO,false,Prekindergarten,6th Grade
191782001025,Louisa-Muscatine Jr/Sr High School,Louisa-Muscatine Comm School District,Letts,353,144,Yes participating without using any Provision or the CEO,false,7th Grade,12th Grade
190897000552,Lovejoy Elementary School,Des Moines Independent Comm School District,Des Moines,394,352,Yes under Community Eligibility Option (CEO),false,Kindergarten,5th Grade
193048001731,Lowell Elementary School,Waterloo Comm School District,Waterloo,538,419,Yes under Community Eligibility Option (CEO),false,Prekindergarten,5th Grade
190336000033,Lucia Wallace Elementary School,Algona Comm School District,Algona,226,89,Yes participating without using any Provision or the CEO,false,3rd Grade,4th Grade
191803001964,Lynnville-Sully Elementary School,Lynnville-Sully Comm School District,Sully,224,65,Yes participating without using any Provision or the CEO,false,Kindergarten,5th Grade
191803001031,Lynnville-Sully High School,Lynnville-Sully Comm School District,Sully,160,36,Yes participating without using any Provision or the CEO,false,9th Grade,12th Grade
191803001994,Lynnville-Sully Middle School,Lynnville-Sully Comm School District,Sully,121,27,Yes participating without using any Provision or the CEO,false,6th Grade,8th Grade
190654000253,Madison Elementary School,Cedar Rapids Comm School District,Cedar Rapids,153,75,Yes under Community Eligibility Option (CEO),false,Kindergarten,5th Grade
190858000477,Madison Elementary School,Davenport Comm School District,Davenport,318,256,Yes under Community Eligibility Option (CEO),false,Kindergarten,5th Grade
190897000554,Madison Elementary School,Des Moines Independent Comm School District,Des Moines,285,253,Yes under Community Eligibility Option (CEO),false,Prekindergarten,5th Grade
192013001189,Madison Elementary School,Muscatine Comm School District,Muscatine,372,189,Yes under Community Eligibility Option (CEO),false,Kindergarten,6th Grade
192247001508,Madison Elementary School,Pella Comm School District,Pella,401,85,Yes participating without using any Provision or the CEO,false,Prekindergarten,3rd Grade
191818002276,Madrid Elementary Preschool,Madrid Comm School District,Madrid,23,4,Yes participating without using any Provision or the CEO,false,Prekindergarten,Prekindergarten
191818001039,Madrid Elementary School,Madrid Comm School District,Madrid,259,59,Yes participating without using any Provision or the CEO,false,Kindergarten,5th Grade
191818001040,Madrid High School,Madrid Comm School District,Madrid,195,36,Yes participating without using any Provision or the CEO,false,9th Grade,12th Grade
191818001041,Madrid Junior High School,Madrid Comm School District,Madrid,151,34,Yes participating without using any Provision or the CEO,false,6th Grade,8th Grade
191833001052,Manson Northwest Webster Elementary,Manson Northwest Webster Comm School District,Barnum,439,139,Yes participating without using any Provision or the CEO,false,Prekindergarten,6th Grade
191833001053,Manson Northwest Webster Junior High/High School,Manson Northwest Webster Comm School District,Manson,337,102,Yes participating without using any Provision or the CEO,false,7th Grade,12th Grade
190654000213,Maple Grove Elementary,Cedar Rapids Comm School District,Cedar Rapids,539,222,Yes participating without using any Provision or the CEO,false,Prekindergarten,5th Grade
193051001503,Maple Grove Elementary School,Waukee Comm School District,West Des Moines,577,195,Yes participating without using any Provision or the CEO,false,Kindergarten,5th Grade
191848001057,Maple Valley-Anthon Oto High School,Maple Valley-Anthon Oto Comm School District,Mapleton,256,96,Yes participating without using any Provision or the CEO,false,9th Grade,12th Grade
191848001059,Mapleton Elementary School,Maple Valley-Anthon Oto Comm School District,Mapleton,182,100,Yes participating without using any Provision or the CEO,false,Prekindergarten,5th Grade
191851001062,Maquoketa Community High School,Maquoketa Comm School District,Maquoketa,477,253,Yes participating without using any Provision or the CEO,false,9th Grade,12th Grade
191851001063,Maquoketa Middle School,Maquoketa Comm School District,Maquoketa,315,176,Yes participating without using any Provision or the CEO,true,6th Grade,8th Grade
191854000725,Maquoketa Valley Middle School,Maquoketa Valley Comm School District,Delhi,145,40,Yes participating without using any Provision or the CEO,false,6th Grade,8th Grade
191854001067,Maquoketa Valley Senior High School,Maquoketa Valley Comm School District,Delhi,206,66,Yes participating without using any Provision or the CEO,false,9th Grade,12th Grade
191869001075,Marion High School,Marion Independent School District,Marion,735,200,Yes participating without using any Provision or the CEO,false,9th Grade,12th Grade
191470000896,Mark Twain Elementary,Iowa City Comm School District,Iowa City,213,142,Yes participating without using any Provision or the CEO,false,Prekindergarten,5th Grade
190486000149,Mark Twain Elementary School,Bettendorf Comm School District,Bettendorf,409,193,Yes under Community Eligibility Option (CEO),false,Prekindergarten,5th Grade
191344000812,Marnie Simons Elementary School,Hamburg Comm School District,Hamburg,102,64,Yes under Community Eligibility Option (CEO),false,Prekindergarten,5th Grade
190948000615,Marshall Elementary School,Dubuque Comm School District,Dubuque,323,206,Yes under Community Eligibility Option (CEO),false,Prekindergarten,5th Grade
191872001091,Marshalltown High School,Marshalltown Comm School District,Marshalltown,1629,1183,Yes under Community Eligibility Option (CEO),true,9th Grade,12th Grade
191872002289,Marshalltown Virtual Academy,Marshalltown Comm School District,Marshalltown,90,61,Yes participating without using any Provision or the CEO,false,7th Grade,12th Grade
191875001096,Martensdale Elementary School,Martensdale-St Marys Comm School District,Martensdale,307,76,Yes participating without using any Provision or the CEO,false,Prekindergarten,6th Grade
191875001097,Martensdale-St Marys Jr-Sr High School,Martensdale-St Marys Comm School District,Martensdale,225,60,Yes participating without using any Provision or the CEO,false,7th Grade,12th Grade
193168000611,Mary Welsh Elementary,Williamsburg Comm School District,Williamsburg,604,136,Yes participating without using any Provision or the CEO,false,Prekindergarten,6th Grade
191878001107,Mason City High School,Mason City Comm School District,Mason City,891,367,Yes participating without using any Provision or the CEO,false,9th Grade,12th Grade
191878002290,Mason City Virtual Academy,Mason City Comm School District,Mason City,88,38,Yes participating without using any Provision or the CEO,false,8th Grade,12th Grade
190897000557,McCombs Middle School,Des Moines Independent Comm School District,Des Moines,670,558,Yes under Community Eligibility Option (CEO),true,6th Grade,8th Grade
191812001484,McGregor Intermediate School,MFL MarMac Comm School District,Mcgregor,130,42,Yes participating without using any Provision or the CEO,false,4th Grade,5th Grade
190897002108,McKee Elementary School,Des Moines Independent Comm School District,Des Moines,235,155,Yes under Community Eligibility Option (CEO),false,Prekindergarten,Prekindergarten
190858000479,McKinley Elementary School,Davenport Comm School District,Davenport,421,201,Yes under Community Eligibility Option (CEO),false,Kindergarten,5th Grade
190897000559,McKinley Elementary School,Des Moines Independent Comm School District,Des Moines,275,239,Yes under Community Eligibility Option (CEO),false,Prekindergarten,5th Grade
192013001190,McKinley Elementary School,Muscatine Comm School District,Muscatine,394,241,Yes under Community Eligibility Option (CEO),false,Kindergarten,6th Grade
190654000254,McKinley STEAM Academy,Cedar Rapids Comm School District,Cedar Rapids,426,258,Yes under Community Eligibility Option (CEO),true,6th Grade,8th Grade
190315002282,Meadow View Elementary,Adel DeSoto Minburn Comm School District,Adel,520,102,Yes participating without using any Provision or the CEO,false,2nd Grade,4th Grade
191893001117,Mediapolis Elementary School,Mediapolis Comm School District,Mediapolis,432,159,Yes participating without using any Provision or the CEO,false,Prekindergarten,5th Grade
191893001118,Mediapolis High School,Mediapolis Comm School District,Mediapolis,312,84,Yes participating without using any Provision or the CEO,false,9th Grade,12th Grade
191893001119,Mediapolis Middle School,Mediapolis Comm School District,Mediapolis,222,66,Yes participating without using any Provision or the CEO,false,6th Grade,8th Grade
190354000056,Meeker Elementary School,Ames Comm School District,Ames,361,152,Yes participating without using any Provision or the CEO,false,Kindergarten,5th Grade
191896001121,Melcher-Dallas Elementary,Melcher-Dallas Comm School District,Dallas,157,61,Yes participating without using any Provision or the CEO,false,Prekindergarten,6th Grade
191896001122,Melcher-Dallas High School,Melcher-Dallas Comm School District,Melcher,151,46,Yes participating without using any Provision or the CEO,false,7th Grade,12th Grade
190897000560,Meredith Middle School,Des Moines Independent Comm School District,Des Moines,662,528,Yes under Community Eligibility Option (CEO),true,6th Grade,8th Grade
190897000561,Merrill Middle School,Des Moines Independent Comm School District,Des Moines,657,287,Yes under Community Eligibility Option (CEO),false,6th Grade,8th Grade
190654000259,Metro High School,Cedar Rapids Comm School District,Cedar Rapids,288,228,Yes under Community Eligibility Option (CEO),true,9th Grade,12th Grade
191812001038,Mfl Marmac Elementary School,MFL MarMac Comm School District,Monona,318,91,Yes participating without using any Provision or the CEO,false,Prekindergarten,3rd Grade
191812001036,Mfl Marmac High School,MFL MarMac Comm School District,Monona,263,81,Yes participating without using any Provision or the CEO,false,9th Grade,12th Grade
191812001068,Mfl Marmac Middle School,MFL MarMac Comm School District,Mcgregor,168,58,Yes participating without using any Provision or the CEO,false,6th Grade,8th Grade
190858002009,Mid City High,Davenport Comm School District,Davenport,306,174,Yes under Community Eligibility Option (CEO),true,8th Grade,12th Grade
191914001130,Mid-Prairie East Elementary School,Mid-Prairie Comm School District,Kalona,255,57,Yes participating without using any Provision or the CEO,false,Kindergarten,2nd Grade
191914001131,Mid-Prairie High School,Mid-Prairie Comm School District,Wellman,362,107,Yes participating without using any Provision or the CEO,false,9th Grade,12th Grade
191914001132,Mid-Prairie Middle School,Mid-Prairie Comm School District,Kalona,415,113,Yes participating without using any Provision or the CEO,false,5th Grade,8th Grade
191914002277,Mid-Prairie Virtual Academy,Mid-Prairie Comm School District,Wellman,31,4,Yes participating without using any Provision or the CEO,false,Kindergarten,12th Grade
191914001134,Mid-Prairie West Elementary School,Mid-Prairie Comm School District,Wellman,330,63,Yes participating without using any Provision or the CEO,false,3rd Grade,4th Grade
191920002162,Midland Elementary,Midland Comm School District,Oxford Junction,236,103,Yes participating without using any Provision or the CEO,false,Prekindergarten,5th Grade
191920001563,Midland Middle/High School,Midland Comm School District,Wyoming,268,116,Yes participating without using any Provision or the CEO,false,6th Grade,12th Grade
191944001145,Missouri Valley Elementary,Missouri Valley Comm School District,Missouri Valley,359,184,Yes participating without using any Provision or the CEO,false,Prekindergarten,5th Grade
191944001146,Missouri Valley High School,Missouri Valley Comm School District,Missouri Valley,228,89,Yes participating without using any Provision or the CEO,false,9th Grade,12th Grade
191944001147,Missouri Valley Middle School,Missouri Valley Comm School District,Missouri Valley,158,74,Yes participating without using any Provision or the CEO,true,6th Grade,8th Grade
190897002166,Mitchell Early Childhood Center,Des Moines Independent Comm School District,Des Moines,292,196,Yes under Community Eligibility Option (CEO),false,Prekindergarten,Prekindergarten
190354000054,Mitchell Elementary School,Ames Comm School District,Ames,314,175,Yes participating without using any Provision or the CEO,false,Kindergarten,5th Grade
192682001570,Mitchellville Elementary,Southeast Polk Comm School District,Mitchellville,255,79,Yes participating without using any Provision or the CEO,false,Prekindergarten,5th Grade
191863001072,Mmcru High School,Marcus-Meriden-Cleghorn Comm School District,Marcus,213,62,Yes participating without using any Provision or the CEO,false,9th Grade,12th Grade
191863002226,Mmcru Marcus Elementary,Marcus-Meriden-Cleghorn Comm School District,Marcus,166,53,Yes participating without using any Provision or the CEO,false,Prekindergarten,4th Grade
191884000710,Moc-Floyd Valley Elementary School,MOC-Floyd Valley Comm School District,Orange City,672,205,Yes participating without using any Provision or the CEO,false,Prekindergarten,5th Grade
191884001112,Moc-Floyd Valley High School,MOC-Floyd Valley Comm School District,Orange City,486,102,Yes participating without using any Provision or the CEO,false,9th Grade,12th Grade
191884000708,Moc-Floyd Valley Middle School,MOC-Floyd Valley Comm School District,Alton,337,89,Yes participating without using any Provision or the CEO,false,6th Grade,8th Grade
190897000563,Monroe Elementary School,Des Moines Independent Comm School District,Des Moines,341,308,Yes under Community Eligibility Option (CEO),false,Kindergarten,5th Grade
199901702063,Monroe Elementary School,PCM Comm School District,Monroe,257,65,Yes participating without using any Provision or the CEO,false,Prekindergarten,2nd Grade
191959001149,Montezuma Elementary School,Montezuma Comm School District,Montezuma,218,88,Yes participating without using any Provision or the CEO,false,Prekindergarten,5th Grade
191959001150,Montezuma High School,Montezuma Comm School District,Montezuma,140,46,Yes participating without using any Provision or the CEO,false,9th Grade,12th Grade
191959001151,Montezuma Junior High School,Montezuma Comm School District,Montezuma,106,42,Yes participating without using any Provision or the CEO,false,6th Grade,8th Grade
191965001153,Monticello High School,Monticello Comm School District,Monticello,320,99,Yes participating without using any Provision or the CEO,false,9th Grade,12th Grade
191965002000,Monticello Middle School,Monticello Comm School District,Monticello,305,105,Yes participating without using any Provision or the CEO,false,5th Grade,8th Grade
190897002228,Moore Elementary School,Des Moines Independent Comm School District,Des Moines,285,191,Yes under Community Eligibility Option (CEO),false,Kindergarten,5th Grade
191971001156,Moravia Elementary School,Moravia Comm School District,Moravia,148,73,Yes participating without using any Provision or the CEO,false,Prekindergarten,5th Grade
191971001157,Moravia High School,Moravia Comm School District,Moravia,207,89,Yes participating without using any Provision or the CEO,false,6th Grade,12th Grade
191974001158,Mormon Trail Elementary School,Mormon Trail Comm School District,Humeston,132,84,Yes participating without using any Provision or the CEO,false,Prekindergarten,6th Grade
191974001160,Mormon Trail Jr-Sr High School,Mormon Trail Comm School District,Humeston,98,58,Yes participating without using any Provision or the CEO,false,7th Grade,12th Grade
191977001161,Morning Sun Elementary School,Morning Sun Comm School District,Morning Sun,119,46,Yes participating without using any Provision or the CEO,false,Prekindergarten,6th Grade
192640002220,Morningside Elementary,Sioux City Comm School District,Sioux City,645,405,Yes under Community Eligibility Option (CEO),false,Prekindergarten,5th Grade
190507002209,Morris Elementary,Bondurant-Farrar Comm School District,Bondurant,601,82,Yes participating without using any Provision or the CEO,false,Prekindergarten,2nd Grade
190897000583,Morris Elementary School,Des Moines Independent Comm School District,Des Moines,519,455,Yes under Community Eligibility Option (CEO),false,Kindergarten,5th Grade
190897000565,Moulton Elementary School,Des Moines Independent Comm School District,Des Moines,465,438,Yes under Community Eligibility Option (CEO),false,Prekindergarten,5th Grade
191980001163,Moulton Elementary School,Moulton-Udell Comm School District,Moulton,103,68,Yes participating without using any Provision or the CEO,false,Prekindergarten,6th Grade
191980001164,Moulton-Udell High School,Moulton-Udell Comm School District,Moulton,85,48,Yes participating without using any Provision or the CEO,true,7th Grade,12th Grade
191986001166,Mount Ayr Elementary,Mount Ayr Comm School District,Mount Ayr,280,116,Yes under Community Eligibility Option (CEO),false,Prekindergarten,5th Grade
191986001167,Mount Ayr High School,Mount Ayr Comm School District,Mount Ayr,304,136,Yes under Community Eligibility Option (CEO),false,6th Grade,12th Grade
191989001172,Mount Pleasant High School,Mount Pleasant Comm School District,Mount Pleasant,545,213,Yes participating without using any Provision or the CEO,false,9th Grade,12th Grade
191989001173,Mount Pleasant Middle School,Mount Pleasant Comm School District,Mount Pleasant,383,170,Yes participating without using any Provision or the CEO,true,6th Grade,8th Grade
192004001883,Mount Vernon High School,Mount Vernon Comm School District,Mount Vernon,470,62,Yes participating without using any Provision or the CEO,false,9th Grade,12th Grade
192004001178,Mount Vernon Middle School,Mount Vernon Comm School District,Mount Vernon,425,67,Yes participating without using any Provision or the CEO,false,5th Grade,8th Grade
193195001863,Moville Elementary School,Woodbury Central Comm School District,Moville,283,102,Yes participating without using any Provision or the CEO,false,Prekindergarten,5th Grade
192013001192,Mulberry Elementary School,Muscatine Comm School District,Muscatine,293,93,Yes participating without using any Provision or the CEO,false,Kindergarten,6th Grade
192010001180,Murray Elementary School,Murray Comm School District,Murray,165,82,Yes participating without using any Provision or the CEO,false,Prekindergarten,5th Grade
192010001181,Murray Jr/Sr High,Murray Comm School District,Murray,145,56,Yes participating without using any Provision or the CEO,false,6th Grade,12th Grade
192013001193,Muscatine High School,Muscatine Comm School District,Muscatine,1380,592,Yes participating without using any Provision or the CEO,false,9th Grade,12th Grade
192013001183,Muskie Early Learning Center,Muscatine Comm School District,Muscatine,261,114,Yes under Community Eligibility Option (CEO),false,Prekindergarten,Prekindergarten
191848000079,Mvao Middle School,Maple Valley-Anthon Oto Comm School District,Anthon,100,52,Yes participating without using any Provision or the CEO,true,6th Grade,8th Grade
192019001196,Nashua-Plainfield Elementary School,Nashua-Plainfield Comm School District,Nashua,281,65,Yes participating without using any Provision or the CEO,false,Prekindergarten,5th Grade
192019001197,Nashua-Plainfield Junior-Senior High School,Nashua-Plainfield Comm School District,Nashua,311,91,Yes participating without using any Provision or the CEO,false,6th Grade,12th Grade
190486000150,Neil Armstrong Elementary School,Bettendorf Comm School District,Bettendorf,268,142,Yes under Community Eligibility Option (CEO),false,Prekindergarten,5th Grade
192094001254,Neil Armstrong Elementary School,North Scott Comm School District,Eldridge,369,143,Yes participating without using any Provision or the CEO,false,Prekindergarten,6th Grade
192025001202,Nevada High School,Nevada Comm School District,Nevada,498,182,Yes participating without using any Provision or the CEO,false,9th Grade,12th Grade
192025002072,Nevada Middle School,Nevada Comm School District,Nevada,442,186,Yes participating without using any Provision or the CEO,false,5th Grade,8th Grade
191041000666,New Albin Elementary School,Eastern Allamakee Comm School District,New Albin,147,63,Yes participating without using any Provision or the CEO,false,Prekindergarten,4th Grade
192034001205,New Hampton Elementary School,New Hampton Comm School District,New Hampton,504,203,Yes participating without using any Provision or the CEO,false,Prekindergarten,4th Grade
192034001206,New Hampton High School,New Hampton Comm School District,New Hampton,318,119,Yes participating without using any Provision or the CEO,false,9th Grade,12th Grade
192034001922,New Hampton Middle School,New Hampton Comm School District,New Hampton,304,137,Yes participating without using any Provision or the CEO,false,5th Grade,8th Grade
190912001208,New Hartford Elementary School,Dike-New Hartford Comm School District,New Hartford,147,34,Yes participating without using any Provision or the CEO,false,Prekindergarten,5th Grade
192046001210,New London Jr-Sr High School,New London Comm School District,New London,284,117,Yes participating without using any Provision or the CEO,false,6th Grade,12th Grade
192058001217,Newell-Fonda Elementary,Newell-Fonda Comm School District,Newell,280,131,Yes participating without using any Provision or the CEO,false,Prekindergarten,5th Grade
192058001218,Newell-Fonda High School,Newell-Fonda Comm School District,Newell,138,48,Yes participating without using any Provision or the CEO,true,9th Grade,12th Grade
192058000713,Newell-Fonda Middle School,Newell-Fonda Comm School District,Newell,124,52,Yes participating without using any Provision or the CEO,false,6th Grade,8th Grade
192061001226,Newton Senior High School,Newton Comm School District,Newton,806,343,Yes participating without using any Provision or the CEO,false,9th Grade,12th Grade
190654000255,Nixon Elementary School,Cedar Rapids Comm School District,Hiawatha,289,195,Yes under Community Eligibility Option (CEO),false,Prekindergarten,5th Grade
191311000786,Nodaway Valley Elementary School,Nodaway Valley Comm School District,Greenfield,312,129,Yes participating without using any Provision or the CEO,false,Prekindergarten,5th Grade
191311000788,Nodaway Valley High School,Nodaway Valley Comm School District,Greenfield,180,64,Yes participating without using any Provision or the CEO,false,9th Grade,12th Grade
191311000170,Nodaway Valley Middle School,Nodaway Valley Comm School District,Fontanelle,144,72,Yes participating without using any Provision or the CEO,true,6th Grade,8th Grade
192640001521,Nodland Elementary School,Sioux City Comm School District,Sioux City,249,64,Yes participating without using any Provision or the CEO,false,Kindergarten,2nd Grade
191470002168,Norman Borlaug Elementary School,Iowa City Comm School District,Coralville,405,177,Yes participating without using any Provision or the CEO,false,Prekindergarten,5th Grade
190759002103,North Bend Elementary,Clear Creek Amana Comm School District,North Liberty,326,99,Yes participating without using any Provision or the CEO,false,Kindergarten,3rd Grade
190345000042,North Butler Elementary,North Butler Comm School District,Allison,271,71,Yes participating without using any Provision or the CEO,false,Prekindergarten,6th Grade
190345000785,North Butler Jr/Sr High School,North Butler Comm School District,Greene,254,70,Yes participating without using any Provision or the CEO,false,7th Grade,12th Grade
190651000227,North Cedar Elementary School,Cedar Falls Comm School District,Cedar Falls,292,145,Yes participating without using any Provision or the CEO,false,Prekindergarten,6th Grade
191710001001,North Cedar Jr/Sr High School,North Cedar Comm School District,Clarence,243,108,Yes participating without using any Provision or the CEO,false,7th Grade,12th Grade
191710001947,North Cedar Lowden Elementary Center,North Cedar Comm School District,Lowden,168,64,Yes participating without using any Provision or the CEO,false,Prekindergarten,6th Grade
191710001000,North Cedar Mechanicsville Elementary Center,North Cedar Comm School District,Mechanicsville,139,66,Yes participating without using any Provision or the CEO,false,Prekindergarten,6th Grade
191470001392,North Central Middle School,Iowa City Comm School District,North Liberty,925,256,Yes participating without using any Provision or the CEO,false,6th Grade,8th Grade
190690000816,North Elementary School,Central Decatur Comm School District,Leon,168,110,Yes participating without using any Provision or the CEO,false,3rd Grade,6th Grade
190000601232,North Fayette Valley High School,North Fayette Valley Comm School District,West Union,323,119,Yes participating without using any Provision or the CEO,false,9th Grade,12th Grade
190000602255,North Fayette Valley Middle School,North Fayette Valley Comm School District,Elgin,312,119,Yes participating without using any Provision or the CEO,true,5th Grade,8th Grade
190858001977,North High School,Davenport Comm School District,Davenport,1190,618,Yes participating without using any Provision or the CEO,true,9th Grade,12th Grade
190897000566,North High School,Des Moines Independent Comm School District,Des Moines,1428,1199,Yes under Community Eligibility Option (CEO),true,9th Grade,12th Grade
192640001522,North High School,Sioux City Comm School District,Sioux City,1529,967,Yes participating without using any Provision or the CEO,true,9th Grade,12th Grade
190579000190,North Hill Elementary School,Burlington Comm School District,Burlington,268,163,Yes under Community Eligibility Option (CEO),false,Kindergarten,4th Grade
190575000176,North Iowa Elementary Buffalo Center,North Iowa Comm School District,Buffalo Center,227,89,Yes participating without using any Provision or the CEO,false,Prekindergarten,5th Grade
190575000177,North Iowa High School,North Iowa Comm School District,Buffalo Center,124,51,Yes participating without using any Provision or the CEO,false,9th Grade,12th Grade
190575001620,North Iowa Middle School,North Iowa Comm School District,Buffalo Center,115,44,Yes participating without using any Provision or the CEO,true,6th Grade,8th Grade
192083001887,North Kossuth Elementary School,North Kossuth Comm School District,Swea City,131,71,Yes participating without using any Provision or the CEO,false,Prekindergarten,5th Grade
192082001244,North Linn Elementary,North Linn Comm School District,Troy Mills,281,66,Yes participating without using any Provision or the CEO,false,Prekindergarten,5th Grade
192085001246,North Mahaska Elementary School,North Mahaska Comm School District,New Sharon,301,76,Yes participating without using any Provision or the CEO,false,Prekindergarten,6th Grade
192085001245,North Mahaska Jr-Sr High School,North Mahaska Comm School District,New Sharon,275,68,Yes participating without using any Provision or the CEO,false,7th Grade,12th Grade
192640001287,North Middle School,Sioux City Comm School District,Sioux City,1136,1104,Yes under Community Eligibility Option (CEO),true,6th Grade,8th Grade
193051002344,North Middle School,Waukee Comm School District,Waukee,,,,true,,
192091001923,North Polk Central Elementary School,North Polk Comm School District,Alleman,408,39,Yes participating without using any Provision or the CEO,false,Prekindergarten,5th Grade
192091001248,North Polk High School,North Polk Comm School District,Alleman,644,66,Yes participating without using any Provision or the CEO,false,9th Grade,12th Grade
192091002095,North Polk Middle School,North Polk Comm School District,Alleman,504,43,Yes participating without using any Provision or the CEO,false,6th Grade,8th Grade
192091001249,North Polk West Elementary School,North Polk Comm School District,Polk City,396,29,Yes participating without using any Provision or the CEO,false,Prekindergarten,2nd Grade
190852002099,North Ridge Elementary,Dallas Center-Grimes Comm School District,Grimes,412,55,Yes participating without using any Provision or the CEO,false,Kindergarten,4th Grade
193054002341,North Ridge Elementary,Waverly-Shell Rock Comm School District,Waverly,397,81,Yes participating without using any Provision or the CEO,false,Kindergarten,4th Grade
192094001256,North Scott High School,North Scott Comm School District,Eldridge,1081,236,Yes participating without using any Provision or the CEO,false,9th Grade,12th Grade
192094001255,North Scott Junior High School,North Scott Comm School District,Eldridge,531,139,Yes participating without using any Provision or the CEO,false,7th Grade,8th Grade
191347000817,North Side Elementary School,Hampton-Dumont Comm School District,Hampton,145,86,Yes participating without using any Provision or the CEO,false,Prekindergarten,Kindergarten
192100001260,North Tama Elementary,North Tama County Comm School District,Traer,276,120,Yes participating without using any Provision or the CEO,false,Prekindergarten,6th Grade
192100001258,North Tama High School,North Tama County Comm School District,Traer,203,87,Yes participating without using any Provision or the CEO,false,7th Grade,12th Grade
190385001458,North Union Elementary,North Union Comm School District,Fenton,130,71,Yes participating without using any Provision or the CEO,false,Prekindergarten,5th Grade
190385001899,North Union High School,North Union Comm School District,Armstrong,170,78,Yes participating without using any Provision or the CEO,false,9th Grade,12th Grade
192083002179,North Union Middle School,North Kossuth Comm School District,Swea City,110,65,Yes under Community Eligibility Option (CEO),true,6th Grade,8th Grade
192082001242,North-Linn Middle School,North Linn Comm School District,Troy Mills,111,26,Yes participating without using any Provision or the CEO,false,6th Grade,8th Grade
192082001243,North-Linn Senior High School,North Linn Comm School District,Troy Mills,158,39,Yes participating without using any Provision or the CEO,false,9th Grade,12th Grade
190369000148,Northeast Elementary,Ankeny Comm School District,Ankeny,595,75,Yes participating without using any Provision or the CEO,false,Kindergarten,5th Grade
191269000768,Northeast Elementary School,Glenwood Comm School District,Glenwood,538,246,Yes participating without using any Provision or the CEO,false,Prekindergarten,2nd Grade
192109001265,Northeast Elementary School,Northeast Comm School District,Goose Lake,394,108,Yes participating without using any Provision or the CEO,false,Prekindergarten,5th Grade
193063001888,Northeast Hamilton Elementary School,Webster City Comm School District,Blairsburg,208,126,Yes participating without using any Provision or the CEO,false,Prekindergarten,6th Grade
192109001266,Northeast Middle-High School,Northeast Comm School District,Goose Lake,452,131,Yes participating without using any Provision or the CEO,false,6th Grade,12th Grade
191584002132,Northstar Elementary School,Knoxville Comm School District,Knoxville,348,171,Yes participating without using any Provision or the CEO,false,3rd Grade,5th Grade
190369000380,Northview Middle School,Ankeny Comm School District,Ankeny,1021,175,Yes participating without using any Provision or the CEO,false,8th Grade,9th Grade
190369000074,Northwest Elementary School,Ankeny Comm School District,Ankeny,346,129,Yes participating without using any Provision or the CEO,false,Kindergarten,5th Grade
193051002303,Northwest High School,Waukee Comm School District,Waukee,1574,183,Yes participating without using any Provision or the CEO,false,10th Grade,12th Grade
191470000897,Northwest Middle School,Iowa City Comm School District,Coralville,1113,503,Yes participating without using any Provision or the CEO,false,6th Grade,8th Grade
190354001906,Northwood Pre-School,Ames Comm School District,Ames,244,100,Yes participating without using any Provision or the CEO,false,Prekindergarten,Prekindergarten
192121001270,Northwood-Kensett Elementary,Northwood-Kensett Comm School District,Northwood,287,86,Yes participating without using any Provision or the CEO,false,Prekindergarten,5th Grade
192121001271,Northwood-Kensett Middle/High School,Northwood-Kensett Comm School District,Northwood,265,80,Yes participating without using any Provision or the CEO,false,6th Grade,12th Grade
192124001274,Norwalk Middle School,Norwalk Comm School District,Norwalk,824,149,Yes participating without using any Provision or the CEO,false,6th Grade,8th Grade
192124001275,Norwalk Senior High School,Norwalk Comm School District,Norwalk,1035,156,Yes participating without using any Provision or the CEO,false,9th Grade,12th Grade
190483002230,Norway Elementary School,Benton Comm School District,Norway,336,85,Yes participating without using any Provision or the CEO,false,4th Grade,6th Grade
191722001006,Novak Elementary School,Linn-Mar Comm School District,Marion,347,92,Yes participating without using any Provision or the CEO,false,Kindergarten,4th Grade
190759002332,Oak Hill Elementary,Clear Creek Amana Comm School District,Tiffin,173,53,Yes participating without using any Provision or the CEO,false,2nd Grade,3rd Grade
190897000567,Oak Park,Des Moines Independent Comm School District,Des Moines,288,226,Yes under Community Eligibility Option (CEO),false,Kindergarten,5th Grade
191722000810,Oak Ridge Middle School,Linn-Mar Comm School District,Marion,534,114,Yes participating without using any Provision or the CEO,false,7th Grade,8th Grade
190002710279,Oakland Elementary,Riverside Comm School District,Oakland,178,75,Yes participating without using any Provision or the CEO,false,Prekindergarten,2nd Grade
192160002248,Odebolt Arthur Battle Creek Ida Grove High School,Odebolt Arthur Battle Creek Ida Grove Comm School District,Ida Grove,326,130,Yes participating without using any Provision or the CEO,false,9th Grade,12th Grade
192160001285,Odebolt Arthur Battle Creek Ida Grove Middle School,Odebolt Arthur Battle Creek Ida Grove Comm School District,Odebolt,186,80,Yes participating without using any Provision or the CEO,true,6th Grade,8th Grade
192160002247,Odebolt Elementary-Ida Grove,Odebolt Arthur Battle Creek Ida Grove Comm School District,Ida Grove,308,156,Yes participating without using any Provision or the CEO,false,Prekindergarten,5th Grade
192160001283,Odebolt Elementary-Odebolt,Odebolt Arthur Battle Creek Ida Grove Comm School District,Odebolt,114,50,Yes participating without using any Provision or the CEO,false,Kindergarten,5th Grade
192163001288,Oelwein High School,Oelwein Comm School District,Oelwein,334,142,Yes participating without using any Provision or the CEO,true,9th Grade,12th Grade
192163001289,Oelwein Middle School,Oelwein Comm School District,Oelwein,350,184,Yes participating without using any Provision or the CEO,true,5th Grade,8th Grade
192163002292,Oelwein Online School,Oelwein Comm School District,Oelwein,175,91,Yes participating without using any Provision or the CEO,false,Prekindergarten,12th Grade
192166001293,Ogden Elementary School,Ogden Comm School District,Ogden,321,82,Yes participating without using any Provision or the CEO,false,Prekindergarten,5th Grade
192166001295,Ogden High School,Ogden Comm School District,Ogden,234,49,Yes participating without using any Provision or the CEO,false,9th Grade,12th Grade
192166001294,Ogden Middle School,Ogden Comm School District,Ogden,158,31,Yes participating without using any Provision or the CEO,false,6th Grade,8th Grade
190002102004,Okoboji Elementary School,Okoboji Comm School District,Milford,491,156,Yes participating without using any Provision or the CEO,false,Prekindergarten,4th Grade
190002102002,Okoboji High School,Okoboji Comm School District,Milford,366,105,Yes participating without using any Provision or the CEO,false,9th Grade,12th Grade
190002102003,Okoboji Middle School,Okoboji Comm School District,Milford,339,107,Yes participating without using any Provision or the CEO,true,5th Grade,8th Grade
192172001296,Olin Elementary School,Olin Consolidated School District,Olin,74,31,Yes participating without using any Provision or the CEO,false,Prekindergarten,6th Grade
192868002302,Olmsted Elementary School,Urbandale Comm School District,Urbandale,622,317,Yes participating without using any Provision or the CEO,false,Prekindergarten,5th Grade
193048001734,Orange Elementary School,Waterloo Comm School District,Waterloo,518,257,Yes under Community Eligibility Option (CEO),false,Prekindergarten,5th Grade
190651000228,Orchard Hill Elementary School,Cedar Falls Comm School District,Cedar Falls,458,131,Yes participating without using any Provision or the CEO,false,Prekindergarten,6th Grade
192124002279,Orchard Hills Elementary,Norwalk Comm School District,Norwalk,558,133,Yes participating without using any Provision or the CEO,false,2nd Grade,3rd Grade
192181001298,Orient Elementary School,Orient-Macksburg Comm School District,Orient,58,30,Yes participating without using any Provision or the CEO,false,Prekindergarten,6th Grade
192181001299,Orient-Macksburg Senior High School,Orient-Macksburg Comm School District,Orient,50,28,Yes participating without using any Provision or the CEO,true,7th Grade,12th Grade
192184001302,Osage High School,Osage Comm School District,Osage,294,83,Yes participating without using any Provision or the CEO,false,9th Grade,12th Grade
192184001303,Osage Middle School,Osage Comm School District,Osage,289,103,Yes participating without using any Provision or the CEO,false,5th Grade,8th Grade
192187002087,Oskaloosa Early Childhood Center - PK,Oskaloosa Comm School District,Oskaloosa,109,23,Yes participating without using any Provision or the CEO,false,Prekindergarten,Prekindergarten
192187001094,Oskaloosa Elementary School,Oskaloosa Comm School District,Oskaloosa,903,406,Yes participating without using any Provision or the CEO,false,Kindergarten,5th Grade
192187001309,Oskaloosa High School,Oskaloosa Comm School District,Oskaloosa,632,241,Yes participating without using any Provision or the CEO,false,9th Grade,12th Grade
192187001310,Oskaloosa Middle School,Oskaloosa Comm School District,Oskaloosa,404,174,Yes participating without using any Provision or the CEO,true,6th Grade,8th Grade
192211001322,Ottumwa High School,Ottumwa Comm School District,Ottumwa,910,340,Yes under Community Eligibility Option (CEO),true,10th Grade,12th Grade
192211002294,Ottumwa Virtual Learning,Ottumwa Comm School District,Ottumwa,106,66,Yes participating without using any Provision or the CEO,false,Prekindergarten,12th Grade
192124001276,Oviatt Elementary School,Norwalk Comm School District,Norwalk,548,79,Yes participating without using any Provision or the CEO,false,Prekindergarten,1st Grade
190002500606,Panorama Elementary,Panorama Comm School District,Panora,306,97,Yes participating without using any Provision or the CEO,false,Prekindergarten,5th Grade
190002501334,Panorama High School,Panorama Comm School District,Panora,220,68,Yes participating without using any Provision or the CEO,false,9th Grade,12th Grade
190002501335,Panorama Middle School,Panorama Comm School District,Panora,146,51,Yes participating without using any Provision or the CEO,true,6th Grade,8th Grade
190897000569,Park Ave Elementary School,Des Moines Independent Comm School District,Des Moines,380,314,Yes under Community Eligibility Option (CEO),false,Kindergarten,5th Grade
190375001336,Parkersburg Elementary School,Aplington-Parkersburg Comm School District,Parkersburg,211,65,Yes participating without using any Provision or the CEO,false,Prekindergarten,2nd Grade
191869001077,Parkview Elementary School,Marion Independent School District,Marion,267,113,Yes participating without using any Provision or the CEO,false,Prekindergarten,2nd Grade
190369000073,Parkview Middle School,Ankeny Comm School District,Ankeny,865,236,Yes participating without using any Provision or the CEO,false,6th Grade,7th Grade
192238001338,Paton-Churdan Elementary,Paton-Churdan Comm School District,Churdan,86,48,Yes participating without using any Provision or the CEO,false,Prekindergarten,5th Grade
192238001339,Paton-Churdan Jr-Sr High School,Paton-Churdan Comm School District,Churdan,99,47,Yes participating without using any Provision or the CEO,false,6th Grade,12th Grade
190486000146,Paul Norton Elementary School,Bettendorf Comm School District,Bettendorf,403,68,Yes participating without using any Provision or the CEO,false,Kindergarten,5th Grade
199901702060,Pcm High School,PCM Comm School District,Monroe,348,68,Yes participating without using any Provision or the CEO,false,9th Grade,12th Grade
199901702061,Pcm Middle School,PCM Comm School District,Prairie City,232,56,Yes participating without using any Provision or the CEO,false,6th Grade,8th Grade
190651000229,Peet Junior High School,Cedar Falls Comm School District,Cedar Falls,695,141,Yes participating without using any Provision or the CEO,false,7th Grade,9th Grade
192244001343,Pekin Community Junior/ Senior High School,Pekin Comm School District,Packwood,258,109,Yes participating without using any Provision or the CEO,false,7th Grade,12th Grade
192244001345,Pekin Elementary School,Pekin Comm School District,Packwood,308,139,Yes participating without using any Provision or the CEO,false,Prekindergarten,6th Grade
192247001350,Pella High School,Pella Comm School District,Pella,801,117,Yes participating without using any Provision or the CEO,false,9th Grade,12th Grade
192247001351,Pella Middle School,Pella Comm School District,Pella,375,59,Yes participating without using any Provision or the CEO,false,7th Grade,8th Grade
191134000698,Pence Elementary,Fairfield Comm School District,Fairfield,317,179,Yes participating without using any Provision or the CEO,false,2nd Grade,4th Grade
191470000898,Penn Elementary School,Iowa City Comm School District,North Liberty,512,68,Yes participating without using any Provision or the CEO,false,Prekindergarten,5th Grade
193135001346,Peosta Elementary School,Western Dubuque Comm School District,Peosta,425,47,Yes participating without using any Provision or the CEO,false,Prekindergarten,5th Grade
190897000570,Perkins Elementary School,Des Moines Independent Comm School District,Des Moines,438,275,Yes under Community Eligibility Option (CEO),false,Kindergarten,5th Grade
191533002057,Perry #1 Elementary School,Jesup Comm School District,Independence,29,3,Yes participating without using any Provision or the CEO,false,Kindergarten,8th Grade
192640002237,Perry Creek Elementary School,Sioux City Comm School District,Sioux City,635,286,Yes participating without using any Provision or the CEO,false,Kindergarten,5th Grade
192253000051,Perry Elementary,Perry Comm School District,Perry,816,490,Yes participating without using any Provision or the CEO,false,Prekindergarten,5th Grade
192253001355,Perry High School,Perry Comm School District,Perry,549,299,Yes participating without using any Provision or the CEO,true,9th Grade,12th Grade
192253001356,Perry Middle School,Perry Comm School District,Perry,370,212,Yes participating without using any Provision or the CEO,true,6th Grade,8th Grade
190897000571,Phillips Elementary,Des Moines Independent Comm School District,Des Moines,263,208,Yes under Community Eligibility Option (CEO),false,Kindergarten,5th Grade
192211002034,Pickwick Early Childhood Center,Ottumwa Comm School District,Ottumwa,560,243,Yes under Community Eligibility Option (CEO),false,Prekindergarten,Kindergarten
190654000256,Pierce Elementary School,Cedar Rapids Comm School District,Cedar Rapids,334,110,Yes participating without using any Provision or the CEO,false,Kindergarten,5th Grade
191575000943,Pierson Middle School,Kingsley-Pierson Comm School District,Pierson,126,48,Yes participating without using any Provision or the CEO,true,5th Grade,8th Grade
191473000908,Pineview Elementary,Iowa Falls Comm School District,Iowa Falls,281,113,Yes participating without using any Provision or the CEO,false,Prekindergarten,1st Grade
190897000572,Pleasant Hill Elementary School,Des Moines Independent Comm School District,Des Moines,241,166,Yes under Community Eligibility Option (CEO),false,Prekindergarten,5th Grade
192311001364,Pleasant Valley High School,Pleasant Valley Comm School District,Bettendorf,1731,193,Yes participating without using any Provision or the CEO,false,9th Grade,12th Grade
192311001361,Pleasant Valley Junior High School,Pleasant Valley Comm School District,LeClaire,940,90,Yes participating without using any Provision or the CEO,false,7th Grade,8th Grade
192311001365,Pleasant View Elementary School,Pleasant Valley Comm School District,Bettendorf,621,53,Yes participating without using any Provision or the CEO,false,Kindergarten,6th Grade
193063001760,Pleasant View Elementary School,Webster City Comm School District,Webster City,210,107,Yes participating without using any Provision or the CEO,false,Prekindergarten,1st Grade
192316001367,Pleasantville Elementary,Pleasantville Comm School District,Pleasantville,456,136,Yes participating without using any Provision or the CEO,false,Prekindergarten,6th Grade
192316001369,Pleasantville High School,Pleasantville Comm School District,Pleasantville,241,75,Yes participating without using any Provision or the CEO,false,9th Grade,12th Grade
192316001403,Pleasantville Middle School,Pleasantville Comm School District,Pleasantville,128,43,Yes participating without using any Provision or the CEO,false,7th Grade,8th Grade
192319001372,Pocahontas Area Elementary School,Pocahontas Area Comm School District,Pocahontas,265,133,Yes participating without using any Provision or the CEO,false,Kindergarten,6th Grade
192319001373,Pocahontas Area Middle/ High School,Pocahontas Area Comm School District,Pocahontas,367,197,Yes participating without using any Provision or the CEO,true,7th Grade,12th Grade
192319000377,Pocahontas Area Regional Learning Center,Pocahontas Area Comm School District,Pocahontas,27,13,Yes participating without using any Provision or the CEO,true,9th Grade,12th Grade
192334002296,Postville Early Childhood Preschool/Post St/Rec Center,Postville Comm School District,Postville,14,3,Yes participating without using any Provision or the CEO,false,Prekindergarten,Prekindergarten
192334002297,Postville Early Childhood/Ogden St,Postville Comm School District,Postville,18,3,Yes participating without using any Provision or the CEO,false,Prekindergarten,Prekindergarten
193048001546,Poyner Elementary,Waterloo Comm School District,Evansdale,362,217,Yes under Community Eligibility Option (CEO),false,Prekindergarten,5th Grade
199901702062,Prairie City Elementary School,PCM Comm School District,Prairie City,240,66,Yes participating without using any Provision or the CEO,false,3rd Grade,5th Grade
190786002113,Prairie Creek,College Comm School District,Cedar Rapids,846,289,Yes participating without using any Provision or the CEO,false,5th Grade,6th Grade
190786000389,Prairie Crest Elementary,College Comm School District,Cedar Rapids,434,189,Yes participating without using any Provision or the CEO,false,Prekindergarten,4th Grade
190786000104,Prairie Crossing,College Comm School District,Cedar Rapids,67,47,Yes participating without using any Provision or the CEO,false,Kindergarten,12th Grade
190786002263,Prairie Early Childhood Center,College Comm School District,Cedar Rapids,74,29,Yes participating without using any Provision or the CEO,false,Prekindergarten,Prekindergarten
191533002016,Prairie Grove Elementary School,Jesup Comm School District,Hazelton,23,3,Yes participating without using any Provision or the CEO,false,Kindergarten,8th Grade
190786000387,Prairie Heights Elementary School,College Comm School District,Cedar Rapids,403,162,Yes participating without using any Provision or the CEO,false,Prekindergarten,4th Grade
190786000388,Prairie High School,College Comm School District,Cedar Rapids,1766,526,Yes participating without using any Provision or the CEO,false,9th Grade,12th Grade
190786002216,Prairie Hill Elementary School,College Comm School District,Cedar Rapids,466,164,Yes participating without using any Provision or the CEO,false,Prekindergarten,4th Grade
190786002110,Prairie Point,College Comm School District,Cedar Rapids,868,326,Yes participating without using any Provision or the CEO,false,7th Grade,8th Grade
190786000761,Prairie Ridge Elementary,College Comm School District,Cedar Rapids,438,152,Yes participating without using any Provision or the CEO,false,Prekindergarten,4th Grade
190369002139,Prairie Ridge Middle School,Ankeny Comm School District,Ankeny,1004,177,Yes participating without using any Provision or the CEO,false,6th Grade,7th Grade
190369002183,Prairie Trail Elementary,Ankeny Comm School District,Ankeny,526,31,Yes participating without using any Provision or the CEO,false,Kindergarten,5th Grade
190786000391,Prairie View Elementary School,College Comm School District,Cedar Rapids,430,153,Yes participating without using any Provision or the CEO,false,Prekindergarten,4th Grade
193054002340,Prairie West Elementary,Waverly-Shell Rock Comm School District,Waverly,252,59,Yes participating without using any Provision or the CEO,false,Kindergarten,4th Grade
193051000931,Prairieview School,Waukee Comm School District,Waukee,539,77,Yes participating without using any Provision or the CEO,false,9th Grade,9th Grade
190948001456,Prescott Elementary School,Dubuque Comm School District,Dubuque,352,287,Yes under Community Eligibility Option (CEO),false,Prekindergarten,5th Grade
193051002249,Radiant Elementary School,Waukee Comm School District,Urbandale,273,83,Yes participating without using any Provision or the CEO,false,Kindergarten,5th Grade
192976001694,Readlyn Elementary School,Wapsie Valley Comm School District,Readlyn,107,22,Yes participating without using any Provision or the CEO,false,Prekindergarten,6th Grade
192400001399,Red Oak Early Childhood Center,Red Oak Comm School District,Red Oak,51,27,Yes participating without using any Provision or the CEO,false,Prekindergarten,Prekindergarten
192400001397,Red Oak Junior/Senior High School,Red Oak Comm School District,Red Oak,420,205,Yes participating without using any Provision or the CEO,true,7th Grade,12th Grade
192412001405,Remsen-Union Elementary School,Remsen-Union Comm School District,Remsen,123,39,Yes participating without using any Provision or the CEO,false,Prekindergarten,4th Grade
192412001995,Remsen-Union Middle School,Remsen-Union Comm School District,Remsen,189,53,Yes participating without using any Provision or the CEO,false,5th Grade,8th Grade
192415001409,Riceville Elementary School,Riceville Comm School District,Riceville,226,103,Yes participating without using any Provision or the CEO,false,Prekindergarten,5th Grade
192415001410,Riceville High School,Riceville Comm School District,Riceville,205,81,Yes participating without using any Provision or the CEO,false,6th Grade,12th Grade
190468002090,Richard O. Jacobson Elementary School,Belmond-Klemme Comm School District,Belmond,362,209,Yes participating without using any Provision or the CEO,false,Prekindergarten,6th Grade
191223001960,Ridge View High School,Galva-Holstein Comm School District,Holstein,242,88,Yes participating without using any Provision or the CEO,false,9th Grade,12th Grade
191034000657,River Valley Elementary,River Valley Comm School District,Washta,154,82,Yes participating without using any Provision or the CEO,false,Prekindergarten,5th Grade
191034000658,River Valley Junior- Senior High School,River Valley Comm School District,Correctionville,137,55,Yes participating without using any Provision or the CEO,false,6th Grade,12th Grade
190897000728,River Woods Elementary School,Des Moines Independent Comm School District,Des Moines,493,428,Yes under Community Eligibility Option (CEO),false,Kindergarten,5th Grade
191473000905,Riverbend Middle School,Iowa Falls Comm School District,Iowa Falls,257,106,Yes participating without using any Provision or the CEO,true,6th Grade,8th Grade
192311001366,Riverdale Heights Elem School,Pleasant Valley Comm School District,Bettendorf,628,125,Yes participating without using any Provision or the CEO,false,Kindergarten,6th Grade
192640001526,Riverside Elementary School,Sioux City Comm School District,Sioux City,227,165,Yes participating without using any Provision or the CEO,false,Prekindergarten,5th Grade
190002700260,Riverside Middle/Senior High School,Riverside Comm School District,Oakland,365,127,Yes participating without using any Provision or the CEO,false,6th Grade,12th Grade
190999000636,Robert Blue School,Eagle Grove Comm School District,Eagle Grove,268,175,Yes under Community Eligibility Option (CEO),true,5th Grade,8th Grade
191470000899,Robert Lucas Elementary School,Iowa City Comm School District,Iowa City,245,121,Yes participating without using any Provision or the CEO,false,Prekindergarten,5th Grade
190369002213,Rock Creek Elementary,Ankeny Comm School District,Ankeny,639,169,Yes participating without using any Provision or the CEO,false,Kindergarten,5th Grade
191473000907,Rock Run Elementary,Iowa Falls Comm School District,Iowa Falls,292,117,Yes participating without using any Provision or the CEO,false,2nd Grade,5th Grade
192466001414,Rock Valley Elementary School,Rock Valley Comm School District,Rock Valley,370,254,Yes participating without using any Provision or the CEO,false,Prekindergarten,5th Grade
192466001415,Rock Valley High School,Rock Valley Comm School District,Rock Valley,242,153,Yes participating without using any Provision or the CEO,false,9th Grade,12th Grade
192466002262,Rock Valley Middle School,Rock Valley Comm School District,Rock Valley,195,122,Yes participating without using any Provision or the CEO,true,6th Grade,8th Grade
192466002321,Rock Valley Pre-School,Rock Valley Comm School District,Rovk Valley,77,25,Yes participating without using any Provision or the CEO,false,Prekindergarten,Kindergarten
192496001431,Rockford Junior-Senior High School,Rudd-Rockford-Marble Rk Comm School District,Rockford,173,85,Yes participating without using any Provision or the CEO,false,7th Grade,12th Grade
191872001093,Rogers Elementary School,Marshalltown Comm School District,Marshalltown,253,218,Yes under Community Eligibility Option (CEO),false,Prekindergarten,4th Grade
192487001422,Roland-Story Elementary School,Roland-Story Comm School District,Story City,446,72,Yes participating without using any Provision or the CEO,false,Prekindergarten,4th Grade
192487001423,Roland-Story High School,Roland-Story Comm School District,Story City,317,57,Yes participating without using any Provision or the CEO,false,9th Grade,12th Grade
192487001424,Roland-Story Middle School,Roland-Story Comm School District,Roland,331,68,Yes participating without using any Provision or the CEO,false,5th Grade,8th Grade
190654000258,Roosevelt Creative Corridor Business Academy,Cedar Rapids Comm School District,Cedar Rapids,484,344,Yes under Community Eligibility Option (CEO),true,6th Grade,8th Grade
190822000431,Roosevelt Elementary School,Council Bluffs Comm School District,Council Bluffs,455,203,Yes under Community Eligibility Option (CEO),false,Prekindergarten,5th Grade
191878001109,Roosevelt Elementary School,Mason City Comm School District,Mason City,348,211,Yes under Community Eligibility Option (CEO),false,Prekindergarten,4th Grade
190897000574,Roosevelt High School,Des Moines Independent Comm School District,Des Moines,2051,1133,Yes under Community Eligibility Option (CEO),true,9th Grade,12th Grade
190798000397,Roundy Elementary School,Columbus Comm School District,Columbus Junction,383,269,Yes participating without using any Provision or the CEO,false,Prekindergarten,6th Grade
192496001430,Rrmr Elementary School,Rudd-Rockford-Marble Rk Comm School District,Rockford,235,135,Yes participating without using any Provision or the CEO,false,Prekindergarten,6th Grade
190897002260,Ruby Van Meter,Des Moines Independent Comm School District,Des Moines,109,78,Yes under Community Eligibility Option (CEO),true,Kindergarten,12th Grade
190822000433,Rue Elementary School,Council Bluffs Comm School District,Council Bluffs,385,166,Yes under Community Eligibility Option (CEO),false,Prekindergarten,5th Grade
192682001571,Runnells Elementary,Southeast Polk Comm School District,Runnells,260,70,Yes participating without using any Provision or the CEO,false,Prekindergarten,5th Grade
192976001695,Rural Elementary School #1,Wapsie Valley Comm School District,Fairbank,29,3,Yes participating without using any Provision or the CEO,false,Kindergarten,8th Grade
192976000520,Rural Elementary School #2,Wapsie Valley Comm School District,Fairbank,24,3,Yes participating without using any Provision or the CEO,false,Kindergarten,8th Grade
192976001698,Rural Elementary School #4,Wapsie Valley Comm School District,Fairbank,17,3,Yes participating without using any Provision or the CEO,false,Kindergarten,8th Grade
192505001966,Ruthven-Ayrshire Elementary School,Ruthven-Ayrshire Comm School District,Ruthven,89,44,Yes participating without using any Provision or the CEO,false,Prekindergarten,6th Grade
192505001967,Ruthven-Ayrshire High School,Ruthven-Ayrshire Comm School District,Ruthven,58,22,Yes participating without using any Provision or the CEO,false,7th Grade,12th Grade
190948000617,Sageville Elementary School,Dubuque Comm School District,Dubuque,304,91,Yes participating without using any Provision or the CEO,false,Prekindergarten,5th Grade
191989001175,Salem Elementary School,Mount Pleasant Comm School District,Salem,86,31,Yes participating without using any Provision or the CEO,false,Kindergarten,5th Grade
190897002093,Samuelson Elementary School,Des Moines Independent Comm School District,Des Moines,386,305,Yes under Community Eligibility Option (CEO),false,Kindergarten,5th Grade
190354000049,Sawyer Elementary School,Ames Comm School District,Ames,371,134,Yes participating without using any Provision or the CEO,false,Kindergarten,5th Grade
192532001447,Saydel High School,Saydel Comm School District,Des Moines,458,242,Yes under Community Eligibility Option (CEO),true,9th Grade,12th Grade
192538001450,Schaller-Crestland Elementary,Schaller-Crestland Comm School District,Schaller,159,80,Yes participating without using any Provision or the CEO,false,Prekindergarten,5th Grade
192538002121,Schaller-Crestland Ridge View Middle School,Schaller-Crestland Comm School District,Early,126,53,Yes participating without using any Provision or the CEO,true,6th Grade,8th Grade
192541001452,Schleswig Elementary School,Schleswig Comm School District,Schleswig,75,35,Yes participating without using any Provision or the CEO,false,Kindergarten,4th Grade
192541001451,Schleswig Middle School,Schleswig Comm School District,Schleswig,51,22,Yes participating without using any Provision or the CEO,true,5th Grade,8th Grade
190393000412,Schuler Elementary School,Atlantic Comm School District,Atlantic,206,101,Yes participating without using any Provision or the CEO,false,4th Grade,5th Grade
190948002333,Seedlings Preschool Center,Dubuque Comm School District,Dubuque,70,33,Yes participating without using any Provision or the CEO,false,Prekindergarten,Prekindergarten
192559000726,Sergeant Bluff-Luton Elementary School,Sergeant Bluff-Luton Comm School District,Sergeant Bluff,383,138,Yes participating without using any Provision or the CEO,false,3rd Grade,5th Grade
192559001891,Sergeant Bluff-Luton Middle School,Sergeant Bluff-Luton Comm School District,Sergeant Bluff,400,135,Yes participating without using any Provision or the CEO,false,6th Grade,8th Grade
192559001461,Sergeant Bluff-Luton Primary School,Sergeant Bluff-Luton Comm School District,Sergeant Bluff,349,139,Yes participating without using any Provision or the CEO,false,Prekindergarten,2nd Grade
192559001460,Sergeant Bluff-Luton Senior High School,Sergeant Bluff-Luton Comm School District,Sergeant Bluff,552,144,Yes participating without using any Provision or the CEO,false,9th Grade,12th Grade
192562001464,Seymour Elementary School,Seymour Comm School District,Seymour,98,72,Yes participating without using any Provision or the CEO,false,Prekindergarten,4th Grade
192562001465,Seymour High School,Seymour Comm School District,Seymour,121,69,Yes participating without using any Provision or the CEO,false,5th Grade,12th Grade
191965001155,Shannon Elementary School,Monticello Comm School District,Monticello,166,40,Yes participating without using any Provision or the CEO,false,Prekindergarten,1st Grade
192598001474,Sheldon High School,Sheldon Comm School District,Sheldon,356,117,Yes participating without using any Provision or the CEO,false,9th Grade,12th Grade
192598001475,Sheldon Middle School,Sheldon Comm School District,Sheldon,312,116,Yes participating without using any Provision or the CEO,true,5th Grade,8th Grade
193054001746,Shell Rock Elementary School,Waverly-Shell Rock Comm School District,Shell Rock,116,35,Yes participating without using any Provision or the CEO,false,Prekindergarten,4th Grade
192931001476,Shellsburg Elementary School,Vinton-Shellsburg Comm School District,Shellsburg,269,145,Yes under Community Eligibility Option (CEO),false,Prekindergarten,5th Grade
192607001478,Shenandoah Elementary School,Shenandoah Comm School District,Shenandoah,349,163,Yes participating without using any Provision or the CEO,false,Kindergarten,4th Grade
192607001482,Shenandoah High School,Shenandoah Comm School District,Shenandoah,300,135,Yes participating without using any Provision or the CEO,true,9th Grade,12th Grade
192607001483,Shenandoah Middle School,Shenandoah Comm School District,Shenandoah,280,120,Yes participating without using any Provision or the CEO,true,5th Grade,8th Grade
193051002130,Shuler Elementary School,Waukee Comm School District,Clive,592,39,Yes participating without using any Provision or the CEO,false,Kindergarten,5th Grade
190001501486,Sibley Ocheyedan Elementary School,Sibley-Ocheyedan Comm School District,Sibley,308,173,Yes participating without using any Provision or the CEO,false,Prekindergarten,4th Grade
190001501487,Sibley-Ocheyedan High School,Sibley-Ocheyedan Comm School District,Sibley,195,94,Yes participating without using any Provision or the CEO,false,9th Grade,12th Grade
190001501485,Sibley-Ocheyedan Middle School,Sibley-Ocheyedan Comm School District,Sibley,185,93,Yes participating without using any Provision or the CEO,true,5th Grade,8th Grade
192625001488,Sidney Elementary School,Sidney Comm School District,Sidney,241,139,Yes participating without using any Provision or the CEO,false,Prekindergarten,6th Grade
192625001489,Sidney High School,Sidney Comm School District,Sidney,196,94,Yes participating without using any Provision or the CEO,true,7th Grade,12th Grade
192625002280,Sidney Virtual Sac School,Sidney Comm School District,Sidney,1,,Yes participating without using any Provision or the CEO,false,Kindergarten,12th Grade
192628001494,Sigourney Elementary,Sigourney Comm School District,Sigourney,318,132,Yes participating without using any Provision or the CEO,false,Prekindergarten,6th Grade
192628001491,Sigourney Jr-Sr High Sch,Sigourney Comm School District,Sigourney,287,106,Yes participating without using any Provision or the CEO,false,7th Grade,12th Grade
192637001496,Sioux Center High School,Sioux Center Comm School District,Sioux Center,518,233,Yes participating without using any Provision or the CEO,false,9th Grade,12th Grade
192637002299,Sioux Center Intermediate School,Sioux Center Comm School District,Sioux Center,242,132,Yes participating without using any Provision or the CEO,false,4th Grade,5th Grade
192637001497,Sioux Center Middle School,Sioux Center Comm School District,Sioux Center,367,174,Yes participating without using any Provision or the CEO,false,6th Grade,8th Grade
192637002322,Sioux Center Preschool,Sioux Center Comm School District,Sioux Center,49,13,Yes participating without using any Provision or the CEO,false,Prekindergarten,Prekindergarten
190002301541,Sioux Central Elementary School,Sioux Central Comm School District,Sioux Rapids,229,104,Yes participating without using any Provision or the CEO,false,Prekindergarten,5th Grade
190002301896,Sioux Central High School,Sioux Central Comm School District,Sioux Rapids,255,121,Yes participating without using any Provision or the CEO,false,9th Grade,12th Grade
190002300835,Sioux Central Middle School,Sioux Central Comm School District,Sioux Rapids,155,75,Yes participating without using any Provision or the CEO,true,6th Grade,8th Grade
192658001543,Solon High School,Solon Comm School District,Solon,471,34,Yes participating without using any Provision or the CEO,false,9th Grade,12th Grade
192658002254,Solon Intermediate,Solon Comm School District,Solon,196,19,Yes participating without using any Provision or the CEO,false,4th Grade,5th Grade
192658000707,Solon Middle School,Solon Comm School District,Solon,320,36,Yes participating without using any Provision or the CEO,false,6th Grade,8th Grade
190002401417,South Central Calhoun Elementary School,South Central Calhoun Comm School District,Rockwell City,299,133,Yes participating without using any Provision or the CEO,false,Prekindergarten,3rd Grade
190002400961,South Central Calhoun High School,South Central Calhoun Comm School District,Lake City,284,115,Yes participating without using any Provision or the CEO,false,9th Grade,12th Grade
190002402153,South Central Calhoun Middle School,South Central Calhoun Comm School District,Rockwell City,329,140,Yes participating without using any Provision or the CEO,true,4th Grade,8th Grade
190690000300,South Elementary School,Central Decatur Comm School District,Leon,173,123,Yes participating without using any Provision or the CEO,false,Prekindergarten,2nd Grade
192664001547,South Hamilton Elem,South Hamilton Comm School District,Jewell,370,109,Yes participating without using any Provision or the CEO,false,Prekindergarten,6th Grade
192664001549,South Hamilton Middle and High School,South Hamilton Comm School District,Jewell,300,82,Yes participating without using any Provision or the CEO,false,7th Grade,12th Grade
191069002048,South Hardin High School,Eldora-New Providence Comm School District,Eldora,237,96,Yes participating without using any Provision or the CEO,false,9th Grade,12th Grade
191431001390,South Hardin Middle School,Hubbard-Radcliffe Comm School District,Hubbard,196,81,Yes participating without using any Provision or the CEO,true,6th Grade,8th Grade
193051002116,South Middle School,Waukee Comm School District,Waukee,1092,279,Yes participating without using any Provision or the CEO,false,6th Grade,7th Grade
190002600618,South O'Brien Elem School - Primghar Center,South O'Brien Comm School District,Primghar,328,125,Yes participating without using any Provision or the CEO,false,Prekindergarten,6th Grade
190002601341,South O'Brien Secondary School,South O'Brien Comm School District,Paullina,241,70,Yes participating without using any Provision or the CEO,false,7th Grade,12th Grade
192667001551,South Page Elementary School,South Page Comm School District,College Springs,36,27,Yes under Community Eligibility Option (CEO),false,Prekindergarten,6th Grade
190852002029,South Prairie Elementary,Dallas Center-Grimes Comm School District,Grimes,436,132,Yes participating without using any Provision or the CEO,false,Kindergarten,4th Grade
191347000819,South Side Elementary School,Hampton-Dumont Comm School District,Hampton,303,183,Yes participating without using any Provision or the CEO,false,1st Grade,4th Grade
192673001463,South Tama County Elementary School,South Tama County,Tama,534,325,Yes under Community Eligibility Option (CEO),false,Prekindergarten,4th Grade
192673001556,South Tama County High School,South Tama County,Tama,421,235,Yes participating without using any Provision or the CEO,true,9th Grade,12th Grade
192673001557,South Tama County Middle School,South Tama County,Toledo,413,259,Yes under Community Eligibility Option (CEO),true,5th Grade,8th Grade
190897001472,South Union Elementary School,Des Moines Independent Comm School District,Des Moines,422,358,Yes under Community Eligibility Option (CEO),false,Kindergarten,5th Grade
192679001562,South Winneshiek Elementary School,South Winneshiek Comm School District,Ossian,198,66,Yes participating without using any Provision or the CEO,false,Prekindergarten,4th Grade
192679001565,South Winneshiek High School,South Winneshiek Comm School District,Calmar,205,51,Yes participating without using any Provision or the CEO,false,9th Grade,12th Grade
192679001564,South Winneshiek Middle School,South Winneshiek Comm School District,Ossian,126,41,Yes participating without using any Provision or the CEO,false,5th Grade,8th Grade
190651000230,Southdale Elementary School,Cedar Falls Comm School District,Cedar Falls,539,119,Yes participating without using any Provision or the CEO,false,Prekindergarten,6th Grade
190369000077,Southeast Elementary School,Ankeny Comm School District,Ankeny,585,193,Yes participating without using any Provision or the CEO,false,Kindergarten,5th Grade
193054001747,Southeast Elementary School,Waverly-Shell Rock Comm School District,Waverly,31,5,Yes participating without using any Provision or the CEO,false,Prekindergarten,Prekindergarten
191470000901,Southeast Middle School,Iowa City Comm School District,Iowa City,1269,602,Yes participating without using any Provision or the CEO,false,6th Grade,8th Grade
192682001572,Southeast Polk High School,Southeast Polk Comm School District,Pleasant Hill,1722,575,Yes participating without using any Provision or the CEO,false,10th Grade,12th Grade
192682002134,Southeast Polk Middle School,Southeast Polk Comm School District,Altoona,1112,456,Yes participating without using any Provision or the CEO,false,6th Grade,7th Grade
199901902324,Southeast Valley Elementary,Southeast Valley Community School District,Farnhamville,223,114,Yes participating without using any Provision or the CEO,false,Prekindergarten,4th Grade
199901902323,Southeast Valley High School,Southeast Valley Community School District,Gowrie,340,160,Yes participating without using any Provision or the CEO,false,9th Grade,12th Grade
199901902217,Southeast Valley Middle School,Southeast Valley Community School District,Burnside,314,149,Yes participating without using any Provision or the CEO,true,5th Grade,8th Grade
192685001576,Southeast Warren Jr-Sr High School,Southeast Warren Comm School District,Liberty Center,276,82,Yes participating without using any Provision or the CEO,false,5th Grade,12th Grade
192685001575,Southeast Warren Primary,Southeast Warren Comm School District,Milo,162,58,Yes participating without using any Provision or the CEO,false,Prekindergarten,4th Grade
190369002186,Southview Middle School,Ankeny Comm School District,Ankeny,913,251,Yes participating without using any Provision or the CEO,false,8th Grade,9th Grade
190813000404,Southwest Valley High School,Corning Comm School District,Corning,195,73,Yes participating without using any Provision or the CEO,false,9th Grade,12th Grade
192928002207,Southwest Valley Middle School,Villisca Comm School District,Villisca,131,61,Yes participating without using any Provision or the CEO,true,6th Grade,8th Grade
192640002178,Spalding Park Elementary,Sioux City Comm School District,Sioux City,683,435,Yes under Community Eligibility Option (CEO),false,Prekindergarten,5th Grade
192691001582,Spencer High School,Spencer Comm School District,Spencer,688,312,Yes participating without using any Provision or the CEO,false,9th Grade,12th Grade
192691001583,Spencer Middle School,Spencer Comm School District,Spencer,514,249,Yes participating without using any Provision or the CEO,true,6th Grade,8th Grade
192700001584,Spirit Lake Elementary School,Spirit Lake Comm School District,Spirit Lake,547,151,Yes participating without using any Provision or the CEO,false,Prekindergarten,4th Grade
192700001585,Spirit Lake High School,Spirit Lake Comm School District,Spirit Lake,393,87,Yes participating without using any Provision or the CEO,false,9th Grade,12th Grade
192700001905,Spirit Lake Middle School,Spirit Lake Comm School District,Spirit Lake,379,108,Yes participating without using any Provision or the CEO,false,5th Grade,8th Grade
192706001586,Springville Elementary School,Springville Comm School District,Springville,294,75,Yes participating without using any Provision or the CEO,false,Prekindergarten,6th Grade
192706001587,Springville Secondary School,Springville Comm School District,Springville,184,44,Yes participating without using any Provision or the CEO,false,7th Grade,12th Grade
192520001441,St Ansgar Elementary School,St Ansgar Comm School District,St Ansgar,345,84,Yes participating without using any Provision or the CEO,false,Prekindergarten,5th Grade
192520001442,St Ansgar High School,St Ansgar Comm School District,St Ansgar,166,39,Yes participating without using any Provision or the CEO,false,9th Grade,12th Grade
192520001440,St Ansgar Middle School,St Ansgar Comm School District,St Ansgar,132,36,Yes participating without using any Provision or the CEO,false,6th Grade,8th Grade
192739000847,St Lake/Ia Cntrl/Buena Vista Early College HS,Storm Lake Comm School District,Storm Lake,50,22,Yes participating without using any Provision or the CEO,false,12th Grade,12th Grade
192724001588,Stanton Elementary School,Stanton Comm School District,Stanton,145,51,Yes participating without using any Provision or the CEO,false,Kindergarten,5th Grade
192724001589,Stanton High School,Stanton Comm School District,Stanton,153,40,Yes participating without using any Provision or the CEO,false,6th Grade,12th Grade
192727001591,Starmont Elementary School,Starmont Comm School District,Arlington,244,109,Yes participating without using any Provision or the CEO,false,Prekindergarten,5th Grade
192727001592,Starmont High School,Starmont Comm School District,Arlington,174,86,Yes participating without using any Provision or the CEO,false,9th Grade,12th Grade
192727001593,Starmont Middle School,Starmont Comm School District,Arlington,113,51,Yes participating without using any Provision or the CEO,true,6th Grade,8th Grade
193024001703,Stewart Elementary School,Washington Comm School District,Washington,457,159,Yes participating without using any Provision or the CEO,false,Prekindergarten,2nd Grade
193093001796,Stilwell Junior High School,West Des Moines Comm School District,West Des Moines,645,303,Yes under Community Eligibility Option (CEO),false,7th Grade,8th Grade
192739002307,Storm Lake Early Elementary School,Storm Lake Comm School District,Storm lake,437,322,Yes participating without using any Provision or the CEO,false,Kindergarten,1st Grade
192739002107,Storm Lake Elementary,Storm Lake Comm School District,Storm Lake,822,620,Yes participating without using any Provision or the CEO,false,2nd Grade,5th Grade
192739001601,Storm Lake High School,Storm Lake Comm School District,Storm Lake,851,558,Yes participating without using any Provision or the CEO,true,9th Grade,12th Grade
192739001600,Storm Lake Middle School,Storm Lake Comm School District,Storm Lake,651,474,Yes participating without using any Provision or the CEO,true,6th Grade,8th Grade
190897000577,Stowe Elementary School,Des Moines Independent Comm School District,Des Moines,297,250,Yes under Community Eligibility Option (CEO),false,Kindergarten,5th Grade
192748001603,Stratford Elementary,Stratford Comm School District,Stratford,74,29,Yes participating without using any Provision or the CEO,false,Prekindergarten,6th Grade
190357000064,Strawberry Hill,Anamosa Comm School District,Anamosa,400,165,Yes participating without using any Provision or the CEO,false,Prekindergarten,4th Grade
192750001605,Stuart Elementary School,West Central Valley Comm School District,Stuart,211,79,Yes under Community Eligibility Option (CEO),false,Prekindergarten,2nd Grade
190897000578,Studebaker Elementary School,Des Moines Independent Comm School District,Des Moines,561,484,Yes under Community Eligibility Option (CEO),false,Kindergarten,5th Grade
190858000482,Sudlow Middle School,Davenport Comm School District,Davenport,734,358,Yes under Community Eligibility Option (CEO),false,6th Grade,8th Grade
193051002308,Sugar Creek Elementary School,Waukee Comm School District,Waukee,630,117,Yes participating without using any Provision or the CEO,false,Kindergarten,5th Grade
191545000749,Summit Middle School,Johnston Comm School District,Johnston,1118,291,Yes participating without using any Provision or the CEO,false,6th Grade,7th Grade
192760001610,Sumner-Fredericksburg High School,Sumner-Fredericksburg Comm School District,Sumner,243,72,Yes participating without using any Provision or the CEO,false,9th Grade,12th Grade
192760000742,Sumner-Fredericksburg Middle School,Sumner-Fredericksburg Comm School District,Fredericksburg,217,77,Yes participating without using any Provision or the CEO,true,5th Grade,8th Grade
190579000194,Sunnyside Elementary School,Burlington Comm School District,Burlington,298,167,Yes under Community Eligibility Option (CEO),false,Kindergarten,4th Grade
192640001530,Sunnyside Elementary School,Sioux City Comm School District,Sioux City,244,85,Yes participating without using any Provision or the CEO,false,3rd Grade,5th Grade
193063001763,Sunset Heights Elementary School,Webster City Comm School District,Webster City,311,151,Yes participating without using any Provision or the CEO,false,2nd Grade,4th Grade
192013002278,Susan Clark Junior High,Muscatine Comm School District,Muscatine,544,269,Yes participating without using any Provision or the CEO,false,7th Grade,8th Grade
192928001675,Sylvia Enarson Elementary School,Villisca Comm School District,Villisca,112,58,Yes participating without using any Provision or the CEO,false,Prekindergarten,5th Grade
190948000619,Table Mound Elementary School,Dubuque Comm School District,Dubuque,425,168,Yes participating without using any Provision or the CEO,false,Prekindergarten,5th Grade
191437000861,Taft Elementary School,Humboldt Comm School District,Humboldt,369,113,Yes participating without using any Provision or the CEO,false,1st Grade,4th Grade
190654000261,Taft Middle School,Cedar Rapids Comm School District,Cedar Rapids,593,276,Yes participating without using any Provision or the CEO,false,6th Grade,8th Grade
190369002270,Terrace Learning Center,Ankeny Comm School District,Ankeny,361,3,Yes participating without using any Provision or the CEO,false,Prekindergarten,Prekindergarten
190306001383,The Cougars Den,AGWSR Comm School District,Ackley,35,8,Yes participating without using any Provision or the CEO,false,Prekindergarten,Kindergarten
192061002123,Thomas Jefferson Elementary School,Newton Comm School District,Newton,380,171,Yes participating without using any Provision or the CEO,false,Prekindergarten,4th Grade
190654000263,Thomas Jefferson High School,Cedar Rapids Comm School District,Cedar Rapids,1501,908,Yes under Community Eligibility Option (CEO),false,9th Grade,12th Grade
190822000435,Thomas Jefferson High School,Council Bluffs Comm School District,Council Bluffs,1146,628,Yes under Community Eligibility Option (CEO),false,9th Grade,12th Grade
190948000612,Thomas Jefferson Middle School,Dubuque Comm School District,Dubuque,402,271,Yes under Community Eligibility Option (CEO),true,6th Grade,8th Grade
190759002229,Tiffin Elementary,Clear Creek Amana Comm School District,Tiffin,191,71,Yes participating without using any Provision or the CEO,false,Kindergarten,1st Grade
192931001550,Tilford Elementary School,Vinton-Shellsburg Comm School District,Vinton,544,291,Yes under Community Eligibility Option (CEO),false,Prekindergarten,4th Grade
191545001412,Timber Ridge Elementary,Johnston Comm School District,Johnston,667,182,Yes participating without using any Provision or the CEO,false,Kindergarten,5th Grade
193051002222,Timberline School,Waukee Comm School District,Waukee,992,262,Yes participating without using any Provision or the CEO,false,8th Grade,9th Grade
192787001621,Tipton Elementary School,Tipton Comm School District,Tipton,284,67,Yes participating without using any Provision or the CEO,false,Prekindergarten,4th Grade
192787001622,Tipton High School,Tipton Comm School District,Tipton,302,84,Yes participating without using any Provision or the CEO,false,9th Grade,12th Grade
192787000290,Tipton Middle School,Tipton Comm School District,Tipton,256,61,Yes participating without using any Provision or the CEO,false,5th Grade,8th Grade
191668000994,Titan Hill Intermediate School,Lewis Central Comm School District,Council Bluffs,901,355,Yes participating without using any Provision or the CEO,false,2nd Grade,5th Grade
191563002198,Torrence Elementary,Keokuk Comm School District,Keokuk,80,55,Yes participating without using any Provision or the CEO,false,Prekindergarten,Prekindergarten
193051002326,Trailridge School,Waukee Comm School District,Waukee,754,91,Yes participating without using any Provision or the CEO,false,6th Grade,8th Grade
190654002330,Trailside Elementary School,Cedar Rapids Comm School District,Cedar Rapids,429,287,Yes participating without using any Provision or the CEO,false,Kindergarten,5th Grade
192796001626,Treynor Elementary School,Treynor Comm School District,Treynor,366,55,Yes participating without using any Provision or the CEO,false,Prekindergarten,5th Grade
192796001627,Treynor High School,Treynor Comm School District,Treynor,254,36,Yes participating without using any Provision or the CEO,false,9th Grade,12th Grade
192796002175,Treynor Middle School,Treynor Comm School District,Treynor,197,28,Yes participating without using any Provision or the CEO,false,6th Grade,8th Grade
192799001630,Tri-Center Elementary School,Tri-Center Comm School District,Neola,364,124,Yes participating without using any Provision or the CEO,false,Prekindergarten,5th Grade
192799001632,Tri-Center High School,Tri-Center Comm School District,Neola,225,68,Yes participating without using any Provision or the CEO,false,9th Grade,12th Grade
192799000309,Tri-Center Middle School,Tri-Center Comm School District,Neola,135,48,Yes participating without using any Provision or the CEO,false,6th Grade,8th Grade
192802001636,Tri-County Elementary School,Tri-County Comm School District,Thornburg,102,51,Yes participating without using any Provision or the CEO,false,Prekindergarten,6th Grade
192802001634,Tri-County Jr/Sr High School,Tri-County Comm School District,Thornburg,77,36,Yes participating without using any Provision or the CEO,true,7th Grade,12th Grade
192805001637,Tripoli Elementary School,Tripoli Comm School District,Tripoli,219,86,Yes participating without using any Provision or the CEO,false,Prekindergarten,5th Grade
192805001638,Tripoli Middle/Sr High School,Tripoli Comm School District,Tripoli,170,58,Yes participating without using any Provision or the CEO,false,6th Grade,12th Grade
191533002017,Triumph Elementary School,Jesup Comm School District,Fairbank,42,3,Yes participating without using any Provision or the CEO,false,Kindergarten,8th Grade
190654002311,Truman Early Learning Center,Cedar Rapids Comm School District,Cedar Rapids,279,121,Yes under Community Eligibility Option (CEO),false,Prekindergarten,Prekindergarten
190858001881,Truman Elementary School,Davenport Comm School District,Davenport,434,253,Yes under Community Eligibility Option (CEO),false,Prekindergarten,5th Grade
192811001639,Turkey Valley Elementary School,Turkey Valley Comm School District,Jackson Junction,198,57,Yes participating without using any Provision or the CEO,false,Prekindergarten,6th Grade
192811001640,Turkey Valley Jr-Sr High School,Turkey Valley Comm School District,Jackson Junction,185,70,Yes participating without using any Provision or the CEO,false,7th Grade,12th Grade
192817001641,Twin Cedars Elementary School,Twin Cedars Comm School District,Bussey,170,58,Yes participating without using any Provision or the CEO,false,Prekindergarten,6th Grade
192817001642,Twin Cedars Jr-Sr High School,Twin Cedars Comm School District,Bussey,142,60,Yes participating without using any Provision or the CEO,false,7th Grade,12th Grade
192820001644,Twin Rivers Elementary School,Twin Rivers Comm School District,Bode,45,26,Yes participating without using any Provision or the CEO,false,Prekindergarten,5th Grade
192823001646,Underwood Elementary School,Underwood Comm School District,Underwood,424,75,Yes participating without using any Provision or the CEO,false,Prekindergarten,5th Grade
192823001647,Underwood High School,Underwood Comm School District,Underwood,247,53,Yes participating without using any Provision or the CEO,false,9th Grade,12th Grade
192823001892,Underwood Middle School,Underwood Comm School District,Underwood,184,32,Yes participating without using any Provision or the CEO,false,6th Grade,8th Grade
190002200957,Union High School,Union Comm School District,La Porte City,279,67,Yes participating without using any Provision or the CEO,false,9th Grade,12th Grade
190002202013,Union Middle School,Union Comm School District,Dysart,194,54,Yes participating without using any Provision or the CEO,false,6th Grade,8th Grade
192856001650,United Community School,United Comm School District,Boone,329,64,Yes participating without using any Provision or the CEO,false,Prekindergarten,6th Grade
192640002089,Unity Elementary School,Sioux City Comm School District,Sioux City,483,388,Yes under Community Eligibility Option (CEO),false,Prekindergarten,5th Grade
192868001659,Urbandale High School,Urbandale Comm School District,Urbandale,1301,473,Yes participating without using any Provision or the CEO,false,9th Grade,12th Grade
192868001660,Urbandale Middle School,Urbandale Comm School District,Urbandale,892,369,Yes participating without using any Provision or the CEO,false,6th Grade,8th Grade
192868002325,Valerius Elementary School,Urbandale Comm School District,Urbandale,598,259,Yes participating without using any Provision or the CEO,false,Prekindergarten,5th Grade
190000602253,Valley Elementary School,North Fayette Valley Comm School District,Elgin,169,62,Yes participating without using any Provision or the CEO,false,Prekindergarten,4th Grade
193093001797,Valley High School,West Des Moines Comm School District,West Des Moines,2178,1481,Yes participating without using any Provision or the CEO,false,10th Grade,12th Grade
193093000483,Valley Southwoods,West Des Moines Comm School District,West Des Moines,678,332,Yes under Community Eligibility Option (CEO),false,9th Grade,9th Grade
190705000317,Van Allen Elementary School,Chariton Comm School District,Chariton,292,175,Yes participating without using any Provision or the CEO,false,3rd Grade,5th Grade
191989001177,Van Allen Elementary School,Mount Pleasant Comm School District,Mount Pleasant,362,180,Yes participating without using any Provision or the CEO,false,3rd Grade,5th Grade
192898001670,Van Buren County Community Middle & High School,Van Buren County Comm School District,Keosauqua,354,213,Yes participating without using any Provision or the CEO,false,7th Grade,12th Grade
192898001667,Van Buren County Community School District Douds Center,Van Buren County Comm School District,Douds,292,149,Yes under Community Eligibility Option (CEO),false,Prekindergarten,6th Grade
192898000827,Van Buren County Community School District Harmony Center,Van Buren County Comm School District,Farmington,175,102,Yes under Community Eligibility Option (CEO),false,Prekindergarten,6th Grade
190654000266,Van Buren Elementary School,Cedar Rapids Comm School District,Cedar Rapids,429,359,Yes under Community Eligibility Option (CEO),false,Kindergarten,5th Grade
192901001671,Van Meter Elementary School,Van Meter Comm School District,Van Meter,578,47,Yes participating without using any Provision or the CEO,false,Prekindergarten,5th Grade
192901001672,Van Meter High School,Van Meter Comm School District,Van Meter,316,29,Yes participating without using any Provision or the CEO,false,9th Grade,12th Grade
192901002244,Van Meter Middle School,Van Meter Comm School District,Van Meter,252,17,Yes participating without using any Provision or the CEO,false,6th Grade,8th Grade
191869001078,Vernon Middle School,Marion Independent School District,Marion,587,222,Yes participating without using any Provision or the CEO,false,5th Grade,8th Grade
192247002338,Viersen Early Learning Center,Pella Comm School District,Pella,137,12,Yes participating without using any Provision or the CEO,false,Prekindergarten,Prekindergarten
193051002304,Vince Meyer Early Learning Center,Waukee Comm School District,Waukee,348,47,Yes participating without using any Provision or the CEO,false,Prekindergarten,Prekindergarten
192931001681,Vinton-Shellsburg High School,Vinton-Shellsburg Comm School District,Vinton,414,205,Yes under Community Eligibility Option (CEO),false,9th Grade,12th Grade
192931001680,Vinton-Shellsburg Middle School,Vinton-Shellsburg Comm School District,Vinton,331,173,Yes under Community Eligibility Option (CEO),false,6th Grade,8th Grade
190654000731,Viola Gibson Elementary School,Cedar Rapids Comm School District,Cedar Rapids,565,93,Yes participating without using any Provision or the CEO,false,Prekindergarten,5th Grade
192094001257,Virgil Grissom Elementary School,North Scott Comm School District,Princeton,152,36,Yes participating without using any Provision or the CEO,false,Prekindergarten,6th Grade
190897002268,Virtual Campus,Des Moines Independent Comm School District,Des Moines,380,264,Yes participating without using any Provision or the CEO,false,9th Grade,12th Grade
192949001683,Waco Elementary School,WACO Comm School District,Crawfordsville,317,136,Yes participating without using any Provision or the CEO,false,Prekindergarten,6th Grade
192949001684,Waco High School,WACO Comm School District,Wayland,241,98,Yes participating without using any Provision or the CEO,false,7th Grade,12th Grade
190858000484,Walcott Elementary School,Davenport Comm School District,Walcott,150,78,Yes participating without using any Provision or the CEO,false,Kindergarten,5th Grade
190858000485,Walcott Middle School,Davenport Comm School District,Walcott,322,121,Yes participating without using any Provision or the CEO,false,6th Grade,8th Grade
193093000393,Walnut Creek Campus,West Des Moines Comm School District,West Des Moines,152,116,Yes under Community Eligibility Option (CEO),true,9th Grade,12th Grade
193051000958,Walnut Hills Elementary School,Waukee Comm School District,Urbandale,708,50,Yes participating without using any Provision or the CEO,false,Kindergarten,5th Grade
190897001143,Walnut Street School,Des Moines Independent Comm School District,Des Moines,257,160,Yes under Community Eligibility Option (CEO),false,Prekindergarten,5th Grade
192973001691,Wapello Elementary School,Wapello Comm School District,Wapello,229,44,Yes participating without using any Provision or the CEO,false,Prekindergarten,5th Grade
192973001927,Wapello Junior High School,Wapello Comm School District,Wapello,102,46,Yes participating without using any Provision or the CEO,true,6th Grade,8th Grade
192973001692,Wapello Senior High School,Wapello Comm School District,Wapello,187,73,Yes participating without using any Provision or the CEO,false,9th Grade,12th Grade
192976001700,Wapsie Valley High School,Wapsie Valley Comm School District,Fairbank,273,47,Yes participating without using any Provision or the CEO,false,7th Grade,12th Grade
191134000701,Washington Elementary,Fairfield Comm School District,Fairfield,239,124,Yes participating without using any Provision or the CEO,false,Prekindergarten,1st Grade
190393000094,Washington Elementary School,Atlantic Comm School District,Atlantic,554,221,Yes participating without using any Provision or the CEO,false,Prekindergarten,3rd Grade
190708002221,Washington Elementary School,Charles City Comm School District,Charles City,206,124,Yes participating without using any Provision or the CEO,false,Prekindergarten,1st Grade
192004001179,Washington Elementary School,Mount Vernon Comm School District,Mount Vernon,543,106,Yes participating without using any Provision or the CEO,false,Prekindergarten,4th Grade
190717000333,Washington High School,Cherokee Comm School District,Cherokee,366,146,Yes participating without using any Provision or the CEO,false,9th Grade,12th Grade
193024001704,Washington High School,Washington Comm School District,Washington,452,173,Yes participating without using any Provision or the CEO,false,9th Grade,12th Grade
193024001705,Washington Middle School,Washington Comm School District,Washington,347,149,Yes participating without using any Provision or the CEO,true,6th Grade,8th Grade
193051002339,Waterford Elementary School,Waukee Comm School District,Urbandale,464,47,Yes participating without using any Provision or the CEO,false,Kindergarten,5th Grade
193051001742,Waukee Elementary School,Waukee Comm School District,Waukee,706,145,Yes participating without using any Provision or the CEO,false,Kindergarten,5th Grade
193051001744,Waukee High School,Waukee Comm School District,Waukee,1375,316,Yes participating without using any Provision or the CEO,false,10th Grade,12th Grade
193051001743,Waukee Middle School,Waukee Comm School District,Waukee,867,139,Yes participating without using any Provision or the CEO,false,6th Grade,8th Grade
190339000038,Waukon High School,Allamakee Comm School District,Waukon,392,138,Yes participating without using any Provision or the CEO,false,9th Grade,12th Grade
190339000039,Waukon Middle School,Allamakee Comm School District,Waukon,260,98,Yes participating without using any Provision or the CEO,true,6th Grade,8th Grade
193054002163,Waverly-Shell Rock Middle School,Waverly-Shell Rock Comm School District,Waverly,681,169,Yes participating without using any Provision or the CEO,false,5th Grade,8th Grade
193054001749,Waverly-Shell Rock Senior High School,Waverly-Shell Rock Comm School District,Waverly,737,129,Yes participating without using any Provision or the CEO,false,9th Grade,12th Grade
193056001755,Wayne Community Jr-Sr High School,Wayne Comm School District,Corydon,255,140,Yes participating without using any Provision or the CEO,false,7th Grade,12th Grade
193056001754,Wayne Elementary School,Wayne Comm School District,Corydon,328,168,Yes participating without using any Provision or the CEO,false,Prekindergarten,6th Grade
191470000304,Weber Elementary,Iowa City Comm School District,Iowa City,456,253,Yes participating without using any Provision or the CEO,false,Prekindergarten,5th Grade
193063001764,Webster City High School,Webster City Comm School District,Webster City,505,202,Yes participating without using any Provision or the CEO,false,9th Grade,12th Grade
193063001765,Webster City Middle School,Webster City Comm School District,Webster City,454,224,Yes participating without using any Provision or the CEO,true,5th Grade,8th Grade
192868001413,Webster Elementary School,Urbandale Comm School District,Urbandale,519,124,Yes participating without using any Provision or the CEO,false,Prekindergarten,5th Grade
190897000584,Weeks Middle School,Des Moines Independent Comm School District,Des Moines,688,601,Yes under Community Eligibility Option (CEO),true,6th Grade,8th Grade
192061002052,West Academy Alternative School,Newton Comm School District,Newton,51,28,Yes under Community Eligibility Option (CEO),true,10th Grade,12th Grade
193072001042,West Bend-Mallard Elementary School,West Bend-Mallard Comm School District,West Bend,173,62,Yes participating without using any Provision or the CEO,false,Prekindergarten,4th Grade
193072001770,West Bend-Mallard High School,West Bend-Mallard Comm School District,West Bend,117,45,Yes participating without using any Provision or the CEO,false,9th Grade,12th Grade
193072001044,West Bend-Mallard Middle School,West Bend-Mallard Comm School District,West Bend,132,55,Yes participating without using any Provision or the CEO,true,5th Grade,8th Grade
193075002342,West Branch Community Early Learning Center,West Branch Comm School District,West Branch,15,3,Yes participating without using any Provision or the CEO,false,Prekindergarten,Prekindergarten
193075001774,West Branch High School,West Branch Comm School District,West Branch,273,54,Yes participating without using any Provision or the CEO,false,9th Grade,12th Grade
193075001773,West Branch Middle School,West Branch Comm School District,West Branch,239,52,Yes participating without using any Provision or the CEO,false,5th Grade,8th Grade
193078001776,West Burlington Arnold Jr./Sr. High School,West Burlington Ind School District,West Burlington,396,146,Yes participating without using any Provision or the CEO,false,7th Grade,12th Grade
193078001775,West Burlington Elem School,West Burlington Ind School District,West Burlington,479,192,Yes participating without using any Provision or the CEO,false,Prekindergarten,6th Grade
190339000040,West Campus Elementary School,Allamakee Comm School District,Waukon,265,114,Yes participating without using any Provision or the CEO,false,Prekindergarten,2nd Grade
193087001353,West Central Charter High School,West Central Comm School District,Maynard,97,53,Yes participating without using any Provision or the CEO,false,9th Grade,12th Grade
193087001778,West Central PK - 8 School,West Central Comm School District,Maynard,236,119,Yes participating without using any Provision or the CEO,true,Prekindergarten,8th Grade
192750001607,West Central Valley High School,West Central Valley Comm School District,Stuart,264,108,Yes under Community Eligibility Option (CEO),false,9th Grade,12th Grade
192750000664,West Central Valley Middle School,West Central Valley Comm School District,Redfield,191,80,Yes under Community Eligibility Option (CEO),true,6th Grade,8th Grade
193090001786,West Delaware High School,West Delaware County Comm School District,Manchester,436,109,Yes participating without using any Provision or the CEO,false,9th Grade,12th Grade
193090001787,West Delaware Middle School,West Delaware County Comm School District,Manchester,378,129,Yes participating without using any Provision or the CEO,false,5th Grade,8th Grade
191584002114,West Elementary,Knoxville Comm School District,Knoxville,485,225,Yes participating without using any Provision or the CEO,false,Prekindergarten,2nd Grade
191095000678,West Elementary School,Emmetsburg Comm School District,Emmetsburg,293,127,Yes participating without using any Provision or the CEO,false,Prekindergarten,4th Grade
191269000770,West Elementary School,Glenwood Comm School District,Glenwood,440,205,Yes participating without using any Provision or the CEO,false,3rd Grade,5th Grade
191458000869,West Elementary School,Independence Comm School District,Independence,360,142,Yes participating without using any Provision or the CEO,false,3rd Grade,6th Grade
192592001419,West Fork Elementary at Rockwell,West Fork Comm School District,Rockwell,388,151,Yes participating without using any Provision or the CEO,false,Prekindergarten,5th Grade
192592001468,West Fork High School,West Fork Comm School District,Sheffield,191,60,Yes participating without using any Provision or the CEO,false,9th Grade,12th Grade
192592002101,West Fork Middle School,West Fork Comm School District,Sheffield,161,57,Yes participating without using any Provision or the CEO,false,6th Grade,8th Grade
190543000171,West Hancock Elementary School,West Hancock Comm School District,Britt,294,108,Yes participating without using any Provision or the CEO,false,Prekindergarten,4th Grade
190543000172,West Hancock High School,West Hancock Comm School District,Britt,161,43,Yes participating without using any Provision or the CEO,false,9th Grade,12th Grade
190543000928,West Hancock Middle School,West Hancock Comm School District,Kanawha,174,68,Yes participating without using any Provision or the CEO,true,5th Grade,8th Grade
193096000331,West Harrison Elementary,West Harrison Comm School District,Mondamin,126,62,Yes participating without using any Provision or the CEO,false,Prekindergarten,4th Grade
193096001801,West Harrison Middle School/High School,West Harrison Comm School District,Mondamin,156,81,Yes participating without using any Provision or the CEO,false,5th Grade,12th Grade
190858000487,West High School,Davenport Comm School District,Davenport,1304,710,Yes participating without using any Provision or the CEO,true,9th Grade,12th Grade
192640001533,West High School,Sioux City Comm School District,Sioux City,1308,,Yes under Community Eligibility Option (CEO),true,9th Grade,12th Grade
193048001738,West High School,Waterloo Comm School District,Waterloo,1696,1003,Yes under Community Eligibility Option (CEO),true,9th Grade,12th Grade
193099002109,West Liberty Elementary School,West Liberty Comm School District,West Liberty,438,245,Yes participating without using any Provision or the CEO,false,Kindergarten,4th Grade
193099001805,West Liberty High School,West Liberty Comm School District,West Liberty,397,170,Yes participating without using any Provision or the CEO,true,9th Grade,12th Grade
193099001804,West Liberty Middle School,West Liberty Comm School District,West Liberty,367,191,Yes participating without using any Provision or the CEO,true,5th Grade,8th Grade
193102001806,West Lyon Elementary School,West Lyon Comm School District,Inwood,561,147,Yes participating without using any Provision or the CEO,false,Prekindergarten,6th Grade
193102001807,West Lyon High School,West Lyon Comm School District,Inwood,284,70,Yes participating without using any Provision or the CEO,true,9th Grade,12th Grade
193102001808,West Lyon Junior High School,West Lyon Comm School District,Inwood,128,37,Yes participating without using any Provision or the CEO,false,7th Grade,8th Grade
193108001811,West Marshall Elementary School,West Marshall Comm School District,State Center,412,137,Yes participating without using any Provision or the CEO,false,Prekindergarten,5th Grade
193108001812,West Marshall High School,West Marshall Comm School District,State Center,292,73,Yes participating without using any Provision or the CEO,false,9th Grade,12th Grade
193108001813,West Marshall Middle School,West Marshall Comm School District,State Center,213,72,Yes participating without using any Provision or the CEO,false,6th Grade,8th Grade
192640001534,West Middle School,Sioux City Comm School District,Sioux City,826,651,Yes under Community Eligibility Option (CEO),true,6th Grade,8th Grade
193111002195,West Monona Elementary,West Monona Comm School District,Onawa,352,156,Yes participating without using any Provision or the CEO,false,Prekindergarten,5th Grade
193111001817,West Monona High School,West Monona Comm School District,Onawa,161,68,Yes participating without using any Provision or the CEO,false,9th Grade,12th Grade
193111000738,West Monona Middle School,West Monona Comm School District,Onawa,120,54,Yes participating without using any Provision or the CEO,true,6th Grade,8th Grade
191470000902,West Senior High School,Iowa City Comm School District,Iowa City,1514,573,Yes participating without using any Provision or the CEO,false,9th Grade,12th Grade
190873000502,West Side Elementary School,Decorah Community School District,Decorah,20,9,Yes participating without using any Provision or the CEO,false,Prekindergarten,Prekindergarten
193129001821,West Sioux High School,West Sioux Comm School District,Hawarden,242,124,Yes participating without using any Provision or the CEO,true,9th Grade,12th Grade
193129001822,West Sioux Middle School,West Sioux Comm School District,Hawarden,154,89,Yes participating without using any Provision or the CEO,true,6th Grade,8th Grade
190000601234,West Union Elementary School,North Fayette Valley Comm School District,West Union,228,82,Yes participating without using any Provision or the CEO,false,Prekindergarten,3rd Grade
190654000235,West Willow Elementary School,Cedar Rapids Comm School District,Cedar Rapids,555,277,Yes under Community Eligibility Option (CEO),false,Prekindergarten,5th Grade
193135001832,Western Dubuque High School,Western Dubuque Comm School District,Epworth,927,176,Yes participating without using any Provision or the CEO,false,9th Grade,12th Grade
193093001798,Western Hills Elementary School,West Des Moines Comm School District,West Des Moines,570,261,Yes under Community Eligibility Option (CEO),false,Prekindergarten,6th Grade
191722000368,Westfield Elementary School,Linn-Mar Comm School District,Robins,445,85,Yes participating without using any Provision or the CEO,false,Kindergarten,4th Grade
193093002055,Westridge Elementary,West Des Moines Comm School District,West Des Moines,744,294,Yes participating without using any Provision or the CEO,false,Prekindergarten,6th Grade
190378000085,Westside Junior-Senior High School,Ar-We-Va Comm School District,Westside,108,55,Yes participating without using any Provision or the CEO,false,6th Grade,12th Grade
190369002026,Westwood Elementary School,Ankeny Comm School District,Ankeny,551,97,Yes participating without using any Provision or the CEO,false,Kindergarten,5th Grade
193147001835,Westwood Elementary School,Westwood Comm School District,Sloan,322,137,Yes participating without using any Provision or the CEO,false,Prekindergarten,6th Grade
193147001837,Westwood High School,Westwood Comm School District,Sloan,275,99,Yes participating without using any Provision or the CEO,false,7th Grade,12th Grade
193162001841,Whiting Elementary School,Whiting Comm School District,Whiting,78,57,Yes participating without using any Provision or the CEO,false,Prekindergarten,6th Grade
193162001842,Whiting Senior High School,Whiting Comm School District,Whiting,61,35,Yes participating without using any Provision or the CEO,true,7th Grade,12th Grade
190771000384,Whittier Elementary School,Clinton Comm School District,Clinton,331,134,Yes under Community Eligibility Option (CEO),false,Kindergarten,5th Grade
191464000876,Whittier Elementary School,Indianola Comm School District,Indianola,369,115,Yes participating without using any Provision or the CEO,false,Prekindergarten,5th Grade
191470000436,Wickham Elementary,Iowa City Comm School District,Coralville,315,62,Yes participating without using any Provision or the CEO,false,Prekindergarten,5th Grade
191464002100,Wilder Elementary School,Indianola Comm School District,Indianola,456,165,Yes participating without using any Provision or the CEO,false,Kindergarten,5th Grade
191722001007,Wilkins Elementary School,Linn-Mar Comm School District,Marion,348,143,Yes participating without using any Provision or the CEO,false,Prekindergarten,4th Grade
190897000585,Willard Elementary School,Des Moines Independent Comm School District,Des Moines,247,219,Yes under Community Eligibility Option (CEO),false,Kindergarten,5th Grade
190858000488,Williams Middle School,Davenport Comm School District,Davenport,577,328,Yes under Community Eligibility Option (CEO),false,6th Grade,8th Grade
193168001845,Williamsburg Jr-Sr High School,Williamsburg Comm School District,Williamsburg,604,130,Yes participating without using any Provision or the CEO,false,7th Grade,12th Grade
193168002305,Williamsburg Virtual Academy,Williamsburg Comm School District,Williamsburg,5,,Yes participating without using any Provision or the CEO,false,Kindergarten,12th Grade
192682002068,Willowbrook Elementary,Southeast Polk Comm School District,Altoona,523,277,Yes participating without using any Provision or the CEO,false,Prekindergarten,5th Grade
190858000489,Wilson Elementary School,Davenport Comm School District,Davenport,507,271,Yes under Community Eligibility Option (CEO),false,Kindergarten,5th Grade
192211001328,Wilson Elementary School,Ottumwa Comm School District,Ottumwa,335,200,Yes under Community Eligibility Option (CEO),false,Kindergarten,5th Grade
190654000267,Wilson Middle School,Cedar Rapids Comm School District,Cedar Rapids,422,329,Yes under Community Eligibility Option (CEO),true,6th Grade,8th Grade
193180001849,Wilton Elementary School,Wilton Comm School District,Wilton,509,165,Yes participating without using any Provision or the CEO,false,Prekindergarten,6th Grade
193180001850,Wilton Jr-Sr High School,Wilton Comm School District,Wilton,447,107,Yes participating without using any Provision or the CEO,false,7th Grade,12th Grade
190897000587,Windsor Elementary,Des Moines Independent Comm School District,Des Moines,254,146,Yes under Community Eligibility Option (CEO),false,Kindergarten,5th Grade
193183001851,Winfield Elementary School,Winfield-Mt Union Comm School District,Winfield,182,103,Yes participating without using any Provision or the CEO,false,Prekindergarten,5th Grade
193183001852,Winfield-Mt Union Jr-Sr High School,Winfield-Mt Union Comm School District,Winfield,198,101,Yes participating without using any Provision or the CEO,true,6th Grade,12th Grade
192163001292,Wings Park Elementary School,Oelwein Comm School District,Oelwein,294,174,Yes participating without using any Provision or the CEO,false,1st Grade,4th Grade
193186001856,Winterset Elementary School,Winterset Comm School District,Winterset,488,160,Yes participating without using any Provision or the CEO,false,Prekindergarten,3rd Grade
193186000369,Winterset Junior High School,Winterset Comm School District,Winterset,256,80,Yes participating without using any Provision or the CEO,true,7th Grade,8th Grade
193186001857,Winterset Middle School,Winterset Comm School District,Winterset,351,107,Yes participating without using any Provision or the CEO,false,4th Grade,6th Grade
193186001858,Winterset Senior High School,Winterset Comm School District,Winterset,530,147,Yes participating without using any Provision or the CEO,false,9th Grade,12th Grade
191989001015,Wisdomquest Education Center,Mount Pleasant Comm School District,Mount Pleasant,26,16,Yes participating without using any Provision or the CEO,true,10th Grade,12th Grade
190858000490,Wood Middle School,Davenport Comm School District,Davenport,629,332,Yes under Community Eligibility Option (CEO),false,6th Grade,8th Grade
193192001861,Woodbine Elementary School,Woodbine Comm School District,Woodbine,261,98,Yes participating without using any Provision or the CEO,false,Prekindergarten,4th Grade
193192001862,Woodbine High School,Woodbine Comm School District,Woodbine,303,98,Yes participating without using any Provision or the CEO,false,5th Grade,12th Grade
193195001865,Woodbury Central High School,Woodbury Central Comm School District,Moville,190,47,Yes participating without using any Provision or the CEO,false,9th Grade,12th Grade
193195001864,Woodbury Central Middle School,Woodbury Central Comm School District,Moville,111,34,Yes participating without using any Provision or the CEO,false,6th Grade,8th Grade
191872001095,Woodbury Elementary School,Marshalltown Comm School District,Marshalltown,387,318,Yes under Community Eligibility Option (CEO),false,Prekindergarten,4th Grade
193051002190,Woodland Hills Elementary School,Waukee Comm School District,West Des Moines,578,125,Yes participating without using any Provision or the CEO,false,Kindergarten,5th Grade
190897002140,Woodlawn Early Childhood Center,Des Moines Independent Comm School District,Des Moines,216,159,Yes under Community Eligibility Option (CEO),false,Prekindergarten,Prekindergarten
192061002239,Woodrow Wilson Elementary School,Newton Comm School District,Newton,306,176,Yes participating without using any Provision or the CEO,false,Kindergarten,4th Grade
190822000440,Woodrow Wilson Middle School,Council Bluffs Comm School District,Council Bluffs,855,504,Yes under Community Eligibility Option (CEO),true,6th Grade,8th Grade
192532001448,Woodside Middle School,Saydel Comm School District,Des Moines,396,224,Yes under Community Eligibility Option (CEO),true,5th Grade,8th Grade
193201002079,Woodward Academy,Woodward-Granger Comm School District,Woodward,110,3,Yes participating without using any Provision or the CEO,false,5th Grade,12th Grade
193201002223,Woodward-Granger Early Learning Center,Woodward-Granger Comm School District,Granger,253,37,Yes participating without using any Provision or the CEO,false,Prekindergarten,1st Grade
193201001867,Woodward-Granger Elementary School,Woodward-Granger Comm School District,Granger,349,86,Yes participating without using any Provision or the CEO,false,2nd Grade,5th Grade
193201001868,Woodward-Granger High School,Woodward-Granger Comm School District,Woodward,270,56,Yes participating without using any Provision or the CEO,false,9th Grade,12th Grade
193201001866,Woodward-Granger Middle School,Woodward-Granger Comm School District,Woodward,248,60,Yes participating without using any Provision or the CEO,false,6th Grade,8th Grade
190654000268,Wright Elementary School,Cedar Rapids Comm School District,Cedar Rapids,282,194,Yes under Community Eligibility Option (CEO),false,Prekindergarten,5th Grade
190897000589,Wright Elementary School,Des Moines Independent Comm School District,Des Moines,265,206,Yes under Community Eligibility Option (CEO),false,Kindergarten,5th Grade
