nces_id,school_name,district_name,city_name,total_students,frl_eligible_students,national_school_lunch_program,admin_approved,min_grade,max_grade
173081003429,21st Century Primary Center,Park Forest SD 163,Park Forest,152,121,Yes under Community Eligibility Option (CEO),false,Kindergarten,3rd Grade
170654000339,A B Shepard High Sch (Campus),Chsd 218,Palos Heights,1916,1298,Yes under Community Eligibility Option (CEO),true,9th Grade,12th Grade
173399003491,A F Ames Elem School,Riverside SD 96,Riverside,482,151,Yes participating without using any Provision or the CEO,false,Prekindergarten,5th Grade
170011004814,A J Katzenmaier Academy,North Chicago SD 187,North Chicago,387,385,Yes under Community Eligibility Option (CEO),false,4th Grade,5th Grade
172058002323,A O Marshall Elem School,Joliet PSD 86,Joliet,246,234,Yes under Community Eligibility Option (CEO),false,Kindergarten,5th Grade
174007004037,A Vito Martinez Middle School,Valley View CUSD 365U,Romeoville,583,324,Yes under Community Eligibility Option (CEO),false,6th Grade,8th Grade
170010505359,A-C Central Elementary School,A-C Central CUSD 262,Chandlerville,129,56,Yes participating without using any Provision or the CEO,false,Prekindergarten,4th Grade
170010505357,A-C Central High School,A-C Central CUSD 262,Ashland,96,37,Yes participating without using any Provision or the CEO,true,9th Grade,12th Grade
170010500245,A-C Central Middle School,A-C Central CUSD 262,Ashland,89,37,Yes participating without using any Provision or the CEO,false,5th Grade,8th Grade
171371001664,Abbott Middle School,SD U-46,Elgin,551,382,Yes under Community Eligibility Option (CEO),false,7th Grade,8th Grade
171020001235,Abe Lincoln Elem School,Cicero SD 99,Cicero,717,661,Yes participating without using any Provision or the CEO,false,Prekindergarten,6th Grade
170141306274,Abingdon-Avon High Sch,Abingdon-Avon CUSD 276,Abingdon,278,143,Yes under Community Eligibility Option (CEO),false,9th Grade,12th Grade
170141306247,Abingdon-Avon Middle Sch,Abingdon-Avon CUSD 276,Avon,204,105,Yes under Community Eligibility Option (CEO),false,6th Grade,8th Grade
170561000231,Abraham Lincoln Elem School,Belleville SD 118,Belleville,542,451,Yes under Community Eligibility Option (CEO),false,Kindergarten,6th Grade
171680001981,Abraham Lincoln Elem School,Glen Ellyn SD 41,Glen Ellyn,559,,No,false,Kindergarten,5th Grade
172925003060,Abraham Lincoln Elem School,Oak Park ESD 97,Oak Park,580,103,Yes participating without using any Provision or the CEO,false,Kindergarten,5th Grade
173451003558,Abraham Lincoln Middle School,Rockford SD 205,Rockford,736,590,Yes under Community Eligibility Option (CEO),false,6th Grade,8th Grade
170016206156,Academic Behavior&community Acad,Adam/Brwn/Cass/Morgn/Pik/Sctt ROE,Quincy,0,,Yes under Community Eligibility Option (CEO),true,7th Grade,12th Grade
170993006035,Academy for Global Citizenship,Chicago Public Schools Dist 299,Chicago,486,280,Yes under Community Eligibility Option (CEO),false,Kindergarten,8th Grade
174396506887,Academy for Learning,Exc Children Have Opportunities,Dolton,,,Yes under Community Eligibility Option (CEO),true,,
170142606424,Ace Amandla Charter School,ACE Amandla Charter School,Chicago,137,130,Yes under Community Eligibility Option (CEO),true,9th Grade,12th Grade
170993006448,Acero Chtr - Bartolome De Las,Chicago Public Schools Dist 299,Chicago,225,199,Yes under Community Eligibility Option (CEO),false,Kindergarten,8th Grade
170993006481,Acero Chtr - Carlos Fuentes Elem,Chicago Public Schools Dist 299,Chicago,370,322,Yes under Community Eligibility Option (CEO),false,Kindergarten,8th Grade
170993006521,Acero Chtr - Esmera Santiago Cmps,Chicago Public Schools Dist 299,Chicago,224,199,Yes under Community Eligibility Option (CEO),false,Kindergarten,8th Grade
170993006482,Acero Chtr - Octavio Paz Elem Sch,Chicago Public Schools Dist 299,Chicago,98,93,Yes participating without using any Provision or the CEO,false,Kindergarten,8th Grade
170993006497,Acero Chtr - Officer Marquez Elem,Chicago Public Schools Dist 299,Chicago,508,473,Yes under Community Eligibility Option (CEO),false,Kindergarten,8th Grade
170993006455,Acero Chtr - Rufino Tamayo Elem,Chicago Public Schools Dist 299,Chicago,266,241,Yes under Community Eligibility Option (CEO),false,Kindergarten,8th Grade
170993006436,Acero Chtr - Sandra Cisneros Elem,Chicago Public Schools Dist 299,Chicago,326,294,Yes under Community Eligibility Option (CEO),false,Kindergarten,8th Grade
170993006444,Acero Chtr - Spc Zizumbo Elem,Chicago Public Schools Dist 299,Chicago,532,459,Yes under Community Eligibility Option (CEO),false,Kindergarten,8th Grade
170993006467,Acero Chtr Netrk - Major Garcia,Chicago Public Schools Dist 299,Chicago,666,597,Yes under Community Eligibility Option (CEO),true,9th Grade,12th Grade
170993006505,Acero Chtr Network - Jovita Idar,Chicago Public Schools Dist 299,Chicago,528,467,Yes under Community Eligibility Option (CEO),false,Kindergarten,8th Grade
170993006522,Acero Chtr Network - Pfc Torress,Chicago Public Schools Dist 299,Chicago,528,467,Yes under Community Eligibility Option (CEO),false,Kindergarten,8th Grade
170993006524,Acero Chtr Roberto Clemente Elem,Chicago Public Schools Dist 299,Chicago,461,376,Yes under Community Eligibility Option (CEO),false,Kindergarten,8th Grade
170993006483,Acero Chtr Sch Netwrk- Victoria,Chicago Public Schools Dist 299,Chicago,561,552,Yes under Community Eligibility Option (CEO),true,9th Grade,12th Grade
170993006508,Acero Chtr Sor Juana Ines De La,Chicago Public Schools Dist 299,Chicago,432,388,Yes participating without using any Provision or the CEO,true,Kindergarten,12th Grade
170993006474,Acero Chtr-Brighton Park Elem Sch,Chicago Public Schools Dist 299,Chicago,465,433,Yes under Community Eligibility Option (CEO),false,Kindergarten,8th Grade
170942006352,Actions Program,Champaign CUSD 4,Champaign,0,,No,true,Kindergarten,12th Grade
173300005082,Adams Co Juvenile Detention Cntr,Quincy SD 172,Quincy,0,,No,true,5th Grade,12th Grade
170016206022,Adams County Rssp,Adam/Brwn/Cass/Morgn/Pik/Sctt ROE,Quincy,0,,Yes under Community Eligibility Option (CEO),true,7th Grade,12th Grade
172298002536,Adams Elem School,Lincoln ESD 27,Lincoln,57,33,Yes under Community Eligibility Option (CEO),false,Prekindergarten,2nd Grade
172460002662,Adams School,Marion CUSD 2,Creal Springs,283,120,Yes participating without using any Provision or the CEO,false,Prekindergarten,8th Grade
170993000884,Addams Elem School,Chicago Public Schools Dist 299,Chicago,544,426,Yes under Community Eligibility Option (CEO),false,Prekindergarten,8th Grade
170315006390,Addison Early Learning Center,Addison SD 4,Addison,190,128,Yes under Community Eligibility Option (CEO),false,Prekindergarten,Prekindergarten
171394001737,Addison Trail High School,DuPage HSD 88,Addison,1847,1161,Yes participating without using any Provision or the CEO,true,9th Grade,12th Grade
173258003385,Adlai E Stevenson High School,Adlai E Stevenson HSD 125,Lincolnshire,4758,,No,false,9th Grade,12th Grade
173474003631,Adlai Stevenson Elem School,Schaumburg CCSD 54,Elk Grove Village,513,,No,false,Kindergarten,6th Grade
172280005318,Adler Park School,Libertyville SD 70,Libertyville,238,,No,false,Kindergarten,5th Grade
171377001713,Adm Richard E Byrd Elem School,Comm Cons SD 59,Elk Grove Village,301,241,Yes participating without using any Provision or the CEO,false,Kindergarten,5th Grade
173474003632,Adolph Link Elem School,Schaumburg CCSD 54,Elk Grove Village,652,,No,false,Kindergarten,6th Grade
170993006055,Air Force Acad High School,Chicago Public Schools Dist 299,Chicago,131,115,Yes under Community Eligibility Option (CEO),true,9th Grade,12th Grade
170321000014,Akin Comm Cons Elem School,Akin CCSD 91,Akin,124,68,Yes under Community Eligibility Option (CEO),false,Prekindergarten,8th Grade
170675000350,Alan B Shepard Elem School,Bourbonnais SD 53,Bourbonnais,483,297,Yes participating without using any Provision or the CEO,false,Prekindergarten,3rd Grade
171198001437,Alan B Shepard Middle School,Deerfield SD 109,Deerfield,476,,No,false,6th Grade,8th Grade
170993004962,Albany Park Multicultural Elem,Chicago Public Schools Dist 299,Chicago,243,224,Yes under Community Eligibility Option (CEO),false,7th Grade,8th Grade
170327000015,Albers Elem School,Albers SD 63,Albers,154,30,Yes participating without using any Provision or the CEO,false,Prekindergarten,8th Grade
171353006020,Albert Cassens Elementary,Edwardsville CUSD 7,Glen Carbon,477,93,Yes participating without using any Provision or the CEO,false,3rd Grade,5th Grade
173474003633,Albert Einstein Elem School,Schaumburg CCSD 54,Hanover Park,512,,No,false,Kindergarten,6th Grade
171350001634,Albion Grade School,Edwards County CUSD 1,Albion,427,201,Yes participating without using any Provision or the CEO,false,Prekindergarten,8th Grade
170993006072,Alcott College Prep,Chicago Public Schools Dist 299,Chicago,373,277,Yes under Community Eligibility Option (CEO),true,9th Grade,12th Grade
170993000804,Alcott Elem School,Chicago Public Schools Dist 299,Chicago,567,73,Yes under Community Eligibility Option (CEO),false,Prekindergarten,8th Grade
170330004512,Alden Hebron Elem School,Alden Hebron SD 19,Hebron,210,78,Yes participating without using any Provision or the CEO,false,Prekindergarten,5th Grade
170330000017,Alden-Hebron High School,Alden Hebron SD 19,Hebron,112,50,Yes participating without using any Provision or the CEO,false,9th Grade,12th Grade
170330000016,Alden-Hebron Middle School,Alden Hebron SD 19,Hebron,99,36,Yes participating without using any Provision or the CEO,false,6th Grade,8th Grade
170993001168,Aldridge Elem School,Chicago Public Schools Dist 299,Chicago,257,239,Yes under Community Eligibility Option (CEO),false,Prekindergarten,8th Grade
172814002970,Alex M Martino Jr High School,New Lenox SD 122,New Lenox,591,64,Yes participating without using any Provision or the CEO,false,7th Grade,8th Grade
170855004800,Algonquin Lakes Elem Sch,CUSD 300,Algonquin,408,237,Yes participating without using any Provision or the CEO,false,Kindergarten,5th Grade
170855000477,Algonquin Middle School,CUSD 300,Algonquin,370,209,Yes participating without using any Provision or the CEO,false,6th Grade,8th Grade
171212001460,Algonquin Middle School,CCSD 62,Des Plaines,597,342,Yes participating without using any Provision or the CEO,false,6th Grade,8th Grade
173081006355,Algonquin Primary Center,Park Forest SD 163,Park Forest,127,97,Yes under Community Eligibility Option (CEO),false,Prekindergarten,Prekindergarten
171566001878,Algonquin Road Elem School,Fox River Grove Cons SD 3,Fox River Grove,239,57,Yes participating without using any Provision or the CEO,false,Prekindergarten,4th Grade
171899002176,Alhambra Primary School,Highland CUSD 5,Alhambra,156,42,Yes participating without using any Provision or the CEO,false,Prekindergarten,3rd Grade
170522000200,Alice Gustafson Elem School,Batavia USD 101,Batavia,403,57,Yes participating without using any Provision or the CEO,false,Prekindergarten,5th Grade
172168002435,Allen School School,La Moille CUSD 303,La Moille,96,47,Yes participating without using any Provision or the CEO,false,Kindergarten,6th Grade
170345004514,Allendale Elementary School,Allendale CCSD 17,Allendale,131,62,Yes under Community Eligibility Option (CEO),false,Prekindergarten,8th Grade
170387005136,Allendale School,Chsd 117,Lake Villa,0,,No,true,9th Grade,12th Grade
170351000033,Altamont Grade School,Altamont CUSD 10,Altamont,462,288,Yes under Community Eligibility Option (CEO),false,Prekindergarten,8th Grade
170351000034,Altamont High School,Altamont CUSD 10,Altamont,222,114,Yes under Community Eligibility Option (CEO),false,9th Grade,12th Grade
170360000035,Alton High School,Alton CUSD 11,Alton,1823,785,Yes under Community Eligibility Option (CEO),true,9th Grade,12th Grade
170360005841,Alton Middle School,Alton CUSD 11,Alton,1220,623,Yes under Community Eligibility Option (CEO),false,6th Grade,8th Grade
170366000057,Alwood Elem School,AlWood CUSD 225,Alpha,172,74,Yes participating without using any Provision or the CEO,false,Prekindergarten,5th Grade
170366000058,Alwood Middle/High School,AlWood CUSD 225,Woodhull,184,62,Yes participating without using any Provision or the CEO,true,6th Grade,12th Grade
170369000059,Amboy Central Elem School,Amboy CUSD 272,Amboy,283,139,Yes under Community Eligibility Option (CEO),false,Prekindergarten,4th Grade
170369000060,Amboy High School,Amboy CUSD 272,Amboy,229,87,Yes under Community Eligibility Option (CEO),false,9th Grade,12th Grade
170369000061,Amboy Jr High School,Amboy CUSD 272,Amboy,210,99,Yes under Community Eligibility Option (CEO),false,5th Grade,8th Grade
172976006079,Amelia V Carriel Jr High,O Fallon CCSD 90,O Fallon,664,177,Yes participating without using any Provision or the CEO,false,6th Grade,8th Grade
171185001406,American Dreamer STEM Academy,Decatur SD 61,Decatur,423,377,Yes under Community Eligibility Option (CEO),false,Kindergarten,8th Grade
173297003413,Americana Elementary School,Queen Bee SD 16,Glendale Heights,401,219,Yes participating without using any Provision or the CEO,false,Kindergarten,4th Grade
170840000458,Amos Alonzo Stagg High School,Cons HSD 230,Palos Hills,2560,,No,true,9th Grade,12th Grade
170993000587,Amundsen High School,Chicago Public Schools Dist 299,Chicago,1507,561,Yes under Community Eligibility Option (CEO),true,9th Grade,12th Grade
173444003545,Andalusia Elem School,Rockridge CUSD 300,Andalusia,272,57,Yes participating without using any Provision or the CEO,false,3rd Grade,5th Grade
173717003851,Anderson Elem School,St Charles CUSD 303,Saint Charles,460,158,Yes participating without using any Provision or the CEO,false,Kindergarten,5th Grade
174125004122,Andrew Cooke Magnet Elem School,Waukegan CUSD 60,Waukegan,395,224,Yes under Community Eligibility Option (CEO),false,Kindergarten,5th Grade
172771006106,Ann Reid Early Childhood Center,Naperville CUSD 203,Naperville,375,,No,false,Prekindergarten,Prekindergarten
170375000064,Anna Junior High School,Anna CCSD 37,Anna,236,116,Yes under Community Eligibility Option (CEO),false,5th Grade,8th Grade
172427002639,Anna McDonald Elem School,Manhattan SD 114,Manhattan,434,80,Yes participating without using any Provision or the CEO,false,2nd Grade,3rd Grade
170378000067,Anna-Jonesboro High School,Anna Jonesboro CHSD 81,Anna,476,241,Yes participating without using any Provision or the CEO,true,9th Grade,12th Grade
170381000068,Annawan Grade School,Annawan CUSD 226,Annawan,243,93,Yes participating without using any Provision or the CEO,false,Prekindergarten,8th Grade
170381000069,Annawan High School,Annawan CUSD 226,Annawan,99,32,Yes participating without using any Provision or the CEO,false,9th Grade,12th Grade
173474003634,Anne Fox Elem School,Schaumburg CCSD 54,Hanover Park,324,,No,false,Kindergarten,6th Grade
173051003172,Anne M Jeans Elem School,CCSD 180,Willowbrook,277,247,Yes under Community Eligibility Option (CEO),false,Prekindergarten,4th Grade
173285003402,Anne Sullivan Elem School,Prospect Heights SD 23,Prospect Heights,329,121,Yes participating without using any Provision or the CEO,false,4th Grade,5th Grade
171332005001,Annette Officer Elementary,East St Louis SD 189,East Saint Louis,362,362,Yes under Community Eligibility Option (CEO),false,Kindergarten,4th Grade
173123003265,Annie Jo Gordon Comm Lrning Cntr,Peoria SD 150,Peoria,542,500,Yes under Community Eligibility Option (CEO),false,Kindergarten,8th Grade
170387000075,Antioch Comm High School,Chsd 117,Antioch,1313,,No,false,9th Grade,12th Grade
170384000072,Antioch Upper Grade School,Antioch CCSD 34,Antioch,875,269,Yes participating without using any Provision or the CEO,false,6th Grade,8th Grade
173210003361,Aplington Middle School,Polo CUSD 222,Polo,114,55,Yes under Community Eligibility Option (CEO),false,6th Grade,8th Grade
170139500019,Apollo Elem School,Mercer County School District 404,Aledo,362,187,Yes under Community Eligibility Option (CEO),false,Kindergarten,5th Grade
171314000063,Apollo Elem School,East Maine SD 63,Des Plaines,536,366,Yes participating without using any Provision or the CEO,false,Kindergarten,5th Grade
170390004367,Aptakisic Junior High School,Aptakisic-Tripp CCSD 102,Buffalo Grove,940,,No,false,6th Grade,8th Grade
170393000080,Arbor Elementary School,Arbor Park SD 145,Oak Forest,232,109,Yes participating without using any Provision or the CEO,false,1st Grade,2nd Grade
170393000078,Arbor Park Middle School,Arbor Park SD 145,Oak Forest,520,257,Yes participating without using any Provision or the CEO,false,5th Grade,8th Grade
174050004076,Arbor View Elem School,CCSD 89,Glen Ellyn,313,70,Yes participating without using any Provision or the CEO,false,Prekindergarten,5th Grade
170016203208,Arc,Adam/Brwn/Cass/Morgn/Pik/Sctt ROE,Jacksonville,0,,Yes under Community Eligibility Option (CEO),true,6th Grade,12th Grade
172502002717,Arcadia Elem School,Matteson ESD 162,Olympia Fields,516,225,Yes under Community Eligibility Option (CEO),false,Kindergarten,4th Grade
170396000082,Arcola Elementary School,Arcola CUSD 306,Arcola,410,188,Yes participating without using any Provision or the CEO,false,Prekindergarten,6th Grade
170396000083,Arcola High School,Arcola CUSD 306,Arcola,299,171,Yes participating without using any Provision or the CEO,true,7th Grade,12th Grade
170315000478,Ardmore Elem School,Addison SD 4,Addison,230,183,Yes under Community Eligibility Option (CEO),false,Kindergarten,5th Grade
174035004052,Ardmore Elem School,SD 45 DuPage County,Villa Park,425,108,Yes under Community Eligibility Option (CEO),false,Kindergarten,5th Grade
170399000084,Argenta-Oreana Elementary School,Argenta-Oreana CUSD 1,Oreana,445,238,Yes participating without using any Provision or the CEO,false,Prekindergarten,5th Grade
170399000085,Argenta-Oreana High School,Argenta-Oreana CUSD 1,Argenta,268,150,Yes participating without using any Provision or the CEO,true,9th Grade,12th Grade
170399000086,Argenta-Oreana Middle School,Argenta-Oreana CUSD 1,Argenta,180,108,Yes participating without using any Provision or the CEO,false,6th Grade,8th Grade
170402000088,Argo Community High School,Argo CHSD 217,Summit,1817,1174,Yes under Community Eligibility Option (CEO),true,9th Grade,12th Grade
170993001607,Ariel Elem Community Academy,Chicago Public Schools Dist 299,Chicago,364,259,Yes under Community Eligibility Option (CEO),false,Prekindergarten,8th Grade
172505005654,Arland D Williams Jr Elem Sch,Mattoon CUSD 2,Mattoon,653,448,Yes under Community Eligibility Option (CEO),false,Kindergarten,5th Grade
174169003609,Arlene Welch Elementary School,Indian Prairie CUSD 204,Naperville,576,167,Yes participating without using any Provision or the CEO,false,Kindergarten,5th Grade
170993001001,Armour Elem School,Chicago Public Schools Dist 299,Chicago,255,197,Yes under Community Eligibility Option (CEO),false,Prekindergarten,8th Grade
170993001181,Armstrong G Elem Intl Studies,Chicago Public Schools Dist 299,Chicago,1304,1099,Yes under Community Eligibility Option (CEO),false,Prekindergarten,8th Grade
170423000119,Armstrong High School,Armstrong Twp HSD 225,Armstrong,114,43,Yes participating without using any Provision or the CEO,false,9th Grade,12th Grade
170420000118,Armstrong-Ellis Elem School,Armstrong-Ellis Cons SD 61,Armstrong,81,33,Yes participating without using any Provision or the CEO,false,Kindergarten,8th Grade
171324001568,Armstrong-Oakview Elem School,East Peoria SD 86,East Peoria,155,63,Yes under Community Eligibility Option (CEO),false,Kindergarten,2nd Grade
170315000005,Army Trail Elem School,Addison SD 4,Addison,258,204,Yes under Community Eligibility Option (CEO),false,Kindergarten,5th Grade
170505000195,Arnett C Lines Elem School,Barrington CUSD 220,Barrington,501,70,Yes participating without using any Provision or the CEO,false,Kindergarten,5th Grade
172814002971,Arnold J Tyler School,New Lenox SD 122,New Lenox,372,56,Yes participating without using any Provision or the CEO,false,1st Grade,3rd Grade
173903003957,Arnold W Kruse Ed Center,CCSD 146,Orland Park,462,190,Yes participating without using any Provision or the CEO,false,Prekindergarten,5th Grade
170993006770,Art in Motion Charter School,Chicago Public Schools Dist 299,Chicago,602,476,Yes under Community Eligibility Option (CEO),false,7th Grade,12th Grade
173451003618,Arthur Froberg Elem School,Rockford SD 205,Rockford,426,306,Yes under Community Eligibility Option (CEO),false,Kindergarten,5th Grade
170426000120,Arthur Grade School,Arthur CUSD 305,Arthur,258,144,Yes participating without using any Provision or the CEO,false,Prekindergarten,8th Grade
170426000121,Arthur-Lovington-Atwood-Hammond,Arthur CUSD 305,Arthur,310,145,Yes participating without using any Provision or the CEO,true,9th Grade,12th Grade
170993004718,Ashburn Community Elem School,Chicago Public Schools Dist 299,Chicago,324,248,Yes under Community Eligibility Option (CEO),false,Prekindergarten,8th Grade
170993001071,Ashe Elem School,Chicago Public Schools Dist 299,Chicago,387,366,Yes under Community Eligibility Option (CEO),false,Prekindergarten,8th Grade
171041001255,Ashkum Early Literacy Center,Central CUSD 4,Ashkum,49,,No,false,Prekindergarten,Prekindergarten
170434000125,Ashley Com Consolidated School,Ashley CCSD 15,Ashley,115,62,Yes under Community Eligibility Option (CEO),false,Prekindergarten,8th Grade
170960000565,Ashmore Elem School,Charleston CUSD 1,Ashmore,74,39,Yes under Community Eligibility Option (CEO),false,Kindergarten,4th Grade
170438004527,Ashton-Franklin Center Elem Sch,Ashton-Franklin Center CUSD 275,Franklin Grove,218,112,Yes participating without using any Provision or the CEO,false,Prekindergarten,6th Grade
170438000127,Ashton-Franklin Center HS,Ashton-Franklin Center CUSD 275,Ashton,216,112,Yes participating without using any Provision or the CEO,false,7th Grade,12th Grade
170993005682,Asian Human Srvcs-Passage Chrtr,Chicago Public Schools Dist 299,Chicago,379,350,Yes under Community Eligibility Option (CEO),false,Kindergarten,8th Grade
170993006453,Aspira Charter - Bus and Fin,Chicago Public Schools Dist 299,Chicago,426,357,Yes under Community Eligibility Option (CEO),true,9th Grade,12th Grade
170993006473,Aspira Charter - Early College Pr,Chicago Public Schools Dist 299,Chicago,285,263,Yes under Community Eligibility Option (CEO),true,9th Grade,12th Grade
170993006516,Aspira Charter - Haugan Campus,Chicago Public Schools Dist 299,Chicago,83,79,Yes under Community Eligibility Option (CEO),false,6th Grade,8th Grade
170017302440,Assist Taoep 12,Clay/Cwford/Jsper/Lwrnce/Rhland,Olney,0,,Yes under Community Eligibility Option (CEO),true,6th Grade,12th Grade
170444004529,Astoria Elem School,Astoria CUSD 1,Astoria,145,88,Yes under Community Eligibility Option (CEO),false,Prekindergarten,5th Grade
170444000130,Astoria High School,Astoria CUSD 1,Astoria,86,38,Yes under Community Eligibility Option (CEO),true,9th Grade,12th Grade
170444005139,Astoria Junior High School,Astoria CUSD 1,Astoria,46,23,Yes under Community Eligibility Option (CEO),false,6th Grade,8th Grade
170447004530,Athens Junior High School,Athens CUSD 213,Athens,144,58,Yes participating without using any Provision or the CEO,false,7th Grade,8th Grade
170447000131,Athens Sr High School,Athens CUSD 213,Athens,299,92,Yes participating without using any Provision or the CEO,false,9th Grade,12th Grade
171692005657,Attea Middle School,Glenview CCSD 34,Glenview,714,143,Yes participating without using any Provision or the CEO,false,6th Grade,8th Grade
170426000140,Atwood-Hammond Grade School,Arthur CUSD 305,Atwood,209,122,Yes participating without using any Provision or the CEO,false,Prekindergarten,8th Grade
170462004532,Auburn Elem School,Auburn CUSD 10,Auburn,292,123,Yes participating without using any Provision or the CEO,false,Prekindergarten,2nd Grade
170462000142,Auburn High School,Auburn CUSD 10,Auburn,327,131,Yes participating without using any Provision or the CEO,false,9th Grade,12th Grade
173451003599,Auburn High School,Rockford SD 205,Rockford,1957,1313,Yes under Community Eligibility Option (CEO),true,9th Grade,12th Grade
170462000141,Auburn Jr High at Divernon,Auburn CUSD 10,Divernon,236,97,Yes participating without using any Provision or the CEO,false,6th Grade,8th Grade
170462005966,Auburn Middle School,Auburn CUSD 10,Auburn,200,91,Yes participating without using any Provision or the CEO,false,3rd Grade,5th Grade
170993000581,Audubon Elem School,Chicago Public Schools Dist 299,Chicago,606,55,Yes under Community Eligibility Option (CEO),false,Prekindergarten,8th Grade
170993005984,Austin College and Career Acad HS,Chicago Public Schools Dist 299,Chicago,190,159,Yes under Community Eligibility Option (CEO),true,9th Grade,12th Grade
174396006052,Autumn Creek Elem Sch,Yorkville CUSD 115,Yorkville,529,167,Yes participating without using any Provision or the CEO,false,Kindergarten,6th Grade
172631005818,Aux Sable,Minooka CCSD 201,Minooka,617,168,Yes participating without using any Provision or the CEO,false,Kindergarten,4th Grade
173174005862,Aux Sable Middle Sch,Plainfield SD 202,Joliet,844,291,Yes under Community Eligibility Option (CEO),false,6th Grade,8th Grade
170993000582,Avalon Park Elem School,Chicago Public Schools Dist 299,Chicago,225,193,Yes under Community Eligibility Option (CEO),false,Prekindergarten,8th Grade
172076006402,Avis Huff Student Support Service,Kankakee SD 111,Kankakee,0,,Yes under Community Eligibility Option (CEO),true,Kindergarten,12th Grade
170474000175,Aviston Elem School,Aviston SD 21,Aviston,462,27,Yes participating without using any Provision or the CEO,false,Prekindergarten,8th Grade
170480000177,Avoca West Elem School,Avoca SD 37,Glenview,313,,No,false,Kindergarten,5th Grade
171752005313,Avon Center Elem School,Grayslake CCSD 46,Round Lake Beach,361,194,Yes participating without using any Provision or the CEO,false,Kindergarten,4th Grade
170141306276,Avon Elem Sch,Abingdon-Avon CUSD 276,Avon,48,24,Yes under Community Eligibility Option (CEO),false,Prekindergarten,1st Grade
170993000048,Avondale - Logandale Elem Sch,Chicago Public Schools Dist 299,Chicago,459,412,Yes under Community Eligibility Option (CEO),false,Prekindergarten,8th Grade
170993006131,Azuela Elem School,Chicago Public Schools Dist 299,Chicago,690,548,Yes under Community Eligibility Option (CEO),false,Kindergarten,8th Grade
172187002457,B J Hooper Elem School,Lake Villa CCSD 41,Lindenhurst,545,235,Yes participating without using any Provision or the CEO,false,Prekindergarten,5th Grade
170993006282,Back of the Yards IB HS,Chicago Public Schools Dist 299,Chicago,1039,966,Yes under Community Eligibility Option (CEO),true,9th Grade,12th Grade
170492000182,Ball Elementary School,Ball Chatham CUSD 5,Chatham,552,126,Yes participating without using any Provision or the CEO,false,Prekindergarten,4th Grade
171125001342,Balmoral Elem Sch,Crete Monee CUSD 201U,Crete,472,342,Yes under Community Eligibility Option (CEO),false,Kindergarten,5th Grade
171270004389,Banner Elementary School,Dunlap CUSD 323,Dunlap,375,54,Yes participating without using any Provision or the CEO,false,Kindergarten,5th Grade
170495000186,Bannockburn School,Bannockburn SD 106,Bannockburn,165,,No,false,Kindergarten,8th Grade
171860002152,Barack H Obama Learning Academy,Hazel Crest SD 152-5,Markham,466,464,Yes under Community Eligibility Option (CEO),false,Prekindergarten,8th Grade
173081003202,Barack Obama Sch of Ldership,Park Forest SD 163,Chicago Heights,367,296,Yes under Community Eligibility Option (CEO),false,4th Grade,6th Grade
170142406396,Barbara a Sizemore Campus,Betty Shabazz Internl Chrtr Sch,Chicago,231,230,Yes under Community Eligibility Option (CEO),false,Kindergarten,8th Grade
170505002987,Barbara B Rose Elem School,Barrington CUSD 220,South Barrington,403,44,Yes participating without using any Provision or the CEO,false,Kindergarten,5th Grade
173451003607,Barbour Two-Way Lang Immersion,Rockford SD 205,Rockford,628,453,Yes under Community Eligibility Option (CEO),false,Kindergarten,8th Grade
170993000585,Barnard Elem Comp Math & Sci Ctr,Chicago Public Schools Dist 299,Chicago,243,185,Yes under Community Eligibility Option (CEO),false,Prekindergarten,8th Grade
172160005976,Barnsdale Road School,La Grange SD 102,La Grange Park,308,,No,false,Prekindergarten,Kindergarten
170505006366,Barrington Early Learning Center,Barrington CUSD 220,Barrington,194,54,Yes participating without using any Provision or the CEO,false,Prekindergarten,Prekindergarten
170505000188,Barrington High School,Barrington CUSD 220,Barrington,2718,,No,false,9th Grade,12th Grade
170505000044,Barrington Mdle Sch- Prairie Cmps,Barrington CUSD 220,Barrington,980,198,Yes participating without using any Provision or the CEO,false,6th Grade,8th Grade
170505000192,Barrington Middle Sch Station,Barrington CUSD 220,Barrington,886,172,Yes participating without using any Provision or the CEO,false,6th Grade,8th Grade
170993000586,Barry Elem School,Chicago Public Schools Dist 299,Chicago,473,415,Yes under Community Eligibility Option (CEO),false,Prekindergarten,6th Grade
170516000198,Bartelso Elem School,Bartelso SD 57,Bartelso,166,5,Yes participating without using any Provision or the CEO,false,Prekindergarten,8th Grade
171371001667,Bartlett Elem School,SD U-46,Bartlett,613,208,Yes under Community Eligibility Option (CEO),false,Kindergarten,6th Grade
171371002108,Bartlett High School,SD U-46,Bartlett,2037,796,Yes under Community Eligibility Option (CEO),false,9th Grade,12th Grade
170993000589,Barton Elem School,Chicago Public Schools Dist 299,Chicago,411,368,Yes under Community Eligibility Option (CEO),false,Prekindergarten,8th Grade
170519000199,Bartonville Elem School,Bartonville SD 66,Bartonville,204,113,Yes under Community Eligibility Option (CEO),false,Prekindergarten,8th Grade
170993000590,Bass Elem School,Chicago Public Schools Dist 299,Chicago,313,307,Yes under Community Eligibility Option (CEO),false,Prekindergarten,8th Grade
170522000202,Batavia Sr High School,Batavia USD 101,Batavia,1690,,No,false,9th Grade,12th Grade
170993000591,Bateman Elem School,Chicago Public Schools Dist 299,Chicago,904,506,Yes under Community Eligibility Option (CEO),false,Prekindergarten,8th Grade
170001000213,Beach Park Middle School,Beach Park CCSD 3,Beach Park,715,406,Yes under Community Eligibility Option (CEO),false,6th Grade,8th Grade
170993004965,Beard Elem School,Chicago Public Schools Dist 299,Chicago,327,118,Yes under Community Eligibility Option (CEO),false,Prekindergarten,3rd Grade
170531000216,Beardstown Jr/Sr High School,Beardstown CUSD 15,Beardstown,820,634,Yes under Community Eligibility Option (CEO),true,5th Grade,12th Grade
170993000668,Beasley Elem Magnet Academic Ctr,Chicago Public Schools Dist 299,Chicago,1119,733,Yes under Community Eligibility Option (CEO),false,Prekindergarten,8th Grade
170993000601,Beaubien Elem School,Chicago Public Schools Dist 299,Chicago,1004,410,Yes under Community Eligibility Option (CEO),false,Prekindergarten,8th Grade
170701000362,Beckemeyer Elem School,Breese ESD 12,Beckemeyer,250,84,Yes participating without using any Provision or the CEO,false,Prekindergarten,2nd Grade
171920002201,Beckemeyer Elem School,Hillsboro CUSD 3,Hillsboro,641,346,Yes under Community Eligibility Option (CEO),false,Kindergarten,5th Grade
173027004768,Bednarcik Junior High School,CUSD 308,Aurora,535,136,Yes participating without using any Provision or the CEO,false,6th Grade,8th Grade
172771002929,Beebe Elem School,Naperville CUSD 203,Naperville,619,138,Yes participating without using any Provision or the CEO,false,Kindergarten,5th Grade
170546000224,Beecher City Grade School,Beecher City CUSD 20,Beecher City,196,97,Yes participating without using any Provision or the CEO,false,Prekindergarten,5th Grade
170546000225,Beecher City Jr-Sr High School,Beecher City CUSD 20,Beecher City,165,76,Yes participating without using any Provision or the CEO,false,6th Grade,12th Grade
170543000222,Beecher Elem School,Beecher CUSD 200U,Beecher,459,178,Yes participating without using any Provision or the CEO,false,Prekindergarten,5th Grade
170543000223,Beecher High School,Beecher CUSD 200U,Beecher,343,95,Yes participating without using any Provision or the CEO,false,9th Grade,12th Grade
170543004523,Beecher Junior High School,Beecher CUSD 200U,Beecher,249,77,Yes participating without using any Provision or the CEO,false,6th Grade,8th Grade
170993000602,Beethoven Elem School,Chicago Public Schools Dist 299,Chicago,333,304,Yes under Community Eligibility Option (CEO),false,Prekindergarten,8th Grade
173267006377,Behavior Disorder Program Coop,Princeton ESD 115,Tiskilwa,0,,Yes participating without using any Provision or the CEO,true,Kindergarten,12th Grade
170993000603,Beidler Elem School,Chicago Public Schools Dist 299,Chicago,232,195,Yes under Community Eligibility Option (CEO),false,Prekindergarten,8th Grade
170993000604,Belding Elem School,Chicago Public Schools Dist 299,Chicago,609,290,Yes under Community Eligibility Option (CEO),false,Prekindergarten,8th Grade
170993000605,Bell Elem School,Chicago Public Schools Dist 299,Chicago,902,91,Yes under Community Eligibility Option (CEO),false,Kindergarten,8th Grade
173717004065,Bell-Graham Elementary School,St Charles CUSD 303,Saint Charles,520,40,Yes participating without using any Provision or the CEO,false,Kindergarten,5th Grade
171254001505,Belle Aire Elem School,Downers Grove GSD 58,Downers Grove,276,,No,false,Prekindergarten,6th Grade
172100002381,Belle Alexander Elem School,Kewanee CUSD 229,Kewanee,241,176,Yes under Community Eligibility Option (CEO),false,Kindergarten,1st Grade
170558000229,Belle Valley School,Belle Valley SD 119,Belleville,997,822,Yes participating without using any Provision or the CEO,false,Prekindergarten,8th Grade
170564000242,Belleville High School-East,Belleville Twp HSD 201,Belleville,2600,1446,Yes participating without using any Provision or the CEO,true,9th Grade,12th Grade
170564000243,Belleville High School-West,Belleville Twp HSD 201,Belleville,2118,1269,Yes participating without using any Provision or the CEO,true,9th Grade,12th Grade
170993004720,Belmont-Cragin Elem School,Chicago Public Schools Dist 299,Chicago,518,402,Yes under Community Eligibility Option (CEO),false,Prekindergarten,8th Grade
170579004634,Belvidere Central Middle School,Belvidere CUSD 100,Belvidere,911,461,Yes under Community Eligibility Option (CEO),false,6th Grade,8th Grade
170579000255,Belvidere High School,Belvidere CUSD 100,Belvidere,1167,715,Yes under Community Eligibility Option (CEO),true,9th Grade,12th Grade
170579005909,Belvidere North High Sch,Belvidere CUSD 100,Belvidere,1354,617,Yes under Community Eligibility Option (CEO),false,9th Grade,12th Grade
170579000256,Belvidere South Middle School,Belvidere CUSD 100,Belvidere,754,491,Yes under Community Eligibility Option (CEO),false,6th Grade,8th Grade
170582004540,Bement Elementary School,Bement CUSD 5,Bement,143,94,Yes participating without using any Provision or the CEO,false,Prekindergarten,5th Grade
170582000263,Bement High School,Bement CUSD 5,Bement,85,35,Yes participating without using any Provision or the CEO,true,9th Grade,12th Grade
170582004541,Bement Middle School,Bement CUSD 5,Bement,63,21,Yes participating without using any Provision or the CEO,false,6th Grade,8th Grade
171668001973,Ben-Gil Elementary School,Gillespie CUSD 7,Gillespie,523,346,Yes under Community Eligibility Option (CEO),false,Prekindergarten,5th Grade
170468006318,Benavides STEAM Academy,Aurora East USD 131,Aurora,326,193,Yes under Community Eligibility Option (CEO),false,Kindergarten,2nd Grade
172862006130,Benjamin Elem School,McLean County USD 5,Bloomington,607,67,Yes participating without using any Provision or the CEO,false,Kindergarten,5th Grade
171680001982,Benjamin Franklin Elem School,Glen Ellyn SD 41,Glen Ellyn,581,,No,false,Kindergarten,5th Grade
172640002805,Benjamin Franklin Elem School,Moline-Coal Valley CUSD 40,Moline,290,164,Yes participating without using any Provision or the CEO,false,Kindergarten,5th Grade
173708003814,Benjamin Franklin Middle School,Springfield SD 186,Springfield,709,379,Yes under Community Eligibility Option (CEO),false,6th Grade,8th Grade
170588000264,Benjamin Middle School,Benjamin SD 25,West Chicago,259,,No,false,5th Grade,8th Grade
170993000607,Bennett Elem School,Chicago Public Schools Dist 299,Chicago,312,251,Yes under Community Eligibility Option (CEO),false,Prekindergarten,8th Grade
170648000317,Bent Elem School,Bloomington SD 87,Bloomington,389,260,Yes under Community Eligibility Option (CEO),false,Kindergarten,5th Grade
172814002968,Bentley Elem School,New Lenox SD 122,New Lenox,380,64,Yes participating without using any Provision or the CEO,false,4th Grade,6th Grade
170597000278,Benton Cons High School,Benton Cons HSD 103,Benton,604,309,Yes participating without using any Provision or the CEO,true,9th Grade,12th Grade
170595004370,Benton Grade Sch 5-8,Benton CCSD 47,Benton,429,262,Yes under Community Eligibility Option (CEO),false,5th Grade,8th Grade
170595004752,Benton Grade Sch K-4,Benton CCSD 47,Benton,571,384,Yes under Community Eligibility Option (CEO),false,Prekindergarten,4th Grade
171242001493,Berger-Vandenberg Elem School,Dolton SD 149,Dolton,266,265,Yes under Community Eligibility Option (CEO),false,Kindergarten,5th Grade
174007005751,Bernard J Ward Elem School,Valley View CUSD 365U,Bolingbrook,363,281,Yes under Community Eligibility Option (CEO),false,Kindergarten,5th Grade
172397006213,Bernard Long Elem Sch,Madison CUSD 12,Madison,337,331,Yes under Community Eligibility Option (CEO),false,Prekindergarten,5th Grade
173451003583,Bernard W Flinn Middle School,Rockford SD 205,Rockford,807,561,Yes under Community Eligibility Option (CEO),false,6th Grade,8th Grade
173903003958,Bert H Fulton School,CCSD 146,Tinley Park,404,176,Yes participating without using any Provision or the CEO,false,Prekindergarten,5th Grade
170612000296,Bethalto East Primary School,Bethalto CUSD 8,Bethalto,387,201,Yes participating without using any Provision or the CEO,false,Prekindergarten,1st Grade
170618000305,Bethel Grade School,Bethel SD 82,Mount Vernon,154,118,Yes under Community Eligibility Option (CEO),false,Prekindergarten,8th Grade
171545001859,Betsy Ross Elem School,Forest Park SD 91,Forest Park,138,71,Yes under Community Eligibility Option (CEO),false,Kindergarten,2nd Grade
173285003404,Betsy Ross Elem School,Prospect Heights SD 23,Prospect Heights,338,131,Yes participating without using any Provision or the CEO,false,2nd Grade,3rd Grade
170142406394,Betty Shabazz Internl Charter Sch,Betty Shabazz Internl Chrtr Sch,Chicago,293,291,Yes under Community Eligibility Option (CEO),false,Kindergarten,8th Grade
174386004350,Beulah Park Elem School,Zion ESD 6,Zion,289,237,Yes under Community Eligibility Option (CEO),false,Prekindergarten,2nd Grade
174101004878,Beverly Manor Elementary School,District 50 Schools,Washington,315,180,Yes under Community Eligibility Option (CEO),false,4th Grade,8th Grade
173451006694,Beyer Early Childhood Center,Rockford SD 205,Rockford,497,445,Yes under Community Eligibility Option (CEO),false,Prekindergarten,Prekindergarten
172640002817,Bicentennial Elem School,Moline-Coal Valley CUSD 40,Coal Valley,328,142,Yes participating without using any Provision or the CEO,false,Kindergarten,5th Grade
170627004081,Big Hollow Elem School,Big Hollow SD 38,Ingleside,522,184,Yes participating without using any Provision or the CEO,false,2nd Grade,4th Grade
170627000307,Big Hollow Middle School,Big Hollow SD 38,Ingleside,744,242,Yes participating without using any Provision or the CEO,false,5th Grade,8th Grade
170627000306,Big Hollow Primary School,Big Hollow SD 38,Ingleside,387,136,Yes participating without using any Provision or the CEO,false,Prekindergarten,1st Grade
170855006869,Big Timber Elementary School,CUSD 300,Hampshire,451,152,Yes participating without using any Provision or the CEO,false,Kindergarten,5th Grade
170639000310,Bismarck-Henning Elem School,Bismarck Henning CUSD,Bismarck,309,127,Yes participating without using any Provision or the CEO,false,Prekindergarten,4th Grade
170639000308,Bismarck-Henning Jr High School,Bismarck Henning CUSD,Bismarck,246,109,Yes participating without using any Provision or the CEO,false,5th Grade,8th Grade
172478002686,Black Hawk Elem School,Marquardt SD 15,Glendale Hts,576,370,Yes under Community Eligibility Option (CEO),false,Kindergarten,5th Grade
173708003815,Black Hawk Elem School,Springfield SD 186,Springfield,234,183,Yes under Community Eligibility Option (CEO),false,Kindergarten,5th Grade
170993000609,Black Magnet Elem School,Chicago Public Schools Dist 299,Chicago,336,237,Yes under Community Eligibility Option (CEO),false,Kindergarten,8th Grade
171590001898,Blackhawk Elem School,Freeport SD 145,Freeport,361,216,Yes under Community Eligibility Option (CEO),false,Prekindergarten,4th Grade
173660004638,Blackhawk Elementary School,County of Winnebago SD 320,South Beloit,139,70,Yes under Community Eligibility Option (CEO),false,5th Grade,6th Grade
170591000266,Blackhawk Middle School,Bensenville SD 2,Bensenville,665,366,Yes under Community Eligibility Option (CEO),false,6th Grade,8th Grade
173081003203,Blackhawk Primary Center,Park Forest SD 163,Park Forest,167,135,Yes under Community Eligibility Option (CEO),false,Kindergarten,3rd Grade
172562004735,Blackstone Elem School,Mendota CCSD 289,Mendota,197,123,Yes under Community Eligibility Option (CEO),false,Kindergarten,1st Grade
170993000610,Blaine Elem School,Chicago Public Schools Dist 299,Chicago,639,66,Yes under Community Eligibility Option (CEO),false,Prekindergarten,8th Grade
170993004966,Blair Early Childhood Center,Chicago Public Schools Dist 299,Chicago,164,98,Yes under Community Eligibility Option (CEO),false,Prekindergarten,1st Grade
170642000312,Bloom High School,Bloom Twp HSD 206,Chicago Heights,1823,1493,Yes under Community Eligibility Option (CEO),true,9th Grade,12th Grade
170642000313,Bloom Trail High School,Bloom Twp HSD 206,Chicago Heights,1218,985,Yes under Community Eligibility Option (CEO),true,9th Grade,12th Grade
170648000318,Bloomington High School,Bloomington SD 87,Bloomington,1369,826,Yes participating without using any Provision or the CEO,true,9th Grade,12th Grade
170648000319,Bloomington Jr High School,Bloomington SD 87,Bloomington,1050,682,Yes participating without using any Provision or the CEO,true,6th Grade,8th Grade
170000305119,Blue Ridge High School,Blue Ridge CUSD 18,Farmer City,155,66,Yes participating without using any Provision or the CEO,true,9th Grade,12th Grade
170000305123,Blue Ridge Intermediate-Jr HS,Blue Ridge CUSD 18,Mansfield,232,111,Yes participating without using any Provision or the CEO,false,4th Grade,8th Grade
170660004551,Bluffs Elementary School,Scott-Morgan CUSD 2,Bluffs,81,40,Yes under Community Eligibility Option (CEO),false,Prekindergarten,5th Grade
170660000348,Bluffs High School,Scott-Morgan CUSD 2,Bluffs,51,16,Yes under Community Eligibility Option (CEO),true,9th Grade,12th Grade
170660004552,Bluffs Junior High School,Scott-Morgan CUSD 2,Bluffs,37,18,Yes under Community Eligibility Option (CEO),false,6th Grade,8th Grade
171272004193,Bluffview Elem School,Comm Unit School District No 196,Dupo,501,338,Yes under Community Eligibility Option (CEO),false,Prekindergarten,6th Grade
170141706362,Bluford Grade School,Bluford Unit School District 318,Bluford,236,93,Yes under Community Eligibility Option (CEO),false,Prekindergarten,8th Grade
173399003492,Blythe Park Elem School,Riverside SD 96,Riverside,230,43,Yes participating without using any Provision or the CEO,false,Prekindergarten,5th Grade
170993000626,Bogan High School,Chicago Public Schools Dist 299,Chicago,716,614,Yes under Community Eligibility Option (CEO),true,9th Grade,12th Grade
174007004025,Bolingbrook High School,Valley View CUSD 365U,Bolingbrook,3298,1757,Yes under Community Eligibility Option (CEO),true,9th Grade,12th Grade
171773006753,Bond County CUSD 2 Ecc,Bond County CUSD 2,Greenville,75,43,Yes participating without using any Provision or the CEO,false,Prekindergarten,Prekindergarten
171773002067,Bond Cty Comm Unit 2 High School,Bond County CUSD 2,Greenville,484,217,Yes participating without using any Provision or the CEO,true,9th Grade,12th Grade
170993000611,Bond Elem School,Chicago Public Schools Dist 299,Chicago,233,223,Yes under Community Eligibility Option (CEO),false,Prekindergarten,8th Grade
170910004528,Bond Primary,Central A & M CUD 21,Assumption,154,65,Yes participating without using any Provision or the CEO,false,Prekindergarten,1st Grade
171884002167,Bonfield Grade School,Herscher CUSD 2,Bonfield,285,106,Yes participating without using any Provision or the CEO,false,Prekindergarten,1st Grade
173174004539,Bonnie McBeth Learning Ctr,Plainfield SD 202,Plainfield,757,267,Yes under Community Eligibility Option (CEO),false,Prekindergarten,Prekindergarten
174221004234,Booth Tarkington Elem School,Wheeling CCSD 21,Wheeling,540,245,Yes under Community Eligibility Option (CEO),false,Prekindergarten,5th Grade
170942000543,Bottenfield Elem School,Champaign CUSD 4,Champaign,456,214,Yes under Community Eligibility Option (CEO),false,Kindergarten,5th Grade
170993000623,Bouchet Elem Math & Science Acad,Chicago Public Schools Dist 299,Chicago,660,629,Yes under Community Eligibility Option (CEO),false,Prekindergarten,8th Grade
173027003129,Boulder Hill Elem School,CUSD 308,Montgomery,476,280,Yes participating without using any Provision or the CEO,false,Kindergarten,5th Grade
170675000351,Bourbonnais Upper Grade Center,Bourbonnais SD 53,Bourbonnais,484,230,Yes participating without using any Provision or the CEO,false,7th Grade,8th Grade
170993005072,Bowen High School,Chicago Public Schools Dist 299,Chicago,278,257,Yes under Community Eligibility Option (CEO),true,9th Grade,12th Grade
174218004437,Bower Elem School,CUSD 200,Warrenville,406,128,Yes participating without using any Provision or the CEO,false,Kindergarten,5th Grade
171317001560,Bowlesburg Elem School,East Moline SD 37,Silvis,324,314,Yes participating without using any Provision or the CEO,false,Kindergarten,4th Grade
170684000354,Braceville Elem School,Braceville SD 75,Braceville,130,79,Yes participating without using any Provision or the CEO,false,Prekindergarten,8th Grade
170688000355,Bradford Grade School,Bradford CUSD 1,Bradford,123,64,Yes under Community Eligibility Option (CEO),false,Prekindergarten,5th Grade
170688004784,Bradford Jr High School,Bradford CUSD 1,Bradford,45,31,Yes under Community Eligibility Option (CEO),false,6th Grade,8th Grade
170693000853,Bradley Central Middle School,Bradley SD 61,Bradley,364,240,Yes under Community Eligibility Option (CEO),false,6th Grade,8th Grade
170693000358,Bradley East Elem School,Bradley SD 61,Bradley,519,328,Yes under Community Eligibility Option (CEO),false,Prekindergarten,2nd Grade
170693000359,Bradley West Elem School,Bradley SD 61,Bradley,395,258,Yes under Community Eligibility Option (CEO),false,3rd Grade,5th Grade
170696000360,Bradley-Bourbonnais C High School,Bradley Bourbonnais CHSD 307,Bradley,1914,954,Yes participating without using any Provision or the CEO,true,9th Grade,12th Grade
170993000614,Bradwell Comm Arts & Sci Elem Sch,Chicago Public Schools Dist 299,Chicago,513,446,Yes under Community Eligibility Option (CEO),false,Prekindergarten,8th Grade
170011902185,Braeside Elem School,North Shore SD 112,Highland Park,260,,No,false,Kindergarten,5th Grade
170701000363,Breese Elem School,Breese ESD 12,Breese,357,124,Yes participating without using any Provision or the CEO,false,3rd Grade,8th Grade
170705000364,Bremen High School,Bremen CHSD 228,Midlothian,1414,,No,false,9th Grade,12th Grade
170993000616,Brennemann Elem School,Chicago Public Schools Dist 299,Chicago,482,401,Yes under Community Eligibility Option (CEO),false,Prekindergarten,8th Grade
170993000617,Brentano Elem Math & Science Acad,Chicago Public Schools Dist 299,Chicago,763,266,Yes under Community Eligibility Option (CEO),false,Prekindergarten,8th Grade
171377001718,Brentwood Elem School,Comm Cons SD 59,Des Plaines,375,209,Yes participating without using any Provision or the CEO,false,Kindergarten,5th Grade
170993000826,Bret Harte Elem School,Chicago Public Schools Dist 299,Chicago,339,255,Yes under Community Eligibility Option (CEO),false,Prekindergarten,8th Grade
174050004077,Briar Glen Elem School,CCSD 89,Wheaton,523,149,Yes participating without using any Provision or the CEO,false,Prekindergarten,5th Grade
170873000512,Briargate Elem School,Cary CCSD 26,Cary,400,93,Yes participating without using any Provision or the CEO,false,1st Grade,5th Grade
170993000618,Bridge Elem School,Chicago Public Schools Dist 299,Chicago,1100,624,Yes under Community Eligibility Option (CEO),false,Prekindergarten,8th Grade
172213002482,Bridgeport Grade School,Red Hill CUSD 10,Bridgeport,314,197,Yes participating without using any Provision or the CEO,false,Prekindergarten,3rd Grade
170717000368,Bridgeview Elem School,Indian Springs SD 109,Bridgeview,436,301,Yes under Community Eligibility Option (CEO),false,Kindergarten,6th Grade
172862006104,Brigham Elementary,McLean County USD 5,Bloomington,313,196,Yes participating without using any Provision or the CEO,false,Prekindergarten,Prekindergarten
170993000619,Bright Elem School,Chicago Public Schools Dist 299,Chicago,236,170,Yes under Community Eligibility Option (CEO),false,Prekindergarten,8th Grade
171608005164,Bright Futures Pre-K Prog,Galesburg CUSD 205,Galesburg,176,131,Yes under Community Eligibility Option (CEO),false,Prekindergarten,Kindergarten
173150003316,Brighton North Primary School,Southwestern CUSD 9,Brighton,293,127,Yes participating without using any Provision or the CEO,false,Prekindergarten,2nd Grade
170993005486,Brighton Park Elem School,Chicago Public Schools Dist 299,Chicago,298,270,Yes under Community Eligibility Option (CEO),false,Prekindergarten,8th Grade
170720000374,Brimfield Grade School,Brimfield CUSD 309,Brimfield,398,70,Yes participating without using any Provision or the CEO,false,Prekindergarten,8th Grade
170720000375,Brimfield High School,Brimfield CUSD 309,Brimfield,189,18,Yes participating without using any Provision or the CEO,false,9th Grade,12th Grade
174396005920,Bristol Bay Elem Sch,Yorkville CUSD 115,Yorkville,695,205,Yes participating without using any Provision or the CEO,false,Kindergarten,6th Grade
174396004361,Bristol Grade School,Yorkville CUSD 115,Bristol,196,73,Yes participating without using any Provision or the CEO,false,Prekindergarten,3rd Grade
173321003439,Broadmeadow Elem School,Rantoul City SD 137,Rantoul,231,217,Yes under Community Eligibility Option (CEO),false,Kindergarten,5th Grade
173108003230,Broadmoor Junior High School,Pekin PSD 108,Pekin,387,222,Yes under Community Eligibility Option (CEO),false,7th Grade,8th Grade
173027005924,Brokaw Early Learning Center,CUSD 308,Oswego,345,,No,false,Prekindergarten,Prekindergarten
170993006590,Bronzeville Classical Elem Sch,Chicago Public Schools Dist 299,Chicago,458,76,Yes under Community Eligibility Option (CEO),false,Kindergarten,8th Grade
170993005792,Bronzeville Scholastic HS,Chicago Public Schools Dist 299,Chicago,119,108,Yes under Community Eligibility Option (CEO),true,9th Grade,12th Grade
170798000405,Brook Forest Elem School,Butler SD 53,Oak Brook,293,,No,false,Kindergarten,5th Grade
170732000380,Brook Park Elem School,Brookfield Lagrange Park SD 95,La Grange Park,889,,No,false,Kindergarten,5th Grade
174169005210,Brookdale Elementary School,Indian Prairie CUSD 204,Naperville,462,139,Yes participating without using any Provision or the CEO,false,Kindergarten,5th Grade
172500002715,Brookport Elementary School,Massac UD 1,Brookport,151,127,Yes under Community Eligibility Option (CEO),false,Prekindergarten,6th Grade
170993002031,Brooks College Prep Academy HS,Chicago Public Schools Dist 299,Chicago,1007,592,Yes under Community Eligibility Option (CEO),true,7th Grade,12th Grade
174007004024,Brooks Middle School,Valley View CUSD 365U,Bolingbrook,850,519,Yes under Community Eligibility Option (CEO),false,6th Grade,8th Grade
171845002129,Brooks Middle School,Harvey SD 152,Harvey,455,405,Yes under Community Eligibility Option (CEO),false,6th Grade,8th Grade
173451003557,Brookview Elem School,Rockford SD 205,Rockford,484,269,Yes under Community Eligibility Option (CEO),false,Kindergarten,5th Grade
171695002006,Brookwood Jr High School,Brookwood SD 167,Glenwood,226,147,Yes under Community Eligibility Option (CEO),false,7th Grade,8th Grade
171695002005,Brookwood Middle School,Brookwood SD 167,Glenwood,231,159,Yes under Community Eligibility Option (CEO),false,5th Grade,6th Grade
172730002894,Brown County Elementary School,Brown County CUSD 1,Mount Sterling,270,134,Yes participating without using any Provision or the CEO,false,Prekindergarten,4th Grade
172730002893,Brown County High School,Brown County CUSD 1,Mount Sterling,224,72,Yes participating without using any Provision or the CEO,true,9th Grade,12th Grade
172730005720,Brown County Middle School,Brown County CUSD 1,Mount Sterling,179,72,Yes participating without using any Provision or the CEO,false,5th Grade,8th Grade
170993000981,Brown R Elem Community Acad,Chicago Public Schools Dist 299,Chicago,279,272,Yes under Community Eligibility Option (CEO),false,Prekindergarten,8th Grade
170993000622,Brownell Elem School,Chicago Public Schools Dist 299,Chicago,165,141,Yes under Community Eligibility Option (CEO),false,Prekindergarten,6th Grade
170744004556,Brownstown Elem School,Brownstown CUSD 201,Brownstown,264,162,Yes under Community Eligibility Option (CEO),false,Prekindergarten,6th Grade
170744000383,Brownstown High School,Brownstown CUSD 201,Brownstown,102,70,Yes under Community Eligibility Option (CEO),true,9th Grade,12th Grade
170744000382,Brownstown Jr High School,Brownstown CUSD 201,Brownstown,61,33,Yes under Community Eligibility Option (CEO),false,7th Grade,8th Grade
170850000475,Brownsville Attendance Center,Carmi-White County CUSD 5,Carmi,0,,Yes under Community Eligibility Option (CEO),true,1st Grade,12th Grade
174263004282,Bruning Elem School,Wilmington CUSD 209U,Wilmington,222,95,Yes participating without using any Provision or the CEO,false,Prekindergarten,1st Grade
170993000638,Brunson Math & Sci Specialty Elem,Chicago Public Schools Dist 299,Chicago,452,425,Yes under Community Eligibility Option (CEO),false,Prekindergarten,8th Grade
170010205346,Brussels Grade School,Brussels CUSD 42,Brussels,67,22,Yes participating without using any Provision or the CEO,false,Kindergarten,7th Grade
170010205345,Brussels High School,Brussels CUSD 42,Brussels,42,14,Yes participating without using any Provision or the CEO,false,7th Grade,12th Grade
171397001740,Bryan Middle School,Elmhurst SD 205,Elmhurst,687,41,Yes participating without using any Provision or the CEO,false,6th Grade,8th Grade
171845002130,Bryant Elem School,Harvey SD 152,Harvey,294,221,Yes under Community Eligibility Option (CEO),false,Prekindergarten,5th Grade
170993000625,Budlong Elem School,Chicago Public Schools Dist 299,Chicago,776,425,Yes under Community Eligibility Option (CEO),false,Prekindergarten,8th Grade
170417000110,Buffalo Grove High School,Township HSD 214,Buffalo Grove,2021,,No,false,9th Grade,12th Grade
171827006856,Bulldog Early Learning Academy,Harrisburg CUSD 3,Harrisburg,111,53,Yes under Community Eligibility Option (CEO),false,Prekindergarten,Prekindergarten
170774000391,Buncombe Cons School,Buncombe Cons SD 43,Buncombe,51,48,Yes under Community Eligibility Option (CEO),false,Kindergarten,8th Grade
170777000392,Bunker Hill High School,Bunker Hill CUSD 8,Bunker Hill,166,87,Yes under Community Eligibility Option (CEO),false,9th Grade,12th Grade
170993000627,Burbank Elem School,Chicago Public Schools Dist 299,Chicago,691,608,Yes under Community Eligibility Option (CEO),false,Prekindergarten,8th Grade
170012506750,Bureau Valley Elem and Jh,Bureau Valley CUSD 340,Manlius,303,139,Yes participating without using any Provision or the CEO,false,3rd Grade,8th Grade
170012502860,Bureau Valley Elemntry-Wyanet,Bureau Valley CUSD 340,Wyanet,126,62,Yes participating without using any Provision or the CEO,false,Prekindergarten,2nd Grade
170012501425,Bureau Valley High School,Bureau Valley CUSD 340,Sheffield,294,114,Yes participating without using any Provision or the CEO,true,9th Grade,12th Grade
170012501426,Bureau Valley North,Bureau Valley CUSD 340,Walnut,183,91,Yes participating without using any Provision or the CEO,false,Prekindergarten,5th Grade
170993000629,Burke Elem School,Chicago Public Schools Dist 299,Chicago,323,310,Yes under Community Eligibility Option (CEO),false,Prekindergarten,8th Grade
170993000632,Burley Elem School,Chicago Public Schools Dist 299,Chicago,494,41,Yes under Community Eligibility Option (CEO),false,Kindergarten,8th Grade
170993000633,Burnham Elem Inclusive Academy,Chicago Public Schools Dist 299,Chicago,374,358,Yes under Community Eligibility Option (CEO),false,Prekindergarten,8th Grade
170786000400,Burnham Elem School,Burnham SD 154-5,Burnham,141,134,Yes under Community Eligibility Option (CEO),false,Kindergarten,8th Grade
170993000635,Burnside Elem Scholastic Academy,Chicago Public Schools Dist 299,Chicago,264,215,Yes under Community Eligibility Option (CEO),false,Prekindergarten,8th Grade
170993000636,Burr Elem School,Chicago Public Schools Dist 299,Chicago,465,112,Yes under Community Eligibility Option (CEO),false,Kindergarten,8th Grade
170813005144,Burr Oak Academy,Calumet Public SD 132,Calumet Park,289,18,Yes under Community Eligibility Option (CEO),false,Prekindergarten,2nd Grade
170813000426,Burr Oak Elem School,Calumet Public SD 132,Calumet Park,290,76,Yes under Community Eligibility Option (CEO),false,3rd Grade,5th Grade
173051003171,Burr Ridge Middle School,CCSD 180,Burr Ridge,206,160,Yes under Community Eligibility Option (CEO),false,5th Grade,8th Grade
170993000637,Burroughs Elem School,Chicago Public Schools Dist 299,Chicago,303,280,Yes under Community Eligibility Option (CEO),false,Prekindergarten,8th Grade
170795000403,Bushnell-Prairie City Elem Sch,Bushnell Prairie City CUSD 170,Bushnell,296,191,Yes under Community Eligibility Option (CEO),false,Prekindergarten,5th Grade
170795000401,Bushnell-Prairie City High Sch,Bushnell Prairie City CUSD 170,Bushnell,175,99,Yes under Community Eligibility Option (CEO),true,9th Grade,12th Grade
170795000402,Bushnell-Prairie City Jr High Sch,Bushnell Prairie City CUSD 170,Bushnell,131,76,Yes under Community Eligibility Option (CEO),false,6th Grade,8th Grade
173708003816,Butler Elem School,Springfield SD 186,Springfield,367,209,Yes under Community Eligibility Option (CEO),false,Kindergarten,5th Grade
170798004936,Butler Junior High School,Butler SD 53,Oak Brook,163,,No,false,6th Grade,8th Grade
172346002575,Butterfield Elem School,Lombard SD 44,Lombard,293,74,Yes participating without using any Provision or the CEO,false,Kindergarten,5th Grade
172280002525,Butterfield School,Libertyville SD 70,Libertyville,568,,No,false,Prekindergarten,5th Grade
172640002810,Butterworth Elem School,Moline-Coal Valley CUSD 40,Moline,273,194,Yes participating without using any Provision or the CEO,false,Prekindergarten,5th Grade
173474003636,Buzz Aldrin Elem School,Schaumburg CCSD 54,Schaumburg,567,,No,false,Kindergarten,6th Grade
170993000640,Byrne Elem School,Chicago Public Schools Dist 299,Chicago,619,292,Yes under Community Eligibility Option (CEO),false,Kindergarten,8th Grade
170801000407,Byron High School 9-12,Byron CUSD 226,Byron,464,113,Yes participating without using any Provision or the CEO,false,9th Grade,12th Grade
170801000408,Byron Middle School,Byron CUSD 226,Byron,366,77,Yes participating without using any Provision or the CEO,false,6th Grade,8th Grade
173735005343,C a Henning School,Triad CUSD 2,Troy,706,131,Yes participating without using any Provision or the CEO,false,Prekindergarten,5th Grade
173108003235,C B Smith Elem School,Pekin PSD 108,Pekin,264,199,Yes under Community Eligibility Option (CEO),false,Kindergarten,3rd Grade
174198004199,C E Miller Elem School,CUSD 201,Westmont,194,75,Yes participating without using any Provision or the CEO,false,Kindergarten,1st Grade
170468000144,C F Simmons Middle School,Aurora East USD 131,Aurora,792,510,Yes under Community Eligibility Option (CEO),false,6th Grade,8th Grade
173451003621,C Henry Bloom Elem School,Rockford SD 205,Rockford,426,337,Yes under Community Eligibility Option (CEO),false,Kindergarten,5th Grade
170468000145,C I Johnson Elem School,Aurora East USD 131,Aurora,269,156,Yes under Community Eligibility Option (CEO),false,3rd Grade,5th Grade
170468000146,C M Bardwell Elem School,Aurora East USD 131,Aurora,679,456,Yes under Community Eligibility Option (CEO),false,Prekindergarten,5th Grade
173020003119,C R Hanna Elem School,Orion CUSD 223,Orion,434,101,Yes participating without using any Provision or the CEO,false,Prekindergarten,5th Grade
170804000409,Cahokia High School,Cahokia CUSD 187,Cahokia,850,645,Yes under Community Eligibility Option (CEO),true,9th Grade,12th Grade
170807000424,Cairo Elementary School,Cairo USD 1,Cairo,148,147,Yes under Community Eligibility Option (CEO),false,Prekindergarten,6th Grade
170807000420,Cairo Jr/Sr High School,Cairo USD 1,Cairo,130,126,Yes under Community Eligibility Option (CEO),true,7th Grade,12th Grade
170579000257,Caledonia Elem School,Belvidere CUSD 100,Caledonia,449,194,Yes under Community Eligibility Option (CEO),false,Prekindergarten,5th Grade
171818004438,Calhoun Elementary/ Jr High Sch,Calhoun CUSD 40,Hardin,336,140,Yes participating without using any Provision or the CEO,false,Prekindergarten,8th Grade
171818002089,Calhoun High School,Calhoun CUSD 40,Hardin,171,58,Yes participating without using any Provision or the CEO,true,9th Grade,12th Grade
170993005691,Calmeca Acad Elem School,Chicago Public Schools Dist 299,Chicago,605,500,Yes under Community Eligibility Option (CEO),false,Prekindergarten,8th Grade
170813000427,Calumet Elem School,Calumet Public SD 132,Calumet Park,316,177,Yes under Community Eligibility Option (CEO),false,6th Grade,8th Grade
170816004561,Cambridge Comm Grade School,Cambridge CUSD 227,Cambridge,222,101,Yes participating without using any Provision or the CEO,false,Prekindergarten,5th Grade
170816000429,Cambridge Jr/Sr High School,Cambridge CUSD 227,Cambridge,237,114,Yes participating without using any Provision or the CEO,false,6th Grade,12th Grade
170855005954,Cambridge Lakes Charter School,CUSD 300,Pingree Grove,642,99,Yes participating without using any Provision or the CEO,false,Kindergarten,12th Grade
170993006297,Camelot Safe Academy School,Chicago Public Schools Dist 299,Chicago,0,,Yes under Community Eligibility Option (CEO),true,6th Grade,12th Grade
170993000646,Cameron Elem School,Chicago Public Schools Dist 299,Chicago,671,654,Yes under Community Eligibility Option (CEO),false,Prekindergarten,8th Grade
173474003635,Campanelli Elem School,Schaumburg CCSD 54,Schaumburg,555,,No,false,Kindergarten,6th Grade
170993006149,Camras Elem School,Chicago Public Schools Dist 299,Chicago,702,580,Yes under Community Eligibility Option (CEO),false,Prekindergarten,8th Grade
171135001357,Canterbury Elem School,Crystal Lake CCSD 47,Crystal Lake,486,265,Yes participating without using any Provision or the CEO,false,Kindergarten,5th Grade
170828000438,Canton High School,Canton Union SD 66,Canton,612,319,Yes under Community Eligibility Option (CEO),true,9th Grade,12th Grade
171371001705,Canton Middle School,SD U-46,Streamwood,531,282,Yes under Community Eligibility Option (CEO),false,7th Grade,8th Grade
170447000132,Cantrall Elem School,Athens CUSD 213,Cantrall,334,118,Yes participating without using any Provision or the CEO,false,Prekindergarten,3rd Grade
170447005624,Cantrall Intermediate School,Athens CUSD 213,Cantrall,184,64,Yes participating without using any Provision or the CEO,false,4th Grade,6th Grade
170993000647,Canty Elem School,Chicago Public Schools Dist 299,Chicago,791,413,Yes under Community Eligibility Option (CEO),false,Prekindergarten,8th Grade
172870003011,Capron Elem School,North Boone CUSD 200,Capron,162,82,Yes participating without using any Provision or the CEO,false,Prekindergarten,4th Grade
170837000454,Carbondale Comm H S,Carbondale CHSD 165,Carbondale,1023,625,Yes participating without using any Provision or the CEO,true,9th Grade,12th Grade
170834000449,Carbondale Middle School,Carbondale ESD 95,Carbondale,457,335,Yes under Community Eligibility Option (CEO),false,6th Grade,8th Grade
170993001099,Cardenas Elem School,Chicago Public Schools Dist 299,Chicago,764,732,Yes under Community Eligibility Option (CEO),false,Prekindergarten,8th Grade
170960000566,Carl Sandburg Elem School,Charleston CUSD 1,Charleston,555,303,Yes under Community Eligibility Option (CEO),false,1st Grade,3rd Grade
174218004207,Carl Sandburg Elem School,CUSD 200,Wheaton,402,150,Yes participating without using any Provision or the CEO,false,Kindergarten,5th Grade
172058004928,Carl Sandburg Elementary,Joliet PSD 86,Joliet,371,353,Yes under Community Eligibility Option (CEO),false,Kindergarten,5th Grade
170840000459,Carl Sandburg High School,Cons HSD 230,Orland Park,2840,,No,false,9th Grade,12th Grade
171590001904,Carl Sandburg Middle Sch,Freeport SD 145,Freeport,430,293,Yes under Community Eligibility Option (CEO),false,5th Grade,6th Grade
172754002914,Carl Sandburg Middle School,Mundelein ESD 75,Mundelein,529,217,Yes participating without using any Provision or the CEO,false,6th Grade,8th Grade
173042003157,Carl Sandburg Middle School,Palatine CCSD 15,Rolling Meadows,468,227,Yes participating without using any Provision or the CEO,false,6th Grade,8th Grade
174284004298,Carleton W Washburne School,Winnetka SD 36,Winnetka,376,,No,false,7th Grade,8th Grade
170843000461,Carlinville High School,Carlinville CUSD 1,Carlinville,353,144,Yes participating without using any Provision or the CEO,true,9th Grade,12th Grade
170843004563,Carlinville Intermediate School,Carlinville CUSD 1,Carlinville,267,118,Yes participating without using any Provision or the CEO,false,3rd Grade,5th Grade
170843000462,Carlinville Middle School,Carlinville CUSD 1,Carlinville,286,133,Yes participating without using any Provision or the CEO,false,6th Grade,8th Grade
170843000464,Carlinville Primary School,Carlinville CUSD 1,Carlinville,376,193,Yes participating without using any Provision or the CEO,false,Prekindergarten,2nd Grade
172862002995,Carlock Elem School,McLean County USD 5,Carlock,111,39,Yes participating without using any Provision or the CEO,false,Kindergarten,5th Grade
170846000465,Carlyle Elementary School,Carlyle CUSD 1,Carlyle,364,191,Yes participating without using any Provision or the CEO,false,Prekindergarten,4th Grade
170846000466,Carlyle High School,Carlyle CUSD 1,Carlyle,281,147,Yes participating without using any Provision or the CEO,true,9th Grade,12th Grade
170846001172,Carlyle Junior High School,Carlyle CUSD 1,Carlyle,281,160,Yes participating without using any Provision or the CEO,false,5th Grade,8th Grade
174125004125,Carman-Buckner Elem School,Waukegan CUSD 60,Waukegan,509,419,Yes under Community Eligibility Option (CEO),false,Prekindergarten,5th Grade
170850000476,Carmi White Cnty Jr High Sch,Carmi-White County CUSD 5,Carmi,188,98,Yes under Community Eligibility Option (CEO),false,7th Grade,8th Grade
170850000472,Carmi-White County High School,Carmi-White County CUSD 5,Carmi,419,207,Yes under Community Eligibility Option (CEO),true,9th Grade,12th Grade
170993000648,Carnegie Elem School,Chicago Public Schools Dist 299,Chicago,389,310,Yes under Community Eligibility Option (CEO),false,Kindergarten,8th Grade
171242003924,Carol Moseley Braun School,Dolton SD 149,Calumet City,264,264,Yes under Community Eligibility Option (CEO),false,Kindergarten,5th Grade
171047001266,Carol Stream Elem School,CCSD 93,Carol Stream,396,243,Yes participating without using any Provision or the CEO,false,Kindergarten,5th Grade
171242001489,Caroline Sibley Elem School,Dolton SD 149,Calumet City,434,433,Yes under Community Eligibility Option (CEO),false,Kindergarten,5th Grade
173075003194,Carolyn Wenz Elem School,Paris-Union SD 95,Paris,258,178,Yes under Community Eligibility Option (CEO),false,3rd Grade,5th Grade
170855004910,Carpentersville Middle School,CUSD 300,Carpentersville,1142,987,Yes under Community Eligibility Option (CEO),false,6th Grade,8th Grade
170942000544,Carrie Busey Elem School,Champaign CUSD 4,Savoy,444,187,Yes under Community Eligibility Option (CEO),false,Kindergarten,5th Grade
170858000497,Carrier Mills-Stonefort Elem Sch,Carrier Mills-Stonefort CUSD 2,Carrier Mills,300,183,Yes under Community Eligibility Option (CEO),false,Prekindergarten,8th Grade
170858000498,Carrier Mills-Stonefort H S,Carrier Mills-Stonefort CUSD 2,Carrier Mills,94,52,Yes under Community Eligibility Option (CEO),true,9th Grade,12th Grade
170993000652,Carroll Elem School,Chicago Public Schools Dist 299,Chicago,411,354,Yes under Community Eligibility Option (CEO),false,Prekindergarten,8th Grade
170861000500,Carrollton Grade School,Carrollton CUSD 1,Carrollton,269,168,Yes under Community Eligibility Option (CEO),false,Prekindergarten,8th Grade
170861000501,Carrollton High School,Carrollton CUSD 1,Carrollton,180,71,Yes under Community Eligibility Option (CEO),true,9th Grade,12th Grade
172761005285,Carruthers Elementary School,Murphysboro CUSD 186,Murphysboro,426,398,Yes under Community Eligibility Option (CEO),false,3rd Grade,5th Grade
170993005546,Carson Elem School,Chicago Public Schools Dist 299,Chicago,724,607,Yes under Community Eligibility Option (CEO),false,Prekindergarten,8th Grade
170993000653,Carter Elem School,Chicago Public Schools Dist 299,Chicago,279,197,Yes under Community Eligibility Option (CEO),false,Prekindergarten,8th Grade
170864000504,Carterville High School,Carterville CUSD 5,Carterville,668,289,Yes participating without using any Provision or the CEO,false,9th Grade,12th Grade
170864006279,Carterville Intermediate Sch,Carterville CUSD 5,Carterville,500,234,Yes participating without using any Provision or the CEO,false,4th Grade,6th Grade
170864000505,Carterville Jr High Sch,Carterville CUSD 5,Carterville,344,156,Yes participating without using any Provision or the CEO,false,7th Grade,8th Grade
170138505937,Carthage Middle School,Carthage ESD 317,Carthage,167,83,Yes participating without using any Provision or the CEO,false,5th Grade,8th Grade
170138505931,Carthage Primary School,Carthage ESD 317,Carthage,238,103,Yes participating without using any Provision or the CEO,false,Prekindergarten,4th Grade
170993000671,Carver Military Academy HS,Chicago Public Schools Dist 299,Chicago,420,342,Yes under Community Eligibility Option (CEO),true,9th Grade,12th Grade
170993000993,Carver Primary School,Chicago Public Schools Dist 299,Chicago,467,466,Yes under Community Eligibility Option (CEO),false,Prekindergarten,8th Grade
170873000513,Cary Jr High School,Cary CCSD 26,Cary,761,217,Yes participating without using any Provision or the CEO,false,6th Grade,8th Grade
171137001366,Cary-Grove Community High School,Chsd 155,Cary,1348,345,Yes participating without using any Provision or the CEO,false,9th Grade,12th Grade
170993005303,Casals Elem School,Chicago Public Schools Dist 299,Chicago,337,304,Yes under Community Eligibility Option (CEO),false,Prekindergarten,8th Grade
170000205087,Casey-Westfield Jr/Sr HS,Casey-Westfield CUSD 4C,Casey,361,167,Yes under Community Eligibility Option (CEO),true,7th Grade,12th Grade
171065001292,Caseyville Elementary School,Collinsville CUSD 10,Caseyville,336,279,Yes under Community Eligibility Option (CEO),false,Prekindergarten,4th Grade
170879000519,Cass Jr High School,Cass SD 63,Darien,313,75,Yes participating without using any Provision or the CEO,false,5th Grade,8th Grade
170993000655,Cassell Elem School,Chicago Public Schools Dist 299,Chicago,364,72,Yes under Community Eligibility Option (CEO),false,Kindergarten,8th Grade
170993006243,Catalyst Charter - Maria ES,Chicago Public Schools Dist 299,Chicago,1107,1068,Yes under Community Eligibility Option (CEO),true,Kindergarten,12th Grade
170993005935,Catalyst Charter-Circle Rock ES,Chicago Public Schools Dist 299,Chicago,512,417,Yes under Community Eligibility Option (CEO),false,Kindergarten,8th Grade
170993000656,Cather Elem School,Chicago Public Schools Dist 299,Chicago,321,312,Yes under Community Eligibility Option (CEO),false,Prekindergarten,8th Grade
171047006290,CCSD 93 Early Childhood Cntr,CCSD 93,Bloomingdale,187,,No,false,Prekindergarten,Prekindergarten
170020203189,Ccsi Alternative School,Monroe/Randolph ROE,Red Bud,0,,No,true,9th Grade,12th Grade
172862002994,Cedar Ridge Elem School,McLean County USD 5,Bloomington,418,292,Yes participating without using any Provision or the CEO,false,Kindergarten,5th Grade
173177003340,Centennial Elem School,Plano CUSD 88,Plano,351,189,Yes under Community Eligibility Option (CEO),false,2nd Grade,3rd Grade
173210003358,Centennial Elem School,Polo CUSD 222,Polo,294,129,Yes under Community Eligibility Option (CEO),false,Prekindergarten,5th Grade
170011205382,Centennial Elem School,Streator ESD 44,Streator,482,382,Yes under Community Eligibility Option (CEO),false,Kindergarten,4th Grade
170942000545,Centennial High School,Champaign CUSD 4,Champaign,1476,759,Yes under Community Eligibility Option (CEO),true,9th Grade,12th Grade
171371005566,Centennial School,SD U-46,Bartlett,514,117,Yes under Community Eligibility Option (CEO),false,Kindergarten,6th Grade
170032605636,Centennial School,El Paso-Gridley CUSD 11,El Paso,165,56,Yes participating without using any Provision or the CEO,false,3rd Grade,4th Grade
173022005541,Centennial School,Orland SD 135,Orland Park,392,,No,false,Prekindergarten,2nd Grade
171590001897,Center Elem School,Freeport SD 145,Freeport,262,161,Yes under Community Eligibility Option (CEO),false,Prekindergarten,4th Grade
173894006579,Center for Academics and Technolo,Thornton Fractional Twp HSD 215,Calumet City,0,,Yes under Community Eligibility Option (CEO),true,9th Grade,12th Grade
173894006583,Center for Alternative Learning,Thornton Fractional Twp HSD 215,Calumet City,0,,No,true,9th Grade,12th Grade
170019805989,Center for Educ Opp,Madison ROE,Troy,0,,Yes under Community Eligibility Option (CEO),true,6th Grade,12th Grade
171471001814,Center Street Elem School,Fairfield PSD 112,Fairfield,296,199,Yes under Community Eligibility Option (CEO),false,4th Grade,8th Grade
170910002875,Central a & M High School,Central A & M CUD 21,Moweaqua,215,83,Yes participating without using any Provision or the CEO,true,9th Grade,12th Grade
170910000129,Central a & M Middle School,Central A & M CUD 21,Assumption,177,79,Yes participating without using any Provision or the CEO,false,6th Grade,8th Grade
170918000527,Central City Elem School,Central City SD 133,Centralia,276,161,Yes under Community Eligibility Option (CEO),false,Prekindergarten,8th Grade
170477000176,Central Comm High School,Central CHSD 71,Breese,629,123,Yes participating without using any Provision or the CEO,false,9th Grade,12th Grade
170822000430,Central Early Childhood,Central CUSD 3,Golden,75,30,Yes participating without using any Provision or the CEO,false,Prekindergarten,Kindergarten
172100002380,Central Elem,Kewanee CUSD 229,Kewanee,353,257,Yes under Community Eligibility Option (CEO),false,4th Grade,6th Grade
171212001461,Central Elem School,CCSD 62,Des Plaines,322,122,Yes participating without using any Provision or the CEO,false,Kindergarten,5th Grade
170015302515,Central Elem School,Lewistown CUSD 97,Lewistown,326,173,Yes under Community Eligibility Option (CEO),false,Prekindergarten,6th Grade
172298002537,Central Elem School,Lincoln ESD 27,Lincoln,183,85,Yes under Community Eligibility Option (CEO),false,Prekindergarten,5th Grade
173174003335,Central Elem School,Plainfield SD 202,Plainfield,544,200,Yes under Community Eligibility Option (CEO),false,Kindergarten,5th Grade
173216003362,Central Elem School,Pontiac CCSD 429,Pontiac,361,243,Yes under Community Eligibility Option (CEO),false,Prekindergarten,1st Grade
173399003493,Central Elem School,Riverside SD 96,Riverside,371,96,Yes participating without using any Provision or the CEO,false,Prekindergarten,5th Grade
173426003511,Central Elem School,Rochelle CCSD 231,Rochelle,330,189,Yes under Community Eligibility Option (CEO),false,2nd Grade,3rd Grade
174260004275,Central Elem School,Wilmette SD 39,Wilmette,485,,No,false,Kindergarten,4th Grade
170822005403,Central Elementary School,Central CUSD 3,Camp Point,227,99,Yes participating without using any Provision or the CEO,false,1st Grade,4th Grade
171356002291,Central Grade School,Effingham CUSD 40,Effingham,547,259,Yes under Community Eligibility Option (CEO),false,2nd Grade,5th Grade
170783000397,Central High School,Central CUSD 301,Burilngton,1575,269,Yes participating without using any Provision or the CEO,false,9th Grade,12th Grade
170822000431,Central High School,Central CUSD 3,Camp Point,220,91,Yes participating without using any Provision or the CEO,true,9th Grade,12th Grade
170942000546,Central High School,Champaign CUSD 4,Champaign,1666,739,Yes under Community Eligibility Option (CEO),true,9th Grade,12th Grade
171041001256,Central High School,Central CUSD 4,Clifton,298,113,Yes participating without using any Provision or the CEO,false,9th Grade,12th Grade
170915000524,Central Intermediate Sch,Central SD 51,Washington,649,75,Yes participating without using any Provision or the CEO,false,5th Grade,8th Grade
170032006128,Central Intermediate School,Monmouth-Roseville CUSD 238,Monmouth,318,190,Yes under Community Eligibility Option (CEO),false,4th Grade,6th Grade
173030003135,Central Intermediate School,Ottawa ESD 141,Ottawa,339,191,Yes under Community Eligibility Option (CEO),false,5th Grade,6th Grade
173501003673,Central Intermediate School,Roxana CUSD 1,Roxana,365,210,Yes under Community Eligibility Option (CEO),false,3rd Grade,5th Grade
170561000232,Central Jr High School,Belleville SD 118,Belleville,308,197,Yes under Community Eligibility Option (CEO),false,7th Grade,8th Grade
171324001569,Central Jr High School,East Peoria SD 86,East Peoria,434,202,Yes under Community Eligibility Option (CEO),false,6th Grade,8th Grade
174158004165,Central Jr High School,Frankfort CUSD 168,West Frankfort,215,115,Yes under Community Eligibility Option (CEO),false,7th Grade,8th Grade
172100005610,Central Junior High,Kewanee CUSD 229,Kewanee,235,174,Yes under Community Eligibility Option (CEO),false,7th Grade,8th Grade
170822005402,Central Junior High School,Central CUSD 3,Camp Point,221,94,Yes participating without using any Provision or the CEO,false,5th Grade,8th Grade
170783000396,Central Middle School,Central CUSD 301,Burlington,418,69,Yes participating without using any Provision or the CEO,false,8th Grade,8th Grade
171455001805,Central Middle School,Evergreen Park ESD 124,Evergreen Park,560,265,Yes participating without using any Provision or the CEO,false,6th Grade,8th Grade
173903003959,Central Middle School,CCSD 146,Tinley Park,725,286,Yes participating without using any Provision or the CEO,false,6th Grade,8th Grade
172592002785,Central Park Elem School,Midlothian SD 143,Midlothian,640,432,Yes under Community Eligibility Option (CEO),false,Kindergarten,8th Grade
170915006096,Central Primary Sch,Central SD 51,Washington,700,143,Yes participating without using any Provision or the CEO,false,Prekindergarten,4th Grade
173042003144,Central Road Elem School,Palatine CCSD 15,Rolling Meadows,620,76,Yes participating without using any Provision or the CEO,false,Prekindergarten,5th Grade
171686001993,Central School,Glencoe SD 35,Glencoe,561,,No,false,5th Grade,8th Grade
170729006891,Central School,Lemont-Bromberek CSD 113A,Lemont,591,112,Yes participating without using any Provision or the CEO,false,4th Grade,5th Grade
171371000833,Central School Program,SD U-46,Elgin,0,,Yes under Community Eligibility Option (CEO),true,6th Grade,12th Grade
170017402445,Centralia Alternative School,Clintn/Jeffrsn/Marin/Washngtn ROE,Centralia,0,,Yes under Community Eligibility Option (CEO),true,7th Grade,12th Grade
170930000538,Centralia High School,Centralia HSD 200,Centralia,887,569,Yes participating without using any Provision or the CEO,true,9th Grade,12th Grade
170927000535,Centralia Jr High School,Centralia SD 135,Centralia,559,554,Yes under Community Eligibility Option (CEO),false,4th Grade,8th Grade
170927005585,Centralia Pre-Kindergarten Ctr,Centralia SD 135,Centralia,11,,No,false,Prekindergarten,Prekindergarten
173963004861,Century Elementary School,Century CUSD 100,Ullin,185,115,Yes under Community Eligibility Option (CEO),false,Prekindergarten,5th Grade
173963004003,Century Jr/Sr High School,Century CUSD 100,Ullin,146,90,Yes under Community Eligibility Option (CEO),true,6th Grade,12th Grade
173022001597,Century Junior High School,Orland SD 135,Orland Park,636,,No,false,6th Grade,8th Grade
171371001665,Century Oaks Elem School,SD U-46,Elgin,542,401,Yes under Community Eligibility Option (CEO),false,Prekindergarten,6th Grade
170933004570,Cerro Gordo Elem School,Cerro Gordo CUSD 100,Cerro Gordo,246,121,Yes participating without using any Provision or the CEO,false,Prekindergarten,5th Grade
170933000540,Cerro Gordo Jr and Sr High Sch,Cerro Gordo CUSD 100,Cerro Gordo,228,94,Yes participating without using any Provision or the CEO,false,6th Grade,12th Grade
170940004571,Chadwick-Milledgeville Elem Sch,Chadwick-Milledgeville CUSD 399,Milledgeville,192,88,Yes participating without using any Provision or the CEO,false,Prekindergarten,5th Grade
170940005404,Chadwick-Milledgeville Jr HS,Chadwick-Milledgeville CUSD 399,Milledgeville,183,79,Yes participating without using any Provision or the CEO,false,6th Grade,12th Grade
174231004264,Challand Middle School,Sterling CUSD 5,Sterling,726,456,Yes under Community Eligibility Option (CEO),false,6th Grade,8th Grade
170993000657,Chalmers STEAM Elementary,Chicago Public Schools Dist 299,Chicago,205,202,Yes under Community Eligibility Option (CEO),false,Prekindergarten,8th Grade
173996006576,Champaign Co Detention Center,Urbana SD 116,Urbana,0,,No,true,6th Grade,12th Grade
170942000558,Champaign Early Chldhd Cntr,Champaign CUSD 4,Champaign,288,,No,false,Prekindergarten,Prekindergarten
170008106042,Chana Educ Center/Rock River,Ogle Co Education Cooperative,Chana,0,,Yes under Community Eligibility Option (CEO),true,Kindergarten,12th Grade
170951004940,Chaney-Monge School,Chaney-Monge SD 88,Crest Hill,479,328,Yes under Community Eligibility Option (CEO),false,Kindergarten,8th Grade
170954000562,Channahon Junior High School,Channahon SD 17,Channahon,269,,No,false,7th Grade,8th Grade
171371001668,Channing Memorial Elem School,SD U-46,Elgin,491,410,Yes under Community Eligibility Option (CEO),false,Kindergarten,6th Grade
170993000658,Chappell Elem School,Chicago Public Schools Dist 299,Chicago,598,186,Yes under Community Eligibility Option (CEO),false,Prekindergarten,8th Grade
171198001444,Charles J Caruso Middle School,Deerfield SD 109,Deerfield,440,,No,false,6th Grade,8th Grade
173786003888,Charles J Sahs Elem School,Central Stickney SD 110,Chicago,262,175,Yes under Community Eligibility Option (CEO),false,Prekindergarten,8th Grade
173174005749,Charles Reed Elementary Sch,Plainfield SD 202,Plainfield,641,235,Yes under Community Eligibility Option (CEO),false,Kindergarten,5th Grade
170960000567,Charleston High School,Charleston CUSD 1,Charleston,795,357,Yes under Community Eligibility Option (CEO),false,9th Grade,12th Grade
170960000568,Charleston Middle School,Charleston CUSD 1,Charleston,401,193,Yes under Community Eligibility Option (CEO),false,7th Grade,8th Grade
173123004422,Charter Oak Primary School,Peoria SD 150,Peoria,337,225,Yes under Community Eligibility Option (CEO),false,Kindergarten,4th Grade
170993000659,Chase Elem School,Chicago Public Schools Dist 299,Chicago,415,224,Yes under Community Eligibility Option (CEO),false,Prekindergarten,8th Grade
172472002680,Chateaux School,Prairie-Hills ESD 144,Hazel Crest,249,240,Yes under Community Eligibility Option (CEO),false,Prekindergarten,5th Grade
170492000183,Chatham Elem School,Ball Chatham CUSD 5,Chatham,500,157,Yes participating without using any Provision or the CEO,false,Kindergarten,4th Grade
172529004456,Chauncey H Duker School,McHenry CCSD 15,McHenry,433,187,Yes participating without using any Provision or the CEO,false,4th Grade,5th Grade
170993000411,Chavez Elem Multicultural Acad Ct,Chicago Public Schools Dist 299,Chicago,784,753,Yes under Community Eligibility Option (CEO),false,Prekindergarten,8th Grade
171041001257,Chebanse Elem School,Central CUSD 4,Chebanse,343,168,Yes participating without using any Provision or the CEO,false,Kindergarten,4th Grade
171570001880,Chelsea Elem School,Frankfort CCSD 157C,Frankfort,893,,No,false,3rd Grade,5th Grade
172175002447,Cherokee Elem School,Lake Forest SD 67,Lake Forest,343,,No,false,Kindergarten,4th Grade
172814006375,Cherry Hill Elem and Ec Center,New Lenox SD 122,New Lenox,141,33,Yes participating without using any Provision or the CEO,false,Prekindergarten,8th Grade
173451003604,Cherry Valley Elementary School,Rockford SD 205,Rockford,676,434,Yes under Community Eligibility Option (CEO),false,Kindergarten,5th Grade
171983004181,Chesak Elementary School,Huntley Comm Sch Dist 158,Lake in the Hills,643,173,Yes participating without using any Provision or the CEO,false,Kindergarten,2nd Grade
170981000578,Chester Elem School,Chester CUSD 139,Chester,640,379,Yes under Community Eligibility Option (CEO),false,Prekindergarten,8th Grade
170981000579,Chester High School,Chester CUSD 139,Chester,335,132,Yes under Community Eligibility Option (CEO),true,9th Grade,12th Grade
170985000580,Chester-East Lincoln Elem School,Chester-East Lincoln CCSD 61,Lincoln,288,128,Yes under Community Eligibility Option (CEO),false,Prekindergarten,8th Grade
170993004286,Chicago Academy Elem School,Chicago Public Schools Dist 299,Chicago,548,346,Yes under Community Eligibility Option (CEO),false,Prekindergarten,8th Grade
170993005061,Chicago Academy High School,Chicago Public Schools Dist 299,Chicago,580,448,Yes under Community Eligibility Option (CEO),true,9th Grade,12th Grade
170993006285,Chicago Collegiate Charter School,Chicago Public Schools Dist 299,Chicago,255,226,Yes under Community Eligibility Option (CEO),true,5th Grade,12th Grade
170993006936,Chicago Excel Academy HS,Chicago Public Schools Dist 299,Chicago,0,,Yes under Community Eligibility Option (CEO),true,9th Grade,12th Grade
170996006777,Chicago Heights Middle School,Chicago Heights SD 170,Chicago Hts,872,803,Yes under Community Eligibility Option (CEO),false,6th Grade,8th Grade
170993005147,Chicago HS for Agricult Sciences,Chicago Public Schools Dist 299,Chicago,827,481,Yes under Community Eligibility Option (CEO),false,9th Grade,12th Grade
170993006058,Chicago HS for the Arts,Chicago Public Schools Dist 299,Chicago,578,337,Yes under Community Eligibility Option (CEO),false,9th Grade,12th Grade
170993005092,Chicago Math & Sci Elem Charter,Chicago Public Schools Dist 299,Chicago,623,547,Yes under Community Eligibility Option (CEO),true,6th Grade,12th Grade
170993003487,Chicago Military Academy HS,Chicago Public Schools Dist 299,Chicago,209,143,Yes under Community Eligibility Option (CEO),true,9th Grade,12th Grade
170993006076,Chicago Technology Academy HS,Chicago Public Schools Dist 299,Chicago,315,292,Yes under Community Eligibility Option (CEO),true,9th Grade,12th Grade
170993000943,Chicago Vocational Career Acad HS,Chicago Public Schools Dist 299,Chicago,673,618,Yes under Community Eligibility Option (CEO),true,9th Grade,12th Grade
170993000868,Chicago World Language Academy,Chicago Public Schools Dist 299,Chicago,449,174,Yes under Community Eligibility Option (CEO),false,Kindergarten,8th Grade
172862002996,Chiddix Jr High School,McLean County USD 5,Normal,597,184,Yes participating without using any Provision or the CEO,false,6th Grade,8th Grade
173237003373,Childs Elem School,Posen-Robbins ESD 143-5,Robbins,149,112,Yes under Community Eligibility Option (CEO),false,Kindergarten,3rd Grade
171997005426,Chillicothe Elementary Center,Il Valley Central USD 321,Chillicothe,156,85,Yes participating without using any Provision or the CEO,false,4th Grade,5th Grade
171997006015,Chillicothe Jr High,Il Valley Central USD 321,Chillicothe,229,120,Yes participating without using any Provision or the CEO,false,6th Grade,8th Grade
173057003175,Chippewa Elem School,Palos Heights SD 128,Palos Heights,237,,No,false,1st Grade,3rd Grade
171212001462,Chippewa Middle School,CCSD 62,Des Plaines,652,378,Yes participating without using any Provision or the CEO,false,6th Grade,8th Grade
170993000697,Chopin Elem School,Chicago Public Schools Dist 299,Chicago,323,292,Yes under Community Eligibility Option (CEO),false,Prekindergarten,8th Grade
171337001629,Chrisman Elem School,Edgar County CUD 6,Chrisman,120,37,Yes participating without using any Provision or the CEO,false,Prekindergarten,5th Grade
171337001630,Chrisman High School,Edgar County CUD 6,Chrisman,93,42,Yes participating without using any Provision or the CEO,false,9th Grade,12th Grade
171337003896,Chrisman-Scottland Jr High School,Edgar County CUD 6,Chrisman,54,22,Yes participating without using any Provision or the CEO,false,6th Grade,8th Grade
172127005282,Christa McAuliffe School,Kirby SD 140,Tinley Park,530,,No,false,Prekindergarten,5th Grade
170993004376,Christopher Elem School,Chicago Public Schools Dist 299,Chicago,315,302,Yes under Community Eligibility Option (CEO),false,Kindergarten,8th Grade
170021703615,Christopher Elem School,Christopher USD 99,Christopher,510,309,Yes under Community Eligibility Option (CEO),false,Prekindergarten,8th Grade
170021703614,Christopher High,Christopher USD 99,Christopher,206,122,Yes under Community Eligibility Option (CEO),true,9th Grade,12th Grade
170993006311,Christopher House Chrt ES,Chicago Public Schools Dist 299,Chicago,502,395,Yes under Community Eligibility Option (CEO),false,Prekindergarten,8th Grade
171680001983,Churchill Elem School,Glen Ellyn SD 41,Glen Ellyn,618,,No,false,Kindergarten,5th Grade
173027005365,Churchill Elem School,CUSD 308,Oswego,425,94,Yes participating without using any Provision or the CEO,false,Kindergarten,5th Grade
171397001741,Churchville Middle School,Elmhurst SD 205,Elmhurst,489,220,Yes participating without using any Provision or the CEO,false,6th Grade,8th Grade
171446001786,Chute Middle School,Evanston CCSD 65,Evanston,598,302,Yes participating without using any Provision or the CEO,false,6th Grade,8th Grade
171020001236,Cicero East Elem School,Cicero SD 99,Cicero,408,313,Yes participating without using any Provision or the CEO,false,4th Grade,6th Grade
171020002479,Cicero West Elementary School,Cicero SD 99,Cicero,557,318,Yes participating without using any Provision or the CEO,false,Prekindergarten,3rd Grade
170993006507,Cics - Avalon/South Shore,Chicago Public Schools Dist 299,Chicago,469,423,Yes under Community Eligibility Option (CEO),false,Kindergarten,8th Grade
170993006488,Cics - Basil Campus,Chicago Public Schools Dist 299,Chicago,541,502,Yes under Community Eligibility Option (CEO),false,Kindergarten,8th Grade
170993006484,Cics - Bond Campus,Chicago Public Schools Dist 299,Chicago,279,251,Yes under Community Eligibility Option (CEO),false,Kindergarten,6th Grade
170993006446,Cics - Bucktown Campus,Chicago Public Schools Dist 299,Chicago,518,348,Yes under Community Eligibility Option (CEO),false,Kindergarten,8th Grade
170993006462,Cics - Irving Park Campus,Chicago Public Schools Dist 299,Chicago,453,308,Yes under Community Eligibility Option (CEO),false,Kindergarten,8th Grade
170993006438,Cics - Longwood Campus,Chicago Public Schools Dist 299,Chicago,1137,979,Yes under Community Eligibility Option (CEO),true,3rd Grade,12th Grade
170993006487,Cics - Loomis Primary Campus,Chicago Public Schools Dist 299,Chicago,333,302,Yes under Community Eligibility Option (CEO),false,Kindergarten,2nd Grade
170993006500,Cics - Northtown Campus,Chicago Public Schools Dist 299,Chicago,878,654,Yes under Community Eligibility Option (CEO),true,9th Grade,12th Grade
170993006498,Cics - Prairie Campus,Chicago Public Schools Dist 299,Chicago,412,389,Yes under Community Eligibility Option (CEO),false,Kindergarten,8th Grade
170993006461,Cics - Ralph Ellison Campus,Chicago Public Schools Dist 299,Chicago,247,210,Yes under Community Eligibility Option (CEO),true,9th Grade,12th Grade
170993006512,Cics - Washington PK Campus,Chicago Public Schools Dist 299,Chicago,493,470,Yes under Community Eligibility Option (CEO),false,Kindergarten,8th Grade
170993006475,Cics - West Belden Campus,Chicago Public Schools Dist 299,Chicago,520,454,Yes under Community Eligibility Option (CEO),false,Kindergarten,8th Grade
170993006465,Cics - Wrightwood,Chicago Public Schools Dist 299,Chicago,614,506,Yes under Community Eligibility Option (CEO),false,Kindergarten,8th Grade
174396004362,Circle Center Grade School,Yorkville CUSD 115,Yorkville,534,158,Yes participating without using any Provision or the CEO,false,Kindergarten,3rd Grade
171024001246,Cisne High School,North Wayne CUSD 200,Cisne,104,46,Yes under Community Eligibility Option (CEO),false,9th Grade,12th Grade
171024001247,Cisne Middle School,North Wayne CUSD 200,Cisne,115,47,Yes under Community Eligibility Option (CEO),false,5th Grade,8th Grade
171029004573,Cissna Park Elementary School,Cissna Park CUSD 6,Cissna Park,128,39,Yes participating without using any Provision or the CEO,false,Kindergarten,5th Grade
171029004574,Cissna Park Jr High School,Cissna Park CUSD 6,Cissna Park,66,18,Yes participating without using any Provision or the CEO,false,6th Grade,8th Grade
171029001250,Cissna Park Sr High School,Cissna Park CUSD 6,Cissna Park,98,26,Yes participating without using any Provision or the CEO,false,9th Grade,12th Grade
170612000298,Civic Memorial High School,Bethalto CUSD 8,Bethalto,760,324,Yes participating without using any Provision or the CEO,true,9th Grade,12th Grade
170765005480,Clara Peterson Elem School,Paxton-Buckley-Loda CUD 10,Paxton,564,225,Yes under Community Eligibility Option (CEO),false,Prekindergarten,5th Grade
170993005109,Claremont Magnet Elem School,Chicago Public Schools Dist 299,Chicago,335,323,Yes under Community Eligibility Option (CEO),false,Prekindergarten,8th Grade
172850002476,Clarence E Culver School,Niles ESD 71,Niles,666,357,Yes participating without using any Provision or the CEO,false,Prekindergarten,8th Grade
171929004036,Clarendon Hills Middle School,Hinsdale CCSD 181,Clarendon Hills,448,,No,false,6th Grade,8th Grade
170993005076,Clark Acad Prep Magnet High Schl,Chicago Public Schools Dist 299,Chicago,453,406,Yes under Community Eligibility Option (CEO),true,9th Grade,12th Grade
173660004430,Clark Elementary School,County of Winnebago SD 320,South Beloit,185,105,Yes under Community Eligibility Option (CEO),false,Prekindergarten,1st Grade
170993001210,Clark G R Elem School,Chicago Public Schools Dist 299,Chicago,134,108,Yes under Community Eligibility Option (CEO),false,Prekindergarten,8th Grade
174333005959,Clay Academy,Woodstock CUSD 200,Woodstock,0,,Yes participating without using any Provision or the CEO,true,Prekindergarten,12th Grade
171034004575,Clay City Elem School,Clay City CUSD 10,Clay City,125,74,Yes under Community Eligibility Option (CEO),false,Prekindergarten,5th Grade
171034001252,Clay City High School,Clay City CUSD 10,Clay City,68,37,Yes under Community Eligibility Option (CEO),true,9th Grade,12th Grade
171034001251,Clay City Jr High School,Clay City CUSD 10,Clay City,60,28,Yes under Community Eligibility Option (CEO),false,6th Grade,8th Grade
170993000661,Clay Elem School,Chicago Public Schools Dist 299,Chicago,578,476,Yes under Community Eligibility Option (CEO),false,Prekindergarten,8th Grade
171377001711,Clearmont Elem School,Comm Cons SD 59,Elk Grove Village,408,204,Yes participating without using any Provision or the CEO,false,Kindergarten,5th Grade
174125004123,Clearview Elem School,Waukegan CUSD 60,Waukegan,404,279,Yes under Community Eligibility Option (CEO),false,Prekindergarten,5th Grade
170993001086,Clemente Community Academy HS,Chicago Public Schools Dist 299,Chicago,745,654,Yes under Community Eligibility Option (CEO),true,9th Grade,12th Grade
170993000663,Cleveland Elem School,Chicago Public Schools Dist 299,Chicago,507,378,Yes under Community Eligibility Option (CEO),false,Prekindergarten,8th Grade
174169002093,Clifford Crone Middle School,Indian Prairie CUSD 204,Naperville,891,93,Yes participating without using any Provision or the CEO,false,6th Grade,8th Grade
174218005526,Clifford Johnson School,CUSD 200,Warrenville,473,298,Yes participating without using any Provision or the CEO,false,Kindergarten,5th Grade
173451003559,Clifford P Carlson Elem School,Rockford SD 205,Rockford,390,291,Yes under Community Eligibility Option (CEO),false,Kindergarten,5th Grade
170993000664,Clinton Elem School,Chicago Public Schools Dist 299,Chicago,1050,935,Yes under Community Eligibility Option (CEO),false,Prekindergarten,8th Grade
171044001263,Clinton Elem School,Clinton CUSD 15,Clinton,506,272,Yes participating without using any Provision or the CEO,false,2nd Grade,5th Grade
171371001669,Clinton Elem School,SD U-46,South Elgin,596,235,Yes under Community Eligibility Option (CEO),false,Prekindergarten,6th Grade
171044001260,Clinton High School,Clinton CUSD 15,Clinton,514,268,Yes participating without using any Provision or the CEO,true,9th Grade,12th Grade
171044001261,Clinton Jr High School,Clinton CUSD 15,Clinton,385,207,Yes participating without using any Provision or the CEO,false,6th Grade,8th Grade
171200006601,Clinton Rosette Middle School,DeKalb CUSD 428,DeKalb,575,426,Yes under Community Eligibility Option (CEO),false,6th Grade,8th Grade
170993000665,Clissold Elem School,Chicago Public Schools Dist 299,Chicago,508,171,Yes under Community Eligibility Option (CEO),false,Prekindergarten,8th Grade
171047004033,Cloverdale Elem School,CCSD 93,Carol Stream,466,195,Yes participating without using any Provision or the CEO,false,Kindergarten,5th Grade
171053006031,Coal City Early Childhood Center,Coal City CUSD 1,Coal City,437,150,Yes participating without using any Provision or the CEO,false,Prekindergarten,1st Grade
171053001270,Coal City Elem School,Coal City CUSD 1,Coal City,302,104,Yes participating without using any Provision or the CEO,false,2nd Grade,3rd Grade
171053001271,Coal City High School,Coal City CUSD 1,Coal City,642,182,Yes participating without using any Provision or the CEO,true,9th Grade,12th Grade
171053004056,Coal City Intermediate School,Coal City CUSD 1,Coal City,294,96,Yes participating without using any Provision or the CEO,false,4th Grade,5th Grade
171053001272,Coal City Middle School,Coal City CUSD 1,Coal City,454,141,Yes participating without using any Provision or the CEO,false,6th Grade,8th Grade
171057004576,Cobden Elem School,Cobden SUD 17,Cobden,223,207,Yes under Community Eligibility Option (CEO),false,Prekindergarten,5th Grade
171057001274,Cobden High School,Cobden SUD 17,Cobden,135,129,Yes under Community Eligibility Option (CEO),true,9th Grade,12th Grade
171057001273,Cobden Jr High School,Cobden SUD 17,Cobden,96,90,Yes under Community Eligibility Option (CEO),false,6th Grade,8th Grade
171920006788,Coffeen Early Childhood Center,Hillsboro CUSD 3,Coffeen,139,,No,false,Prekindergarten,Prekindergarten
171371001670,Coleman Elem School,SD U-46,Elgin,641,450,Yes under Community Eligibility Option (CEO),false,Prekindergarten,6th Grade
170993004016,Colemon J Elem Academy,Chicago Public Schools Dist 299,Chicago,166,129,Yes under Community Eligibility Option (CEO),false,Prekindergarten,8th Grade
172862002997,Colene Hoose Elem School,McLean County USD 5,Normal,413,141,Yes participating without using any Provision or the CEO,false,Kindergarten,5th Grade
170993000666,Coles Elem Language Academy,Chicago Public Schools Dist 299,Chicago,286,174,Yes under Community Eligibility Option (CEO),false,Prekindergarten,8th Grade
173630005774,Colin Powell Middle Sch,ESD 159,Matteson,564,385,Yes under Community Eligibility Option (CEO),false,6th Grade,8th Grade
170993005942,Collins Academy STEAM High School,Chicago Public Schools Dist 299,Chicago,228,222,Yes under Community Eligibility Option (CEO),false,9th Grade,12th Grade
171065001278,Collinsville High School,Collinsville CUSD 10,Collinsville,1956,1297,Yes under Community Eligibility Option (CEO),false,9th Grade,12th Grade
171065001279,Collinsville Middle School,Collinsville CUSD 10,Collinsville,894,609,Yes under Community Eligibility Option (CEO),false,7th Grade,8th Grade
171069001293,Colona Grade School,Colona SD 190,Colona,371,195,Yes under Community Eligibility Option (CEO),false,Prekindergarten,8th Grade
173300005056,Colonel George Iles Elem Sch,Quincy SD 172,Quincy,535,370,Yes participating without using any Provision or the CEO,false,Kindergarten,5th Grade
173768003880,Columbia Central School,Steger SD 194,Steger,646,364,Yes under Community Eligibility Option (CEO),false,5th Grade,8th Grade
170993004277,Columbia Explorers Elem Academy,Chicago Public Schools Dist 299,Chicago,718,619,Yes under Community Eligibility Option (CEO),false,Prekindergarten,8th Grade
171074001295,Columbia High School,Columbia CUSD 4,Columbia,606,92,Yes participating without using any Provision or the CEO,false,9th Grade,12th Grade
171074001294,Columbia Middle School,Columbia CUSD 4,Columbia,612,106,Yes participating without using any Provision or the CEO,false,5th Grade,8th Grade
171020001237,Columbus East Elem School,Cicero SD 99,Cicero,411,311,Yes participating without using any Provision or the CEO,false,4th Grade,6th Grade
171353001638,Columbus Elem School,Edwardsville CUSD 7,Edwardsville,373,81,Yes participating without using any Provision or the CEO,false,3rd Grade,5th Grade
173369003464,Columbus Manor Elem School,Ridgeland SD 122,Oak Lawn,359,205,Yes under Community Eligibility Option (CEO),false,Prekindergarten,5th Grade
171020002480,Columbus West Elementary School,Cicero SD 99,Cicero,534,483,Yes participating without using any Provision or the CEO,false,Prekindergarten,3rd Grade
171257001518,Comm H S Dist 99 - North H S,Chsd 99,Downers Grove,2082,,No,true,9th Grade,12th Grade
171257001519,Comm H S Dist 99 - South High Sch,Chsd 99,Downers Grove,2591,,No,false,9th Grade,12th Grade
173156003324,Community Cons School,CCSD 204,Pinckneyville,210,76,Yes participating without using any Provision or the CEO,false,Prekindergarten,8th Grade
170879000520,Concord Elem School,Cass SD 63,Darien,460,102,Yes participating without using any Provision or the CEO,false,Prekindergarten,4th Grade
171443001779,Congerville Elem School,Eureka CUD 140,Congerville,97,6,Yes participating without using any Provision or the CEO,false,Kindergarten,4th Grade
172160002420,Congress Park Elem School,La Grange SD 102,Brookfield,419,172,Yes participating without using any Provision or the CEO,false,Kindergarten,6th Grade
173451003561,Conklin Elem School,Rockford SD 205,Rockford,372,288,Yes under Community Eligibility Option (CEO),false,Kindergarten,6th Grade
171983005734,Conley Elementary School,Huntley Comm Sch Dist 158,Algonquin,598,140,Yes participating without using any Provision or the CEO,false,3rd Grade,5th Grade
173129006314,Connor Shaw Center,Peotone CUSD 207U,Peotone,79,,No,false,Prekindergarten,Prekindergarten
171397001742,Conrad Fischer Elem School,Elmhurst SD 205,Elmhurst,584,299,Yes participating without using any Provision or the CEO,false,Kindergarten,5th Grade
173451003580,Constance Lane Elementary School,Rockford SD 205,Rockford,623,564,Yes under Community Eligibility Option (CEO),false,Kindergarten,5th Grade
170993000693,Cook Co Juvenile Det -York Alt HS,Chicago Public Schools Dist 299,Chicago,0,,No,true,9th Grade,12th Grade
170993000894,Cook Co Juvenile-Jefferson Alt HS,Chicago Public Schools Dist 299,Chicago,0,,No,true,6th Grade,12th Grade
170993000672,Cook Elem School,Chicago Public Schools Dist 299,Chicago,322,234,Yes under Community Eligibility Option (CEO),false,Prekindergarten,8th Grade
172202002467,Coolidge Elementary School,Lansing SD 158,Lansing,670,669,Yes under Community Eligibility Option (CEO),false,Kindergarten,5th Grade
171728002024,Coolidge Junior High Sch,Granite City CUSD 9,Granite City,854,581,Yes under Community Eligibility Option (CEO),false,7th Grade,8th Grade
173675003780,Coolidge Middle School,South Holland SD 151,Phoenix,460,457,Yes under Community Eligibility Option (CEO),false,6th Grade,8th Grade
170020406201,Coolidge Rssp,Rock Island ROE,Moline,0,,No,true,7th Grade,8th Grade
170993000674,Coonley Elem School,Chicago Public Schools Dist 299,Chicago,723,77,Yes under Community Eligibility Option (CEO),false,Kindergarten,8th Grade
170639000309,Coop HS 1,Bismarck Henning CUSD,Bismarck,247,100,Yes participating without using any Provision or the CEO,false,9th Grade,12th Grade
173487006534,Coop HS 7,Rossville-Alvin CUSD 7,Rossville,109,,No,false,9th Grade,12th Grade
170993000676,Cooper Elem Dual Language Academy,Chicago Public Schools Dist 299,Chicago,428,385,Yes under Community Eligibility Option (CEO),false,Prekindergarten,8th Grade
174221004230,Cooper Middle School,Wheeling CCSD 21,Buffalo Grove,732,410,Yes under Community Eligibility Option (CEO),false,6th Grade,8th Grade
170019002866,Cope Alternative School,Alxndr/Jcksn/Pulsk/Prry/Union ROE,Murphysboro,0,,Yes under Community Eligibility Option (CEO),true,6th Grade,12th Grade
172280002527,Copeland Manor Elem School,Libertyville SD 70,Libertyville,378,,No,false,Kindergarten,5th Grade
171125001350,Coretta Scott King Magnet Sch,Crete Monee CUSD 201U,University Park,293,156,Yes under Community Eligibility Option (CEO),false,Kindergarten,5th Grade
170993000677,Corkery Elem School,Chicago Public Schools Dist 299,Chicago,442,393,Yes under Community Eligibility Option (CEO),false,Prekindergarten,8th Grade
170993001072,Corliss High School,Chicago Public Schools Dist 299,Chicago,430,379,Yes under Community Eligibility Option (CEO),true,9th Grade,12th Grade
171086001325,Cornell Elem School,Cornell CCSD 426,Cornell,114,30,Yes under Community Eligibility Option (CEO),false,Prekindergarten,8th Grade
173717005707,Corron Elementary School,St Charles CUSD 303,South Elgin,487,71,Yes participating without using any Provision or the CEO,false,Kindergarten,5th Grade
171200000468,Cortland Elementary School,DeKalb CUSD 428,Cortland,523,325,Yes under Community Eligibility Option (CEO),false,Kindergarten,5th Grade
172160002421,Cossitt Ave Elem School,La Grange SD 102,La Grange,472,,No,false,Kindergarten,6th Grade
172385003902,Costello School,Lyons SD 103,Lyons,228,169,Yes under Community Eligibility Option (CEO),false,Prekindergarten,5th Grade
171095005419,Cottage Grove Upper Grade Center,Ford Heights SD 169,Ford Heights,156,154,Yes under Community Eligibility Option (CEO),false,5th Grade,8th Grade
174119001454,Cotton Creek School,Wauconda CUSD 118,Island Lake,580,211,Yes participating without using any Provision or the CEO,false,Prekindergarten,5th Grade
171098004583,Coulterville Elementary School,Coulterville USD 1,Coulterville,77,52,Yes under Community Eligibility Option (CEO),false,Prekindergarten,5th Grade
171098001330,Coulterville High School,Coulterville USD 1,Coulterville,64,41,Yes under Community Eligibility Option (CEO),true,9th Grade,12th Grade
171098004584,Coulterville Junior High School,Coulterville USD 1,Coulterville,44,28,Yes under Community Eligibility Option (CEO),false,6th Grade,8th Grade
172103003716,Country Meadows Elem School,Kildeer Countryside CCSD 96,Long Grove,439,,No,false,1st Grade,5th Grade
170783005946,Country Trails Elem,Central CUSD 301,Elgin,751,132,Yes participating without using any Provision or the CEO,false,Prekindergarten,5th Grade
170505000189,Countryside Elem School,Barrington CUSD 220,Barrington,375,47,Yes participating without using any Provision or the CEO,false,Kindergarten,5th Grade
170993000914,Courtenay Elem Language Arts Ctr,Chicago Public Schools Dist 299,Chicago,266,247,Yes under Community Eligibility Option (CEO),false,Prekindergarten,8th Grade
171135001359,Coventry Elem School,Crystal Lake CCSD 47,Crystal Lake,629,300,Yes participating without using any Provision or the CEO,false,Kindergarten,5th Grade
170017602401,Cowden-Herrick Grade School,Cowden-Herrick CUSD 3A,Herrick,175,103,Yes under Community Eligibility Option (CEO),false,Kindergarten,5th Grade
170017602389,Cowden-Herrick Jr/Sr High School,Cowden-Herrick CUSD 3A,Cowden,168,108,Yes under Community Eligibility Option (CEO),true,6th Grade,12th Grade
171110004587,Crab Orchard Elementary School,Crab Orchard CUSD 3,Marion,323,65,Yes under Community Eligibility Option (CEO),false,Prekindergarten,8th Grade
171110001338,Crab Orchard High School,Crab Orchard CUSD 3,Marion,154,60,Yes under Community Eligibility Option (CEO),false,9th Grade,12th Grade
170993006260,Crane Medical Prep HS,Chicago Public Schools Dist 299,Chicago,295,257,Yes under Community Eligibility Option (CEO),true,9th Grade,12th Grade
173075001169,Creative Center for Children,Paris-Union SD 95,Paris,73,67,Yes under Community Eligibility Option (CEO),false,Prekindergarten,Prekindergarten
171242006230,Creative Communications Acad,Dolton SD 149,Calumet City,246,246,Yes under Community Eligibility Option (CEO),false,6th Grade,6th Grade
171371002887,Creekside Elem,SD U-46,Elgin,469,293,Yes under Community Eligibility Option (CEO),false,Prekindergarten,6th Grade
173174004537,Creekside Elementary School,Plainfield SD 202,Plainfield,472,222,Yes under Community Eligibility Option (CEO),false,Kindergarten,5th Grade
174333004328,Creekside Middle School,Woodstock CUSD 200,Woodstock,736,339,Yes participating without using any Provision or the CEO,false,5th Grade,8th Grade
170032305620,Crescent City Grade School,Crescent Iroquois CUSD 249,Crescent City,54,8,Yes under Community Eligibility Option (CEO),false,Kindergarten,5th Grade
171122001341,Creston Elem School,Creston CCSD 161,Creston,76,35,Yes participating without using any Provision or the CEO,false,Kindergarten,8th Grade
173078004786,Crestwood Elem School,Paris CUSD 4,Paris,309,125,Yes participating without using any Provision or the CEO,false,Prekindergarten,5th Grade
173078003200,Crestwood Jr High School,Paris CUSD 4,Paris,134,50,Yes participating without using any Provision or the CEO,false,6th Grade,8th Grade
171125001343,Crete Elementary School,Crete Monee CUSD 201U,Crete,381,249,Yes under Community Eligibility Option (CEO),false,Kindergarten,5th Grade
171125005960,Crete-Monee Early Childhood Cntr,Crete Monee CUSD 201U,Crete,256,,No,false,Prekindergarten,Prekindergarten
171125001344,Crete-Monee High School,Crete Monee CUSD 201U,Crete,1480,844,Yes under Community Eligibility Option (CEO),true,9th Grade,12th Grade
171125001347,Crete-Monee Middle School,Crete Monee CUSD 201U,University Park,1002,651,Yes under Community Eligibility Option (CEO),false,6th Grade,8th Grade
171842006116,Crosby Elem Sch,Harvard CUSD 50,Harvard,655,421,Yes under Community Eligibility Option (CEO),false,Kindergarten,3rd Grade
172028006395,Crossroad Learning Center,Jacksonville SD 117,Jacksonville,0,,Yes under Community Eligibility Option (CEO),true,Kindergarten,12th Grade
174284004299,Crow Island Elem School,Winnetka SD 36,Winnetka,360,,No,false,Kindergarten,4th Grade
170993000678,Crown Elem Comm Acd Fine Arts Ctr,Chicago Public Schools Dist 299,Chicago,92,80,Yes under Community Eligibility Option (CEO),false,Kindergarten,8th Grade
171137001367,Crystal Lake Central High School,Chsd 155,Crystal Lake,1443,510,Yes participating without using any Provision or the CEO,false,9th Grade,12th Grade
171137001368,Crystal Lake South High School,Chsd 155,Crystal Lake,1279,411,Yes participating without using any Provision or the CEO,false,9th Grade,12th Grade
173174003336,Crystal Lawns Elem School,Plainfield SD 202,Joliet,328,156,Yes under Community Eligibility Option (CEO),false,Kindergarten,5th Grade
171140001371,Cuba Elem School,CUSD 3 Fulton County,Cuba,188,90,Yes under Community Eligibility Option (CEO),false,Prekindergarten,5th Grade
171140001369,Cuba Middle School,CUSD 3 Fulton County,Cuba,80,41,Yes under Community Eligibility Option (CEO),false,6th Grade,8th Grade
171140001370,Cuba Sr High School,CUSD 3 Fulton County,Cuba,118,45,Yes under Community Eligibility Option (CEO),true,9th Grade,12th Grade
170993001183,Cuffe Math-Sci Tech Elem Academy,Chicago Public Schools Dist 299,Chicago,249,216,Yes under Community Eligibility Option (CEO),false,Prekindergarten,8th Grade
170993001194,Cullen Elem School,Chicago Public Schools Dist 299,Chicago,176,171,Yes under Community Eligibility Option (CEO),false,Kindergarten,8th Grade
171212001463,Cumberland Elem School,CCSD 62,Des Plaines,279,103,Yes participating without using any Provision or the CEO,false,Kindergarten,5th Grade
173909004855,Cumberland Elem School,Cumberland CUSD 77,Toledo,387,102,Yes under Community Eligibility Option (CEO),false,Prekindergarten,4th Grade
173909003966,Cumberland High School,Cumberland CUSD 77,Toledo,303,108,Yes under Community Eligibility Option (CEO),false,9th Grade,12th Grade
173909003965,Cumberland Middle School,Cumberland CUSD 77,Toledo,282,101,Yes under Community Eligibility Option (CEO),false,5th Grade,8th Grade
170993001198,Curie Metropolitan High School,Chicago Public Schools Dist 299,Chicago,3099,2659,Yes under Community Eligibility Option (CEO),true,9th Grade,12th Grade
174155000775,Currier Elementary School,West Chicago ESD 33,West Chicago,359,260,Yes under Community Eligibility Option (CEO),false,Kindergarten,5th Grade
170993000650,Curtis Elem School,Chicago Public Schools Dist 299,Chicago,356,347,Yes under Community Eligibility Option (CEO),false,Prekindergarten,8th Grade
171152001372,Cypress Elem School,Cypress SD 64,Cypress,116,58,Yes under Community Eligibility Option (CEO),false,Prekindergarten,8th Grade
171079001307,Dahlgren Elem School,Hamilton Co CUSD 10,Dahlgren,139,78,Yes participating without using any Provision or the CEO,false,Kindergarten,6th Grade
170993000641,Daisy Bates Acad of Social Justic,Chicago Public Schools Dist 299,Chicago,225,138,Yes under Community Eligibility Option (CEO),false,Prekindergarten,8th Grade
171161001373,Dakota Elementary School,Dakota CUSD 201,Dakota,410,146,Yes participating without using any Provision or the CEO,false,Prekindergarten,6th Grade
171161001374,Dakota Jr Sr High School,Dakota CUSD 201,Dakota,344,103,Yes participating without using any Provision or the CEO,false,7th Grade,12th Grade
170993004913,Daley Elem Academy,Chicago Public Schools Dist 299,Chicago,511,481,Yes under Community Eligibility Option (CEO),false,Prekindergarten,8th Grade
170138805917,Dallas City Elem School,Dallas ESD 327,Dallas City,156,123,Yes under Community Eligibility Option (CEO),false,Prekindergarten,8th Grade
171170001378,Dalzell Grade School,Dalzell SD 98,Dalzell,45,,No,false,Prekindergarten,8th Grade
171173001379,Damiansville Elem School,Damiansville SD 62,Damiansville,102,13,Yes participating without using any Provision or the CEO,false,Prekindergarten,8th Grade
171578001888,Dan H Pietrini Elem School,Franklin Park SD 84,Franklin Park,242,164,Yes under Community Eligibility Option (CEO),false,Prekindergarten,5th Grade
171020001238,Daniel Burnham Elem School,Cicero SD 99,Cicero,185,156,Yes participating without using any Provision or the CEO,false,Kindergarten,2nd Grade
172309002545,Daniel Wright Jr High School,Lincolnshire-Prairieview SD 103,Lincolnshire,720,,No,false,6th Grade,8th Grade
174169005928,Danielle-Joy Peterson Elem Sch,Indian Prairie CUSD 204,Naperville,570,19,Yes participating without using any Provision or the CEO,false,Kindergarten,5th Grade
171179001382,Danville High School,Danville CCSD 118,Danville,1253,1039,Yes under Community Eligibility Option (CEO),true,9th Grade,12th Grade
170993000679,Darwin Elem School,Chicago Public Schools Dist 299,Chicago,502,376,Yes under Community Eligibility Option (CEO),false,Prekindergarten,8th Grade
171443001780,Davenport Elem School,Eureka CUD 140,Eureka,430,139,Yes participating without using any Provision or the CEO,false,Prekindergarten,4th Grade
170375000065,Davie Elem School,Anna CCSD 37,Anna,122,75,Yes under Community Eligibility Option (CEO),false,3rd Grade,4th Grade
173717003852,Davis Elementary School,St Charles CUSD 303,Saint Charles,509,149,Yes participating without using any Provision or the CEO,false,Kindergarten,5th Grade
170993006006,Davis M Magnet Elem School,Chicago Public Schools Dist 299,Chicago,120,98,Yes under Community Eligibility Option (CEO),false,Prekindergarten,8th Grade
170993000687,Davis N Elem School,Chicago Public Schools Dist 299,Chicago,540,473,Yes under Community Eligibility Option (CEO),false,Prekindergarten,8th Grade
170993000689,Dawes Elem School,Chicago Public Schools Dist 299,Chicago,926,879,Yes under Community Eligibility Option (CEO),false,Prekindergarten,8th Grade
171446001787,Dawes Elementary School,Evanston CCSD 65,Evanston,298,142,Yes participating without using any Provision or the CEO,false,Kindergarten,5th Grade
170917000526,Dawn Elser Elementary School,Central SD 104,O Fallon,330,145,Yes under Community Eligibility Option (CEO),false,Prekindergarten,3rd Grade
173123005846,Day Treatment,Peoria SD 150,Peoria,0,,No,true,1st Grade,12th Grade
170654000342,Dd Eisenhower High Sch (Campus),Chsd 218,Blue Island,1818,1553,Yes under Community Eligibility Option (CEO),true,9th Grade,12th Grade
170993000643,De Diego Elem Community Academy,Chicago Public Schools Dist 299,Chicago,511,409,Yes under Community Eligibility Option (CEO),false,Prekindergarten,8th Grade
174333004329,Dean Street Elem School,Woodstock CUSD 200,Woodstock,302,161,Yes participating without using any Provision or the CEO,false,Prekindergarten,5th Grade
170993000692,Decatur Classical Elem School,Chicago Public Schools Dist 299,Chicago,341,41,Yes under Community Eligibility Option (CEO),false,Kindergarten,8th Grade
171188001434,Dee-Mack High School,Deer Creek-Mackinaw CUSD 701,Mackinaw,293,75,Yes participating without using any Provision or the CEO,false,9th Grade,12th Grade
171188001433,Dee-Mack Intermediate School,Deer Creek-Mackinaw CUSD 701,Deer Creek,217,63,Yes participating without using any Provision or the CEO,false,4th Grade,6th Grade
171188001435,Dee-Mack Primary/Jr High,Deer Creek-Mackinaw CUSD 701,Mackinaw,432,131,Yes participating without using any Provision or the CEO,false,Prekindergarten,8th Grade
171191001436,Deer Park C C Elem School,Deer Park CCSD 82,Ottawa,44,5,Yes participating without using any Provision or the CEO,false,Kindergarten,8th Grade
170873003137,Deer Path Elem School,Cary CCSD 26,Cary,452,116,Yes participating without using any Provision or the CEO,false,Kindergarten,5th Grade
172175005830,Deer Path Middle Sch East,Lake Forest SD 67,Lake Forest,375,,No,false,5th Grade,6th Grade
172175002449,Deer Path Middle Sch West,Lake Forest SD 67,Lake Forest,361,,No,false,7th Grade,8th Grade
171908002193,Deerfield High School,Twp HSD 113,Deerfield,1437,,No,false,9th Grade,12th Grade
171200006340,Dekalb Early Lrng and Dev Ctr,DeKalb CUSD 428,Dekalb,281,,No,false,Prekindergarten,Prekindergarten
171200001449,Dekalb High School,DeKalb CUSD 428,Dekalb,2134,1308,Yes under Community Eligibility Option (CEO),true,9th Grade,12th Grade
170855005568,Delacey Family Educ Ctr,CUSD 300,Carpentersville,210,180,Yes under Community Eligibility Option (CEO),false,Prekindergarten,Prekindergarten
171203004600,Deland-Weldon Elem School,Deland-Weldon CUSD 57,Weldon,100,58,Yes under Community Eligibility Option (CEO),false,Prekindergarten,5th Grade
171203001457,Deland-Weldon High School,Deland-Weldon CUSD 57,De Land,45,21,Yes under Community Eligibility Option (CEO),true,9th Grade,12th Grade
171203001456,Deland-Weldon Middle School,Deland-Weldon CUSD 57,Weldon,28,15,Yes under Community Eligibility Option (CEO),false,6th Grade,8th Grade
171206004601,Delavan Elementary School,Delavan CUSD 703,Delavan,191,73,Yes participating without using any Provision or the CEO,false,Prekindergarten,6th Grade
171206001458,Delavan High School,Delavan CUSD 703,Delavan,129,38,Yes participating without using any Provision or the CEO,false,9th Grade,12th Grade
171206004602,Delavan Jr High School,Delavan CUSD 703,Delavan,55,20,Yes participating without using any Provision or the CEO,false,7th Grade,8th Grade
172976005722,Delores Moye Elem School,O Fallon CCSD 90,O Fallon,595,148,Yes participating without using any Provision or the CEO,false,Prekindergarten,5th Grade
170654000747,Delta Learning Center,Chsd 218,Crestwood,0,,Yes under Community Eligibility Option (CEO),true,9th Grade,12th Grade
170993000691,Deneen Elem School,Chicago Public Schools Dist 299,Chicago,451,416,Yes under Community Eligibility Option (CEO),false,Prekindergarten,8th Grade
173441003526,Denkmann Elem School,Rock Island SD 41,Rock Island,356,260,Yes under Community Eligibility Option (CEO),false,Kindergarten,6th Grade
174158004166,Denning Elementary School,Frankfort CUSD 168,West Frankfort,439,206,Yes under Community Eligibility Option (CEO),false,Prekindergarten,2nd Grade
171185001399,Dennis Lab School,Decatur SD 61,Decatur,579,490,Yes under Community Eligibility Option (CEO),false,Kindergarten,8th Grade
170993001177,Depriest Elem School,Chicago Public Schools Dist 299,Chicago,419,320,Yes under Community Eligibility Option (CEO),false,Prekindergarten,8th Grade
171209004603,Depue Elem School,DePue USD 103,DePue,232,207,Yes under Community Eligibility Option (CEO),false,Prekindergarten,8th Grade
171209001459,Depue High School,DePue USD 103,DePue,86,75,Yes under Community Eligibility Option (CEO),true,9th Grade,12th Grade
171215001472,Desoto Elementary School,DeSoto Cons SD 86,De Soto,198,133,Yes under Community Eligibility Option (CEO),false,Prekindergarten,8th Grade
170993000695,Dett Elem School,Chicago Public Schools Dist 299,Chicago,326,269,Yes under Community Eligibility Option (CEO),false,Prekindergarten,8th Grade
170031205037,Developmental Learning Pgm Dlp,Eisenhower Cooperative,Midlothian,0,,Yes under Community Eligibility Option (CEO),true,Prekindergarten,8th Grade
170993000698,Dever Elem School,Chicago Public Schools Dist 299,Chicago,733,404,Yes under Community Eligibility Option (CEO),false,Prekindergarten,8th Grade
173645003756,Devonshire Elem School,Skokie SD 68,Skokie,417,274,Yes participating without using any Provision or the CEO,false,Kindergarten,5th Grade
171377001714,Devonshire School,Comm Cons SD 59,Des Plaines,370,226,Yes participating without using any Provision or the CEO,false,Kindergarten,5th Grade
170993005790,Devry Advantage Academy High Schl,Chicago Public Schools Dist 299,Chicago,152,105,Yes under Community Eligibility Option (CEO),false,11th Grade,12th Grade
170993000706,Dewey Elem Academy of Fine Arts,Chicago Public Schools Dist 299,Chicago,272,261,Yes under Community Eligibility Option (CEO),false,Prekindergarten,8th Grade
171446001788,Dewey Elem School,Evanston CCSD 65,Evanston,321,92,Yes participating without using any Provision or the CEO,false,Kindergarten,5th Grade
171221005571,Diamond Lake School,Diamond Lake SD 76,Mundelein,262,142,Yes under Community Eligibility Option (CEO),false,Prekindergarten,2nd Grade
171242001490,Diekman Elem School,Dolton SD 149,Dolton,227,222,Yes under Community Eligibility Option (CEO),false,Prekindergarten,5th Grade
171224004604,Dieterich Elem School,Dieterich CUSD 30,Dieterich,359,101,Yes participating without using any Provision or the CEO,false,Prekindergarten,6th Grade
171224001477,Dieterich Jr/Sr High School,Dieterich CUSD 30,Dieterich,273,98,Yes participating without using any Provision or the CEO,false,7th Grade,12th Grade
173435003521,Dillon Elementary School,Rock Falls ESD 13,Rock Falls,278,218,Yes under Community Eligibility Option (CEO),false,Kindergarten,2nd Grade
170143406538,Dimmick Comm Cons SD 175,Dimmick Comm Cons SD #175,La Salle,153,,No,false,Prekindergarten,8th Grade
170993001174,Dirksen Elem School,Chicago Public Schools Dist 299,Chicago,1263,958,Yes under Community Eligibility Option (CEO),false,Prekindergarten,8th Grade
173108005048,Dirksen Elementary School,Pekin PSD 108,Pekin,165,120,Yes under Community Eligibility Option (CEO),false,Kindergarten,3rd Grade
172058002326,Dirksen Junior High School,Joliet PSD 86,Joliet,653,641,Yes under Community Eligibility Option (CEO),false,6th Grade,8th Grade
170993000709,Disney Elem Magnet School,Chicago Public Schools Dist 299,Chicago,1384,867,Yes under Community Eligibility Option (CEO),false,Prekindergarten,8th Grade
170993006036,Disney II Elem School,Chicago Public Schools Dist 299,Chicago,422,123,Yes under Community Eligibility Option (CEO),false,Prekindergarten,6th Grade
170993006250,Disney II Magnet HS,Chicago Public Schools Dist 299,Chicago,738,343,Yes under Community Eligibility Option (CEO),false,7th Grade,12th Grade
170642004546,Dist 206 Alternative High School,Bloom Twp HSD 206,Chicago Heights,0,,Yes under Community Eligibility Option (CEO),true,9th Grade,12th Grade
170348006690,District 126 Early Childhood Ctr,Alsip-Hazlgrn-Oaklwn SD 126,Alsip,122,,No,false,Prekindergarten,Prekindergarten
171983006787,District 158 Early Childhood Ctr,Huntley Comm Sch Dist 158,Lk In The Hls,242,,No,false,Prekindergarten,Prekindergarten
174035006879,District 45 Early Education Ctr,SD 45 DuPage County,Villa Park,189,,No,false,Prekindergarten,Prekindergarten
171353005311,District 7 Alternative School,Edwardsville CUSD 7,Edwardsville,0,,Yes participating without using any Provision or the CEO,true,9th Grade,12th Grade
171020006414,District 99 Early Childhood Ctr,Cicero SD 99,Cicero,232,188,Yes participating without using any Provision or the CEO,false,Prekindergarten,Prekindergarten
170993000710,Dixon Elem School,Chicago Public Schools Dist 299,Chicago,412,310,Yes under Community Eligibility Option (CEO),false,Prekindergarten,8th Grade
171233001481,Dixon High School,Dixon USD 170,Dixon,760,336,Yes participating without using any Provision or the CEO,false,9th Grade,12th Grade
171281005157,Dolan Ctr Maryville Farm Campus,Durand CUSD 322,Durand,0,,Yes participating without using any Provision or the CEO,true,Kindergarten,12th Grade
171324001575,Don D Shute Elem School,East Peoria SD 86,East Peoria,206,124,Yes under Community Eligibility Option (CEO),false,Prekindergarten,2nd Grade
171824001907,Donald C Parker Early Educ Center,Harlem UD 122,Machesney Park,571,401,Yes under Community Eligibility Option (CEO),false,Prekindergarten,Kindergarten
171248004609,Dongola Elementary School,Dongola USD 66,Dongola,108,108,Yes under Community Eligibility Option (CEO),false,Prekindergarten,5th Grade
171248001502,Dongola High School,Dongola USD 66,Dongola,62,61,Yes under Community Eligibility Option (CEO),true,9th Grade,12th Grade
171248004610,Dongola Jr High School,Dongola USD 66,Dongola,51,51,Yes under Community Eligibility Option (CEO),false,6th Grade,8th Grade
171251001503,Donovan Elem School,Donovan CUSD 3,Donovan,172,103,Yes under Community Eligibility Option (CEO),false,Prekindergarten,5th Grade
171251000818,Donovan Jr High School,Donovan CUSD 3,Donovan,54,31,Yes under Community Eligibility Option (CEO),false,6th Grade,8th Grade
171251001504,Donovan Sr High School,Donovan CUSD 3,Donovan,72,28,Yes under Community Eligibility Option (CEO),false,9th Grade,12th Grade
170993000725,Dore Elem School,Chicago Public Schools Dist 299,Chicago,745,355,Yes under Community Eligibility Option (CEO),false,Prekindergarten,8th Grade
172889003031,Dorn Elementary School,North Palos SD 117,Hickory Hills,431,289,Yes under Community Eligibility Option (CEO),false,Prekindergarten,1st Grade
174279004294,Dorothy Simon Elem School,Winnebago CUSD 323,Winnebago,297,88,Yes participating without using any Provision or the CEO,false,Prekindergarten,2nd Grade
171065005632,Dorris Intermediate Sch,Collinsville CUSD 10,Collinsville,871,601,Yes under Community Eligibility Option (CEO),false,4th Grade,6th Grade
170561000233,Douglas Elem School,Belleville SD 118,Belleville,233,145,Yes under Community Eligibility Option (CEO),false,Kindergarten,6th Grade
171044001262,Douglas Elem School,Clinton CUSD 15,Clinton,177,93,Yes participating without using any Provision or the CEO,false,Prekindergarten,1st Grade
173267006325,Douglas Elementary School,Princeton ESD 115,Princeton,217,92,Yes participating without using any Provision or the CEO,false,Prekindergarten,Kindergarten
173708000998,Douglas School,Springfield SD 186,Springfield,0,,Yes under Community Eligibility Option (CEO),true,6th Grade,12th Grade
170993005789,Douglass Academy High School,Chicago Public Schools Dist 299,Chicago,29,27,Yes under Community Eligibility Option (CEO),true,9th Grade,12th Grade
172734004393,Dr Andy Hall Early Educ Ctr,Mount Vernon SD 80,Mount Vernon,243,198,Yes under Community Eligibility Option (CEO),false,Prekindergarten,Prekindergarten
171446001216,Dr Bessie Rhodes-Global Studies,Evanston CCSD 65,Skokie,254,178,Yes participating without using any Provision or the CEO,false,Kindergarten,8th Grade
170405000089,Dr Donald Wharton Elem School,Summit SD 104,Summit,114,112,Yes under Community Eligibility Option (CEO),false,Kindergarten,5th Grade
170942000547,Dr Howard Elem School,Champaign CUSD 4,Champaign,426,283,Yes under Community Eligibility Option (CEO),false,Kindergarten,5th Grade
173822004522,Dr Julian Rogus School,Summit Hill SD 161,Frankfort,653,150,Yes participating without using any Provision or the CEO,false,Kindergarten,4th Grade
172889004243,Dr Kenneth M Sorrick School,North Palos SD 117,Palos Hills,449,308,Yes under Community Eligibility Option (CEO),false,Prekindergarten,1st Grade
173123003294,Dr Maude a Sanders Primary School,Peoria SD 150,Peoria,442,388,Yes under Community Eligibility Option (CEO),false,Kindergarten,4th Grade
171446001794,Dr Ml King Jr Literary&fine Arts,Evanston CCSD 65,Evanston,421,211,Yes participating without using any Provision or the CEO,false,Kindergarten,8th Grade
172734004392,Dr Nick Osborne Primary Center,Mount Vernon SD 80,Mount Vernon,562,515,Yes under Community Eligibility Option (CEO),false,Kindergarten,3rd Grade
173996004013,Dr Preston L Williams Jr Elem Sch,Urbana SD 116,Urbana,399,353,Yes under Community Eligibility Option (CEO),false,Kindergarten,5th Grade
173300005060,Dr. Abby Fox Rooney Elem Sch,Quincy SD 172,Quincy,500,336,Yes participating without using any Provision or the CEO,false,Kindergarten,5th Grade
173123003286,Dr. C.t. Vivian Primary School,Peoria SD 150,Peoria,378,320,Yes under Community Eligibility Option (CEO),false,Prekindergarten,4th Grade
174007001875,Dr. James Mitchem Erly Chldhd Ctr,Valley View CUSD 365U,Romeoville,515,342,Yes under Community Eligibility Option (CEO),false,Prekindergarten,Prekindergarten
170993000728,Drake Elem School,Chicago Public Schools Dist 299,Chicago,302,295,Yes under Community Eligibility Option (CEO),false,Prekindergarten,8th Grade
173174004935,Drauden Point Middle School,Plainfield SD 202,Plainfield,658,237,Yes under Community Eligibility Option (CEO),false,6th Grade,8th Grade
170019106416,Dream Academy,Kane ROE,Elgin,0,,No,true,7th Grade,12th Grade
171371001666,Dream Academy,SD U-46,Elgin,0,,Yes under Community Eligibility Option (CEO),true,6th Grade,12th Grade
171020001239,Drexel Elem School,Cicero SD 99,Cicero,396,282,Yes participating without using any Provision or the CEO,false,Kindergarten,6th Grade
170993000729,Drummond Elem School,Chicago Public Schools Dist 299,Chicago,339,55,Yes under Community Eligibility Option (CEO),false,Prekindergarten,8th Grade
170414000095,Dryden Elem School,Arlington Heights SD 25,Arlington Heights,521,110,Yes participating without using any Provision or the CEO,false,Kindergarten,5th Grade
171276001535,Du Quoin Elementary School,Du Quoin CUSD 300,Du Quoin,556,326,Yes under Community Eligibility Option (CEO),false,Prekindergarten,4th Grade
171276001530,Du Quoin High School,Du Quoin CUSD 300,Du Quoin,397,180,Yes under Community Eligibility Option (CEO),true,9th Grade,12th Grade
171276001531,Du Quoin Middle School,Du Quoin CUSD 300,Du Quoin,376,215,Yes under Community Eligibility Option (CEO),false,5th Grade,8th Grade
170993000731,Dubois Elem School,Chicago Public Schools Dist 299,Chicago,201,191,Yes under Community Eligibility Option (CEO),false,Prekindergarten,8th Grade
173708003818,Dubois Elem School,Springfield SD 186,Springfield,469,312,Yes under Community Eligibility Option (CEO),false,Kindergarten,5th Grade
170645000315,Dujardin Elementary School,Bloomingdale SD 13,Bloomingdale,352,,No,false,Kindergarten,5th Grade
170993000682,Dulles Elem School,Chicago Public Schools Dist 299,Chicago,651,623,Yes under Community Eligibility Option (CEO),false,Prekindergarten,8th Grade
171332004987,Dunbar Elem School,East St Louis SD 189,East Saint Louis,327,327,Yes under Community Eligibility Option (CEO),false,Kindergarten,4th Grade
170993000588,Dunbar Vocational Career Acad HS,Chicago Public Schools Dist 299,Chicago,355,344,Yes under Community Eligibility Option (CEO),true,9th Grade,12th Grade
170855000481,Dundee Highlands Elem School,CUSD 300,West Dundee,396,176,Yes participating without using any Provision or the CEO,false,Kindergarten,5th Grade
170855000480,Dundee Middle School,CUSD 300,Dundee,1144,420,Yes participating without using any Provision or the CEO,false,6th Grade,8th Grade
170855000487,Dundee-Crown High School,CUSD 300,Carpentersville,2573,1849,Yes under Community Eligibility Option (CEO),true,9th Grade,12th Grade
171270001521,Dunlap Grade School,Dunlap CUSD 323,Dunlap,253,46,Yes participating without using any Provision or the CEO,false,Kindergarten,5th Grade
171270001522,Dunlap High School,Dunlap CUSD 323,Dunlap,1420,262,Yes participating without using any Provision or the CEO,false,9th Grade,12th Grade
171270001523,Dunlap Middle School,Dunlap CUSD 323,Dunlap,541,82,Yes participating without using any Provision or the CEO,false,6th Grade,8th Grade
171270006009,Dunlap Valley Middle School,Dunlap CUSD 323,Dunlap,546,122,Yes participating without using any Provision or the CEO,false,6th Grade,8th Grade
170993000734,Dunne Technology Acad Elem Sch,Chicago Public Schools Dist 299,Chicago,206,163,Yes under Community Eligibility Option (CEO),false,Prekindergarten,8th Grade
171272001527,Dupo High School,Comm Unit School District No 196,Dupo,259,174,Yes under Community Eligibility Option (CEO),true,9th Grade,12th Grade
171272001526,Dupo Jr High School,Comm Unit School District No 196,Dupo,124,90,Yes under Community Eligibility Option (CEO),false,7th Grade,8th Grade
171281004613,Durand Elem School,Durand CUSD 322,Durand,281,134,Yes participating without using any Provision or the CEO,false,Prekindergarten,6th Grade
171281001536,Durand High School,Durand CUSD 322,Durand,170,55,Yes participating without using any Provision or the CEO,false,9th Grade,12th Grade
171281004614,Durand Jr High School,Durand CUSD 322,Durand,58,28,Yes participating without using any Provision or the CEO,false,7th Grade,8th Grade
170993005690,Durkin Park Elem School,Chicago Public Schools Dist 299,Chicago,679,544,Yes under Community Eligibility Option (CEO),false,Prekindergarten,8th Grade
170993000737,Dvorak Technology Acad Elem Sch,Chicago Public Schools Dist 299,Chicago,276,245,Yes under Community Eligibility Option (CEO),false,Prekindergarten,8th Grade
171284001537,Dwight Common School,Dwight Common SD 232,Dwight,519,236,Yes participating without using any Provision or the CEO,false,Prekindergarten,8th Grade
173285003403,Dwight D Eisenhower Elem School,Prospect Heights SD 23,Prospect Heights,326,130,Yes participating without using any Provision or the CEO,false,Prekindergarten,1st Grade
173474003637,Dwight D Eisenhower JHS,Schaumburg CCSD 54,Hoffman Estates,662,,No,false,7th Grade,8th Grade
171287001538,Dwight High School,Dwight Twp HSD 230,Dwight,211,69,Yes participating without using any Provision or the CEO,true,9th Grade,12th Grade
173174004941,Eagle Pointe Elementary School,Plainfield SD 202,Plainfield,594,179,Yes participating without using any Provision or the CEO,false,Kindergarten,5th Grade
170831004885,Eagle Ridge School,Carbon Cliff-Barstow SD 36,Silvis,238,238,Yes under Community Eligibility Option (CEO),false,Prekindergarten,8th Grade
171074006140,Eagleview Elementary School,Columbia CUSD 4,Columbia,259,42,Yes participating without using any Provision or the CEO,false,Prekindergarten,1st Grade
170993000859,Earhart Elem Opt for Knowl School,Chicago Public Schools Dist 299,Chicago,195,139,Yes under Community Eligibility Option (CEO),false,Kindergarten,8th Grade
173441003527,Earl H Hanson Elem School,Rock Island SD 41,Rock Island,201,178,Yes under Community Eligibility Option (CEO),false,Prekindergarten,6th Grade
170390004368,Earl Pritchett School,Aptakisic-Tripp CCSD 102,Buffalo Grove,430,,No,false,Kindergarten,3rd Grade
170993000738,Earle Elem School,Chicago Public Schools Dist 299,Chicago,286,281,Yes under Community Eligibility Option (CEO),false,Prekindergarten,8th Grade
171293004615,Earlville Elem School,Earlville CUSD 9,Earlville,253,114,Yes under Community Eligibility Option (CEO),false,Kindergarten,8th Grade
171293001541,Earlville Jr/Sr High School,Earlville CUSD 9,Earlville,97,37,Yes under Community Eligibility Option (CEO),true,9th Grade,12th Grade
171397002095,Early Childhood,Elmhurst SD 205,Elmhurst,271,,No,false,Prekindergarten,Prekindergarten
170360000054,Early Childhood,Alton CUSD 11,Godfrey,267,,No,false,Prekindergarten,Prekindergarten
173300005520,Early Childhood,Quincy SD 172,Quincy,434,334,Yes under Community Eligibility Option (CEO),false,Prekindergarten,Kindergarten
170576006018,Early Childhood Center,Bellwood SD 88,Bellwood,178,,No,false,Prekindergarten,Prekindergarten
173321006911,Early Childhood Center,Rantoul City SD 137,Rantoul,161,,No,false,Prekindergarten,Prekindergarten
171245001598,Early Childhood Cntr,Dolton SD 148,Dolton,196,195,Yes under Community Eligibility Option (CEO),false,Prekindergarten,Prekindergarten
174302005212,Early Childhood Education Center,Wood Dale SD 7,Wood Dale,85,,No,false,Prekindergarten,Prekindergarten
171314006784,Early Learning Center,East Maine SD 63,Des Plaines,290,,No,false,Prekindergarten,Prekindergarten
171356001650,Early Learning Center,Effingham CUSD 40,Effingham,175,70,Yes under Community Eligibility Option (CEO),false,Kindergarten,Kindergarten
173708005743,Early Learning Center,Springfield SD 186,Springfield,549,358,Yes under Community Eligibility Option (CEO),false,Prekindergarten,Prekindergarten
174125005882,Early Learning Center,Waukegan CUSD 60,Waukegan,221,,No,false,Prekindergarten,Prekindergarten
174155005865,Early Learning Center,West Chicago ESD 33,West Chicago,1,,No,false,Prekindergarten,Prekindergarten
173395004920,Early Step Pre-School,River Bend CUSD 2,Fulton,65,,No,false,Prekindergarten,Prekindergarten
171296001542,East Alton Middle School,East Alton SD 13,East Alton,193,99,Yes under Community Eligibility Option (CEO),false,6th Grade,8th Grade
171299001547,East Alton-Wood River High Sch,East Alton-Wood River CHSD 14,Wood River,539,369,Yes under Community Eligibility Option (CEO),true,9th Grade,12th Grade
170019106186,East Aurora HS Rssp,Kane ROE,Aurora,0,,No,true,6th Grade,12th Grade
170141106256,East Coloma - Nelson Elem Sch,East Coloma - Nelson CESD 20,Rock Falls,214,113,Yes participating without using any Provision or the CEO,false,Prekindergarten,8th Grade
171305001549,East Dubuque Elem School,East Dubuque USD 119,East Dubuque,359,153,Yes participating without using any Provision or the CEO,false,Prekindergarten,6th Grade
171305001550,East Dubuque High School,East Dubuque USD 119,East Dubuque,180,54,Yes participating without using any Provision or the CEO,false,9th Grade,12th Grade
171305006158,East Dubuque Jr High,East Dubuque USD 119,East Dubuque,84,36,Yes participating without using any Provision or the CEO,false,7th Grade,8th Grade
170360005842,East Elementary School,Alton CUSD 11,Alton,415,269,Yes under Community Eligibility Option (CEO),false,3rd Grade,5th Grade
174386004352,East Elementary School,Zion ESD 6,Zion,275,224,Yes under Community Eligibility Option (CEO),false,Prekindergarten,2nd Grade
170468000143,East High School,Aurora East USD 131,Aurora,4020,2557,Yes under Community Eligibility Option (CEO),true,9th Grade,12th Grade
172274002520,East Leyden High School,Leyden CHSD 212,Franklin Park,1840,993,Yes under Community Eligibility Option (CEO),false,9th Grade,12th Grade
171317006846,East Moline Early Learning Center,East Moline SD 37,East Moline,158,,No,false,Prekindergarten,Prekindergarten
171323001567,East Peoria High School,East Peoria CHSD 309,East Peoria,823,463,Yes under Community Eligibility Option (CEO),true,9th Grade,12th Grade
171326001578,East Prairie Elem School,East Prairie SD 73,Skokie,513,222,Yes participating without using any Provision or the CEO,false,Prekindergarten,8th Grade
173960003999,East Prairie Middle School,Tuscola CUSD 301,Tuscola,271,116,Yes participating without using any Provision or the CEO,false,5th Grade,8th Grade
171079001309,East Side Elementary School,Hamilton Co CUSD 10,Mc Leansboro,384,209,Yes participating without using any Provision or the CEO,false,Kindergarten,6th Grade
171827004403,East Side Intermediate School,Harrisburg CUSD 3,Harrisburg,397,265,Yes under Community Eligibility Option (CEO),false,3rd Grade,5th Grade
171332004975,East St Louis Senior High School,East St Louis SD 189,East Saint Louis,1288,1279,Yes under Community Eligibility Option (CEO),true,9th Grade,12th Grade
171332003243,East St Louis-Lincoln Middle Sch,East St Louis SD 189,East Saint Louis,359,355,Yes under Community Eligibility Option (CEO),false,5th Grade,8th Grade
173027006410,East View Academy School,CUSD 308,Oswego,0,,Yes participating without using any Provision or the CEO,true,Kindergarten,12th Grade
170000703846,Eastland Elementary School,Eastland CUSD 308,Shannon,433,205,Yes participating without using any Provision or the CEO,false,Prekindergarten,6th Grade
170000705083,Eastland Jr/Sr High School,Eastland CUSD 308,Lanark,298,122,Yes participating without using any Provision or the CEO,false,7th Grade,12th Grade
173321003440,Eastlawn Elem School,Rantoul City SD 137,Rantoul,276,246,Yes under Community Eligibility Option (CEO),false,Kindergarten,5th Grade
170855000482,Eastview Elem School,CUSD 300,Algonquin,401,207,Yes participating without using any Provision or the CEO,false,Prekindergarten,5th Grade
170828000439,Eastview Elementary School,Canton Union SD 66,Canton,288,176,Yes under Community Eligibility Option (CEO),false,Prekindergarten,4th Grade
171371001441,Eastview Middle School,SD U-46,Bartlett,757,216,Yes under Community Eligibility Option (CEO),false,7th Grade,8th Grade
171296001543,Eastwood Elem School,East Alton SD 13,East Alton,393,161,Yes under Community Eligibility Option (CEO),false,Kindergarten,5th Grade
170993000739,Eberhart Elem School,Chicago Public Schools Dist 299,Chicago,1011,953,Yes under Community Eligibility Option (CEO),false,Prekindergarten,8th Grade
170993000741,Ebinger Elem School,Chicago Public Schools Dist 299,Chicago,693,102,Yes under Community Eligibility Option (CEO),false,Kindergarten,8th Grade
174221004233,Edgar a Poe Elem School,Wheeling CCSD 21,Arlington Heights,317,160,Yes under Community Eligibility Option (CEO),false,Prekindergarten,5th Grade
170993000743,Edgebrook Elem School,Chicago Public Schools Dist 299,Chicago,554,84,Yes under Community Eligibility Option (CEO),false,Prekindergarten,8th Grade
172529002754,Edgebrook Elem School,McHenry CCSD 15,Mchenry,494,227,Yes participating without using any Provision or the CEO,false,Prekindergarten,3rd Grade
171704002010,Edgewood Elem School,Woodridge SD 68,Woodridge,361,188,Yes participating without using any Provision or the CEO,false,Prekindergarten,6th Grade
170011902186,Edgewood Middle School,North Shore SD 112,Highland Park,663,,No,false,6th Grade,8th Grade
171341004622,Edinburg Elem School,Edinburg CUSD 4,Edinburg,76,48,Yes under Community Eligibility Option (CEO),false,Prekindergarten,4th Grade
171341001632,Edinburg High School,Edinburg CUSD 4,Edinburg,74,39,Yes under Community Eligibility Option (CEO),false,9th Grade,12th Grade
171341004623,Edinburg Jr High School,Edinburg CUSD 4,Edinburg,62,34,Yes under Community Eligibility Option (CEO),false,5th Grade,8th Grade
170993004944,Edison Elem Regional Gifted Cntr,Chicago Public Schools Dist 299,Chicago,265,23,Yes under Community Eligibility Option (CEO),false,Kindergarten,8th Grade
171179001385,Edison Elem School,Danville CCSD 118,Danville,233,207,Yes under Community Eligibility Option (CEO),false,Prekindergarten,4th Grade
171397001745,Edison Elem School,Elmhurst SD 205,Elmhurst,318,10,Yes participating without using any Provision or the CEO,false,Kindergarten,5th Grade
172385002595,Edison Elem School,Lyons SD 103,Stickney,282,209,Yes under Community Eligibility Option (CEO),false,Prekindergarten,5th Grade
172392002605,Edison Elementary School,Macomb CUSD 185,Macomb,397,254,Yes under Community Eligibility Option (CEO),false,3rd Grade,5th Grade
173441003538,Edison Jr High School,Rock Island SD 41,Rock Island,398,308,Yes under Community Eligibility Option (CEO),false,7th Grade,8th Grade
173108003233,Edison Junior High School,Pekin PSD 108,Pekin,271,139,Yes under Community Eligibility Option (CEO),false,7th Grade,8th Grade
170942000549,Edison Middle School,Champaign CUSD 4,Champaign,647,323,Yes under Community Eligibility Option (CEO),false,6th Grade,8th Grade
174218004209,Edison Middle School,CUSD 200,Wheaton,635,134,Yes participating without using any Provision or the CEO,false,6th Grade,8th Grade
170993005985,Edison Park Elem School,Chicago Public Schools Dist 299,Chicago,411,54,Yes under Community Eligibility Option (CEO),false,Kindergarten,8th Grade
172076002357,Edison Primary School,Kankakee SD 111,Kankakee,192,178,Yes under Community Eligibility Option (CEO),false,Kindergarten,3rd Grade
174125004124,Edith M Smith Middle School,Waukegan CUSD 60,Waukegan,493,356,Yes under Community Eligibility Option (CEO),false,6th Grade,8th Grade
172058002327,Edna Keith Elem School,Joliet PSD 86,Joliet,402,382,Yes under Community Eligibility Option (CEO),false,Kindergarten,5th Grade
170468005473,Edna Rollins Elem School,Aurora East USD 131,Aurora,508,353,Yes under Community Eligibility Option (CEO),false,Prekindergarten,5th Grade
173681003786,Edward J Tobin Elem School,Burbank SD 111,Burbank,346,220,Yes under Community Eligibility Option (CEO),false,Kindergarten,5th Grade
171350001636,Edwards County High School,Edwards County CUSD 1,Albion,223,92,Yes participating without using any Provision or the CEO,false,9th Grade,12th Grade
170993000744,Edwards Elem School,Chicago Public Schools Dist 299,Chicago,1209,920,Yes under Community Eligibility Option (CEO),false,Prekindergarten,8th Grade
171353001639,Edwardsville High School,Edwardsville CUSD 7,Edwardsville,2342,446,Yes participating without using any Provision or the CEO,false,9th Grade,12th Grade
173708005593,Edwin a Lee Elementary School,Springfield SD 186,Springfield,204,179,Yes under Community Eligibility Option (CEO),true,Kindergarten,12th Grade
171356001648,Effingham High School,Effingham CUSD 40,Effingham,712,260,Yes under Community Eligibility Option (CEO),false,9th Grade,12th Grade
171356000654,Effingham Junior High School,Effingham CUSD 40,Effingham,458,200,Yes under Community Eligibility Option (CEO),true,6th Grade,8th Grade
171356006830,Effingham Unit 40 Preschool,Effingham CUSD 40,Effingham,121,,No,false,Prekindergarten,Prekindergarten
171359001656,Egyptian Elem School,Egyptian CUSD 5,Tamms,151,150,Yes under Community Eligibility Option (CEO),false,Prekindergarten,5th Grade
171359001655,Egyptian Jr High School,Egyptian CUSD 5,Tamms,69,69,Yes under Community Eligibility Option (CEO),false,6th Grade,8th Grade
171359001657,Egyptian Sr High School,Egyptian CUSD 5,Tamms,84,83,Yes under Community Eligibility Option (CEO),true,9th Grade,12th Grade
172058002328,Eisenhower Academy,Joliet PSD 86,Joliet,209,209,Yes under Community Eligibility Option (CEO),false,1st Grade,5th Grade
172028002282,Eisenhower Elem School,Jacksonville SD 117,Jacksonville,349,177,Yes participating without using any Provision or the CEO,false,Kindergarten,5th Grade
171185001405,Eisenhower High School,Decatur SD 61,Decatur,909,697,Yes under Community Eligibility Option (CEO),true,9th Grade,12th Grade
172145002411,Eisenhower Jr High School,Darien SD 61,Darien,407,161,Yes participating without using any Provision or the CEO,false,6th Grade,8th Grade
173451004426,Eisenhower Middle School,Rockford SD 205,Rockford,963,571,Yes under Community Eligibility Option (CEO),false,6th Grade,8th Grade
173675003781,Eisenhower School,South Holland SD 151,South Holland,274,273,Yes under Community Eligibility Option (CEO),false,2nd Grade,3rd Grade
170032605634,El Paso-Gridley High School,El Paso-Gridley CUSD 11,El Paso,364,121,Yes participating without using any Provision or the CEO,true,9th Grade,12th Grade
171254001506,El Sierra Elem School,Downers Grove GSD 58,Downers Grove,300,,No,false,Prekindergarten,6th Grade
170999001229,Elden D Finley Jr High School,Chicago Ridge SD 127-5,Chicago Ridge,405,263,Yes under Community Eligibility Option (CEO),false,6th Grade,8th Grade
171366001661,Eldorado Elem School,Eldorado CUSD 4,Eldorado,550,332,Yes under Community Eligibility Option (CEO),false,Prekindergarten,5th Grade
171366001662,Eldorado High School,Eldorado CUSD 4,Eldorado,309,195,Yes under Community Eligibility Option (CEO),true,9th Grade,12th Grade
171366001663,Eldorado Middle School,Eldorado CUSD 4,Eldorado,246,168,Yes under Community Eligibility Option (CEO),false,6th Grade,8th Grade
171371001674,Elgin High School,SD U-46,Elgin,2576,1626,Yes under Community Eligibility Option (CEO),true,9th Grade,12th Grade
170143506608,Elgin Math and Science Acad Chtr,Elgin Math and Science Acad Chtr,Elgin,499,232,Yes participating without using any Provision or the CEO,false,Kindergarten,8th Grade
173474004427,Elizabeth Blackwell Elem School,Schaumburg CCSD 54,Schaumburg,451,,No,false,Kindergarten,6th Grade
173174006026,Elizabeth Eichelberger Elem Sch,Plainfield SD 202,Plainfield,548,172,Yes participating without using any Provision or the CEO,false,Kindergarten,5th Grade
173708000989,Elizabeth Graham Elem School,Springfield SD 186,Springfield,241,180,Yes under Community Eligibility Option (CEO),false,Kindergarten,5th Grade
170897000522,Elizabeth Ide Elem School,Center Cass SD 66,Darien,410,64,Yes participating without using any Provision or the CEO,false,Prekindergarten,2nd Grade
171038000711,Elizabeth Meyer School,Skokie SD 73-5,Skokie,204,53,Yes participating without using any Provision or the CEO,false,Prekindergarten,Kindergarten
170804000416,Elizabeth Morris Elem School,Cahokia CUSD 187,Cahokia,246,219,Yes under Community Eligibility Option (CEO),false,Kindergarten,3rd Grade
170417000111,Elk Grove High School,Township HSD 214,Elk Grove Village,1906,,No,true,9th Grade,12th Grade
170993000748,Ellington Elem School,Chicago Public Schools Dist 299,Chicago,510,485,Yes under Community Eligibility Option (CEO),false,Prekindergarten,8th Grade
171422001764,Ellis Elem School,Harmony Emge SD 175,Belleville,382,261,Yes under Community Eligibility Option (CEO),false,Prekindergarten,3rd Grade
173451003563,Ellis Elementary School,Rockford SD 205,Rockford,457,424,Yes under Community Eligibility Option (CEO),false,Kindergarten,5th Grade
171371001673,Ellis Middle School,SD U-46,Elgin,496,359,Yes under Community Eligibility Option (CEO),false,7th Grade,8th Grade
172771002930,Ellsworth Elem School,Naperville CUSD 203,Naperville,227,43,Yes participating without using any Provision or the CEO,false,Kindergarten,5th Grade
171929002214,Elm Elem School,Hinsdale CCSD 181,Burr Ridge,287,,No,false,Kindergarten,5th Grade
171410005506,Elm Middle School,Elmwood Park CUSD 401,Elmwood Park,615,388,Yes participating without using any Provision or the CEO,false,6th Grade,8th Grade
172022002274,Elmer H Franzen Intermediate Sch,Itasca SD 10,Itasca,322,,No,false,3rd Grade,5th Grade
171405001756,Elmwood Elem School,Elmwood CUSD 322,Elmwood,314,82,Yes participating without using any Provision or the CEO,false,Prekindergarten,6th Grade
171410001760,Elmwood Elem School,Elmwood Park CUSD 401,Elmwood Park,567,328,Yes participating without using any Provision or the CEO,false,Kindergarten,5th Grade
172771002931,Elmwood Elem School,Naperville CUSD 203,Naperville,726,99,Yes participating without using any Provision or the CEO,false,Kindergarten,5th Grade
174386004353,Elmwood Elem School,Zion ESD 6,Zion,336,294,Yes under Community Eligibility Option (CEO),false,3rd Grade,5th Grade
171405001758,Elmwood High School,Elmwood CUSD 322,Elmwood,208,58,Yes participating without using any Provision or the CEO,false,9th Grade,12th Grade
171405001757,Elmwood Junior High School,Elmwood CUSD 322,Elmwood,100,24,Yes participating without using any Provision or the CEO,false,7th Grade,8th Grade
171410001761,Elmwood Park High School,Elmwood Park CUSD 401,Elmwood Park,1015,603,Yes participating without using any Provision or the CEO,true,9th Grade,12th Grade
171047004387,Elsie C Johnson Elem Sch,CCSD 93,Hanover Park,253,145,Yes participating without using any Provision or the CEO,false,Kindergarten,5th Grade
171386001732,Elverado High School,Elverado CUSD 196,Elkville,102,65,Yes under Community Eligibility Option (CEO),true,9th Grade,12th Grade
171386001734,Elverado Intermediate School,Elverado CUSD 196,Vergennes,75,50,Yes under Community Eligibility Option (CEO),false,3rd Grade,5th Grade
171386001733,Elverado Junior High School,Elverado CUSD 196,Vergennes,69,47,Yes under Community Eligibility Option (CEO),false,6th Grade,8th Grade
171386001731,Elverado Primary School,Elverado CUSD 196,Elkville,102,78,Yes under Community Eligibility Option (CEO),false,Prekindergarten,2nd Grade
171416001763,Elwood C C School,Elwood CCSD 203,Elwood,331,99,Yes participating without using any Provision or the CEO,false,Prekindergarten,8th Grade
171839002121,Emden Elementary School,Hartsburg Emden CUSD 21,Emden,90,36,Yes participating without using any Provision or the CEO,false,Kindergarten,5th Grade
170609000289,Emerson Elem School,Berwyn South SD 100,Berwyn,260,170,Yes under Community Eligibility Option (CEO),false,Kindergarten,5th Grade
171397001746,Emerson Elem School,Elmhurst SD 205,Elmhurst,429,42,Yes participating without using any Provision or the CEO,false,Kindergarten,5th Grade
172511002737,Emerson Elem School,Maywood-Melrose Park-Broadview 89,Maywood,364,209,Yes under Community Eligibility Option (CEO),false,Prekindergarten,5th Grade
174218004210,Emerson Elem School,CUSD 200,Wheaton,263,80,Yes participating without using any Provision or the CEO,false,Kindergarten,5th Grade
173084002472,Emerson Middle School,Park Ridge CCSD 64,Niles,890,,No,false,6th Grade,8th Grade
171422001765,Emge Junior High School,Harmony Emge SD 175,Belleville,146,83,Yes under Community Eligibility Option (CEO),false,7th Grade,8th Grade
173177005936,Emily G Johns School,Plano CUSD 88,Plano,494,282,Yes under Community Eligibility Option (CEO),false,4th Grade,6th Grade
171425001767,Emmons Grade School,Emmons SD 33,Antioch,288,67,Yes participating without using any Provision or the CEO,false,Kindergarten,8th Grade
171590001900,Empire Elem School,Freeport SD 145,Freeport,295,196,Yes under Community Eligibility Option (CEO),false,Prekindergarten,4th Grade
173474003638,Enders-Salk Elem School,Schaumburg CCSD 54,Schaumburg,469,,No,false,Kindergarten,6th Grade
172433002641,Enger School,Mannheim SD 83,Franklin Park,0,,Yes under Community Eligibility Option (CEO),true,Prekindergarten,8th Grade
170993006725,Englewood STEM High School,Chicago Public Schools Dist 299,Chicago,778,655,Yes under Community Eligibility Option (CEO),true,9th Grade,12th Grade
173708003819,Enos Elem School,Springfield SD 186,Springfield,245,191,Yes under Community Eligibility Option (CEO),false,Kindergarten,5th Grade
170032605635,Epg Middle School,El Paso-Gridley CUSD 11,Gridley,345,120,Yes participating without using any Provision or the CEO,false,5th Grade,8th Grade
170993006088,Epic Academy High School,Chicago Public Schools Dist 299,Chicago,255,240,Yes under Community Eligibility Option (CEO),true,9th Grade,12th Grade
170645000488,Erickson Elementary School,Bloomingdale SD 13,Bloomingdale,445,,No,false,Prekindergarten,5th Grade
170993000752,Ericson Elem Scholastic Academy,Chicago Public Schools Dist 299,Chicago,318,275,Yes under Community Eligibility Option (CEO),false,Prekindergarten,8th Grade
170993005797,Erie Elem Charter School,Chicago Public Schools Dist 299,Chicago,405,296,Yes under Community Eligibility Option (CEO),false,Kindergarten,8th Grade
171435001772,Erie Elem School,Erie CUSD 1,Erie,242,70,Yes participating without using any Provision or the CEO,false,Prekindergarten,4th Grade
171435001773,Erie High School,Erie CUSD 1,Erie,190,53,Yes participating without using any Provision or the CEO,false,9th Grade,12th Grade
171435001774,Erie Middle School,Erie CUSD 1,Erie,171,58,Yes participating without using any Provision or the CEO,false,5th Grade,8th Grade
173369003465,Ernest F Kolb Elem School,Ridgeland SD 122,Oak Lawn,399,287,Yes under Community Eligibility Option (CEO),false,Prekindergarten,5th Grade
170993000753,Esmond Elem School,Chicago Public Schools Dist 299,Chicago,221,205,Yes under Community Eligibility Option (CEO),false,Prekindergarten,8th Grade
172976003086,Estelle Kampmeyer Elem School,O Fallon CCSD 90,O Fallon,465,120,Yes participating without using any Provision or the CEO,false,Prekindergarten,5th Grade
170804006001,Estelle Sauget School of Choice,Cahokia CUSD 187,Cahokia,240,186,Yes under Community Eligibility Option (CEO),false,Prekindergarten,8th Grade
171441001778,Eswood C C Grade School,Eswood CCSD 269,Lindenwood,82,36,Yes participating without using any Provision or the CEO,false,Kindergarten,8th Grade
173387003477,Euclid Elem School,River Trails SD 26,Mount Prospect,344,149,Yes participating without using any Provision or the CEO,false,1st Grade,5th Grade
173084003212,Eugene Field Elem School,Park Ridge CCSD 64,Park Ridge,626,,No,false,Kindergarten,5th Grade
173441003528,Eugene Field Elem School,Rock Island SD 41,Rock Island,496,267,Yes under Community Eligibility Option (CEO),false,Kindergarten,6th Grade
174221004237,Eugene Field Elem School,Wheeling CCSD 21,Wheeling,613,460,Yes under Community Eligibility Option (CEO),false,Prekindergarten,5th Grade
172862006428,Eugene Field School,McLean County USD 5,Normal,0,,No,true,12th Grade,12th Grade
170360000056,Eunice Smith Elem School,Alton CUSD 11,Alton,188,120,Yes under Community Eligibility Option (CEO),false,Kindergarten,2nd Grade
171443001781,Eureka High School,Eureka CUD 140,Eureka,513,119,Yes participating without using any Provision or the CEO,false,9th Grade,12th Grade
171443001782,Eureka Middle School,Eureka CUD 140,Eureka,436,111,Yes participating without using any Provision or the CEO,false,5th Grade,8th Grade
172862006180,Evans Junior High School,McLean County USD 5,Bloomington,778,236,Yes participating without using any Provision or the CEO,false,6th Grade,8th Grade
171449001804,Evanston Twp High School,Evanston Twp HSD 202,Evanston,3560,1262,Yes participating without using any Provision or the CEO,false,9th Grade,12th Grade
173690004459,Evansville Attendance Center,Sparta CUSD 140,Evansville,109,23,Yes under Community Eligibility Option (CEO),false,Kindergarten,8th Grade
170011004815,Evelyn Alexander School,North Chicago SD 187,North Chicago,354,348,Yes under Community Eligibility Option (CEO),false,Kindergarten,3rd Grade
173474005450,Everett Dirksen Elementary Sch,Schaumburg CCSD 54,Schaumburg,527,,No,false,Kindergarten,6th Grade
170993000755,Everett Elem School,Chicago Public Schools Dist 299,Chicago,89,68,Yes under Community Eligibility Option (CEO),false,Prekindergarten,5th Grade
172175002450,Everett Elem School,Lake Forest SD 67,Lake Forest,308,,No,false,Kindergarten,4th Grade
170651000328,Everett F Kerr Middle School,Cook County SD 130,Blue Island,304,249,Yes under Community Eligibility Option (CEO),false,6th Grade,8th Grade
170993005489,Evergreen Academy Elem School,Chicago Public Schools Dist 299,Chicago,191,170,Yes under Community Eligibility Option (CEO),false,6th Grade,8th Grade
170588000265,Evergreen Elementary School,Benjamin SD 25,Carol Stream,387,,No,false,Prekindergarten,4th Grade
171458001810,Evergreen Park High School,Evergreen Park CHSD 231,Evergreen Park,941,,No,false,9th Grade,12th Grade
170993000757,Evers Elem School,Chicago Public Schools Dist 299,Chicago,233,203,Yes under Community Eligibility Option (CEO),false,Prekindergarten,8th Grade
171464001811,Ewing-Northern Elem School,Ewing Northern CCSD 115,Ewing,231,120,Yes participating without using any Provision or the CEO,false,Prekindergarten,8th Grade
170993006249,Excel Academy - Englewood HS,Chicago Public Schools Dist 299,Chicago,0,,Yes under Community Eligibility Option (CEO),true,9th Grade,12th Grade
170993006341,Excel Academy - Southwest HS,Chicago Public Schools Dist 299,Chicago,0,,Yes under Community Eligibility Option (CEO),true,9th Grade,12th Grade
173681003791,F B McCord Elem School,Burbank SD 111,Burbank,186,65,Yes under Community Eligibility Option (CEO),false,Prekindergarten,Prekindergarten
172022002275,F E Peacock Middle School,Itasca SD 10,Itasca,305,,No,false,6th Grade,8th Grade
171638006050,Fabyan Elementary School,Geneva CUSD 304,Geneva,217,,No,false,Kindergarten,5th Grade
172618001816,Fairfield Comm High School,Fairfield Comm H S Dist 225,Fairfield,444,170,Yes under Community Eligibility Option (CEO),false,9th Grade,12th Grade
170993002631,Fairfield Elem Academy,Chicago Public Schools Dist 299,Chicago,492,483,Yes under Community Eligibility Option (CEO),false,Prekindergarten,8th Grade
171476004930,Fairmont School,Fairmont SD 89,Lockport,300,297,Yes under Community Eligibility Option (CEO),false,Prekindergarten,8th Grade
171254001507,Fairmount Elem School,Downers Grove GSD 58,Downers Grove,342,,No,false,Prekindergarten,6th Grade
173451005200,Fairview Early Childhood Center,Rockford SD 205,Rockford,538,388,Yes under Community Eligibility Option (CEO),false,Prekindergarten,Prekindergarten
173474003640,Fairview Elem School,Schaumburg CCSD 54,Hoffman Estates,469,,No,false,Kindergarten,6th Grade
172721002888,Fairview Elem School,Mount Prospect SD 57,Mt Prospect,463,,No,false,2nd Grade,5th Grade
172862002999,Fairview Elem School,McLean County USD 5,Normal,280,153,Yes participating without using any Provision or the CEO,false,Kindergarten,5th Grade
173708003820,Fairview Elem School,Springfield SD 186,Springfield,302,240,Yes under Community Eligibility Option (CEO),false,Kindergarten,5th Grade
171482001820,Fairview South Elementary School,Fairview SD 72,Skokie,718,246,Yes participating without using any Provision or the CEO,false,Prekindergarten,8th Grade
170993000759,Falconer Elem School,Chicago Public Schools Dist 299,Chicago,846,765,Yes under Community Eligibility Option (CEO),false,Prekindergarten,6th Grade
170993000762,Faraday Elem School,Chicago Public Schools Dist 299,Chicago,178,175,Yes under Community Eligibility Option (CEO),false,Prekindergarten,8th Grade
173066003188,Farmersville Elem School,Panhandle CUSD 2,Farmersville,95,34,Yes under Community Eligibility Option (CEO),false,Prekindergarten,1st Grade
173192004799,Farmingdale Elem School,Pleasant Plains CUSD 8,Pleasant Plains,485,19,Yes participating without using any Provision or the CEO,false,Prekindergarten,4th Grade
170004405738,Farmington Central Elem Sch,Farmington Central CUSD 265,Farmington,633,297,Yes participating without using any Provision or the CEO,false,Prekindergarten,5th Grade
170004405230,Farmington Central High Sch,Farmington Central CUSD 265,Farmington,383,146,Yes participating without using any Provision or the CEO,true,9th Grade,12th Grade
170004405737,Farmington Central Jr High Sch,Farmington Central CUSD 265,Farmington,253,107,Yes participating without using any Provision or the CEO,false,6th Grade,8th Grade
170993000764,Farnsworth Elem School,Chicago Public Schools Dist 299,Chicago,502,191,Yes under Community Eligibility Option (CEO),false,Prekindergarten,8th Grade
170993000788,Farragut Career Academy HS,Chicago Public Schools Dist 299,Chicago,490,459,Yes under Community Eligibility Option (CEO),true,9th Grade,12th Grade
172058002331,Farragut Elem School,Joliet PSD 86,Joliet,568,535,Yes under Community Eligibility Option (CEO),false,Kindergarten,5th Grade
171494001831,Farrington Elem School,Farrington CCSD 99,Bluford,46,20,Yes under Community Eligibility Option (CEO),false,Kindergarten,8th Grade
170471004402,Fearn Elementary School,Aurora West USD 129,North Aurora,492,158,Yes under Community Eligibility Option (CEO),false,Kindergarten,5th Grade
173708003843,Feitshans Elem Sch,Springfield SD 186,Springfield,288,242,Yes under Community Eligibility Option (CEO),false,Kindergarten,5th Grade
170993000792,Fenger Academy High School,Chicago Public Schools Dist 299,Chicago,312,276,Yes under Community Eligibility Option (CEO),true,9th Grade,12th Grade
171503001832,Fenton High School,Fenton CHSD 100,Bensenville,1396,596,Yes under Community Eligibility Option (CEO),true,9th Grade,12th Grade
172127002398,Fernway Park Elem School,Kirby SD 140,Orland Park,461,,No,false,Prekindergarten,5th Grade
170993000770,Fernwood Elem School,Chicago Public Schools Dist 299,Chicago,259,227,Yes under Community Eligibility Option (CEO),false,Prekindergarten,8th Grade
173717005452,Ferson Creek School,St Charles CUSD 303,Saint Charles,533,45,Yes participating without using any Provision or the CEO,false,Prekindergarten,5th Grade
170993000771,Field Elem School,Chicago Public Schools Dist 299,Chicago,151,138,Yes under Community Eligibility Option (CEO),false,5th Grade,8th Grade
171397001747,Field Elem School,Elmhurst SD 205,Elmhurst,433,54,Yes participating without using any Provision or the CEO,false,Kindergarten,5th Grade
171509001833,Field Elementary School,Field CCSD 3,Texico,233,85,Yes participating without using any Provision or the CEO,false,Prekindergarten,8th Grade
174182004187,Field Park Elem School,Western Springs SD 101,Western Springs,278,,No,false,Kindergarten,5th Grade
174170004176,Field School,West Northfield SD 31,Northbrook,333,,No,false,6th Grade,8th Grade
171545001860,Field Stevenson Elem School,Forest Park SD 91,Forest Park,214,106,Yes under Community Eligibility Option (CEO),false,3rd Grade,5th Grade
172472002676,Fieldcrest Elem School,Prairie-Hills ESD 144,Oak Forest,217,206,Yes under Community Eligibility Option (CEO),false,Prekindergarten,5th Grade
171510000013,Fieldcrest High School,Fieldcrest CUSD 6,Minonk,254,138,Yes under Community Eligibility Option (CEO),false,9th Grade,12th Grade
171510004856,Fieldcrest Intermediate School,Fieldcrest CUSD 6,Toluca,189,107,Yes under Community Eligibility Option (CEO),false,3rd Grade,5th Grade
171510006543,Fieldcrest Middle School,Fieldcrest CUSD 6,Wenona,196,115,Yes under Community Eligibility Option (CEO),false,6th Grade,8th Grade
171510004740,Fieldcrest Primary School,Fieldcrest CUSD 6,Minonk,223,124,Yes under Community Eligibility Option (CEO),false,Prekindergarten,2nd Grade
170993001351,Finkl Elem School,Chicago Public Schools Dist 299,Chicago,240,211,Yes under Community Eligibility Option (CEO),false,Prekindergarten,8th Grade
174169006041,Fischer Middle School,Indian Prairie CUSD 204,Aurora,861,297,Yes participating without using any Provision or the CEO,false,6th Grade,8th Grade
171518001836,Fisher Grade School,Fisher CUSD 1,Fisher,326,127,Yes participating without using any Provision or the CEO,false,Kindergarten,6th Grade
171518001837,Fisher Jr/Sr High School,Fisher CUSD 1,Fisher,284,81,Yes participating without using any Provision or the CEO,false,7th Grade,12th Grade
170993000773,Fiske Elem School,Chicago Public Schools Dist 299,Chicago,373,280,Yes under Community Eligibility Option (CEO),false,Prekindergarten,8th Grade
170019002265,Five County Regional Alternative,Alxndr/Jcksn/Pulsk/Prry/Union ROE,Murphysboro,0,,No,true,6th Grade,12th Grade
170139001838,Flanagan Elem School,Flanagan-Cornell Dist 74,Flanagan,197,76,Yes under Community Eligibility Option (CEO),false,Prekindergarten,8th Grade
170139005987,Flanagan-Cornell High School,Flanagan-Cornell Dist 74,Flanagan,106,44,Yes under Community Eligibility Option (CEO),false,9th Grade,12th Grade
171540006376,Flora Elementary School,Flora CUSD 35,Flora,672,411,Yes under Community Eligibility Option (CEO),false,Prekindergarten,5th Grade
171540001841,Flora High School,Flora CUSD 35,Flora,353,155,Yes under Community Eligibility Option (CEO),true,9th Grade,12th Grade
171542001848,Flossmoor Hills Elem School,Flossmoor SD 161,Flossmoor,357,217,Yes participating without using any Provision or the CEO,false,Prekindergarten,5th Grade
171540001846,Floyd Henson Jr High Sch,Flora CUSD 35,Flora,295,168,Yes under Community Eligibility Option (CEO),false,6th Grade,8th Grade
170016502287,Focus Safe Sch Program,Bnd/Chrstn/Effngh/Fytt/Mntgmr ROE,Vandalia,0,,Yes under Community Eligibility Option (CEO),true,6th Grade,9th Grade
170993000799,Foreman High School,Chicago Public Schools Dist 299,Chicago,650,576,Yes under Community Eligibility Option (CEO),true,9th Grade,12th Grade
171212001464,Forest Elem School,CCSD 62,Des Plaines,658,331,Yes participating without using any Provision or the CEO,false,Prekindergarten,5th Grade
171680001984,Forest Glen Elem School,Glen Ellyn SD 41,Glen Ellyn,581,,No,false,Prekindergarten,5th Grade
174182004188,Forest Hills Elem School,Western Springs SD 101,Western Springs,289,,No,false,Prekindergarten,5th Grade
172058002332,Forest Park Individual Ed School,Joliet PSD 86,Joliet,263,263,Yes under Community Eligibility Option (CEO),false,Kindergarten,5th Grade
171545001858,Forest Park Middle School,Forest Park SD 91,Forest Park,186,100,Yes under Community Eligibility Option (CEO),false,6th Grade,8th Grade
172160002422,Forest Road Elem School,La Grange SD 102,La Grange Park,452,126,Yes participating without using any Provision or the CEO,false,1st Grade,6th Grade
171377001716,Forest View Elem School,Comm Cons SD 59,Mount Prospect,339,164,Yes participating without using any Provision or the CEO,false,Kindergarten,5th Grade
170011005372,Forrestal Elem School,North Chicago SD 187,Great Lakes,386,383,Yes under Community Eligibility Option (CEO),false,Kindergarten,3rd Grade
171549001869,Forreston Grade School,Forrestville Valley CUSD 221,Forreston,238,94,Yes participating without using any Provision or the CEO,false,1st Grade,5th Grade
171549001868,Forreston Jr/Sr High Sch,Forrestville Valley CUSD 221,Forreston,406,166,Yes participating without using any Provision or the CEO,false,6th Grade,12th Grade
170993000774,Fort Dearborn Elem School,Chicago Public Schools Dist 299,Chicago,298,225,Yes under Community Eligibility Option (CEO),false,Prekindergarten,8th Grade
170993001186,Foster Park Elem School,Chicago Public Schools Dist 299,Chicago,345,322,Yes under Community Eligibility Option (CEO),false,Prekindergarten,8th Grade
171200006172,Founders Elementary School,DeKalb CUSD 428,Dekalb,565,441,Yes under Community Eligibility Option (CEO),false,Kindergarten,5th Grade
173027004390,Fox Chase Elementary School,CUSD 308,Oswego,661,249,Yes participating without using any Provision or the CEO,false,Kindergarten,5th Grade
172862004341,Fox Creek Elementary School,McLean County USD 5,Bloomington,292,210,Yes participating without using any Provision or the CEO,false,Kindergarten,5th Grade
171371001724,Fox Meadow Elementary School,SD U-46,South Elgin,577,214,Yes under Community Eligibility Option (CEO),false,Prekindergarten,6th Grade
173717006997,Fox Ridge Elementary School,St Charles CUSD 303,Saint Charles,424,73,Yes participating without using any Provision or the CEO,false,Kindergarten,5th Grade
171566005508,Fox River Grove Middle School,Fox River Grove Cons SD 3,Fox River Grove,174,36,Yes participating without using any Provision or the CEO,false,5th Grade,8th Grade
173441003530,Frances Willard Elem School,Rock Island SD 41,Rock Island,312,278,Yes under Community Eligibility Option (CEO),false,Prekindergarten,6th Grade
174169000491,Francis Granger Middle School,Indian Prairie CUSD 204,Aurora,1011,204,Yes participating without using any Provision or the CEO,false,6th Grade,8th Grade
170717000369,Frank a Brodnicki Elem School,Indian Springs SD 109,Justice,618,381,Yes under Community Eligibility Option (CEO),false,Kindergarten,6th Grade
173042005441,Frank C Whiteley Elem School,Palatine CCSD 15,Hoffman Estates,663,87,Yes participating without using any Provision or the CEO,false,Kindergarten,5th Grade
174158004168,Frankfort Comm High School,Frankfort CUSD 168,West Frankfort,416,197,Yes under Community Eligibility Option (CEO),true,9th Grade,12th Grade
174158004167,Frankfort Intermediate School,Frankfort CUSD 168,West Frankfort,447,270,Yes under Community Eligibility Option (CEO),false,3rd Grade,6th Grade
171575005160,Franklin East Grade School,Franklin CUSD 1,Franklin,80,34,Yes participating without using any Provision or the CEO,false,Prekindergarten,2nd Grade
170993000777,Franklin Elem Fine Arts Center,Chicago Public Schools Dist 299,Chicago,348,173,Yes under Community Eligibility Option (CEO),false,Kindergarten,8th Grade
170561000234,Franklin Elem School,Belleville SD 118,Belleville,172,141,Yes under Community Eligibility Option (CEO),false,Kindergarten,6th Grade
172500002712,Franklin Elem School,Massac UD 1,Metropolis,155,74,Yes under Community Eligibility Option (CEO),false,Prekindergarten,6th Grade
174231004252,Franklin Elem School,Sterling CUSD 5,Sterling,407,225,Yes under Community Eligibility Option (CEO),false,Prekindergarten,2nd Grade
171245001495,Franklin Elementary School,Dolton SD 148,Dolton,259,248,Yes under Community Eligibility Option (CEO),false,Kindergarten,6th Grade
171575006714,Franklin Elementary School,Franklin CUSD 1,Franklin,47,,No,false,3rd Grade,5th Grade
172505006573,Franklin Elementary School,Mattoon CUSD 2,Mattoon,243,,No,false,Prekindergarten,Prekindergarten
173084003210,Franklin Elementary School,Park Ridge CCSD 64,Park Ridge,535,,No,false,Kindergarten,5th Grade
171185001404,Franklin Grove Elem School,Decatur SD 61,Decatur,461,414,Yes under Community Eligibility Option (CEO),false,Kindergarten,6th Grade
171575001885,Franklin Jr/Sr High School,Franklin CUSD 1,Franklin,157,41,Yes participating without using any Provision or the CEO,false,6th Grade,12th Grade
170942005407,Franklin Middle School,Champaign CUSD 4,Champaign,665,381,Yes under Community Eligibility Option (CEO),false,6th Grade,8th Grade
174218004211,Franklin Middle School,CUSD 200,Wheaton,525,135,Yes participating without using any Provision or the CEO,false,6th Grade,8th Grade
173516003680,Franklin Park Middle School,Salem SD 111,Salem,528,291,Yes under Community Eligibility Option (CEO),false,4th Grade,8th Grade
173123003259,Franklin Primary School,Peoria SD 150,Peoria,332,309,Yes under Community Eligibility Option (CEO),false,Kindergarten,4th Grade
170993005930,Frazier Perspectives Magnet ES,Chicago Public Schools Dist 299,Chicago,129,114,Yes under Community Eligibility Option (CEO),false,Kindergarten,8th Grade
170468006248,Fred Rodgers Magnet Acad,Aurora East USD 131,Aurora,284,155,Yes under Community Eligibility Option (CEO),false,6th Grade,8th Grade
173474003641,Frederick Nerge Elem School,Schaumburg CCSD 54,Roselle,607,,No,false,Kindergarten,6th Grade
171752004091,Frederick School,Grayslake CCSD 46,Grayslake,667,232,Yes participating without using any Provision or the CEO,false,5th Grade,6th Grade
171584001892,Freeburg Community High Sch,Freeburg CHSD 77,Freeburg,689,125,Yes participating without using any Provision or the CEO,false,9th Grade,12th Grade
171582005721,Freeburg Elem School,Freeburg CCSD 70,Freeburg,508,144,Yes participating without using any Provision or the CEO,false,3rd Grade,8th Grade
171582001891,Freeburg Primary Center,Freeburg CCSD 70,Freeburg,244,74,Yes participating without using any Provision or the CEO,false,Prekindergarten,2nd Grade
173174005969,Freedom Elem School,Plainfield SD 202,Plainfield,526,141,Yes participating without using any Provision or the CEO,false,Kindergarten,5th Grade
170609005026,Freedom Middle School,Berwyn South SD 100,Berwyn,504,412,Yes under Community Eligibility Option (CEO),false,6th Grade,8th Grade
170471000164,Freeman Elem School,Aurora West USD 129,Aurora,529,79,Yes under Community Eligibility Option (CEO),false,Prekindergarten,5th Grade
170017005649,Freeport Alternative High Sch,Carroll/Jo Daviess/Stephenson ROE,Freeport,0,,Yes under Community Eligibility Option (CEO),true,6th Grade,12th Grade
171590001902,Freeport High School,Freeport SD 145,Freeport,1165,655,Yes under Community Eligibility Option (CEO),true,9th Grade,12th Grade
171590001903,Freeport Middle School,Freeport SD 145,Freeport,515,303,Yes under Community Eligibility Option (CEO),false,7th Grade,8th Grade
171593001909,Fremont Elem School,Fremont SD 79,Mundelein,743,,No,false,Prekindergarten,2nd Grade
171593002969,Fremont Intermediate School,Fremont SD 79,Mundelein,651,,No,false,3rd Grade,5th Grade
171593005958,Fremont Jr High/Middle School,Fremont SD 79,Mundelein,692,,No,false,6th Grade,8th Grade
170002301922,Fresh Start Treatment & Learning,Eastern IL Area of Spec Educ,Effingham,0,,Yes under Community Eligibility Option (CEO),true,Kindergarten,12th Grade
171377001730,Friendship Jr High School,Comm Cons SD 59,Des Plaines,633,389,Yes participating without using any Provision or the CEO,false,6th Grade,8th Grade
171728002026,Frohardt Elem School,Granite City CUSD 9,Granite City,452,334,Yes under Community Eligibility Option (CEO),false,3rd Grade,4th Grade
174169004365,Fry Elementary School,Indian Prairie CUSD 204,Naperville,563,43,Yes participating without using any Provision or the CEO,false,Kindergarten,5th Grade
170315000006,Fullerton Elem School,Addison SD 4,Addison,384,278,Yes under Community Eligibility Option (CEO),false,Kindergarten,5th Grade
170993000780,Fulton Elem School,Chicago Public Schools Dist 299,Chicago,321,315,Yes under Community Eligibility Option (CEO),false,Prekindergarten,8th Grade
173395003490,Fulton Elem School,River Bend CUSD 2,Fulton,421,178,Yes participating without using any Provision or the CEO,false,Kindergarten,5th Grade
173395003488,Fulton High School,River Bend CUSD 2,Fulton,284,107,Yes participating without using any Provision or the CEO,false,9th Grade,12th Grade
172976003241,Fulton Jr High School,O Fallon CCSD 90,O Fallon,667,127,Yes participating without using any Provision or the CEO,false,6th Grade,8th Grade
170993000781,Funston Elem School,Chicago Public Schools Dist 299,Chicago,440,428,Yes under Community Eligibility Option (CEO),false,Prekindergarten,8th Grade
170468000147,G N Dieterich Elem School,Aurora East USD 131,Aurora,507,321,Yes under Community Eligibility Option (CEO),false,Prekindergarten,5th Grade
172478002687,G Stanley Hall Elem School,Marquardt SD 15,Glendale Hts,343,196,Yes under Community Eligibility Option (CEO),false,Prekindergarten,5th Grade
170993000809,Gage Park High School,Chicago Public Schools Dist 299,Chicago,392,368,Yes under Community Eligibility Option (CEO),true,9th Grade,12th Grade
174169003613,Gail McKinzie High School,Indian Prairie CUSD 204,Naperville,0,,Yes under Community Eligibility Option (CEO),true,9th Grade,12th Grade
173451006044,Galapagos Rockford Charter Sch,Rockford SD 205,Rockford,384,95,Yes under Community Eligibility Option (CEO),false,Kindergarten,8th Grade
171602004639,Galatia Elem School,Galatia CUSD 1,Galatia,152,75,Yes under Community Eligibility Option (CEO),false,Kindergarten,5th Grade
171602006419,Galatia Grade School Annex,Galatia CUSD 1,Galatia,19,,No,false,Prekindergarten,Prekindergarten
171602001911,Galatia High School,Galatia CUSD 1,Galatia,115,54,Yes under Community Eligibility Option (CEO),true,9th Grade,12th Grade
171602001910,Galatia Jr High,Galatia CUSD 1,Galatia,96,49,Yes under Community Eligibility Option (CEO),false,6th Grade,8th Grade
170993000782,Gale Elem Community Academy,Chicago Public Schools Dist 299,Chicago,345,285,Yes under Community Eligibility Option (CEO),false,Prekindergarten,8th Grade
171605001914,Galena Elementary and Middle Sch,Galena USD 120,Galena,576,177,Yes participating without using any Provision or the CEO,false,Prekindergarten,8th Grade
171605001912,Galena High School,Galena USD 120,Galena,260,91,Yes participating without using any Provision or the CEO,false,9th Grade,12th Grade
171608001917,Galesburg Jr High School,Galesburg CUSD 205,Galesburg,518,409,Yes under Community Eligibility Option (CEO),false,7th Grade,8th Grade
171608001923,Galesburg Senior High School,Galesburg CUSD 205,Galesburg,1158,809,Yes under Community Eligibility Option (CEO),true,9th Grade,12th Grade
170993005548,Galileo Elem Math & Sci Schol Acd,Chicago Public Schools Dist 299,Chicago,547,262,Yes under Community Eligibility Option (CEO),false,Kindergarten,8th Grade
170004505239,Gallatin Elementary School,Gallatin CUSD 7,Junction,314,178,Yes under Community Eligibility Option (CEO),false,Prekindergarten,4th Grade
170004505236,Gallatin High School,Gallatin CUSD 7,Junction,203,108,Yes under Community Eligibility Option (CEO),true,9th Grade,12th Grade
170004505560,Gallatin Junior High School,Gallatin CUSD 7,Junction,186,112,Yes under Community Eligibility Option (CEO),false,5th Grade,8th Grade
170993000783,Gallistel Elem Language Academy,Chicago Public Schools Dist 299,Chicago,597,415,Yes under Community Eligibility Option (CEO),false,Prekindergarten,8th Grade
171614005563,Galva Elem School,Galva CUSD 224,Galva,280,120,Yes under Community Eligibility Option (CEO),false,Prekindergarten,6th Grade
171614001939,Galva Jr-Sr High School,Galva CUSD 224,Galva,191,79,Yes under Community Eligibility Option (CEO),true,7th Grade,12th Grade
170993006139,Garcia Lorca Elem School,Chicago Public Schools Dist 299,Chicago,637,554,Yes under Community Eligibility Option (CEO),false,Prekindergarten,8th Grade
170531000217,Gard Elementary School,Beardstown CUSD 15,Beardstown,711,548,Yes under Community Eligibility Option (CEO),false,Prekindergarten,4th Grade
170942000548,Garden Hills Elem School,Champaign CUSD 4,Champaign,411,323,Yes under Community Eligibility Option (CEO),false,Prekindergarten,8th Grade
171623001941,Gardner Elem School,Gardner CCSD 72C,Gardner,146,75,Yes participating without using any Provision or the CEO,false,Prekindergarten,8th Grade
174107006144,Gardner Elementary School,Waterloo CUSD 5,Waterloo,374,77,Yes participating without using any Provision or the CEO,false,4th Grade,5th Grade
171626001942,Gardner-South Wilmington Twp H S,Gardner S Wilmington Twp HSD 73,Gardner,154,46,Yes participating without using any Provision or the CEO,false,9th Grade,12th Grade
170996001220,Garfield Elem School,Chicago Heights SD 170,Chicago Heights,248,244,Yes under Community Eligibility Option (CEO),false,Kindergarten,5th Grade
171545001861,Garfield Elem School,Forest Park SD 91,Forest Park,186,69,Yes under Community Eligibility Option (CEO),false,Prekindergarten,2nd Grade
172511002738,Garfield Elem School,Maywood-Melrose Park-Broadview 89,Maywood,411,249,Yes under Community Eligibility Option (CEO),false,Prekindergarten,5th Grade
170993000712,Garvey M Elem School,Chicago Public Schools Dist 299,Chicago,262,243,Yes under Community Eligibility Option (CEO),false,Prekindergarten,8th Grade
170993000784,Garvy J Elem School,Chicago Public Schools Dist 299,Chicago,736,267,Yes under Community Eligibility Option (CEO),false,Kindergarten,8th Grade
170855005951,Gary D Wright Elem Sch,CUSD 300,Hampshire,742,269,Yes participating without using any Provision or the CEO,false,Prekindergarten,5th Grade
170993000785,Gary Elem School,Chicago Public Schools Dist 299,Chicago,711,672,Yes under Community Eligibility Option (CEO),false,3rd Grade,8th Grade
174155004159,Gary Elementary School,West Chicago ESD 33,West Chicago,425,252,Yes under Community Eligibility Option (CEO),false,Kindergarten,5th Grade
171629001943,Gavin Central Elementary School,Gavin SD 37,Ingleside,467,243,Yes under Community Eligibility Option (CEO),false,Prekindergarten,4th Grade
171629001945,Gavin South Middle School,Gavin SD 37,Ingleside,325,189,Yes under Community Eligibility Option (CEO),false,5th Grade,8th Grade
170004100272,Gcms Elementary School,Gibson City-Melvin-Sibley CUSD 5,Gibson City,489,245,Yes participating without using any Provision or the CEO,false,Prekindergarten,5th Grade
170004100254,Gcms High School,Gibson City-Melvin-Sibley CUSD 5,Gibson City,275,98,Yes participating without using any Provision or the CEO,true,9th Grade,12th Grade
170004100268,Gcms Middle School,Gibson City-Melvin-Sibley CUSD 5,Gibson City,211,82,Yes participating without using any Provision or the CEO,false,6th Grade,8th Grade
171632001946,Geff Elem School,Geff CCSD 14,Geff,100,66,Yes under Community Eligibility Option (CEO),false,Kindergarten,8th Grade
171314001552,Gemini Middle School,East Maine SD 63,Niles,1111,669,Yes participating without using any Provision or the CEO,false,6th Grade,8th Grade
173090003220,Gen George Patton Elem School,Gen George Patton SD 133,Riverdale,184,159,Yes under Community Eligibility Option (CEO),false,Prekindergarten,8th Grade
172761004396,Gen John a Logan Attendance Cntr,Murphysboro CUSD 186,Murphysboro,400,378,Yes under Community Eligibility Option (CEO),false,Kindergarten,2nd Grade
171635001948,Geneseo High School,Geneseo CUSD 228,Geneseo,794,194,Yes participating without using any Provision or the CEO,false,9th Grade,12th Grade
171635001949,Geneseo Middle School,Geneseo CUSD 228,Geneseo,573,150,Yes participating without using any Provision or the CEO,false,6th Grade,8th Grade
171638000841,Geneva 304 Early Learning Center,Geneva CUSD 304,Geneva,117,,No,false,Prekindergarten,Prekindergarten
171638001955,Geneva Community High School,Geneva CUSD 304,Geneva,1635,,No,false,9th Grade,12th Grade
171638005827,Geneva Middle Sch North,Geneva CUSD 304,Geneva,623,,No,false,6th Grade,8th Grade
171638001953,Geneva Middle Sch South,Geneva CUSD 304,Geneva,613,,No,false,6th Grade,8th Grade
171641005693,Genoa Elementary School,Genoa Kingston CUSD 424,Genoa,353,143,Yes participating without using any Provision or the CEO,false,3rd Grade,5th Grade
171641001960,Genoa-Kingston High School,Genoa Kingston CUSD 424,Genoa,485,191,Yes participating without using any Provision or the CEO,false,9th Grade,12th Grade
171641001959,Genoa-Kingston Middle School,Genoa Kingston CUSD 424,Genoa,355,139,Yes participating without using any Provision or the CEO,false,6th Grade,8th Grade
170717004585,Geo T Wilkins Jr High School,Indian Springs SD 109,Justice,508,341,Yes under Community Eligibility Option (CEO),false,7th Grade,8th Grade
173084003213,George B Carpenter Elem School,Park Ridge CCSD 64,Park Ridge,435,,No,false,Kindergarten,5th Grade
173636004835,George O Barr School,Silvis SD 34,Silvis,405,272,Yes participating without using any Provision or the CEO,false,Prekindergarten,5th Grade
170717000371,George T Wilkins Elem School,Indian Springs SD 109,Justice,416,340,Yes under Community Eligibility Option (CEO),false,Kindergarten,6th Grade
173369003466,George W Lieb Elem School,Ridgeland SD 122,Bridgeview,399,264,Yes under Community Eligibility Option (CEO),false,Prekindergarten,5th Grade
172640002814,George Washington Elem School,Moline-Coal Valley CUSD 40,Moline,323,274,Yes participating without using any Provision or the CEO,false,Prekindergarten,5th Grade
173084003217,George Washington Elem School,Park Ridge CCSD 64,Park Ridge,588,,No,false,Kindergarten,5th Grade
170651004253,George Washington Elementary Sch,Cook County SD 130,Alsip,270,221,Yes under Community Eligibility Option (CEO),false,Kindergarten,5th Grade
174169005294,Georgetown Elementary School,Indian Prairie CUSD 204,Aurora,420,224,Yes under Community Eligibility Option (CEO),false,Kindergarten,5th Grade
172892003034,Georgetown Middle School,N Pekin & Marquette Hght SD 102,Marquette Hts,230,135,Yes participating without using any Provision or the CEO,false,4th Grade,8th Grade
170009205255,Georgetown-Ridge Farm High School,Georgetown-Ridge Farm CUD 4,Georgetown,243,160,Yes under Community Eligibility Option (CEO),true,9th Grade,12th Grade
171549001866,German Valley Grade School,Forrestville Valley CUSD 221,Forreston,70,20,Yes participating without using any Provision or the CEO,false,Prekindergarten,Kindergarten
171653001962,Germantown Elem School,Germantown SD 60,Germantown,258,47,Yes participating without using any Provision or the CEO,false,Prekindergarten,8th Grade
171656004398,Germantown Hills Elementary Sch,Germantown Hills SD 69,Germantown Hills,439,82,Yes participating without using any Provision or the CEO,false,Prekindergarten,4th Grade
171656005639,Germantown Hills Middle School,Germantown Hills SD 69,Germantown Hills,374,63,Yes participating without using any Provision or the CEO,false,5th Grade,8th Grade
171659001964,Giant City Elem School,Giant City CCSD 130,Carbondale,218,84,Yes participating without using any Provision or the CEO,false,Prekindergarten,8th Grade
171665001969,Gifford Grade School,Gifford CCSD 188,Gifford,151,51,Yes participating without using any Provision or the CEO,false,Kindergarten,8th Grade
170855005956,Gilberts Elem Sch,CUSD 300,Gilberts,729,243,Yes participating without using any Provision or the CEO,false,Prekindergarten,5th Grade
170993000816,Gillespie Elem School,Chicago Public Schools Dist 299,Chicago,288,230,Yes under Community Eligibility Option (CEO),false,Prekindergarten,8th Grade
171668001971,Gillespie High School,Gillespie CUSD 7,Gillespie,328,186,Yes under Community Eligibility Option (CEO),true,9th Grade,12th Grade
171668000560,Gillespie Middle School,Gillespie CUSD 7,Gillespie,244,153,Yes under Community Eligibility Option (CEO),false,6th Grade,8th Grade
170360000037,Gilson Brown Elem School,Alton CUSD 11,Godfrey,176,106,Yes under Community Eligibility Option (CEO),false,Kindergarten,1st Grade
171135004457,Glacier Ridge Elementary School,Crystal Lake CCSD 47,Crystal Lake,360,103,Yes participating without using any Provision or the CEO,false,Prekindergarten,5th Grade
170717006392,Gladness V Player Ecc,Indian Springs SD 109,Justice,146,,No,false,Prekindergarten,Prekindergarten
171353001641,Glen Carbon Elem School,Edwardsville CUSD 7,Glen Carbon,318,54,Yes participating without using any Provision or the CEO,false,Prekindergarten,2nd Grade
174050004078,Glen Crest Middle School,CCSD 89,Glen Ellyn,723,192,Yes participating without using any Provision or the CEO,false,6th Grade,8th Grade
174125004126,Glen Flora Elem School,Waukegan CUSD 60,Waukegan,476,358,Yes under Community Eligibility Option (CEO),false,Prekindergarten,5th Grade
171692001998,Glen Grove Elem School,Glenview CCSD 34,Glenview,398,120,Yes participating without using any Provision or the CEO,false,3rd Grade,5th Grade
173297006136,Glen Hill Elementary School,Queen Bee SD 16,Glendale Heights,398,209,Yes participating without using any Provision or the CEO,false,Kindergarten,4th Grade
173123003262,Glen Oak Comm Learning Cntr,Peoria SD 150,Peoria,794,728,Yes under Community Eligibility Option (CEO),false,Kindergarten,8th Grade
172889003028,Glen Oaks Elem School,North Palos SD 117,Hickory Hills,649,389,Yes under Community Eligibility Option (CEO),false,2nd Grade,5th Grade
171683001988,Glenbard East High School,Glenbard Twp HSD 87,Lombard,2311,1108,Yes participating without using any Provision or the CEO,true,9th Grade,12th Grade
171683001989,Glenbard North High School,Glenbard Twp HSD 87,Carol Stream,2079,903,Yes participating without using any Provision or the CEO,false,9th Grade,12th Grade
171683001990,Glenbard South High School,Glenbard Twp HSD 87,Glen Ellyn,1090,321,Yes participating without using any Provision or the CEO,false,9th Grade,12th Grade
171683001991,Glenbard West High School,Glenbard Twp HSD 87,Glen Ellyn,2330,669,Yes participating without using any Provision or the CEO,false,9th Grade,12th Grade
171371001677,Glenbrook Elem School,SD U-46,Streamwood,480,252,Yes under Community Eligibility Option (CEO),false,Prekindergarten,6th Grade
172901005045,Glenbrook Evening High School,Glenbrook HSD 225,Glenview,0,,No,true,9th Grade,12th Grade
172901003042,Glenbrook North High School,Glenbrook HSD 225,Northbrook,2111,,No,false,9th Grade,12th Grade
172901003043,Glenbrook South High School,Glenbrook HSD 225,Glenview,2923,,No,false,9th Grade,12th Grade
171324001571,Glendale Elem School,East Peoria SD 86,East Peoria,151,71,Yes under Community Eligibility Option (CEO),false,3rd Grade,5th Grade
172862003000,Glenn Elem School,McLean County USD 5,Normal,272,134,Yes participating without using any Provision or the CEO,false,Kindergarten,5th Grade
172017006829,Glenn Raymond School,Iroquois County CUSD 9,Watseka,321,219,Yes under Community Eligibility Option (CEO),false,1st Grade,5th Grade
172346000104,Glenn Westlake Middle School,Lombard SD 44,Lombard,935,286,Yes participating without using any Provision or the CEO,false,6th Grade,8th Grade
173297003415,Glenside Middle School,Queen Bee SD 16,Glendale Heights,732,396,Yes participating without using any Provision or the CEO,false,5th Grade,8th Grade
171317001561,Glenview Middle School,East Moline SD 37,East Moline,1092,1088,Yes participating without using any Provision or the CEO,false,5th Grade,8th Grade
170492006196,Glenwood Elementary School,Ball Chatham CUSD 5,Chatham,573,133,Yes participating without using any Provision or the CEO,false,Kindergarten,4th Grade
174125004127,Glenwood Elementary School,Waukegan CUSD 60,Waukegan,577,414,Yes under Community Eligibility Option (CEO),false,Kindergarten,5th Grade
170492000184,Glenwood High School,Ball Chatham CUSD 5,Chatham,1484,,No,false,9th Grade,12th Grade
170492004497,Glenwood Intermediate Sch,Ball Chatham CUSD 5,Chatham,672,151,Yes participating without using any Provision or the CEO,false,5th Grade,6th Grade
170492000185,Glenwood Middle School,Ball Chatham CUSD 5,Chatham,735,167,Yes participating without using any Provision or the CEO,false,7th Grade,8th Grade
170993000794,Goethe Elem School,Chicago Public Schools Dist 299,Chicago,711,305,Yes under Community Eligibility Option (CEO),false,Prekindergarten,8th Grade
172682002867,Golf Middle School,Golf ESD 67,Morton Grove,306,125,Yes participating without using any Provision or the CEO,false,5th Grade,8th Grade
170855000483,Golfview Elem School,CUSD 300,Carpentersville,401,348,Yes under Community Eligibility Option (CEO),false,Kindergarten,5th Grade
172058002333,Gompers Junior High School,Joliet PSD 86,Joliet,615,610,Yes under Community Eligibility Option (CEO),false,6th Grade,8th Grade
170993006223,Goode STEM Academy HS,Chicago Public Schools Dist 299,Chicago,991,817,Yes under Community Eligibility Option (CEO),true,9th Grade,12th Grade
171443001783,Goodfield Elem School,Eureka CUD 140,Goodfield,75,12,Yes participating without using any Provision or the CEO,false,Kindergarten,4th Grade
171950002226,Goodings Grove School,Homer CCSD 33C,Homer Glen,409,,No,false,Prekindergarten,1st Grade
171704002011,Goodrich Elem School,Woodridge SD 68,Woodridge,397,120,Yes participating without using any Provision or the CEO,false,Prekindergarten,6th Grade
170471000172,Goodwin Elem School,Aurora West USD 129,North Aurora,315,107,Yes under Community Eligibility Option (CEO),false,Prekindergarten,5th Grade
171020001240,Goodwin Elementary School,Cicero SD 99,Cicero,502,412,Yes participating without using any Provision or the CEO,false,Prekindergarten,6th Grade
171332006013,Gordon Bush Alt Sch for Education,East St Louis SD 189,E Saint Louis,0,,Yes under Community Eligibility Option (CEO),true,5th Grade,12th Grade
174169005293,Gordon Gregory Middle School,Indian Prairie CUSD 204,Naperville,811,67,Yes participating without using any Provision or the CEO,false,6th Grade,8th Grade
173237001290,Gordon School,Posen-Robbins ESD 143-5,Posen,312,276,Yes under Community Eligibility Option (CEO),false,Kindergarten,3rd Grade
170001405225,Goreville Elementary School,Goreville CUD 1,Goreville,464,159,Yes participating without using any Provision or the CEO,false,Prekindergarten,8th Grade
170001405224,Goreville High School,Goreville CUD 1,Goreville,166,74,Yes participating without using any Provision or the CEO,false,9th Grade,12th Grade
171353006000,Goshen Elementary,Edwardsville CUSD 7,Edwardsville,346,78,Yes participating without using any Provision or the CEO,false,Prekindergarten,2nd Grade
170993000797,Goudy Technology Academy,Chicago Public Schools Dist 299,Chicago,491,404,Yes under Community Eligibility Option (CEO),false,Prekindergarten,8th Grade
171716002020,Gower Middle School,Gower SD 62,Burr Ridge,409,,No,false,5th Grade,8th Grade
171716002021,Gower West Elem School,Gower SD 62,Willowbrook,531,,No,false,Prekindergarten,4th Grade
170522000499,Grace McWayne Elementary School,Batavia USD 101,Batavia,372,37,Yes participating without using any Provision or the CEO,false,Kindergarten,5th Grade
172043002308,Grafton Elem School,Jersey CUSD 100,Grafton,171,78,Yes participating without using any Provision or the CEO,false,Prekindergarten,4th Grade
170993000800,Graham a Elem School,Chicago Public Schools Dist 299,Chicago,344,307,Yes under Community Eligibility Option (CEO),false,Prekindergarten,8th Grade
170993001076,Graham R Training Center,Chicago Public Schools Dist 299,Chicago,0,,Yes under Community Eligibility Option (CEO),true,9th Grade,12th Grade
171719002022,Grand Prairie Elem School,Grand Prairie CCSD 6,Centralia,63,61,Yes under Community Eligibility Option (CEO),false,Kindergarten,8th Grade
173174003337,Grand Prairie Elem School,Plainfield SD 202,Joliet,494,230,Yes under Community Eligibility Option (CEO),false,Kindergarten,5th Grade
171570001867,Grand Prairie Elementary School,Frankfort CCSD 157C,Frankfort,840,,No,false,Prekindergarten,2nd Grade
171722002023,Grand Ridge School,Grand Ridge CCSD 95,Grand Ridge,212,73,Yes participating without using any Provision or the CEO,false,Kindergarten,8th Grade
173027005938,Grande Park Elem Sch,CUSD 308,Plainfield,687,168,Yes participating without using any Provision or the CEO,false,Kindergarten,5th Grade
174396005819,Grande Reserve Elem Sch,Yorkville CUSD 115,Yorkville,728,163,Yes participating without using any Provision or the CEO,false,Kindergarten,6th Grade
171728002028,Granite City High School,Granite City CUSD 9,Granite City,1755,1103,Yes under Community Eligibility Option (CEO),true,9th Grade,12th Grade
171734002050,Grant Community High School,Grant CHSD 124,Fox Lake,1769,852,Yes participating without using any Provision or the CEO,false,9th Grade,12th Grade
170576000247,Grant Elem School,Bellwood SD 88,Melrose Park,363,361,Yes under Community Eligibility Option (CEO),false,Kindergarten,5th Grade
171731002047,Grant Middle School,Grant CCSD 110,Fairview Heights,254,113,Yes under Community Eligibility Option (CEO),false,5th Grade,8th Grade
171737002051,Grant Park Elem School,Grant Park CUSD 6,Grant Park,325,158,Yes participating without using any Provision or the CEO,false,Prekindergarten,8th Grade
171737002052,Grant Park High School,Grant Park CUSD 6,Grant Park,127,52,Yes participating without using any Provision or the CEO,false,9th Grade,12th Grade
171899002177,Grantfork Upper Elementary Sch,Highland CUSD 5,Highland,66,12,Yes participating without using any Provision or the CEO,false,4th Grade,5th Grade
171749002053,Grass Lake Elem School,Grass Lake SD 36,Antioch,186,,No,false,Prekindergarten,8th Grade
170993000803,Gray Elem School,Chicago Public Schools Dist 299,Chicago,1000,791,Yes under Community Eligibility Option (CEO),false,Prekindergarten,8th Grade
173042003155,Gray M Sanborn Elem School,Palatine CCSD 15,Palatine,661,255,Yes participating without using any Provision or the CEO,false,Prekindergarten,5th Grade
173465003627,Graymont Elem School,Rooks Creek CCSD 425,Graymont,52,7,Yes participating without using any Provision or the CEO,false,Kindergarten,8th Grade
171755002057,Grayslake Central High School,Grayslake CHSD 127,Grayslake,1375,,No,false,9th Grade,12th Grade
171752006056,Grayslake Early Childhood,Grayslake CCSD 46,Hainesville,147,,No,false,Prekindergarten,Prekindergarten
171752002054,Grayslake Middle School,Grayslake CCSD 46,Grayslake,641,231,Yes participating without using any Provision or the CEO,false,7th Grade,8th Grade
171755005623,Grayslake North High School,Grayslake CHSD 127,Grayslake,1208,,No,false,9th Grade,12th Grade
171758002058,Grayville Jr Sr High School,Grayville CUSD 1,Grayville,145,78,Yes under Community Eligibility Option (CEO),true,6th Grade,12th Grade
170993006328,Great Lakes Academy Charter ES,Chicago Public Schools Dist 299,Chicago,538,461,Yes under Community Eligibility Option (CEO),false,Kindergarten,8th Grade
170020305736,Greeley Alternative School,Peoria ROE,Peoria,0,,No,true,6th Grade,12th Grade
170993000805,Greeley Elem School,Chicago Public Schools Dist 299,Chicago,331,265,Yes under Community Eligibility Option (CEO),false,Prekindergarten,8th Grade
174284004300,Greeley Elem School,Winnetka SD 36,Winnetka,355,,No,false,Kindergarten,4th Grade
170011006357,Green Bay Early Childhood Center,North Chicago SD 187,North Chicago,211,211,Yes under Community Eligibility Option (CEO),false,Prekindergarten,Prekindergarten
170993001209,Green W Elem School,Chicago Public Schools Dist 299,Chicago,267,193,Yes under Community Eligibility Option (CEO),false,Prekindergarten,8th Grade
170996001221,Greenbriar Elem School,Chicago Heights SD 170,Chicago Heights,174,171,Yes under Community Eligibility Option (CEO),false,Prekindergarten,5th Grade
172898003038,Greenbriar Elem School,Northbrook SD 28,Northbrook,352,,No,false,Kindergarten,5th Grade
170414000096,Greenbrier Elem School,Arlington Heights SD 25,Arlington Heights,280,66,Yes participating without using any Provision or the CEO,false,Prekindergarten,5th Grade
172088004682,Greenbrook Elem School,Keeneyville SD 20,Hanover Park,466,347,Yes participating without using any Provision or the CEO,false,Prekindergarten,5th Grade
170993000806,Greene N Elem School,Chicago Public Schools Dist 299,Chicago,325,266,Yes under Community Eligibility Option (CEO),false,Prekindergarten,5th Grade
171767002063,Greenfield Elem School,Greenfield CUSD 10,Greenfield,309,139,Yes under Community Eligibility Option (CEO),false,Prekindergarten,8th Grade
171767002064,Greenfield High School,Greenfield CUSD 10,Greenfield,108,38,Yes under Community Eligibility Option (CEO),true,9th Grade,12th Grade
170471000163,Greenman Elem School,Aurora West USD 129,Aurora,528,315,Yes under Community Eligibility Option (CEO),false,Prekindergarten,5th Grade
171770004649,Greenview Elementary School,Greenview CUSD 200,Greenview,117,39,Yes participating without using any Provision or the CEO,false,Prekindergarten,5th Grade
171770002065,Greenview Jr/Sr High School,Greenview CUSD 200,Greenview,107,38,Yes participating without using any Provision or the CEO,true,6th Grade,12th Grade
171773002066,Greenville Elem School,Bond County CUSD 2,Greenville,514,287,Yes participating without using any Provision or the CEO,false,Prekindergarten,5th Grade
171773002068,Greenville Jr High School,Bond County CUSD 2,Greenville,284,150,Yes participating without using any Provision or the CEO,false,6th Grade,8th Grade
173672003776,Greenwood Elem School,South Holland SD 150,South Holland,321,216,Yes under Community Eligibility Option (CEO),false,Prekindergarten,3rd Grade
174125004128,Greenwood Elem School,Waukegan CUSD 60,Waukegan,318,195,Yes under Community Eligibility Option (CEO),false,Prekindergarten,5th Grade
174333004330,Greenwood Elem School,Woodstock CUSD 200,Woodstock,290,85,Yes participating without using any Provision or the CEO,false,Prekindergarten,5th Grade
173451003571,Gregory Elem School,Rockford SD 205,Rockford,418,321,Yes under Community Eligibility Option (CEO),false,Kindergarten,5th Grade
170910004747,Gregory Intermediate,Central A & M CUD 21,Moweaqua,200,84,Yes participating without using any Provision or the CEO,false,2nd Grade,5th Grade
170993000807,Gregory Math & Sci Elem Academy,Chicago Public Schools Dist 299,Chicago,287,262,Yes under Community Eligibility Option (CEO),false,Prekindergarten,8th Grade
170993000811,Gresham Elem School,Chicago Public Schools Dist 299,Chicago,332,314,Yes under Community Eligibility Option (CEO),false,Prekindergarten,8th Grade
171779002073,Griggsville-Perry High School,Griggsville-Perry CUSD 4,Griggsville,89,38,Yes under Community Eligibility Option (CEO),true,9th Grade,12th Grade
171779001063,Griggsville-Perry Middle School,Griggsville-Perry CUSD 4,Perry,92,37,Yes under Community Eligibility Option (CEO),false,5th Grade,8th Grade
171779004652,Griggsville-Perry Primary School,Griggsville-Perry CUSD 4,Griggsville,148,46,Yes under Community Eligibility Option (CEO),false,Prekindergarten,4th Grade
171728006706,Grigsby Intermediate School,Granite City CUSD 9,Granite City,818,579,Yes under Community Eligibility Option (CEO),false,5th Grade,6th Grade
170993000812,Grimes Elem School,Chicago Public Schools Dist 299,Chicago,368,265,Yes under Community Eligibility Option (CEO),false,Prekindergarten,8th Grade
170993000808,Grissom Elem School,Chicago Public Schools Dist 299,Chicago,287,220,Yes under Community Eligibility Option (CEO),false,Prekindergarten,8th Grade
170505000196,Grove Avenue Elem School,Barrington CUSD 220,Barrington,511,85,Yes participating without using any Provision or the CEO,false,Kindergarten,5th Grade
172862004347,Grove Elementary School,McLean County USD 5,Normal,519,76,Yes participating without using any Provision or the CEO,false,Kindergarten,5th Grade
171377001715,Grove Jr High School,Comm Cons SD 59,Elk Grove Village,741,453,Yes participating without using any Provision or the CEO,false,6th Grade,8th Grade
172680002861,Grundy Elem School,Morton CUSD 709,Morton,465,77,Yes participating without using any Provision or the CEO,false,Prekindergarten,6th Grade
173451003577,Guilford High School,Rockford SD 205,Rockford,2216,1301,Yes under Community Eligibility Option (CEO),true,9th Grade,12th Grade
170993000745,Gunsaulus Elem Scholastic Academy,Chicago Public Schools Dist 299,Chicago,658,566,Yes under Community Eligibility Option (CEO),false,Prekindergarten,8th Grade
171200003572,Gwendolyn Brooks Elem Sch,DeKalb CUSD 428,Dekalb,328,263,Yes under Community Eligibility Option (CEO),false,Kindergarten,5th Grade
174169001415,Gwendolyn Brooks Elementary,Indian Prairie CUSD 204,Aurora,683,122,Yes participating without using any Provision or the CEO,false,Kindergarten,5th Grade
172925004581,Gwendolyn Brooks Middle School,Oak Park ESD 97,Oak Park,947,197,Yes participating without using any Provision or the CEO,false,6th Grade,8th Grade
170522000203,H C Storm Elem School,Batavia USD 101,Batavia,388,98,Yes participating without using any Provision or the CEO,false,Kindergarten,5th Grade
172889003029,H H Conrady Jr High School,North Palos SD 117,Hickory Hills,1047,628,Yes under Community Eligibility Option (CEO),false,6th Grade,8th Grade
170654000343,H L Richards High Sch(campus),Chsd 218,Oak Lawn,1702,1054,Yes under Community Eligibility Option (CEO),true,9th Grade,12th Grade
174125004129,H R McCall Elem School,Waukegan CUSD 60,Waukegan,396,242,Yes under Community Eligibility Option (CEO),false,Kindergarten,5th Grade
171680001987,Hadley Junior High School,Glen Ellyn SD 41,Glen Ellyn,1143,,No,false,6th Grade,8th Grade
171950005316,Hadley Middle School,Homer CCSD 33C,Homer Glen,834,,No,false,5th Grade,6th Grade
170993000815,Haines Elem School,Chicago Public Schools Dist 299,Chicago,461,362,Yes under Community Eligibility Option (CEO),false,Prekindergarten,8th Grade
172814002966,Haines Elem School,New Lenox SD 122,New Lenox,358,72,Yes participating without using any Provision or the CEO,false,1st Grade,3rd Grade
170993000819,Hale Elem School,Chicago Public Schools Dist 299,Chicago,791,534,Yes under Community Eligibility Option (CEO),false,Prekindergarten,8th Grade
170993000615,Haley Elem Academy,Chicago Public Schools Dist 299,Chicago,458,449,Yes under Community Eligibility Option (CEO),false,Prekindergarten,8th Grade
172309000103,Half Day School,Lincolnshire-Prairieview SD 103,Lincolnshire,633,,No,false,3rd Grade,5th Grade
170471000165,Hall Elem School,Aurora West USD 129,Aurora,512,271,Yes under Community Eligibility Option (CEO),false,Prekindergarten,5th Grade
171803002082,Hall High School,Hall HSD 502,Spring Valley,388,220,Yes participating without using any Provision or the CEO,false,9th Grade,12th Grade
171353001644,Hamel Elementary School,Edwardsville CUSD 7,Hamel,126,45,Yes participating without using any Provision or the CEO,false,Prekindergarten,2nd Grade
171079004391,Hamilton County Jr/Sr High School,Hamilton Co CUSD 10,Mc Leansboro,480,255,Yes participating without using any Provision or the CEO,true,7th Grade,12th Grade
171079005155,Hamilton County Preschool Center,Hamilton Co CUSD 10,Mc Leansboro,88,55,Yes participating without using any Provision or the CEO,false,Prekindergarten,Prekindergarten
170993000822,Hamilton Elem School,Chicago Public Schools Dist 299,Chicago,486,57,Yes under Community Eligibility Option (CEO),false,Prekindergarten,8th Grade
172640002816,Hamilton Elem School,Moline-Coal Valley CUSD 40,Moline,560,334,Yes participating without using any Provision or the CEO,false,Prekindergarten,5th Grade
171806002085,Hamilton Elementary School,Hamilton CCSD 328,Hamilton,384,216,Yes participating without using any Provision or the CEO,false,Prekindergarten,8th Grade
171806002084,Hamilton High School,Hamilton CCSD 328,Hamilton,193,91,Yes participating without using any Provision or the CEO,true,9th Grade,12th Grade
170456000135,Hamlin Upper Grade Center,Atwood Heights SD 125,Alsip,182,101,Yes under Community Eligibility Option (CEO),false,6th Grade,8th Grade
170993000823,Hamline Elem School,Chicago Public Schools Dist 299,Chicago,582,570,Yes under Community Eligibility Option (CEO),false,Prekindergarten,8th Grade
170993000824,Hammond Elem School,Chicago Public Schools Dist 299,Chicago,259,244,Yes under Community Eligibility Option (CEO),false,Prekindergarten,8th Grade
170855000484,Hampshire Elem School,CUSD 300,Hampshire,446,139,Yes participating without using any Provision or the CEO,false,Kindergarten,5th Grade
170855000485,Hampshire High School,CUSD 300,Hampshire,2046,656,Yes participating without using any Provision or the CEO,false,9th Grade,12th Grade
170855000479,Hampshire Middle School,CUSD 300,Hampshire,821,275,Yes participating without using any Provision or the CEO,false,6th Grade,8th Grade
170993003995,Hampton Elem Fine & Perf Arts Sch,Chicago Public Schools Dist 299,Chicago,463,441,Yes under Community Eligibility Option (CEO),false,Prekindergarten,8th Grade
171809002087,Hampton Elem School,Hampton SD 29,Hampton,225,90,Yes participating without using any Provision or the CEO,false,Kindergarten,8th Grade
170993001980,Hancock College Preparatory HS,Chicago Public Schools Dist 299,Chicago,1050,679,Yes under Community Eligibility Option (CEO),true,9th Grade,12th Grade
171135001799,Hannah Beardsley Middle School,Crystal Lake CCSD 47,Crystal Lake,829,313,Yes participating without using any Provision or the CEO,false,6th Grade,8th Grade
171371001679,Hanover Countryside Elem School,SD U-46,Streamwood,371,189,Yes under Community Eligibility Option (CEO),false,Prekindergarten,6th Grade
173474003642,Hanover Highlands Elem School,Schaumburg CCSD 54,Hanover Park,543,,No,false,Kindergarten,6th Grade
170993000720,Hanson Park Elem School,Chicago Public Schools Dist 299,Chicago,1125,1050,Yes under Community Eligibility Option (CEO),false,Prekindergarten,8th Grade
171820004656,Hardin County Elem School,Hardin County CUSD 1,Elizabethtown,216,144,Yes under Community Eligibility Option (CEO),false,Prekindergarten,5th Grade
171820004400,Hardin County High School,Hardin County CUSD 1,Elizabethtown,175,92,Yes under Community Eligibility Option (CEO),true,9th Grade,12th Grade
171820004657,Hardin County Jr High School,Hardin County CUSD 1,Elizabethtown,107,59,Yes under Community Eligibility Option (CEO),false,6th Grade,8th Grade
171588001893,Harding Grade School,Serena CUSD 2,Earlville,130,47,Yes participating without using any Provision or the CEO,false,Prekindergarten,4th Grade
170032005603,Harding Primary School,Monmouth-Roseville CUSD 238,Monmouth,240,158,Yes under Community Eligibility Option (CEO),false,2nd Grade,3rd Grade
170993000851,Harlan Community Academy HS,Chicago Public Schools Dist 299,Chicago,220,199,Yes under Community Eligibility Option (CEO),true,9th Grade,12th Grade
171824002100,Harlem High School,Harlem UD 122,Machesney Park,1884,1030,Yes under Community Eligibility Option (CEO),true,9th Grade,12th Grade
171824005017,Harlem Middle School,Harlem UD 122,Loves Park,1330,800,Yes under Community Eligibility Option (CEO),true,6th Grade,8th Grade
171422006379,Harmony Intermediate Center,Harmony Emge SD 175,Belleville,207,138,Yes under Community Eligibility Option (CEO),false,4th Grade,6th Grade
173369003467,Harnew Elem School,Ridgeland SD 122,Oak Lawn,512,309,Yes under Community Eligibility Option (CEO),false,Prekindergarten,5th Grade
173123005329,Harold B Dawson Middle School,Peoria SD 150,West Peoria,331,305,Yes under Community Eligibility Option (CEO),false,5th Grade,8th Grade
174260004276,Harper Elem School,Wilmette SD 39,Wilmette,366,,No,false,Kindergarten,4th Grade
171371001676,Harriet Gifford Elem School,SD U-46,Elgin,460,364,Yes under Community Eligibility Option (CEO),false,Prekindergarten,6th Grade
170993000763,Harriet Tubman Elem School,Chicago Public Schools Dist 299,Chicago,308,104,Yes under Community Eligibility Option (CEO),false,Prekindergarten,8th Grade
171827002113,Harrisburg High School,Harrisburg CUSD 3,Harrisburg,491,297,Yes under Community Eligibility Option (CEO),true,9th Grade,12th Grade
171827002116,Harrisburg Middle School,Harrisburg CUSD 3,Harrisburg,382,252,Yes under Community Eligibility Option (CEO),false,6th Grade,8th Grade
171836002120,Harrison Elem School,Harrison SD 36,Wonder Lake,447,251,Yes participating without using any Provision or the CEO,false,Prekindergarten,8th Grade
171638001956,Harrison Street Elem School,Geneva CUSD 304,Geneva,409,,No,false,Kindergarten,5th Grade
170855000486,Harry D Jacobs High School,CUSD 300,Algonquin,2056,828,Yes participating without using any Provision or the CEO,false,9th Grade,12th Grade
173681006065,Harry E Fry School,Burbank SD 111,Burbank,268,176,Yes under Community Eligibility Option (CEO),false,Kindergarten,5th Grade
174305004319,Hartford Elem School,Wood River-Hartford ESD 15,Hartford,172,125,Yes under Community Eligibility Option (CEO),false,Prekindergarten,5th Grade
171839002123,Hartsburg-Emden Jr-Sr High School,Hartsburg Emden CUSD 21,Hartsburg,85,38,Yes participating without using any Provision or the CEO,false,6th Grade,12th Grade
170993000830,Harvard Elem School,Chicago Public Schools Dist 299,Chicago,335,313,Yes under Community Eligibility Option (CEO),false,Prekindergarten,8th Grade
171842002125,Harvard High School,Harvard CUSD 50,Harvard,815,363,Yes under Community Eligibility Option (CEO),true,9th Grade,12th Grade
171842002126,Harvard Jr High School,Harvard CUSD 50,Harvard,593,355,Yes under Community Eligibility Option (CEO),false,6th Grade,8th Grade
173708005291,Harvard Park Elem School,Springfield SD 186,Springfield,370,324,Yes under Community Eligibility Option (CEO),false,Kindergarten,5th Grade
173451003575,Haskell Elementary School,Rockford SD 205,Rockford,301,187,Yes under Community Eligibility Option (CEO),false,Kindergarten,5th Grade
170993000831,Haugan Elem School,Chicago Public Schools Dist 299,Chicago,1065,925,Yes under Community Eligibility Option (CEO),false,Prekindergarten,8th Grade
171851002143,Havana High School,Havana CUSD 126,Havana,249,117,Yes under Community Eligibility Option (CEO),true,9th Grade,12th Grade
171851004407,Havana Jr High School,Havana CUSD 126,Havana,284,147,Yes under Community Eligibility Option (CEO),false,5th Grade,8th Grade
171446001790,Haven Middle School,Evanston CCSD 65,Evanston,660,181,Yes participating without using any Provision or the CEO,false,6th Grade,8th Grade
171857003707,Hawthorn Aspen Elem School,Hawthorn CCSD 73,Vernon Hills,313,74,Yes participating without using any Provision or the CEO,false,1st Grade,5th Grade
173516003679,Hawthorn Elem School,Salem SD 111,Salem,421,264,Yes under Community Eligibility Option (CEO),false,Kindergarten,3rd Grade
171857002151,Hawthorn Elem School North,Hawthorn CCSD 73,Vernon Hills,347,90,Yes participating without using any Provision or the CEO,false,1st Grade,5th Grade
171857005172,Hawthorn Elem School South,Hawthorn CCSD 73,Vernon Hills,505,155,Yes participating without using any Provision or the CEO,false,1st Grade,5th Grade
171857002149,Hawthorn Middle School North,Hawthorn CCSD 73,Vernon Hills,627,209,Yes participating without using any Provision or the CEO,false,6th Grade,8th Grade
171857002150,Hawthorn Middle School South,Hawthorn CCSD 73,Vernon Hills,609,187,Yes participating without using any Provision or the CEO,false,6th Grade,8th Grade
171857006781,Hawthorn Sch for Young Learners,Hawthorn CCSD 73,Vernon Hills,248,62,Yes participating without using any Provision or the CEO,false,Kindergarten,Kindergarten
171857006114,Hawthorn Sch of Dual Language,Hawthorn CCSD 73,Vernon Hills,413,196,Yes participating without using any Provision or the CEO,false,Kindergarten,5th Grade
171857000077,Hawthorn Townline Elem Sch,Hawthorn CCSD 73,Vernon Hills,306,123,Yes participating without using any Provision or the CEO,false,1st Grade,5th Grade
170993000832,Hawthorne Elem Scholastic Academy,Chicago Public Schools Dist 299,Chicago,642,77,Yes under Community Eligibility Option (CEO),false,Kindergarten,8th Grade
171397001748,Hawthorne Elem School,Elmhurst SD 205,Elmhurst,568,54,Yes participating without using any Provision or the CEO,false,Kindergarten,5th Grade
174218004212,Hawthorne Elem School,CUSD 200,Wheaton,185,68,Yes participating without using any Provision or the CEO,false,Kindergarten,5th Grade
170993001193,Hay Elem Community Academy,Chicago Public Schools Dist 299,Chicago,247,241,Yes under Community Eligibility Option (CEO),false,Prekindergarten,8th Grade
170993000834,Hayt Elem School,Chicago Public Schools Dist 299,Chicago,851,698,Yes under Community Eligibility Option (CEO),false,Prekindergarten,8th Grade
173708003824,Hazel Dell Elem School,Springfield SD 186,Springfield,140,106,Yes under Community Eligibility Option (CEO),false,Kindergarten,5th Grade
170348000028,Hazelgreen Elem School,Alsip-Hazlgrn-Oaklwn SD 126,Alsip,290,169,Yes under Community Eligibility Option (CEO),false,Kindergarten,6th Grade
170993000835,Healy Elem School,Chicago Public Schools Dist 299,Chicago,1194,946,Yes under Community Eligibility Option (CEO),false,Kindergarten,8th Grade
170993000836,Hearst Elem School,Chicago Public Schools Dist 299,Chicago,285,241,Yes under Community Eligibility Option (CEO),false,Prekindergarten,8th Grade
171638004805,Heartland Elementary School,Geneva CUSD 304,Geneva,298,,No,false,Kindergarten,5th Grade
171542001850,Heather Hill Elem School,Flossmoor SD 161,Flossmoor,319,185,Yes participating without using any Provision or the CEO,false,Kindergarten,5th Grade
170141306296,Hedding Grade Sch,Abingdon-Avon CUSD 276,Abingdon,376,233,Yes under Community Eligibility Option (CEO),false,Prekindergarten,5th Grade
170993000837,Hedges Elem School,Chicago Public Schools Dist 299,Chicago,502,480,Yes under Community Eligibility Option (CEO),false,Prekindergarten,8th Grade
170993000840,Hefferan Elem School,Chicago Public Schools Dist 299,Chicago,214,191,Yes under Community Eligibility Option (CEO),false,Prekindergarten,8th Grade
171983005640,Heineman Middle School,Huntley Comm Sch Dist 158,Algonquin,724,154,Yes participating without using any Provision or the CEO,false,6th Grade,8th Grade
172127002399,Helen Keller Elem School,Kirby SD 140,Tinley Park,426,,No,false,Prekindergarten,5th Grade
173474000707,Helen Keller JHS,Schaumburg CCSD 54,Schaumburg,617,,No,false,6th Grade,8th Grade
170993000842,Henderson Elem School,Chicago Public Schools Dist 299,Chicago,246,187,Yes under Community Eligibility Option (CEO),false,Prekindergarten,8th Grade
170993000817,Hendricks Elem Community Academy,Chicago Public Schools Dist 299,Chicago,217,211,Yes under Community Eligibility Option (CEO),false,Prekindergarten,8th Grade
171692001999,Henking Elem School,Glenview CCSD 34,Glenview,470,107,Yes participating without using any Provision or the CEO,false,Prekindergarten,2nd Grade
170993000844,Henry Elem School,Chicago Public Schools Dist 299,Chicago,445,399,Yes under Community Eligibility Option (CEO),false,Prekindergarten,8th Grade
171254005197,Henry Puffer School,Downers Grove GSD 58,Downers Grove,271,,No,false,Prekindergarten,6th Grade
170561000235,Henry Raab Elem School,Belleville SD 118,Belleville,154,119,Yes under Community Eligibility Option (CEO),false,Kindergarten,6th Grade
170468000040,Henry W Cowherd Middle School,Aurora East USD 131,Aurora,807,541,Yes under Community Eligibility Option (CEO),false,6th Grade,8th Grade
174221004236,Henry W Longfellow Elem School,Wheeling CCSD 21,Buffalo Grove,510,125,Yes participating without using any Provision or the CEO,false,Kindergarten,5th Grade
174170004175,Henry Winkelman Elem School,West Northfield SD 31,Glenview,677,,No,false,Prekindergarten,5th Grade
170011505396,Henry-Senachwine Grade School,Henry-Senachwine CUSD 5,Henry,387,199,Yes under Community Eligibility Option (CEO),false,Prekindergarten,8th Grade
170011505395,Henry-Senachwine High School,Henry-Senachwine CUSD 5,Henry,147,69,Yes under Community Eligibility Option (CEO),false,9th Grade,12th Grade
170471005616,Herget Middle School,Aurora West USD 129,Aurora,594,297,Yes under Community Eligibility Option (CEO),false,6th Grade,8th Grade
171371001709,Heritage Elem School,SD U-46,Streamwood,359,241,Yes under Community Eligibility Option (CEO),false,Kindergarten,6th Grade
173174003785,Heritage Grove Middle School,Plainfield SD 202,Plainfield,841,196,Yes participating without using any Provision or the CEO,false,6th Grade,8th Grade
170010605361,Heritage High School,Heritage CUSD 8,Broadlands,121,58,Yes participating without using any Provision or the CEO,false,9th Grade,12th Grade
170010605363,Heritage Jh and Elem Sch,Heritage CUSD 8,Homer,270,119,Yes participating without using any Provision or the CEO,false,Kindergarten,8th Grade
171047005498,Heritage Lakes Elem School,CCSD 93,Carol Stream,420,118,Yes participating without using any Provision or the CEO,false,Kindergarten,5th Grade
170609003422,Heritage Middle School,Berwyn South SD 100,Berwyn,447,329,Yes under Community Eligibility Option (CEO),false,6th Grade,8th Grade
173837005543,Heritage Middle School,Sunnybrook SD 171,Lansing,500,297,Yes under Community Eligibility Option (CEO),false,5th Grade,8th Grade
170405000090,Heritage Middle School,Summit SD 104,Summit,447,442,Yes under Community Eligibility Option (CEO),false,6th Grade,8th Grade
173537004741,Herman E Dummer,Sandwich CUSD 430,Sandwich,275,135,Yes participating without using any Provision or the CEO,false,4th Grade,5th Grade
170993006091,Hernandez Middle School,Chicago Public Schools Dist 299,Chicago,720,683,Yes under Community Eligibility Option (CEO),false,6th Grade,8th Grade
171254001508,Herrick Middle School,Downers Grove GSD 58,Downers Grove,626,66,Yes participating without using any Provision or the CEO,false,7th Grade,8th Grade
171881001624,Herrin C U S D 4 Elem School,Herrin CUSD 4,Herrin,712,486,Yes participating without using any Provision or the CEO,false,2nd Grade,5th Grade
171881002161,Herrin High School,Herrin CUSD 4,Herrin,662,388,Yes participating without using any Provision or the CEO,true,9th Grade,12th Grade
171881005511,Herrin Middle School,Herrin CUSD 4,Herrin,513,339,Yes participating without using any Provision or the CEO,false,6th Grade,8th Grade
171884002170,Herscher High School,Herscher CUSD 2,Herscher,542,162,Yes participating without using any Provision or the CEO,false,9th Grade,12th Grade
171884002169,Herscher Intermediate Sch,Herscher CUSD 2,Herscher,391,138,Yes participating without using any Provision or the CEO,false,2nd Grade,5th Grade
170993000847,Herzl Elem School,Chicago Public Schools Dist 299,Chicago,429,417,Yes under Community Eligibility Option (CEO),false,Prekindergarten,8th Grade
171578001887,Hester Jr High School,Franklin Park SD 84,Franklin Park,426,268,Yes under Community Eligibility Option (CEO),false,6th Grade,8th Grade
171887002173,Heyworth Elem School,Heyworth CUSD 4,Heyworth,472,114,Yes participating without using any Provision or the CEO,false,Prekindergarten,6th Grade
171887002174,Heyworth Jr-Sr High School,Heyworth CUSD 4,Heyworth,401,91,Yes participating without using any Provision or the CEO,false,7th Grade,12th Grade
172130004685,Hiawatha Elem Sch Prek-5,Hiawatha CUSD 426,Kirkland,216,113,Yes participating without using any Provision or the CEO,false,Prekindergarten,5th Grade
170609003423,Hiawatha Elem School,Berwyn South SD 100,Berwyn,394,298,Yes under Community Eligibility Option (CEO),false,Prekindergarten,5th Grade
172130002403,Hiawatha Jr/Sr High School,Hiawatha CUSD 426,Kirkland,211,99,Yes participating without using any Provision or the CEO,false,6th Grade,12th Grade
170993000854,Hibbard Elem School,Chicago Public Schools Dist 299,Chicago,924,803,Yes under Community Eligibility Option (CEO),false,Prekindergarten,6th Grade
171695002007,Hickory Bend Elem School,Brookwood SD 167,Glenwood,277,174,Yes under Community Eligibility Option (CEO),false,Kindergarten,4th Grade
171570001881,Hickory Creek Middle School,Frankfort CCSD 157C,Frankfort,943,,No,false,6th Grade,8th Grade
171270006224,Hickory Grove Elementary School,Dunlap CUSD 323,Dunlap,865,27,Yes participating without using any Provision or the CEO,false,Prekindergarten,5th Grade
171785002078,Hickory Point Elem School,Northbrook ESD 27,Northbrook,425,,No,false,Prekindergarten,2nd Grade
173045004421,Higgins Education Center,Township HSD 211,Hoffman Estates,0,,Yes participating without using any Provision or the CEO,true,9th Grade,12th Grade
170993000855,Higgins Elem Community Academy,Chicago Public Schools Dist 299,Chicago,271,255,Yes under Community Eligibility Option (CEO),false,Prekindergarten,8th Grade
171896002175,High Mount Elem School,High Mount SD 116,Swansea,325,222,Yes under Community Eligibility Option (CEO),false,Prekindergarten,8th Grade
173022003127,High Point Elem School,Orland SD 135,Orland Park,504,,No,false,3rd Grade,5th Grade
174260001195,Highcrest Middle School,Wilmette SD 39,Wilmette,748,,No,false,5th Grade,6th Grade
171254001509,Highland Elem School,Downers Grove GSD 58,Downers Grove,352,,No,false,Prekindergarten,6th Grade
171371001680,Highland Elem School,SD U-46,Elgin,616,475,Yes under Community Eligibility Option (CEO),false,Prekindergarten,6th Grade
172569002779,Highland Elem School,Meridian CUSD 223,Stillman Valley,381,129,Yes participating without using any Provision or the CEO,false,Prekindergarten,2nd Grade
171899004111,Highland Elementary School,Highland CUSD 5,Highland,504,156,Yes participating without using any Provision or the CEO,false,3rd Grade,5th Grade
173645003757,Highland Elementary School,Skokie SD 68,Skokie,316,150,Yes participating without using any Provision or the CEO,false,Kindergarten,5th Grade
171899002179,Highland High School,Highland CUSD 5,Highland,844,213,Yes participating without using any Provision or the CEO,false,9th Grade,12th Grade
171899002180,Highland Middle School,Highland CUSD 5,Highland,616,186,Yes participating without using any Provision or the CEO,false,6th Grade,8th Grade
172280002529,Highland Middle School,Libertyville SD 70,Libertyville,701,,No,false,6th Grade,8th Grade
171908002194,Highland Park High School,Twp HSD 113,Highland Park,1661,,No,false,9th Grade,12th Grade
171899002178,Highland Primary School,Highland CUSD 5,Highland,544,191,Yes participating without using any Provision or the CEO,false,Prekindergarten,2nd Grade
172472002677,Highlands Elem School,Prairie-Hills ESD 144,Hazel Crest,311,291,Yes under Community Eligibility Option (CEO),false,Prekindergarten,5th Grade
171911002195,Highlands Elem School,LaGrange Highlands SD 106,La Grange Highlands,565,,No,false,Prekindergarten,4th Grade
172771002932,Highlands Elem School,Naperville CUSD 203,Naperville,510,33,Yes participating without using any Provision or the CEO,false,Kindergarten,5th Grade
171911002197,Highlands Middle School,LaGrange Highlands SD 106,La Grange Highlands,429,,No,false,5th Grade,8th Grade
170471000161,Hill Elem School,Aurora West USD 129,Aurora,511,339,Yes under Community Eligibility Option (CEO),false,Prekindergarten,5th Grade
171254001510,Hillcrest Elem School,Downers Grove GSD 58,Downers Grove,382,,No,false,Prekindergarten,6th Grade
171317001562,Hillcrest Elem School,East Moline SD 37,East Moline,353,334,Yes participating without using any Provision or the CEO,false,Kindergarten,4th Grade
171371001683,Hillcrest Elem School,SD U-46,Elgin,509,346,Yes under Community Eligibility Option (CEO),false,Prekindergarten,6th Grade
170384004417,Hillcrest Elementary School,Antioch CCSD 34,Antioch,614,210,Yes participating without using any Provision or the CEO,false,Kindergarten,5th Grade
170705000365,Hillcrest High School,Bremen CHSD 228,Country Club Hills,1100,,No,true,9th Grade,12th Grade
171920002206,Hillsboro High School,Hillsboro CUSD 3,Hillsboro,419,148,Yes under Community Eligibility Option (CEO),true,9th Grade,12th Grade
171920002207,Hillsboro Jr High School,Hillsboro CUSD 3,Hillsboro,319,149,Yes under Community Eligibility Option (CEO),false,6th Grade,8th Grade
171923002210,Hillside Elem School,Hillside SD 93,Hillside,440,268,Yes under Community Eligibility Option (CEO),false,Prekindergarten,8th Grade
172529002755,Hilltop Elem School,McHenry CCSD 15,McHenry,424,190,Yes participating without using any Provision or the CEO,false,Kindergarten,3rd Grade
171371005614,Hilltop Elementary School,SD U-46,Elgin,521,257,Yes under Community Eligibility Option (CEO),false,Prekindergarten,6th Grade
171926002212,Hinckley-Big Rock Elem Sch,Hinckley Big Rock CUSD 429,Hinckley,297,81,Yes participating without using any Provision or the CEO,false,Prekindergarten,4th Grade
171926002213,Hinckley-Big Rock High School,Hinckley Big Rock CUSD 429,Hinckley,217,56,Yes participating without using any Provision or the CEO,false,9th Grade,12th Grade
171926002211,Hinckley-Big Rock Middle Sch,Hinckley Big Rock CUSD 429,Big Rock,216,56,Yes participating without using any Provision or the CEO,false,5th Grade,8th Grade
173123003266,Hines Primary School,Peoria SD 150,Peoria,403,358,Yes under Community Eligibility Option (CEO),false,Kindergarten,4th Grade
171932002222,Hinsdale Central High School,Hinsdale Twp HSD 86,Hinsdale,2445,,No,false,9th Grade,12th Grade
171929002215,Hinsdale Middle School,Hinsdale CCSD 181,Hinsdale,755,,No,false,6th Grade,8th Grade
171932002223,Hinsdale South High School,Hinsdale Twp HSD 86,Darien,1370,,No,false,9th Grade,12th Grade
170993000879,Hirsch Metropolitan High School,Chicago Public Schools Dist 299,Chicago,183,147,Yes under Community Eligibility Option (CEO),true,9th Grade,12th Grade
170993000857,Hitch Elem School,Chicago Public Schools Dist 299,Chicago,495,248,Yes under Community Eligibility Option (CEO),false,Prekindergarten,8th Grade
172163002425,Hodgkins Elem School,La Grange SD 105 South,Hodgkins,165,130,Yes participating without using any Provision or the CEO,false,Prekindergarten,6th Grade
171692002000,Hoffman Elem School,Glenview CCSD 34,Glenview,481,125,Yes participating without using any Provision or the CEO,false,3rd Grade,5th Grade
173045003164,Hoffman Estates High School,Township HSD 211,Hoffman Estates,2185,1156,Yes participating without using any Provision or the CEO,true,9th Grade,12th Grade
170993000858,Holden Elem School,Chicago Public Schools Dist 299,Chicago,407,291,Yes under Community Eligibility Option (CEO),false,Prekindergarten,8th Grade
171942002224,Hollis Consolidated Grade Sch,Hollis Cons SD 328,Peoria,147,35,Yes participating without using any Provision or the CEO,false,Kindergarten,8th Grade
173399003494,Hollywood Elem School,Riverside SD 96,Brookfield,114,18,Yes participating without using any Provision or the CEO,false,Prekindergarten,5th Grade
171065006302,Hollywood Heights,Collinsville CUSD 10,Caseyville,0,,Yes under Community Eligibility Option (CEO),true,Kindergarten,12th Grade
170993000861,Holmes Elem School,Chicago Public Schools Dist 299,Chicago,166,166,Yes under Community Eligibility Option (CEO),false,Prekindergarten,8th Grade
172400002623,Holmes Elem School,Maercker SD 60,Clarendon Hills,519,253,Yes participating without using any Provision or the CEO,false,Prekindergarten,2nd Grade
171845002133,Holmes Elem School,Harvey SD 152,Harvey,270,210,Yes under Community Eligibility Option (CEO),false,Prekindergarten,5th Grade
171377001719,Holmes Jr High School,Comm Cons SD 59,Mount Prospect,459,287,Yes participating without using any Provision or the CEO,false,6th Grade,8th Grade
172385002597,Home Elem School,Lyons SD 103,Stickney,256,183,Yes under Community Eligibility Option (CEO),false,Prekindergarten,5th Grade
171950002228,Homer Jr High School,Homer CCSD 33C,Homer Glen,865,,No,false,7th Grade,8th Grade
173027004769,Homestead Elementary School,CUSD 308,Aurora,511,137,Yes participating without using any Provision or the CEO,false,Prekindergarten,5th Grade
172919003050,Hometown Elem School,Oak Lawn-Hometown SD 123,Hometown,338,232,Yes participating without using any Provision or the CEO,false,Kindergarten,5th Grade
171956002235,Homewood-Flossmoor High School,Homewood Flossmoor CHSD 233,Flossmoor,2707,,No,false,9th Grade,12th Grade
171962002236,Hononegah Chd High School,Hononegah CHD 207,Rockton,1814,448,Yes participating without using any Provision or the CEO,false,9th Grade,12th Grade
171966002238,Hoopeston Area High School,Hoopeston Area CUSD 11,Hoopeston,307,176,Yes under Community Eligibility Option (CEO),true,9th Grade,12th Grade
171966002237,Hoopeston Area Middle School,Hoopeston Area CUSD 11,Hoopeston,248,137,Yes under Community Eligibility Option (CEO),false,6th Grade,8th Grade
171968002242,Hoover Elem School,Hoover-Schrum Memorial SD 157,Calumet City,571,200,Yes under Community Eligibility Option (CEO),false,Prekindergarten,5th Grade
173474003645,Hoover Math and Science Academy,Schaumburg CCSD 54,Schaumburg,640,,No,false,Kindergarten,6th Grade
170522004397,Hoover Wood Elem School,Batavia USD 101,Batavia,363,80,Yes participating without using any Provision or the CEO,false,Kindergarten,5th Grade
171185005629,Hope Academy,Decatur SD 61,Decatur,501,470,Yes under Community Eligibility Option (CEO),false,Kindergarten,8th Grade
170471000169,Hope D Wall Tmh Child Dev Ctr,Aurora West USD 129,Aurora,0,,Yes under Community Eligibility Option (CEO),true,Prekindergarten,12th Grade
173441006107,Horace Mann Elc,Rock Island SD 41,Rock Island,387,311,Yes under Community Eligibility Option (CEO),false,Prekindergarten,Prekindergarten
172925003062,Horace Mann Elem School,Oak Park ESD 97,Oak Park,419,18,Yes participating without using any Provision or the CEO,false,Kindergarten,5th Grade
170651005401,Horace Mann School,Cook County SD 130,Blue Island,182,,No,false,Prekindergarten,Prekindergarten
171371001681,Horizon Elem School,SD U-46,Hanover Park,436,211,Yes under Community Eligibility Option (CEO),false,Prekindergarten,6th Grade
170993006331,Horizon Sci Acad - Southwest Chtr,Chicago Public Schools Dist 299,Chicago,712,611,Yes under Community Eligibility Option (CEO),true,Kindergarten,12th Grade
170141206309,Horizon Science Acad-Belmont,Horizon Science Acad-Belmont,Chicago,785,662,Yes under Community Eligibility Option (CEO),false,Kindergarten,10th Grade
170141006254,Horizon Science Acad-McKinley PK,Horizon Science Acad-McKinley Pk,Chicago,873,701,Yes under Community Eligibility Option (CEO),true,Kindergarten,12th Grade
170505000190,Hough Street Elem School,Barrington CUSD 220,Barrington,244,38,Yes participating without using any Provision or the CEO,false,Kindergarten,5th Grade
170783000398,Howard B Thomas Grade School,Central CUSD 301,Burlington,678,131,Yes participating without using any Provision or the CEO,false,Prekindergarten,5th Grade
170993000862,Howe Elem School,Chicago Public Schools Dist 299,Chicago,341,282,Yes under Community Eligibility Option (CEO),false,Prekindergarten,8th Grade
170001000212,Howe Elementary School,Beach Park CCSD 3,Beach Park,318,240,Yes under Community Eligibility Option (CEO),false,Kindergarten,5th Grade
170993000864,Hoyne Elem School,Chicago Public Schools Dist 299,Chicago,230,160,Yes under Community Eligibility Option (CEO),false,Prekindergarten,8th Grade
170993000889,Hubbard High School,Chicago Public Schools Dist 299,Chicago,1710,1627,Yes under Community Eligibility Option (CEO),true,9th Grade,12th Grade
174284004301,Hubbard Woods Elem School,Winnetka SD 36,Winnetka,350,,No,false,Kindergarten,4th Grade
174218005077,Hubble Middle School,CUSD 200,Warrenville,679,228,Yes participating without using any Provision or the CEO,false,6th Grade,8th Grade
174007004027,Hubert H Humphrey Middle School,Valley View CUSD 365U,Bolingbrook,596,370,Yes under Community Eligibility Option (CEO),false,6th Grade,8th Grade
172862003001,Hudson Elem School,McLean County USD 5,Hudson,216,42,Yes participating without using any Provision or the CEO,false,Kindergarten,5th Grade
171371001684,Huff Elem School,SD U-46,Elgin,577,440,Yes under Community Eligibility Option (CEO),false,Prekindergarten,6th Grade
170804000413,Huffman Elem School,Cahokia CUSD 187,Cahokia,268,221,Yes under Community Eligibility Option (CEO),false,3rd Grade,5th Grade
172058002334,Hufford Junior High School,Joliet PSD 86,Joliet,1072,1043,Yes under Community Eligibility Option (CEO),false,6th Grade,8th Grade
170993000865,Hughes C Elem School,Chicago Public Schools Dist 299,Chicago,169,153,Yes under Community Eligibility Option (CEO),false,Prekindergarten,8th Grade
170993000899,Hughes L Elem School,Chicago Public Schools Dist 299,Chicago,431,375,Yes under Community Eligibility Option (CEO),false,Prekindergarten,8th Grade
173027006054,Hunt Club Elem,CUSD 308,Oswego,357,62,Yes participating without using any Provision or the CEO,false,Kindergarten,5th Grade
173042003145,Hunting Ridge Elem School,Palatine CCSD 15,Palatine,639,152,Yes participating without using any Provision or the CEO,false,Kindergarten,5th Grade
171983002247,Huntley High School,Huntley Comm Sch Dist 158,Huntley,2804,542,Yes participating without using any Provision or the CEO,false,9th Grade,12th Grade
171200001450,Huntley Middle School,DeKalb CUSD 428,Dekalb,865,552,Yes under Community Eligibility Option (CEO),false,6th Grade,8th Grade
170993000866,Hurley Elem School,Chicago Public Schools Dist 299,Chicago,748,671,Yes under Community Eligibility Option (CEO),false,Prekindergarten,8th Grade
171135001358,Husmann Elem School,Crystal Lake CCSD 47,Crystal Lake,518,128,Yes participating without using any Provision or the CEO,false,Kindergarten,5th Grade
171992002248,Hutsonville Elem and Jr High Sch,Hutsonville CUSD 1,Hutsonville,190,98,Yes participating without using any Provision or the CEO,false,Prekindergarten,8th Grade
171992002249,Hutsonville High School,Hutsonville CUSD 1,Hutsonville,77,38,Yes participating without using any Provision or the CEO,true,9th Grade,12th Grade
170993000893,Hyde Park Academy High School,Chicago Public Schools Dist 299,Chicago,838,811,Yes under Community Eligibility Option (CEO),true,9th Grade,12th Grade
174125004130,Hyde Park Elem School,Waukegan CUSD 60,Waukegan,295,231,Yes under Community Eligibility Option (CEO),false,Kindergarten,5th Grade
172682002868,Hynes Elem School,Golf ESD 67,Morton Grove,325,115,Yes participating without using any Provision or the CEO,false,Prekindergarten,4th Grade
170018902916,I Kan Regional Alternatve Att Ctr,Iroquois/Kankakee ROE,Kankakee,0,,Yes under Community Eligibility Option (CEO),true,6th Grade,12th Grade
172163002426,Ideal Elem School,La Grange SD 105 South,Countryside,258,185,Yes participating without using any Provision or the CEO,false,Kindergarten,6th Grade
170993006103,Ihsca Charter High School,Chicago Public Schools Dist 299,Chicago,567,523,Yes under Community Eligibility Option (CEO),true,9th Grade,12th Grade
170993006238,Ijla Charter High School,Chicago Public Schools Dist 299,Chicago,95,75,Yes under Community Eligibility Option (CEO),true,9th Grade,12th Grade
170009805220,Il Center for Rehab & Educ-R,Dept of Human Services,Chicago,0,,Yes participating without using any Provision or the CEO,true,4th Grade,12th Grade
171997002256,Il Valley Central High School,Il Valley Central USD 321,Chillicothe,650,287,Yes participating without using any Provision or the CEO,true,9th Grade,12th Grade
170000604488,Il Youth Center - Pere Marquette,IDJJ Sch Dist 428,Grafton,12,12,Yes participating without using any Provision or the CEO,true,8th Grade,12th Grade
173708003825,Iles Elem School,Springfield SD 186,Springfield,414,90,Yes under Community Eligibility Option (CEO),false,1st Grade,8th Grade
171996002252,Illini Bluffs Elementary School,Illini Bluffs CUSD 327,Glasford,425,130,Yes under Community Eligibility Option (CEO),false,Prekindergarten,5th Grade
171996002250,Illini Bluffs High School,Illini Bluffs CUSD 327,Glasford,249,60,Yes participating without using any Provision or the CEO,false,9th Grade,12th Grade
171996002254,Illini Bluffs Middle School,Illini Bluffs CUSD 327,Glasford,181,54,Yes participating without using any Provision or the CEO,false,6th Grade,8th Grade
170011305388,Illini Central Grade School,Illini Central CUSD 189,Mason City,264,153,Yes under Community Eligibility Option (CEO),false,Kindergarten,5th Grade
170011305387,Illini Central High School,Illini Central CUSD 189,Mason City,172,66,Yes under Community Eligibility Option (CEO),true,9th Grade,12th Grade
170011305577,Illini Central Middle School,Illini Central CUSD 189,Mason City,139,63,Yes under Community Eligibility Option (CEO),false,6th Grade,8th Grade
171731002049,Illini Elem School,Grant CCSD 110,Fairview Heights,315,154,Yes under Community Eligibility Option (CEO),false,Prekindergarten,4th Grade
170138405922,Illini West High School,Illini West H S Dist 307,Carthage,349,187,Yes participating without using any Provision or the CEO,true,9th Grade,12th Grade
173444003547,Illinois City Elem School,Rockridge CUSD 300,Illinois City,108,34,Yes participating without using any Provision or the CEO,false,Kindergarten,2nd Grade
170010105114,Illinois Mathematics and Science,Il Mathematics & Science Academy,Aurora,656,,No,false,10th Grade,12th Grade
172502002581,Illinois School,Matteson ESD 162,Park Forest,391,310,Yes under Community Eligibility Option (CEO),false,Kindergarten,8th Grade
170009805218,Illinois School for the Deaf,Dept of Human Services,Jacksonville,0,,Yes under Community Eligibility Option (CEO),true,Prekindergarten,12th Grade
170000604460,Illinois Youth Center-Warrenville,IDJJ Sch Dist 428,Naperville,34,27,Yes participating without using any Provision or the CEO,true,8th Grade,12th Grade
174007004028,Independence Elem School,Valley View CUSD 365U,Bolingbrook,617,419,Yes under Community Eligibility Option (CEO),false,Kindergarten,5th Grade
173057003177,Independence Jr High School,Palos Heights SD 128,Palos Heights,236,,No,false,6th Grade,8th Grade
173597003732,Indian Creek Elementary School,Indian Creek CUSD 425,Shabbona,269,109,Yes participating without using any Provision or the CEO,false,Prekindergarten,4th Grade
173597003733,Indian Creek High School,Indian Creek CUSD 425,Shabbona,268,103,Yes participating without using any Provision or the CEO,false,9th Grade,12th Grade
173597000455,Indian Creek Middle School,Indian Creek CUSD 425,Waterman,213,87,Yes participating without using any Provision or the CEO,false,5th Grade,8th Grade
173387003478,Indian Grove Elem School,River Trails SD 26,Mount Prospect,435,97,Yes participating without using any Provision or the CEO,false,1st Grade,5th Grade
173057003904,Indian Hill,Palos Heights SD 128,Palos Heights,183,,No,false,Prekindergarten,Kindergarten
173499003664,Indian Hill Elem School,Round Lake CUSD 116,Round Lake Heights,529,447,Yes under Community Eligibility Option (CEO),false,3rd Grade,5th Grade
174155004160,Indian Knoll Elem School,West Chicago ESD 33,West Chicago,375,225,Yes under Community Eligibility Option (CEO),false,Kindergarten,5th Grade
171135005586,Indian Prairie Elem School,Crystal Lake CCSD 47,Crystal Lake,496,183,Yes participating without using any Provision or the CEO,false,Prekindergarten,5th Grade
171254001511,Indian Trail Elem School,Downers Grove GSD 58,Downers Grove,325,,No,false,Prekindergarten,6th Grade
173822003912,Indian Trail Elem School,Summit Hill SD 161,Frankfort,466,111,Yes participating without using any Provision or the CEO,false,1st Grade,4th Grade
170011902183,Indian Trail Elem School,North Shore SD 112,Highland Park,472,,No,false,Kindergarten,5th Grade
170315000007,Indian Trail Jr High School,Addison SD 4,Addison,1111,802,Yes under Community Eligibility Option (CEO),false,6th Grade,8th Grade
173174003338,Indian Trail Middle School,Plainfield SD 202,Plainfield,520,204,Yes under Community Eligibility Option (CEO),false,6th Grade,8th Grade
172502002718,Indiana Elem School,Matteson ESD 162,Park Forest,215,117,Yes under Community Eligibility Option (CEO),false,4th Grade,6th Grade
170993005795,Infinity Math Science & Tech HS,Chicago Public Schools Dist 299,Chicago,427,393,Yes under Community Eligibility Option (CEO),true,9th Grade,12th Grade
170828000440,Ingersoll Middle School,Canton Union SD 66,Canton,631,355,Yes under Community Eligibility Option (CEO),true,5th Grade,8th Grade
170993000971,Inter-American Elem Magnet School,Chicago Public Schools Dist 299,Chicago,616,236,Yes under Community Eligibility Option (CEO),false,Prekindergarten,8th Grade
170942006339,International Prep Academy,Champaign CUSD 4,Champaign,681,380,Yes under Community Eligibility Option (CEO),false,Prekindergarten,8th Grade
170143806763,Intrinsic 2 Charter High School,Intrinsic 2 Charter High School,Chicago,734,317,Yes under Community Eligibility Option (CEO),false,9th Grade,12th Grade
170993006293,Intrinsic Charter High School,Chicago Public Schools Dist 299,Chicago,993,906,Yes under Community Eligibility Option (CEO),true,7th Grade,12th Grade
174007004029,Irene King Elem School,Valley View CUSD 365U,Romeoville,533,340,Yes under Community Eligibility Option (CEO),false,Prekindergarten,5th Grade
171212001465,Iroquois Community School,CCSD 62,Des Plaines,411,116,Yes participating without using any Provision or the CEO,false,Kindergarten,8th Grade
172018004922,Iroquois West Elem Sch/Danforth,Iroquois West CUSD 10,Danforth,92,60,Yes participating without using any Provision or the CEO,false,Prekindergarten,Kindergarten
172018000102,Iroquois West Elem Sch/Thawville,Iroquois West CUSD 10,Thawville,104,69,Yes participating without using any Provision or the CEO,false,4th Grade,5th Grade
172018004923,Iroquois West Elem School/Gilman,Iroquois West CUSD 10,Gilman,159,96,Yes participating without using any Provision or the CEO,false,1st Grade,3rd Grade
172018004924,Iroquois West High School,Iroquois West CUSD 10,Gilman,284,155,Yes participating without using any Provision or the CEO,true,9th Grade,12th Grade
172018004925,Iroquois West Middle School,Iroquois West CUSD 10,Onarga,215,115,Yes participating without using any Provision or the CEO,false,6th Grade,8th Grade
170609000291,Irving Elem School,Berwyn South SD 100,Berwyn,415,293,Yes under Community Eligibility Option (CEO),false,Prekindergarten,5th Grade
170993000867,Irving Elem School,Chicago Public Schools Dist 299,Chicago,310,249,Yes under Community Eligibility Option (CEO),false,Prekindergarten,8th Grade
172100002379,Irving Elem School,Kewanee CUSD 229,Kewanee,242,188,Yes under Community Eligibility Option (CEO),false,2nd Grade,3rd Grade
172925003063,Irving Elem School,Oak Park ESD 97,Oak Park,509,108,Yes participating without using any Provision or the CEO,false,Kindergarten,5th Grade
170648000321,Irving Elementary School,Bloomington SD 87,Bloomington,303,231,Yes under Community Eligibility Option (CEO),false,Kindergarten,5th Grade
172511006426,Irving Middle School,Maywood-Melrose Park-Broadview 89,Maywood,515,331,Yes under Community Eligibility Option (CEO),false,5th Grade,8th Grade
172019002273,Irvington Elem School,Irvington CCSD 11,Irvington,64,46,Yes under Community Eligibility Option (CEO),false,Kindergarten,8th Grade
172190000518,Isaac Fox Elementary School,Lake Zurich CUSD 95,Lake Zurich,520,81,Yes participating without using any Provision or the CEO,false,Kindergarten,5th Grade
172058006191,Isaac Singleton Elem Sch,Joliet PSD 86,Joliet,304,289,Yes under Community Eligibility Option (CEO),false,Kindergarten,5th Grade
172025002277,Iuka Comm Cons School,Iuka CCSD 7,Iuka,231,132,Yes under Community Eligibility Option (CEO),false,Prekindergarten,8th Grade
170008005349,Ivan K Garrison Center,Four Rivers Spec Educ Dist,Jacksonville,0,,Yes under Community Eligibility Option (CEO),true,3rd Grade,12th Grade
171997006541,Ivc Learning Center,Il Valley Central USD 321,Chillicothe,0,,Yes participating without using any Provision or the CEO,true,9th Grade,12th Grade
172103003718,Ivy Hall Elementary School,Kildeer Countryside CCSD 96,Buffalo Grove,482,,No,false,1st Grade,5th Grade
170414000097,Ivy Hill Elem School,Arlington Heights SD 25,Arlington Heights,593,143,Yes participating without using any Provision or the CEO,false,Prekindergarten,5th Grade
170000603793,Iyc Chicago,IDJJ Sch Dist 428,Chicago,37,34,Yes participating without using any Provision or the CEO,true,6th Grade,12th Grade
173045003165,J B Conant High School,Township HSD 211,Hoffman Estates,2633,931,Yes participating without using any Provision or the CEO,false,9th Grade,12th Grade
173681003787,J B Kennedy Elem School,Burbank SD 111,Burbank,295,196,Yes under Community Eligibility Option (CEO),false,Kindergarten,5th Grade
170522000204,J B Nelson Elem School,Batavia USD 101,Batavia,482,101,Yes participating without using any Provision or the CEO,false,Kindergarten,5th Grade
172919003051,J Covington Elem School,Oak Lawn-Hometown SD 123,Oak Lawn,470,263,Yes participating without using any Provision or the CEO,false,Kindergarten,5th Grade
172976003087,J Emmett Hinchcliffe Sr Elem Sch,O Fallon CCSD 90,O Fallon,452,89,Yes participating without using any Provision or the CEO,false,Prekindergarten,5th Grade
172865006555,J Giles Elem School,Norridge SD 80,Norridge,499,215,Yes participating without using any Provision or the CEO,false,5th Grade,8th Grade
172734002902,J L Buford Intermediate Ed Ctr,Mount Vernon SD 80,Mount Vernon,260,221,Yes under Community Eligibility Option (CEO),false,4th Grade,5th Grade
174101004106,J L Hensey Elem School,District 50 Schools,Washington,262,152,Yes under Community Eligibility Option (CEO),false,Prekindergarten,3rd Grade
172865003008,J Leigh Elem School,Norridge SD 80,Norridge,612,255,Yes participating without using any Provision or the CEO,false,Prekindergarten,4th Grade
172919003052,J M Hannum Elem School,Oak Lawn-Hometown SD 123,Oak Lawn,410,212,Yes participating without using any Provision or the CEO,false,Kindergarten,5th Grade
172688003949,J Sterling Morton Alternative Sch,J S Morton HSD 201,Cicero,0,,Yes participating without using any Provision or the CEO,true,9th Grade,12th Grade
172688002871,J Sterling Morton East High Sch,J S Morton HSD 201,Cicero,3394,2959,Yes participating without using any Provision or the CEO,false,10th Grade,12th Grade
172688005044,J Sterling Morton Freshman Cntr,J S Morton HSD 201,Cicero,941,870,Yes participating without using any Provision or the CEO,true,9th Grade,9th Grade
172688002872,J Sterling Morton West High Sch,J S Morton HSD 201,Berwyn,3374,2639,Yes participating without using any Provision or the CEO,true,9th Grade,12th Grade
174198004200,J T Manning Elem School,CUSD 201,Westmont,386,122,Yes participating without using any Provision or the CEO,false,2nd Grade,5th Grade
173321003441,J W Eater Jr High School,Rantoul City SD 137,Rantoul,477,416,Yes under Community Eligibility Option (CEO),false,6th Grade,8th Grade
174221004231,J W Riley Elem School,Wheeling CCSD 21,Arlington Heights,319,111,Yes participating without using any Provision or the CEO,false,Kindergarten,5th Grade
170600000280,J W Riley Intermediate School,Berkeley SD 87,Northlake,320,271,Yes under Community Eligibility Option (CEO),false,3rd Grade,5th Grade
172385002598,J W Robinson Jr Elem School,Lyons SD 103,Lyons,251,217,Yes under Community Eligibility Option (CEO),false,Prekindergarten,5th Grade
174125004131,Jack Benny Middle School,Waukegan CUSD 60,Waukegan,475,295,Yes under Community Eligibility Option (CEO),false,6th Grade,8th Grade
171548001864,Jack Hille Middle School,Forest Ridge SD 142,Oak Forest,490,228,Yes participating without using any Provision or the CEO,false,6th Grade,8th Grade
174221001184,Jack London Middle School,Wheeling CCSD 21,Wheeling,628,399,Yes under Community Eligibility Option (CEO),false,6th Grade,8th Grade
173451006154,Jackson Charter School,Rockford SD 205,Rockford,243,88,Yes under Community Eligibility Option (CEO),false,Kindergarten,5th Grade
171397001749,Jackson Elem School,Elmhurst SD 205,Elmhurst,422,25,Yes participating without using any Provision or the CEO,false,Kindergarten,5th Grade
170993001091,Jackson M Elem School,Chicago Public Schools Dist 299,Chicago,305,261,Yes under Community Eligibility Option (CEO),false,Prekindergarten,8th Grade
174035004057,Jackson Middle School,SD 45 DuPage County,Villa Park,621,235,Yes under Community Eligibility Option (CEO),false,6th Grade,8th Grade
170019006321,Jackson/Perry MS Taoep,Alxndr/Jcksn/Pulsk/Prry/Union ROE,Murphysboro,0,,Yes under Community Eligibility Option (CEO),true,6th Grade,8th Grade
172028002280,Jacksonville High School,Jacksonville SD 117,Jacksonville,890,483,Yes participating without using any Provision or the CEO,true,9th Grade,12th Grade
172028002285,Jacksonville Middle School,Jacksonville SD 117,Jacksonville,680,373,Yes under Community Eligibility Option (CEO),false,6th Grade,8th Grade
170993000869,Jahn Elem School,Chicago Public Schools Dist 299,Chicago,360,174,Yes under Community Eligibility Option (CEO),false,Prekindergarten,8th Grade
171332005999,James Avant Elementary School,East St Louis SD 189,Washington Pk,342,340,Yes under Community Eligibility Option (CEO),false,Kindergarten,5th Grade
170993000778,James Farmer Jr. Elementary,Chicago Public Schools Dist 299,Chicago,321,302,Yes under Community Eligibility Option (CEO),false,Prekindergarten,8th Grade
171953002230,James Hart School,Homewood SD 153,Homewood,681,318,Yes participating without using any Provision or the CEO,false,6th Grade,8th Grade
170993005167,James R Doolittle Academy,Chicago Public Schools Dist 299,Chicago,257,218,Yes under Community Eligibility Option (CEO),false,Prekindergarten,8th Grade
173657004429,James R Wood Elem School,Somonauk CUSD 432,Somonauk,298,118,Yes participating without using any Provision or the CEO,false,Prekindergarten,4th Grade
174007004434,Jamie McGee Elementary School,Valley View CUSD 365U,Bolingbrook,487,235,Yes under Community Eligibility Option (CEO),false,Kindergarten,5th Grade
170993000870,Jamieson Elem School,Chicago Public Schools Dist 299,Chicago,825,558,Yes under Community Eligibility Option (CEO),false,Prekindergarten,8th Grade
172511002740,Jane Addams Elem School,Maywood-Melrose Park-Broadview 89,Melrose Park,385,178,Yes under Community Eligibility Option (CEO),false,Prekindergarten,5th Grade
173042003146,Jane Addams Elem School,Palatine CCSD 15,Palatine,567,254,Yes participating without using any Provision or the CEO,false,Prekindergarten,5th Grade
173708003826,Jane Addams Elem School,Springfield SD 186,Springfield,243,199,Yes under Community Eligibility Option (CEO),false,Kindergarten,5th Grade
172640000112,Jane Addams Elementary School,Moline-Coal Valley CUSD 40,Moline,299,136,Yes participating without using any Provision or the CEO,false,Kindergarten,5th Grade
173474003646,Jane Addams JHS,Schaumburg CCSD 54,Schaumburg,695,,No,false,4th Grade,8th Grade
174007004030,Jane Addams Middle School,Valley View CUSD 365U,Bolingbrook,548,290,Yes under Community Eligibility Option (CEO),false,6th Grade,8th Grade
173645003758,Jane Stenson School,Skokie SD 68,Skokie,365,208,Yes participating without using any Provision or the CEO,false,Kindergarten,5th Grade
172038002298,Jasper Co Jr High,Jasper County CUD 1,Newton,176,80,Yes participating without using any Provision or the CEO,false,7th Grade,8th Grade
172037002294,Jasper Elem School,Jasper CCSD 17,Fairfield,170,68,Yes participating without using any Provision or the CEO,false,Kindergarten,8th Grade
171047005307,Jay Stream Middle School,CCSD 93,Carol Stream,572,240,Yes participating without using any Provision or the CEO,false,6th Grade,8th Grade
172643002830,Je-Neir Elem School,Momence CUSD 1,Momence,328,245,Yes under Community Eligibility Option (CEO),false,Kindergarten,4th Grade
174279003401,Jean McNair Elementary School,Winnebago CUSD 323,Winnebago,252,84,Yes participating without using any Provision or the CEO,false,3rd Grade,5th Grade
170850000470,Jefferson Attendance Center,Carmi-White County CUSD 5,Carmi,158,88,Yes under Community Eligibility Option (CEO),false,2nd Grade,3rd Grade
174218002088,Jefferson Early Childhood Center,CUSD 200,Wheaton,302,,No,false,Prekindergarten,Prekindergarten
172640001824,Jefferson Early Childhood Ctr,Moline-Coal Valley CUSD 40,Moline,130,92,Yes participating without using any Provision or the CEO,false,Prekindergarten,Prekindergarten
170561000236,Jefferson Elem School,Belleville SD 118,Belleville,293,205,Yes under Community Eligibility Option (CEO),false,Prekindergarten,6th Grade
170606000286,Jefferson Elem School,Berwyn North SD 98,Berwyn,453,215,Yes under Community Eligibility Option (CEO),false,Prekindergarten,5th Grade
170960000569,Jefferson Elem School,Charleston CUSD 1,Charleston,698,360,Yes under Community Eligibility Option (CEO),false,4th Grade,6th Grade
170996001222,Jefferson Elem School,Chicago Heights SD 170,Chicago Heights,157,145,Yes under Community Eligibility Option (CEO),false,Prekindergarten,5th Grade
171200001451,Jefferson Elem School,DeKalb CUSD 428,Dekalb,308,175,Yes under Community Eligibility Option (CEO),false,Kindergarten,5th Grade
171233001484,Jefferson Elem School,Dixon USD 170,Dixon,344,202,Yes participating without using any Provision or the CEO,false,2nd Grade,3rd Grade
171397001750,Jefferson Elem School,Elmhurst SD 205,Elmhurst,329,9,Yes participating without using any Provision or the CEO,false,Kindergarten,5th Grade
171842002127,Jefferson Elem School,Harvard CUSD 50,Harvard,319,177,Yes under Community Eligibility Option (CEO),false,4th Grade,5th Grade
172055002319,Jefferson Elem School,Johnston City CUSD 1,Johnston City,270,172,Yes under Community Eligibility Option (CEO),false,Prekindergarten,2nd Grade
172460002663,Jefferson Elem School,Marion CUSD 2,Marion,376,196,Yes participating without using any Provision or the CEO,false,Prekindergarten,5th Grade
172500002714,Jefferson Elem School,Massac UD 1,Metropolis,114,53,Yes under Community Eligibility Option (CEO),false,Kindergarten,6th Grade
172680002862,Jefferson Elem School,Morton CUSD 709,Morton,354,133,Yes participating without using any Provision or the CEO,false,Prekindergarten,6th Grade
173030003136,Jefferson Elem School,Ottawa ESD 141,Ottawa,304,197,Yes under Community Eligibility Option (CEO),false,Prekindergarten,4th Grade
173108003234,Jefferson Elem School,Pekin PSD 108,Pekin,290,213,Yes under Community Eligibility Option (CEO),false,Kindergarten,3rd Grade
173267003388,Jefferson Elem School,Princeton ESD 115,Princeton,220,99,Yes participating without using any Provision or the CEO,false,Kindergarten,3rd Grade
174231004255,Jefferson Elem School,Sterling CUSD 5,Sterling,450,313,Yes under Community Eligibility Option (CEO),false,Prekindergarten,2nd Grade
173451003585,Jefferson High School,Rockford SD 205,Rockford,2173,1521,Yes under Community Eligibility Option (CEO),true,9th Grade,12th Grade
172771002933,Jefferson Jr High School,Naperville CUSD 203,Naperville,832,242,Yes participating without using any Provision or the CEO,false,6th Grade,8th Grade
170471000173,Jefferson Middle School,Aurora West USD 129,Aurora,577,359,Yes under Community Eligibility Option (CEO),false,6th Grade,8th Grade
170942000550,Jefferson Middle School,Champaign CUSD 4,Champaign,711,423,Yes under Community Eligibility Option (CEO),false,6th Grade,8th Grade
173708004431,Jefferson Middle School,Springfield SD 186,Springfield,517,417,Yes under Community Eligibility Option (CEO),false,6th Grade,8th Grade
174035004058,Jefferson Middle School,SD 45 DuPage County,Villa Park,375,223,Yes under Community Eligibility Option (CEO),false,6th Grade,8th Grade
170032605637,Jefferson Park School,El Paso-Gridley CUSD 11,El Paso,261,105,Yes participating without using any Provision or the CEO,false,Prekindergarten,2nd Grade
170600000283,Jefferson Primary School,Berkeley SD 87,Bellwood,380,286,Yes under Community Eligibility Option (CEO),false,Prekindergarten,2nd Grade
173084006374,Jefferson School,Park Ridge CCSD 64,Niles,154,,No,false,Prekindergarten,Prekindergarten
170993000875,Jensen Elem Scholastic Academy,Chicago Public Schools Dist 299,Chicago,255,241,Yes under Community Eligibility Option (CEO),false,Prekindergarten,8th Grade
173022005540,Jerling Junior High School,Orland SD 135,Orland Park,677,,No,false,6th Grade,8th Grade
172043002310,Jersey Comm High School,Jersey CUSD 100,Jerseyville,961,382,Yes participating without using any Provision or the CEO,false,8th Grade,12th Grade
172043002309,Jersey Community Middle School,Jersey CUSD 100,Jerseyville,489,221,Yes participating without using any Provision or the CEO,false,5th Grade,7th Grade
172043002311,Jerseyville East Elem School,Jersey CUSD 100,Jerseyville,392,194,Yes participating without using any Provision or the CEO,false,2nd Grade,4th Grade
172043002312,Jerseyville West Elem School,Jersey CUSD 100,Jerseyville,352,182,Yes participating without using any Provision or the CEO,false,Prekindergarten,1st Grade
171860002156,Jesse C White Learning Academy,Hazel Crest SD 152-5,Hazel Crest,425,419,Yes under Community Eligibility Option (CEO),false,Prekindergarten,8th Grade
170471002889,Jewel Middle School,Aurora West USD 129,North Aurora,490,247,Yes under Community Eligibility Option (CEO),false,6th Grade,8th Grade
172127005174,John a Bannes Elem School,Kirby SD 140,Tinley Park,421,,No,false,Prekindergarten,5th Grade
171065001282,John a Renfro Elementary School,Collinsville CUSD 10,Collinsville,498,326,Yes under Community Eligibility Option (CEO),false,Prekindergarten,4th Grade
172640002818,John Deere Middle School,Moline-Coal Valley CUSD 40,Moline,770,494,Yes participating without using any Provision or the CEO,false,6th Grade,8th Grade
173522003682,John E Albright Middle School,Salt Creek SD 48,Villa Park,183,85,Yes participating without using any Provision or the CEO,false,5th Grade,8th Grade
173564003712,John F Kennedy Elem School,Schiller Park SD 81,Schiller Park,603,410,Yes under Community Eligibility Option (CEO),false,Prekindergarten,3rd Grade
173705003812,John F Kennedy Elem School,Spring Valley CCSD 99,Spring Valley,632,385,Yes under Community Eligibility Option (CEO),false,Prekindergarten,8th Grade
173174005974,John F Kennedy Middle Sch,Plainfield SD 202,Plainfield,912,321,Yes participating without using any Provision or the CEO,false,6th Grade,8th Grade
170468000148,John Gates Elem School,Aurora East USD 131,Aurora,427,258,Yes under Community Eligibility Option (CEO),false,Prekindergarten,5th Grade
171966002240,John Greer Elem School,Hoopeston Area CUSD 11,Hoopeston,232,148,Yes under Community Eligibility Option (CEO),false,3rd Grade,5th Grade
170417000113,John Hersey High School,Township HSD 214,Arlington Heights,2040,,No,false,9th Grade,12th Grade
174007005863,John J Lukancic Middle Sch,Valley View CUSD 365U,Romeoville,591,317,Yes under Community Eligibility Option (CEO),false,6th Grade,8th Grade
170993001032,John J Pershing Magnet Elementary,Chicago Public Schools Dist 299,Chicago,439,365,Yes under Community Eligibility Option (CEO),false,Prekindergarten,8th Grade
171377001727,John Jay Elem School,Comm Cons SD 59,Mount Prospect,389,308,Yes participating without using any Provision or the CEO,false,Kindergarten,5th Grade
172076005569,John Kennedy Middle Grade School,Kankakee SD 111,Kankakee,519,478,Yes under Community Eligibility Option (CEO),false,2nd Grade,6th Grade
171041001259,John L Nash Middle School,Central CUSD 4,Clifton,278,115,Yes participating without using any Provision or the CEO,false,5th Grade,8th Grade
171704002012,John L Sipley Elem School,Woodridge SD 68,Woodridge,430,189,Yes participating without using any Provision or the CEO,false,Prekindergarten,6th Grade
174182004189,John Laidlaw Elem School,Western Springs SD 101,Western Springs,380,,No,false,Kindergarten,5th Grade
171038001253,John Middleton Elem School,Skokie SD 73-5,Skokie,521,173,Yes participating without using any Provision or the CEO,false,1st Grade,5th Grade
171410001762,John Mills Elem School,Elmwood Park CUSD 401,Elmwood Park,711,416,Yes participating without using any Provision or the CEO,false,Prekindergarten,5th Grade
173474003647,John Muir Literacy Academy,Schaumburg CCSD 54,Hoffman Estates,498,,No,false,Kindergarten,6th Grade
174125004138,John R Lewis Middle School,Waukegan CUSD 60,Waukegan,721,534,Yes under Community Eligibility Option (CEO),false,6th Grade,8th Grade
174007004026,John R Tibbott Elem School,Valley View CUSD 365U,Bolingbrook,330,224,Yes under Community Eligibility Option (CEO),false,Prekindergarten,5th Grade
174125004132,John S Clark Elem School,Waukegan CUSD 60,Waukegan,262,178,Yes under Community Eligibility Option (CEO),false,Kindergarten,5th Grade
172346006526,John Schroder Early Childhood Ctr,Lombard SD 44,Lombard,159,,No,false,Prekindergarten,Prekindergarten
171185005156,Johns Hill Magnet School,Decatur SD 61,Decatur,627,500,Yes under Community Eligibility Option (CEO),false,Kindergarten,8th Grade
172049002314,Johnsburg Elementary School,Johnsburg CUSD 12,Johnsburg,386,134,Yes participating without using any Provision or the CEO,false,3rd Grade,5th Grade
172049002315,Johnsburg High School,Johnsburg CUSD 12,Johnsburg,502,161,Yes participating without using any Provision or the CEO,false,9th Grade,12th Grade
172049002316,Johnsburg Jr High School,Johnsburg CUSD 12,Johnsburg,373,117,Yes participating without using any Provision or the CEO,false,6th Grade,8th Grade
170993000880,Johnson STEAM Elementary,Chicago Public Schools Dist 299,Chicago,209,208,Yes under Community Eligibility Option (CEO),false,Prekindergarten,8th Grade
171024001248,Johnsonville Elem School,North Wayne CUSD 200,Johnsonville,106,49,Yes under Community Eligibility Option (CEO),false,Prekindergarten,4th Grade
172055002320,Johnston City High School,Johnston City CUSD 1,Johnston City,328,164,Yes under Community Eligibility Option (CEO),true,9th Grade,12th Grade
172061002350,Joliet Central High School,Joliet Twp HSD 204,Joliet,3295,2559,Yes participating without using any Provision or the CEO,true,9th Grade,12th Grade
172061002352,Joliet West High School,Joliet Twp HSD 204,Joliet,3451,2055,Yes participating without using any Provision or the CEO,true,9th Grade,12th Grade
174007004031,Jonas E Salk Elem School,Valley View CUSD 365U,Bolingbrook,391,246,Yes under Community Eligibility Option (CEO),false,Kindergarten,5th Grade
170993000990,Jones College Prep High School,Chicago Public Schools Dist 299,Chicago,1954,742,Yes under Community Eligibility Option (CEO),false,9th Grade,12th Grade
172631006048,Jones Elementary School,Minooka CCSD 201,Joliet,553,179,Yes participating without using any Provision or the CEO,false,Kindergarten,4th Grade
171590001137,Jones-Farrar Intl Baccalaureate,Freeport SD 145,Freeport,350,184,Yes under Community Eligibility Option (CEO),false,Kindergarten,6th Grade
172064002353,Jonesboro Elem School,County of Union Sch Dist No43,Jonesboro,338,156,Yes under Community Eligibility Option (CEO),false,Prekindergarten,8th Grade
170993001156,Joplin Elem School,Chicago Public Schools Dist 299,Chicago,283,272,Yes under Community Eligibility Option (CEO),false,Prekindergarten,8th Grade
170001505226,Joppa Jr & Sr High School,Joppa-Maple Grove UD 38,Joppa,78,48,Yes under Community Eligibility Option (CEO),true,7th Grade,12th Grade
170993000441,Jordan Elem Community School,Chicago Public Schools Dist 299,Chicago,487,435,Yes under Community Eligibility Option (CEO),false,Prekindergarten,8th Grade
170927000534,Jordan Elem School,Centralia SD 135,Centralia,228,226,Yes under Community Eligibility Option (CEO),false,2nd Grade,3rd Grade
170917006007,Joseph Arthur Middle School,Central SD 104,O Fallon,299,,No,false,4th Grade,8th Grade
171446004569,Joseph E Hill Education Center,Evanston CCSD 65,Evanston,258,,No,false,Prekindergarten,Prekindergarten
170993000881,Joseph Jungman Magnet Elem School,Chicago Public Schools Dist 299,Chicago,301,219,Yes under Community Eligibility Option (CEO),false,Prekindergarten,8th Grade
170032506220,Journeys School,Region III Spec Ed Coop,Alton,0,,No,true,7th Grade,12th Grade
170032506369,Journeys South,Region III Spec Ed Coop,Bethalto,0,,No,true,6th Grade,12th Grade
174221004242,Joyce Kilmer Elem School,Wheeling CCSD 21,Buffalo Grove,590,420,Yes under Community Eligibility Option (CEO),false,Kindergarten,5th Grade
170993000722,Juarez Community Academy HS,Chicago Public Schools Dist 299,Chicago,1585,1337,Yes under Community Eligibility Option (CEO),true,9th Grade,12th Grade
171082001318,Judith Giacoma Elem School,Westville CUSD 2,Westville,610,353,Yes under Community Eligibility Option (CEO),false,Prekindergarten,6th Grade
173451003574,Julia Lathrop Elem School,Rockford SD 205,Rockford,357,301,Yes under Community Eligibility Option (CEO),false,Kindergarten,5th Grade
170025504690,Julia S Molloy Education Center,Niles Twp District for Spec Educ,Morton Grove,0,,No,true,Prekindergarten,12th Grade
170993000895,Julian High School,Chicago Public Schools Dist 299,Chicago,440,343,Yes under Community Eligibility Option (CEO),true,9th Grade,12th Grade
171377001722,Juliette Low Elem School,Comm Cons SD 59,Arlington Heights,274,162,Yes participating without using any Provision or the CEO,false,Kindergarten,5th Grade
170017103882,Juvenile Detention Center,Champaign/Ford ROE,Urbana,0,,Yes participating without using any Provision or the CEO,true,6th Grade,11th Grade
170468000149,K D Waldo Middle School,Aurora East USD 131,Aurora,729,510,Yes under Community Eligibility Option (CEO),false,6th Grade,8th Grade
172448005617,Kaneland Blackberry Creek Elem,Kaneland CUSD 302,Elburn,424,,No,false,Prekindergarten,5th Grade
172448005035,Kaneland Harter Middle School,Kaneland CUSD 302,Sugar Grove,822,152,Yes participating without using any Provision or the CEO,false,6th Grade,8th Grade
172448006900,Kaneland Igknight Academy,Kaneland CUSD 302,Maple Park,100,,No,false,3rd Grade,8th Grade
172448002910,Kaneland John Shields Elem Sch,Kaneland CUSD 302,Sugar Grove,421,,No,false,Prekindergarten,5th Grade
172448005036,Kaneland John Stewart Elem Sch,Kaneland CUSD 302,Elburn,500,,No,false,Prekindergarten,5th Grade
172448005618,Kaneland McDole Elem School,Kaneland CUSD 302,Montgomery,440,,No,false,Prekindergarten,5th Grade
172448002655,Kaneland Senior High School,Kaneland CUSD 302,Maple Park,1201,,No,false,9th Grade,12th Grade
172076002362,Kankakee High School,Kankakee SD 111,Kankakee,1360,1187,Yes under Community Eligibility Option (CEO),true,9th Grade,12th Grade
172076005023,Kankakee Junior High School,Kankakee SD 111,Kankakee,501,454,Yes under Community Eligibility Option (CEO),false,7th Grade,8th Grade
170993000787,Kanoon Elem Magnet School,Chicago Public Schools Dist 299,Chicago,389,365,Yes under Community Eligibility Option (CEO),false,Prekindergarten,8th Grade
172079002370,Kansas Elem School,Kansas CUSD 3,Kansas,95,51,Yes under Community Eligibility Option (CEO),false,Prekindergarten,6th Grade
172079002371,Kansas High School,Kansas CUSD 3,Kansas,73,46,Yes under Community Eligibility Option (CEO),true,7th Grade,12th Grade
170606000287,Karel Havlicek Elem School,Berwyn North SD 98,Berwyn,490,371,Yes under Community Eligibility Option (CEO),false,Prekindergarten,5th Grade
170005605105,Kasec Alternative Day Program,Kankakee Area Spec Educ Coop,Saint Anne,0,,Yes under Community Eligibility Option (CEO),true,4th Grade,12th Grade
171332005849,Katie Harper-Wright Elem,East St Louis SD 189,East Saint Louis,418,414,Yes under Community Eligibility Option (CEO),false,Prekindergarten,4th Grade
170017802632,Kec Central Efe 170,De Kalb ROE,Malta,0,,No,true,7th Grade,12th Grade
172091002377,Kell Grade School,Kell Cons SD 2,Kell,64,35,Yes under Community Eligibility Option (CEO),false,Prekindergarten,8th Grade
173123003269,Kellar Primary School,Peoria SD 150,Peoria,365,194,Yes under Community Eligibility Option (CEO),false,Kindergarten,4th Grade
173237001286,Kellar School,Posen-Robbins ESD 143-5,Robbins,431,325,Yes under Community Eligibility Option (CEO),false,6th Grade,8th Grade
170993000860,Keller Elem Gifted Magnet School,Chicago Public Schools Dist 299,Chicago,222,86,Yes under Community Eligibility Option (CEO),false,1st Grade,8th Grade
170993000760,Kellman Corporate Community Elem,Chicago Public Schools Dist 299,Chicago,209,199,Yes under Community Eligibility Option (CEO),false,Prekindergarten,8th Grade
170993000882,Kellogg Elem School,Chicago Public Schools Dist 299,Chicago,299,95,Yes under Community Eligibility Option (CEO),false,Kindergarten,8th Grade
170921000529,Kelvin Grove Jr High School,Lockport SD 91,Lockport,260,95,Yes participating without using any Provision or the CEO,false,4th Grade,8th Grade
170993000923,Kelvyn Park High School,Chicago Public Schools Dist 299,Chicago,577,464,Yes under Community Eligibility Option (CEO),true,7th Grade,12th Grade
170910005138,Kemmerer Village School,Central A & M CUD 21,Assumption,0,,No,true,6th Grade,12th Grade
170996001223,Kennedy Elem School,Chicago Heights SD 170,Chicago Heights,193,188,Yes under Community Eligibility Option (CEO),false,Prekindergarten,5th Grade
170993000924,Kennedy High School,Chicago Public Schools Dist 299,Chicago,1647,1084,Yes under Community Eligibility Option (CEO),true,9th Grade,12th Grade
172771005436,Kennedy Junior High School,Naperville CUSD 203,Lisle,937,104,Yes participating without using any Provision or the CEO,false,6th Grade,8th Grade
173451003394,Kennedy Middle School,Rockford SD 205,Rockford,393,355,Yes under Community Eligibility Option (CEO),false,6th Grade,8th Grade
171179006288,Kenneth D Bailey Academy,Danville CCSD 118,Danville,0,,Yes under Community Eligibility Option (CEO),true,5th Grade,12th Grade
170855000495,Kenneth E Neubert Elem School,CUSD 300,Algonquin,445,135,Yes participating without using any Provision or the CEO,false,Kindergarten,5th Grade
174007004542,Kenneth L Hermansen Elementary,Valley View CUSD 365U,Romeoville,431,233,Yes under Community Eligibility Option (CEO),false,Kindergarten,5th Grade
170001000022,Kenneth Murphy School,Beach Park CCSD 3,Beach Park,394,211,Yes under Community Eligibility Option (CEO),false,Kindergarten,5th Grade
170993000925,Kenwood Academy High School,Chicago Public Schools Dist 299,Chicago,2268,1220,Yes under Community Eligibility Option (CEO),true,7th Grade,12th Grade
170942000551,Kenwood Elem School,Champaign CUSD 4,Champaign,402,228,Yes under Community Eligibility Option (CEO),false,Kindergarten,5th Grade
171371005612,Kenyon Woods Middle School,SD U-46,South Elgin,873,330,Yes under Community Eligibility Option (CEO),false,7th Grade,8th Grade
171548001862,Kerkstra Elem School,Forest Ridge SD 142,Oak Forest,407,178,Yes participating without using any Provision or the CEO,false,1st Grade,5th Grade
170993000883,Kershaw Elem School,Chicago Public Schools Dist 299,Chicago,226,201,Yes under Community Eligibility Option (CEO),false,Prekindergarten,8th Grade
172100002383,Kewanee High School,Kewanee CUSD 229,Kewanee,582,354,Yes under Community Eligibility Option (CEO),true,9th Grade,12th Grade
172103002386,Kildeer Countryside Elem School,Kildeer Countryside CCSD 96,Long Grove,428,,No,false,1st Grade,5th Grade
170993000886,Kilmer Elem School,Chicago Public Schools Dist 299,Chicago,790,616,Yes under Community Eligibility Option (CEO),false,Prekindergarten,8th Grade
173042003148,Kimball Hill Elem School,Palatine CCSD 15,Rolling Meadows,524,204,Yes participating without using any Provision or the CEO,false,Prekindergarten,5th Grade
171371001675,Kimball Middle School,SD U-46,Elgin,501,320,Yes under Community Eligibility Option (CEO),false,7th Grade,8th Grade
170393000079,Kimberly Heights Elem School,Arbor Park SD 145,Tinley Park,181,64,Yes participating without using any Provision or the CEO,false,Prekindergarten,Kindergarten
170011205383,Kimes Elem School,Streator ESD 44,Streator,415,293,Yes under Community Eligibility Option (CEO),false,Prekindergarten,2nd Grade
170993000856,King Academy of Social Justice,Chicago Public Schools Dist 299,Chicago,213,187,Yes under Community Eligibility Option (CEO),false,Prekindergarten,8th Grade
170993000931,King College Prep High School,Chicago Public Schools Dist 299,Chicago,819,678,Yes under Community Eligibility Option (CEO),true,9th Grade,12th Grade
172076002366,King Middle Grade School,Kankakee SD 111,Kankakee,385,363,Yes under Community Eligibility Option (CEO),false,3rd Grade,6th Grade
171608001931,King School,Galesburg CUSD 205,Galesburg,510,445,Yes under Community Eligibility Option (CEO),false,Kindergarten,4th Grade
172113002392,Kings Elementary School,Kings Cons SD 144,Kings,81,32,Yes participating without using any Provision or the CEO,false,Kindergarten,8th Grade
171254001512,Kingsley Elem School,Downers Grove GSD 58,Downers Grove,359,,No,false,Prekindergarten,6th Grade
171446005537,Kingsley Elementary School,Evanston CCSD 65,Evanston,334,103,Yes participating without using any Provision or the CEO,false,Kindergarten,5th Grade
172771005516,Kingsley Elementary School,Naperville CUSD 203,Naperville,415,68,Yes participating without using any Provision or the CEO,false,Kindergarten,5th Grade
172862005695,Kingsley Jr High School,McLean County USD 5,Normal,730,298,Yes participating without using any Provision or the CEO,false,6th Grade,8th Grade
171641001961,Kingston Elementary School,Genoa Kingston CUSD 424,Kingston,310,134,Yes participating without using any Provision or the CEO,false,Prekindergarten,2nd Grade
172118003822,Kinnikinnick School,Kinnikinnick CCSD 131,Roscoe,350,107,Yes participating without using any Provision or the CEO,false,4th Grade,5th Grade
170993000890,Kinzie Elem School,Chicago Public Schools Dist 299,Chicago,637,392,Yes under Community Eligibility Option (CEO),false,Prekindergarten,8th Grade
170993000892,Kipling Elem School,Chicago Public Schools Dist 299,Chicago,237,208,Yes under Community Eligibility Option (CEO),false,Prekindergarten,8th Grade
171198001438,Kipling Elem School,Deerfield SD 109,Deerfield,452,,No,false,Kindergarten,5th Grade
170993006477,Kipp Academy Chicago Campus,Chicago Public Schools Dist 299,Chicago,649,609,Yes under Community Eligibility Option (CEO),false,Kindergarten,8th Grade
170993006509,Kipp Chicago Chrtrs - Ascend Acad,Chicago Public Schools Dist 299,Chicago,897,850,Yes under Community Eligibility Option (CEO),false,Kindergarten,8th Grade
170993006510,Kipp Chicago Chrtrs Bloom Campus,Chicago Public Schools Dist 299,Chicago,921,864,Yes under Community Eligibility Option (CEO),false,Kindergarten,8th Grade
170993006520,Kipp One Academy,Chicago Public Schools Dist 299,Chicago,996,968,Yes under Community Eligibility Option (CEO),false,Kindergarten,8th Grade
171608006617,Knox Co Mary Davis Detention Home,Galesburg CUSD 205,Galesburg,0,,No,true,6th Grade,12th Grade
173123005961,Knoxville Cntr Student Success,Peoria SD 150,Peoria,0,,Yes under Community Eligibility Option (CEO),true,9th Grade,12th Grade
172139002406,Knoxville Jr High School,Knoxville CUSD 202,Knoxville,262,95,Yes under Community Eligibility Option (CEO),false,5th Grade,8th Grade
172139002407,Knoxville Sr High School,Knoxville CUSD 202,Knoxville,272,134,Yes participating without using any Provision or the CEO,true,9th Grade,12th Grade
172919003053,Kolmar Avenue Elem School,Oak Lawn-Hometown SD 123,Oak Lawn,391,121,Yes participating without using any Provision or the CEO,false,Kindergarten,5th Grade
172592002786,Kolmar Elem School,Midlothian SD 143,Midlothian,535,348,Yes under Community Eligibility Option (CEO),false,Kindergarten,8th Grade
172142002410,Komarek Elem School,Komarek SD 94,North Riverside,570,306,Yes participating without using any Provision or the CEO,false,Prekindergarten,8th Grade
170609000292,Komensky Elem School,Berwyn South SD 100,Berwyn,320,274,Yes under Community Eligibility Option (CEO),false,Prekindergarten,5th Grade
170993000903,Kozminski Elem Community Academy,Chicago Public Schools Dist 299,Chicago,275,218,Yes under Community Eligibility Option (CEO),false,Prekindergarten,8th Grade
171065001281,Kreitner Elem School,Collinsville CUSD 10,Collinsville,378,341,Yes under Community Eligibility Option (CEO),false,Prekindergarten,4th Grade
170468000150,L D Brady Elem School,Aurora East USD 131,Aurora,310,210,Yes under Community Eligibility Option (CEO),false,Prekindergarten,5th Grade
173108003237,L E Starke Elem School,Pekin PSD 108,Pekin,139,87,Yes under Community Eligibility Option (CEO),false,Kindergarten,3rd Grade
173399003495,L J Hauser Jr High School,Riverside SD 96,Riverside,597,151,Yes participating without using any Provision or the CEO,false,6th Grade,8th Grade
174263004281,L J Stevens Intermediate School,Wilmington CUSD 209U,Wilmington,353,174,Yes participating without using any Provision or the CEO,false,2nd Grade,5th Grade
170138105943,La Harpe Elementary School,La Harpe CSD 347,La Harpe,181,150,Yes under Community Eligibility Option (CEO),false,Prekindergarten,8th Grade
172168002434,La Moille Jr/Sr High School,La Moille CUSD 303,La Moille,86,41,Yes participating without using any Provision or the CEO,true,7th Grade,12th Grade
172211002481,La Salle-Peru Twp High School,La Salle-Peru Twp HSD 120,La Salle,1167,552,Yes participating without using any Provision or the CEO,false,9th Grade,12th Grade
172145002414,Lace Elem School,Darien SD 61,Darien,377,116,Yes participating without using any Provision or the CEO,false,3rd Grade,5th Grade
172151002419,Ladd Comm Cons Sch,Ladd CCSD 94,Ladd,183,97,Yes participating without using any Provision or the CEO,false,Prekindergarten,8th Grade
172172006073,Lake Bluff Elem Sch,Lake Bluff ESD 65,Lake Bluff,572,,No,false,Prekindergarten,5th Grade
172172002444,Lake Bluff Middle School,Lake Bluff ESD 65,Lake Bluff,305,,No,false,6th Grade,8th Grade
170019305829,Lake Co Collaborative Alop,Lake ROE,Grayslake,0,,No,true,7th Grade,12th Grade
172309006634,Lake Co Hulse Detention Center 6-,Lincolnshire-Prairieview SD 103,Vernon Hills,0,,No,true,6th Grade,8th Grade
172934003072,Lake Crest Elem School,Oakland CUSD 5,Oakland,185,87,Yes under Community Eligibility Option (CEO),false,Prekindergarten,8th Grade
172178002452,Lake Forest High School,Lake Forest CHSD 115,Lake Forest,1359,,No,false,9th Grade,12th Grade
170855000490,Lake in the Hills Elem School,CUSD 300,Lk In The Hls,502,314,Yes under Community Eligibility Option (CEO),false,Kindergarten,5th Grade
173042003149,Lake Louise Elem School,Palatine CCSD 15,Palatine,608,325,Yes participating without using any Provision or the CEO,false,Prekindergarten,5th Grade
170315000008,Lake Park Elem School,Addison SD 4,Addison,294,247,Yes under Community Eligibility Option (CEO),false,Kindergarten,5th Grade
172184002454,Lake Park High School,Lake Park CHSD 108,Roselle,2522,,No,false,9th Grade,12th Grade
170993000941,Lake View High School,Chicago Public Schools Dist 299,Chicago,1431,1074,Yes under Community Eligibility Option (CEO),true,9th Grade,12th Grade
172190002460,Lake Zurich High School,Lake Zurich CUSD 95,Lake Zurich,1839,,No,false,9th Grade,12th Grade
172190002461,Lake Zurich Middle - N Campus,Lake Zurich CUSD 95,Hawthorn Woods,697,163,Yes participating without using any Provision or the CEO,false,6th Grade,8th Grade
172190000517,Lake Zurich Middle - S Campus,Lake Zurich CUSD 95,Lake Zurich,599,92,Yes participating without using any Provision or the CEO,false,6th Grade,8th Grade
170387005622,Lakes Community High School,Chsd 117,Lake Villa,1334,,No,false,9th Grade,12th Grade
173708003828,Laketown Elem School,Springfield SD 186,Springfield,135,91,Yes under Community Eligibility Option (CEO),false,Kindergarten,5th Grade
173474003648,Lakeview Elem School,Schaumburg CCSD 54,Hoffman Estates,504,,No,false,Kindergarten,6th Grade
170897000523,Lakeview Jr High School,Center Cass SD 66,Downers Grove,340,61,Yes participating without using any Provision or the CEO,false,6th Grade,8th Grade
174386006826,Lakeview School,Zion ESD 6,Zion,249,206,Yes under Community Eligibility Option (CEO),false,Prekindergarten,2nd Grade
173027005698,Lakewood Creek Elementary,CUSD 308,Montgomery,767,290,Yes participating without using any Provision or the CEO,false,Prekindergarten,5th Grade
173174002209,Lakewood Falls Elem School,Plainfield SD 202,Plainfield,543,278,Yes under Community Eligibility Option (CEO),false,Kindergarten,5th Grade
170855005298,Lakewood School,CUSD 300,Carpentersville,590,513,Yes under Community Eligibility Option (CEO),false,Prekindergarten,5th Grade
170804000414,Lalumier Elem School,Cahokia CUSD 187,Centreville,276,250,Yes under Community Eligibility Option (CEO),false,Prekindergarten,3rd Grade
172529005514,Landmark Elem School,McHenry CCSD 15,McHenry,189,44,Yes participating without using any Provision or the CEO,false,Kindergarten,5th Grade
170348000029,Lane Elem School,Alsip-Hazlgrn-Oaklwn SD 126,Alsip,228,136,Yes under Community Eligibility Option (CEO),false,Kindergarten,6th Grade
170993000942,Lane Technical High School,Chicago Public Schools Dist 299,Chicago,4604,1621,Yes under Community Eligibility Option (CEO),false,7th Grade,12th Grade
170993001217,Langford a Elem School,Chicago Public Schools Dist 299,Chicago,181,173,Yes under Community Eligibility Option (CEO),false,Prekindergarten,8th Grade
173708003829,Lanphier High School,Springfield SD 186,Springfield,1117,829,Yes under Community Eligibility Option (CEO),true,9th Grade,12th Grade
170993001612,Lara Elem Academy,Chicago Public Schools Dist 299,Chicago,362,331,Yes under Community Eligibility Option (CEO),false,Prekindergarten,8th Grade
172205002473,Laraway School,Laraway CCSD 70C,Joliet,433,393,Yes under Community Eligibility Option (CEO),false,Prekindergarten,8th Grade
170005904472,Laremont School,Spec Educ Dist Lake County/Sedol,Gages Lake,0,,Yes participating without using any Provision or the CEO,true,Prekindergarten,12th Grade
171371001690,Larkin High School,SD U-46,Elgin,2174,1413,Yes under Community Eligibility Option (CEO),true,9th Grade,12th Grade
171371001689,Larsen Middle School,SD U-46,Elgin,570,358,Yes under Community Eligibility Option (CEO),false,7th Grade,8th Grade
174053006627,Lasalle Co Detention Center 6-8,Wallace CCSD 195,Ottawa,0,,No,true,6th Grade,8th Grade
173033006613,Lasalle Co Detention Center 9-12,Ottawa Twp HSD 140,Ottawa,0,,No,true,9th Grade,12th Grade
170993000905,Lasalle Elem Language Academy,Chicago Public Schools Dist 299,Chicago,456,127,Yes under Community Eligibility Option (CEO),false,Kindergarten,8th Grade
171129001353,Lasalle Elem School,Creve Coeur SD 76,Creve Coeur,262,206,Yes under Community Eligibility Option (CEO),false,Prekindergarten,4th Grade
170993005979,Lasalle II Lang Acad Elem Sch,Chicago Public Schools Dist 299,Chicago,589,196,Yes under Community Eligibility Option (CEO),false,Prekindergarten,8th Grade
172309002547,Laura B Sprague School,Lincolnshire-Prairieview SD 103,Lincolnshire,525,,No,false,Prekindergarten,2nd Grade
171371001687,Laurel Hill Elem School,SD U-46,Hanover Park,384,275,Yes under Community Eligibility Option (CEO),false,Kindergarten,6th Grade
172976003088,Laverna Evans Elem School,O Fallon CCSD 90,O Fallon,421,178,Yes participating without using any Provision or the CEO,false,Prekindergarten,5th Grade
170993001135,Lavizzo Elem School,Chicago Public Schools Dist 299,Chicago,394,354,Yes under Community Eligibility Option (CEO),false,Prekindergarten,8th Grade
170456000136,Lawn Manor School,Atwood Heights SD 125,Oak Lawn,210,129,Yes under Community Eligibility Option (CEO),false,Prekindergarten,2nd Grade
170993000907,Lawndale Elem Community Academy,Chicago Public Schools Dist 299,Chicago,191,154,Yes under Community Eligibility Option (CEO),false,Prekindergarten,8th Grade
172215002488,Lawrenceville High School,Lawrence County CUD 20,Lawrenceville,298,169,Yes participating without using any Provision or the CEO,true,9th Grade,12th Grade
173996004011,Leal Elem School,Urbana SD 116,Urbana,373,222,Yes under Community Eligibility Option (CEO),false,Kindergarten,5th Grade
170011006401,Learn 10 Charter School,North Chicago SD 187,North Chicago,297,206,Yes under Community Eligibility Option (CEO),false,Kindergarten,8th Grade
170993006457,Learn Charter Excel Campus,Chicago Public Schools Dist 299,Chicago,379,354,Yes under Community Eligibility Option (CEO),false,Kindergarten,6th Grade
170993006469,Learn Chtr - 7th Campus,Chicago Public Schools Dist 299,Chicago,144,127,Yes under Community Eligibility Option (CEO),false,Kindergarten,5th Grade
170993006471,Learn Chtr - Butler,Chicago Public Schools Dist 299,Chicago,475,462,Yes under Community Eligibility Option (CEO),false,Kindergarten,8th Grade
170993006492,Learn Chtr - Hunter Perkins Camp,Chicago Public Schools Dist 299,Chicago,472,381,Yes under Community Eligibility Option (CEO),false,Kindergarten,8th Grade
170993006443,Learn Chtr - Middle School,Chicago Public Schools Dist 299,Chicago,176,163,Yes under Community Eligibility Option (CEO),false,6th Grade,8th Grade
170993006451,Learn Chtr - South Chicago Campus,Chicago Public Schools Dist 299,Chicago,390,344,Yes under Community Eligibility Option (CEO),false,Kindergarten,8th Grade
170011006217,Learn Chtr Sch 6 N Chicago Campus,North Chicago SD 187,Great Lakes,503,306,Yes under Community Eligibility Option (CEO),false,Kindergarten,8th Grade
170993006502,Learn Chtr-Campbell Campus,Chicago Public Schools Dist 299,Chicago,357,338,Yes under Community Eligibility Option (CEO),false,Kindergarten,6th Grade
170142306386,Learn John Kathy Schreiber Chrtr,LEARN John and Kathy Schreiber Ch,Waukegan,519,435,Yes under Community Eligibility Option (CEO),false,Kindergarten,8th Grade
172230002497,Lebanon Elem School,Lebanon CUSD 9,Lebanon,312,130,Yes under Community Eligibility Option (CEO),false,Prekindergarten,5th Grade
172230002498,Lebanon High School,Lebanon CUSD 9,Lebanon,218,87,Yes under Community Eligibility Option (CEO),true,6th Grade,12th Grade
171353001642,Leclaire Elem School,Edwardsville CUSD 7,Edwardsville,312,94,Yes participating without using any Provision or the CEO,false,Prekindergarten,2nd Grade
172118002397,Ledgewood Elem School,Kinnikinnick CCSD 131,Roscoe,375,372,Yes under Community Eligibility Option (CEO),false,Prekindergarten,1st Grade
170993001214,Lee Elem School,Chicago Public Schools Dist 299,Chicago,581,526,Yes under Community Eligibility Option (CEO),false,Kindergarten,8th Grade
171548001863,Lee R Foster Elem School,Forest Ridge SD 142,Oak Forest,397,193,Yes participating without using any Provision or the CEO,false,1st Grade,5th Grade
173451006077,Legacy Acad of Excellence Charter,Rockford SD 205,Rockford,234,46,Yes under Community Eligibility Option (CEO),true,Kindergarten,8th Grade
170993005799,Legacy Elem Charter School,Chicago Public Schools Dist 299,Chicago,458,423,Yes under Community Eligibility Option (CEO),false,Kindergarten,8th Grade
170993006241,Legal Prep Academy Charter HS,Chicago Public Schools Dist 299,Chicago,210,205,Yes under Community Eligibility Option (CEO),true,9th Grade,12th Grade
171983004183,Leggee Elementary School,Huntley Comm Sch Dist 158,Huntley,877,155,Yes participating without using any Provision or the CEO,false,Kindergarten,5th Grade
170993000730,Leland Elem School,Chicago Public Schools Dist 299,Chicago,344,329,Yes under Community Eligibility Option (CEO),false,Prekindergarten,8th Grade
172287004701,Leland Elem School,Leland CUSD 1,Leland,175,66,Yes participating without using any Provision or the CEO,false,Prekindergarten,8th Grade
172287002533,Leland High School,Leland CUSD 1,Leland,88,32,Yes participating without using any Provision or the CEO,true,9th Grade,12th Grade
174155004164,Leman Middle School,West Chicago ESD 33,West Chicago,1048,648,Yes under Community Eligibility Option (CEO),false,6th Grade,8th Grade
172250002508,Lemont Twp High School,Lemont Twp HSD 210,Lemont,1284,218,Yes participating without using any Provision or the CEO,false,9th Grade,12th Grade
172253002509,Lena-Winslow Elem School,Lena Winslow CUSD 202,Lena,412,167,Yes participating without using any Provision or the CEO,false,Prekindergarten,5th Grade
172253002510,Lena-Winslow High School,Lena Winslow CUSD 202,Lena,232,86,Yes participating without using any Provision or the CEO,false,9th Grade,12th Grade
172253002511,Lena-Winslow Jr High School,Lena Winslow CUSD 202,Lena,173,70,Yes participating without using any Provision or the CEO,false,6th Grade,8th Grade
170993005269,Lenart Elem Regional Gifted Ctr,Chicago Public Schools Dist 299,Chicago,300,121,Yes under Community Eligibility Option (CEO),false,Prekindergarten,8th Grade
170017504660,Lerna Bridges,Clk/Cls/Cmbn/Dglas/Edgr/Mltr/Shlb,Lerna,0,,Yes under Community Eligibility Option (CEO),true,6th Grade,12th Grade
172262004698,Leroy Elementary School,LeRoy CUSD 2,Le Roy,405,108,Yes participating without using any Provision or the CEO,false,Prekindergarten,6th Grade
172262002514,Leroy High School,LeRoy CUSD 2,Le Roy,232,50,Yes participating without using any Provision or the CEO,false,9th Grade,12th Grade
172262002513,Leroy Junior High School,LeRoy CUSD 2,Le Roy,102,23,Yes participating without using any Provision or the CEO,false,7th Grade,8th Grade
172202002568,Lester Crawl Primary Ctr,Lansing SD 158,Lansing,135,4,Yes under Community Eligibility Option (CEO),false,Prekindergarten,1st Grade
171254001513,Lester Elem School,Downers Grove GSD 58,Downers Grove,531,,No,false,Prekindergarten,6th Grade
172680005284,Lettie Brown Elementary School,Morton CUSD 709,Morton,346,47,Yes participating without using any Provision or the CEO,false,Kindergarten,6th Grade
170360000042,Lewis & Clark Elem School,Alton CUSD 11,Godfrey,251,144,Yes under Community Eligibility Option (CEO),false,Kindergarten,1st Grade
170993000911,Lewis Elem School,Chicago Public Schools Dist 299,Chicago,427,416,Yes under Community Eligibility Option (CEO),false,Prekindergarten,8th Grade
173451000240,Lewis Lemon Elementary,Rockford SD 205,Rockford,378,347,Yes under Community Eligibility Option (CEO),false,Kindergarten,5th Grade
170834000452,Lewis School,Carbondale ESD 95,Carbondale,325,235,Yes under Community Eligibility Option (CEO),false,4th Grade,5th Grade
174305004320,Lewis-Clark Elem School,Wood River-Hartford ESD 15,Wood River,236,189,Yes under Community Eligibility Option (CEO),false,Kindergarten,5th Grade
174305004321,Lewis-Clark Jr High School,Wood River-Hartford ESD 15,Wood River,171,124,Yes under Community Eligibility Option (CEO),false,6th Grade,8th Grade
170015302517,Lewistown Jr/Sr High School,Lewistown CUSD 97,Lewistown,262,128,Yes under Community Eligibility Option (CEO),true,7th Grade,12th Grade
172271004699,Lexington Elem School,Lexington CUSD 7,Lexington,238,59,Yes participating without using any Provision or the CEO,false,Prekindergarten,5th Grade
172271002519,Lexington High School,Lexington CUSD 7,Lexington,163,30,Yes participating without using any Provision or the CEO,false,9th Grade,12th Grade
172271002518,Lexington Jr High School,Lexington CUSD 7,Lexington,110,17,Yes participating without using any Provision or the CEO,false,6th Grade,8th Grade
170993000916,Libby Elem School,Chicago Public Schools Dist 299,Chicago,275,209,Yes under Community Eligibility Option (CEO),false,Prekindergarten,8th Grade
171371004792,Liberty Elem School,SD U-46,Bartlett,401,132,Yes under Community Eligibility Option (CEO),false,Prekindergarten,6th Grade
171020000277,Liberty Elem School,Cicero SD 99,Cicero,453,356,Yes participating without using any Provision or the CEO,false,Prekindergarten,3rd Grade
171179001388,Liberty Elem School,Danville CCSD 118,Danville,377,358,Yes under Community Eligibility Option (CEO),false,Kindergarten,4th Grade
173022003124,Liberty Elem School,Orland SD 135,Orland Park,627,,No,false,3rd Grade,5th Grade
173174005750,Liberty Elementary School,Plainfield SD 202,Bolingbrook,522,140,Yes participating without using any Provision or the CEO,false,Kindergarten,5th Grade
170855004802,Liberty Elementary School,CUSD 300,Carpentersville,749,335,Yes participating without using any Provision or the CEO,false,Prekindergarten,5th Grade
172277002523,Liberty Elementary School,Liberty CUSD 2,Liberty,336,95,Yes participating without using any Provision or the CEO,false,Prekindergarten,6th Grade
172277002524,Liberty High School,Liberty CUSD 2,Liberty,253,74,Yes participating without using any Provision or the CEO,false,7th Grade,12th Grade
170675005828,Liberty Intermediate School,Bourbonnais SD 53,Bourbonnais,714,382,Yes participating without using any Provision or the CEO,false,4th Grade,6th Grade
173681005027,Liberty Junior High School,Burbank SD 111,Burbank,1087,766,Yes under Community Eligibility Option (CEO),false,6th Grade,8th Grade
172814004933,Liberty Junior High School,New Lenox SD 122,New Lenox,573,96,Yes participating without using any Provision or the CEO,false,7th Grade,8th Grade
173123005332,Liberty Leadership Middle School,Peoria SD 150,Peoria,350,225,Yes under Community Eligibility Option (CEO),false,5th Grade,8th Grade
171353005717,Liberty Middle School,Edwardsville CUSD 7,Edwardsville,888,171,Yes participating without using any Provision or the CEO,false,6th Grade,8th Grade
172283002531,Libertyville High School,Chsd 128,Libertyville,1777,,No,false,9th Grade,12th Grade
172286002532,Lick Creek Elem School,Lick Creek CCSD 16,Buncombe,126,50,Yes under Community Eligibility Option (CEO),false,Prekindergarten,8th Grade
170002304731,Life Academy,Eastern IL Area of Spec Educ,Mattoon,0,,Yes under Community Eligibility Option (CEO),true,Prekindergarten,12th Grade
170783000399,Lily Lake Grade School,Central CUSD 301,Maple Park,275,66,Yes participating without using any Provision or the CEO,false,Prekindergarten,5th Grade
172295002535,Limestone Community High School,Limestone CHSD 310,Peoria,898,447,Yes participating without using any Provision or the CEO,true,9th Grade,12th Grade
171884002171,Limestone Middle Sch,Herscher CUSD 2,Kankakee,468,157,Yes participating without using any Provision or the CEO,false,5th Grade,8th Grade
172292002534,Limestone Walters Elem School,Limestone Walters CCSD 316,Peoria,169,51,Yes participating without using any Provision or the CEO,false,Prekindergarten,8th Grade
170850000474,Lincoln Attendance Center,Carmi-White County CUSD 5,Carmi,176,109,Yes under Community Eligibility Option (CEO),false,Kindergarten,1st Grade
172076002365,Lincoln Cltrl Ctr-Montessori Elem,Kankakee SD 111,Kankakee,437,370,Yes under Community Eligibility Option (CEO),false,Prekindergarten,8th Grade
172305002542,Lincoln Comm High School,Lincoln CHSD 404,Lincoln,764,399,Yes participating without using any Provision or the CEO,false,9th Grade,12th Grade
170032005604,Lincoln Early Childhood School,Monmouth-Roseville CUSD 238,Monmouth,324,203,Yes under Community Eligibility Option (CEO),false,Prekindergarten,1st Grade
170315000009,Lincoln Elem School,Addison SD 4,Addison,345,279,Yes under Community Eligibility Option (CEO),false,Kindergarten,5th Grade
170375000066,Lincoln Elem School,Anna CCSD 37,Anna,235,107,Yes under Community Eligibility Option (CEO),false,Prekindergarten,2nd Grade
170579000259,Lincoln Elem School,Belvidere CUSD 100,Belvidere,573,329,Yes under Community Eligibility Option (CEO),false,Prekindergarten,5th Grade
170651000332,Lincoln Elem School,Cook County SD 130,Blue Island,342,284,Yes under Community Eligibility Option (CEO),false,Kindergarten,3rd Grade
172385002599,Lincoln Elem School,Lyons SD 103,Brookfield,366,269,Yes under Community Eligibility Option (CEO),false,Prekindergarten,5th Grade
170810000425,Lincoln Elem School,Lincoln ESD 156,Calumet City,717,714,Yes under Community Eligibility Option (CEO),false,Prekindergarten,8th Grade
170993000918,Lincoln Elem School,Chicago Public Schools Dist 299,Chicago,868,88,Yes under Community Eligibility Option (CEO),false,Kindergarten,8th Grade
170996001224,Lincoln Elem School,Chicago Heights SD 170,Chicago Heights,84,84,Yes under Community Eligibility Option (CEO),false,Prekindergarten,5th Grade
171044001264,Lincoln Elem School,Clinton CUSD 15,Clinton,183,87,Yes participating without using any Provision or the CEO,false,Prekindergarten,1st Grade
171848002139,Lincoln Elem School,W Harvey-Dixmoor PSD 147,Dixmoor,174,168,Yes under Community Eligibility Option (CEO),false,Prekindergarten,Kindergarten
171324001572,Lincoln Elem School,East Peoria SD 86,East Peoria,148,94,Yes under Community Eligibility Option (CEO),false,3rd Grade,5th Grade
171397001751,Lincoln Elem School,Elmhurst SD 205,Elmhurst,527,23,Yes participating without using any Provision or the CEO,false,Kindergarten,5th Grade
171446001792,Lincoln Elem School,Evanston CCSD 65,Evanston,343,131,Yes participating without using any Provision or the CEO,false,Kindergarten,5th Grade
172028002289,Lincoln Elem School,Jacksonville SD 117,Jacksonville,246,212,Yes under Community Eligibility Option (CEO),false,Kindergarten,5th Grade
172392002607,Lincoln Elem School,Macomb CUSD 185,Macomb,412,261,Yes under Community Eligibility Option (CEO),false,Kindergarten,2nd Grade
172460002664,Lincoln Elem School,Marion CUSD 2,Marion,482,321,Yes participating without using any Provision or the CEO,false,Kindergarten,5th Grade
172511002742,Lincoln Elem School,Maywood-Melrose Park-Broadview 89,Maywood,431,240,Yes under Community Eligibility Option (CEO),false,Prekindergarten,5th Grade
172562002772,Lincoln Elem School,Mendota CCSD 289,Mendota,319,195,Yes under Community Eligibility Option (CEO),false,2nd Grade,4th Grade
172680002863,Lincoln Elem School,Morton CUSD 709,Morton,517,71,Yes participating without using any Provision or the CEO,false,Prekindergarten,6th Grade
172754006361,Lincoln Elem School,Mundelein ESD 75,Mundelein,88,,No,false,Prekindergarten,Prekindergarten
172967003082,Lincoln Elem School,Oglesby ESD 125,Oglesby,328,164,Yes under Community Eligibility Option (CEO),false,Prekindergarten,5th Grade
173030003138,Lincoln Elem School,Ottawa ESD 141,Ottawa,387,268,Yes under Community Eligibility Option (CEO),false,Prekindergarten,4th Grade
172055002321,Lincoln Elem School,Johnston City CUSD 1,Pittsburg,163,106,Yes under Community Eligibility Option (CEO),false,3rd Grade,4th Grade
173267003389,Lincoln Elem School,Princeton ESD 115,Princeton,211,96,Yes participating without using any Provision or the CEO,false,3rd Grade,4th Grade
173381003471,Lincoln Elem School,River Forest SD 90,River Forest,381,,No,false,Prekindergarten,4th Grade
173426003512,Lincoln Elem School,Rochelle CCSD 231,Rochelle,491,267,Yes under Community Eligibility Option (CEO),false,Prekindergarten,1st Grade
174231004256,Lincoln Elem School,Sterling CUSD 5,Sterling,277,195,Yes under Community Eligibility Option (CEO),false,3rd Grade,5th Grade
174218004214,Lincoln Elem School,CUSD 200,Wheaton,458,150,Yes participating without using any Provision or the CEO,false,Kindergarten,5th Grade
173174005732,Lincoln Elementary,Plainfield SD 202,Plainfield,536,117,Yes participating without using any Provision or the CEO,false,Kindergarten,5th Grade
170576000248,Lincoln Elementary School,Bellwood SD 88,Bellwood,310,308,Yes under Community Eligibility Option (CEO),false,Kindergarten,5th Grade
170828000442,Lincoln Elementary School,Canton Union SD 66,Canton,186,82,Yes under Community Eligibility Option (CEO),false,Kindergarten,4th Grade
171200001452,Lincoln Elementary School,DeKalb CUSD 428,DeKalb,272,171,Yes under Community Eligibility Option (CEO),false,Kindergarten,5th Grade
171245001498,Lincoln Elementary School,Dolton SD 148,Dolton,342,342,Yes under Community Eligibility Option (CEO),false,Kindergarten,6th Grade
171371005613,Lincoln Elementary School,SD U-46,Hoffman Estates,467,263,Yes under Community Eligibility Option (CEO),false,Prekindergarten,6th Grade
173042003150,Lincoln Elementary School,Palatine CCSD 15,Palatine,772,365,Yes participating without using any Provision or the CEO,false,Prekindergarten,5th Grade
173216003363,Lincoln Elementary School,Pontiac CCSD 429,Pontiac,227,114,Yes under Community Eligibility Option (CEO),false,2nd Grade,3rd Grade
173423003506,Lincoln Elementary School,Robinson CUSD 2,Robinson,326,166,Yes participating without using any Provision or the CEO,false,3rd Grade,5th Grade
174104004108,Lincoln Grade School,Washington SD 52,Washington,442,129,Yes participating without using any Provision or the CEO,false,Prekindergarten,4th Grade
172310002549,Lincoln Hall Middle School,Lincolnwood SD 74,Lincolnwood,413,,No,false,6th Grade,8th Grade
172208002477,Lincoln Jr High School,La Salle ESD 122,La Salle,269,202,Yes under Community Eligibility Option (CEO),false,6th Grade,8th Grade
172298002539,Lincoln Jr High School,Lincoln ESD 27,Lincoln,321,195,Yes under Community Eligibility Option (CEO),false,6th Grade,8th Grade
172771002934,Lincoln Jr High School,Naperville CUSD 203,Naperville,774,108,Yes participating without using any Provision or the CEO,false,6th Grade,8th Grade
173648003760,Lincoln Jr High School,Skokie SD 69,Skokie,628,391,Yes under Community Eligibility Option (CEO),false,6th Grade,8th Grade
171245004257,Lincoln Junior High School,Dolton SD 148,Dolton,168,166,Yes under Community Eligibility Option (CEO),false,7th Grade,8th Grade
173708003830,Lincoln Magnet School,Springfield SD 186,Springfield,300,113,Yes under Community Eligibility Option (CEO),false,6th Grade,8th Grade
170606000288,Lincoln Middle School,Berwyn North SD 98,Berwyn,793,661,Yes under Community Eligibility Option (CEO),false,6th Grade,8th Grade
171353001640,Lincoln Middle School,Edwardsville CUSD 7,Edwardsville,736,189,Yes participating without using any Provision or the CEO,false,6th Grade,8th Grade
172721002885,Lincoln Middle School,Mount Prospect SD 57,Mt Prospect,784,,No,false,6th Grade,8th Grade
173084003216,Lincoln Middle School,Park Ridge CCSD 64,Park Ridge,749,,No,false,6th Grade,8th Grade
173564003711,Lincoln Middle School,Schiller Park SD 81,Schiller Park,474,324,Yes under Community Eligibility Option (CEO),false,6th Grade,8th Grade
170993001185,Lincoln Park High School,Chicago Public Schools Dist 299,Chicago,2214,968,Yes under Community Eligibility Option (CEO),false,9th Grade,12th Grade
170855004804,Lincoln Prairie Elem School,CUSD 300,Lake In The Hills,479,248,Yes participating without using any Provision or the CEO,false,Prekindergarten,5th Grade
173474003420,Lincoln Prairie School,Schaumburg CCSD 54,Hoffman Estates,348,,No,false,Kindergarten,8th Grade
171857006295,Lincoln School,Hawthorn CCSD 73,Mundelein,128,,No,false,Prekindergarten,Prekindergarten
173123003268,Lincoln School,Peoria SD 150,Peoria,823,773,Yes under Community Eligibility Option (CEO),false,Kindergarten,8th Grade
170021304927,Lincoln School Rssp,Will ROE,Joliet,0,,No,true,6th Grade,12th Grade
170021306059,Lincoln School Taoep,Will ROE,Joliet,0,,No,true,6th Grade,12th Grade
172406002626,Lincoln Trail Elem School,Mahomet-Seymour CUSD 3,Mahomet,801,195,Yes participating without using any Provision or the CEO,false,3rd Grade,5th Grade
172307006062,Lincoln Way West,Lincoln Way CHSD 210,New Lenox,2047,,No,false,9th Grade,12th Grade
171590001899,Lincoln-Douglas Elementary School,Freeport SD 145,Freeport,325,213,Yes under Community Eligibility Option (CEO),false,Prekindergarten,4th Grade
173300005059,Lincoln-Douglas Elementary School,Quincy SD 172,Quincy,588,364,Yes participating without using any Provision or the CEO,false,Kindergarten,5th Grade
172640002820,Lincoln-Irving Elem School,Moline-Coal Valley CUSD 40,Moline,382,335,Yes participating without using any Provision or the CEO,false,Prekindergarten,5th Grade
172307002543,Lincoln-Way Central High School,Lincoln Way CHSD 210,New Lenox,1991,,No,false,9th Grade,12th Grade
172307002544,Lincoln-Way East High School,Lincoln Way CHSD 210,Frankfort,2696,,No,false,9th Grade,12th Grade
171446001793,Lincolnwood Elem School,Evanston CCSD 65,Evanston,288,100,Yes participating without using any Provision or the CEO,false,Kindergarten,5th Grade
173066003190,Lincolnwood High School,Panhandle CUSD 2,Raymond,137,53,Yes under Community Eligibility Option (CEO),true,9th Grade,12th Grade
173066003192,Lincolnwood Jr High School,Panhandle CUSD 2,Raymond,90,36,Yes under Community Eligibility Option (CEO),false,6th Grade,8th Grade
170993005791,Lindblom Math & Science Acad HS,Chicago Public Schools Dist 299,Chicago,1316,760,Yes under Community Eligibility Option (CEO),true,7th Grade,12th Grade
171344001633,Lindop Elem School,Lindop SD 92,Broadview,307,200,Yes under Community Eligibility Option (CEO),false,Prekindergarten,8th Grade
173708004194,Lindsay School,Springfield SD 186,Springfield,438,212,Yes under Community Eligibility Option (CEO),false,Kindergarten,5th Grade
170993000919,Linne Elem School,Chicago Public Schools Dist 299,Chicago,687,361,Yes under Community Eligibility Option (CEO),false,Prekindergarten,8th Grade
172721001596,Lions Park Elem School,Mount Prospect SD 57,Mt Prospect,458,,No,false,2nd Grade,5th Grade
172316002552,Lisbon Grade School,Lisbon CCSD 90,Newark,121,7,Yes participating without using any Provision or the CEO,false,Kindergarten,8th Grade
172320006747,Lisle Elementary School,Lisle CUSD 202,Lisle,777,215,Yes participating without using any Provision or the CEO,false,Prekindergarten,5th Grade
172320002553,Lisle High School,Lisle CUSD 202,Lisle,447,157,Yes participating without using any Provision or the CEO,false,9th Grade,12th Grade
172320002554,Lisle Jr High School,Lisle CUSD 202,Lisle,338,112,Yes participating without using any Provision or the CEO,false,6th Grade,8th Grade
172325002561,Litchfield Early Childhood Center,Litchfield CUSD 12,Litchfield,160,103,Yes under Community Eligibility Option (CEO),false,Kindergarten,1st Grade
172325002563,Litchfield Elem School,Litchfield CUSD 12,Litchfield,355,233,Yes under Community Eligibility Option (CEO),false,2nd Grade,5th Grade
172325002559,Litchfield Middle School,Litchfield CUSD 12,Litchfield,282,177,Yes under Community Eligibility Option (CEO),false,6th Grade,8th Grade
172325002560,Litchfield Senior High School,Litchfield CUSD 12,Litchfield,382,205,Yes under Community Eligibility Option (CEO),true,9th Grade,12th Grade
174125004134,Little Fort Elem School,Waukegan CUSD 60,Waukegan,421,296,Yes under Community Eligibility Option (CEO),false,Kindergarten,5th Grade
170993001608,Little Village Elem School,Chicago Public Schools Dist 299,Chicago,575,525,Yes under Community Eligibility Option (CEO),false,Prekindergarten,8th Grade
171200001453,Littlejohn Elem School,DeKalb CUSD 428,DeKalb,362,256,Yes under Community Eligibility Option (CEO),false,Kindergarten,5th Grade
170993000926,Lloyd Elem School,Chicago Public Schools Dist 299,Chicago,844,774,Yes under Community Eligibility Option (CEO),false,Prekindergarten,5th Grade
170019402993,Lmp Roe,La Salle/Marshall/Putnam ROE,Peru,0,,Yes under Community Eligibility Option (CEO),true,6th Grade,12th Grade
170019406330,Lmp Roe Taoep,La Salle/Marshall/Putnam ROE,Peru,0,,No,true,6th Grade,12th Grade
170993003564,Locke a Elem Charter Academy,Chicago Public Schools Dist 299,Chicago,346,301,Yes under Community Eligibility Option (CEO),false,Kindergarten,8th Grade
170993000927,Locke J Elem School,Chicago Public Schools Dist 299,Chicago,1089,940,Yes under Community Eligibility Option (CEO),false,Prekindergarten,8th Grade
172335002571,Lockport Township High Sch East,Lockport Twp HSD 205,Lockport,3678,,No,false,9th Grade,12th Grade
170007705249,Locust Elem School,Marengo-Union E Cons D 165,Marengo,501,278,Yes under Community Eligibility Option (CEO),false,Prekindergarten,3rd Grade
172640002821,Logan Elem School,Moline-Coal Valley CUSD 40,Moline,290,215,Yes participating without using any Provision or the CEO,false,Kindergarten,5th Grade
173267003390,Logan Jr High School,Princeton ESD 115,Princeton,443,234,Yes participating without using any Provision or the CEO,false,5th Grade,8th Grade
170993000968,Logan Square Elementary,Chicago Public Schools Dist 299,Chicago,630,564,Yes under Community Eligibility Option (CEO),false,Prekindergarten,8th Grade
171608006773,Lombard Middle School,Galesburg CUSD 205,Galesburg,534,430,Yes under Community Eligibility Option (CEO),false,5th Grade,6th Grade
173027003131,Long Beach Elem School,CUSD 308,Montgomery,632,376,Yes participating without using any Provision or the CEO,false,Prekindergarten,5th Grade
172460002665,Longfellow Elem School,Marion CUSD 2,Marion,261,175,Yes participating without using any Provision or the CEO,false,Kindergarten,5th Grade
172925003064,Longfellow Elem School,Oak Park ESD 97,Oak Park,524,100,Yes participating without using any Provision or the CEO,false,Prekindergarten,5th Grade
173441003534,Longfellow Elem School,Rock Island SD 41,Rock Island,262,222,Yes under Community Eligibility Option (CEO),false,Prekindergarten,6th Grade
174218004215,Longfellow Elem School,CUSD 200,Wheaton,318,59,Yes participating without using any Provision or the CEO,false,Kindergarten,5th Grade
171695002008,Longwood Elem School,Brookwood SD 167,Glenwood,364,209,Yes under Community Eligibility Option (CEO),false,Prekindergarten,4th Grade
174169004172,Longwood Elem School,Indian Prairie CUSD 204,Naperville,346,169,Yes under Community Eligibility Option (CEO),false,Kindergarten,5th Grade
171371001685,Lords Park Elem School,SD U-46,Elgin,655,467,Yes under Community Eligibility Option (CEO),false,Prekindergarten,6th Grade
173114003248,Lorenzo R Smith Elem School,Pembroke CCSD 259,Pembroke Township,193,177,Yes under Community Eligibility Option (CEO),false,Prekindergarten,8th Grade
170012002584,Lostant Elem School,Lostant CUSD 425,Lostant,63,22,Yes participating without using any Provision or the CEO,false,Kindergarten,8th Grade
171563005507,Lotus School,Fox Lake GSD 114,Spring Grove,345,197,Yes under Community Eligibility Option (CEO),false,Prekindergarten,4th Grade
170522000205,Louise White Elem School,Batavia USD 101,Batavia,440,81,Yes participating without using any Provision or the CEO,false,Prekindergarten,5th Grade
170360000049,Lovejoy Elem School,Alton CUSD 11,Alton,230,141,Yes under Community Eligibility Option (CEO),false,Kindergarten,2nd Grade
172364004710,Lovejoy Elementary School,Brooklyn UD 188,Lovejoy,67,60,Yes under Community Eligibility Option (CEO),false,Prekindergarten,5th Grade
172364004711,Lovejoy Middle School,Brooklyn UD 188,Lovejoy,24,23,Yes under Community Eligibility Option (CEO),false,6th Grade,8th Grade
172364002587,Lovejoy Technology Academy,Brooklyn UD 188,Lovejoy,27,16,Yes under Community Eligibility Option (CEO),true,9th Grade,12th Grade
171824002106,Loves Park Elem School,Harlem UD 122,Loves Park,279,213,Yes under Community Eligibility Option (CEO),false,1st Grade,5th Grade
170993000929,Lovett Elem School,Chicago Public Schools Dist 299,Chicago,342,285,Yes under Community Eligibility Option (CEO),false,Prekindergarten,8th Grade
170426002588,Lovington Grade School,Arthur CUSD 305,Lovington,148,107,Yes participating without using any Provision or the CEO,false,Prekindergarten,8th Grade
170993000930,Lowell Elem School,Chicago Public Schools Dist 299,Chicago,311,276,Yes under Community Eligibility Option (CEO),false,Prekindergarten,8th Grade
174218004216,Lowell Elem School,CUSD 200,Wheaton,283,86,Yes participating without using any Provision or the CEO,false,Kindergarten,5th Grade
174092004877,Lowpoint-Washburn Elem School,Lowpoint-Washburn CUSD 21,Washburn,157,88,Yes under Community Eligibility Option (CEO),false,Prekindergarten,5th Grade
174092004104,Lowpoint-Washburn Jr Sr High Sch,Lowpoint-Washburn CUSD 21,Washburn,156,73,Yes under Community Eligibility Option (CEO),true,6th Grade,12th Grade
171371001692,Lowrie Elem School,SD U-46,Elgin,397,301,Yes under Community Eligibility Option (CEO),false,Kindergarten,6th Grade
170993000901,Lozano Elem Bilingual & Intl Ctr,Chicago Public Schools Dist 299,Chicago,256,173,Yes under Community Eligibility Option (CEO),false,Prekindergarten,8th Grade
172370002590,Ludlow Elementary School,Ludlow CCSD 142,Ludlow,52,43,Yes under Community Eligibility Option (CEO),false,Kindergarten,8th Grade
172373004931,Ludwig Elem School,Will County SD 92,Lockport,321,105,Yes participating without using any Provision or the CEO,false,4th Grade,5th Grade
171135001360,Lundahl Middle School,Crystal Lake CCSD 47,Crystal Lake,797,282,Yes participating without using any Provision or the CEO,false,6th Grade,8th Grade
173681003790,Luther Burbank Elem School,Burbank SD 111,Burbank,453,298,Yes under Community Eligibility Option (CEO),false,Kindergarten,5th Grade
171950004518,Luther J Schilling School,Homer CCSD 33C,Homer Glen,587,,No,false,2nd Grade,4th Grade
172100002382,Lyle School,Kewanee CUSD 229,Kewanee,173,127,Yes under Community Eligibility Option (CEO),false,Prekindergarten,Prekindergarten
173537003691,Lynn G Haskin Elementary School,Sandwich CUSD 430,Sandwich,226,104,Yes participating without using any Provision or the CEO,false,Prekindergarten,3rd Grade
172058005731,Lynne Thigpen Elem School,Joliet PSD 86,Joliet,620,582,Yes under Community Eligibility Option (CEO),false,Kindergarten,5th Grade
170993000934,Lyon Elem School,Chicago Public Schools Dist 299,Chicago,988,762,Yes under Community Eligibility Option (CEO),false,Prekindergarten,8th Grade
171692002001,Lyon Elem School,Glenview CCSD 34,Glenview,454,97,Yes participating without using any Provision or the CEO,false,Prekindergarten,2nd Grade
174125004135,Lyon Magnet Elementary School,Waukegan CUSD 60,Waukegan,430,331,Yes under Community Eligibility Option (CEO),false,Kindergarten,5th Grade
172388002601,Lyons Twp High Sch,Lyons Twp HSD 204,La Grange,3706,,No,false,9th Grade,12th Grade
172058002325,M J Cunningham Elem Sch,Joliet PSD 86,Joliet,484,455,Yes under Community Eligibility Option (CEO),false,Kindergarten,5th Grade
173996004012,M L King Jr Elem School,Urbana SD 116,Urbana,322,274,Yes under Community Eligibility Option (CEO),false,Kindergarten,5th Grade
170468000151,Mabel O Donnell Elem School,Aurora East USD 131,Aurora,360,229,Yes under Community Eligibility Option (CEO),false,Prekindergarten,5th Grade
172139002408,Mable Woolsey Elem School,Knoxville CUSD 202,Knoxville,383,160,Yes under Community Eligibility Option (CEO),false,Prekindergarten,4th Grade
172392002609,Macarthur Early Childhood Center,Macomb CUSD 185,Macomb,127,,No,false,Prekindergarten,Prekindergarten
171185001411,Macarthur High School,Decatur SD 61,Decatur,1059,773,Yes under Community Eligibility Option (CEO),true,9th Grade,12th Grade
173474003649,Macarthur Intrntl Spanish Acad,Schaumburg CCSD 54,Hoffman Estates,435,,No,false,Kindergarten,6th Grade
170600000279,Macarthur Middle School,Berkeley SD 87,Berkeley,357,271,Yes under Community Eligibility Option (CEO),false,6th Grade,8th Grade
173285003405,Macarthur Middle School,Prospect Heights SD 23,Prospect Heights,483,202,Yes participating without using any Provision or the CEO,false,6th Grade,8th Grade
171824005530,Machesney Elem School,Harlem UD 122,Machesney Park,361,230,Yes under Community Eligibility Option (CEO),false,1st Grade,5th Grade
171983005733,Mackeben Elementary School,Huntley Comm Sch Dist 158,Algonquin,522,119,Yes participating without using any Provision or the CEO,false,Kindergarten,2nd Grade
172392001701,Macomb Middle School,Macomb CUSD 185,Macomb,479,243,Yes under Community Eligibility Option (CEO),false,6th Grade,8th Grade
172392002611,Macomb Senior High School,Macomb CUSD 185,Macomb,660,333,Yes participating without using any Provision or the CEO,false,9th Grade,12th Grade
173681003788,Maddock Elementary School,Burbank SD 111,Burbank,356,253,Yes under Community Eligibility Option (CEO),false,Kindergarten,5th Grade
170993004915,Madero Middle School,Chicago Public Schools Dist 299,Chicago,231,166,Yes under Community Eligibility Option (CEO),false,6th Grade,8th Grade
171353006625,Madison Co Detention Center,Edwardsville CUSD 7,Edwardsville,0,,No,true,6th Grade,12th Grade
170993000935,Madison Elem School,Chicago Public Schools Dist 299,Chicago,224,218,Yes under Community Eligibility Option (CEO),false,Prekindergarten,8th Grade
171929002216,Madison Elem School,Hinsdale CCSD 181,Hinsdale,367,,No,false,Kindergarten,5th Grade
173648003761,Madison Elem School,Skokie SD 69,Skokie,609,363,Yes under Community Eligibility Option (CEO),false,Prekindergarten,2nd Grade
174218004217,Madison Elem School,CUSD 200,Wheaton,360,89,Yes participating without using any Provision or the CEO,false,Prekindergarten,5th Grade
172346000107,Madison Elementary School,Lombard SD 44,Lombard,477,224,Yes participating without using any Provision or the CEO,false,Kindergarten,5th Grade
172397006234,Madison Jr High School,Madison CUSD 12,Madison,124,121,Yes under Community Eligibility Option (CEO),false,6th Grade,8th Grade
172771002935,Madison Jr High School,Naperville CUSD 203,Naperville,566,93,Yes participating without using any Provision or the CEO,false,6th Grade,8th Grade
171233001483,Madison School,Dixon USD 170,Dixon,323,181,Yes participating without using any Provision or the CEO,false,4th Grade,5th Grade
173675003782,Madison School,South Holland SD 151,South Holland,277,276,Yes under Community Eligibility Option (CEO),false,4th Grade,5th Grade
172397002622,Madison Senior High School,Madison CUSD 12,Madison,152,151,Yes under Community Eligibility Option (CEO),true,9th Grade,12th Grade
172397005633,Madison Student Support Center,Madison CUSD 12,Madison,0,,Yes under Community Eligibility Option (CEO),true,7th Grade,12th Grade
172472004254,Mae Jemison School,Prairie-Hills ESD 144,Hazel Crest,368,349,Yes under Community Eligibility Option (CEO),false,Prekindergarten,5th Grade
172400002624,Maercker Elem School,Maercker SD 60,Westmont,456,228,Yes participating without using any Provision or the CEO,false,3rd Grade,5th Grade
173499005995,Magee Middle School,Round Lake CUSD 116,Round Lake,642,573,Yes under Community Eligibility Option (CEO),false,6th Grade,8th Grade
172406002627,Mahomet-Seymour High School,Mahomet-Seymour CUSD 3,Mahomet,1050,241,Yes participating without using any Provision or the CEO,false,9th Grade,12th Grade
172406002628,Mahomet-Seymour Jr High School,Mahomet-Seymour CUSD 3,Mahomet,812,189,Yes participating without using any Provision or the CEO,false,6th Grade,8th Grade
173609003738,Main Street Elementary School,Shelbyville CUSD 4,Shelbyville,370,213,Yes participating without using any Provision or the CEO,false,1st Grade,3rd Grade
172409005030,Maine East High School,Maine Township HSD 207,Park Ridge,1921,,No,true,9th Grade,12th Grade
172409005031,Maine South High School,Maine Township HSD 207,Park Ridge,2494,,No,false,9th Grade,12th Grade
172409005032,Maine West High School,Maine Township HSD 207,Des Plaines,1857,,No,true,9th Grade,12th Grade
172412002635,Malden Grade School,Malden CCSD 84,Malden,79,43,Yes under Community Eligibility Option (CEO),false,Prekindergarten,8th Grade
171200004019,Malta Elementary School,DeKalb CUSD 428,Malta,293,193,Yes under Community Eligibility Option (CEO),false,Kindergarten,5th Grade
172870003012,Manchester Elem School,North Boone CUSD 200,Poplar Grove,136,58,Yes participating without using any Provision or the CEO,false,Kindergarten,4th Grade
172427006939,Manhattan Intermediate School,Manhattan SD 114,Manhattan,417,61,Yes participating without using any Provision or the CEO,false,4th Grade,5th Grade
172427001557,Manhattan Jr High School,Manhattan SD 114,Manhattan,615,104,Yes participating without using any Provision or the CEO,false,6th Grade,8th Grade
170993000936,Manierre Elem School,Chicago Public Schools Dist 299,Chicago,269,259,Yes under Community Eligibility Option (CEO),false,Prekindergarten,8th Grade
170993001125,Manley Career Academy High School,Chicago Public Schools Dist 299,Chicago,193,164,Yes under Community Eligibility Option (CEO),true,9th Grade,12th Grade
170993000937,Mann Elem School,Chicago Public Schools Dist 299,Chicago,283,259,Yes under Community Eligibility Option (CEO),false,Prekindergarten,8th Grade
172433006324,Mannheim Early Childhood Ctr,Mannheim SD 83,NorthLake,157,,No,false,Prekindergarten,Prekindergarten
172433002642,Mannheim Middle School,Mannheim SD 83,Melrose Park,768,502,Yes under Community Eligibility Option (CEO),false,6th Grade,8th Grade
172346002583,Manor Hill Elem School,Lombard SD 44,Lombard,285,95,Yes participating without using any Provision or the CEO,false,Kindergarten,5th Grade
172439002646,Manteno Elem School,Manteno CUSD 5,Manteno,694,238,Yes participating without using any Provision or the CEO,false,Prekindergarten,4th Grade
172439002647,Manteno High School,Manteno CUSD 5,Manteno,587,203,Yes participating without using any Provision or the CEO,false,8th Grade,12th Grade
172439002648,Manteno Middle School,Manteno CUSD 5,Manteno,520,176,Yes participating without using any Provision or the CEO,false,5th Grade,8th Grade
173123003274,Manual High School,Peoria SD 150,Peoria,731,656,Yes under Community Eligibility Option (CEO),true,9th Grade,12th Grade
171966004665,Maple Elem School,Hoopeston Area CUSD 11,Hoopeston,277,195,Yes under Community Eligibility Option (CEO),false,Prekindergarten,2nd Grade
171824002103,Maple Elem School,Harlem UD 122,Loves Park,313,234,Yes under Community Eligibility Option (CEO),false,1st Grade,5th Grade
170001505227,Maple Grove Elem School,Joppa-Maple Grove UD 38,Joppa,122,88,Yes under Community Eligibility Option (CEO),false,Prekindergarten,6th Grade
172442002649,Maple School,Northbrook/Glenview SD 30,Northbrook,451,,No,false,6th Grade,8th Grade
172771002936,Maplebrook Elem School,Naperville CUSD 203,Naperville,512,47,Yes participating without using any Provision or the CEO,false,Kindergarten,5th Grade
170804000415,Maplewood Elem School,Cahokia CUSD 187,Cahokia,290,245,Yes under Community Eligibility Option (CEO),false,Prekindergarten,2nd Grade
170007703147,Marengo Comm Middle School,Marengo-Union E Cons D 165,Marengo,342,188,Yes under Community Eligibility Option (CEO),false,6th Grade,8th Grade
172457002661,Marengo High School,Marengo CHSD 154,Marengo,685,217,Yes participating without using any Provision or the CEO,false,9th Grade,12th Grade
173474004428,Margaret Mead JHS,Schaumburg CCSD 54,Elk Grove Village,702,,No,false,7th Grade,8th Grade
170993004917,Maria Saucedo Magnet Academy,Chicago Public Schools Dist 299,Chicago,922,841,Yes under Community Eligibility Option (CEO),false,Prekindergarten,8th Grade
170480000043,Marie Murphy School,Avoca SD 37,Wilmette,253,,No,false,6th Grade,8th Grade
172976003767,Marie Schaefer Elem School,O Fallon CCSD 90,O Fallon,598,140,Yes participating without using any Provision or the CEO,false,Prekindergarten,5th Grade
173735003866,Marine Elem School,Triad CUSD 2,Marine,141,24,Yes participating without using any Provision or the CEO,false,Kindergarten,5th Grade
170993002618,Marine Leadership Academy - Ames,Chicago Public Schools Dist 299,Chicago,549,453,Yes under Community Eligibility Option (CEO),true,7th Grade,12th Grade
172460002666,Marion High School,Marion CUSD 2,Marion,1075,517,Yes participating without using any Provision or the CEO,true,9th Grade,12th Grade
173042003151,Marion Jordan Elem School,Palatine CCSD 15,Palatine,503,49,Yes participating without using any Provision or the CEO,false,Kindergarten,5th Grade
172460002667,Marion Jr High School,Marion CUSD 2,Marion,742,421,Yes participating without using any Provision or the CEO,false,6th Grade,8th Grade
172465004724,Marissa Elem School,Marissa CUSD 40,Marissa,266,153,Yes under Community Eligibility Option (CEO),false,Prekindergarten,6th Grade
172465002672,Marissa Jr & Sr High School,Marissa CUSD 40,Marissa,226,135,Yes under Community Eligibility Option (CEO),true,7th Grade,12th Grade
172145002413,Mark Delay School,Darien SD 61,Darien,453,154,Yes participating without using any Provision or the CEO,false,Prekindergarten,2nd Grade
171179005274,Mark Denman Elementary School,Danville CCSD 118,Danville,545,519,Yes under Community Eligibility Option (CEO),false,Kindergarten,4th Grade
170360001473,Mark Twain,Alton CUSD 11,Alton,0,,Yes under Community Eligibility Option (CEO),true,Kindergarten,12th Grade
170960000572,Mark Twain Elem School,Charleston CUSD 1,Charleston,221,112,Yes under Community Eligibility Option (CEO),false,Prekindergarten,Kindergarten
171314001551,Mark Twain Elem School,East Maine SD 63,Niles,489,325,Yes participating without using any Provision or the CEO,false,Kindergarten,5th Grade
174221004228,Mark Twain Elem School,Wheeling CCSD 21,Wheeling,524,390,Yes under Community Eligibility Option (CEO),false,Prekindergarten,5th Grade
172076002367,Mark Twain Primary School,Kankakee SD 111,Kankakee,192,180,Yes under Community Eligibility Option (CEO),false,Prekindergarten,3rd Grade
173123005336,Mark W Bills Middle School,Peoria SD 150,Peoria,258,193,Yes under Community Eligibility Option (CEO),false,5th Grade,8th Grade
172472002678,Markham Park Elem School,Prairie-Hills ESD 144,Markham,292,273,Yes under Community Eligibility Option (CEO),false,Prekindergarten,5th Grade
171983005641,Marlowe Middle School,Huntley Comm Sch Dist 158,Lake in the Hills,1215,248,Yes participating without using any Provision or the CEO,false,6th Grade,8th Grade
172475004725,Maroa-Forsyth Grade School,Maroa Forsyth CUSD 2,Forsyth,593,200,Yes participating without using any Provision or the CEO,false,Prekindergarten,5th Grade
172475002683,Maroa-Forsyth Middle School,Maroa Forsyth CUSD 2,Maroa,271,84,Yes participating without using any Provision or the CEO,false,6th Grade,8th Grade
172475002684,Maroa-Forsyth Senior High Sch,Maroa Forsyth CUSD 2,Maroa,348,90,Yes participating without using any Provision or the CEO,false,9th Grade,12th Grade
172478002688,Marquardt Middle School,Marquardt SD 15,Glendale Hts,754,452,Yes under Community Eligibility Option (CEO),false,6th Grade,8th Grade
170993000940,Marquette Elem School,Chicago Public Schools Dist 299,Chicago,1030,989,Yes under Community Eligibility Option (CEO),false,Prekindergarten,8th Grade
171824002104,Marquette Elem School,Harlem UD 122,Machesney Park,268,180,Yes under Community Eligibility Option (CEO),false,1st Grade,3rd Grade
172892003035,Marquette Elem School,N Pekin & Marquette Hght SD 102,Marquette Heights,223,124,Yes participating without using any Provision or the CEO,false,Prekindergarten,3rd Grade
170546605466,Marseilles Elementary School,Marseilles ESD 150,Marseilles,528,302,Yes under Community Eligibility Option (CEO),false,Prekindergarten,8th Grade
170993000939,Marsh Elem School,Chicago Public Schools Dist 299,Chicago,616,510,Yes under Community Eligibility Option (CEO),false,Prekindergarten,8th Grade
172487002695,Marshall High School,Marshall CUSD 2C,Marshall,350,126,Yes participating without using any Provision or the CEO,false,9th Grade,12th Grade
172487002696,Marshall Jr High School,Marshall CUSD 2C,Marshall,186,77,Yes participating without using any Provision or the CEO,false,7th Grade,8th Grade
170993000972,Marshall Metropolitan High School,Chicago Public Schools Dist 299,Chicago,239,224,Yes under Community Eligibility Option (CEO),true,9th Grade,12th Grade
171983004840,Martin Elementary School,Huntley Comm Sch Dist 158,Lake in the Hills,776,218,Yes participating without using any Provision or the CEO,false,3rd Grade,5th Grade
171848004405,Martin L King Elem School,W Harvey-Dixmoor PSD 147,Dixmoor,320,264,Yes under Community Eligibility Option (CEO),false,1st Grade,4th Grade
172490004727,Martinsville Elem School,Martinsville CUSD 3C,Martinsville,238,140,Yes under Community Eligibility Option (CEO),false,Prekindergarten,6th Grade
172490002700,Martinsville Jr- Sr High School,Martinsville CUSD 3C,Martinsville,146,77,Yes under Community Eligibility Option (CEO),true,7th Grade,12th Grade
173822006948,Mary Drew Early Learning Center,Summit Hill SD 161,Frankfort,94,,No,false,Prekindergarten,Prekindergarten
174333003178,Mary Endres Elementary School,Woodstock CUSD 200,Woodstock,431,241,Yes participating without using any Provision or the CEO,false,1st Grade,5th Grade
170384006741,Mary Kay McNeill Elc,Antioch CCSD 34,Antioch,108,,No,false,Prekindergarten,Prekindergarten
174169002094,Mary Lou Cowlishaw Elementary,Indian Prairie CUSD 204,Naperville,589,146,Yes participating without using any Provision or the CEO,false,Kindergarten,5th Grade
170009205256,Mary Miller Junior High School,Georgetown-Ridge Farm CUD 4,Georgetown,192,134,Yes under Community Eligibility Option (CEO),false,6th Grade,8th Grade
170801004559,Mary Morgan Elem Sch,Byron CUSD 226,Byron,631,182,Yes participating without using any Provision or the CEO,false,Prekindergarten,5th Grade
173630004834,Marya Yates Elementary School,ESD 159,Matteson,284,188,Yes under Community Eligibility Option (CEO),false,Prekindergarten,5th Grade
172058002337,Marycrest Early Childhood Center,Joliet PSD 86,Joliet,142,,No,false,Prekindergarten,Prekindergarten
171728002034,Maryville Elem School,Granite City CUSD 9,Granite City,395,295,Yes under Community Eligibility Option (CEO),false,1st Grade,2nd Grade
171065001287,Maryville Elem School,Collinsville CUSD 10,Maryville,406,155,Yes under Community Eligibility Option (CEO),false,Prekindergarten,4th Grade
172494002705,Mascoutah Elem School,Mascoutah CUD 19,Mascoutah,853,227,Yes participating without using any Provision or the CEO,false,Prekindergarten,5th Grade
172494002701,Mascoutah High School,Mascoutah CUD 19,Mascoutah,1243,271,Yes participating without using any Provision or the CEO,false,9th Grade,12th Grade
172494002702,Mascoutah Middle School,Mascoutah CUD 19,Mascoutah,973,206,Yes participating without using any Provision or the CEO,false,6th Grade,8th Grade
170993000944,Mason Elem School,Chicago Public Schools Dist 299,Chicago,241,229,Yes under Community Eligibility Option (CEO),false,Prekindergarten,8th Grade
171332004977,Mason/Clark Middle Sch,East St Louis SD 189,East Saint Louis,540,530,Yes under Community Eligibility Option (CEO),false,5th Grade,8th Grade
172500002713,Massac County High School,Massac UD 1,Metropolis,512,310,Yes under Community Eligibility Option (CEO),true,9th Grade,12th Grade
172500002708,Massac Jr High School,Massac UD 1,Metropolis,309,206,Yes under Community Eligibility Option (CEO),false,7th Grade,8th Grade
173708003831,Matheny-Withrow Elem Sch,Springfield SD 186,Springfield,216,180,Yes under Community Eligibility Option (CEO),false,Kindergarten,5th Grade
170993000977,Mather High School,Chicago Public Schools Dist 299,Chicago,1777,1394,Yes under Community Eligibility Option (CEO),true,9th Grade,12th Grade
173618003745,Matherville Intermediate School,Sherrard CUSD 200,Matherville,182,56,Yes participating without using any Provision or the CEO,false,5th Grade,6th Grade
172502002719,Matteson Elem School,Matteson ESD 162,Matteson,420,182,Yes under Community Eligibility Option (CEO),false,Kindergarten,3rd Grade
174119005945,Matthews Middle School,Wauconda CUSD 118,Island Lake,451,197,Yes participating without using any Provision or the CEO,false,6th Grade,8th Grade
172505002734,Mattoon High School,Mattoon CUSD 2,Mattoon,888,422,Yes under Community Eligibility Option (CEO),false,9th Grade,12th Grade
172505002735,Mattoon Middle School,Mattoon CUSD 2,Mattoon,610,394,Yes under Community Eligibility Option (CEO),false,6th Grade,8th Grade
173451003579,Maud E Johnson Elem School,Rockford SD 205,Rockford,425,306,Yes under Community Eligibility Option (CEO),false,Kindergarten,5th Grade
174169005460,May Watts Elementary School,Indian Prairie CUSD 204,Naperville,668,53,Yes participating without using any Provision or the CEO,false,Kindergarten,5th Grade
172190002462,May Whitney Elem School,Lake Zurich CUSD 95,Lake Zurich,677,188,Yes participating without using any Provision or the CEO,false,Prekindergarten,5th Grade
171845002131,Maya Angelou Elem Sch,Harvey SD 152,Harvey,271,205,Yes under Community Eligibility Option (CEO),false,Prekindergarten,5th Grade
170993000950,Mayer Elem School,Chicago Public Schools Dist 299,Chicago,707,62,Yes under Community Eligibility Option (CEO),false,Prekindergarten,8th Grade
173075005323,Mayo Middle School,Paris-Union SD 95,Paris,241,134,Yes under Community Eligibility Option (CEO),false,6th Grade,8th Grade
170993000651,Mays Elem Academy,Chicago Public Schools Dist 299,Chicago,277,188,Yes under Community Eligibility Option (CEO),false,Prekindergarten,8th Grade
172519002749,Mazon-Verona-Kinsman Elem School,Mazon-Verona-Kinsman ESD 2C,Mazon,172,66,Yes participating without using any Provision or the CEO,false,Prekindergarten,4th Grade
172519002750,Mazon-Verona-Kinsman Middle Sch,Mazon-Verona-Kinsman ESD 2C,Mazon,144,61,Yes participating without using any Provision or the CEO,false,5th Grade,8th Grade
170993005547,McAuliffe Elem School,Chicago Public Schools Dist 299,Chicago,523,347,Yes under Community Eligibility Option (CEO),false,Prekindergarten,8th Grade
174169005458,McCarty Elementary School,Indian Prairie CUSD 204,Aurora,478,169,Yes under Community Eligibility Option (CEO),false,Kindergarten,5th Grade
170471000167,McCleery Elem School,Aurora West USD 129,Aurora,513,281,Yes under Community Eligibility Option (CEO),false,Prekindergarten,5th Grade
172526002753,McClellan Elementary School,McClellan CCSD 12,Mount Vernon,56,25,Yes under Community Eligibility Option (CEO),false,Kindergarten,8th Grade
173708003832,McClernand Elem School,Springfield SD 186,Springfield,213,171,Yes under Community Eligibility Option (CEO),false,Kindergarten,5th Grade
174182004192,McClure Jr High School,Western Springs SD 101,Western Springs,469,,No,false,6th Grade,8th Grade
170993000955,McCormick Elem School,Chicago Public Schools Dist 299,Chicago,502,485,Yes under Community Eligibility Option (CEO),false,Prekindergarten,5th Grade
170993000956,McCutcheon Elem School,Chicago Public Schools Dist 299,Chicago,326,279,Yes under Community Eligibility Option (CEO),false,Prekindergarten,8th Grade
170993000957,McDade Elem Classical School,Chicago Public Schools Dist 299,Chicago,207,75,Yes under Community Eligibility Option (CEO),false,Kindergarten,8th Grade
170993000839,McDowell Elem School,Chicago Public Schools Dist 299,Chicago,112,89,Yes under Community Eligibility Option (CEO),false,Prekindergarten,5th Grade
172761006218,McElvain School,Murphysboro CUSD 186,Murphysboro,64,62,Yes under Community Eligibility Option (CEO),false,Prekindergarten,Prekindergarten
172739002907,McGaughey Elem School,Mt Zion CUSD 3,Mount Zion,371,144,Yes participating without using any Provision or the CEO,false,Prekindergarten,1st Grade
172532006833,McHenry Community High School,McHenry CHSD 156,Mchenry,2214,835,Yes participating without using any Provision or the CEO,false,9th Grade,12th Grade
172529002757,McHenry Middle School,McHenry CCSD 15,McHenry,695,282,Yes participating without using any Provision or the CEO,false,6th Grade,8th Grade
173451003581,McIntosh Elementary,Rockford SD 205,Rockford,398,364,Yes under Community Eligibility Option (CEO),false,Kindergarten,5th Grade
170993000958,McKay Elem School,Chicago Public Schools Dist 299,Chicago,616,596,Yes under Community Eligibility Option (CEO),false,Prekindergarten,8th Grade
174260004278,McKenzie Elem School,Wilmette SD 39,Wilmette,461,,No,false,Kindergarten,4th Grade
170576000250,McKinley Elem School,Bellwood SD 88,Bellwood,304,300,Yes under Community Eligibility Option (CEO),false,Kindergarten,5th Grade
171371001694,McKinley Elem School,SD U-46,Elgin,395,306,Yes under Community Eligibility Option (CEO),false,Kindergarten,6th Grade
173030003139,McKinley Elem School,Ottawa ESD 141,Ottawa,364,149,Yes under Community Eligibility Option (CEO),false,Prekindergarten,4th Grade
173672001600,McKinley Elem School,South Holland SD 150,South Holland,176,141,Yes under Community Eligibility Option (CEO),false,4th Grade,5th Grade
173672003779,McKinley Jr High School,South Holland SD 150,South Holland,287,222,Yes under Community Eligibility Option (CEO),false,6th Grade,8th Grade
170993001191,McNair Elem School,Chicago Public Schools Dist 299,Chicago,328,293,Yes under Community Eligibility Option (CEO),false,Prekindergarten,8th Grade
170993000959,McPherson Elem School,Chicago Public Schools Dist 299,Chicago,794,331,Yes under Community Eligibility Option (CEO),false,Prekindergarten,8th Grade
171179001391,Meade Park Elem School,Danville CCSD 118,Danville,312,301,Yes under Community Eligibility Option (CEO),false,Kindergarten,4th Grade
172771005437,Meadow Glens Elementary School,Naperville CUSD 203,Naperville,475,39,Yes participating without using any Provision or the CEO,false,Kindergarten,5th Grade
170456000137,Meadow Lane School,Atwood Heights SD 125,Merrionette Park,197,121,Yes under Community Eligibility Option (CEO),false,3rd Grade,5th Grade
173022002530,Meadow Ridge School,Orland SD 135,Orland Park,554,,No,false,3rd Grade,5th Grade
173174004206,Meadow View Elementary School,Plainfield SD 202,Plainfield,627,267,Yes under Community Eligibility Option (CEO),false,Kindergarten,5th Grade
172898003039,Meadowbrook Elem School,Northbrook SD 28,Northbrook,497,,No,false,Kindergarten,5th Grade
170612000301,Meadowbrook Intermediate Sch,Bethalto CUSD 8,Moro,344,165,Yes participating without using any Provision or the CEO,false,4th Grade,5th Grade
170855000492,Meadowdale Elem School,CUSD 300,Carpentersville,421,373,Yes under Community Eligibility Option (CEO),false,Kindergarten,5th Grade
171704002013,Meadowview Elem School,Woodridge SD 68,Woodridge,416,148,Yes participating without using any Provision or the CEO,false,Kindergarten,6th Grade
171101001331,Meadowview School,Country Club Hills SD 160,Country Club Hills,293,192,Yes under Community Eligibility Option (CEO),false,3rd Grade,5th Grade
171752001752,Meadowview School,Grayslake CCSD 46,Grayslake,351,68,Yes participating without using any Provision or the CEO,false,Kindergarten,4th Grade
172754002917,Mechanics Grove Elem School,Mundelein ESD 75,Mundelein,486,203,Yes participating without using any Provision or the CEO,false,3rd Grade,5th Grade
171095001328,Medgar Evers Primary Acadmc Cntr,Ford Heights SD 169,Ford Heights,306,293,Yes under Community Eligibility Option (CEO),false,Prekindergarten,4th Grade
172550002763,Medinah Intermediate School,Medinah SD 11,Medinah,250,110,Yes participating without using any Provision or the CEO,false,3rd Grade,5th Grade
172550002762,Medinah Middle School,Medinah SD 11,Roselle,246,108,Yes participating without using any Provision or the CEO,false,6th Grade,8th Grade
172550002764,Medinah Primary School,Medinah SD 11,Medinah,248,87,Yes participating without using any Provision or the CEO,false,Prekindergarten,2nd Grade
173150003318,Medora Intermediate School,Southwestern CUSD 9,Medora,160,65,Yes participating without using any Provision or the CEO,false,5th Grade,6th Grade
170579001089,Meehan Elementary School,Belvidere CUSD 100,Belvidere,688,380,Yes under Community Eligibility Option (CEO),false,Prekindergarten,5th Grade
170993000963,Melody Elem School,Chicago Public Schools Dist 299,Chicago,341,339,Yes under Community Eligibility Option (CEO),false,Prekindergarten,8th Grade
172511002743,Melrose Park Elem School,Maywood-Melrose Park-Broadview 89,Melrose Park,602,328,Yes under Community Eligibility Option (CEO),false,Prekindergarten,5th Grade
171314005276,Melzer School,East Maine SD 63,Morton Grove,395,158,Yes participating without using any Provision or the CEO,false,Kindergarten,5th Grade
173870003934,Memorial Elem School,Taylorville CUSD 3,Taylorville,297,178,Yes under Community Eligibility Option (CEO),false,3rd Grade,4th Grade
173903003961,Memorial Elem School,CCSD 146,Tinley Park,291,110,Yes participating without using any Provision or the CEO,false,Prekindergarten,5th Grade
173075003196,Memorial Elementary School,Paris-Union SD 95,Paris,293,226,Yes under Community Eligibility Option (CEO),false,Prekindergarten,2nd Grade
172202002470,Memorial Jr High School,Lansing SD 158,Lansing,854,847,Yes under Community Eligibility Option (CEO),false,6th Grade,8th Grade
172565002775,Mendota Twp High School,Mendota Twp HSD 280,Mendota,493,277,Yes participating without using any Provision or the CEO,true,9th Grade,12th Grade
170139506874,Mercer County Elc,Mercer County School District 404,Joy,66,35,Yes under Community Eligibility Option (CEO),false,Prekindergarten,Prekindergarten
170139500018,Mercer County High School,Mercer County School District 404,Aledo,411,171,Yes under Community Eligibility Option (CEO),false,9th Grade,12th Grade
170139506040,Mercer County Jr High School,Mercer County School District 404,Aledo,270,134,Yes under Community Eligibility Option (CEO),false,6th Grade,8th Grade
172568004736,Meredosia-Chambersburg Elem Sch,Meredosia-Chambersburg CUSD 11,Meredosia,116,87,Yes under Community Eligibility Option (CEO),false,Prekindergarten,5th Grade
172568002776,Meredosia-Chambersburg High Sch,Meredosia-Chambersburg CUSD 11,Meredosia,47,34,Yes under Community Eligibility Option (CEO),true,9th Grade,12th Grade
172568002777,Meredosia-Chambersburg Jr High,Meredosia-Chambersburg CUSD 11,Meredosia,49,38,Yes under Community Eligibility Option (CEO),false,6th Grade,8th Grade
170012300877,Meridian Elem School,Meridian CUSD 15,Blue Mound,460,221,Yes under Community Eligibility Option (CEO),false,Prekindergarten,5th Grade
172697002874,Meridian Elementary School,Meridian CUSD 101,Mounds,213,203,Yes under Community Eligibility Option (CEO),false,Prekindergarten,5th Grade
170012300873,Meridian High School,Meridian CUSD 15,Macon,287,125,Yes under Community Eligibility Option (CEO),false,9th Grade,12th Grade
172697002873,Meridian High School,Meridian CUSD 101,Mounds,206,203,Yes under Community Eligibility Option (CEO),true,6th Grade,12th Grade
172569002778,Meridian Jr High School,Meridian CUSD 223,Stillman Valley,328,98,Yes participating without using any Provision or the CEO,false,6th Grade,8th Grade
170012300876,Meridian Middle School,Meridian CUSD 15,Macon,195,83,Yes under Community Eligibility Option (CEO),false,6th Grade,8th Grade
170390000871,Meridian School,Aptakisic-Tripp CCSD 102,Buffalo Grove,702,,No,false,4th Grade,5th Grade
173435003522,Merrill Elem School,Rock Falls ESD 13,Rock Falls,258,201,Yes under Community Eligibility Option (CEO),false,3rd Grade,5th Grade
172574002783,Metamora Grade School,Metamora CCSD 1,Metamora,829,178,Yes participating without using any Provision or the CEO,false,Prekindergarten,8th Grade
172577002784,Metamora High School,County of Woodford School,Metamora,896,198,Yes participating without using any Provision or the CEO,false,9th Grade,12th Grade
170993000675,Metcalfe Elem Community Academy,Chicago Public Schools Dist 299,Chicago,354,338,Yes under Community Eligibility Option (CEO),false,Prekindergarten,8th Grade
174169006090,Metea Valley High School,Indian Prairie CUSD 204,Aurora,2766,613,Yes participating without using any Provision or the CEO,false,9th Grade,12th Grade
172500002710,Metropolis Elem School,Massac UD 1,Metropolis,457,378,Yes under Community Eligibility Option (CEO),false,Prekindergarten,6th Grade
173474003650,Michael Collins Elem School,Schaumburg CCSD 54,Schaumburg,789,,No,false,Kindergarten,6th Grade
171185001423,Michael E Baum Elem School,Decatur SD 61,Decatur,313,271,Yes under Community Eligibility Option (CEO),false,Kindergarten,6th Grade
173081003209,Michelle Obama Sch of Technology,Park Forest SD 163,Park Forest,428,338,Yes under Community Eligibility Option (CEO),false,6th Grade,8th Grade
173840003917,Middlefork Primary School,Sunset Ridge SD 29,Northfield,241,,No,false,Kindergarten,3rd Grade
170021103291,Middlefork School Rssp,Vermilion ROE,Danville,0,,Yes under Community Eligibility Option (CEO),true,6th Grade,12th Grade
172406000683,Middletown Prairie Elementary,Mahomet-Seymour CUSD 3,Mahomet,805,174,Yes participating without using any Provision or the CEO,false,Prekindergarten,2nd Grade
170012601488,Midland Elementary School,Midland CUSD 7,Lacon,249,107,Yes under Community Eligibility Option (CEO),false,Prekindergarten,4th Grade
170012601479,Midland High School,Midland CUSD 7,Varna,194,101,Yes under Community Eligibility Option (CEO),true,9th Grade,12th Grade
170012601482,Midland Middle School,Midland CUSD 7,Sparland,214,109,Yes under Community Eligibility Option (CEO),false,5th Grade,8th Grade
171353004625,Midway School,Edwardsville CUSD 7,Moro,120,28,Yes participating without using any Provision or the CEO,false,Prekindergarten,2nd Grade
174396205578,Midwest Central High School,Midwest Central CUSD 191,Manito,235,112,Yes under Community Eligibility Option (CEO),true,9th Grade,12th Grade
174396201455,Midwest Central Middle School,Midwest Central CUSD 191,Green Valley,183,87,Yes under Community Eligibility Option (CEO),false,6th Grade,8th Grade
174396205580,Midwest Central Primary School,Midwest Central CUSD 191,Manito,430,238,Yes under Community Eligibility Option (CEO),false,Prekindergarten,5th Grade
174125001753,Miguel Juarez Middle School,Waukegan CUSD 60,Waukegan,651,453,Yes under Community Eligibility Option (CEO),false,6th Grade,8th Grade
170141606312,Milford Grade School East Campus,Milford Area PSD 124,Sheldon,1,,No,false,Prekindergarten,Prekindergarten
170141602789,Milford Grade School West Campus,Milford Area PSD 124,Milford,354,213,Yes under Community Eligibility Option (CEO),false,Prekindergarten,8th Grade
170141602790,Milford High School Campus,Milford Area PSD 124,Milford,149,92,Yes under Community Eligibility Option (CEO),true,9th Grade,12th Grade
171638001743,Mill Creek School,Geneva CUSD 304,Geneva,354,,No,false,Kindergarten,5th Grade
172771002937,Mill Street Elem School,Naperville CUSD 203,Naperville,600,208,Yes participating without using any Provision or the CEO,false,Kindergarten,5th Grade
172827005319,Millbrook Junior High School,Newark CCSD 66,Newark,89,22,Yes participating without using any Provision or the CEO,false,5th Grade,8th Grade
172610002792,Millburn Elem School,Millburn CCSD 24,Old Mill Creek,711,146,Yes participating without using any Provision or the CEO,false,Prekindergarten,5th Grade
172610005621,Millburn Middle School,Millburn CCSD 24,Lindenhurst,388,81,Yes participating without using any Provision or the CEO,false,6th Grade,8th Grade
172127003424,Millennium Elem School,Kirby SD 140,Tinley Park,451,,No,false,Prekindergarten,5th Grade
170019703057,Milligan Academy Rssp,Macon/Piatt ROE,Decatur,0,,No,true,6th Grade,11th Grade
171635001950,Millikin Elem School,Geneseo CUSD 228,Geneseo,364,109,Yes participating without using any Provision or the CEO,false,Kindergarten,5th Grade
172619002794,Millstadt Consolidated School,Millstadt CCSD 160,Millstadt,453,98,Yes participating without using any Provision or the CEO,false,3rd Grade,8th Grade
172619006030,Millstadt Primary Center,Millstadt CCSD 160,Millstadt,246,76,Yes participating without using any Provision or the CEO,false,Prekindergarten,2nd Grade
170921000528,Milne Grove Elem School,Lockport SD 91,Lockport,233,98,Yes participating without using any Provision or the CEO,false,Prekindergarten,3rd Grade
172625002795,Milton Pope Elem School,Miller Twp CCSD 210,Marseilles,195,38,Yes participating without using any Provision or the CEO,false,Kindergarten,8th Grade
170993000952,Minnie Minoso Academy,Chicago Public Schools Dist 299,Chicago,304,273,Yes under Community Eligibility Option (CEO),false,Prekindergarten,8th Grade
172634002800,Minooka Community High School,Minooka CHSD 111,Channahon,2918,,No,false,9th Grade,12th Grade
172631002798,Minooka Elem School,Minooka CCSD 201,Minooka,504,226,Yes participating without using any Provision or the CEO,false,Kindergarten,4th Grade
172631002099,Minooka Intermediate School,Minooka CCSD 201,Minooka,941,255,Yes participating without using any Provision or the CEO,false,5th Grade,6th Grade
172631002799,Minooka Jr High School,Minooka CCSD 201,Minooka,1024,275,Yes participating without using any Provision or the CEO,false,7th Grade,8th Grade
172631006117,Minooka Primary Center,Minooka CCSD 201,Minooka,247,91,Yes participating without using any Provision or the CEO,false,Prekindergarten,Prekindergarten
170993001084,Mireles Elem Academy,Chicago Public Schools Dist 299,Chicago,546,455,Yes under Community Eligibility Option (CEO),false,Prekindergarten,8th Grade
170993000965,Mitchell Elem School,Chicago Public Schools Dist 299,Chicago,446,135,Yes under Community Eligibility Option (CEO),false,Prekindergarten,8th Grade
171728002036,Mitchell Elementary School,Granite City CUSD 9,Granite City,413,291,Yes under Community Eligibility Option (CEO),false,3rd Grade,4th Grade
173081003207,Mohawk Primary Center,Park Forest SD 163,Park Forest,283,239,Yes under Community Eligibility Option (CEO),false,Kindergarten,3rd Grade
172637002801,Mokena Elem School,Mokena SD 159,Mokena,709,138,Yes participating without using any Provision or the CEO,false,Prekindergarten,3rd Grade
172637004521,Mokena Intermediate School,Mokena SD 159,Mokena,346,64,Yes participating without using any Provision or the CEO,false,4th Grade,5th Grade
172637002802,Mokena Jr High School,Mokena SD 159,Mokena,502,85,Yes participating without using any Provision or the CEO,false,6th Grade,8th Grade
172640002824,Moline Sr High School,Moline-Coal Valley CUSD 40,Moline,2195,1215,Yes participating without using any Provision or the CEO,true,9th Grade,12th Grade
170993000966,Mollison Elem School,Chicago Public Schools Dist 299,Chicago,237,203,Yes under Community Eligibility Option (CEO),false,Prekindergarten,8th Grade
172643002831,Momence High School,Momence CUSD 1,Momence,315,197,Yes under Community Eligibility Option (CEO),true,9th Grade,12th Grade
172643002832,Momence Jr High School,Momence CUSD 1,Momence,327,233,Yes under Community Eligibility Option (CEO),false,5th Grade,8th Grade
170993001127,Monarcas Academy,Chicago Public Schools Dist 299,Chicago,797,729,Yes under Community Eligibility Option (CEO),false,Prekindergarten,5th Grade
171125001348,Monee Elementary School,Crete Monee CUSD 201U,Monee,373,242,Yes under Community Eligibility Option (CEO),false,Kindergarten,5th Grade
170032005601,Monmouth-Roseville High Sch,Monmouth-Roseville CUSD 238,Monmouth,483,251,Yes under Community Eligibility Option (CEO),true,9th Grade,12th Grade
170032005602,Monmouth-Roseville Jr High Sch,Monmouth-Roseville CUSD 238,Roseville,214,131,Yes under Community Eligibility Option (CEO),false,7th Grade,8th Grade
172569002780,Monroe Center Grade School,Meridian CUSD 223,Monroe Center,327,100,Yes participating without using any Provision or the CEO,false,3rd Grade,5th Grade
172649002840,Monroe Elem School,Monroe SD 70,Bartonville,274,123,Yes participating without using any Provision or the CEO,false,Prekindergarten,8th Grade
170000205089,Monroe Elem School,Casey-Westfield CUSD 4C,Casey,530,221,Yes under Community Eligibility Option (CEO),false,Prekindergarten,6th Grade
171929002217,Monroe Elem School,Hinsdale CCSD 181,Hinsdale,325,,No,false,Kindergarten,5th Grade
174218005558,Monroe Middle School,CUSD 200,Wheaton,716,244,Yes participating without using any Provision or the CEO,false,6th Grade,8th Grade
170020203193,Monroe/Randolph Red Brick Sch,Monroe/Randolph ROE,Red Bud,0,,Yes under Community Eligibility Option (CEO),true,6th Grade,12th Grade
171185001398,Montessori Academy for Peace,Decatur SD 61,Decatur,586,310,Yes under Community Eligibility Option (CEO),false,Prekindergarten,8th Grade
173451001589,Montessori Elementary School,Rockford SD 205,Rockford,660,240,Yes under Community Eligibility Option (CEO),false,Prekindergarten,8th Grade
170993006221,Montessori of Englewood Chtr ES,Chicago Public Schools Dist 299,Chicago,349,346,Yes under Community Eligibility Option (CEO),false,Prekindergarten,8th Grade
172655002843,Monticello High School,Monticello CUSD 25,Monticello,489,,No,false,9th Grade,12th Grade
172655005715,Monticello Middle School,Monticello CUSD 25,Monticello,405,93,Yes participating without using any Provision or the CEO,false,6th Grade,8th Grade
172659002846,Montmorency CCSD #145,Montmorency CCSD 145,Rock Falls,209,79,Yes participating without using any Provision or the CEO,false,Kindergarten,8th Grade
170993000969,Moos Elem School,Chicago Public Schools Dist 299,Chicago,434,290,Yes under Community Eligibility Option (CEO),false,Prekindergarten,8th Grade
170993001002,Morgan Park High School,Chicago Public Schools Dist 299,Chicago,1349,1051,Yes under Community Eligibility Option (CEO),true,7th Grade,12th Grade
170993000970,Morrill Elem Math & Sci School,Chicago Public Schools Dist 299,Chicago,600,577,Yes under Community Eligibility Option (CEO),false,Prekindergarten,8th Grade
172664002851,Morris Community High School,Morris CHSD 101,Morris,926,,No,false,9th Grade,12th Grade
172671002852,Morrison High School,Morrison CUSD 6,Morrison,294,101,Yes participating without using any Provision or the CEO,false,9th Grade,12th Grade
172671002853,Morrison Jr High School,Morrison CUSD 6,Morrison,215,80,Yes participating without using any Provision or the CEO,false,6th Grade,8th Grade
172676004743,Morrisonville Elem School,Morrisonville CUSD 1,Morrisonville,155,49,Yes under Community Eligibility Option (CEO),false,Prekindergarten,6th Grade
172676002858,Morrisonville High School,Morrisonville CUSD 1,Morrisonville,85,27,Yes under Community Eligibility Option (CEO),false,9th Grade,12th Grade
172676002857,Morrisonville Jr High School,Morrisonville CUSD 1,Morrisonville,47,12,Yes under Community Eligibility Option (CEO),false,7th Grade,8th Grade
172680006423,Morton Academy,Morton CUSD 709,Morton,0,,Yes participating without using any Provision or the CEO,true,Kindergarten,12th Grade
170022104700,Morton Alternative Schools,Region 06 West Cook ISC 2,Maywood,0,,No,true,9th Grade,12th Grade
170993004956,Morton Elem Career Academy,Chicago Public Schools Dist 299,Chicago,268,203,Yes under Community Eligibility Option (CEO),false,Prekindergarten,8th Grade
172680002864,Morton High School,Morton CUSD 709,Morton,1061,165,Yes participating without using any Provision or the CEO,false,9th Grade,12th Grade
172680002865,Morton Jr High School,Morton CUSD 709,Morton,504,80,Yes participating without using any Provision or the CEO,false,7th Grade,8th Grade
170993000612,Mosaic School of Fine Arts,Chicago Public Schools Dist 299,Chicago,746,663,Yes under Community Eligibility Option (CEO),false,Prekindergarten,8th Grade
171997002257,Mossville Elementary School,Il Valley Central USD 321,Chillicothe,431,178,Yes participating without using any Provision or the CEO,false,Prekindergarten,5th Grade
171997006016,Mossville Jr High,Il Valley Central USD 321,Mossville,181,85,Yes participating without using any Provision or the CEO,false,6th Grade,8th Grade
173609003739,Moulton Elementary School,Shelbyville CUSD 4,Shelbyville,455,204,Yes participating without using any Provision or the CEO,false,4th Grade,8th Grade
174047004073,Mount Carmel High School,Wabash CUSD 348,Mount Carmel,452,216,Yes participating without using any Provision or the CEO,true,9th Grade,12th Grade
171024001249,Mount Erie Elem School,North Wayne CUSD 200,Mount Erie,67,23,Yes under Community Eligibility Option (CEO),false,Kindergarten,4th Grade
170993000974,Mount Greenwood Elem School,Chicago Public Schools Dist 299,Chicago,1182,185,Yes under Community Eligibility Option (CEO),false,Prekindergarten,8th Grade
172729002891,Mount Pulaski Elem School,Mt Pulaski CUSD 23,Mount Pulaski,369,149,Yes participating without using any Provision or the CEO,false,Prekindergarten,8th Grade
172729002892,Mount Pulaski High School,Mt Pulaski CUSD 23,Mount Pulaski,178,74,Yes participating without using any Provision or the CEO,true,9th Grade,12th Grade
170993000978,Mount Vernon Elem School,Chicago Public Schools Dist 299,Chicago,245,185,Yes under Community Eligibility Option (CEO),false,Prekindergarten,8th Grade
172736002904,Mount Vernon High School,Mt Vernon Twp HSD 201,Mount Vernon,1233,695,Yes under Community Eligibility Option (CEO),true,9th Grade,12th Grade
170993006380,Moving Everest Charter School,Chicago Public Schools Dist 299,Chicago,755,685,Yes under Community Eligibility Option (CEO),false,Kindergarten,8th Grade
170993000979,Mozart Elem School,Chicago Public Schools Dist 299,Chicago,499,442,Yes under Community Eligibility Option (CEO),false,Prekindergarten,8th Grade
174047004075,Mt Carmel Elementary School,Wabash CUSD 348,Mount Carmel,361,207,Yes participating without using any Provision or the CEO,false,Prekindergarten,2nd Grade
174047004373,Mt Carmel Grade School,Wabash CUSD 348,Mount Carmel,370,225,Yes participating without using any Provision or the CEO,false,3rd Grade,6th Grade
174047004372,Mt Carmel Junior High School,Wabash CUSD 348,Mount Carmel,199,113,Yes participating without using any Provision or the CEO,false,7th Grade,8th Grade
172718004751,Mt Olive Elementary School,Mount Olive CUSD 5,Mount Olive,328,156,Yes under Community Eligibility Option (CEO),false,Prekindergarten,8th Grade
172718002883,Mt Olive High School,Mount Olive CUSD 5,Mount Olive,151,73,Yes under Community Eligibility Option (CEO),false,9th Grade,12th Grade
170017402806,Mt Vernon Alternative School,Clintn/Jeffrsn/Marin/Washngtn ROE,Mount Vernon,0,,Yes under Community Eligibility Option (CEO),true,7th Grade,12th Grade
172739002909,Mt Zion Elem School,Mt Zion CUSD 3,Mount Zion,359,108,Yes participating without using any Provision or the CEO,false,2nd Grade,3rd Grade
172739002908,Mt Zion High School,Mt Zion CUSD 3,Mount Zion,762,166,Yes participating without using any Provision or the CEO,false,9th Grade,12th Grade
172739002911,Mt Zion Intermediate School,Mt Zion CUSD 3,Mount Zion,557,170,Yes participating without using any Provision or the CEO,false,4th Grade,6th Grade
172739002905,Mt Zion Jr High School,Mt Zion CUSD 3,Mount Zion,378,101,Yes participating without using any Provision or the CEO,false,7th Grade,8th Grade
171185001407,Muffley Elem School,Decatur SD 61,Decatur,386,326,Yes under Community Eligibility Option (CEO),false,Kindergarten,6th Grade
172745004755,Mulberry Grove Elem School,Mulberry Grove CUSD 1,Mulberry Grove,135,77,Yes under Community Eligibility Option (CEO),false,Prekindergarten,5th Grade
172745004756,Mulberry Grove Jr High School,Mulberry Grove CUSD 1,Mulberry Grove,59,33,Yes under Community Eligibility Option (CEO),false,6th Grade,8th Grade
172745002912,Mulberry Grove Sr High School,Mulberry Grove CUSD 1,Mulberry Grove,108,51,Yes under Community Eligibility Option (CEO),true,9th Grade,12th Grade
170993005794,Multicultural Arts High School,Chicago Public Schools Dist 299,Chicago,283,265,Yes under Community Eligibility Option (CEO),true,9th Grade,12th Grade
172757002919,Mundelein Cons High School,Mundelein Cons HSD 120,Mundelein,2282,,No,false,9th Grade,12th Grade
173717003856,Munhall Elem School,St Charles CUSD 303,Saint Charles,447,131,Yes participating without using any Provision or the CEO,false,Kindergarten,5th Grade
170993000983,Murphy Elem School,Chicago Public Schools Dist 299,Chicago,514,266,Yes under Community Eligibility Option (CEO),false,Prekindergarten,8th Grade
173027006236,Murphy Junior High School,CUSD 308,Plainfield,700,139,Yes participating without using any Provision or the CEO,false,6th Grade,8th Grade
172761002925,Murphysboro High School,Murphysboro CUSD 186,Murphysboro,565,550,Yes under Community Eligibility Option (CEO),true,9th Grade,12th Grade
172761002926,Murphysboro Middle School,Murphysboro CUSD 186,Murphysboro,422,403,Yes under Community Eligibility Option (CEO),false,6th Grade,8th Grade
170993000984,Murray Elem Language Academy,Chicago Public Schools Dist 299,Chicago,477,289,Yes under Community Eligibility Option (CEO),false,Kindergarten,8th Grade
172028002286,Murrayville-Woodson Elem School,Jacksonville SD 117,Murrayville,109,64,Yes under Community Eligibility Option (CEO),false,Kindergarten,5th Grade
170954000563,N B Galloway Elem School,Channahon SD 17,Channahon,364,,No,false,Prekindergarten,2nd Grade
171353001643,N O Nelson Elem School,Edwardsville CUSD 7,Edwardsville,347,116,Yes participating without using any Provision or the CEO,false,Prekindergarten,2nd Grade
170993005102,Namaste Elem Charter School,Chicago Public Schools Dist 299,Chicago,364,303,Yes under Community Eligibility Option (CEO),false,Kindergarten,8th Grade
174169003608,Nancy Young Elementary School,Indian Prairie CUSD 204,Aurora,574,82,Yes participating without using any Provision or the CEO,false,Kindergarten,5th Grade
172771002938,Naper Elem School,Naperville CUSD 203,Naperville,235,40,Yes participating without using any Provision or the CEO,false,Kindergarten,4th Grade
172771002939,Naperville Central High School,Naperville CUSD 203,Naperville,2589,432,Yes participating without using any Provision or the CEO,false,9th Grade,12th Grade
172771002940,Naperville North High School,Naperville CUSD 203,Naperville,2467,463,Yes participating without using any Provision or the CEO,false,9th Grade,12th Grade
170993000985,Nash Elem School,Chicago Public Schools Dist 299,Chicago,255,232,Yes under Community Eligibility Option (CEO),false,Prekindergarten,8th Grade
172774002947,Nashville Comm High School,Nashville CHSD 99,Nashville,359,120,Yes participating without using any Provision or the CEO,true,9th Grade,12th Grade
172772002466,Nashville Grade School,Nashville CCSD 49,Nashville,622,243,Yes participating without using any Provision or the CEO,false,Prekindergarten,8th Grade
173837003916,Nathan Hale Elem School,Sunnybrook SD 171,Lansing,525,316,Yes under Community Eligibility Option (CEO),false,Prekindergarten,4th Grade
173474003651,Nathan Hale Elem School,Schaumburg CCSD 54,Schaumburg,495,,No,false,Kindergarten,6th Grade
170651000333,Nathan Hale Intermediate,Cook County SD 130,Crestwood,175,116,Yes under Community Eligibility Option (CEO),false,4th Grade,5th Grade
170651000334,Nathan Hale Middle School,Cook County SD 130,Crestwood,334,218,Yes under Community Eligibility Option (CEO),false,6th Grade,8th Grade
170651000335,Nathan Hale Primary School,Cook County SD 130,Crestwood,334,234,Yes under Community Eligibility Option (CEO),false,Prekindergarten,3rd Grade
170993004722,National Teachers Elem Academy,Chicago Public Schools Dist 299,Chicago,795,367,Yes under Community Eligibility Option (CEO),false,Prekindergarten,8th Grade
171371003644,Nature Ridge Elem School,SD U-46,Bartlett,458,141,Yes under Community Eligibility Option (CEO),false,Prekindergarten,6th Grade
172778004761,Nauvoo Elem School,Nauvoo-Colusa CUSD 325,Nauvoo,208,108,Yes participating without using any Provision or the CEO,false,Prekindergarten,8th Grade
173057003176,Navajo Heights Elem School,Palos Heights SD 128,Palos Heights,174,,No,false,4th Grade,5th Grade
170011004813,Neal Math Science Academy,North Chicago SD 187,North Chicago,601,594,Yes under Community Eligibility Option (CEO),false,6th Grade,8th Grade
173474003652,Neil Armstrong Elem School,Schaumburg CCSD 54,Hoffman Estates,498,,No,false,Kindergarten,6th Grade
173630003751,Neil Armstrong Elem School,ESD 159,Richton Park,266,186,Yes under Community Eligibility Option (CEO),false,Prekindergarten,5th Grade
170993000987,Neil Elem School,Chicago Public Schools Dist 299,Chicago,258,227,Yes under Community Eligibility Option (CEO),false,Prekindergarten,8th Grade
172814003777,Nelson Prairie School,New Lenox SD 122,New Lenox,388,53,Yes participating without using any Provision or the CEO,false,1st Grade,3rd Grade
172814003778,Nelson Ridge School,New Lenox SD 122,New Lenox,432,48,Yes participating without using any Provision or the CEO,false,4th Grade,6th Grade
172784002953,Neoga Elementary School,Neoga CUSD 3,Neoga,241,99,Yes under Community Eligibility Option (CEO),false,Prekindergarten,5th Grade
172784002952,Neoga Jr/Sr High School,Neoga CUSD 3,Neoga,280,119,Yes under Community Eligibility Option (CEO),true,6th Grade,12th Grade
172100002954,Neponset Grade School,Kewanee CUSD 229,Neponset,137,100,Yes under Community Eligibility Option (CEO),false,Prekindergarten,8th Grade
170993000988,Nettelhorst Elem School,Chicago Public Schools Dist 299,Chicago,653,126,Yes under Community Eligibility Option (CEO),false,Prekindergarten,8th Grade
172793002957,Nettle Creek Elem School,Nettle Creek CCSD 24C,Morris,77,3,Yes participating without using any Provision or the CEO,false,Prekindergarten,8th Grade
174169002092,Neuqua Valley High School,Indian Prairie CUSD 204,Naperville,3018,295,Yes participating without using any Provision or the CEO,false,9th Grade,12th Grade
170016502272,New Approach Alternative H S,Bnd/Chrstn/Effngh/Fytt/Mntgmr ROE,Vandalia,0,,Yes under Community Eligibility Option (CEO),true,9th Grade,12th Grade
172796004763,New Athens Elem,New Athens CUSD 60,New Athens,229,50,Yes participating without using any Provision or the CEO,false,Prekindergarten,5th Grade
172796002958,New Athens High School,New Athens CUSD 60,New Athens,164,52,Yes participating without using any Provision or the CEO,false,9th Grade,12th Grade
172796004764,New Athens Jr High,New Athens CUSD 60,New Athens,95,33,Yes participating without using any Provision or the CEO,false,6th Grade,8th Grade
173942004858,New Baden Elementary School,Wesclin CUSD 3,New Baden,246,100,Yes participating without using any Provision or the CEO,false,Kindergarten,3rd Grade
171242005043,New Beginnings Learning Academy,Dolton SD 149,South Holland,288,286,Yes under Community Eligibility Option (CEO),false,Kindergarten,5th Grade
170019102878,New Beginnings Regnl Safe Sch Pgm,Kane ROE,Elgin,0,,No,true,6th Grade,12th Grade
172799004766,New Berlin Elementary School,New Berlin CUSD 16,New Berlin,452,136,Yes participating without using any Provision or the CEO,false,Prekindergarten,5th Grade
172799002960,New Berlin High School,New Berlin CUSD 16,New Berlin,256,67,Yes participating without using any Provision or the CEO,false,9th Grade,12th Grade
172799002959,New Berlin Jr High School,New Berlin CUSD 16,New Berlin,155,45,Yes participating without using any Provision or the CEO,false,6th Grade,8th Grade
170139504196,New Boston Elem School,Mercer County School District 404,New Boston,165,104,Yes under Community Eligibility Option (CEO),false,Kindergarten,5th Grade
171851002144,New Central Elem School,Havana CUSD 126,Havana,286,160,Yes under Community Eligibility Option (CEO),false,Kindergarten,4th Grade
170993005687,New Field Elem School,Chicago Public Schools Dist 299,Chicago,541,432,Yes under Community Eligibility Option (CEO),false,Prekindergarten,4th Grade
170010305347,New Holland-Middletown Elem Sch,New Holland-Middletown ED 88,Middletown,70,50,Yes under Community Eligibility Option (CEO),false,Prekindergarten,8th Grade
172811002964,New Hope Elem School,New Hope CCSD 6,Fairfield,204,88,Yes under Community Eligibility Option (CEO),false,Kindergarten,8th Grade
172816003817,New Simpson Hill Dist 32,New Simpson Hill SD 32,Tunnel Hill,228,101,Yes under Community Eligibility Option (CEO),false,Prekindergarten,8th Grade
172820004263,New Trier Township H S Northfield,New Trier Twp HSD 203,Northfield,886,,No,false,9th Grade,9th Grade
172820002975,New Trier Township H S Winnetka,New Trier Twp HSD 203,Winnetka,2770,,No,false,10th Grade,12th Grade
172826002977,Newark Comm High School,Newark CHSD 18,Newark,175,40,Yes participating without using any Provision or the CEO,false,9th Grade,12th Grade
172827002978,Newark Elem School,Newark CCSD 66,Newark,116,27,Yes participating without using any Provision or the CEO,false,Prekindergarten,4th Grade
170993000991,Newberry Elem Math & Science Acad,Chicago Public Schools Dist 299,Chicago,330,245,Yes under Community Eligibility Option (CEO),false,Prekindergarten,8th Grade
170417004679,Newcomer Center,Township HSD 214,Arlington Heights,0,,No,true,9th Grade,12th Grade
170001005141,Newport Elem School,Beach Park CCSD 3,Wadsworth,261,170,Yes under Community Eligibility Option (CEO),false,Kindergarten,5th Grade
172038002299,Newton Comm High School,Jasper County CUD 1,Newton,412,165,Yes participating without using any Provision or the CEO,true,9th Grade,12th Grade
172038002303,Newton Elem School,Jasper County CUD 1,Newton,476,235,Yes participating without using any Provision or the CEO,false,1st Grade,6th Grade
170468000152,Nicholas a Hermes Elem School,Aurora East USD 131,Aurora,607,385,Yes under Community Eligibility Option (CEO),false,Prekindergarten,5th Grade
171446001795,Nichols Middle School,Evanston CCSD 65,Evanston,628,219,Yes participating without using any Provision or the CEO,false,6th Grade,8th Grade
170471000157,Nicholson Elem School,Aurora West USD 129,Montgomery,337,198,Yes under Community Eligibility Option (CEO),false,Kindergarten,5th Grade
170993000597,Nicholson Tech Acad Elem Sch,Chicago Public Schools Dist 299,Chicago,487,450,Yes under Community Eligibility Option (CEO),false,Prekindergarten,8th Grade
170993000992,Nightingale Elem School,Chicago Public Schools Dist 299,Chicago,917,831,Yes under Community Eligibility Option (CEO),false,Prekindergarten,8th Grade
172853002986,Niles North High School,Niles Twp HSD 219,Skokie,1999,,No,false,9th Grade,12th Grade
172853002988,Niles West High School,Niles Twp HSD 219,Skokie,2646,,No,false,9th Grade,12th Grade
170993001128,Ninos Heroes Elem Academic Ctr,Chicago Public Schools Dist 299,Chicago,315,280,Yes under Community Eligibility Option (CEO),false,Prekindergarten,8th Grade
170022204117,Nippersink Middle School,Nippersink SD 2,Richmond,377,94,Yes participating without using any Provision or the CEO,false,6th Grade,8th Grade
170993000994,Nixon Elem School,Chicago Public Schools Dist 299,Chicago,672,638,Yes under Community Eligibility Option (CEO),false,Prekindergarten,6th Grade
172472002679,Nob Hill Elem School,Prairie-Hills ESD 144,Country Club Hills,164,162,Yes under Community Eligibility Option (CEO),false,Prekindergarten,5th Grade
170993000996,Nobel Elem School,Chicago Public Schools Dist 299,Chicago,592,570,Yes under Community Eligibility Option (CEO),false,Prekindergarten,8th Grade
170993006513,Noble St Chtr - Mansueto,Chicago Public Schools Dist 299,Chicago,1106,1007,Yes under Community Eligibility Option (CEO),true,9th Grade,12th Grade
170993006499,Noble St Chtr Rauner College Prep,Chicago Public Schools Dist 299,Chicago,558,474,Yes under Community Eligibility Option (CEO),true,9th Grade,12th Grade
170993006491,Noble St Chtr-Baker Campus,Chicago Public Schools Dist 299,Chicago,285,267,Yes under Community Eligibility Option (CEO),true,9th Grade,12th Grade
170993006450,Noble St Chtr-Butler - Crimson,Chicago Public Schools Dist 299,Chicago,695,617,Yes under Community Eligibility Option (CEO),true,9th Grade,12th Grade
170993006440,Noble St Chtr-Chicago Bulls Prep,Chicago Public Schools Dist 299,Chicago,1060,923,Yes under Community Eligibility Option (CEO),true,9th Grade,12th Grade
170993006523,Noble St Chtr-Comer College Prep,Chicago Public Schools Dist 299,Chicago,1007,867,Yes under Community Eligibility Option (CEO),true,6th Grade,12th Grade
170993006480,Noble St Chtr-Drw Trading Col,Chicago Public Schools Dist 299,Chicago,323,283,Yes under Community Eligibility Option (CEO),true,9th Grade,12th Grade
170993006439,Noble St Chtr-Golder College Prep,Chicago Public Schools Dist 299,Chicago,633,564,Yes under Community Eligibility Option (CEO),true,9th Grade,12th Grade
170993006454,Noble St Chtr-Hansberry Prep Slvr,Chicago Public Schools Dist 299,Chicago,534,458,Yes under Community Eligibility Option (CEO),true,9th Grade,12th Grade
170993006485,Noble St Chtr-Itw Speer Acad,Chicago Public Schools Dist 299,Chicago,1135,989,Yes under Community Eligibility Option (CEO),true,9th Grade,12th Grade
170993006494,Noble St Chtr-Johnson Colg Prep,Chicago Public Schools Dist 299,Chicago,529,485,Yes under Community Eligibility Option (CEO),true,9th Grade,12th Grade
170993006459,Noble St Chtr-Muchin College Prep,Chicago Public Schools Dist 299,Chicago,909,659,Yes under Community Eligibility Option (CEO),true,9th Grade,12th Grade
170993006470,Noble St Chtr-Noble Campus,Chicago Public Schools Dist 299,Chicago,696,509,Yes under Community Eligibility Option (CEO),true,9th Grade,12th Grade
170993006452,Noble St Chtr-Pritzker Col Prep,Chicago Public Schools Dist 299,Chicago,993,934,Yes under Community Eligibility Option (CEO),true,9th Grade,12th Grade
170993006447,Noble St Chtr-Rowe-Clark MS Acad,Chicago Public Schools Dist 299,Chicago,320,304,Yes under Community Eligibility Option (CEO),true,9th Grade,12th Grade
170993006464,Noble St Chtr-the Noble Academy,Chicago Public Schools Dist 299,Chicago,415,340,Yes under Community Eligibility Option (CEO),true,9th Grade,12th Grade
170993006515,Noble St Chtr-Uic College Prep,Chicago Public Schools Dist 299,Chicago,957,809,Yes under Community Eligibility Option (CEO),true,9th Grade,12th Grade
170675004371,Noel Levasseur Elem School,Bourbonnais SD 53,Bourbonnais,305,116,Yes participating without using any Provision or the CEO,false,Prekindergarten,3rd Grade
172856002990,Nokomis Jr/Sr High Sch,Nokomis CUSD 22,Nokomis,314,129,Yes under Community Eligibility Option (CEO),true,6th Grade,12th Grade
172862003002,Normal Community High School,McLean County USD 5,Normal,2079,694,Yes participating without using any Provision or the CEO,false,9th Grade,12th Grade
172862001386,Normal Community West High School,McLean County USD 5,Normal,1590,613,Yes participating without using any Provision or the CEO,false,9th Grade,12th Grade
170000403009,Norris City-Omaha Elem School,Norris City-Omaha-Enfield CUSD 3,Norris City,416,228,Yes under Community Eligibility Option (CEO),false,Kindergarten,8th Grade
170000403010,Norris City-Omaha-Enfield H S,Norris City-Omaha-Enfield CUSD 3,Norris City,195,109,Yes under Community Eligibility Option (CEO),true,9th Grade,12th Grade
170505000191,North Barrington Elem School,Barrington CUSD 220,North Barrington,432,46,Yes participating without using any Provision or the CEO,false,Kindergarten,5th Grade
172870003013,North Boone High School,North Boone CUSD 200,Poplar Grove,496,232,Yes participating without using any Provision or the CEO,true,9th Grade,12th Grade
172870004967,North Boone Middle School,North Boone CUSD 200,Poplar Grove,233,97,Yes participating without using any Provision or the CEO,false,7th Grade,8th Grade
172870001115,North Boone Upper Elem Sch,North Boone CUSD 200,Poplar Grove,192,81,Yes participating without using any Provision or the CEO,false,5th Grade,6th Grade
173045005782,North Campus,Township HSD 211,Palatine,0,,Yes under Community Eligibility Option (CEO),true,9th Grade,12th Grade
170011005370,North Chicago Community High Sch,North Chicago SD 187,North Chicago,898,896,Yes under Community Eligibility Option (CEO),true,9th Grade,12th Grade
172881003025,North Clay Community High School,North Clay CUSD 25,Louisville,178,79,Yes under Community Eligibility Option (CEO),true,9th Grade,12th Grade
172881004772,North Clay Elem/Jr High Sch,North Clay CUSD 25,Louisville,379,141,Yes under Community Eligibility Option (CEO),false,Prekindergarten,8th Grade
170022003951,North Cook Young Adult Academy,Region 05 North Cook ISC 1,Des Plaines,0,,No,true,6th Grade,12th Grade
171135001361,North Elem School,Crystal Lake CCSD 47,Crystal Lake,638,187,Yes participating without using any Provision or the CEO,false,Kindergarten,5th Grade
171578001886,North Elem School,Franklin Park SD 84,Franklin Park,199,113,Yes under Community Eligibility Option (CEO),false,Prekindergarten,5th Grade
172487002697,North Elem School,Marshall CUSD 2C,Marshall,339,141,Yes participating without using any Provision or the CEO,false,3rd Grade,6th Grade
172856002992,North Elem School,Nokomis CUSD 22,Nokomis,287,127,Yes under Community Eligibility Option (CEO),false,Prekindergarten,5th Grade
173870003935,North Elem School,Taylorville CUSD 3,Taylorville,522,313,Yes under Community Eligibility Option (CEO),false,Prekindergarten,2nd Grade
174035004055,North Elem School,SD 45 DuPage County,Villa Park,434,245,Yes under Community Eligibility Option (CEO),false,Kindergarten,5th Grade
174125004136,North Elem School,Waukegan CUSD 60,Waukegan,498,380,Yes under Community Eligibility Option (CEO),false,Prekindergarten,5th Grade
171212001466,North Elementary School,CCSD 62,Des Plaines,599,426,Yes under Community Eligibility Option (CEO),false,Kindergarten,5th Grade
170360005843,North Elementary School,Alton CUSD 11,Godfrey,549,282,Yes under Community Eligibility Option (CEO),false,2nd Grade,5th Grade
173846003919,North Elementary School,Sycamore CUSD 427,Sycamore,309,59,Yes participating without using any Provision or the CEO,false,Kindergarten,5th Grade
174224004249,North Greene Elem,North Greene CUSD 3,Roodhouse,468,242,Yes under Community Eligibility Option (CEO),false,Prekindergarten,6th Grade
174224004246,North Greene Jr/Sr High Sch,North Greene CUSD 3,White Hall,369,183,Yes under Community Eligibility Option (CEO),true,7th Grade,12th Grade
173846006074,North Grove Elementary School,Sycamore CUSD 427,Sycamore,377,31,Yes participating without using any Provision or the CEO,false,Kindergarten,5th Grade
172028002288,North Jacksonville School,Jacksonville SD 117,Jacksonville,135,95,Yes under Community Eligibility Option (CEO),false,Kindergarten,5th Grade
170993006489,North Lawndale Prep Chtr - Christ,Chicago Public Schools Dist 299,Chicago,258,256,Yes under Community Eligibility Option (CEO),true,9th Grade,12th Grade
170993006476,North Lawndale Prep Chtr-Collins,Chicago Public Schools Dist 299,Chicago,276,262,Yes under Community Eligibility Option (CEO),true,9th Grade,12th Grade
170140306109,North Mac Elementary,North Mac CUSD 34,Virden,342,185,Yes under Community Eligibility Option (CEO),false,Prekindergarten,2nd Grade
170140306148,North Mac High School,North Mac CUSD 34,Virden,361,192,Yes under Community Eligibility Option (CEO),true,9th Grade,12th Grade
170140306141,North Mac Intermediate,North Mac CUSD 34,Girard,224,141,Yes under Community Eligibility Option (CEO),false,3rd Grade,5th Grade
170140306527,North Mac Middle School,North Mac CUSD 34,Girard,228,124,Yes under Community Eligibility Option (CEO),false,6th Grade,8th Grade
174290003654,North Prairie Jr High,Winthrop Harbor SD 1,Winthrop Harbor,240,131,Yes participating without using any Provision or the CEO,false,5th Grade,8th Grade
171179001392,North Ridge Middle School,Danville CCSD 118,Danville,740,653,Yes under Community Eligibility Option (CEO),false,7th Grade,8th Grade
170993005692,North River Elem School,Chicago Public Schools Dist 299,Chicago,315,265,Yes under Community Eligibility Option (CEO),false,Prekindergarten,8th Grade
171471001815,North Side Elem School,Fairfield PSD 112,Fairfield,321,157,Yes under Community Eligibility Option (CEO),false,Prekindergarten,3rd Grade
171881002164,North Side Primary Center,Herrin CUSD 4,Herrin,433,304,Yes participating without using any Provision or the CEO,false,Prekindergarten,1st Grade
174068004088,North Wamac Grade School,North Wamac SD 186,Centralia,122,113,Yes under Community Eligibility Option (CEO),false,Kindergarten,8th Grade
173960004000,North Ward Elementary School,Tuscola CUSD 301,Tuscola,334,148,Yes participating without using any Provision or the CEO,false,Prekindergarten,4th Grade
170993005074,North-Grand High School,Chicago Public Schools Dist 299,Chicago,1061,936,Yes under Community Eligibility Option (CEO),true,9th Grade,12th Grade
172898003040,Northbrook Junior High School,Northbrook SD 28,Northbrook,621,,No,false,6th Grade,8th Grade
172562002773,Northbrook School,Mendota CCSD 289,Mendota,526,308,Yes under Community Eligibility Option (CEO),false,5th Grade,8th Grade
171179003297,Northeast Elem Magnet School,Danville CCSD 118,Danville,347,238,Yes under Community Eligibility Option (CEO),false,Kindergarten,6th Grade
171455001806,Northeast Elem School,Evergreen Park ESD 124,Evergreen Park,329,174,Yes participating without using any Provision or the CEO,false,Prekindergarten,5th Grade
173636003755,Northeast Jr High School,Silvis SD 34,East Moline,186,115,Yes participating without using any Provision or the CEO,false,6th Grade,8th Grade
170600000281,Northlake Middle School,Berkeley SD 87,Northlake,378,319,Yes under Community Eligibility Option (CEO),false,6th Grade,8th Grade
170011205381,Northlawn Jr High School,Streator ESD 44,Streator,614,440,Yes under Community Eligibility Option (CEO),false,5th Grade,8th Grade
173123003276,Northmoor Primary School,Peoria SD 150,Peoria,365,230,Yes under Community Eligibility Option (CEO),false,Kindergarten,4th Grade
172862005320,Northpoint Elementary School,McLean County USD 5,Bloomington,472,56,Yes participating without using any Provision or the CEO,false,Kindergarten,5th Grade
170993003481,Northside College Preparatory HS,Chicago Public Schools Dist 299,Chicago,1061,384,Yes under Community Eligibility Option (CEO),false,9th Grade,12th Grade
171635001951,Northside Elem School,Geneseo CUSD 228,Geneseo,334,123,Yes participating without using any Provision or the CEO,false,Prekindergarten,5th Grade
170993000999,Northside Learning Center,Chicago Public Schools Dist 299,Chicago,0,,Yes under Community Eligibility Option (CEO),true,9th Grade,12th Grade
172671002854,Northside School,Morrison CUSD 6,Morrison,264,119,Yes participating without using any Provision or the CEO,false,Prekindergarten,2nd Grade
173138003308,Northview Elem School,Peru ESD 124,Peru,594,335,Yes participating without using any Provision or the CEO,false,Prekindergarten,4th Grade
173321003443,Northview Elem School,Rantoul City SD 137,Rantoul,218,186,Yes under Community Eligibility Option (CEO),false,Kindergarten,5th Grade
172208002478,Northwest Elem School,La Salle ESD 122,La Salle,650,443,Yes under Community Eligibility Option (CEO),false,Prekindergarten,5th Grade
172298002540,Northwest Elem School,Lincoln ESD 27,Lincoln,271,203,Yes under Community Eligibility Option (CEO),false,Kindergarten,5th Grade
170993003567,Northwest Middle School,Chicago Public Schools Dist 299,Chicago,532,478,Yes under Community Eligibility Option (CEO),false,6th Grade,8th Grade
171455001807,Northwest School,Evergreen Park ESD 124,Evergreen Park,242,117,Yes participating without using any Provision or the CEO,false,Prekindergarten,5th Grade
173054004785,Northwestern Elem School,Northwestern CUSD 2,Palmyra,189,99,Yes under Community Eligibility Option (CEO),false,Prekindergarten,6th Grade
173054003174,Northwestern High School,Northwestern CUSD 2,Palmyra,94,37,Yes under Community Eligibility Option (CEO),true,9th Grade,12th Grade
173054003173,Northwestern Jr High School,Northwestern CUSD 2,Palmyra,40,21,Yes under Community Eligibility Option (CEO),false,7th Grade,8th Grade
170011902198,Northwood Middle School,North Shore SD 112,Highland Park,540,201,Yes participating without using any Provision or the CEO,false,6th Grade,8th Grade
174333004333,Northwood Middle School,Woodstock CUSD 200,Woodstock,576,249,Yes participating without using any Provision or the CEO,false,6th Grade,8th Grade
173717005708,Norton Creek Elementary School,St Charles CUSD 303,West Chicago,479,46,Yes participating without using any Provision or the CEO,false,Kindergarten,5th Grade
172904003218,Norwood Elem School,Norwood ESD 63,Peoria,150,85,Yes under Community Eligibility Option (CEO),false,5th Grade,8th Grade
170993000997,Norwood Park Elem School,Chicago Public Schools Dist 299,Chicago,314,44,Yes under Community Eligibility Option (CEO),false,Prekindergarten,8th Grade
172904005440,Norwood Primary School,Norwood ESD 63,Peoria,224,138,Yes under Community Eligibility Option (CEO),false,Prekindergarten,4th Grade
170942005982,Novak Academy,Champaign CUSD 4,Champaign,0,,Yes under Community Eligibility Option (CEO),true,9th Grade,12th Grade
173423003507,Nuttall Middle School,Robinson CUSD 2,Robinson,362,157,Yes participating without using any Provision or the CEO,false,6th Grade,8th Grade
172979003090,O Fallon High School,O Fallon Twp HSD 203,O Fallon,2540,715,Yes participating without using any Provision or the CEO,true,9th Grade,12th Grade
171254001514,O Neill Middle School,Downers Grove GSD 58,Downers Grove,403,87,Yes participating without using any Provision or the CEO,false,7th Grade,8th Grade
172502002721,O W Huth Middle School,Matteson ESD 162,Matteson,421,287,Yes under Community Eligibility Option (CEO),false,7th Grade,8th Grade
170798006228,Oak Brook Park District,Butler SD 53,Oak Brook,7,,No,false,Prekindergarten,Prekindergarten
170001000211,Oak Crest School,Beach Park CCSD 3,Beach Park,308,169,Yes under Community Eligibility Option (CEO),false,Prekindergarten,5th Grade
171929002218,Oak Elem School,Hinsdale CCSD 181,Hinsdale,446,,No,false,Prekindergarten,5th Grade
170705000366,Oak Forest High School,Bremen CHSD 228,Oak Forest,1329,,No,false,9th Grade,12th Grade
172202002468,Oak Glen Elem School,Lansing SD 158,Lansing,526,517,Yes under Community Eligibility Option (CEO),false,Kindergarten,5th Grade
172913003047,Oak Grove Elem School,Oak Grove SD 68 Green Oaks,Libertyville,911,,No,false,Kindergarten,8th Grade
172910003045,Oak Grove School,Oak Grove SD 68 Bartonville,Bartonville,285,106,Yes under Community Eligibility Option (CEO),false,Prekindergarten,8th Grade
170873006622,Oak Knoll Early Childhood Center,Cary CCSD 26,Cary,316,79,Yes participating without using any Provision or the CEO,false,Prekindergarten,Kindergarten
172922003059,Oak Lawn Comm High School,Oak Lawn CHSD 229,Oak Lawn,1867,1176,Yes participating without using any Provision or the CEO,true,9th Grade,12th Grade
172919005184,Oak Lawn-Hometown Middle Sch,Oak Lawn-Hometown SD 123,Oak Lawn,1090,527,Yes participating without using any Provision or the CEO,false,6th Grade,8th Grade
172928003070,Oak Park & River Forest High Sch,Oak Park - River Forest SD 200,Oak Park,3307,598,Yes participating without using any Provision or the CEO,false,9th Grade,12th Grade
170468000153,Oak Park Elem School,Aurora East USD 131,Aurora,353,238,Yes under Community Eligibility Option (CEO),false,Prekindergarten,5th Grade
172373001008,Oak Prairie Jr High School,Will County SD 92,Homer Glen,460,133,Yes participating without using any Provision or the CEO,false,6th Grade,8th Grade
172889003030,Oak Ridge Elem School,North Palos SD 117,Palos Hills,774,511,Yes under Community Eligibility Option (CEO),false,2nd Grade,5th Grade
170019106184,Oak Ridge Rssp,Kane ROE,Carpentersville,0,,No,true,6th Grade,12th Grade
170855002897,Oak Ridge School,CUSD 300,Carpentersville,0,,Yes under Community Eligibility Option (CEO),true,6th Grade,12th Grade
170011902199,Oak Terrace Elem School,North Shore SD 112,Highwood,494,229,Yes participating without using any Provision or the CEO,false,Prekindergarten,5th Grade
174007004864,Oak View Elem School,Valley View CUSD 365U,Bolingbrook,636,430,Yes under Community Eligibility Option (CEO),false,Kindergarten,5th Grade
174302004316,Oakbrook Elem School,Wood Dale SD 7,Wood Dale,251,113,Yes under Community Eligibility Option (CEO),false,Kindergarten,2nd Grade
172862003003,Oakdale Elem School,McLean County USD 5,Normal,386,251,Yes participating without using any Provision or the CEO,false,Kindergarten,5th Grade
174125004137,Oakdale Elem School,Waukegan CUSD 60,Waukegan,505,336,Yes under Community Eligibility Option (CEO),false,Prekindergarten,5th Grade
172931003071,Oakdale Grade School,Oakdale CCSD 1,Oakdale,58,18,Yes participating without using any Provision or the CEO,false,Kindergarten,8th Grade
171371001695,Oakhill Elem School,SD U-46,Streamwood,434,282,Yes under Community Eligibility Option (CEO),false,Prekindergarten,6th Grade
170648000323,Oakland Elementary School,Bloomington SD 87,Bloomington,446,237,Yes participating without using any Provision or the CEO,false,Kindergarten,5th Grade
170384000074,Oakland Elementary School,Antioch CCSD 34,Lake Villa,515,130,Yes participating without using any Provision or the CEO,false,Kindergarten,5th Grade
172934003073,Oakland High School,Oakland CUSD 5,Oakland,61,12,Yes under Community Eligibility Option (CEO),true,9th Grade,12th Grade
171446001796,Oakton Elem School,Evanston CCSD 65,Evanston,379,199,Yes participating without using any Provision or the CEO,false,Kindergarten,5th Grade
171080001316,Oakwood Grade School,Oakwood CUSD 76,Oakwood,573,292,Yes participating without using any Provision or the CEO,false,Prekindergarten,8th Grade
171080001317,Oakwood High School,Oakwood CUSD 76,Fithian,256,132,Yes participating without using any Provision or the CEO,false,9th Grade,12th Grade
170729002507,Oakwood School,Lemont-Bromberek CSD 113A,Lemont,629,91,Yes participating without using any Provision or the CEO,false,Prekindergarten,1st Grade
172942003074,Oblong Elem School,Oblong CUSD 4,Oblong,361,206,Yes participating without using any Provision or the CEO,false,Prekindergarten,8th Grade
172942003075,Oblong High School,Oblong CUSD 4,Oblong,165,74,Yes participating without using any Provision or the CEO,false,9th Grade,12th Grade
172952003077,Odell Grade School,Odell CCSD 435,Odell,155,117,Yes under Community Eligibility Option (CEO),false,Prekindergarten,8th Grade
170140403080,Odin Attendance Center 9-12,Odin PSD 722,Odin,67,37,Yes under Community Eligibility Option (CEO),true,9th Grade,12th Grade
170140403079,Odin Attendance Center K-8,Odin PSD 722,Odin,192,142,Yes under Community Eligibility Option (CEO),false,Prekindergarten,8th Grade
172160002423,Ogden Ave Elem School,La Grange SD 102,La Grange,563,,No,false,Kindergarten,6th Grade
170993001003,Ogden Elem School,Chicago Public Schools Dist 299,Chicago,819,452,Yes under Community Eligibility Option (CEO),false,Prekindergarten,8th Grade
170993006093,Ogden Int High School,Chicago Public Schools Dist 299,Chicago,519,343,Yes under Community Eligibility Option (CEO),true,9th Grade,12th Grade
170993001004,Oglesby Elem School,Chicago Public Schools Dist 299,Chicago,293,224,Yes under Community Eligibility Option (CEO),false,Prekindergarten,8th Grade
172970003084,Ohio Com Cons Grade School,Ohio CCSD 17,Ohio,85,45,Yes under Community Eligibility Option (CEO),false,Prekindergarten,8th Grade
172973003085,Ohio Community High School,Ohio CHSD 505,Ohio,22,8,Yes under Community Eligibility Option (CEO),true,9th Grade,12th Grade
170022304544,Okaw Valley Elementary School,Okaw Valley CUSD 302,Bethany,170,94,Yes participating without using any Provision or the CEO,false,Prekindergarten,4th Grade
170022304221,Okaw Valley High School,Okaw Valley CUSD 302,Bethany,162,84,Yes participating without using any Provision or the CEO,false,9th Grade,12th Grade
170022304224,Okaw Valley Middle School,Okaw Valley CUSD 302,Findlay,124,62,Yes participating without using any Provision or the CEO,false,5th Grade,8th Grade
174175004180,Okawville Grade School,West Washington Co CUD 10,Okawville,297,73,Yes participating without using any Provision or the CEO,false,Prekindergarten,6th Grade
174175004182,Okawville Jr/Sr High School,West Washington Co CUD 10,Okawville,224,55,Yes participating without using any Provision or the CEO,false,7th Grade,12th Grade
170993001005,Okeeffe Elem School,Chicago Public Schools Dist 299,Chicago,572,469,Yes under Community Eligibility Option (CEO),false,Prekindergarten,8th Grade
173645003759,Old Orchard Jr High School,Skokie SD 68,Skokie,711,412,Yes participating without using any Provision or the CEO,false,6th Grade,8th Grade
173027002101,Old Post Elementary School,CUSD 308,Oswego,387,119,Yes participating without using any Provision or the CEO,false,Kindergarten,5th Grade
170729001933,Old Quarry Middle Sch,Lemont-Bromberek CSD 113A,Lemont,856,169,Yes participating without using any Provision or the CEO,false,6th Grade,8th Grade
172187004809,Olive C Martin School,Lake Villa CCSD 41,Lake Villa,511,243,Yes participating without using any Provision or the CEO,false,Prekindergarten,5th Grade
170414000098,Olive-Mary Stitt School,Arlington Heights SD 25,Arlington Heights,671,43,Yes participating without using any Provision or the CEO,false,Kindergarten,5th Grade
174169002656,Oliver Julian Kendall Elem School,Indian Prairie CUSD 204,Naperville,572,41,Yes participating without using any Provision or the CEO,false,Kindergarten,5th Grade
171038001254,Oliver McCracken Middle School,Skokie SD 73-5,Skokie,340,115,Yes participating without using any Provision or the CEO,false,6th Grade,8th Grade
172925003065,Oliver W Holmes Elem School,Oak Park ESD 97,Oak Park,513,133,Yes participating without using any Provision or the CEO,false,Kindergarten,5th Grade
174221004240,Oliver W Holmes Middle School,Wheeling CCSD 21,Wheeling,615,438,Yes under Community Eligibility Option (CEO),false,6th Grade,8th Grade
170468000154,Olney C Allen Elem School,Aurora East USD 131,Aurora,712,431,Yes under Community Eligibility Option (CEO),false,Prekindergarten,5th Grade
174333005462,Olson Elementary School,Woodstock CUSD 200,Woodstock,425,199,Yes participating without using any Provision or the CEO,false,Kindergarten,5th Grade
171824000670,Olson Park Elem School,Harlem UD 122,Machesney Park,294,161,Yes under Community Eligibility Option (CEO),false,1st Grade,5th Grade
172989003096,Olympia High School,Olympia CUSD 16,Stanford,495,172,Yes participating without using any Provision or the CEO,false,9th Grade,12th Grade
172989005185,Olympia Middle School,Olympia CUSD 16,Stanford,380,169,Yes participating without using any Provision or the CEO,false,6th Grade,8th Grade
172989003093,Olympia North Elem Sch,Olympia CUSD 16,Danvers,279,111,Yes participating without using any Provision or the CEO,false,Prekindergarten,5th Grade
172989003092,Olympia South Elem Sch,Olympia CUSD 16,Atlanta,331,178,Yes participating without using any Provision or the CEO,false,Prekindergarten,5th Grade
172989003095,Olympia West Elem Sch,Olympia CUSD 16,Minier,255,91,Yes participating without using any Provision or the CEO,false,Prekindergarten,5th Grade
170993006591,Ombudsman Chicago Northwest,Chicago Public Schools Dist 299,Chicago,0,,Yes under Community Eligibility Option (CEO),true,9th Grade,12th Grade
170993006602,Ombudsman Chicago South,Chicago Public Schools Dist 299,Chicago,0,,Yes under Community Eligibility Option (CEO),true,9th Grade,12th Grade
170993006589,Ombudsman Chicago West,Chicago Public Schools Dist 299,Chicago,0,,Yes under Community Eligibility Option (CEO),true,9th Grade,12th Grade
170993001009,Onahan Elem School,Chicago Public Schools Dist 299,Chicago,657,206,Yes under Community Eligibility Option (CEO),false,Prekindergarten,8th Grade
171371001697,Ontarioville Elem School,SD U-46,Hanover Park,430,320,Yes under Community Eligibility Option (CEO),false,Prekindergarten,6th Grade
170557005895,Opdyke-Belle Rive Grade Sch,Opdyke-Belle-Rive CCSD 5,Opdyke,122,85,Yes under Community Eligibility Option (CEO),false,Prekindergarten,8th Grade
173006004782,Orangeville Elem School,Orangeville CUSD 203,Orangeville,155,56,Yes participating without using any Provision or the CEO,false,Prekindergarten,5th Grade
173006003113,Orangeville High School,Orangeville CUSD 203,Orangeville,111,17,Yes participating without using any Provision or the CEO,false,9th Grade,12th Grade
173006003112,Orangeville Jr High School,Orangeville CUSD 203,Orangeville,64,22,Yes participating without using any Provision or the CEO,false,6th Grade,8th Grade
171212001467,Orchard Place Elem School,CCSD 62,Des Plaines,258,171,Yes under Community Eligibility Option (CEO),false,Kindergarten,5th Grade
173016003116,Oregon Elem Sch,Oregon CUSD 220,Oregon,779,399,Yes under Community Eligibility Option (CEO),false,Prekindergarten,6th Grade
173016003118,Oregon Jr/Sr High School,Oregon CUSD 220,Oregon,627,305,Yes under Community Eligibility Option (CEO),false,7th Grade,12th Grade
173951005856,Orenic Intermediate School,Troy CCSD 30C,Plainfield,812,396,Yes participating without using any Provision or the CEO,false,5th Grade,6th Grade
170993001010,Oriole Park Elem School,Chicago Public Schools Dist 299,Chicago,617,151,Yes under Community Eligibility Option (CEO),false,Prekindergarten,8th Grade
173020003120,Orion High School,Orion CUSD 223,Orion,285,51,Yes participating without using any Provision or the CEO,false,9th Grade,12th Grade
173020003121,Orion Middle School,Orion CUSD 223,Orion,244,47,Yes participating without using any Provision or the CEO,false,6th Grade,8th Grade
173022005187,Orland Center School,Orland SD 135,Orland Park,379,,No,false,Prekindergarten,2nd Grade
173022003126,Orland Jr High School,Orland SD 135,Orland Park,524,,No,false,6th Grade,8th Grade
173022003122,Orland Park Elem School,Orland SD 135,Orland Park,386,,No,false,Prekindergarten,2nd Grade
170993004954,Orozco Elem Fine Arts & Sciences,Chicago Public Schools Dist 299,Chicago,280,204,Yes under Community Eligibility Option (CEO),false,Prekindergarten,8th Grade
170993005983,Orr Academy High School,Chicago Public Schools Dist 299,Chicago,361,317,Yes under Community Eligibility Option (CEO),true,9th Grade,12th Grade
171446001797,Orrington Elem School,Evanston CCSD 65,Evanston,225,46,Yes participating without using any Provision or the CEO,false,Kindergarten,5th Grade
170993001610,Ortiz De Dominguez Elem School,Chicago Public Schools Dist 299,Chicago,404,353,Yes under Community Eligibility Option (CEO),false,Prekindergarten,2nd Grade
172814001559,Oster-Oakview School,New Lenox SD 122,New Lenox,373,74,Yes participating without using any Provision or the CEO,false,4th Grade,6th Grade
173027005337,Oswego East High School,CUSD 308,Oswego,2758,667,Yes participating without using any Provision or the CEO,false,9th Grade,12th Grade
170018402767,Oswego Goal,Grundy/Kendall ROE,Oswego,0,,No,true,6th Grade,12th Grade
173027003132,Oswego High School,CUSD 308,Oswego,2870,874,Yes participating without using any Provision or the CEO,false,9th Grade,12th Grade
170993001012,Otis Elem School,Chicago Public Schools Dist 299,Chicago,356,296,Yes under Community Eligibility Option (CEO),false,Prekindergarten,8th Grade
170405000091,Otis P Graves Elem School,Summit SD 104,Summit,562,545,Yes under Community Eligibility Option (CEO),false,Prekindergarten,5th Grade
170993001013,Otoole Elem School,Chicago Public Schools Dist 299,Chicago,309,290,Yes under Community Eligibility Option (CEO),false,Prekindergarten,8th Grade
173033003141,Ottawa Township High School,Ottawa Twp HSD 140,Ottawa,1223,,No,true,9th Grade,12th Grade
171371004797,Otter Creek Elem School,SD U-46,Elgin,437,203,Yes under Community Eligibility Option (CEO),false,Kindergarten,6th Grade
173897006422,Outlook Academy,Thornton Twp HSD 205,South Holland,0,,Yes under Community Eligibility Option (CEO),true,9th Grade,12th Grade
170993001015,Owen Elem Scholastic Academy,Chicago Public Schools Dist 299,Chicago,281,164,Yes under Community Eligibility Option (CEO),false,Prekindergarten,8th Grade
174169005697,Owen Elementary School,Indian Prairie CUSD 204,Naperville,577,101,Yes participating without using any Provision or the CEO,false,Kindergarten,5th Grade
173708003833,Owen Marsh Elem School,Springfield SD 186,Springfield,324,136,Yes under Community Eligibility Option (CEO),false,Kindergarten,5th Grade
170993000796,Owens Community Academy ES,Chicago Public Schools Dist 299,Chicago,340,324,Yes under Community Eligibility Option (CEO),false,Prekindergarten,8th Grade
173177003341,P H Miller Elem School,Plano CUSD 88,Plano,438,245,Yes under Community Eligibility Option (CEO),false,Prekindergarten,1st Grade
171324001574,P L Bolin Elem School,East Peoria SD 86,East Peoria,145,49,Yes under Community Eligibility Option (CEO),false,3rd Grade,5th Grade
170016206163,Pace Alternative School,Adam/Brwn/Cass/Morgn/Pik/Sctt ROE,Pittsfield,0,,No,true,6th Grade,12th Grade
173045003166,Palatine High School,Township HSD 211,Palatine,2535,1572,Yes participating without using any Provision or the CEO,true,9th Grade,12th Grade
173048003169,Palestine Grade School,Palestine CUSD 3,Palestine,274,151,Yes under Community Eligibility Option (CEO),false,Prekindergarten,8th Grade
173048003170,Palestine High School,Palestine CUSD 3,Palestine,80,36,Yes under Community Eligibility Option (CEO),false,9th Grade,12th Grade
170993001017,Palmer Elem School,Chicago Public Schools Dist 299,Chicago,746,484,Yes under Community Eligibility Option (CEO),false,Prekindergarten,8th Grade
173060003180,Palos East Elementary School,Palos CCSD 118,Palos Heights,705,254,Yes participating without using any Provision or the CEO,false,Kindergarten,5th Grade
173060003181,Palos South Middle School,Palos CCSD 118,Palos Park,717,261,Yes participating without using any Provision or the CEO,false,6th Grade,8th Grade
173060003182,Palos West Elementary School,Palos CCSD 118,Palos Park,700,243,Yes participating without using any Provision or the CEO,false,Prekindergarten,5th Grade
173063003183,Pana Elem School,Pana CUSD 8,Pana,507,298,Yes under Community Eligibility Option (CEO),false,Prekindergarten,5th Grade
173063003184,Pana Jr High School,Pana CUSD 8,Pana,248,132,Yes under Community Eligibility Option (CEO),false,6th Grade,8th Grade
173063003186,Pana Sr High School,Pana CUSD 8,Pana,404,170,Yes under Community Eligibility Option (CEO),true,9th Grade,12th Grade
170017504659,Paris Bridges,Clk/Cls/Cmbn/Dglas/Edgr/Mltr/Shlb,Paris,0,,Yes under Community Eligibility Option (CEO),true,6th Grade,12th Grade
173078006100,Paris Cooperative High School 4,Paris CUSD 4,Paris,179,,No,false,9th Grade,12th Grade
173075006066,Paris Cooperative High School 95,Paris-Union SD 95,Paris,366,,No,false,9th Grade,12th Grade
171752005952,Park East School,Grayslake CCSD 46,Round Lake,312,114,Yes participating without using any Provision or the CEO,false,Kindergarten,4th Grade
171245005420,Park Elementary School,Dolton SD 148,Riverdale,197,188,Yes under Community Eligibility Option (CEO),false,Kindergarten,6th Grade
172160002424,Park Junior High School,La Grange SD 102,La Grange Park,661,104,Yes participating without using any Provision or the CEO,false,7th Grade,8th Grade
170993001021,Park Manor Elem School,Chicago Public Schools Dist 299,Chicago,313,288,Yes under Community Eligibility Option (CEO),false,Prekindergarten,8th Grade
174050004079,Park View Elem School,CCSD 89,Glen Ellyn,390,126,Yes participating without using any Provision or the CEO,false,Kindergarten,5th Grade
172346002577,Park View Elem School,Lombard SD 44,Lombard,214,70,Yes participating without using any Provision or the CEO,false,Kindergarten,5th Grade
172685002870,Park View Elem School,Morton Grove SD 70,Morton Grove,885,276,Yes participating without using any Provision or the CEO,false,Prekindergarten,8th Grade
171752005955,Park West School,Grayslake CCSD 46,Round Lake,321,89,Yes participating without using any Provision or the CEO,false,5th Grade,8th Grade
170993001019,Parker Elem Community Academy,Chicago Public Schools Dist 299,Chicago,367,342,Yes under Community Eligibility Option (CEO),false,Prekindergarten,8th Grade
171542001849,Parker Junior High School,Flossmoor SD 161,Flossmoor,822,446,Yes participating without using any Provision or the CEO,false,6th Grade,8th Grade
172529002758,Parkland School,McHenry CCSD 15,McHenry,645,243,Yes participating without using any Provision or the CEO,false,6th Grade,8th Grade
170993001022,Parkside Elem Community Academy,Chicago Public Schools Dist 299,Chicago,283,250,Yes under Community Eligibility Option (CEO),false,Prekindergarten,8th Grade
172215004560,Parkside Elementary School,Lawrence County CUD 20,Lawrenceville,528,372,Yes participating without using any Provision or the CEO,false,Prekindergarten,5th Grade
172862005321,Parkside Elementary School,McLean County USD 5,Normal,322,171,Yes participating without using any Provision or the CEO,false,Prekindergarten,5th Grade
172862003004,Parkside Jr High School,McLean County USD 5,Normal,598,276,Yes participating without using any Provision or the CEO,false,6th Grade,8th Grade
173138003309,Parkside Middle School,Peru ESD 124,Peru,372,203,Yes participating without using any Provision or the CEO,false,5th Grade,8th Grade
170612003103,Parkside Primary School,Bethalto CUSD 8,Bethalto,321,177,Yes participating without using any Provision or the CEO,false,2nd Grade,3rd Grade
170855000493,Parkview Elementary School,CUSD 300,Carpentersville,552,442,Yes under Community Eligibility Option (CEO),false,Kindergarten,5th Grade
171074005587,Parkview Elementary School,Columbia CUSD 4,Columbia,427,62,Yes participating without using any Provision or the CEO,false,2nd Grade,4th Grade
171129001354,Parkview Jr High School,Creve Coeur SD 76,Creve Coeur,193,151,Yes under Community Eligibility Option (CEO),false,5th Grade,8th Grade
172215002492,Parkview Jr High School,Lawrence County CUD 20,Lawrenceville,235,154,Yes participating without using any Provision or the CEO,false,6th Grade,8th Grade
171371001698,Parkwood Elem School,SD U-46,Hanover Park,342,264,Yes under Community Eligibility Option (CEO),false,Prekindergarten,6th Grade
170834000450,Parrish Elem School,Carbondale ESD 95,Carbondale,466,370,Yes under Community Eligibility Option (CEO),false,Prekindergarten,1st Grade
171185001432,Parsons Elementary School,Decatur SD 61,Decatur,505,452,Yes under Community Eligibility Option (CEO),false,Kindergarten,6th Grade
170017902654,Partners for Success-Old Mill Sch,DuPage ROE,Addison,0,,Yes under Community Eligibility Option (CEO),true,6th Grade,12th Grade
171578001889,Passow Elementary School,Franklin Park SD 84,Franklin Park,387,251,Yes under Community Eligibility Option (CEO),false,Prekindergarten,5th Grade
170993001023,Pasteur Elem School,Chicago Public Schools Dist 299,Chicago,620,534,Yes under Community Eligibility Option (CEO),false,Prekindergarten,4th Grade
172061005022,Pathways Academy,Joliet Twp HSD 204,Joliet,0,,Yes participating without using any Provision or the CEO,true,9th Grade,12th Grade
170993006604,Pathways in Education Ashburn,Chicago Public Schools Dist 299,Chicago,0,,No,true,9th Grade,12th Grade
170993006599,Pathways in Education Avondale,Chicago Public Schools Dist 299,Chicago,0,,No,true,9th Grade,12th Grade
170993006587,Pathways in Education Brighton Pa,Chicago Public Schools Dist 299,Chicago,0,,No,true,9th Grade,12th Grade
173087004787,Patoka Elem School,Patoka CUSD 100,Patoka,96,45,Yes participating without using any Provision or the CEO,false,Prekindergarten,5th Grade
173087004788,Patoka Jr High School,Patoka CUSD 100,Patoka,44,14,Yes participating without using any Provision or the CEO,false,6th Grade,8th Grade
173087003219,Patoka Sr High School,Patoka CUSD 100,Patoka,61,22,Yes participating without using any Provision or the CEO,true,9th Grade,12th Grade
174169000489,Patterson Elementary School,Indian Prairie CUSD 204,Naperville,453,28,Yes participating without using any Provision or the CEO,false,Kindergarten,5th Grade
170414000099,Patton Elem School,Arlington Heights SD 25,Arlington Heights,399,35,Yes participating without using any Provision or the CEO,false,Kindergarten,5th Grade
170651000336,Paul Revere Intermediate School,Cook County SD 130,Blue Island,180,143,Yes under Community Eligibility Option (CEO),false,4th Grade,5th Grade
170651004251,Paul Revere Primary School,Cook County SD 130,Blue Island,318,266,Yes under Community Eligibility Option (CEO),false,Kindergarten,3rd Grade
172235002503,Paw Paw Elem School,Paw Paw CUSD 271,Paw Paw,87,29,Yes participating without using any Provision or the CEO,false,Kindergarten,5th Grade
172235006774,Paw Paw Junior High School,Paw Paw CUSD 271,Paw Paw,42,22,Yes participating without using any Provision or the CEO,false,6th Grade,8th Grade
173093004789,Pawnee Grade School,Pawnee CUSD 11,Pawnee,325,84,Yes participating without using any Provision or the CEO,false,Prekindergarten,6th Grade
173093003221,Pawnee Jr/Sr High Sch,Pawnee CUSD 11,Pawnee,247,22,Yes participating without using any Provision or the CEO,true,7th Grade,12th Grade
170019106547,Paws Academy,Kane ROE,Batavia,0,,No,true,6th Grade,8th Grade
170765005478,Paxton-Buckley-Loda High School,Paxton-Buckley-Loda CUD 10,Paxton,378,168,Yes participating without using any Provision or the CEO,false,9th Grade,12th Grade
170765005479,Paxton-Buckley-Loda Jr High Sch,Paxton-Buckley-Loda CUD 10,Paxton,288,139,Yes participating without using any Provision or the CEO,false,6th Grade,8th Grade
170993003989,Payton College Preparatory HS,Chicago Public Schools Dist 299,Chicago,1260,420,Yes under Community Eligibility Option (CEO),false,9th Grade,12th Grade
173897006421,Peace Center,Thornton Twp HSD 205,Dolton,0,,Yes under Community Eligibility Option (CEO),true,9th Grade,12th Grade
173102004790,Pearl City Elementary School,Pearl City CUSD 200,Pearl City,213,85,Yes participating without using any Provision or the CEO,false,Prekindergarten,6th Grade
173102003227,Pearl City High School,Pearl City CUSD 200,Pearl City,147,45,Yes participating without using any Provision or the CEO,false,9th Grade,12th Grade
173102004791,Pearl City Jr High School,Pearl City CUSD 200,Pearl City,58,23,Yes participating without using any Provision or the CEO,false,7th Grade,8th Grade
173105005648,Pecatonica Comm Middle School,Pecatonica CUSD 321,Pecatonica,269,90,Yes participating without using any Provision or the CEO,false,5th Grade,8th Grade
173105003228,Pecatonica Elem School,Pecatonica CUSD 321,Pecatonica,307,107,Yes participating without using any Provision or the CEO,false,Prekindergarten,4th Grade
173105003229,Pecatonica High School,Pecatonica CUSD 321,Pecatonica,313,96,Yes participating without using any Provision or the CEO,false,9th Grade,12th Grade
170993001025,Peck Elem School,Chicago Public Schools Dist 299,Chicago,777,710,Yes under Community Eligibility Option (CEO),false,Prekindergarten,4th Grade
170993001027,Peirce Elem Intl Studies School,Chicago Public Schools Dist 299,Chicago,1116,382,Yes under Community Eligibility Option (CEO),false,Prekindergarten,8th Grade
173111003245,Pekin Community High School,Pekin CSD 303,Pekin,1712,763,Yes under Community Eligibility Option (CEO),true,9th Grade,12th Grade
173108004905,Pekin Preschool Family Ed Center,Pekin PSD 108,Pekin,201,156,Yes under Community Eligibility Option (CEO),false,Prekindergarten,Prekindergarten
170993001028,Penn Elem School,Chicago Public Schools Dist 299,Chicago,218,186,Yes under Community Eligibility Option (CEO),false,Prekindergarten,8th Grade
170804000412,Penniman Elem School,Cahokia CUSD 187,Cahokia,250,220,Yes under Community Eligibility Option (CEO),false,3rd Grade,5th Grade
173120003250,Pennoyer Elem School,Pennoyer SD 79,Norridge,419,199,Yes participating without using any Provision or the CEO,false,Prekindergarten,8th Grade
172904006082,Peoria Cty Jvnl Det Ctr 6-8,Norwood ESD 63,Peoria,0,,No,true,4th Grade,8th Grade
173127004474,Peoria Heights Grade School,Peoria Heights CUSD 325,Peoria Heights,488,323,Yes under Community Eligibility Option (CEO),false,Prekindergarten,8th Grade
173127003300,Peoria Heights High School,Peoria Heights CUSD 325,Peoria Heights,215,143,Yes under Community Eligibility Option (CEO),true,9th Grade,12th Grade
173123003278,Peoria High School,Peoria SD 150,Peoria,1541,1323,Yes under Community Eligibility Option (CEO),true,9th Grade,12th Grade
173129003302,Peotone Elem School,Peotone CUSD 207U,Peotone,340,111,Yes participating without using any Provision or the CEO,false,Kindergarten,3rd Grade
173129003303,Peotone High School,Peotone CUSD 207U,Peotone,420,116,Yes participating without using any Provision or the CEO,false,9th Grade,12th Grade
173129003301,Peotone Intermediate Center,Peotone CUSD 207U,Frankfort,147,54,Yes participating without using any Provision or the CEO,false,4th Grade,5th Grade
173129003304,Peotone Jr High School,Peotone CUSD 207U,Peotone,294,91,Yes participating without using any Provision or the CEO,false,6th Grade,8th Grade
172862000765,Pepper Ridge Elementary School,McLean County USD 5,Bloomington,287,151,Yes participating without using any Provision or the CEO,false,Kindergarten,5th Grade
172925004582,Percy Julian Middle School,Oak Park ESD 97,Oak Park,927,167,Yes participating without using any Provision or the CEO,false,6th Grade,8th Grade
170993005410,Perez Elem School,Chicago Public Schools Dist 299,Chicago,291,245,Yes under Community Eligibility Option (CEO),false,Prekindergarten,8th Grade
170579000261,Perry Elem School,Belvidere CUSD 100,Belvidere,284,189,Yes under Community Eligibility Option (CEO),false,Prekindergarten,5th Grade
170855004912,Perry Elementary School,CUSD 300,Carpentersville,278,251,Yes under Community Eligibility Option (CEO),false,Kindergarten,5th Grade
171185005582,Pershing Early Learning Center,Decatur SD 61,Decatur,416,339,Yes under Community Eligibility Option (CEO),false,Prekindergarten,Prekindergarten
170609000293,Pershing Elem School,Berwyn South SD 100,Berwyn,418,310,Yes under Community Eligibility Option (CEO),false,Prekindergarten,5th Grade
172058002340,Pershing Elem School,Joliet PSD 86,Joliet,621,597,Yes under Community Eligibility Option (CEO),false,Kindergarten,5th Grade
170993006441,Perspectives Chtr - HS of Tech,Chicago Public Schools Dist 299,Chicago,320,304,Yes under Community Eligibility Option (CEO),true,9th Grade,12th Grade
170993006514,Perspectives Chtr - Iit Campus,Chicago Public Schools Dist 299,Chicago,413,385,Yes under Community Eligibility Option (CEO),true,6th Grade,12th Grade
170993006503,Perspectives Chtr - Joslin Campus,Chicago Public Schools Dist 299,Chicago,313,291,Yes under Community Eligibility Option (CEO),true,6th Grade,12th Grade
170993006437,Perspectives Chtr - Leadership Ac,Chicago Public Schools Dist 299,Chicago,838,788,Yes under Community Eligibility Option (CEO),true,6th Grade,12th Grade
172187002459,Peter J Palombi School,Lake Villa CCSD 41,Lake Villa,844,382,Yes participating without using any Provision or the CEO,false,6th Grade,8th Grade
174169002657,Peter M Gombert Elementary Sch,Indian Prairie CUSD 204,Aurora,450,133,Yes under Community Eligibility Option (CEO),false,Kindergarten,5th Grade
173141003312,Petersburg Elem School,Porta CUSD 202,Petersburg,335,104,Yes participating without using any Provision or the CEO,false,Prekindergarten,2nd Grade
170993001033,Peterson Elem School,Chicago Public Schools Dist 299,Chicago,913,519,Yes under Community Eligibility Option (CEO),false,Prekindergarten,8th Grade
170993001061,Phillips Academy High School,Chicago Public Schools Dist 299,Chicago,467,334,Yes under Community Eligibility Option (CEO),true,9th Grade,12th Grade
170993004715,Phoenix Military Academy HS,Chicago Public Schools Dist 299,Chicago,372,325,Yes under Community Eligibility Option (CEO),true,9th Grade,12th Grade
170993001011,Piccolo Elem Specialty School,Chicago Public Schools Dist 299,Chicago,643,593,Yes under Community Eligibility Option (CEO),false,Prekindergarten,8th Grade
170993001034,Pickard Elem School,Chicago Public Schools Dist 299,Chicago,319,289,Yes under Community Eligibility Option (CEO),false,Prekindergarten,8th Grade
171254001515,Pierce Downer Elem School,Downers Grove GSD 58,Downers Grove,337,,No,false,Prekindergarten,6th Grade
173171005518,Pikeland Community School,Pikeland CUSD 10,Pittsfield,491,276,Yes participating without using any Provision or the CEO,false,3rd Grade,8th Grade
170993000878,Pilsen Elem Community Academy,Chicago Public Schools Dist 299,Chicago,217,200,Yes under Community Eligibility Option (CEO),false,Prekindergarten,8th Grade
173162003326,Pinckneyville Comm High School,Pinckneyville CHSD 101,Pinckneyville,403,175,Yes participating without using any Provision or the CEO,false,9th Grade,12th Grade
170000903322,Pinckneyville Elem School,Pinckneyville SD 50,Pinckneyville,268,113,Yes participating without using any Provision or the CEO,false,Prekindergarten,4th Grade
170000903323,Pinckneyville Middle School,Pinckneyville SD 50,Pinckneyville,235,103,Yes participating without using any Provision or the CEO,false,5th Grade,8th Grade
170009205258,Pine Crest Elementary School,Georgetown-Ridge Farm CUD 4,Georgetown,429,339,Yes under Community Eligibility Option (CEO),false,Prekindergarten,5th Grade
174155004162,Pioneer Elem School,West Chicago ESD 33,West Chicago,292,141,Yes under Community Eligibility Option (CEO),false,Prekindergarten,Prekindergarten
174007004208,Pioneer Elementary School,Valley View CUSD 365U,Bolingbrook,561,261,Yes under Community Eligibility Option (CEO),false,Kindergarten,5th Grade
170954005729,Pioneer Path,Channahon SD 17,Channahon,244,,No,false,3rd Grade,4th Grade
170609005296,Piper School,Berwyn South SD 100,Berwyn,292,205,Yes under Community Eligibility Option (CEO),false,Kindergarten,5th Grade
170993001036,Pirie Elem Fine Arts & Academic C,Chicago Public Schools Dist 299,Chicago,216,157,Yes under Community Eligibility Option (CEO),false,Prekindergarten,6th Grade
173171003332,Pittsfield High School,Pikeland CUSD 10,Pittsfield,369,190,Yes participating without using any Provision or the CEO,true,9th Grade,12th Grade
173171003333,Pittsfield South Elem School,Pikeland CUSD 10,Pittsfield,340,198,Yes participating without using any Provision or the CEO,false,Prekindergarten,2nd Grade
173174004942,Plainfield Academy,Plainfield SD 202,Plainfield,0,,Yes under Community Eligibility Option (CEO),true,6th Grade,12th Grade
173174006027,Plainfield East High School,Plainfield SD 202,Plainfield,1825,725,Yes participating without using any Provision or the CEO,false,9th Grade,12th Grade
171212001468,Plainfield Elem School,CCSD 62,Des Plaines,285,174,Yes under Community Eligibility Option (CEO),false,Kindergarten,5th Grade
173174003339,Plainfield High School,Plainfield SD 202,Plainfield,1800,625,Yes under Community Eligibility Option (CEO),false,9th Grade,12th Grade
173174005747,Plainfield North High School,Plainfield SD 202,Plainfield,2399,498,Yes participating without using any Provision or the CEO,false,9th Grade,12th Grade
173174004524,Plainfield South High School,Plainfield SD 202,Plainfield,2323,794,Yes under Community Eligibility Option (CEO),false,9th Grade,12th Grade
170993001037,Plamondon Elem School,Chicago Public Schools Dist 299,Chicago,92,75,Yes under Community Eligibility Option (CEO),false,Kindergarten,8th Grade
173027005820,Plank Junior High,CUSD 308,Oswego,595,219,Yes participating without using any Provision or the CEO,false,6th Grade,8th Grade
173177003342,Plano High School,Plano CUSD 88,Plano,757,378,Yes under Community Eligibility Option (CEO),true,9th Grade,12th Grade
173177003343,Plano Middle School,Plano CUSD 88,Plano,358,205,Yes under Community Eligibility Option (CEO),false,7th Grade,8th Grade
170993005980,Plato Learning Acad Elem School,Chicago Public Schools Dist 299,Chicago,157,153,Yes under Community Eligibility Option (CEO),false,Kindergarten,8th Grade
173321003444,Pleasant Acres Elem School,Rantoul City SD 137,Rantoul,293,277,Yes under Community Eligibility Option (CEO),false,Kindergarten,5th Grade
173042003153,Pleasant Hill Elem School,Palatine CCSD 15,Palatine,435,28,Yes participating without using any Provision or the CEO,false,Kindergarten,5th Grade
173186003344,Pleasant Hill Elem School,Pleasant Hill SD 69,Peoria,164,156,Yes under Community Eligibility Option (CEO),false,Prekindergarten,8th Grade
173189003345,Pleasant Hill Elem School,Pleasant Hill CUSD 3,Pleasant Hill,254,173,Yes under Community Eligibility Option (CEO),false,Prekindergarten,8th Grade
174218004219,Pleasant Hill Elem School,CUSD 200,Winfield,583,233,Yes participating without using any Provision or the CEO,false,Kindergarten,5th Grade
173189003346,Pleasant Hill High School,Pleasant Hill CUSD 3,Pleasant Hill,99,57,Yes under Community Eligibility Option (CEO),true,9th Grade,12th Grade
172346002580,Pleasant Lane Elem School,Lombard SD 44,Lombard,245,69,Yes participating without using any Provision or the CEO,false,Kindergarten,5th Grade
173192003349,Pleasant Plains High School,Pleasant Plains CUSD 8,Pleasant Plains,416,,No,false,9th Grade,12th Grade
173192003348,Pleasant Plains Middle School,Pleasant Plains CUSD 8,Pleasant Plains,393,45,Yes participating without using any Provision or the CEO,false,5th Grade,8th Grade
171692002002,Pleasant Ridge Elem School,Glenview CCSD 34,Glenview,492,88,Yes participating without using any Provision or the CEO,false,3rd Grade,5th Grade
173195006536,Pleasant Valley Intermediate Sch,Pleasant Valley SD 62,Peoria,166,165,Yes under Community Eligibility Option (CEO),false,4th Grade,8th Grade
173195003350,Pleasant Valley Primary School,Pleasant Valley SD 62,Peoria,248,243,Yes under Community Eligibility Option (CEO),false,Prekindergarten,3rd Grade
173204003354,Pleasantdale Elementary School,Pleasantdale SD 107,La Grange,466,79,Yes participating without using any Provision or the CEO,false,Prekindergarten,4th Grade
173204005539,Pleasantdale Middle Sch,Pleasantdale SD 107,Burr Ridge,352,64,Yes participating without using any Provision or the CEO,false,5th Grade,8th Grade
173283001844,Plt Middle School,Prophetstown-Lyndon-Tampico CUSD3,Prophetstown,148,105,Yes participating without using any Provision or the CEO,false,6th Grade,8th Grade
173042003154,Plum Grove Middle School,Palatine CCSD 15,Rolling Meadows,1128,168,Yes participating without using any Provision or the CEO,false,6th Grade,8th Grade
171773002069,Pocahontas Center,Bond County CUSD 2,Pocahontas,193,104,Yes participating without using any Provision or the CEO,false,Prekindergarten,8th Grade
170993000888,Poe Elem Classical School,Chicago Public Schools Dist 299,Chicago,224,73,Yes under Community Eligibility Option (CEO),false,Kindergarten,8th Grade
170993005919,Polaris Elem Charter Academy,Chicago Public Schools Dist 299,Chicago,343,244,Yes under Community Eligibility Option (CEO),false,Kindergarten,8th Grade
173210003360,Polo Comm High School,Polo CUSD 222,Polo,186,68,Yes under Community Eligibility Option (CEO),true,9th Grade,12th Grade
173222003369,Pontiac High School,Pontiac Twp HSD 90,Pontiac,658,302,Yes under Community Eligibility Option (CEO),true,9th Grade,12th Grade
173219003367,Pontiac Jr High School,Pontiac-W Holliday SD 105,Fairview Heights,212,111,Yes participating without using any Provision or the CEO,false,6th Grade,8th Grade
173216003365,Pontiac Jr High School,Pontiac CCSD 429,Pontiac,326,163,Yes under Community Eligibility Option (CEO),false,6th Grade,8th Grade
173228003372,Pope Co High School,Pope Co CUD 1,Golconda,142,83,Yes under Community Eligibility Option (CEO),true,9th Grade,12th Grade
173228003371,Pope County Elementary School,Pope Co CUD 1,Golconda,300,152,Yes under Community Eligibility Option (CEO),false,Prekindergarten,8th Grade
172870003014,Poplar Grove Elem School,North Boone CUSD 200,Poplar Grove,251,114,Yes participating without using any Provision or the CEO,false,Kindergarten,4th Grade
173141004796,Porta Central,Porta CUSD 202,Petersburg,288,118,Yes participating without using any Provision or the CEO,false,3rd Grade,6th Grade
173141003313,Porta High School,Porta CUSD 202,Petersburg,411,193,Yes participating without using any Provision or the CEO,true,7th Grade,12th Grade
170993001039,Portage Park Elem School,Chicago Public Schools Dist 299,Chicago,933,624,Yes under Community Eligibility Option (CEO),false,Prekindergarten,8th Grade
173237003376,Posen Elem School,Posen-Robbins ESD 143-5,Posen,246,225,Yes under Community Eligibility Option (CEO),false,4th Grade,5th Grade
173209003356,Potomac Elem School,Potomac CUSD 10,Potomac,137,70,Yes participating without using any Provision or the CEO,false,Prekindergarten,8th Grade
170993001213,Powell Elem Paideia Comm Academy,Chicago Public Schools Dist 299,Chicago,542,480,Yes under Community Eligibility Option (CEO),false,Prekindergarten,8th Grade
170000505129,Prairie Central Elem School,Prairie Central CUSD 8,Fairbury,367,163,Yes participating without using any Provision or the CEO,false,2nd Grade,4th Grade
170000505126,Prairie Central High School,Prairie Central CUSD 8,Fairbury,487,195,Yes participating without using any Provision or the CEO,false,9th Grade,12th Grade
170000505127,Prairie Central Jr High School,Prairie Central CUSD 8,Forrest,250,131,Yes participating without using any Provision or the CEO,false,7th Grade,8th Grade
170000505130,Prairie Central Primary East,Prairie Central CUSD 8,Chatsworth,148,93,Yes participating without using any Provision or the CEO,false,Prekindergarten,1st Grade
170000505190,Prairie Central Primary West,Prairie Central CUSD 8,Chenoa,244,110,Yes participating without using any Provision or the CEO,false,Prekindergarten,1st Grade
170000502056,Prairie Central Upper Elementary,Prairie Central CUSD 8,Forrest,216,95,Yes participating without using any Provision or the CEO,false,5th Grade,6th Grade
174169001618,Prairie Children Preschool,Indian Prairie CUSD 204,Aurora,643,,No,false,Prekindergarten,Prekindergarten
170021803731,Prairie Crossing Charter School,Prairie Crossing Charter School,Grayslake,433,,No,false,Kindergarten,8th Grade
173249003379,Prairie Du Rocher Elem School,Prairie Du Rocher CCSD 134,Prairie Du Rocher,114,50,Yes under Community Eligibility Option (CEO),false,Prekindergarten,8th Grade
172771002941,Prairie Elem School,Naperville CUSD 203,Naperville,515,43,Yes participating without using any Provision or the CEO,false,Kindergarten,5th Grade
173022003128,Prairie Elem School,Orland SD 135,Orland Park,507,,No,false,Prekindergarten,2nd Grade
172103004410,Prairie Elementary School,Kildeer Countryside CCSD 96,Buffalo Grove,453,,No,false,1st Grade,5th Grade
173252003380,Prairie Grove Elem School,Prairie Grove CSD 46,Crystal Lake,552,121,Yes participating without using any Provision or the CEO,false,Prekindergarten,4th Grade
173252003735,Prairie Grove Junior High School,Prairie Grove CSD 46,Crystal Lake,357,81,Yes participating without using any Provision or the CEO,false,5th Grade,8th Grade
173255003381,Prairie Hill Elem School,Prairie Hill CCSD 133,South Beloit,447,42,Yes participating without using any Provision or the CEO,false,Prekindergarten,4th Grade
170348000031,Prairie Jr High School,Alsip-Hazlgrn-Oaklwn SD 126,Alsip,303,161,Yes under Community Eligibility Option (CEO),false,7th Grade,8th Grade
170783005957,Prairie Knolls Middle Sch,Central CUSD 301,Elgin,770,129,Yes participating without using any Provision or the CEO,false,6th Grade,7th Grade
170606000285,Prairie Oak School,Berwyn North SD 98,Berwyn,698,503,Yes under Community Eligibility Option (CEO),false,Prekindergarten,5th Grade
173027005344,Prairie Point Elem School,CUSD 308,Oswego,455,78,Yes participating without using any Provision or the CEO,false,Kindergarten,5th Grade
171137002154,Prairie Ridge High School,Chsd 155,Crystal Lake,1133,254,Yes participating without using any Provision or the CEO,false,9th Grade,12th Grade
171780002074,Prairie Trail School,Gurnee SD 56,Wadsworth,454,268,Yes under Community Eligibility Option (CEO),false,3rd Grade,5th Grade
173387006831,Prairie Trails School,River Trails SD 26,Mt Prospect,175,31,Yes participating without using any Provision or the CEO,false,Prekindergarten,Kindergarten
173537003692,Prairie View Elem School,Sandwich CUSD 430,Sandwich,221,82,Yes participating without using any Provision or the CEO,false,Prekindergarten,3rd Grade
170783004063,Prairie View Grade School,Central CUSD 301,Elgin,615,100,Yes participating without using any Provision or the CEO,false,Prekindergarten,5th Grade
172127000294,Prairie View Middle School,Kirby SD 140,Tinley Park,579,,No,false,6th Grade,8th Grade
172472002673,Prairie-Hills Junior High School,Prairie-Hills ESD 144,Markham,766,720,Yes under Community Eligibility Option (CEO),false,6th Grade,8th Grade
172472006892,Prairie-Hills STEAM Academy,Prairie-Hills ESD 144,Markham,102,100,Yes under Community Eligibility Option (CEO),false,Prekindergarten,5th Grade
172862003589,Prairieland Elementary School,McLean County USD 5,Normal,450,100,Yes participating without using any Provision or the CEO,false,Kindergarten,5th Grade
171371000070,Prairieview Elementary School,SD U-46,Bartlett,681,188,Yes under Community Eligibility Option (CEO),false,Kindergarten,6th Grade
170897004020,Prairieview Elementary School,Center Cass SD 66,Downers Grove,380,69,Yes participating without using any Provision or the CEO,false,3rd Grade,5th Grade
171752004810,Prairieview School,Grayslake CCSD 46,Hainesville,400,166,Yes participating without using any Provision or the CEO,false,Kindergarten,4th Grade
170033005766,Prairieview-Ogden Jr High Sch,Prairieview-Ogden CCSD 197,Thomasboro,68,14,Yes participating without using any Provision or the CEO,false,7th Grade,8th Grade
170033005767,Prairieview-Ogden North Elem,Prairieview-Ogden CCSD 197,Royal,91,5,Yes participating without using any Provision or the CEO,false,Prekindergarten,4th Grade
170033005768,Prairieview-Ogden South Elem,Prairieview-Ogden CCSD 197,Ogden,116,17,Yes participating without using any Provision or the CEO,false,Kindergarten,6th Grade
174333005944,Prairiewood Elem Sch,Woodstock CUSD 200,Woodstock,374,168,Yes participating without using any Provision or the CEO,false,1st Grade,5th Grade
171728005016,Prather Elementary School,Granite City CUSD 9,Granite City,612,370,Yes under Community Eligibility Option (CEO),false,Prekindergarten,Kindergarten
172325001146,Prekindergarten at Lecc,Litchfield CUSD 12,Litchfield,100,61,Yes under Community Eligibility Option (CEO),false,Prekindergarten,Prekindergarten
170850001622,Prekindergarten Facility,Carmi-White County CUSD 5,Carmi,72,,No,false,Prekindergarten,Prekindergarten
170993001040,Prescott Elem School,Chicago Public Schools Dist 299,Chicago,463,128,Yes under Community Eligibility Option (CEO),false,Kindergarten,8th Grade
170993006067,Prieto Math-Science Elem Sch,Chicago Public Schools Dist 299,Chicago,733,646,Yes under Community Eligibility Option (CEO),false,Prekindergarten,8th Grade
172472006760,Primary Learning Center,Prairie-Hills ESD 144,Markham,4,,Yes under Community Eligibility Option (CEO),false,Prekindergarten,Prekindergarten
173270003392,Princeton High School,Princeton HSD 500,Princeton,479,190,Yes participating without using any Provision or the CEO,true,9th Grade,12th Grade
173277003395,Princeville Elem School,Princeville CUSD 326,Princeville,292,99,Yes participating without using any Provision or the CEO,false,Prekindergarten,5th Grade
173277003396,Princeville High School,Princeville CUSD 326,Princeville,350,129,Yes participating without using any Provision or the CEO,false,6th Grade,12th Grade
170993001154,Pritzker Elem School,Chicago Public Schools Dist 299,Chicago,674,175,Yes under Community Eligibility Option (CEO),false,Prekindergarten,8th Grade
172076000502,Proegler School,Kankakee SD 111,Kankakee,466,393,Yes under Community Eligibility Option (CEO),false,Prekindergarten,Prekindergarten
170018202670,Project Echo,Frankln/Johnsn/Massc/Willimsn ROE,Johnston City,0,,Yes under Community Eligibility Option (CEO),true,7th Grade,12th Grade
173283003399,Prophetstown Elem School,Prophetstown-Lyndon-Tampico CUSD3,Prophetstown,229,149,Yes participating without using any Provision or the CEO,false,Prekindergarten,3rd Grade
173283003400,Prophetstown High School,Prophetstown-Lyndon-Tampico CUSD3,Prophetstown,205,118,Yes participating without using any Provision or the CEO,true,9th Grade,12th Grade
171929002219,Prospect Elem School,Hinsdale CCSD 181,Clarendon Hills,302,,No,false,Kindergarten,5th Grade
170417000114,Prospect High School,Township HSD 214,Mt Prospect,2245,,No,false,9th Grade,12th Grade
170993000681,Prosser Career Academy HS,Chicago Public Schools Dist 299,Chicago,1185,1057,Yes under Community Eligibility Option (CEO),true,9th Grade,12th Grade
170993005885,Providence-Englewood Elem Charter,Chicago Public Schools Dist 299,Chicago,428,415,Yes under Community Eligibility Option (CEO),false,Kindergarten,8th Grade
173291003406,Proviso East High School,Proviso Twp HSD 209,Maywood,1663,882,Yes under Community Eligibility Option (CEO),true,9th Grade,12th Grade
173291005781,Proviso Math and Science Academy,Proviso Twp HSD 209,Forest Park,925,496,Yes under Community Eligibility Option (CEO),true,9th Grade,12th Grade
173291003407,Proviso West High School,Proviso Twp HSD 209,Hillside,1870,982,Yes under Community Eligibility Option (CEO),true,9th Grade,12th Grade
170993001043,Prussing Elem School,Chicago Public Schools Dist 299,Chicago,642,419,Yes under Community Eligibility Option (CEO),false,Kindergarten,8th Grade
170993001045,Pulaski Intl Sch of Chicago,Chicago Public Schools Dist 299,Chicago,889,302,Yes under Community Eligibility Option (CEO),false,Prekindergarten,8th Grade
170993001046,Pullman Elem School,Chicago Public Schools Dist 299,Chicago,303,225,Yes under Community Eligibility Option (CEO),false,Prekindergarten,8th Grade
173296006047,Putnam Co Primary Sch,Putnam County CUSD 535,Granville,208,61,Yes participating without using any Provision or the CEO,false,Prekindergarten,2nd Grade
173296004807,Putnam County Elem School,Putnam County CUSD 535,Hennepin,158,63,Yes participating without using any Provision or the CEO,false,3rd Grade,5th Grade
173296003412,Putnam County High School,Putnam County CUSD 535,Granville,245,98,Yes participating without using any Provision or the CEO,true,9th Grade,12th Grade
173296003409,Putnam County Jr High School,Putnam County CUSD 535,Mc Nabb,162,62,Yes participating without using any Provision or the CEO,false,6th Grade,8th Grade
173297006594,Queen Bee School,Queen Bee SD 16,Glendale Heights,77,,No,false,Prekindergarten,Prekindergarten
173300005054,Quincy Jr High School,Quincy SD 172,Quincy,1295,763,Yes participating without using any Provision or the CEO,false,6th Grade,8th Grade
173300005053,Quincy Sr High School,Quincy SD 172,Quincy,1847,1017,Yes participating without using any Provision or the CEO,true,9th Grade,12th Grade
170017102351,R E a D Y Program,Champaign/Ford ROE,Champaign,0,,Yes participating without using any Provision or the CEO,true,6th Grade,12th Grade
173451003601,R K Welsh Elem School,Rockford SD 205,Rockford,483,422,Yes under Community Eligibility Option (CEO),false,Kindergarten,5th Grade
172994003104,R O W V a Elem School,R O W V a CUSD 208,Oneida,369,165,Yes participating without using any Provision or the CEO,false,Prekindergarten,6th Grade
172994003102,R O W V a Jr and Sr High School,R O W V a CUSD 208,Oneida,248,90,Yes participating without using any Provision or the CEO,true,7th Grade,12th Grade
170993005075,Raby High School,Chicago Public Schools Dist 299,Chicago,128,121,Yes under Community Eligibility Option (CEO),true,9th Grade,12th Grade
173303003433,Raccoon Cons Elem School,Raccoon Cons SD 1,Centralia,204,98,Yes under Community Eligibility Option (CEO),false,Prekindergarten,8th Grade
170019206383,Raes East Alt Ed,Henderson/Knox/Mercer/Warren ROE,Galesburg,0,,Yes under Community Eligibility Option (CEO),true,6th Grade,12th Grade
170019206069,Raes Night School,Henderson/Knox/Mercer/Warren ROE,Galesburg,0,,No,true,6th Grade,12th Grade
170019202923,Raes Rssp,Henderson/Knox/Mercer/Warren ROE,Galesburg,0,,Yes under Community Eligibility Option (CEO),true,6th Grade,12th Grade
170019202826,Raes West,Henderson/Knox/Mercer/Warren ROE,Galesburg,0,,No,true,6th Grade,12th Grade
170019204060,Raes West Alt Ed,Henderson/Knox/Mercer/Warren ROE,Galesburg,0,,No,true,6th Grade,12th Grade
171824002107,Ralston Elem School,Harlem UD 122,Machesney Park,232,105,Yes under Community Eligibility Option (CEO),false,1st Grade,5th Grade
173309003434,Ramsey Elem School,Ramsey CUSD 204,Ramsey,212,143,Yes under Community Eligibility Option (CEO),false,Prekindergarten,5th Grade
173309003435,Ramsey High School,Ramsey CUSD 204,Ramsey,181,121,Yes under Community Eligibility Option (CEO),true,6th Grade,12th Grade
172771005182,Ranch View Elementary School,Naperville CUSD 203,Naperville,584,110,Yes participating without using any Provision or the CEO,false,Kindergarten,5th Grade
170993000769,Randolph Elem School,Chicago Public Schools Dist 299,Chicago,367,338,Yes under Community Eligibility Option (CEO),false,Prekindergarten,8th Grade
173312003436,Rankin Elem School,Rankin CSD 98,Pekin,196,59,Yes participating without using any Provision or the CEO,false,Kindergarten,8th Grade
170342000026,Ransom Grade School,Allen-Otter Creek CCSD 65,Ransom,96,29,Yes participating without using any Provision or the CEO,false,Kindergarten,8th Grade
173324003445,Rantoul Twp High School,Rantoul Township HSD 193,Rantoul,901,815,Yes under Community Eligibility Option (CEO),true,9th Grade,12th Grade
170017004640,Rap Elizabeth,Carroll/Jo Daviess/Stephenson ROE,Elizabeth,0,,Yes under Community Eligibility Option (CEO),true,6th Grade,12th Grade
170017002342,Rap Freeport,Carroll/Jo Daviess/Stephenson ROE,Freeport,0,,Yes under Community Eligibility Option (CEO),true,6th Grade,12th Grade
170993001050,Ravenswood Elem School,Chicago Public Schools Dist 299,Chicago,522,168,Yes under Community Eligibility Option (CEO),false,Prekindergarten,8th Grade
170011902189,Ravinia Elem School,North Shore SD 112,Highland Park,285,,No,false,Kindergarten,5th Grade
170993001047,Ray Elem School,Chicago Public Schools Dist 299,Chicago,613,275,Yes under Community Eligibility Option (CEO),false,Prekindergarten,8th Grade
172022002276,Raymond Benson Primary School,Itasca SD 10,Itasca,333,,No,false,Prekindergarten,2nd Grade
173499003666,Raymond Ellis Elem School,Round Lake CUSD 116,Round Lake Beach,617,556,Yes under Community Eligibility Option (CEO),false,Kindergarten,5th Grade
173066003191,Raymond Grade School,Panhandle CUSD 2,Raymond,115,41,Yes under Community Eligibility Option (CEO),false,2nd Grade,5th Grade
171233005309,Reagan Middle School,Dixon USD 170,Dixon,585,322,Yes participating without using any Provision or the CEO,false,6th Grade,8th Grade
170993001052,Reavis Elem Math & Sci Spec Schl,Chicago Public Schools Dist 299,Chicago,356,237,Yes under Community Eligibility Option (CEO),false,Prekindergarten,8th Grade
172202002471,Reavis Elem School,Lansing SD 158,Lansing,362,358,Yes under Community Eligibility Option (CEO),false,Kindergarten,5th Grade
173327003446,Reavis High School,Reavis Twp HSD 220,Burbank,1930,1264,Yes participating without using any Provision or the CEO,true,9th Grade,12th Grade
174169000219,Reba O Steck Elementary School,Indian Prairie CUSD 204,Aurora,669,96,Yes participating without using any Provision or the CEO,false,Kindergarten,5th Grade
173330003447,Red Bud Elem School,Red Bud CUSD 132,Red Bud,582,285,Yes participating without using any Provision or the CEO,false,Prekindergarten,8th Grade
173330003448,Red Bud High School,Red Bud CUSD 132,Red Bud,396,126,Yes participating without using any Provision or the CEO,false,9th Grade,12th Grade
172213005283,Red Hill Jr/Sr High School,Red Hill CUSD 10,Bridgeport,396,229,Yes participating without using any Provision or the CEO,true,7th Grade,12th Grade
170011904408,Red Oak Elem School,North Shore SD 112,Highland Park,225,83,Yes participating without using any Provision or the CEO,false,Kindergarten,5th Grade
172373001035,Reed Elem School,Will County SD 92,Homer Glen,291,103,Yes participating without using any Provision or the CEO,false,2nd Grade,3rd Grade
173338003453,Reed-Custer Elementary School,Reed Custer CUSD 255U,Braidwood,690,302,Yes participating without using any Provision or the CEO,false,Prekindergarten,5th Grade
173338003456,Reed-Custer High School,Reed Custer CUSD 255U,Braidwood,397,166,Yes participating without using any Provision or the CEO,true,9th Grade,12th Grade
173338003454,Reed-Custer Middle School,Reed Custer CUSD 255U,Braidwood,306,132,Yes participating without using any Provision or the CEO,false,6th Grade,8th Grade
170017705694,Regional Alop School,DeWitt/Livingstn/Logan/McLean ROE,Bloomington,0,,Yes under Community Eligibility Option (CEO),true,7th Grade,12th Grade
170019503325,Regional Center for Change,Lee/Ogle/Whiteside ROE,Rock Falls,0,,Yes under Community Eligibility Option (CEO),true,6th Grade,12th Grade
170019505735,Regional Center for Change Alop,Lee/Ogle/Whiteside ROE,Rock Falls,0,,No,true,6th Grade,12th Grade
170018802593,Regl Inst Scholastic Excellence,Region 07 South Cook ISC 4,Chicago Heights,0,,No,true,6th Grade,12th Grade
170018806165,Regl Inst Scholastic Excellence,Region 07 South Cook ISC 4,Worth,0,,No,true,6th Grade,12th Grade
170993001054,Reilly Elem School,Chicago Public Schools Dist 299,Chicago,539,365,Yes under Community Eligibility Option (CEO),false,Prekindergarten,8th Grade
170993001055,Reinberg Elem School,Chicago Public Schools Dist 299,Chicago,768,576,Yes under Community Eligibility Option (CEO),false,Prekindergarten,8th Grade
173123000973,Reservoir Gifted School,Peoria SD 150,Peoria,308,108,Yes under Community Eligibility Option (CEO),false,5th Grade,8th Grade
172478002689,Reskin Elem School,Marquardt SD 15,Glendale Hts,294,187,Yes under Community Eligibility Option (CEO),false,Kindergarten,5th Grade
170993001056,Revere Elem School,Chicago Public Schools Dist 299,Chicago,184,145,Yes under Community Eligibility Option (CEO),false,Prekindergarten,8th Grade
173339003457,Rhodes Elem School,Rhodes SD 84-5,River Grove,499,342,Yes under Community Eligibility Option (CEO),false,Prekindergarten,8th Grade
171446001789,Rice Childrens Center,Evanston CCSD 65,Evanston,0,,No,true,1st Grade,8th Grade
173342003458,Rich Township High School,Rich Twp HSD 227,Olympia Fields,2433,1074,Yes under Community Eligibility Option (CEO),true,9th Grade,12th Grade
173681003794,Richard Byrd Elementary School,Burbank SD 111,Burbank,266,163,Yes under Community Eligibility Option (CEO),false,Kindergarten,5th Grade
171135001362,Richard F Bernotas Middle Sch,Crystal Lake CCSD 47,Crystal Lake,737,206,Yes participating without using any Provision or the CEO,false,6th Grade,8th Grade
173174005748,Richard Ira Jones Middle School,Plainfield SD 202,Plainfield,851,191,Yes participating without using any Provision or the CEO,false,6th Grade,8th Grade
170993000718,Richards Career Academy HS,Chicago Public Schools Dist 299,Chicago,348,338,Yes under Community Eligibility Option (CEO),true,9th Grade,12th Grade
170993006398,Richardson Middle School,Chicago Public Schools Dist 299,Chicago,844,741,Yes under Community Eligibility Option (CEO),false,5th Grade,8th Grade
171329003418,Richland County Elementary School,Richland County CUSD 1,Olney,888,513,Yes under Community Eligibility Option (CEO),false,Kindergarten,5th Grade
171329006912,Richland County Erly Childhd Ctr,Richland County CUSD 1,Olney,149,,No,false,Prekindergarten,Prekindergarten
171329001583,Richland County High School,Richland County CUSD 1,Olney,669,271,Yes under Community Eligibility Option (CEO),true,9th Grade,12th Grade
171329001584,Richland County Middle School,Richland County CUSD 1,Olney,439,243,Yes under Community Eligibility Option (CEO),false,6th Grade,8th Grade
173345003461,Richland Elem School,Richland GSD 88A,Crest Hill,774,458,Yes participating without using any Provision or the CEO,false,Prekindergarten,8th Grade
173717003857,Richmond Elementary School,St Charles CUSD 303,Saint Charles,385,191,Yes participating without using any Provision or the CEO,false,Kindergarten,5th Grade
170022204118,Richmond Grade School,Nippersink SD 2,Richmond,407,92,Yes participating without using any Provision or the CEO,false,Prekindergarten,5th Grade
173351003463,Richmond-Burton High School,Richmond-Burton CHSD 157,Richmond,521,,No,false,9th Grade,12th Grade
172502005778,Richton Square School,Matteson ESD 162,Richton Park,161,58,Yes under Community Eligibility Option (CEO),false,Prekindergarten,Prekindergarten
173123003280,Richwoods High School,Peoria SD 150,Peoria,1685,897,Yes under Community Eligibility Option (CEO),true,9th Grade,12th Grade
173546003698,Rickover Jr High School,CCSD 168,Sauk Village,371,191,Yes under Community Eligibility Option (CEO),false,6th Grade,8th Grade
170993005078,Rickover Naval Academy High Schl,Chicago Public Schools Dist 299,Chicago,527,341,Yes under Community Eligibility Option (CEO),true,9th Grade,12th Grade
173441006155,Ricms,Rock Island SD 41,Rock Island,462,345,Yes under Community Eligibility Option (CEO),false,Prekindergarten,6th Grade
172505005655,Riddle Elementary School,Mattoon CUSD 2,Mattoon,589,419,Yes under Community Eligibility Option (CEO),false,Kindergarten,5th Grade
170999001230,Ridge Central Elem School,Chicago Ridge SD 127-5,Chicago Ridge,508,276,Yes under Community Eligibility Option (CEO),false,Prekindergarten,5th Grade
171371001699,Ridge Circle Elem School,SD U-46,Streamwood,368,206,Yes under Community Eligibility Option (CEO),false,Kindergarten,6th Grade
171548001865,Ridge Early Childhood Center,Forest Ridge SD 142,Oak Forest,245,63,Yes participating without using any Provision or the CEO,false,Prekindergarten,Kindergarten
173174004938,Ridge Elementary School,Plainfield SD 202,Plainfield,481,187,Yes under Community Eligibility Option (CEO),false,Kindergarten,5th Grade
171377004568,Ridge Family Center for Learning,Comm Cons SD 59,Elk Grove Village,261,103,Yes participating without using any Provision or the CEO,false,Prekindergarten,5th Grade
170999001232,Ridge Lawn Elementary School,Chicago Ridge SD 127-5,Chicago Ridge,572,402,Yes under Community Eligibility Option (CEO),false,Prekindergarten,5th Grade
173708003835,Ridgely Elem School,Springfield SD 186,Springfield,343,254,Yes under Community Eligibility Option (CEO),false,Prekindergarten,5th Grade
170010905369,Ridgeview Elementary School,Ridgeview CUSD 19,Colfax,247,131,Yes under Community Eligibility Option (CEO),false,Prekindergarten,5th Grade
171270004470,Ridgeview Elementary School,Dunlap CUSD 323,Peoria,433,134,Yes participating without using any Provision or the CEO,false,Kindergarten,5th Grade
170010905366,Ridgeview High School,Ridgeview CUSD 19,Colfax,166,,No,true,9th Grade,12th Grade
170010905367,Ridgeview Jr High School,Ridgeview CUSD 19,Colfax,107,42,Yes under Community Eligibility Option (CEO),false,6th Grade,8th Grade
173372003469,Ridgewood Comm High School,Ridgewood CHSD 234,Norridge,988,,No,true,9th Grade,12th Grade
171317001565,Ridgewood Elem School,East Moline SD 37,East Moline,407,398,Yes participating without using any Provision or the CEO,false,Kindergarten,4th Grade
173441003535,Ridgewood Elem School,Rock Island SD 41,Rock Island,260,227,Yes under Community Eligibility Option (CEO),false,Prekindergarten,6th Grade
173375003470,Riley Comm Cons School,Riley CCSD 18,Marengo,277,101,Yes participating without using any Provision or the CEO,false,Kindergarten,8th Grade
172049002318,Ringwood School Primary Ctr,Johnsburg CUSD 12,Ringwood,420,158,Yes participating without using any Provision or the CEO,false,Prekindergarten,2nd Grade
173395003489,River Bend Middle School,River Bend CUSD 2,Fulton,228,106,Yes participating without using any Provision or the CEO,false,6th Grade,8th Grade
173384003476,River Grove Elem School,River Grove SD 85-5,River Grove,722,368,Yes participating without using any Provision or the CEO,false,Prekindergarten,8th Grade
170000105651,River Ridge Elementary School,River Ridge CUSD 210,Hanover,224,116,Yes participating without using any Provision or the CEO,false,Prekindergarten,5th Grade
170000105115,River Ridge High School,River Ridge CUSD 210,Hanover,128,47,Yes participating without using any Provision or the CEO,true,9th Grade,12th Grade
170000105116,River Ridge Middle School,River Ridge CUSD 210,Hanover,91,47,Yes participating without using any Provision or the CEO,false,6th Grade,8th Grade
170032905757,River to River Education Center,Jamp Spec Educ Services,Ullin,0,,No,true,Kindergarten,12th Grade
171780005712,River Trail School,Gurnee SD 56,Gurnee,471,244,Yes under Community Eligibility Option (CEO),false,Kindergarten,8th Grade
173387003480,River Trails Middle School,River Trails SD 26,Mount Prospect,508,154,Yes participating without using any Provision or the CEO,false,6th Grade,8th Grade
170729005661,River Valley School,Lemont-Bromberek CSD 113A,Lemont,588,108,Yes participating without using any Provision or the CEO,false,2nd Grade,3rd Grade
173174003792,River View Elementary School,Plainfield SD 202,Plainfield,584,220,Yes under Community Eligibility Option (CEO),false,Kindergarten,5th Grade
172771005286,River Woods Elementary School,Naperville CUSD 203,Naperville,481,42,Yes participating without using any Provision or the CEO,false,Kindergarten,5th Grade
173451005531,Riverdahl Elem School,Rockford SD 205,Rockford,535,469,Yes under Community Eligibility Option (CEO),false,Kindergarten,5th Grade
173393003483,Riverdale Elem School,Riverdale CUSD 100,Port Byron,517,81,Yes participating without using any Provision or the CEO,false,Prekindergarten,5th Grade
173393003485,Riverdale Middle School,Riverdale CUSD 100,Port Byron,254,40,Yes participating without using any Provision or the CEO,false,6th Grade,8th Grade
173435006211,Riverdale Preschool Center,Rock Falls ESD 13,Rock Falls,145,,No,false,Prekindergarten,Prekindergarten
171245001497,Riverdale School,Dolton SD 148,Riverdale,137,136,Yes under Community Eligibility Option (CEO),false,Kindergarten,4th Grade
173393003484,Riverdale Sr High School,Riverdale CUSD 100,Port Byron,324,52,Yes participating without using any Provision or the CEO,false,9th Grade,12th Grade
173402003496,Riverside Brookfield Twp HS,Riverside-Brookfield Twp SD 208,Riverside,1663,,No,false,9th Grade,12th Grade
173410003497,Riverton Elem School,Riverton CUSD 14,Riverton,515,310,Yes under Community Eligibility Option (CEO),false,Prekindergarten,4th Grade
173410003498,Riverton High School,Riverton CUSD 14,Riverton,357,183,Yes under Community Eligibility Option (CEO),true,9th Grade,12th Grade
173410003499,Riverton Middle School,Riverton CUSD 14,Riverton,347,182,Yes under Community Eligibility Option (CEO),false,5th Grade,8th Grade
173411003500,Riverview Elem School,Riverview CCSD 2,East Peoria,220,135,Yes under Community Eligibility Option (CEO),false,Prekindergarten,8th Grade
173660003766,Riverview Elementary School,County of Winnebago SD 320,South Beloit,199,129,Yes under Community Eligibility Option (CEO),false,2nd Grade,4th Grade
172529005434,Riverwood Elementary School,McHenry CCSD 15,McHenry,619,256,Yes participating without using any Provision or the CEO,false,Kindergarten,5th Grade
173414003501,Roanoke-Benson High School,Roanoke Benson CUSD 60,Roanoke,146,28,Yes participating without using any Provision or the CEO,false,9th Grade,12th Grade
173414003502,Roanoke-Benson Jr High School,Roanoke Benson CUSD 60,Benson,142,35,Yes participating without using any Provision or the CEO,false,5th Grade,8th Grade
173417003504,Robein Elem School,Robein SD 85,East Peoria,150,67,Yes participating without using any Provision or the CEO,false,Kindergarten,8th Grade
173123003281,Robert a Jamieson School,Peoria SD 150,Peoria,0,,Yes under Community Eligibility Option (CEO),true,Prekindergarten,12th Grade
174007004034,Robert C Hill Elem School,Valley View CUSD 365U,Romeoville,547,340,Yes under Community Eligibility Option (CEO),false,Kindergarten,5th Grade
174169004436,Robert Clow Elem Sch,Indian Prairie CUSD 204,Naperville,343,44,Yes participating without using any Provision or the CEO,false,Kindergarten,5th Grade
174119005208,Robert Crown School,Wauconda CUSD 118,Wauconda,776,182,Yes participating without using any Provision or the CEO,false,Kindergarten,5th Grade
174125000206,Robert E Abbott Middle School,Waukegan CUSD 60,Waukegan,585,416,Yes under Community Eligibility Option (CEO),false,6th Grade,8th Grade
171377001717,Robert Frost Elem School,Comm Cons SD 59,Mount Prospect,359,266,Yes participating without using any Provision or the CEO,false,Kindergarten,5th Grade
174221004232,Robert Frost Elem School,Wheeling CCSD 21,Mount Prospect,532,308,Yes under Community Eligibility Option (CEO),false,Prekindergarten,5th Grade
173474003653,Robert Frost JHS,Schaumburg CCSD 54,Schaumburg,737,,No,false,7th Grade,8th Grade
171185004424,Robertson Charter School,Decatur SD 61,Decatur,327,209,Yes under Community Eligibility Option (CEO),false,Prekindergarten,8th Grade
170942000553,Robeson Elem School,Champaign CUSD 4,Champaign,439,224,Yes under Community Eligibility Option (CEO),false,Kindergarten,5th Grade
170717000372,Robina Lyle Elementary School,Indian Springs SD 109,Bridgeview,329,223,Yes under Community Eligibility Option (CEO),false,Kindergarten,6th Grade
170993000694,Robinson Elem School,Chicago Public Schools Dist 299,Chicago,117,101,Yes under Community Eligibility Option (CEO),false,Prekindergarten,3rd Grade
173423003508,Robinson High School,Robinson CUSD 2,Robinson,447,199,Yes participating without using any Provision or the CEO,false,9th Grade,12th Grade
173426003514,Rochelle Middle School,Rochelle CCSD 231,Rochelle,488,240,Yes under Community Eligibility Option (CEO),false,6th Grade,8th Grade
173429003516,Rochelle Twp High School,Rochelle Twp HSD 212,Rochelle,859,,No,true,9th Grade,12th Grade
173432006197,Rochester Elem 2-3,Rochester CUSD 3A,Rochester,236,42,Yes participating without using any Provision or the CEO,false,2nd Grade,3rd Grade
173432003517,Rochester Elem Ec-1 Sch,Rochester CUSD 3A,Rochester,402,72,Yes participating without using any Provision or the CEO,false,Prekindergarten,1st Grade
173432003518,Rochester High School,Rochester CUSD 3A,Rochester,692,,No,false,9th Grade,12th Grade
173432003520,Rochester Intermediate School,Rochester CUSD 3A,Rochester,394,60,Yes participating without using any Provision or the CEO,false,4th Grade,6th Grade
173432003519,Rochester Jr High School,Rochester CUSD 3A,Rochester,288,,No,false,7th Grade,8th Grade
171824002105,Rock Cut Elem School,Harlem UD 122,Loves Park,261,176,Yes under Community Eligibility Option (CEO),false,1st Grade,5th Grade
173435003523,Rock Falls Middle School,Rock Falls ESD 13,Rock Falls,246,185,Yes under Community Eligibility Option (CEO),false,6th Grade,8th Grade
173438003525,Rock Falls Township High School,Rock Falls Twp HSD 301,Rock Falls,530,320,Yes participating without using any Provision or the CEO,true,9th Grade,12th Grade
173441005967,Rock Island Academy,Rock Island SD 41,Rock Island,540,517,Yes under Community Eligibility Option (CEO),false,Prekindergarten,6th Grade
173441003540,Rock Island High School,Rock Island SD 41,Rock Island,1812,1386,Yes under Community Eligibility Option (CEO),true,9th Grade,12th Grade
170019504852,Rock River Challenge,Lee/Ogle/Whiteside ROE,Chana,0,,No,true,6th Grade,12th Grade
173447003552,Rockdale Elem School,Rockdale SD 84,Rockdale,257,183,Yes under Community Eligibility Option (CEO),false,Prekindergarten,8th Grade
173451003600,Rockford East High School,Rockford SD 205,Rockford,1719,1230,Yes under Community Eligibility Option (CEO),true,9th Grade,12th Grade
173451003397,Rockford Envrnmntl Science Acad,Rockford SD 205,Rockford,1108,888,Yes under Community Eligibility Option (CEO),false,6th Grade,8th Grade
172280002528,Rockland Elem School,Libertyville SD 70,Libertyville,305,,No,false,Kindergarten,5th Grade
173444003549,Rockridge High School,Rockridge CUSD 300,Taylor Ridge,330,68,Yes participating without using any Provision or the CEO,false,9th Grade,12th Grade
173444003550,Rockridge Jr High School,Rockridge CUSD 300,Taylor Ridge,234,51,Yes participating without using any Provision or the CEO,false,6th Grade,8th Grade
173454003623,Rockton Elem School,Rockton SD 140,Rockton,518,187,Yes participating without using any Provision or the CEO,false,Prekindergarten,2nd Grade
170018002658,Roe 20 Learning Alt Branch School,Edw/Glt/Hlt/Hdn/Pop/Sln/Wbh/Wn/Wh,Norris City,0,,Yes under Community Eligibility Option (CEO),true,6th Grade,12th Grade
170020904502,Roe 53 Safe School,Mason/Tazewell/Woodford ROE,Germantwn Hls,0,,Yes under Community Eligibility Option (CEO),true,6th Grade,12th Grade
170019302965,Roe Alternative Prog of Lake Co,Lake ROE,Vernon Hills,0,,Yes participating without using any Provision or the CEO,true,6th Grade,12th Grade
170016903099,Roe Safe Sch Greene,Calhoun/Greene/Jersy/Macoupin ROE,Carlinville,0,,No,true,6th Grade,12th Grade
170016903098,Roe Safe Sch Macoupin,Calhoun/Greene/Jersy/Macoupin ROE,Carlinville,0,,No,true,6th Grade,12th Grade
170016906623,Roe Safe School Jersey,Calhoun/Greene/Jersy/Macoupin ROE,Carlinville,0,,No,true,6th Grade,12th Grade
170018002669,Roe20 Learning Alternative Branch,Edw/Glt/Hlt/Hdn/Pop/Sln/Wbh/Wn/Wh,Norris City,0,,Yes under Community Eligibility Option (CEO),true,6th Grade,12th Grade
170993001059,Rogers Elem School,Chicago Public Schools Dist 299,Chicago,790,477,Yes under Community Eligibility Option (CEO),false,Prekindergarten,8th Grade
174107000187,Rogers Elem School,Waterloo CUSD 5,Waterloo,417,87,Yes participating without using any Provision or the CEO,false,2nd Grade,3rd Grade
173123005324,Rolling Acres Middle School,Peoria SD 150,Peoria,321,232,Yes under Community Eligibility Option (CEO),true,5th Grade,12th Grade
173451003587,Rolling Green,Rockford SD 205,Rockford,505,398,Yes under Community Eligibility Option (CEO),false,Kindergarten,5th Grade
170417000115,Rolling Meadows High School,Township HSD 214,Rolling Meadows,1956,,No,true,9th Grade,12th Grade
173459003625,Rome Comm Cons Elem School,Rome CCSD 2,Dix,286,135,Yes participating without using any Provision or the CEO,false,Prekindergarten,8th Grade
174007004035,Romeoville High School,Valley View CUSD 365U,Romeoville,1848,937,Yes under Community Eligibility Option (CEO),true,9th Grade,12th Grade
174260004279,Romona Elem School,Wilmette SD 39,Wilmette,462,,No,false,Prekindergarten,4th Grade
171371001700,Ronald D O Neal,SD U-46,Elgin,445,358,Yes under Community Eligibility Option (CEO),false,Kindergarten,6th Grade
173462003626,Rondout Elem School,Rondout SD 72,Lake Forest,151,,No,false,Kindergarten,8th Grade
173451005449,Roosevelt Center,Rockford SD 205,Rockford,60,50,Yes under Community Eligibility Option (CEO),true,9th Grade,12th Grade
170561000237,Roosevelt Elem School,Belleville SD 118,Belleville,272,157,Yes under Community Eligibility Option (CEO),false,Kindergarten,6th Grade
172511002744,Roosevelt Elem School,Maywood-Melrose Park-Broadview 89,Broadview,345,210,Yes under Community Eligibility Option (CEO),false,Prekindergarten,5th Grade
170996001225,Roosevelt Elem School,Chicago Heights SD 170,Chicago Heights,353,349,Yes under Community Eligibility Option (CEO),false,Prekindergarten,5th Grade
171245001500,Roosevelt Elem School,Dolton SD 148,Dolton,248,248,Yes under Community Eligibility Option (CEO),false,Kindergarten,6th Grade
172640002825,Roosevelt Elem School,Moline-Coal Valley CUSD 40,Moline,384,209,Yes participating without using any Provision or the CEO,false,Prekindergarten,5th Grade
170993001093,Roosevelt High School,Chicago Public Schools Dist 299,Chicago,1144,1006,Yes under Community Eligibility Option (CEO),true,9th Grade,12th Grade
171245004919,Roosevelt Junior High School,Dolton SD 148,Dolton,130,130,Yes under Community Eligibility Option (CEO),false,7th Grade,8th Grade
170576000253,Roosevelt Middle School,Bellwood SD 88,Bellwood,614,610,Yes under Community Eligibility Option (CEO),false,6th Grade,8th Grade
173381003472,Roosevelt School,River Forest SD 90,River Forest,625,,No,false,5th Grade,8th Grade
171848005018,Rosa L Parks Middle School,W Harvey-Dixmoor PSD 147,Dixmoor,320,292,Yes under Community Eligibility Option (CEO),false,5th Grade,8th Grade
172118003821,Roscoe Middle School,Kinnikinnick CCSD 131,Roscoe,596,186,Yes participating without using any Provision or the CEO,false,6th Grade,8th Grade
170468000155,Rose E Krug Elem School,Aurora East USD 131,Aurora,271,181,Yes under Community Eligibility Option (CEO),false,Prekindergarten,5th Grade
173471003629,Roselle Middle School,Roselle SD 12,Roselle,230,82,Yes participating without using any Provision or the CEO,false,6th Grade,8th Grade
173477003659,Rosemont Elem School,Rosemont ESD 78,Rosemont,221,76,Yes participating without using any Provision or the CEO,false,Prekindergarten,8th Grade
170505000194,Roslyn Road Elem School,Barrington CUSD 220,Barrington,447,56,Yes participating without using any Provision or the CEO,false,Kindergarten,5th Grade
173487003662,Rossville-Alvin Elem School,Rossville-Alvin CUSD 7,Rossville,300,175,Yes under Community Eligibility Option (CEO),false,Prekindergarten,8th Grade
173499003667,Round Lake Beach Elem School,Round Lake CUSD 116,Round Lake Beach,491,437,Yes under Community Eligibility Option (CEO),false,Kindergarten,2nd Grade
173499003665,Round Lake Middle School,Round Lake CUSD 116,Round Lake Heights,783,672,Yes under Community Eligibility Option (CEO),false,6th Grade,8th Grade
173499003668,Round Lake Senior High School,Round Lake CUSD 116,Round Lake,2194,1868,Yes under Community Eligibility Option (CEO),true,9th Grade,12th Grade
170993006142,Rowe Elementary,Chicago Public Schools Dist 299,Chicago,617,422,Yes under Community Eligibility Option (CEO),false,Kindergarten,8th Grade
173501003671,Roxana Junior High School,Roxana CUSD 1,Roxana,393,211,Yes under Community Eligibility Option (CEO),false,6th Grade,8th Grade
173501003674,Roxana Sr High School,Roxana CUSD 1,Roxana,500,221,Yes under Community Eligibility Option (CEO),true,9th Grade,12th Grade
171047001268,Roy De Shane Elementary School,CCSD 93,Carol Stream,185,90,Yes participating without using any Provision or the CEO,false,Kindergarten,5th Grade
172433002643,Roy Elem School,Mannheim SD 83,Northlake,545,324,Yes under Community Eligibility Option (CEO),false,Kindergarten,5th Grade
170018602681,Royals Academy Canton,Hancck/Fultn/Schuylr/McDonogh ROE,Canton,0,,No,true,6th Grade,12th Grade
170018602819,Royals Academy Macomb,Hancck/Fultn/Schuylr/McDonogh ROE,Macomb,0,,No,true,6th Grade,12th Grade
170018602823,Royals Rssp Carthage,Hancck/Fultn/Schuylr/McDonogh ROE,Carthage,0,,Yes under Community Eligibility Option (CEO),true,6th Grade,12th Grade
170993004382,Rudolph Elem Learning Center,Chicago Public Schools Dist 299,Chicago,22,14,Yes under Community Eligibility Option (CEO),false,Prekindergarten,8th Grade
170993001064,Ruggles Elem School,Chicago Public Schools Dist 299,Chicago,290,266,Yes under Community Eligibility Option (CEO),false,Prekindergarten,8th Grade
170993005413,Ruiz Elem School,Chicago Public Schools Dist 299,Chicago,467,404,Yes under Community Eligibility Option (CEO),false,Prekindergarten,8th Grade
171377001723,Rupley Elem School,Comm Cons SD 59,Elk Grove Village,280,213,Yes participating without using any Provision or the CEO,false,Kindergarten,5th Grade
170033205812,Rushville-Industry High School,Schuyler-Industry CUSD 5,Rushville,295,142,Yes under Community Eligibility Option (CEO),false,9th Grade,12th Grade
170993000669,Ruth Bader Ginsburg Elementary,Chicago Public Schools Dist 299,Chicago,260,163,Yes under Community Eligibility Option (CEO),false,Prekindergarten,8th Grade
170000305121,Ruth M Schneider Elem School,Blue Ridge CUSD 18,Farmer City,265,129,Yes under Community Eligibility Option (CEO),false,Prekindergarten,3rd Grade
173510003676,Rutland Elem School,Rutland CCSD 230,Ottawa,70,10,Yes participating without using any Provision or the CEO,false,Prekindergarten,8th Grade
172310002550,Rutledge Hall Elem School,Lincolnwood SD 74,Lincolnwood,385,,No,false,3rd Grade,5th Grade
170993001065,Ryder Elem Math & Sci Spec School,Chicago Public Schools Dist 299,Chicago,351,324,Yes under Community Eligibility Option (CEO),false,Prekindergarten,8th Grade
170732000727,S E Gross Middle School,Brookfield Lagrange Park SD 95,Brookfield,498,,No,false,6th Grade,8th Grade
171242006240,S T E M Academy,Dolton SD 149,Calumet City,243,242,Yes under Community Eligibility Option (CEO),false,8th Grade,8th Grade
170993004916,Sabin Elem Magnet School,Chicago Public Schools Dist 299,Chicago,354,307,Yes under Community Eligibility Option (CEO),false,Prekindergarten,8th Grade
170993006399,Sadlowski Elementary School,Chicago Public Schools Dist 299,Chicago,655,545,Yes under Community Eligibility Option (CEO),false,Prekindergarten,8th Grade
170017702636,Safe School Program,DeWitt/Livingstn/Logan/McLean ROE,Bloomington,0,,Yes under Community Eligibility Option (CEO),true,7th Grade,12th Grade
170017402811,Safe School Program,Clintn/Jeffrsn/Marin/Washngtn ROE,Mount Vernon,0,,Yes under Community Eligibility Option (CEO),true,6th Grade,12th Grade
170017402446,Safe School Program Centralia,Clintn/Jeffrsn/Marin/Washngtn ROE,Centralia,0,,Yes under Community Eligibility Option (CEO),true,6th Grade,12th Grade
170020803239,Saint Clair Co Roe Safe School,Saint Clair ROE,Belleville,0,,No,true,5th Grade,12th Grade
170993001215,Salazar Elem Bilingual Center,Chicago Public Schools Dist 299,Chicago,351,329,Yes under Community Eligibility Option (CEO),false,Prekindergarten,8th Grade
173519003681,Salem Community High School,Salem CHSD 600,Salem,706,316,Yes participating without using any Provision or the CEO,true,9th Grade,12th Grade
171377001726,Salt Creek Elem School,Comm Cons SD 59,Elk Grove Village,410,260,Yes participating without using any Provision or the CEO,false,Kindergarten,5th Grade
173522003683,Salt Creek Elem School,Salt Creek SD 48,Elmhurst,149,54,Yes participating without using any Provision or the CEO,false,Prekindergarten,1st Grade
170141806385,Salt Fork High School,Salt Fork CUSD 512,Catlin,248,134,Yes participating without using any Provision or the CEO,false,9th Grade,12th Grade
170141806384,Salt Fork Junior High School,Salt Fork CUSD 512,Sidell,202,112,Yes participating without using any Provision or the CEO,false,6th Grade,8th Grade
170141806358,Salt Fork North Elementary School,Salt Fork CUSD 512,Catlin,274,133,Yes participating without using any Provision or the CEO,false,Prekindergarten,5th Grade
170141806372,Salt Fork South Elementary School,Salt Fork CUSD 512,Sidell,154,118,Yes participating without using any Provision or the CEO,false,Prekindergarten,5th Grade
170018905710,Salt School,Iroquois/Kankakee ROE,Kankakee,0,,Yes under Community Eligibility Option (CEO),true,9th Grade,12th Grade
170522000201,Sam Rotolo Middle Sch,Batavia USD 101,Batavia,1080,198,Yes participating without using any Provision or the CEO,false,6th Grade,8th Grade
173708003836,Sandburg Elem School,Springfield SD 186,Springfield,279,138,Yes under Community Eligibility Option (CEO),false,Kindergarten,5th Grade
171397001754,Sandburg Middle School,Elmhurst SD 205,Elmhurst,633,43,Yes participating without using any Provision or the CEO,false,6th Grade,8th Grade
170993003566,Sandoval Elem School,Chicago Public Schools Dist 299,Chicago,736,675,Yes under Community Eligibility Option (CEO),false,Prekindergarten,5th Grade
173531004825,Sandoval Elem School,Sandoval CUSD 501,Sandoval,221,163,Yes under Community Eligibility Option (CEO),false,Prekindergarten,6th Grade
173531003688,Sandoval Jr High School,Sandoval CUSD 501,Sandoval,84,66,Yes under Community Eligibility Option (CEO),false,6th Grade,8th Grade
173531003689,Sandoval Sr High School,Sandoval CUSD 501,Sandoval,124,102,Yes under Community Eligibility Option (CEO),true,9th Grade,12th Grade
173534003690,Sandridge Elem School,Sandridge SD 172,Lynwood,423,28,Yes under Community Eligibility Option (CEO),false,Prekindergarten,8th Grade
173537003693,Sandwich Community High School,Sandwich CUSD 430,Sandwich,560,258,Yes participating without using any Provision or the CEO,false,9th Grade,12th Grade
173537004314,Sandwich Middle School,Sandwich CUSD 430,Sandwich,420,215,Yes participating without using any Provision or the CEO,false,6th Grade,8th Grade
173708006668,Sangamon Co Detention Center,Springfield SD 186,Springfield,0,,No,true,6th Grade,12th Grade
170020603258,Sangamon County Learning Academy,Menard/Sangamon ROE,Springfield,0,,Yes under Community Eligibility Option (CEO),true,6th Grade,12th Grade
170020603267,Sangamon Safe School Program,Menard/Sangamon ROE,Springfield,0,,Yes under Community Eligibility Option (CEO),true,6th Grade,12th Grade
170032405625,Sangamon Valley High School,Sangamon Valley CUSD 9,Niantic,204,135,Yes participating without using any Provision or the CEO,false,9th Grade,12th Grade
170032405628,Sangamon Valley Intermediate Sch,Sangamon Valley CUSD 9,Illiopolis,115,77,Yes under Community Eligibility Option (CEO),false,3rd Grade,5th Grade
170032405626,Sangamon Valley Middle School,Sangamon Valley CUSD 9,Illiopolis,145,91,Yes under Community Eligibility Option (CEO),false,6th Grade,8th Grade
170032405627,Sangamon Valley Primary School,Sangamon Valley CUSD 9,Harristown,170,107,Yes under Community Eligibility Option (CEO),false,Prekindergarten,2nd Grade
170648000046,Sarah a Raymond Sch of Early Educ,Bloomington SD 87,Bloomington,260,,No,false,Prekindergarten,Prekindergarten
172190004411,Sarah Adams Elementary School,Lake Zurich CUSD 95,Lake Zurich,429,115,Yes participating without using any Provision or the CEO,false,Kindergarten,5th Grade
173300005055,Sarah Atwater Denman Elem,Quincy SD 172,Quincy,501,296,Yes participating without using any Provision or the CEO,false,Kindergarten,5th Grade
173540003696,Saratoga Elem School,Saratoga CCSD 60C,Morris,786,324,Yes participating without using any Provision or the CEO,false,Prekindergarten,8th Grade
172058005730,Sator Sanchez Elem School,Joliet PSD 86,Joliet,635,621,Yes under Community Eligibility Option (CEO),false,Kindergarten,5th Grade
170993001067,Sauganash Elem School,Chicago Public Schools Dist 299,Chicago,693,102,Yes under Community Eligibility Option (CEO),false,Prekindergarten,8th Grade
172502002720,Sauk Elem School,Matteson ESD 162,Richton Park,281,209,Yes under Community Eligibility Option (CEO),false,4th Grade,6th Grade
170006505246,Saunemin Elem School,Saunemin CCSD 438,Saunemin,102,61,Yes participating without using any Provision or the CEO,false,Prekindergarten,8th Grade
170993001068,Sawyer Elem School,Chicago Public Schools Dist 299,Chicago,885,849,Yes under Community Eligibility Option (CEO),false,Prekindergarten,8th Grade
170993001070,Sayre Elem Language Academy,Chicago Public Schools Dist 299,Chicago,377,214,Yes under Community Eligibility Option (CEO),false,Prekindergarten,8th Grade
173561004827,Scales Mound Elem School,Scales Mound CUSD 211,Scales Mound,138,26,Yes participating without using any Provision or the CEO,false,Prekindergarten,5th Grade
173561003710,Scales Mound High School,Scales Mound CUSD 211,Scales Mound,67,22,Yes participating without using any Provision or the CEO,false,9th Grade,12th Grade
173561004828,Scales Mound Jr High School,Scales Mound CUSD 211,Scales Mound,52,11,Yes participating without using any Provision or the CEO,false,6th Grade,8th Grade
170993001073,Scammon Elem School,Chicago Public Schools Dist 299,Chicago,620,542,Yes under Community Eligibility Option (CEO),false,Prekindergarten,8th Grade
170393000081,Scarlet Oak Elementary School,Arbor Park SD 145,Oak Forest,249,144,Yes participating without using any Provision or the CEO,false,3rd Grade,4th Grade
174035004059,Schafer Elem School,SD 45 DuPage County,Lombard,354,221,Yes under Community Eligibility Option (CEO),false,Kindergarten,5th Grade
173045003167,Schaumburg High School,Township HSD 211,Schaumburg,2416,934,Yes participating without using any Provision or the CEO,false,9th Grade,12th Grade
170927000536,Schiller Elem School,Centralia SD 135,Centralia,270,267,Yes under Community Eligibility Option (CEO),false,Prekindergarten,1st Grade
170993001077,Schmid Elem School,Chicago Public Schools Dist 299,Chicago,195,191,Yes under Community Eligibility Option (CEO),false,Prekindergarten,8th Grade
170471000166,Schneider Elem School,Aurora West USD 129,North Aurora,361,186,Yes under Community Eligibility Option (CEO),false,Kindergarten,5th Grade
170000604902,School District 428 Iyc-Hrb,IDJJ Sch Dist 428,Harrisburg,42,42,Yes participating without using any Provision or the CEO,true,7th Grade,12th Grade
171242006209,School of Fine Arts,Dolton SD 149,Calumet City,224,222,Yes under Community Eligibility Option (CEO),false,7th Grade,7th Grade
170993005793,School of Social Justice HS,Chicago Public Schools Dist 299,Chicago,269,253,Yes under Community Eligibility Option (CEO),true,9th Grade,12th Grade
171968000742,Schrum Memorial School,Hoover-Schrum Memorial SD 157,Calumet City,274,140,Yes under Community Eligibility Option (CEO),false,6th Grade,8th Grade
170993001079,Schubert Elem School,Chicago Public Schools Dist 299,Chicago,568,456,Yes under Community Eligibility Option (CEO),false,Prekindergarten,5th Grade
170993001111,Schurz High School,Chicago Public Schools Dist 299,Chicago,1244,1104,Yes under Community Eligibility Option (CEO),true,9th Grade,12th Grade
170033206548,Schuyler Industry Middle School,Schuyler-Industry CUSD 5,Rushville,252,141,Yes under Community Eligibility Option (CEO),false,5th Grade,8th Grade
173108003238,Scott Altman Primary School,Pekin PSD 108,Pekin,189,109,Yes under Community Eligibility Option (CEO),false,Kindergarten,3rd Grade
172494003240,Scott Elem School,Mascoutah CUD 19,Scott Air Force Base,852,215,Yes participating without using any Provision or the CEO,false,Prekindergarten,5th Grade
172433002644,Scott Elementary School,Mannheim SD 83,Melrose Park,385,254,Yes under Community Eligibility Option (CEO),false,Kindergarten,5th Grade
172771002942,Scott Elementary School,Naperville CUSD 203,Naperville,435,104,Yes participating without using any Provision or the CEO,false,Kindergarten,5th Grade
174169004354,Scullen Middle School,Indian Prairie CUSD 204,Naperville,948,98,Yes participating without using any Provision or the CEO,false,6th Grade,8th Grade
172919006932,SD 123 Early Learning Center,Oak Lawn-Hometown SD 123,Oak Lawn,239,,No,false,Prekindergarten,Prekindergarten
173577005019,Selmaville Elem School,Selmaville CCSD 10,Salem,223,109,Yes participating without using any Provision or the CEO,false,Prekindergarten,8th Grade
173582003021,Seneca Elem School South Campus,Seneca CCSD 170,Seneca,209,77,Yes participating without using any Provision or the CEO,false,5th Grade,8th Grade
173582003727,Seneca Grade School North Campus,Seneca CCSD 170,Seneca,256,87,Yes participating without using any Provision or the CEO,false,Prekindergarten,4th Grade
173585003728,Seneca High School,Seneca Twp HSD 160,Seneca,378,119,Yes participating without using any Provision or the CEO,false,9th Grade,12th Grade
170993001114,Senn High School,Chicago Public Schools Dist 299,Chicago,1571,1157,Yes under Community Eligibility Option (CEO),true,9th Grade,12th Grade
171588001894,Serena High School,Serena CUSD 2,Serena,162,55,Yes participating without using any Provision or the CEO,false,9th Grade,12th Grade
171542001851,Serena Hills Elem School,Flossmoor SD 161,Chicago Heights,305,225,Yes participating without using any Provision or the CEO,false,Kindergarten,5th Grade
171588006553,Serena Middle School,Serena CUSD 2,Serena,184,82,Yes participating without using any Provision or the CEO,false,5th Grade,8th Grade
173594004830,Sesser-Valier Elem School,Sesser-Valier CUSD 196,Sesser,252,155,Yes participating without using any Provision or the CEO,false,Prekindergarten,5th Grade
173594003730,Sesser-Valier High School,Sesser-Valier CUSD 196,Sesser,175,84,Yes participating without using any Provision or the CEO,true,9th Grade,12th Grade
173594004831,Sesser-Valier Jr High School,Sesser-Valier CUSD 196,Sesser,121,80,Yes participating without using any Provision or the CEO,false,6th Grade,8th Grade
172190002464,Seth Paine Elem School,Lake Zurich CUSD 95,Hawthorn Woods,495,145,Yes participating without using any Provision or the CEO,false,Kindergarten,5th Grade
170579005760,Seth Whitman Elem Sch,Belvidere CUSD 100,Belvidere,622,258,Yes under Community Eligibility Option (CEO),false,Kindergarten,5th Grade
172163002427,Seventh Ave Elem School,La Grange SD 105 South,La Grange,194,62,Yes participating without using any Provision or the CEO,false,Kindergarten,6th Grade
170993001080,Seward Elem Communication Arts Ac,Chicago Public Schools Dist 299,Chicago,390,380,Yes under Community Eligibility Option (CEO),false,Prekindergarten,8th Grade
173099003225,Seymour Elementary School,Payson CUSD 1,Payson,233,117,Yes participating without using any Provision or the CEO,false,Prekindergarten,6th Grade
173099003226,Seymour High School,Payson CUSD 1,Payson,216,106,Yes participating without using any Provision or the CEO,true,7th Grade,12th Grade
170675000353,Shabbona Elem School,Bourbonnais SD 53,Bourbonnais,290,187,Yes participating without using any Provision or the CEO,false,Kindergarten,3rd Grade
172661002850,Shabbona Middle School,Morris SD 54,Morris,360,174,Yes participating without using any Provision or the CEO,false,6th Grade,8th Grade
171785002079,Shabonee School,Northbrook ESD 27,Northbrook,460,,No,false,3rd Grade,5th Grade
174299004312,Shawnee Elementary School,Shawnee CUSD 84,Wolf Lake,136,82,Yes under Community Eligibility Option (CEO),false,Prekindergarten,5th Grade
174299004313,Shawnee High School,Shawnee CUSD 84,Wolf Lake,72,38,Yes under Community Eligibility Option (CEO),true,9th Grade,12th Grade
174299004315,Shawnee Jr High School,Shawnee CUSD 84,Wolf Lake,62,50,Yes under Community Eligibility Option (CEO),false,6th Grade,8th Grade
170017504672,Shelbyville Bridges,Clk/Cls/Cmbn/Dglas/Edgr/Mltr/Shlb,Shelbyville,0,,Yes under Community Eligibility Option (CEO),true,6th Grade,12th Grade
173609003740,Shelbyville High School,Shelbyville CUSD 4,Shelbyville,345,130,Yes participating without using any Provision or the CEO,true,9th Grade,12th Grade
173609005522,Shelbyville Kindergarten Center,Shelbyville CUSD 4,Shelbyville,78,29,Yes participating without using any Provision or the CEO,false,Kindergarten,Kindergarten
173030003140,Shepherd Middle School,Ottawa ESD 141,Ottawa,353,193,Yes under Community Eligibility Option (CEO),false,7th Grade,8th Grade
170993001083,Sheridan Elem Math & Science Acad,Chicago Public Schools Dist 299,Chicago,528,284,Yes under Community Eligibility Option (CEO),false,Kindergarten,8th Grade
170648000325,Sheridan Elem School,Bloomington SD 87,Bloomington,314,260,Yes under Community Eligibility Option (CEO),false,Kindergarten,5th Grade
172175002451,Sheridan Elem School,Lake Forest SD 67,Lake Forest,265,,No,false,Prekindergarten,4th Grade
171588001896,Sheridan Elem School,Serena CUSD 2,Sheridan,135,58,Yes participating without using any Provision or the CEO,false,Kindergarten,4th Grade
171020001242,Sherlock Elem School,Cicero SD 99,Cicero,583,481,Yes participating without using any Provision or the CEO,false,Prekindergarten,6th Grade
170993001085,Sherman Elem School,Chicago Public Schools Dist 299,Chicago,225,220,Yes under Community Eligibility Option (CEO),false,Prekindergarten,8th Grade
174248004269,Sherman Elem School,Williamsville CUSD 15,Sherman,552,73,Yes participating without using any Provision or the CEO,false,Prekindergarten,4th Grade
173618003746,Sherrard Elementary School,Sherrard CUSD 200,Sherrard,224,53,Yes participating without using any Provision or the CEO,false,Kindergarten,4th Grade
173618003747,Sherrard High School,Sherrard CUSD 200,Sherrard,449,116,Yes participating without using any Provision or the CEO,false,9th Grade,12th Grade
173618003748,Sherrard Jr High School,Sherrard CUSD 200,Sherrard,189,67,Yes participating without using any Provision or the CEO,false,7th Grade,8th Grade
170993001087,Sherwood Elem School,Chicago Public Schools Dist 299,Chicago,204,183,Yes under Community Eligibility Option (CEO),false,Prekindergarten,8th Grade
170011902191,Sherwood Elem School,North Shore SD 112,Highland Park,342,,No,false,Kindergarten,5th Grade
170993001092,Shields Elem School,Chicago Public Schools Dist 299,Chicago,439,412,Yes under Community Eligibility Option (CEO),false,Prekindergarten,4th Grade
170993006207,Shields Middle School,Chicago Public Schools Dist 299,Chicago,330,319,Yes under Community Eligibility Option (CEO),false,5th Grade,8th Grade
170012200705,Shiloh Elementary School,Shiloh CUSD 1,Hume,247,129,Yes under Community Eligibility Option (CEO),false,Prekindergarten,8th Grade
173621003749,Shiloh Elementary School,Shiloh Village SD 85,Shiloh,245,76,Yes participating without using any Provision or the CEO,false,Prekindergarten,3rd Grade
170012200702,Shiloh High School,Shiloh CUSD 1,Hume,115,58,Yes under Community Eligibility Option (CEO),false,9th Grade,12th Grade
173621005739,Shiloh Middle School,Shiloh Village SD 85,Shiloh,331,91,Yes participating without using any Provision or the CEO,false,4th Grade,8th Grade
174386006827,Shiloh Park Middle School,Zion ESD 6,Zion,358,307,Yes under Community Eligibility Option (CEO),false,6th Grade,8th Grade
173150003319,Shipman Elem School,Southwestern CUSD 9,Shipman,155,73,Yes participating without using any Provision or the CEO,false,3rd Grade,4th Grade
173624003750,Shirland C C School,Shirland CCSD 134,Shirland,99,36,Yes participating without using any Provision or the CEO,false,Kindergarten,8th Grade
170993001094,Shoesmith Elem School,Chicago Public Schools Dist 299,Chicago,294,211,Yes under Community Eligibility Option (CEO),false,Kindergarten,6th Grade
170993001095,Shoop Math-Sci Tech Elem Academy,Chicago Public Schools Dist 299,Chicago,515,470,Yes under Community Eligibility Option (CEO),false,Prekindergarten,8th Grade
173630003752,Sieden Prairie Elementary School,ESD 159,Matteson,279,229,Yes under Community Eligibility Option (CEO),false,Prekindergarten,5th Grade
173633003754,Signal Hill Elem School,Signal Hill SD 181,Belleville,291,183,Yes under Community Eligibility Option (CEO),false,Prekindergarten,8th Grade
171608001928,Silas Willard Elem School,Galesburg CUSD 205,Galesburg,425,308,Yes under Community Eligibility Option (CEO),false,Kindergarten,4th Grade
173735003734,Silver Creek Elementary,Triad CUSD 2,Troy,757,134,Yes participating without using any Provision or the CEO,false,Prekindergarten,5th Grade
170993000758,Simeon Career Academy High School,Chicago Public Schools Dist 299,Chicago,1095,777,Yes under Community Eligibility Option (CEO),true,9th Grade,12th Grade
173369003468,Simmons Middle School,Ridgeland SD 122,Oak Lawn,725,444,Yes under Community Eligibility Option (CEO),false,6th Grade,8th Grade
170993004383,Simpson Acad HS for Young Women,Chicago Public Schools Dist 299,Chicago,0,,Yes under Community Eligibility Option (CEO),true,6th Grade,12th Grade
171332003770,Siu Charter Sch of East St Louis,East St Louis SD 189,East Saint Louis,99,99,Yes under Community Eligibility Option (CEO),true,9th Grade,12th Grade
170993001096,Skinner Elem School,Chicago Public Schools Dist 299,Chicago,1139,250,Yes under Community Eligibility Option (CEO),false,Prekindergarten,8th Grade
170993006081,Skinner North Elem Sch,Chicago Public Schools Dist 299,Chicago,515,62,Yes under Community Eligibility Option (CEO),false,Kindergarten,8th Grade
174007005752,Skoff Elementary,Valley View CUSD 365U,Romeoville,542,283,Yes under Community Eligibility Option (CEO),false,Kindergarten,5th Grade
170855000494,Sleepy Hollow Elem School,CUSD 300,Sleepy Hollow,424,186,Yes participating without using any Provision or the CEO,false,Kindergarten,5th Grade
170471000168,Smith Elem School,Aurora West USD 129,Aurora,425,257,Yes under Community Eligibility Option (CEO),false,Prekindergarten,5th Grade
170993000928,Smith W Elem School,Chicago Public Schools Dist 299,Chicago,340,324,Yes under Community Eligibility Option (CEO),false,Prekindergarten,8th Grade
173651003763,Smithton Elem School,Smithton CCSD 130,Smithton,541,70,Yes participating without using any Provision or the CEO,false,Prekindergarten,8th Grade
170993001097,Smyser Elem School,Chicago Public Schools Dist 299,Chicago,773,484,Yes under Community Eligibility Option (CEO),false,Prekindergarten,8th Grade
170993001098,Smyth J Elem School,Chicago Public Schools Dist 299,Chicago,348,280,Yes under Community Eligibility Option (CEO),false,Prekindergarten,8th Grade
170006906364,Social-Emotional Learning Academy,Macon-Piatt Spec Educ Jnt Agr,Decatur,0,,No,true,Kindergarten,12th Grade
170993001100,Solomon Elem School,Chicago Public Schools Dist 299,Chicago,323,158,Yes under Community Eligibility Option (CEO),false,Prekindergarten,8th Grade
170993006138,Solorio Academy High School,Chicago Public Schools Dist 299,Chicago,1287,1165,Yes under Community Eligibility Option (CEO),true,9th Grade,12th Grade
173657003764,Somonauk High School,Somonauk CUSD 432,Somonauk,224,92,Yes participating without using any Provision or the CEO,false,9th Grade,12th Grade
173657004322,Somonauk Middle School,Somonauk CUSD 432,Somonauk,249,96,Yes participating without using any Provision or the CEO,false,5th Grade,8th Grade
170993006603,Sor Juana Ines De La Cruz,Chicago Public Schools Dist 299,Chicago,542,263,Yes under Community Eligibility Option (CEO),false,Prekindergarten,8th Grade
173660002341,South Beloit Jr High School,County of Winnebago SD 320,South Beloit,118,59,Yes under Community Eligibility Option (CEO),false,7th Grade,8th Grade
173660003768,South Beloit Sr High School,County of Winnebago SD 320,South Beloit,254,154,Yes under Community Eligibility Option (CEO),true,9th Grade,12th Grade
170011405393,South Central Elementary-Kinmundy,South Central CUD 401,Kinmundy,269,160,Yes under Community Eligibility Option (CEO),false,Prekindergarten,5th Grade
170011405391,South Central High School,South Central CUD 401,Farina,183,86,Yes under Community Eligibility Option (CEO),false,9th Grade,12th Grade
170011405392,South Central Middle School,South Central CUD 401,Kinmundy,140,79,Yes under Community Eligibility Option (CEO),false,6th Grade,8th Grade
171135001364,South Elem School,Crystal Lake CCSD 47,Crystal Lake,390,104,Yes participating without using any Provision or the CEO,false,Kindergarten,5th Grade
171212001469,South Elem School,CCSD 62,Des Plaines,253,140,Yes participating without using any Provision or the CEO,false,Kindergarten,5th Grade
171686001992,South Elem School,Glencoe SD 35,Glencoe,413,,No,false,Prekindergarten,2nd Grade
172487002698,South Elem School,Marshall CUSD 2C,Marshall,306,160,Yes participating without using any Provision or the CEO,false,Prekindergarten,2nd Grade
171997002261,South Elementary School,Il Valley Central USD 321,Chillicothe,424,224,Yes participating without using any Provision or the CEO,false,Prekindergarten,3rd Grade
171371005611,South Elgin High School,SD U-46,South Elgin,2665,998,Yes under Community Eligibility Option (CEO),false,9th Grade,12th Grade
173664005070,South Fork Elementary School,South Fork SD 14,Kincaid,150,98,Yes under Community Eligibility Option (CEO),false,Prekindergarten,5th Grade
173664005069,South Fork Jr Sr High School,South Fork SD 14,Kincaid,134,71,Yes under Community Eligibility Option (CEO),true,6th Grade,12th Grade
172028002283,South Jacksonville Elem School,Jacksonville SD 117,South Jacksonville,311,182,Yes under Community Eligibility Option (CEO),false,Kindergarten,5th Grade
170993005268,South Loop Elem School,Chicago Public Schools Dist 299,Chicago,847,236,Yes under Community Eligibility Option (CEO),false,Prekindergarten,8th Grade
170414000105,South Middle School,Arlington Heights SD 25,Arlington Heights,812,127,Yes participating without using any Provision or the CEO,false,6th Grade,8th Grade
171198001442,South Park Elem School,Deerfield SD 109,Deerfield,424,,No,false,Prekindergarten,5th Grade
173678003784,South Pekin Elem School,South Pekin SD 137,South Pekin,180,97,Yes participating without using any Provision or the CEO,false,Prekindergarten,8th Grade
173846002633,South Prairie Elementary School,Sycamore CUSD 427,Sycamore,456,157,Yes participating without using any Provision or the CEO,false,Prekindergarten,5th Grade
173501004822,South Primary School,Roxana CUSD 1,South Roxana,450,267,Yes under Community Eligibility Option (CEO),false,Prekindergarten,2nd Grade
174198006227,South School,CUSD 201,Westmont,53,,No,false,Prekindergarten,Prekindergarten
170993006099,South Shore Fine Arts Elem Sch,Chicago Public Schools Dist 299,Chicago,224,142,Yes under Community Eligibility Option (CEO),false,Prekindergarten,8th Grade
170993006170,South Shore Intl Col Prep HS,Chicago Public Schools Dist 299,Chicago,625,456,Yes under Community Eligibility Option (CEO),true,9th Grade,12th Grade
171185001418,South Shores Elem School,Decatur SD 61,Decatur,335,292,Yes under Community Eligibility Option (CEO),false,Kindergarten,6th Grade
170942005409,South Side Elementary School,Champaign CUSD 4,Champaign,307,131,Yes under Community Eligibility Option (CEO),false,Kindergarten,5th Grade
171356001652,South Side Grade School,Effingham CUSD 40,Effingham,248,134,Yes under Community Eligibility Option (CEO),false,1st Grade,2nd Grade
171179001395,South View Upper Elem School,Danville CCSD 118,Danville,664,618,Yes under Community Eligibility Option (CEO),false,5th Grade,6th Grade
173684003795,South Wilmington Grade School,South Wilmington CCSD 74,South Wilmington,73,21,Yes participating without using any Provision or the CEO,false,Kindergarten,8th Grade
173027006004,Southbury Elem School,CUSD 308,Oswego,676,173,Yes participating without using any Provision or the CEO,false,Kindergarten,5th Grade
171455001808,Southeast Elem School,Evergreen Park ESD 124,Evergreen Park,303,151,Yes participating without using any Provision or the CEO,false,Prekindergarten,5th Grade
173846003920,Southeast Elem School,Sycamore CUSD 427,Sycamore,300,92,Yes participating without using any Provision or the CEO,false,Kindergarten,5th Grade
173661004801,Southeastern Elementary School,Southeastern CUSD 337,Bowen,247,146,Yes under Community Eligibility Option (CEO),false,Prekindergarten,6th Grade
173661003771,Southeastern Jr/Sr High School,Southeastern CUSD 337,Augusta,182,99,Yes under Community Eligibility Option (CEO),true,7th Grade,12th Grade
173708003837,Southern View Elem School,Springfield SD 186,Springfield,171,130,Yes under Community Eligibility Option (CEO),false,Kindergarten,5th Grade
170140006135,Southland College Prep Chtr HS,Southland College Prep Chtr HS,Richton Park,584,265,Yes participating without using any Provision or the CEO,false,9th Grade,12th Grade
172671002855,Southside School,Morrison CUSD 6,Morrison,200,75,Yes participating without using any Provision or the CEO,false,3rd Grade,5th Grade
171179004515,Southwest Elem School,Danville CCSD 118,Danville,469,448,Yes under Community Eligibility Option (CEO),false,Prekindergarten,4th Grade
171455001809,Southwest Elem School,Evergreen Park ESD 124,Evergreen Park,301,54,Yes participating without using any Provision or the CEO,false,Kindergarten,5th Grade
171635001952,Southwest Elem School,Geneseo CUSD 228,Geneseo,357,136,Yes participating without using any Provision or the CEO,false,Kindergarten,5th Grade
173150003320,Southwestern High School,Southwestern CUSD 9,Piasa,370,156,Yes participating without using any Provision or the CEO,false,9th Grade,12th Grade
173150003321,Southwestern Middle School,Southwestern CUSD 9,Piasa,171,72,Yes participating without using any Provision or the CEO,false,7th Grade,8th Grade
171101001332,Southwood Middle School,Country Club Hills SD 160,Country Club Hills,283,199,Yes under Community Eligibility Option (CEO),false,6th Grade,8th Grade
173414003503,Sowers Elementary School,Roanoke Benson CUSD 60,Roanoke,161,36,Yes participating without using any Provision or the CEO,false,Prekindergarten,4th Grade
173690003804,Sparta High School,Sparta CUSD 140,Sparta,309,195,Yes under Community Eligibility Option (CEO),true,9th Grade,12th Grade
173690003806,Sparta Lincoln School,Sparta CUSD 140,Sparta,735,482,Yes under Community Eligibility Option (CEO),false,Prekindergarten,8th Grade
171780002075,Spaulding Elementary School,Gurnee SD 56,Gurnee,450,262,Yes under Community Eligibility Option (CEO),false,Prekindergarten,2nd Grade
172592006845,Spaulding School,Midlothian SD 143,Midlothian,134,,No,false,Prekindergarten,Prekindergarten
172814005860,Spencer Crossing,New Lenox SD 122,New Lenox,544,39,Yes participating without using any Provision or the CEO,false,4th Grade,6th Grade
172190005713,Spencer Loomis Elementary School,Lake Zurich CUSD 95,Hawthorn Woods,516,44,Yes participating without using any Provision or the CEO,false,Kindergarten,5th Grade
172814005859,Spencer Pointe,New Lenox SD 122,New Lenox,437,36,Yes participating without using any Provision or the CEO,false,1st Grade,3rd Grade
170993001101,Spencer Technology Acad Elem Sch,Chicago Public Schools Dist 299,Chicago,427,424,Yes under Community Eligibility Option (CEO),false,Prekindergarten,8th Grade
172814005858,Spencer Trail,New Lenox SD 122,New Lenox,367,,No,false,Kindergarten,Kindergarten
173696004838,Spoon River Valley Elem School,Spoon River Valley CUSD 4,London Mills,134,61,Yes participating without using any Provision or the CEO,false,Prekindergarten,5th Grade
173696003808,Spoon River Valley Jr High Sch,Spoon River Valley CUSD 4,London Mills,42,20,Yes participating without using any Provision or the CEO,false,6th Grade,8th Grade
173696003809,Spoon River Valley Sr High Sch,Spoon River Valley CUSD 4,London Mills,60,26,Yes participating without using any Provision or the CEO,true,9th Grade,12th Grade
172163002428,Spring Ave Elem School,La Grange SD 105 South,La Grange,317,20,Yes participating without using any Provision or the CEO,false,Kindergarten,6th Grade
174169005459,Spring Brook Elementary School,Indian Prairie CUSD 204,Naperville,569,34,Yes participating without using any Provision or the CEO,false,Kindergarten,5th Grade
173451003620,Spring Creek Elem School,Rockford SD 205,Rockford,523,277,Yes under Community Eligibility Option (CEO),false,Kindergarten,5th Grade
170141906359,Spring Garden Elementary School,Spring Garden CCSD 178,Mount Vernon,124,81,Yes under Community Eligibility Option (CEO),false,Kindergarten,4th Grade
170141906371,Spring Garden Middle School,Spring Garden CCSD 178,Ina,93,44,Yes under Community Eligibility Option (CEO),false,5th Grade,8th Grade
170022204143,Spring Grove Elementary School,Nippersink SD 2,Spring Grove,327,82,Yes participating without using any Provision or the CEO,false,Prekindergarten,5th Grade
173471003630,Spring Hills Elem School,Roselle SD 12,Roselle,477,145,Yes participating without using any Provision or the CEO,false,Prekindergarten,5th Grade
173702003811,Spring Lake Elem School,Spring Lake CCSD 606,Manito,55,21,Yes under Community Eligibility Option (CEO),false,Prekindergarten,8th Grade
171371001725,Spring Trail Elementary School,SD U-46,Carol Stream,486,193,Yes under Community Eligibility Option (CEO),false,Prekindergarten,6th Grade
172088002375,Spring Wood Middle School,Keeneyville SD 20,Hanover Park,420,240,Yes participating without using any Provision or the CEO,false,6th Grade,8th Grade
173708003773,Springfield Ball Charter School,Springfield SD 186,Springfield,394,240,Yes under Community Eligibility Option (CEO),false,Kindergarten,8th Grade
172592002788,Springfield Elem School,Midlothian SD 143,Midlothian,311,227,Yes under Community Eligibility Option (CEO),false,Kindergarten,5th Grade
173708003838,Springfield High School,Springfield SD 186,Springfield,1308,475,Yes under Community Eligibility Option (CEO),false,9th Grade,12th Grade
173708003839,Springfield Southeast High Sch,Springfield SD 186,Springfield,1229,814,Yes under Community Eligibility Option (CEO),true,9th Grade,12th Grade
171692002003,Springman Middle School,Glenview CCSD 34,Glenview,811,217,Yes participating without using any Provision or the CEO,false,6th Grade,8th Grade
170993005677,Spry Community Links High School,Chicago Public Schools Dist 299,Chicago,82,66,Yes under Community Eligibility Option (CEO),true,9th Grade,12th Grade
170993001106,Spry Elem Community School,Chicago Public Schools Dist 299,Chicago,317,250,Yes under Community Eligibility Option (CEO),false,Prekindergarten,8th Grade
174396606922,St Anne Comm High School,St. Anne Unit District 24,Saint Anne,206,151,Yes under Community Eligibility Option (CEO),true,9th Grade,12th Grade
174396606921,St Anne Elem School,St. Anne Unit District 24,Saint Anne,266,,No,false,Prekindergarten,8th Grade
173717003858,St Charles East High School,St Charles CUSD 303,Saint Charles,1930,,No,false,9th Grade,12th Grade
173717004064,St Charles North High School,St Charles CUSD 303,Saint Charles,1903,,No,false,9th Grade,12th Grade
171332005221,St Clair Co Juv Detention Center,East St Louis SD 189,Belleville,0,,No,true,7th Grade,12th Grade
173723004843,St Elmo Elem School,St Elmo CUSD 202,Saint Elmo,222,126,Yes under Community Eligibility Option (CEO),false,Prekindergarten,6th Grade
173723003863,St Elmo Jr High School,St Elmo CUSD 202,Saint Elmo,55,30,Yes under Community Eligibility Option (CEO),false,7th Grade,8th Grade
173723003864,St Elmo Sr High School,St Elmo CUSD 202,Saint Elmo,113,51,Yes under Community Eligibility Option (CEO),true,9th Grade,12th Grade
173732003865,St George Elem School,St George CCSD 258,Bourbonnais,395,114,Yes participating without using any Provision or the CEO,false,Prekindergarten,8th Grade
173735003869,St Jacob Elem School,Triad CUSD 2,Saint Jacob,262,44,Yes participating without using any Provision or the CEO,false,Prekindergarten,5th Grade
173738003873,St Joseph Elem School,St Joseph CCSD 169,Saint Joseph,423,83,Yes participating without using any Provision or the CEO,false,Prekindergarten,4th Grade
173738005765,St Joseph Middle School,St Joseph CCSD 169,Saint Joseph,325,61,Yes participating without using any Provision or the CEO,false,5th Grade,8th Grade
173741003874,St Joseph-Ogden High School,St Joseph Ogden CHSD 305,Saint Joseph,457,,No,false,9th Grade,12th Grade
173744003875,St Libory Elem School,St Libory Cons SD 30,St Libory,65,10,Yes participating without using any Provision or the CEO,false,Kindergarten,8th Grade
173747003876,St Rose Elem School,St Rose SD 14-15,Breese,167,25,Yes participating without using any Provision or the CEO,false,Prekindergarten,8th Grade
170993001102,Stagg Elem School,Chicago Public Schools Dist 299,Chicago,377,266,Yes under Community Eligibility Option (CEO),false,Prekindergarten,8th Grade
171563001877,Stanton School,Fox Lake GSD 114,Fox Lake,255,144,Yes under Community Eligibility Option (CEO),false,5th Grade,8th Grade
173749003687,Stark County Elem Sch,Stark County CUSD 100,Wyoming,299,157,Yes under Community Eligibility Option (CEO),false,Prekindergarten,5th Grade
173749003979,Stark County High School,Stark County CUSD 100,Toulon,230,100,Yes under Community Eligibility Option (CEO),false,9th Grade,12th Grade
173749000012,Stark County Junior High School,Stark County CUSD 100,Toulon,140,78,Yes under Community Eligibility Option (CEO),false,6th Grade,8th Grade
170018202674,Starquest Acad Rssp North,Frankln/Johnsn/Massc/Willimsn ROE,Benton,0,,Yes under Community Eligibility Option (CEO),true,6th Grade,8th Grade
173759004844,Staunton Elem School,Staunton CUSD 6,Staunton,541,263,Yes participating without using any Provision or the CEO,false,Prekindergarten,5th Grade
173759003877,Staunton High School,Staunton CUSD 6,Staunton,384,133,Yes participating without using any Provision or the CEO,false,9th Grade,12th Grade
173759004845,Staunton Jr High School,Staunton CUSD 6,Staunton,240,95,Yes participating without using any Provision or the CEO,false,6th Grade,8th Grade
172038004680,Ste Marie Elem School,Jasper County CUD 1,Sainte Marie,133,67,Yes participating without using any Provision or the CEO,false,Prekindergarten,Kindergarten
171608001918,Steele School,Galesburg CUSD 205,Galesburg,542,415,Yes under Community Eligibility Option (CEO),false,Kindergarten,4th Grade
173765003878,Steeleville Elem School,Steeleville CUSD 138,Steeleville,323,139,Yes participating without using any Provision or the CEO,false,Prekindergarten,8th Grade
173765003879,Steeleville High School,Steeleville CUSD 138,Steeleville,148,54,Yes participating without using any Provision or the CEO,false,9th Grade,12th Grade
172771002943,Steeple Run Elem School,Naperville CUSD 203,Naperville,622,131,Yes participating without using any Provision or the CEO,false,Kindergarten,5th Grade
173768003881,Steger Intermediate Center,Steger SD 194,Steger,465,295,Yes under Community Eligibility Option (CEO),false,2nd Grade,4th Grade
173768003884,Steger Primary Center,Steger SD 194,South Chicago Heights,396,238,Yes under Community Eligibility Option (CEO),false,Prekindergarten,1st Grade
170993001139,Steinmetz College Prep HS,Chicago Public Schools Dist 299,Chicago,1230,1077,Yes under Community Eligibility Option (CEO),true,9th Grade,12th Grade
173522003684,Stella May Swartz Elem School,Salt Creek SD 48,Oakbrook Terrace,167,65,Yes participating without using any Provision or the CEO,false,2nd Grade,4th Grade
170993006173,STEM Magnet Academy Elem,Chicago Public Schools Dist 299,Chicago,397,198,Yes under Community Eligibility Option (CEO),false,Kindergarten,8th Grade
171185004100,Stephen Decatur Middle School,Decatur SD 61,Decatur,413,354,Yes under Community Eligibility Option (CEO),false,7th Grade,8th Grade
173454003624,Stephen Mack Middle School,Rockton SD 140,Rockton,552,164,Yes participating without using any Provision or the CEO,false,6th Grade,8th Grade
174231004261,Sterling High School,Sterling CUSD 5,Sterling,999,540,Yes under Community Eligibility Option (CEO),true,9th Grade,12th Grade
173123005325,Sterling Middle School,Peoria SD 150,Peoria,374,331,Yes under Community Eligibility Option (CEO),false,5th Grade,8th Grade
172076002364,Steuben Elementary School,Kankakee SD 111,Kankakee,234,219,Yes under Community Eligibility Option (CEO),false,Prekindergarten,3rd Grade
170648000326,Stevenson Elem School,Bloomington SD 87,Bloomington,299,166,Yes under Community Eligibility Option (CEO),false,Kindergarten,5th Grade
170993001103,Stevenson Elem School,Chicago Public Schools Dist 299,Chicago,1206,1023,Yes under Community Eligibility Option (CEO),false,Prekindergarten,8th Grade
172511006427,Stevenson Middle School,Maywood-Melrose Park-Broadview 89,Melrose Park,682,428,Yes under Community Eligibility Option (CEO),false,6th Grade,8th Grade
174035001402,Stevenson School,SD 45 DuPage County,Lombard,169,119,Yes under Community Eligibility Option (CEO),false,Kindergarten,2nd Grade
173780003885,Steward Elementary School,Steward ESD 220,Steward,57,10,Yes participating without using any Provision or the CEO,false,Kindergarten,8th Grade
173783003886,Stewardson-Strasburg Elem School,Stewardson-Strasburg CUD 5A,Strasburg,290,113,Yes under Community Eligibility Option (CEO),false,Prekindergarten,8th Grade
173783003887,Stewardson-Strasburg High School,Stewardson-Strasburg CUD 5A,Strasburg,143,52,Yes participating without using any Provision or the CEO,true,9th Grade,12th Grade
174169003597,Still Middle School,Indian Prairie CUSD 204,Aurora,709,133,Yes participating without using any Provision or the CEO,false,6th Grade,8th Grade
172569002781,Stillman Valley High School,Meridian CUSD 223,Stillman Valley,433,131,Yes participating without using any Provision or the CEO,false,9th Grade,12th Grade
170993005151,Stock Early Childhood Center,Chicago Public Schools Dist 299,Chicago,194,35,Yes under Community Eligibility Option (CEO),false,Prekindergarten,Prekindergarten
173798003890,Stockton Elem School,Stockton CUSD 206,Stockton,220,104,Yes participating without using any Provision or the CEO,false,Prekindergarten,5th Grade
173798000246,Stockton Middle School,Stockton CUSD 206,Stockton,100,37,Yes participating without using any Provision or the CEO,false,6th Grade,8th Grade
173798003891,Stockton Sr High School,Stockton CUSD 206,Stockton,170,70,Yes participating without using any Provision or the CEO,false,9th Grade,12th Grade
172118005428,Stone Creek School,Kinnikinnick CCSD 131,Roscoe,360,114,Yes participating without using any Provision or the CEO,false,2nd Grade,3rd Grade
170993001105,Stone Elem Scholastic Academy,Chicago Public Schools Dist 299,Chicago,553,336,Yes under Community Eligibility Option (CEO),false,Kindergarten,8th Grade
170315000011,Stone Elem School,Addison SD 4,Addison,357,160,Yes under Community Eligibility Option (CEO),false,Kindergarten,5th Grade
170348000030,Stony Creek Elem School,Alsip-Hazlgrn-Oaklwn SD 126,Alsip,652,342,Yes under Community Eligibility Option (CEO),false,Kindergarten,6th Grade
170993001109,Stowe Elem School,Chicago Public Schools Dist 299,Chicago,558,487,Yes under Community Eligibility Option (CEO),false,Prekindergarten,8th Grade
173546003699,Strassburg Elem,CCSD 168,Sauk Village,406,227,Yes under Community Eligibility Option (CEO),false,3rd Grade,5th Grade
171047005306,Stratford Middle School,CCSD 93,Bloomingdale,520,238,Yes participating without using any Provision or the CEO,false,6th Grade,8th Grade
170942002356,Stratton Elementary School,Champaign CUSD 4,Champaign,454,343,Yes under Community Eligibility Option (CEO),false,Kindergarten,5th Grade
171371001703,Streamwood High School,SD U-46,Streamwood,1890,1015,Yes under Community Eligibility Option (CEO),true,9th Grade,12th Grade
173810003903,Streator Twp High School,Streator Twp HSD 40,Streator,764,417,Yes under Community Eligibility Option (CEO),true,9th Grade,12th Grade
173042003152,Stuart R Paddock School,Palatine CCSD 15,Palatine,348,60,Yes participating without using any Provision or the CEO,false,Prekindergarten,5th Grade
170019106387,Success Academy,Kane ROE,Aurora,0,,No,true,6th Grade,12th Grade
170019106418,Success Academy,Kane ROE,Carpentersville,0,,No,true,6th Grade,12th Grade
170019106435,Success Academy HS,Kane ROE,Carpentersville,0,,No,true,9th Grade,12th Grade
170993005801,Suder Montessori Elem Magnet Schl,Chicago Public Schools Dist 299,Chicago,423,184,Yes under Community Eligibility Option (CEO),false,Prekindergarten,8th Grade
172862003005,Sugar Creek Elem School,McLean County USD 5,Normal,468,283,Yes participating without using any Provision or the CEO,false,Prekindergarten,5th Grade
170993001116,Sullivan Elem School,Chicago Public Schools Dist 299,Chicago,439,422,Yes under Community Eligibility Option (CEO),false,Prekindergarten,8th Grade
173813003905,Sullivan Elem School,Sullivan CUSD 300,Sullivan,565,288,Yes under Community Eligibility Option (CEO),false,Prekindergarten,5th Grade
170993001149,Sullivan High School,Chicago Public Schools Dist 299,Chicago,762,591,Yes under Community Eligibility Option (CEO),true,9th Grade,12th Grade
173813003906,Sullivan High School,Sullivan CUSD 300,Sullivan,317,139,Yes participating without using any Provision or the CEO,true,9th Grade,12th Grade
173813003907,Sullivan Middle School,Sullivan CUSD 300,Sullivan,266,126,Yes under Community Eligibility Option (CEO),false,6th Grade,8th Grade
173451006164,Summerdale Early Childhood Center,Rockford SD 205,Rockford,460,414,Yes under Community Eligibility Option (CEO),false,Prekindergarten,Prekindergarten
173819003908,Summersville Grade School,Summersville SD 79,Mount Vernon,283,108,Yes under Community Eligibility Option (CEO),false,Prekindergarten,8th Grade
170016605647,Summit Academy Alop,Boone/Winnebago ROE,Machesney Pk,0,,Yes under Community Eligibility Option (CEO),true,9th Grade,12th Grade
170016602338,Summit Academy Rssp,Boone/Winnebago ROE,Machesney Pk,0,,Yes under Community Eligibility Option (CEO),true,6th Grade,12th Grade
170016602313,Summit Academy Taoep,Boone/Winnebago ROE,Machesney Pk,0,,Yes under Community Eligibility Option (CEO),true,6th Grade,12th Grade
171065001285,Summit Elementary School,Collinsville CUSD 10,Collinsville,113,64,Yes under Community Eligibility Option (CEO),false,Kindergarten,4th Grade
173822003913,Summit Hill Junior High School,Summit Hill SD 161,Frankfort,566,118,Yes participating without using any Provision or the CEO,false,7th Grade,8th Grade
172213005430,Sumner Attendance Center,Red Hill CUSD 10,Sumner,193,109,Yes participating without using any Provision or the CEO,false,4th Grade,6th Grade
170993001117,Sumner Elem Math & Sci Comm Acad,Chicago Public Schools Dist 299,Chicago,203,160,Yes under Community Eligibility Option (CEO),false,Prekindergarten,8th Grade
170505000193,Sunny Hill Elem School,Barrington CUSD 220,Carpentersville,245,215,Yes under Community Eligibility Option (CEO),false,Kindergarten,5th Grade
171371001702,Sunnydale Elem School,SD U-46,Streamwood,263,169,Yes under Community Eligibility Option (CEO),false,Prekindergarten,6th Grade
170600000282,Sunnyside Intermediate School,Berkeley SD 87,Berkeley,344,274,Yes under Community Eligibility Option (CEO),false,3rd Grade,5th Grade
173840003918,Sunset Ridge Elem School,Sunset Ridge SD 29,Northfield,274,,No,false,4th Grade,8th Grade
170993001118,Sutherland Elem School,Chicago Public Schools Dist 299,Chicago,641,220,Yes under Community Eligibility Option (CEO),false,Kindergarten,8th Grade
173451003576,Swan Hillman Elem School,Rockford SD 205,Rockford,581,433,Yes under Community Eligibility Option (CEO),false,Kindergarten,5th Grade
172919003056,Sward Elem School,Oak Lawn-Hometown SD 123,Oak Lawn,457,202,Yes participating without using any Provision or the CEO,false,Kindergarten,5th Grade
170993001119,Swift Elem Specialty School,Chicago Public Schools Dist 299,Chicago,533,462,Yes under Community Eligibility Option (CEO),false,Prekindergarten,8th Grade
173846003922,Sycamore High School,Sycamore CUSD 427,Sycamore,1161,288,Yes participating without using any Provision or the CEO,false,9th Grade,12th Grade
173846003923,Sycamore Middle School,Sycamore CUSD 427,Sycamore,847,219,Yes participating without using any Provision or the CEO,false,6th Grade,8th Grade
171371000073,Sycamore Trails Elementary School,SD U-46,Bartlett,424,104,Yes under Community Eligibility Option (CEO),false,Prekindergarten,6th Grade
172058002344,T E Culbertson Elem School,Joliet PSD 86,Joliet,377,348,Yes under Community Eligibility Option (CEO),false,Kindergarten,5th Grade
171020001243,T Roosevelt Elem School,Cicero SD 99,Cicero,450,400,Yes participating without using any Provision or the CEO,false,3rd Grade,6th Grade
172058002345,Taft Elementary School,Joliet PSD 86,Joliet,424,401,Yes under Community Eligibility Option (CEO),false,Kindergarten,5th Grade
173852003927,Taft Grade School,Taft SD 90,Lockport,272,126,Yes participating without using any Provision or the CEO,false,Prekindergarten,8th Grade
170993001153,Taft High School,Chicago Public Schools Dist 299,Chicago,4487,2272,Yes under Community Eligibility Option (CEO),false,7th Grade,12th Grade
172076002358,Taft Primary School,Kankakee SD 111,Kankakee,316,288,Yes under Community Eligibility Option (CEO),false,Kindergarten,3rd Grade
173675003783,Taft School,South Holland SD 151,Harvey,308,308,Yes under Community Eligibility Option (CEO),false,Prekindergarten,1st Grade
171125001349,Talala Elementary School,Crete Monee CUSD 201U,Park Forest,305,260,Yes under Community Eligibility Option (CEO),false,Kindergarten,5th Grade
170993000964,Talcott Elem School,Chicago Public Schools Dist 299,Chicago,487,347,Yes under Community Eligibility Option (CEO),false,Prekindergarten,8th Grade
170993004726,Talman Elem School,Chicago Public Schools Dist 299,Chicago,332,298,Yes under Community Eligibility Option (CEO),false,Prekindergarten,8th Grade
173855003928,Tamaroa Elem School,Tamaroa School Dist 5,Tamaroa,100,74,Yes under Community Eligibility Option (CEO),false,Prekindergarten,8th Grade
173283001852,Tampico Elem School,Prophetstown-Lyndon-Tampico CUSD3,Tampico,156,110,Yes participating without using any Provision or the CEO,false,Prekindergarten,5th Grade
170993001044,Tanner Elem School,Chicago Public Schools Dist 299,Chicago,272,263,Yes under Community Eligibility Option (CEO),false,Prekindergarten,8th Grade
170022106356,Tapestry Alop,Region 06 West Cook ISC 2,Maywood,0,,No,true,4th Grade,12th Grade
170993005803,Tarkington Elem School,Chicago Public Schools Dist 299,Chicago,791,736,Yes under Community Eligibility Option (CEO),false,Prekindergarten,8th Grade
170993001120,Taylor Elem School,Chicago Public Schools Dist 299,Chicago,337,297,Yes under Community Eligibility Option (CEO),false,Prekindergarten,8th Grade
173444003551,Taylor Ridge Elem School,Rockridge CUSD 300,Taylor Ridge,138,31,Yes participating without using any Provision or the CEO,false,Kindergarten,2nd Grade
173870003937,Taylorville Jr High School,Taylorville CUSD 3,Taylorville,614,290,Yes under Community Eligibility Option (CEO),false,5th Grade,8th Grade
173870003938,Taylorville Sr High School,Taylorville CUSD 3,Taylorville,739,277,Yes participating without using any Provision or the CEO,true,9th Grade,12th Grade
171371001691,Tefft Middle School,SD U-46,Streamwood,606,389,Yes under Community Eligibility Option (CEO),false,7th Grade,8th Grade
170993001613,Telpochcalli Elem School,Chicago Public Schools Dist 299,Chicago,209,182,Yes under Community Eligibility Option (CEO),false,Prekindergarten,8th Grade
171212001470,Terrace Elem School,CCSD 62,Des Plaines,206,82,Yes participating without using any Provision or the CEO,false,Kindergarten,5th Grade
173876003943,Teutopolis Grade School,Teutopolis CUSD 50,Teutopolis,620,62,Yes participating without using any Provision or the CEO,false,Prekindergarten,6th Grade
173876003944,Teutopolis High School,Teutopolis CUSD 50,Teutopolis,339,33,Yes participating without using any Provision or the CEO,false,9th Grade,12th Grade
173876001890,Teutopolis Junior High School,Teutopolis CUSD 50,Teutopolis,166,24,Yes participating without using any Provision or the CEO,false,7th Grade,8th Grade
174169004170,Thayer J Hill Middle School,Indian Prairie CUSD 204,Naperville,828,209,Yes participating without using any Provision or the CEO,false,6th Grade,8th Grade
173474006316,The District 54 Early Lrning Ctr,Schaumburg CCSD 54,Schaumburg,480,,No,false,Prekindergarten,Prekindergarten
171293006828,The Earlville Early Learning Ctr,Earlville CUSD 9,Earlville,55,,No,false,Prekindergarten,Prekindergarten
171377006786,The Early Learning Center,Comm Cons SD 59,Mt Prospect,270,,No,false,Prekindergarten,Prekindergarten
172028004190,The Early Years,Jacksonville SD 117,Jacksonville,247,184,Yes under Community Eligibility Option (CEO),false,Prekindergarten,Prekindergarten
173123003283,The Elise Ford Allen Academy,Peoria SD 150,Peoria,642,623,Yes under Community Eligibility Option (CEO),false,Kindergarten,8th Grade
172097002378,The Joseph Sears School,Kenilworth SD 38,Kenilworth,471,,No,false,Prekindergarten,8th Grade
170016203204,The Lafayette Academy,Adam/Brwn/Cass/Morgn/Pik/Sctt ROE,Jacksonville,0,,Yes under Community Eligibility Option (CEO),true,9th Grade,12th Grade
171929002220,The Lane Elem School,Hinsdale CCSD 181,Hinsdale,345,,No,false,Kindergarten,5th Grade
174284002469,The Skokie School,Winnetka SD 36,Winnetka,362,,No,false,5th Grade,6th Grade
173027004384,The Wheatlands Elementary School,CUSD 308,Aurora,613,182,Yes participating without using any Provision or the CEO,false,Kindergarten,5th Grade
173084003215,Theodore Roosevelt Elem School,Park Ridge CCSD 64,Park Ridge,677,,No,false,Kindergarten,5th Grade
173474003656,Thomas Dooley Elem School,Schaumburg CCSD 54,Schaumburg,437,,No,false,Kindergarten,6th Grade
170993005886,Thomas Early Childhood Center,Chicago Public Schools Dist 299,Chicago,123,73,Yes under Community Eligibility Option (CEO),false,Prekindergarten,Prekindergarten
173648003762,Thomas Edison Elem School,Skokie SD 69,Morton Grove,605,360,Yes under Community Eligibility Option (CEO),false,3rd Grade,5th Grade
170834000448,Thomas Elementary School,Carbondale ESD 95,Carbondale,400,300,Yes under Community Eligibility Option (CEO),false,2nd Grade,3rd Grade
173174005968,Thomas Jefferson Elem Sch,Plainfield SD 202,Joliet,646,246,Yes under Community Eligibility Option (CEO),false,Kindergarten,5th Grade
172058002346,Thomas Jefferson Elem School,Joliet PSD 86,Joliet,235,221,Yes under Community Eligibility Option (CEO),false,Kindergarten,5th Grade
173441003536,Thomas Jefferson Elem School,Rock Island SD 41,Milan,277,201,Yes under Community Eligibility Option (CEO),false,Prekindergarten,6th Grade
171704002014,Thomas Jefferson Jr High School,Woodridge SD 68,Woodridge,573,255,Yes participating without using any Provision or the CEO,false,7th Grade,8th Grade
173042006940,Thomas Jefferson Middle School,Palatine CCSD 15,Hoffman Est,621,72,Yes participating without using any Provision or the CEO,false,6th Grade,8th Grade
170993000920,Thomas Kelly College Preparatory,Chicago Public Schools Dist 299,Chicago,1762,1655,Yes under Community Eligibility Option (CEO),true,9th Grade,12th Grade
170009904504,Thomas Metcalf School,ISU Laboratory Schools,Normal,459,32,Yes participating without using any Provision or the CEO,false,Prekindergarten,8th Grade
170414000106,Thomas Middle School,Arlington Heights SD 25,Arlington Heights,1024,164,Yes participating without using any Provision or the CEO,false,6th Grade,8th Grade
173996004014,Thomas Paine Elem School,Urbana SD 116,Urbana,324,233,Yes under Community Eligibility Option (CEO),false,Kindergarten,5th Grade
173300003359,Thomas S Baldwin Elem Sch,Quincy SD 172,Quincy,564,365,Yes participating without using any Provision or the CEO,false,Kindergarten,5th Grade
173879003945,Thomasboro Grade School,Thomasboro CCSD 130,Thomasboro,148,100,Yes under Community Eligibility Option (CEO),false,Prekindergarten,8th Grade
170022706292,Thome Ed School,Bi-County Special Educ Coop,Rock Falls,0,,Yes under Community Eligibility Option (CEO),true,Kindergarten,12th Grade
172058004929,Thompson Instructional Center,Joliet PSD 86,Joliet,0,,Yes under Community Eligibility Option (CEO),true,Kindergarten,8th Grade
173027003133,Thompson Jr High School,CUSD 308,Oswego,832,350,Yes participating without using any Provision or the CEO,false,6th Grade,8th Grade
173717003859,Thompson Middle School,St Charles CUSD 303,Saint Charles,1364,259,Yes participating without using any Provision or the CEO,false,6th Grade,8th Grade
170138205923,Thompsonville Grade School,Thompsonville CUSD 174,Thompsonville,204,112,Yes under Community Eligibility Option (CEO),false,Prekindergarten,8th Grade
170138205940,Thompsonville High School,Thompsonville CUSD 174,Thompsonville,90,47,Yes under Community Eligibility Option (CEO),true,9th Grade,12th Grade
173897003954,Thornridge High School,Thornton Twp HSD 205,Dolton,969,835,Yes under Community Eligibility Option (CEO),true,9th Grade,12th Grade
173894003952,Thornton Fractnl No High School,Thornton Fractional Twp HSD 215,Calumet City,1425,1103,Yes under Community Eligibility Option (CEO),true,9th Grade,12th Grade
173894003953,Thornton Fractnl So High School,Thornton Fractional Twp HSD 215,Lansing,1803,1186,Yes under Community Eligibility Option (CEO),true,9th Grade,12th Grade
173897003955,Thornton Township High School,Thornton Twp HSD 205,Harvey,1697,1498,Yes under Community Eligibility Option (CEO),true,9th Grade,12th Grade
173897003956,Thornwood High School,Thornton Twp HSD 205,South Holland,1843,1355,Yes under Community Eligibility Option (CEO),true,9th Grade,12th Grade
170993001122,Thorp J N Elem School,Chicago Public Schools Dist 299,Chicago,296,286,Yes under Community Eligibility Option (CEO),false,Prekindergarten,8th Grade
170993001123,Thorp O a Elem Scholastic Acad,Chicago Public Schools Dist 299,Chicago,831,308,Yes under Community Eligibility Option (CEO),false,Kindergarten,8th Grade
170873000573,Three Oaks School,Cary CCSD 26,Cary,443,146,Yes participating without using any Provision or the CEO,false,Kindergarten,5th Grade
170954001556,Three Rivers School,Channahon SD 17,Channahon,268,,No,false,5th Grade,6th Grade
170576000251,Thurgood Marshall Elem School,Bellwood SD 88,Bellwood,229,229,Yes under Community Eligibility Option (CEO),false,Kindergarten,5th Grade
173451003605,Thurgood Marshall Elementary,Rockford SD 205,Rockford,374,132,Yes under Community Eligibility Option (CEO),false,1st Grade,4th Grade
173441005338,Thurgood Marshall Learning Ctr,Rock Island SD 41,Rock Island,0,,Yes under Community Eligibility Option (CEO),true,6th Grade,12th Grade
173451006242,Thurgood Marshall School,Rockford SD 205,Rockford,514,162,Yes under Community Eligibility Option (CEO),false,5th Grade,8th Grade
170993001161,Tilden Career Communty Academy HS,Chicago Public Schools Dist 299,Chicago,288,250,Yes under Community Eligibility Option (CEO),true,9th Grade,12th Grade
170993001165,Till Elem Math & Science Academy,Chicago Public Schools Dist 299,Chicago,370,359,Yes under Community Eligibility Option (CEO),false,Prekindergarten,8th Grade
170993001124,Tilton Elem School,Chicago Public Schools Dist 299,Chicago,244,203,Yes under Community Eligibility Option (CEO),false,Prekindergarten,8th Grade
173426003515,Tilton Elem School,Rochelle CCSD 231,Rochelle,288,151,Yes under Community Eligibility Option (CEO),false,4th Grade,5th Grade
173174001873,Timber Ridge Middle School,Plainfield SD 202,Plainfield,885,355,Yes under Community Eligibility Option (CEO),false,6th Grade,8th Grade
171371005615,Timber Trails Elementary School,SD U-46,Hoffman Estates,363,170,Yes under Community Eligibility Option (CEO),false,Prekindergarten,6th Grade
170705000367,Tinley Park High School,Bremen CHSD 228,Tinley Park,1042,,No,false,9th Grade,12th Grade
170591000270,Tioga Elementary School,Bensenville SD 2,Bensenville,751,461,Yes under Community Eligibility Option (CEO),false,Prekindergarten,5th Grade
172310002551,Todd Hall Elem School,Lincolnwood SD 74,Lincolnwood,398,,No,false,Prekindergarten,2nd Grade
173918003976,Tonica Grade School,Tonica CCSD 79,Tonica,98,41,Yes participating without using any Provision or the CEO,false,Prekindergarten,8th Grade
172862005556,Towanda Elem School,McLean County USD 5,Towanda,193,23,Yes participating without using any Provision or the CEO,false,Kindergarten,5th Grade
173027003134,Traughber Jr High School,CUSD 308,Oswego,1070,264,Yes participating without using any Provision or the CEO,false,6th Grade,8th Grade
173939004857,Tremont Elem School,Tremont CUSD 702,Tremont,304,75,Yes participating without using any Provision or the CEO,false,Prekindergarten,4th Grade
173939003985,Tremont High School,Tremont CUSD 702,Tremont,288,53,Yes participating without using any Provision or the CEO,false,9th Grade,12th Grade
173939003984,Tremont Middle School,Tremont CUSD 702,Tremont,291,55,Yes participating without using any Provision or the CEO,false,5th Grade,8th Grade
173942003987,Trenton Elem School,Wesclin CUSD 3,Trenton,207,76,Yes participating without using any Provision or the CEO,false,Prekindergarten,3rd Grade
173123006420,Trewyn Primary School,Peoria SD 150,Peoria,375,353,Yes under Community Eligibility Option (CEO),false,Kindergarten,8th Grade
173948003992,Tri Point Elementary School,Tri Point CUSD 6-J,Kempton,116,98,Yes under Community Eligibility Option (CEO),false,Prekindergarten,3rd Grade
170864000503,Tri-C Elementary School,Carterville CUSD 5,Carterville,650,286,Yes participating without using any Provision or the CEO,false,Kindergarten,3rd Grade
173945004859,Tri-City Elem School,Tri City CUSD 1,Buffalo,273,140,Yes participating without using any Provision or the CEO,false,Prekindergarten,5th Grade
173945003991,Tri-City High School,Tri City CUSD 1,Buffalo,154,65,Yes participating without using any Provision or the CEO,false,9th Grade,12th Grade
173945004860,Tri-City Jr High School,Tri City CUSD 1,Buffalo,137,67,Yes participating without using any Provision or the CEO,false,6th Grade,8th Grade
173948003994,Tri-Point High School,Tri Point CUSD 6-J,Cullom,98,83,Yes under Community Eligibility Option (CEO),true,9th Grade,12th Grade
173948000171,Tri-Point Jr High/Elementary,Tri Point CUSD 6-J,Piper City,129,124,Yes under Community Eligibility Option (CEO),false,4th Grade,8th Grade
171392004628,Tri-Valley Elem School,Tri Valley CUSD 3,Downs,295,55,Yes participating without using any Provision or the CEO,false,Prekindergarten,3rd Grade
171392001736,Tri-Valley High School,Tri Valley CUSD 3,Downs,329,31,Yes participating without using any Provision or the CEO,false,9th Grade,12th Grade
171392001735,Tri-Valley Middle School,Tri Valley CUSD 3,Downs,450,39,Yes participating without using any Provision or the CEO,false,4th Grade,8th Grade
173735003870,Triad High School,Triad CUSD 2,Troy,1218,197,Yes participating without using any Provision or the CEO,false,9th Grade,12th Grade
173735003868,Triad Middle School,Triad CUSD 2,Saint Jacob,925,155,Yes participating without using any Provision or the CEO,false,6th Grade,8th Grade
170825000435,Trico Elementary School,Trico CUSD 176,Campbell Hill,477,325,Yes under Community Eligibility Option (CEO),false,Prekindergarten,5th Grade
170825000436,Trico Jr High School,Trico CUSD 176,Campbell Hill,182,105,Yes under Community Eligibility Option (CEO),false,6th Grade,8th Grade
170825000437,Trico Senior High School,Trico CUSD 176,Campbell Hill,220,123,Yes under Community Eligibility Option (CEO),true,9th Grade,12th Grade
171083001322,Triopia Grade School,Triopia CUSD 27,Concord,204,80,Yes participating without using any Provision or the CEO,false,Prekindergarten,6th Grade
171083001324,Triopia Jr-Sr High School,Triopia CUSD 27,Concord,186,61,Yes participating without using any Provision or the CEO,false,7th Grade,12th Grade
170390005137,Tripp School,Aptakisic-Tripp CCSD 102,Buffalo Grove,485,,No,false,Kindergarten,3rd Grade
170016504627,Tristar Acad Safe Sch Program,Bnd/Chrstn/Effngh/Fytt/Mntgmr ROE,Effingham,0,,Yes under Community Eligibility Option (CEO),true,6th Grade,9th Grade
173951003997,Troy Craughwell School,Troy CCSD 30C,Joliet,526,286,Yes participating without using any Provision or the CEO,false,Prekindergarten,4th Grade
173951004516,Troy Cronin Elem School,Troy CCSD 30C,Shorewood,466,212,Yes participating without using any Provision or the CEO,false,Prekindergarten,4th Grade
173951001854,Troy Heritage Trail School,Troy CCSD 30C,Joliet,480,238,Yes participating without using any Provision or the CEO,false,Kindergarten,4th Grade
173951006012,Troy Hofer Elem Sch,Troy CCSD 30C,Shorewood,436,201,Yes participating without using any Provision or the CEO,false,Prekindergarten,4th Grade
173951003996,Troy Middle School,Troy CCSD 30C,Plainfield,881,395,Yes participating without using any Provision or the CEO,false,7th Grade,8th Grade
173951003998,Troy Shorewood School,Troy CCSD 30C,Shorewood,370,140,Yes participating without using any Provision or the CEO,false,Kindergarten,4th Grade
173237003377,Turner Elem School,Posen-Robbins ESD 143-5,Crestwood,148,143,Yes under Community Eligibility Option (CEO),false,Prekindergarten,Kindergarten
174155004163,Turner Elem School,West Chicago ESD 33,West Chicago,349,246,Yes under Community Eligibility Option (CEO),false,Kindergarten,5th Grade
170993000628,Turner-Drew Elem Language Academy,Chicago Public Schools Dist 299,Chicago,194,151,Yes under Community Eligibility Option (CEO),false,Kindergarten,8th Grade
173960004001,Tuscola High School,Tuscola CUSD 301,Tuscola,299,114,Yes participating without using any Provision or the CEO,false,9th Grade,12th Grade
170993001130,Twain Elem School,Chicago Public Schools Dist 299,Chicago,850,634,Yes under Community Eligibility Option (CEO),false,Prekindergarten,8th Grade
171065001289,Twin Echo Elem School,Collinsville CUSD 10,Collinsville,222,150,Yes under Community Eligibility Option (CEO),false,Kindergarten,4th Grade
172103005513,Twin Groves Middle School,Kildeer Countryside CCSD 96,Buffalo Grove,625,,No,false,6th Grade,8th Grade
171200005275,Tyler Elementary School,DeKalb CUSD 428,De Kalb,265,209,Yes under Community Eligibility Option (CEO),false,Kindergarten,5th Grade
170996001226,U S Grant Elem School,Chicago Heights SD 170,South Chicago Heights,147,140,Yes under Community Eligibility Option (CEO),false,Prekindergarten,5th Grade
173708003841,U S Grant Middle School,Springfield SD 186,Springfield,498,359,Yes under Community Eligibility Option (CEO),false,6th Grade,8th Grade
170007706246,Ulysses S Grant Intermediate Sch,Marengo-Union E Cons D 165,Marengo,249,146,Yes under Community Eligibility Option (CEO),false,4th Grade,5th Grade
170561000239,Union Elem School,Belleville SD 118,Belleville,432,337,Yes under Community Eligibility Option (CEO),false,Kindergarten,6th Grade
173966004004,Union Elementary School,Union SD 81,Joliet,143,53,Yes under Community Eligibility Option (CEO),false,Kindergarten,8th Grade
173978004006,Union Ridge Elem School,Union Ridge SD 86,Harwood Heights,664,336,Yes under Community Eligibility Option (CEO),false,Prekindergarten,8th Grade
170032105609,United Elem Sch - North,United CUSD 304,Alexis,186,83,Yes participating without using any Provision or the CEO,false,Prekindergarten,3rd Grade
170032105939,United Elem Sch - West,United CUSD 304,Monmouth,179,99,Yes participating without using any Provision or the CEO,false,Prekindergarten,3rd Grade
170032106942,United Intermediate School,United CUSD 304,Monmouth,198,88,Yes participating without using any Provision or the CEO,false,4th Grade,6th Grade
170032105608,United Jr./Sr. High School,United CUSD 304,Monmouth,445,174,Yes participating without using any Provision or the CEO,false,7th Grade,12th Grade
173987004008,United Twp High School,United Twp HSD 30,East Moline,1862,1085,Yes under Community Eligibility Option (CEO),true,9th Grade,12th Grade
173912004648,Unity East,Tolono CUSD 7,Philo,241,49,Yes participating without using any Provision or the CEO,false,Prekindergarten,5th Grade
172500002711,Unity Elem School,Massac UD 1,Brookport,128,68,Yes under Community Eligibility Option (CEO),false,Kindergarten,6th Grade
172559004734,Unity Elementary School,CUSD 4,Mendon,296,129,Yes participating without using any Provision or the CEO,false,Prekindergarten,4th Grade
172559002771,Unity High School,CUSD 4,Mendon,176,70,Yes participating without using any Provision or the CEO,false,9th Grade,12th Grade
173912003973,Unity High School,Tolono CUSD 7,Tolono,480,120,Yes participating without using any Provision or the CEO,false,9th Grade,12th Grade
171020005660,Unity Jr High School,Cicero SD 99,Cicero,1919,1278,Yes participating without using any Provision or the CEO,false,7th Grade,8th Grade
173912003971,Unity Jr High School,Tolono CUSD 7,Tolono,367,102,Yes participating without using any Provision or the CEO,false,6th Grade,8th Grade
172559006360,Unity Middle School,CUSD 4,Mendon,200,105,Yes participating without using any Provision or the CEO,false,5th Grade,8th Grade
173993004010,Unity Point Elem School,Unity Point CCSD 140,Carbondale,620,338,Yes under Community Eligibility Option (CEO),false,Prekindergarten,8th Grade
173912004645,Unity West,Tolono CUSD 7,Tolono,399,132,Yes participating without using any Provision or the CEO,false,Kindergarten,5th Grade
170993006495,Univ of Chicago Chtr-Donoghue,Chicago Public Schools Dist 299,Chicago,499,422,Yes under Community Eligibility Option (CEO),false,Prekindergarten,5th Grade
170993006466,Univ of Chicago Chtr-Nth Kenwood,Chicago Public Schools Dist 299,Chicago,304,236,Yes under Community Eligibility Option (CEO),false,Prekindergarten,5th Grade
170993006493,Univ of Chicago Chtr-Woodlawn,Chicago Public Schools Dist 299,Chicago,591,428,Yes under Community Eligibility Option (CEO),true,6th Grade,12th Grade
170009904506,University High School,ISU Laboratory Schools,Normal,624,,No,false,9th Grade,12th Grade
170010004505,University of Illinois High Sch,University of Ill Lab School,Urbana,319,,No,false,7th Grade,12th Grade
170993005787,Uplift Community High School,Chicago Public Schools Dist 299,Chicago,224,161,Yes under Community Eligibility Option (CEO),true,9th Grade,12th Grade
170993005884,Urban Prep Chtr Acad Englewood HS,Chicago Public Schools Dist 299,Chicago,87,80,Yes under Community Eligibility Option (CEO),true,9th Grade,12th Grade
170993006132,Urban Prep Chtr Bronzeville HS,Chicago Public Schools Dist 299,Chicago,148,121,Yes under Community Eligibility Option (CEO),true,9th Grade,12th Grade
173996005524,Urbana Early Childhood Ctr,Urbana SD 116,Urbana,244,,No,false,Prekindergarten,Prekindergarten
173996006532,Urbana Gerber School,Urbana SD 116,Urbana,0,,No,true,Kindergarten,12th Grade
173996004015,Urbana High School,Urbana SD 116,Urbana,1176,767,Yes under Community Eligibility Option (CEO),true,9th Grade,12th Grade
173996004017,Urbana Middle School,Urbana SD 116,Urbana,877,661,Yes under Community Eligibility Option (CEO),false,6th Grade,8th Grade
174169001617,V Blanche Graham Elementary,Indian Prairie CUSD 204,Naperville,325,23,Yes participating without using any Provision or the CEO,false,Kindergarten,5th Grade
171314001553,V H Nelson Elem School,East Maine SD 63,Niles,479,304,Yes participating without using any Provision or the CEO,false,Kindergarten,5th Grade
173849004850,V I T Elementary School,V I T CUSD 2,Table Grove,168,73,Yes under Community Eligibility Option (CEO),false,Prekindergarten,5th Grade
173849003926,V I T Jr High School,V I T CUSD 2,Table Grove,69,27,Yes under Community Eligibility Option (CEO),false,6th Grade,8th Grade
173849003925,V I T Sr High School,V I T CUSD 2,Table Grove,90,41,Yes under Community Eligibility Option (CEO),true,9th Grade,12th Grade
173123000593,Valeska Hinton Early Ch Ed Ctr,Peoria SD 150,Peoria,584,457,Yes under Community Eligibility Option (CEO),false,Prekindergarten,Prekindergarten
172529002759,Valley View Elem School,McHenry CCSD 15,Mchenry,526,203,Yes participating without using any Provision or the CEO,false,Kindergarten,5th Grade
174008004865,Valmeyer Elementary School,Valmeyer CUSD 3,Valmeyer,152,33,Yes participating without using any Provision or the CEO,false,Prekindergarten,5th Grade
174008004039,Valmeyer High School,Valmeyer CUSD 3,Valmeyer,106,22,Yes participating without using any Provision or the CEO,false,9th Grade,12th Grade
174008004866,Valmeyer Jr High,Valmeyer CUSD 3,Valmeyer,77,20,Yes participating without using any Provision or the CEO,false,6th Grade,8th Grade
174014004044,Vandalia Community High School,Vandalia CUSD 203,Vandalia,411,202,Yes under Community Eligibility Option (CEO),true,9th Grade,12th Grade
174014004629,Vandalia Elementary School,Vandalia CUSD 203,Vandalia,552,327,Yes under Community Eligibility Option (CEO),false,Prekindergarten,3rd Grade
174014006378,Vandalia Junior High School,Vandalia CUSD 203,Vandalia,502,250,Yes under Community Eligibility Option (CEO),false,4th Grade,8th Grade
170993001131,Vanderpoel Elem Magnet School,Chicago Public Schools Dist 299,Chicago,241,137,Yes under Community Eligibility Option (CEO),false,Kindergarten,8th Grade
170993001018,Vaughn Occupational High School,Chicago Public Schools Dist 299,Chicago,0,,Yes under Community Eligibility Option (CEO),true,9th Grade,12th Grade
174020004047,Venice Elem School,Venice CUSD 3,Granite City,62,61,Yes under Community Eligibility Option (CEO),false,Prekindergarten,8th Grade
174333004186,Verda Dierzen Early Learning Ctr,Woodstock CUSD 200,Woodstock,675,239,Yes participating without using any Provision or the CEO,false,Prekindergarten,2nd Grade
172283004092,Vernon Hills High School,Chsd 128,Vernon Hills,1419,,No,false,9th Grade,12th Grade
170942002361,Vernon L Barkstall Elementary Sch,Champaign CUSD 4,Champaign,426,184,Yes under Community Eligibility Option (CEO),false,Kindergarten,5th Grade
170651004244,Veterans Memorial Middle Sch,Cook County SD 130,Blue Island,361,282,Yes under Community Eligibility Option (CEO),false,6th Grade,8th Grade
170993003570,Vick Early Childhood & Family Ctr,Chicago Public Schools Dist 299,Chicago,417,186,Yes under Community Eligibility Option (CEO),false,Prekindergarten,Prekindergarten
170840000460,Victor J Andrew High School,Cons HSD 230,Orland Hills,2213,,No,false,9th Grade,12th Grade
174026004049,Vienna Elem School Dist 55,Vienna SD 55,Vienna,386,222,Yes under Community Eligibility Option (CEO),false,Prekindergarten,8th Grade
174029004050,Vienna High School,Vienna HSD 133,Vienna,332,159,Yes participating without using any Provision or the CEO,true,9th Grade,12th Grade
171780002076,Viking School,Gurnee SD 56,Gurnee,461,251,Yes under Community Eligibility Option (CEO),false,6th Grade,8th Grade
174032004869,Villa Grove Elem School,Villa Grove CUSD 302,Villa Grove,310,175,Yes participating without using any Provision or the CEO,false,Prekindergarten,6th Grade
174032004051,Villa Grove High School,Villa Grove CUSD 302,Villa Grove,194,93,Yes participating without using any Provision or the CEO,false,9th Grade,12th Grade
174032004870,Villa Grove Jr High School,Villa Grove CUSD 302,Villa Grove,95,52,Yes participating without using any Provision or the CEO,false,7th Grade,8th Grade
173499003669,Village Elementary School,Round Lake CUSD 116,Round Lake,433,361,Yes under Community Eligibility Option (CEO),false,3rd Grade,5th Grade
172127002402,Virgil I Grissom Middle School,Kirby SD 140,Tinley Park,627,,No,false,6th Grade,8th Grade
174041004871,Virginia Elem School,Virginia CUSD 64,Virginia,180,119,Yes under Community Eligibility Option (CEO),false,Prekindergarten,5th Grade
174041004070,Virginia Jr/ Sr High School,Virginia CUSD 64,Virginia,156,93,Yes under Community Eligibility Option (CEO),true,6th Grade,12th Grade
173042003156,Virginia Lake Elem School,Palatine CCSD 15,Palatine,717,303,Yes participating without using any Provision or the CEO,false,Prekindergarten,5th Grade
171332003246,Vivian Adams Early Child Ctr,East St Louis SD 189,East Saint Louis,377,376,Yes under Community Eligibility Option (CEO),false,Prekindergarten,Prekindergarten
170993001138,Volta Elem School,Chicago Public Schools Dist 299,Chicago,739,671,Yes under Community Eligibility Option (CEO),false,Prekindergarten,8th Grade
170993001180,Von Steuben Metro Science HS,Chicago Public Schools Dist 299,Chicago,1698,1039,Yes under Community Eligibility Option (CEO),true,9th Grade,12th Grade
173123005326,Von Steuben Middle School,Peoria SD 150,Peoria,266,233,Yes under Community Eligibility Option (CEO),false,5th Grade,8th Grade
170591000269,W a Johnson Sch,Bensenville SD 2,Bensenville,619,346,Yes under Community Eligibility Option (CEO),false,Kindergarten,5th Grade
170384004366,W C Petty Elementary School,Antioch CCSD 34,Antioch,462,180,Yes participating without using any Provision or the CEO,false,Kindergarten,5th Grade
173499003670,W J Murphy Elem School,Round Lake CUSD 116,Round Lake Park,414,346,Yes under Community Eligibility Option (CEO),false,Kindergarten,2nd Grade
174107004879,W J Zahnow Elem School,Waterloo CUSD 5,Waterloo,487,120,Yes participating without using any Provision or the CEO,false,Prekindergarten,1st Grade
170468000156,W S Beaupre Elem School,Aurora East USD 131,Aurora,226,143,Yes under Community Eligibility Option (CEO),false,Prekindergarten,5th Grade
170405000092,W W Walker Elem School,Summit SD 104,Bedford Park,130,129,Yes under Community Eligibility Option (CEO),false,Kindergarten,5th Grade
173537003695,W W Woodbury Elem School,Sandwich CUSD 430,Sandwich,170,81,Yes participating without using any Provision or the CEO,false,Prekindergarten,3rd Grade
170993001141,Wacker Elem School,Chicago Public Schools Dist 299,Chicago,217,185,Yes under Community Eligibility Option (CEO),false,Prekindergarten,8th Grade
170993001144,Wadsworth Elem School,Chicago Public Schools Dist 299,Chicago,487,426,Yes under Community Eligibility Option (CEO),false,Prekindergarten,8th Grade
173546003700,Wagoner Elem,CCSD 168,Sauk Village,466,236,Yes under Community Eligibility Option (CEO),false,Prekindergarten,2nd Grade
171198001439,Walden Elem School,Deerfield SD 109,Deerfield,445,,No,false,Kindergarten,5th Grade
171446001801,Walker Elem School,Evanston CCSD 65,Evanston,364,133,Yes participating without using any Provision or the CEO,false,Kindergarten,5th Grade
173822005454,Walker Intermediate School,Summit Hill SD 161,Tinley Park,554,105,Yes participating without using any Provision or the CEO,false,5th Grade,6th Grade
171929002221,Walker School,Hinsdale CCSD 181,Clarendon Hills,299,,No,false,Kindergarten,5th Grade
173174000139,Walkers Grove Elementary School,Plainfield SD 202,Plainfield,634,138,Yes participating without using any Provision or the CEO,false,Kindergarten,5th Grade
174053004082,Wallace Elem School,Wallace CCSD 195,Ottawa,420,112,Yes participating without using any Provision or the CEO,false,Prekindergarten,8th Grade
173174006832,Wallin Oaks Elementary School,Plainfield SD 202,Plainfield,677,168,Yes participating without using any Provision or the CEO,false,Kindergarten,5th Grade
172631005199,Walnut Trails Elem School,Minooka CCSD 201,Shorewood,475,96,Yes participating without using any Provision or the CEO,false,Kindergarten,4th Grade
170993001136,Walsh Elem School,Chicago Public Schools Dist 299,Chicago,245,197,Yes under Community Eligibility Option (CEO),false,Prekindergarten,8th Grade
172373002592,Walsh Elem School,Will County SD 92,Lockport,363,97,Yes participating without using any Provision or the CEO,false,Prekindergarten,1st Grade
170405000093,Walsh Elem School,Summit SD 104,Summit,182,175,Yes under Community Eligibility Option (CEO),false,Kindergarten,5th Grade
174221004238,Walt Whitman Elem School,Wheeling CCSD 21,Wheeling,378,303,Yes under Community Eligibility Option (CEO),false,Prekindergarten,5th Grade
173903003962,Walter F Fierke Ed Center,CCSD 146,Oak Forest,443,159,Yes participating without using any Provision or the CEO,false,Prekindergarten,5th Grade
170993006400,Walter Henri Dyett HS for Arts,Chicago Public Schools Dist 299,Chicago,538,447,Yes under Community Eligibility Option (CEO),true,9th Grade,12th Grade
173042003160,Walter R Sundling Middle School,Palatine CCSD 15,Palatine,679,319,Yes participating without using any Provision or the CEO,false,6th Grade,8th Grade
174062004085,Waltham Elementary School,Waltham CCSD 185,Utica,246,,No,false,Prekindergarten,8th Grade
174065004086,Waltonville Grade School,Waltonville CUSD 1,Waltonville,212,109,Yes under Community Eligibility Option (CEO),false,Prekindergarten,8th Grade
174065004087,Waltonville High School,Waltonville CUSD 1,Waltonville,98,46,Yes under Community Eligibility Option (CEO),false,9th Grade,12th Grade
172017002268,Wanda Kendall Elem School,Iroquois County CUSD 9,Watseka,122,95,Yes under Community Eligibility Option (CEO),false,Prekindergarten,Kindergarten
170993001143,Ward J Elem School,Chicago Public Schools Dist 299,Chicago,500,395,Yes under Community Eligibility Option (CEO),false,Prekindergarten,8th Grade
170993001212,Ward L Elem School,Chicago Public Schools Dist 299,Chicago,279,256,Yes under Community Eligibility Option (CEO),false,Prekindergarten,8th Grade
170993001166,Warren Elem School,Chicago Public Schools Dist 299,Chicago,317,299,Yes under Community Eligibility Option (CEO),false,Prekindergarten,8th Grade
174074004435,Warren Elementary School,Warren CUSD 205,Warren,172,95,Yes participating without using any Provision or the CEO,false,Prekindergarten,5th Grade
174074004094,Warren Jr/Sr High School,Warren CUSD 205,Warren,191,95,Yes participating without using any Provision or the CEO,false,6th Grade,12th Grade
171020005153,Warren Park School,Cicero SD 99,Cicero,695,659,Yes participating without using any Provision or the CEO,false,Prekindergarten,6th Grade
174080004097,Warren Township High School,Warren Twp HSD 121,Gurnee,3537,,No,false,9th Grade,12th Grade
174083004876,Warrensburg-Latham Elem Sch,Warrensburg-Latham CUSD 11,Warrensburg,475,246,Yes participating without using any Provision or the CEO,false,Prekindergarten,5th Grade
174083004099,Warrensburg-Latham High School,Warrensburg-Latham CUSD 11,Warrensburg,336,130,Yes participating without using any Provision or the CEO,false,9th Grade,12th Grade
174083006189,Warrensburg-Latham Middle Sch,Warrensburg-Latham CUSD 11,Warrensburg,203,105,Yes participating without using any Provision or the CEO,false,6th Grade,8th Grade
174089004101,Warsaw Elem School,Warsaw CUSD 316,Warsaw,213,82,Yes participating without using any Provision or the CEO,false,Prekindergarten,6th Grade
174089004102,Warsaw Sr High School,Warsaw CUSD 316,Warsaw,185,67,Yes participating without using any Provision or the CEO,false,9th Grade,12th Grade
173717003860,Wasco Elem School,St Charles CUSD 303,Wasco,466,62,Yes participating without using any Provision or the CEO,false,Kindergarten,5th Grade
170579000262,Washington Academy,Belvidere CUSD 100,Belvidere,721,508,Yes under Community Eligibility Option (CEO),false,Prekindergarten,5th Grade
170850005297,Washington Attendance Center,Carmi-White County CUSD 5,Carmi,269,125,Yes under Community Eligibility Option (CEO),false,4th Grade,6th Grade
174098004105,Washington Comm High School,Washington CHSD 308,Washington,1399,377,Yes participating without using any Provision or the CEO,false,9th Grade,12th Grade
172511002747,Washington Dual Language Academy,Maywood-Melrose Park-Broadview 89,Maywood,346,205,Yes under Community Eligibility Option (CEO),false,Prekindergarten,8th Grade
170648000327,Washington Elem School,Bloomington SD 87,Bloomington,379,154,Yes participating without using any Provision or the CEO,false,Kindergarten,5th Grade
170942000555,Washington Elem School,Champaign CUSD 4,Champaign,265,201,Yes under Community Eligibility Option (CEO),false,Kindergarten,5th Grade
171233001486,Washington Elem School,Dixon USD 170,Dixon,424,257,Yes participating without using any Provision or the CEO,false,Prekindergarten,1st Grade
171296001546,Washington Elem School,East Alton SD 13,East Alton,130,86,Yes under Community Eligibility Option (CEO),false,Prekindergarten,Prekindergarten
171371001704,Washington Elem School,SD U-46,Elgin,446,322,Yes under Community Eligibility Option (CEO),false,Prekindergarten,6th Grade
171446001802,Washington Elem School,Evanston CCSD 65,Evanston,410,166,Yes participating without using any Provision or the CEO,false,Kindergarten,5th Grade
171314001555,Washington Elem School,East Maine SD 63,Glenview,406,205,Yes participating without using any Provision or the CEO,false,Kindergarten,5th Grade
171842006365,Washington Elem School,Harvard CUSD 50,Harvard,150,,No,false,Prekindergarten,Prekindergarten
172028002279,Washington Elem School,Jacksonville SD 117,Jacksonville,264,194,Yes under Community Eligibility Option (CEO),false,Kindergarten,5th Grade
172460002668,Washington Elem School,Marion CUSD 2,Marion,465,269,Yes participating without using any Provision or the CEO,false,Kindergarten,5th Grade
172754002918,Washington Elem School,Mundelein ESD 75,Mundelein,467,152,Yes participating without using any Provision or the CEO,false,Kindergarten,2nd Grade
172967003083,Washington Elem School,Oglesby ESD 125,Oglesby,116,54,Yes under Community Eligibility Option (CEO),false,6th Grade,8th Grade
173216003364,Washington Elem School,Pontiac CCSD 429,Pontiac,221,115,Yes under Community Eligibility Option (CEO),false,4th Grade,5th Grade
171245001501,Washington Elem School,Dolton SD 148,Riverdale,282,281,Yes under Community Eligibility Option (CEO),false,Kindergarten,6th Grade
173423003509,Washington Elem School,Robinson CUSD 2,Robinson,402,218,Yes participating without using any Provision or the CEO,false,Prekindergarten,2nd Grade
170033205814,Washington Elem School,Schuyler-Industry CUSD 5,Rushville,113,58,Yes under Community Eligibility Option (CEO),false,Prekindergarten,1st Grade
173564003713,Washington Elem School,Schiller Park SD 81,Schiller Park,267,191,Yes under Community Eligibility Option (CEO),false,4th Grade,5th Grade
174231004260,Washington Elem School,Sterling CUSD 5,Sterling,394,240,Yes under Community Eligibility Option (CEO),false,3rd Grade,5th Grade
174125004139,Washington Elem School,Waukegan CUSD 60,Waukegan,384,301,Yes under Community Eligibility Option (CEO),false,Kindergarten,5th Grade
173451005447,Washington Elementary School,Rockford SD 205,Rockford,523,434,Yes under Community Eligibility Option (CEO),false,Kindergarten,5th Grade
174218005461,Washington Elementary School,CUSD 200,Wheaton,395,145,Yes participating without using any Provision or the CEO,false,Kindergarten,5th Grade
170993001145,Washington G Elem School,Chicago Public Schools Dist 299,Chicago,571,444,Yes under Community Eligibility Option (CEO),false,Prekindergarten,8th Grade
170993001189,Washington G High School,Chicago Public Schools Dist 299,Chicago,1520,1226,Yes under Community Eligibility Option (CEO),true,9th Grade,12th Grade
170993001031,Washington H Elem School,Chicago Public Schools Dist 299,Chicago,273,262,Yes under Community Eligibility Option (CEO),false,Prekindergarten,8th Grade
173108005189,Washington Intermediate School,Pekin PSD 108,Pekin,428,277,Yes under Community Eligibility Option (CEO),false,4th Grade,6th Grade
172058002348,Washington Jr High & Academy Prgm,Joliet PSD 86,Joliet,724,713,Yes under Community Eligibility Option (CEO),false,6th Grade,8th Grade
172771002944,Washington Jr High School,Naperville CUSD 203,Naperville,551,74,Yes participating without using any Provision or the CEO,false,5th Grade,8th Grade
173441003529,Washington Jr High School,Rock Island SD 41,Rock Island,529,341,Yes under Community Eligibility Option (CEO),false,7th Grade,8th Grade
171245005040,Washington Junior High,Dolton SD 148,Riverdale,118,118,Yes under Community Eligibility Option (CEO),false,7th Grade,8th Grade
170471000160,Washington Middle School,Aurora West USD 129,Aurora,690,399,Yes under Community Eligibility Option (CEO),false,6th Grade,8th Grade
172055002322,Washington Middle School,Johnston City CUSD 1,Johnston City,296,184,Yes under Community Eligibility Option (CEO),false,5th Grade,8th Grade
172385002600,Washington Middle School,Lyons SD 103,Lyons,659,527,Yes under Community Eligibility Option (CEO),false,6th Grade,8th Grade
173708003844,Washington Middle School,Springfield SD 186,Springfield,516,412,Yes under Community Eligibility Option (CEO),false,6th Grade,8th Grade
174104004109,Washington Middle School,Washington SD 52,Washington,378,94,Yes participating without using any Provision or the CEO,false,5th Grade,8th Grade
170561006367,Washington School,Belleville SD 118,Belleville,192,,No,false,Prekindergarten,Prekindergarten
172655000766,Washington School,Monticello CUSD 25,Monticello,543,141,Yes participating without using any Provision or the CEO,false,Prekindergarten,3rd Grade
170996001227,Washington-McKinley Elem Sch,Chicago Heights SD 170,Chicago Heights,286,281,Yes under Community Eligibility Option (CEO),false,Prekindergarten,5th Grade
172298002541,Washington-Monroe Elem School,Lincoln ESD 27,Lincoln,224,153,Yes under Community Eligibility Option (CEO),false,Kindergarten,5th Grade
172088002374,Waterbury Elem School,Keeneyville SD 20,Roselle,415,163,Yes participating without using any Provision or the CEO,false,Kindergarten,5th Grade
174107004113,Waterloo High School,Waterloo CUSD 5,Waterloo,876,175,Yes participating without using any Provision or the CEO,false,9th Grade,12th Grade
174107004112,Waterloo Junior High School,Waterloo CUSD 5,Waterloo,613,112,Yes participating without using any Provision or the CEO,false,6th Grade,8th Grade
170993001147,Waters Elem School,Chicago Public Schools Dist 299,Chicago,702,161,Yes under Community Eligibility Option (CEO),false,Prekindergarten,8th Grade
172017002269,Watseka Comm High School,Iroquois County CUSD 9,Watseka,294,160,Yes under Community Eligibility Option (CEO),true,9th Grade,12th Grade
172017000820,Watseka Junior High School,Iroquois County CUSD 9,Watseka,202,127,Yes under Community Eligibility Option (CEO),false,6th Grade,8th Grade
174169004173,Waubonsie Valley High School,Indian Prairie CUSD 204,Aurora,2849,582,Yes participating without using any Provision or the CEO,false,9th Grade,12th Grade
174119004120,Wauconda Grade School,Wauconda CUSD 118,Wauconda,421,167,Yes participating without using any Provision or the CEO,false,Prekindergarten,5th Grade
174119004119,Wauconda High School,Wauconda CUSD 118,Wauconda,1452,515,Yes participating without using any Provision or the CEO,true,9th Grade,12th Grade
174119004121,Wauconda Middle School,Wauconda CUSD 118,Wauconda,506,168,Yes participating without using any Provision or the CEO,false,6th Grade,8th Grade
174125004141,Waukegan High School,Waukegan CUSD 60,Waukegan,4186,2678,Yes under Community Eligibility Option (CEO),true,9th Grade,12th Grade
174128004144,Waverly Elementary School,Waverly CUSD 6,Waverly,182,81,Yes under Community Eligibility Option (CEO),false,Prekindergarten,6th Grade
174128004145,Waverly Jr/Sr High School,Waverly CUSD 6,Waverly,147,75,Yes under Community Eligibility Option (CEO),false,7th Grade,12th Grade
174169003610,Wayne Builta Elementary School,Indian Prairie CUSD 204,Bolingbrook,345,45,Yes participating without using any Provision or the CEO,false,Kindergarten,5th Grade
174136004150,Wayne City Attendance Center,Wayne City CUSD 100,Wayne City,342,158,Yes under Community Eligibility Option (CEO),false,Prekindergarten,8th Grade
174136004151,Wayne City High School,Wayne City CUSD 100,Wayne City,135,46,Yes under Community Eligibility Option (CEO),false,9th Grade,12th Grade
171371001706,Wayne Elem School,SD U-46,Wayne,391,71,Yes under Community Eligibility Option (CEO),false,Kindergarten,6th Grade
170011902200,Wayne Thomas Elem School,North Shore SD 112,Highland Park,449,,No,false,Kindergarten,5th Grade
170141706393,Webber High School,Bluford Unit School District 318,Bluford,134,46,Yes under Community Eligibility Option (CEO),true,9th Grade,12th Grade
170993001148,Webster Elem School,Chicago Public Schools Dist 299,Chicago,183,162,Yes under Community Eligibility Option (CEO),false,Prekindergarten,8th Grade
170033205815,Webster Elem School,Schuyler-Industry CUSD 5,Rushville,183,122,Yes under Community Eligibility Option (CEO),false,2nd Grade,4th Grade
171065001288,Webster Elementary School,Collinsville CUSD 10,Collinsville,357,266,Yes under Community Eligibility Option (CEO),false,Prekindergarten,4th Grade
174155000789,Wegner Elementary School,West Chicago ESD 33,West Chicago,384,273,Yes under Community Eligibility Option (CEO),false,Kindergarten,5th Grade
170993001192,Wells Community Academy HS,Chicago Public Schools Dist 299,Chicago,398,306,Yes under Community Eligibility Option (CEO),true,9th Grade,12th Grade
171317001566,Wells Elem School,East Moline SD 37,East Moline,307,291,Yes participating without using any Provision or the CEO,false,Kindergarten,4th Grade
171758002060,Wells Elementary School,Grayville CUSD 1,Grayville,130,89,Yes under Community Eligibility Option (CEO),false,Prekindergarten,5th Grade
170993001614,Wells Preparatory Elem Academy,Chicago Public Schools Dist 299,Chicago,308,255,Yes under Community Eligibility Option (CEO),false,Prekindergarten,8th Grade
170993001150,Wentworth Elem School,Chicago Public Schools Dist 299,Chicago,433,422,Yes under Community Eligibility Option (CEO),false,Prekindergarten,8th Grade
174152003427,Wentworth Intermediate School,Calumet City SD 155,Calumet City,315,197,Yes under Community Eligibility Option (CEO),false,3rd Grade,5th Grade
174152003426,Wentworth Jr High School,Calumet City SD 155,Calumet City,302,171,Yes under Community Eligibility Option (CEO),false,6th Grade,8th Grade
173942006347,Wesclin Middle School,Wesclin CUSD 3,Trenton,492,174,Yes participating without using any Provision or the CEO,false,4th Grade,8th Grade
173942003990,Wesclin Sr High School,Wesclin CUSD 3,Trenton,343,115,Yes participating without using any Provision or the CEO,false,9th Grade,12th Grade
172442002650,Wescott Elementary School,Northbrook/Glenview SD 30,Northbrook,469,,No,false,Kindergarten,5th Grade
170315000010,Wesley Elem School,Addison SD 4,Addison,220,138,Yes under Community Eligibility Option (CEO),false,Kindergarten,5th Grade
173174001874,Wesmere Elementary School,Plainfield SD 202,Plainfield,544,241,Yes under Community Eligibility Option (CEO),false,Kindergarten,5th Grade
170022104691,West 40 Reg Safe Sch Middle Prg,Region 06 West Cook ISC 2,Maywood,0,,Yes under Community Eligibility Option (CEO),true,6th Grade,8th Grade
170471000174,West Aurora High School,Aurora West USD 129,Aurora,3641,1808,Yes under Community Eligibility Option (CEO),true,9th Grade,12th Grade
170019106187,West Aurora HS Rssp,Kane ROE,Aurora,0,,No,true,6th Grade,12th Grade
170471005474,West Aurora Learning Center/Ela,Aurora West USD 129,Aurora,505,259,Yes under Community Eligibility Option (CEO),false,Prekindergarten,Prekindergarten
170011305990,West Campus Facility,Illini Central CUSD 189,Mason City,65,,No,false,Prekindergarten,Prekindergarten
170031004970,West Carroll High School,West Carroll CUSD 314,Savanna,245,121,Yes under Community Eligibility Option (CEO),false,9th Grade,12th Grade
170031004976,West Carroll Middle School,West Carroll CUSD 314,Mount Carroll,162,100,Yes under Community Eligibility Option (CEO),false,6th Grade,8th Grade
170031005013,West Carroll Primary,West Carroll CUSD 314,Savanna,432,240,Yes under Community Eligibility Option (CEO),false,Prekindergarten,5th Grade
170031905600,West Central Early Childhood,West Central CUSD 235,Biggsville,50,28,Yes participating without using any Provision or the CEO,false,Prekindergarten,Prekindergarten
170031905599,West Central Elementary School,West Central CUSD 235,Biggsville,321,173,Yes participating without using any Provision or the CEO,false,Kindergarten,5th Grade
170031905597,West Central High School,West Central CUSD 235,Biggsville,212,132,Yes participating without using any Provision or the CEO,false,9th Grade,12th Grade
170031905598,West Central Middle School,West Central CUSD 235,Stronghurst,169,100,Yes participating without using any Provision or the CEO,false,6th Grade,8th Grade
174044004071,West Chicago Comm High School,Chsd 94,West Chicago,2040,,No,false,9th Grade,12th Grade
171135001365,West Elem School,Crystal Lake CCSD 47,Crystal Lake,520,149,Yes participating without using any Provision or the CEO,false,Kindergarten,5th Grade
173846003921,West Elem School,Sycamore CUSD 427,Sycamore,270,162,Yes participating without using any Provision or the CEO,false,Kindergarten,5th Grade
170360004116,West Elementary School,Alton CUSD 11,Alton,407,232,Yes under Community Eligibility Option (CEO),false,2nd Grade,5th Grade
174386004356,West Elementary School,Zion ESD 6,Zion,339,286,Yes under Community Eligibility Option (CEO),false,3rd Grade,5th Grade
170561000241,West Jr High School,Belleville SD 118,Belleville,364,268,Yes under Community Eligibility Option (CEO),false,7th Grade,8th Grade
172274002522,West Leyden High School,Leyden CHSD 212,Northlake,1687,988,Yes under Community Eligibility Option (CEO),true,9th Grade,12th Grade
174160004169,West Lincoln-Broadwell Elem Sch,West Lincoln-Broadwell ESD 92,Lincoln,217,49,Yes participating without using any Provision or the CEO,false,Prekindergarten,8th Grade
173451005448,West Middle School,Rockford SD 205,Rockford,793,629,Yes under Community Eligibility Option (CEO),false,6th Grade,8th Grade
171221001474,West Oak Intermediate School,Diamond Lake SD 76,Mundelein,268,160,Yes under Community Eligibility Option (CEO),false,3rd Grade,5th Grade
171221001475,West Oak Middle School,Diamond Lake SD 76,Mundelein,280,,No,false,6th Grade,8th Grade
170993002042,West Park Elem Academy,Chicago Public Schools Dist 299,Chicago,442,432,Yes under Community Eligibility Option (CEO),false,Prekindergarten,8th Grade
170031405702,West Prairie Junior High School,West Prairie CUSD 103,Colchester,80,32,Yes under Community Eligibility Option (CEO),false,7th Grade,8th Grade
170031405703,West Prairie North Elementary Sch,West Prairie CUSD 103,Good Hope,141,81,Yes under Community Eligibility Option (CEO),false,Prekindergarten,6th Grade
170031405701,West Prairie Senior High School,West Prairie CUSD 103,Colchester,170,94,Yes under Community Eligibility Option (CEO),true,9th Grade,12th Grade
170031405704,West Prairie South Elementary Sch,West Prairie CUSD 103,Colchester,182,85,Yes under Community Eligibility Option (CEO),false,Prekindergarten,6th Grade
170993006108,West Ridge Elem School,Chicago Public Schools Dist 299,Chicago,683,579,Yes under Community Eligibility Option (CEO),false,Prekindergarten,8th Grade
171350001637,West Salem Grade School,Edwards County CUSD 1,West Salem,171,92,Yes participating without using any Provision or the CEO,false,Kindergarten,8th Grade
171686005280,West School,Glencoe SD 35,Glencoe,252,,No,false,3rd Grade,4th Grade
171827004404,West Side Primary School,Harrisburg CUSD 3,Harrisburg,400,252,Yes under Community Eligibility Option (CEO),false,Kindergarten,2nd Grade
173451003602,West View Elem School,Rockford SD 205,Rockford,521,447,Yes under Community Eligibility Option (CEO),false,Kindergarten,5th Grade
172721005771,Westbrook Early Learning Cntr,Mount Prospect SD 57,Mt Prospect,400,,No,false,Prekindergarten,1st Grade
171692002004,Westbrook Elementary School,Glenview CCSD 34,Glenview,467,150,Yes participating without using any Provision or the CEO,false,Prekindergarten,2nd Grade
174179004184,Westchester Intermediate School,Westchester SD 92-5,Westchester,353,188,Yes participating without using any Provision or the CEO,false,3rd Grade,5th Grade
174179004185,Westchester Middle School,Westchester SD 92-5,Westchester,324,158,Yes participating without using any Provision or the CEO,false,6th Grade,8th Grade
174179000716,Westchester Primary School,Westchester SD 92-5,Westchester,364,199,Yes participating without using any Provision or the CEO,false,Prekindergarten,2nd Grade
170993001151,Westcott Elem School,Chicago Public Schools Dist 299,Chicago,387,297,Yes under Community Eligibility Option (CEO),false,Prekindergarten,8th Grade
172433002645,Westdale Elem School,Mannheim SD 83,Northlake,483,312,Yes under Community Eligibility Option (CEO),false,Kindergarten,5th Grade
171542001853,Western Avenue Elem School,Flossmoor SD 161,Flossmoor,499,196,Yes participating without using any Provision or the CEO,false,Prekindergarten,5th Grade
171638001957,Western Avenue Elem School,Geneva CUSD 304,Geneva,338,,No,false,Kindergarten,5th Grade
170138705902,Western Barry Elem,Western CUSD 12,Barry,225,139,Yes participating without using any Provision or the CEO,false,Kindergarten,5th Grade
170138705910,Western High School,Western CUSD 12,Barry,141,87,Yes participating without using any Provision or the CEO,true,9th Grade,12th Grade
170138705901,Western Jr High School,Western CUSD 12,Kinderhook,146,81,Yes participating without using any Provision or the CEO,false,6th Grade,8th Grade
171047001269,Western Trails Elem School,CCSD 93,Carol Stream,320,182,Yes participating without using any Provision or the CEO,false,Kindergarten,5th Grade
170855001729,Westfield Community School,CUSD 300,Algonquin,1287,544,Yes participating without using any Provision or the CEO,false,Prekindergarten,8th Grade
174050004080,Westfield Elem School,CCSD 89,Glen Ellyn,311,58,Yes participating without using any Provision or the CEO,false,Kindergarten,5th Grade
170645000316,Westfield Middle School,Bloomingdale SD 13,Bloomingdale,493,,No,false,6th Grade,8th Grade
174290003655,Westfield School,Winthrop Harbor SD 1,Winthrop Harbor,346,193,Yes participating without using any Provision or the CEO,false,Prekindergarten,4th Grade
170414000100,Westgate Elem School,Arlington Heights SD 25,Arlington Heights,633,93,Yes participating without using any Provision or the CEO,false,Kindergarten,5th Grade
170561002196,Westhaven Elementary,Belleville SD 118,Belleville,313,203,Yes under Community Eligibility Option (CEO),false,Kindergarten,6th Grade
170993006083,Westinghouse High School,Chicago Public Schools Dist 299,Chicago,1230,740,Yes under Community Eligibility Option (CEO),true,9th Grade,12th Grade
174198004202,Westmont High School,CUSD 201,Westmont,395,152,Yes participating without using any Provision or the CEO,true,9th Grade,12th Grade
174198004203,Westmont Jr High School,CUSD 201,Westmont,302,97,Yes participating without using any Provision or the CEO,false,6th Grade,8th Grade
172898003041,Westmoor Elem School,Northbrook SD 28,Northbrook,358,,No,false,Prekindergarten,5th Grade
174035004061,Westmore Elem School,SD 45 DuPage County,Lombard,432,144,Yes under Community Eligibility Option (CEO),false,Kindergarten,5th Grade
170942000556,Westview Elem School,Champaign CUSD 4,Champaign,434,240,Yes under Community Eligibility Option (CEO),false,Kindergarten,5th Grade
174302004317,Westview Elem School,Wood Dale SD 7,Wood Dale,277,174,Yes under Community Eligibility Option (CEO),false,3rd Grade,5th Grade
170828000444,Westview Elementary School,Canton Union SD 66,Canton,377,190,Yes under Community Eligibility Option (CEO),false,Prekindergarten,4th Grade
172400002625,Westview Hills Middle School,Maercker SD 60,Willowbrook,455,203,Yes participating without using any Provision or the CEO,false,6th Grade,8th Grade
171082001320,Westville High School,Westville CUSD 2,Westville,334,175,Yes under Community Eligibility Option (CEO),true,9th Grade,12th Grade
171082001321,Westville Jr High School,Westville CUSD 2,Westville,205,119,Yes under Community Eligibility Option (CEO),false,7th Grade,8th Grade
174333005213,Westwood Elem School,Woodstock CUSD 200,Woodstock,385,199,Yes participating without using any Provision or the CEO,false,1st Grade,5th Grade
174206004204,Wethersfield Elem School,Wethersfield CUSD 230,Kewanee,296,144,Yes participating without using any Provision or the CEO,false,Prekindergarten,6th Grade
174206004205,Wethersfield Jr/Sr High School,Wethersfield CUSD 230,Kewanee,217,95,Yes participating without using any Provision or the CEO,true,7th Grade,12th Grade
174218004223,Wheaton North High School,CUSD 200,Wheaton,1863,548,Yes participating without using any Provision or the CEO,false,9th Grade,12th Grade
174218004222,Wheaton Warrenville South H S,CUSD 200,Wheaton,1864,538,Yes participating without using any Provision or the CEO,false,9th Grade,12th Grade
170417000117,Wheeling High School,Township HSD 214,Wheeling,1743,,No,true,9th Grade,12th Grade
170993001155,Whistler Elem School,Chicago Public Schools Dist 299,Chicago,242,215,Yes under Community Eligibility Option (CEO),false,Prekindergarten,8th Grade
174169001420,White Eagle Elementary,Indian Prairie CUSD 204,Naperville,541,127,Yes participating without using any Provision or the CEO,false,Kindergarten,5th Grade
170993000801,White Elem Career Academy,Chicago Public Schools Dist 299,Chicago,116,107,Yes under Community Eligibility Option (CEO),false,Prekindergarten,8th Grade
172655002845,White Heath Elem School,Monticello CUSD 25,White Heath,270,62,Yes participating without using any Provision or the CEO,false,4th Grade,5th Grade
172661004379,White Oak Elementary,Morris SD 54,Morris,722,349,Yes participating without using any Provision or the CEO,false,Prekindergarten,5th Grade
173451003603,Whitehead Elem School,Rockford SD 205,Rockford,678,547,Yes under Community Eligibility Option (CEO),false,Kindergarten,5th Grade
174230004250,Whiteside Elem School,Whiteside SD 115,Belleville,680,427,Yes participating without using any Provision or the CEO,false,Prekindergarten,4th Grade
174230004889,Whiteside Middle School,Whiteside SD 115,Belleville,475,265,Yes participating without using any Provision or the CEO,false,5th Grade,8th Grade
173454001134,Whitman Post Elem School,Rockton SD 140,Rockton,509,166,Yes participating without using any Provision or the CEO,false,3rd Grade,5th Grade
170993001157,Whitney Elem School,Chicago Public Schools Dist 299,Chicago,559,529,Yes under Community Eligibility Option (CEO),false,Prekindergarten,8th Grade
170993001159,Whittier Elem School,Chicago Public Schools Dist 299,Chicago,221,207,Yes under Community Eligibility Option (CEO),false,Prekindergarten,8th Grade
171254001517,Whittier Elem School,Downers Grove GSD 58,Downers Grove,307,,No,false,Prekindergarten,6th Grade
171845004658,Whittier Elem School,Harvey SD 152,Harvey,197,157,Yes under Community Eligibility Option (CEO),false,Prekindergarten,5th Grade
172925003067,Whittier Elem School,Oak Park ESD 97,Oak Park,386,80,Yes participating without using any Provision or the CEO,false,Prekindergarten,5th Grade
174125005947,Whittier Elem School,Waukegan CUSD 60,Waukegan,438,303,Yes under Community Eligibility Option (CEO),false,Kindergarten,5th Grade
174218004225,Whittier Elem School,CUSD 200,Wheaton,433,41,Yes participating without using any Provision or the CEO,false,Kindergarten,5th Grade
170651000338,Whittier Elementary School,Cook County SD 130,Blue Island,150,121,Yes under Community Eligibility Option (CEO),false,4th Grade,5th Grade
170600000284,Whittier Primary School,Berkeley SD 87,Northlake,368,291,Yes under Community Eligibility Option (CEO),false,Prekindergarten,2nd Grade
173123003293,Whittier Primary School,Peoria SD 150,Peoria,366,291,Yes under Community Eligibility Option (CEO),false,Kindergarten,4th Grade
174218004226,Wiesbrook Elem School,CUSD 200,Wheaton,496,59,Yes participating without using any Provision or the CEO,false,Kindergarten,5th Grade
170612000302,Wilbur Trimpe Middle School,Bethalto CUSD 8,Bethalto,556,261,Yes participating without using any Provision or the CEO,false,6th Grade,8th Grade
173708003847,Wilcox Elem School,Springfield SD 186,Springfield,241,170,Yes under Community Eligibility Option (CEO),false,Kindergarten,5th Grade
173717003861,Wild Rose Elem School,St Charles CUSD 303,Saint Charles,535,47,Yes participating without using any Provision or the CEO,false,Kindergarten,5th Grade
171270001524,Wilder-Waite Grade School,Dunlap CUSD 323,Peoria,404,99,Yes participating without using any Provision or the CEO,false,Kindergarten,5th Grade
170993000898,Wildwood Elem School,Chicago Public Schools Dist 299,Chicago,512,54,Yes under Community Eligibility Option (CEO),false,Prekindergarten,8th Grade
172058006682,Will Co Detention Center 6-8,Joliet PSD 86,Joliet,0,,No,true,6th Grade,8th Grade
172061006651,Will Co Detention Center 9-12,Joliet Twp HSD 204,Joliet,0,,No,true,9th Grade,12th Grade
171446001803,Willard Elem School,Evanston CCSD 65,Evanston,355,80,Yes participating without using any Provision or the CEO,false,Kindergarten,5th Grade
172640002828,Willard Elem School,Moline-Coal Valley CUSD 40,Moline,173,147,Yes participating without using any Provision or the CEO,false,Kindergarten,5th Grade
173381003475,Willard Elem School,River Forest SD 90,River Forest,327,,No,false,Prekindergarten,4th Grade
171371001707,Willard Elem School,SD U-46,South Elgin,370,205,Yes under Community Eligibility Option (CEO),false,Kindergarten,6th Grade
172925003068,William Beye Elem School,Oak Park ESD 97,Oak Park,397,70,Yes participating without using any Provision or the CEO,false,Kindergarten,5th Grade
170993000621,William Brown Magnet Elem School,Chicago Public Schools Dist 299,Chicago,232,196,Yes under Community Eligibility Option (CEO),false,Prekindergarten,8th Grade
171950006105,William E Young School,Homer CCSD 33C,Homer Glen,452,,No,false,Prekindergarten,1st Grade
171704002016,William F Murphy Elem School,Woodridge SD 68,Woodridge,399,199,Yes participating without using any Provision or the CEO,false,Kindergarten,6th Grade
172925003069,William Hatch Elem School,Oak Park ESD 97,Oak Park,358,65,Yes participating without using any Provision or the CEO,false,Prekindergarten,5th Grade
173219003368,William Holliday Elem School,Pontiac-W Holliday SD 105,Fairview Heights,418,273,Yes participating without using any Provision or the CEO,false,Prekindergarten,5th Grade
171950004519,William J Butler School,Homer CCSD 33C,Lockport,557,,No,false,2nd Grade,4th Grade
172187003657,William L Thompson School,Lake Villa CCSD 41,Lake Villa,488,155,Yes participating without using any Provision or the CEO,false,Prekindergarten,5th Grade
170993006092,Williams Medical Prep High Sch,Chicago Public Schools Dist 299,Chicago,74,56,Yes under Community Eligibility Option (CEO),true,9th Grade,12th Grade
171638001954,Williamsburg Elem School,Geneva CUSD 304,Geneva,439,,No,false,Kindergarten,5th Grade
174245004891,Williamsfield Elem School,Williamsfield CUSD 210,Williamsfield,128,42,Yes participating without using any Provision or the CEO,false,Prekindergarten,4th Grade
174245004268,Williamsfield High School,Williamsfield CUSD 210,Williamsfield,97,26,Yes participating without using any Provision or the CEO,false,9th Grade,12th Grade
174245004267,Williamsfield Middle School,Williamsfield CUSD 210,Williamsfield,83,42,Yes participating without using any Provision or the CEO,false,5th Grade,8th Grade
174248004271,Williamsville High School,Williamsville CUSD 15,Williamsville,462,84,Yes participating without using any Provision or the CEO,false,9th Grade,12th Grade
174248004272,Williamsville Jr High School,Williamsville CUSD 15,Williamsville,444,80,Yes participating without using any Provision or the CEO,false,5th Grade,8th Grade
173042003159,Willow Bend Elem School,Palatine CCSD 15,Rolling Meadows,519,259,Yes participating without using any Provision or the CEO,false,Prekindergarten,5th Grade
171704002015,Willow Creek Elem School,Woodridge SD 68,Woodridge,351,127,Yes participating without using any Provision or the CEO,false,Kindergarten,6th Grade
173108003231,Willow Elem School,Pekin PSD 108,Pekin,192,144,Yes under Community Eligibility Option (CEO),false,Kindergarten,3rd Grade
172103002388,Willow Grove Early Learning Ctr,Kildeer Countryside CCSD 96,Buffalo Grove,360,,No,false,Prekindergarten,Kindergarten
174251001739,Willow Grove Elem School,Willow Grove SD 46,Centralia,127,97,Yes under Community Eligibility Option (CEO),false,Prekindergarten,8th Grade
171953002231,Willow School,Homewood SD 153,Homewood,603,278,Yes participating without using any Provision or the CEO,false,Prekindergarten,2nd Grade
174257004273,Willow Springs Elem School,Willow Springs SD 108,Willow Springs,414,272,Yes under Community Eligibility Option (CEO),false,Prekindergarten,8th Grade
172442002651,Willowbrook Elem School,Northbrook/Glenview SD 30,Glenview,330,,No,false,Prekindergarten,5th Grade
171394001738,Willowbrook High School,DuPage HSD 88,Villa Park,1983,952,Yes participating without using any Provision or the CEO,true,9th Grade,12th Grade
173255006063,Willowbrook Middle School,Prairie Hill CCSD 133,South Beloit,348,55,Yes participating without using any Provision or the CEO,false,5th Grade,8th Grade
174260004280,Wilmette Junior High School,Wilmette SD 39,Wilmette,766,,No,false,7th Grade,8th Grade
174263004284,Wilmington High School,Wilmington CUSD 209U,Wilmington,432,189,Yes participating without using any Provision or the CEO,true,9th Grade,12th Grade
174263004283,Wilmington Middle School,Wilmington CUSD 209U,Wilmington,254,119,Yes participating without using any Provision or the CEO,false,6th Grade,8th Grade
171198001440,Wilmot Elem School,Deerfield SD 109,Deerfield,477,,No,false,Kindergarten,5th Grade
172427005857,Wilson Creek Elem Sch,Manhattan SD 114,Manhattan,545,73,Yes participating without using any Provision or the CEO,false,Prekindergarten,1st Grade
170996001228,Wilson Elem School,Chicago Heights SD 170,Chicago Heights,160,159,Yes under Community Eligibility Option (CEO),false,Prekindergarten,5th Grade
171728002045,Wilson Elem School,Granite City CUSD 9,Granite City,448,347,Yes under Community Eligibility Option (CEO),false,1st Grade,2nd Grade
174152004883,Wilson Elementary School,Calumet City SD 155,Calumet City,349,57,Yes under Community Eligibility Option (CEO),false,Prekindergarten,2nd Grade
173108003236,Wilson Intermediate School,Pekin PSD 108,Pekin,600,393,Yes under Community Eligibility Option (CEO),false,4th Grade,6th Grade
174266004287,Winchester Elem School,Winchester CUSD 1,Winchester,401,191,Yes under Community Eligibility Option (CEO),false,Prekindergarten,8th Grade
174266004288,Winchester High School,Winchester CUSD 1,Winchester,166,64,Yes under Community Eligibility Option (CEO),false,9th Grade,12th Grade
171824002109,Windsor Elem School,Harlem UD 122,Loves Park,315,221,Yes under Community Eligibility Option (CEO),false,1st Grade,5th Grade
174269004290,Windsor Elem School,Windsor CUSD 1,Windsor,225,102,Yes under Community Eligibility Option (CEO),false,Prekindergarten,6th Grade
170414000101,Windsor Elementary School,Arlington Heights SD 25,Arlington Heights,490,82,Yes participating without using any Provision or the CEO,false,Kindergarten,5th Grade
174269004676,Windsor Jr & Sr High School,Windsor CUSD 1,Windsor,134,50,Yes under Community Eligibility Option (CEO),true,7th Grade,12th Grade
174272005191,Winfield Central School,Winfield SD 34,Winfield,189,56,Yes participating without using any Provision or the CEO,false,3rd Grade,8th Grade
174272004292,Winfield Primary School,Winfield SD 34,Winfield,122,43,Yes participating without using any Provision or the CEO,false,Prekindergarten,2nd Grade
172494006381,Wingate Elementary School,Mascoutah CUD 19,Shiloh,424,70,Yes participating without using any Provision or the CEO,false,Prekindergarten,5th Grade
173451006572,Winnebago Co Detention Center,Rockford SD 205,Rockford,0,,No,true,6th Grade,12th Grade
172478002690,Winnebago Elem School,Marquardt SD 15,Bloomingdale,343,160,Yes under Community Eligibility Option (CEO),false,Prekindergarten,5th Grade
174279004297,Winnebago High School,Winnebago CUSD 323,Winnebago,422,117,Yes participating without using any Provision or the CEO,false,9th Grade,12th Grade
174279004295,Winnebago Middle School,Winnebago CUSD 323,Winnebago,296,93,Yes participating without using any Provision or the CEO,false,6th Grade,8th Grade
173618005341,Winola Elementary School,Sherrard CUSD 200,Viola,261,105,Yes participating without using any Provision or the CEO,false,Prekindergarten,4th Grade
173042003161,Winston Campus Elementary,Palatine CCSD 15,Palatine,2,,Yes participating without using any Provision or the CEO,false,Prekindergarten,5th Grade
173042005020,Winston Campus Middle School,Palatine CCSD 15,Palatine,847,423,Yes participating without using any Provision or the CEO,false,6th Grade,8th Grade
173474003658,Winston Churchill Elem School,Schaumburg CCSD 54,Schaumburg,572,,No,false,Kindergarten,6th Grade
171953002233,Winston Churchill School,Homewood SD 153,Homewood,572,282,Yes participating without using any Provision or the CEO,false,3rd Grade,5th Grade
170804006232,Wirth/Parks Middle School,Cahokia CUSD 187,Cahokia,571,466,Yes under Community Eligibility Option (CEO),false,6th Grade,8th Grade
172163002429,Wm F Gurrie Middle School,La Grange SD 105 South,La Grange,278,95,Yes participating without using any Provision or the CEO,false,7th Grade,8th Grade
173045003168,Wm Fremd High School,Township HSD 211,Palatine,2689,628,Yes participating without using any Provision or the CEO,false,9th Grade,12th Grade
172346002576,Wm Hammerschmidt Elem School,Lombard SD 44,Lombard,381,53,Yes participating without using any Provision or the CEO,false,Kindergarten,5th Grade
173451006551,Wm Nashold Early Childhood Center,Rockford SD 205,Rockford,530,407,Yes under Community Eligibility Option (CEO),false,Prekindergarten,Prekindergarten
173891005071,Wolcott School,Thornton SD 154,Thornton,249,144,Yes under Community Eligibility Option (CEO),false,Prekindergarten,8th Grade
174296004310,Wolf Branch Elem School,Wolf Branch SD 113,Swansea,482,105,Yes participating without using any Provision or the CEO,false,Prekindergarten,4th Grade
174296005723,Wolf Branch Middle School,Wolf Branch SD 113,Swansea,341,99,Yes participating without using any Provision or the CEO,false,5th Grade,8th Grade
170777000394,Wolf Ridge Education Center,Bunker Hill CUSD 8,Bunker Hill,407,209,Yes under Community Eligibility Option (CEO),false,Prekindergarten,8th Grade
173027005457,Wolfs Crossing Elem School,CUSD 308,Aurora,414,114,Yes participating without using any Provision or the CEO,false,Kindergarten,5th Grade
174302004318,Wood Dale Jr High School,Wood Dale SD 7,Wood Dale,277,157,Yes under Community Eligibility Option (CEO),false,6th Grade,8th Grade
171785002081,Wood Oaks Jr High School,Northbrook ESD 27,Northbrook,455,,No,false,6th Grade,8th Grade
174007004038,Wood View Elem School,Valley View CUSD 365U,Bolingbrook,443,271,Yes under Community Eligibility Option (CEO),false,Kindergarten,5th Grade
173630003753,Woodgate Elem School,ESD 159,Matteson,260,189,Yes under Community Eligibility Option (CEO),false,Prekindergarten,5th Grade
172058002347,Woodland Elem School,Joliet PSD 86,Joliet,368,350,Yes under Community Eligibility Option (CEO),false,Kindergarten,5th Grade
174311002114,Woodland Elementary,Woodland CCSD 50,Gages Lake,1386,620,Yes participating without using any Provision or the CEO,false,1st Grade,3rd Grade
171353002145,Woodland Elementary School,Edwardsville CUSD 7,Edwardsville,417,114,Yes participating without using any Provision or the CEO,false,3rd Grade,5th Grade
173807004848,Woodland Elementary/Jr High Sch,Woodland CUSD 5,Streator,320,134,Yes under Community Eligibility Option (CEO),false,Prekindergarten,8th Grade
173807003900,Woodland High School,Woodland CUSD 5,Streator,138,51,Yes under Community Eligibility Option (CEO),true,9th Grade,12th Grade
174311004325,Woodland Intermediate Sch,Woodland CCSD 50,Gurnee,979,394,Yes participating without using any Provision or the CEO,false,4th Grade,5th Grade
174311004324,Woodland Middle School,Woodland CCSD 50,Gurnee,1541,582,Yes participating without using any Provision or the CEO,false,6th Grade,8th Grade
174311000220,Woodland Primary School,Woodland CCSD 50,Gages Lake,657,298,Yes participating without using any Provision or the CEO,false,Prekindergarten,Kindergarten
170993001615,Woodlawn Elem Community School,Chicago Public Schools Dist 299,Chicago,167,149,Yes under Community Eligibility Option (CEO),false,Prekindergarten,6th Grade
170142206363,Woodlawn Grade School,Woodlawn Unit School District 209,Woodlawn,322,139,Yes participating without using any Provision or the CEO,false,Prekindergarten,8th Grade
170142206373,Woodlawn High School,Woodlawn Unit School District 209,Woodlawn,174,63,Yes participating without using any Provision or the CEO,false,9th Grade,12th Grade
172103003715,Woodlawn Middle School,Kildeer Countryside CCSD 96,Long Grove,632,,No,false,6th Grade,8th Grade
171020005025,Woodrow Wilson Elem School,Cicero SD 99,Cicero,622,536,Yes participating without using any Provision or the CEO,false,Kindergarten,6th Grade
171324001570,Woodrow Wilson Elem School,East Peoria SD 86,East Peoria,162,101,Yes under Community Eligibility Option (CEO),false,Kindergarten,2nd Grade
172640002827,Woodrow Wilson Middle School,Moline-Coal Valley CUSD 40,Moline,860,543,Yes participating without using any Provision or the CEO,false,6th Grade,8th Grade
171135002147,Woods Creek Elementary School,Crystal Lake CCSD 47,Crystal Lake,489,111,Yes participating without using any Provision or the CEO,false,Kindergarten,5th Grade
170993001163,Woodson South Elem School,Chicago Public Schools Dist 299,Chicago,298,211,Yes under Community Eligibility Option (CEO),false,Prekindergarten,8th Grade
174333004335,Woodstock High School,Woodstock CUSD 200,Woodstock,988,440,Yes participating without using any Provision or the CEO,true,9th Grade,12th Grade
174333006032,Woodstock North High School,Woodstock CUSD 200,Woodstock,915,369,Yes participating without using any Provision or the CEO,false,8th Grade,12th Grade
171752005281,Woodview School,Grayslake CCSD 46,Grayslake,450,157,Yes participating without using any Provision or the CEO,false,Kindergarten,4th Grade
171353005310,Worden Elementary School,Edwardsville CUSD 7,Worden,258,68,Yes participating without using any Provision or the CEO,false,3rd Grade,5th Grade
170993005788,World Language High School,Chicago Public Schools Dist 299,Chicago,389,364,Yes under Community Eligibility Option (CEO),true,9th Grade,12th Grade
174338004338,Worth Elem School,Worth SD 127,Worth,413,407,Yes under Community Eligibility Option (CEO),false,Prekindergarten,5th Grade
174338004339,Worth Jr High School,Worth SD 127,Worth,330,327,Yes under Community Eligibility Option (CEO),false,6th Grade,8th Grade
174338004342,Worthwoods Elem School,Worth SD 127,Worth,272,269,Yes under Community Eligibility Option (CEO),false,Kindergarten,5th Grade
173717001443,Wredling Middle School,St Charles CUSD 303,Saint Charles,1289,252,Yes participating without using any Provision or the CEO,false,6th Grade,8th Grade
171332005866,Wyvetter Younge Sch of Excellence,East St Louis SD 189,E Saint Louis,534,534,Yes under Community Eligibility Option (CEO),false,Kindergarten,8th Grade
173996006933,Yankee Ridge Multilingual School,Urbana SD 116,Urbana,482,303,Yes under Community Eligibility Option (CEO),false,Kindergarten,5th Grade
170993001176,Yates Elem School,Chicago Public Schools Dist 299,Chicago,268,236,Yes under Community Eligibility Option (CEO),false,Prekindergarten,8th Grade
172862006010,Ybmc Charter Sch,McLean County USD 5,Normal,16,,No,false,11th Grade,12th Grade
170993006458,Yccs Chtr - Chatham,Chicago Public Schools Dist 299,Chicago,104,101,Yes under Community Eligibility Option (CEO),true,9th Grade,12th Grade
170993006445,Yccs West,Chicago Public Schools Dist 299,Chicago,80,78,Yes under Community Eligibility Option (CEO),true,9th Grade,12th Grade
170993006486,Yccs-Albizu Campos Puerto Rican,Chicago Public Schools Dist 299,Chicago,184,170,Yes under Community Eligibility Option (CEO),true,9th Grade,12th Grade
170993006504,Yccs-Aspira Pantoja Alt HS,Chicago Public Schools Dist 299,Chicago,200,190,Yes under Community Eligibility Option (CEO),true,9th Grade,12th Grade
170993006496,Yccs-Association House,Chicago Public Schools Dist 299,Chicago,105,97,Yes under Community Eligibility Option (CEO),true,9th Grade,12th Grade
170993006463,Yccs-Cca Academy HS,Chicago Public Schools Dist 299,Chicago,124,123,Yes under Community Eligibility Option (CEO),true,9th Grade,12th Grade
170993006468,Yccs-Community Youth Dev Inst HS,Chicago Public Schools Dist 299,Chicago,94,84,Yes under Community Eligibility Option (CEO),true,9th Grade,12th Grade
170993006456,Yccs-Innovations of Arts Integr,Chicago Public Schools Dist 299,Chicago,392,350,Yes under Community Eligibility Option (CEO),true,9th Grade,12th Grade
170993006449,Yccs-Latino Youth Alternative HS,Chicago Public Schools Dist 299,Chicago,174,162,Yes under Community Eligibility Option (CEO),true,9th Grade,12th Grade
170993006479,Yccs-McKinley-Lakeside Leadership,Chicago Public Schools Dist 299,Chicago,103,98,Yes under Community Eligibility Option (CEO),true,9th Grade,12th Grade
170993006478,Yccs-Olive Harvey Mid College HS,Chicago Public Schools Dist 299,Chicago,128,114,Yes under Community Eligibility Option (CEO),true,9th Grade,12th Grade
170993006490,Yccs-Progressive Leadership Acad,Chicago Public Schools Dist 299,Chicago,122,103,Yes under Community Eligibility Option (CEO),true,9th Grade,12th Grade
170993006519,Yccs-Scholastic Achievement HS,Chicago Public Schools Dist 299,Chicago,117,109,Yes under Community Eligibility Option (CEO),true,9th Grade,12th Grade
170993006460,Yccs-Sullivan House Alt HS,Chicago Public Schools Dist 299,Chicago,281,276,Yes under Community Eligibility Option (CEO),true,9th Grade,12th Grade
170993006517,Yccs-Truman Middle College HS,Chicago Public Schools Dist 299,Chicago,192,155,Yes under Community Eligibility Option (CEO),true,9th Grade,12th Grade
170993006442,Yccs-West Town Academy Alt HS,Chicago Public Schools Dist 299,Chicago,115,101,Yes under Community Eligibility Option (CEO),true,9th Grade,12th Grade
170993006518,Yccs-Youth Connection Leadership,Chicago Public Schools Dist 299,Chicago,100,85,Yes under Community Eligibility Option (CEO),true,9th Grade,12th Grade
174035004062,York Center Elem School,SD 45 DuPage County,Lombard,163,104,Yes under Community Eligibility Option (CEO),false,3rd Grade,5th Grade
171397001755,York Comm High School,Elmhurst SD 205,Elmhurst,2590,474,Yes participating without using any Provision or the CEO,false,9th Grade,12th Grade
174396006855,Yorkville Early Childhood Center,Yorkville CUSD 115,Yorkville,244,,No,false,Prekindergarten,Prekindergarten
174396004359,Yorkville Grade School,Yorkville CUSD 115,Yorkville,192,73,Yes participating without using any Provision or the CEO,false,Prekindergarten,3rd Grade
174396004363,Yorkville High School,Yorkville CUSD 115,Yorkville,2266,584,Yes participating without using any Provision or the CEO,false,9th Grade,12th Grade
174396005211,Yorkville Intermediate School,Yorkville CUSD 115,Yorkville,638,202,Yes participating without using any Provision or the CEO,false,4th Grade,6th Grade
174396004360,Yorkville Middle School,Yorkville CUSD 115,Yorkville,1152,284,Yes participating without using any Provision or the CEO,false,7th Grade,8th Grade
170993001171,Young Elem School,Chicago Public Schools Dist 299,Chicago,417,401,Yes under Community Eligibility Option (CEO),false,Prekindergarten,8th Grade
170993000714,Young Magnet High School,Chicago Public Schools Dist 299,Chicago,2223,741,Yes under Community Eligibility Option (CEO),false,7th Grade,12th Grade
172734002898,Zadok Casey Middle School,Mount Vernon SD 80,Mount Vernon,380,319,Yes under Community Eligibility Option (CEO),false,6th Grade,8th Grade
170993001609,Zapata Elem Academy,Chicago Public Schools Dist 299,Chicago,524,477,Yes under Community Eligibility Option (CEO),false,Prekindergarten,8th Grade
174380004897,Zeigler-Royalton Elem School,Zeigler-Royalton CUSD 188,Mulkeytown,258,187,Yes under Community Eligibility Option (CEO),false,Prekindergarten,5th Grade
174380004349,Zeigler-Royalton High School,Zeigler-Royalton CUSD 188,Mulkeytown,131,75,Yes under Community Eligibility Option (CEO),true,9th Grade,12th Grade
174380004348,Zeigler-Royalton Jr High School,Zeigler-Royalton CUSD 188,Mulkeytown,100,63,Yes under Community Eligibility Option (CEO),false,6th Grade,8th Grade
171101001334,Zenon J Sykuta School,Country Club Hills SD 160,Country Club Hills,273,124,Yes under Community Eligibility Option (CEO),false,Prekindergarten,2nd Grade
174386004351,Zion Central Middle School,Zion ESD 6,Zion,330,282,Yes under Community Eligibility Option (CEO),false,6th Grade,8th Grade
174389005993,Zion-Benton East High School,Zion-Benton Twp HSD 126,Zion,419,254,Yes under Community Eligibility Option (CEO),false,9th Grade,12th Grade
174389004357,Zion-Benton Twnshp Hi Sch,Zion-Benton Twp HSD 126,Zion,2114,1311,Yes under Community Eligibility Option (CEO),true,9th Grade,12th Grade
