nces_id,school_name,district_name,city_name,total_students,frl_eligible_students,national_school_lunch_program,admin_approved
220033000255,A. A. Nelson Elementary School,Calcasieu Parish,Lake Charles,736,417,Yes participating without using any Provision or the CEO,false
220099000750,A. E. Phillips Laboratory School,Lincoln Parish,Ruston,412,44,Yes participating without using any Provision or the CEO,false
220084000578,A.c. Alexander School,Jefferson Parish,Kenner,567,407,Yes under Community Eligibility Option (CEO),true
220030000198,A.c. Steere Elementary School,Caddo Parish,Shreveport,443,206,Yes participating without using any Provision or the CEO,false
220180001385,Abbeville High School,Vermilion Parish,Abbeville,569,425,Yes under Community Eligibility Option (CEO),true
220165001263,Abita Springs Elementary School,St. Tammany Parish,Abita Springs,587,295,Yes under Community Eligibility Option (CEO),false
220165001565,Abita Springs Middle School,St. Tammany Parish,Abita Springs,435,208,Yes under Community Eligibility Option (CEO),false
220165002317,Abney Elementary Early Childhood Center,St. Tammany Parish,Slidell,233,170,Yes under Community Eligibility Option (CEO),false
220023702068,Abramson Sci Academy,Sci Academy,New Orleans,655,617,Yes under Community Eligibility Option (CEO),false
220030002343,Academic Recovery Ombudsman,Caddo Parish,Shreveport,168,130,Yes participating without using any Provision or the CEO,true
228011110440,Academy of Collaborative Education (Ace),Academy of Collaboration Education,Monroe,92,38,Yes participating without using any Provision or the CEO,false
220129001038,Acadian Elementary,Rapides Parish,Alexandria,270,267,Yes under Community Eligibility Option (CEO),false
220174001334,Acadian Elementary School,Terrebonne Parish,Houma,654,561,Yes under Community Eligibility Option (CEO),false
220087000659,Acadian Middle School,Lafayette Parish,Lafayette,340,258,Yes under Community Eligibility Option (CEO),true
220087000660,Acadiana High School,Lafayette Parish,Lafayette,1652,935,Yes under Community Eligibility Option (CEO),true
220023102392,Acadiana Renaissance Charter Academy,Acadiana Renaissance Charter Academy,Youngsville,3669,1705,Yes participating without using any Provision or the CEO,false
220026802385,Advantage Charter Academy,Advantage Charter Academy,Baker,743,719,Yes under Community Eligibility Option (CEO),true
220027000112,Airline High School,Bossier Parish,Bossier City,1855,1033,Yes under Community Eligibility Option (CEO),false
220084002298,Airline Park Academy for Advanced Studies,Jefferson Parish,Metairie,434,93,Yes under Community Eligibility Option (CEO),false
220102000755,Albany High School,Livingston Parish,Albany,534,420,Yes under Community Eligibility Option (CEO),true
220102000754,Albany Lower Elementary School,Livingston Parish,Albany,518,426,Yes under Community Eligibility Option (CEO),false
220102001708,Albany Middle School,Livingston Parish,Albany,603,483,Yes under Community Eligibility Option (CEO),true
220102000400,Albany Upper Elementary School,Livingston Parish,Albany,320,267,Yes under Community Eligibility Option (CEO),false
220144001149,Albert Cammon Middle School,St. Charles Parish,St. Rose,282,188,Yes under Community Eligibility Option (CEO),true
220129001039,Alexandria Middle Magnet School,Rapides Parish,Alexandria,469,446,Yes under Community Eligibility Option (CEO),true
220129001040,Alexandria Senior High School,Rapides Parish,Alexandria,1475,942,Yes under Community Eligibility Option (CEO),false
220033000216,Alfred M. Barbe High School,Calcasieu Parish,Lake Charles,1908,782,Yes participating without using any Provision or the CEO,false
220084000583,Alice Birney Elementary School,Jefferson Parish,Metairie,579,370,Yes under Community Eligibility Option (CEO),false
220027900903,Alice M Harte Elementary Charter School,Alice M Harte Elementary Charter School,New Orleans,725,524,Yes under Community Eligibility Option (CEO),true
220087000662,Alice N. Boucher Elementary School,Lafayette Parish,Lafayette,442,417,Yes under Community Eligibility Option (CEO),false
220144001137,Allemands Elementary School,St. Charles Parish,Des Allemands,241,120,Yes under Community Eligibility Option (CEO),false
228010002015,Allen Correctional Center,Special School District,Kinder,6,,Yes participating without using any Provision or the CEO,false
220084000599,Allen Ellender School,Jefferson Parish,Marrero,727,542,Yes under Community Eligibility Option (CEO),true
220129001083,Alma Redwine Elementary,Rapides Parish,Alexandria,225,222,Yes under Community Eligibility Option (CEO),false
220165001265,Alton Elementary School,St. Tammany Parish,Slidell,208,178,Yes under Community Eligibility Option (CEO),false
220003002381,Amikids Acadiana,Acadia Parish,Branch,34,31,Yes participating without using any Provision or the CEO,true
220030002431,Amikids Caddo,Caddo Parish,Shreveport,60,56,Yes participating without using any Provision or the CEO,true
220168001297,Amite Elementary Magnet School,Tangipahoa Parish,Amite,431,409,Yes under Community Eligibility Option (CEO),false
220168001298,Amite High Magnet,Tangipahoa Parish,Amite,347,307,Yes under Community Eligibility Option (CEO),true
220168001326,Amite Westside Middle Magnet,Tangipahoa Parish,Amite,279,253,Yes under Community Eligibility Option (CEO),true
220183001847,Anacoco Elementary School,Vernon Parish,Anacoco,457,283,Yes under Community Eligibility Option (CEO),false
220183001405,Anacoco High School,Vernon Parish,Anacoco,311,188,Yes under Community Eligibility Option (CEO),true
220072000505,Anderson Middle School,Iberia Parish,New Iberia,320,286,Yes under Community Eligibility Option (CEO),true
220141002296,Andrew Jackson Middle School,St. Bernard Parish,Chalmette,546,370,Yes under Community Eligibility Option (CEO),true
220027000113,Apollo Elementary School,Bossier Parish,Bossier City,756,462,Yes under Community Eligibility Option (CEO),false
220141002302,Arabi Elementary School,St. Bernard Parish,Arabi,567,325,Yes under Community Eligibility Option (CEO),false
220021000090,Arcadia High School,Bienville Parish,Arcadia,248,218,Yes under Community Eligibility Option (CEO),true
220141002449,Arlene Meraux Elementary School,St. Bernard Parish,Chalmette,583,410,Yes under Community Eligibility Option (CEO),false
220054000340,Arlington Preparatory Academy,East Baton Rouge Parish,Baton Rouge,94,56,Yes under Community Eligibility Option (CEO),true
220003000001,Armstrong Middle School,Acadia Parish,Rayne,304,252,Yes under Community Eligibility Option (CEO),true
220156000191,Arnaudville Middle School,St. Landry Parish,Arnaudville,193,148,Yes under Community Eligibility Option (CEO),true
220019200947,Arthur Ashe Charter School,Arthur Ashe Charter School,New Orleans,778,687,Yes under Community Eligibility Option (CEO),true
220129001055,Arthur F. Smith Middle Magnet School,Rapides Parish,Alexandria,362,353,Yes under Community Eligibility Option (CEO),true
220012000048,Assumption High School,Assumption Parish,Napoleonville,742,392,Yes under Community Eligibility Option (CEO),true
220030502452,Athlos Academy of Jefferson Parish,Athlos Academy of Jefferson Parish,Terrytown,1012,818,Yes under Community Eligibility Option (CEO),true
220030000142,Atkins Technology Elementary School,Caddo Parish,Shreveport,189,174,Yes participating without using any Provision or the CEO,false
220030302458,Audubon Charter Gentilly,Audubon Charter Gentilly,New Orleans,448,294,Yes under Community Eligibility Option (CEO),false
220028501620,Audubon Charter School,Audubon Charter School,New Orleans,937,305,Yes participating without using any Provision or the CEO,true
220054000341,Audubon Elementary School,East Baton Rouge Parish,Baton Rouge,495,356,Yes under Community Eligibility Option (CEO),false
220015000075,Avoyelles High School,Avoyelles Parish,Moreauville,465,358,Yes under Community Eligibility Option (CEO),true
220003501494,Avoyelles Public Charter School,Avoyelles Public Charter School,Mansura,735,400,Yes participating without using any Provision or the CEO,true
220162001248,B. Edward Boudreaux Middle School,St. Mary Parish,Baldwin,150,135,Yes under Community Eligibility Option (CEO),true
220054000429,B. R. Foreign Language Acad. Immersion Magnet,East Baton Rouge Parish,Baton Rouge,557,206,Yes under Community Eligibility Option (CEO),false
220198001474,Bains Elementary School,West Feliciana Parish,St. Francisville,801,351,Yes under Community Eligibility Option (CEO),false
220198002012,Bains Lower Elementary School,West Feliciana Parish,St. Francisville,247,115,Yes under Community Eligibility Option (CEO),false
220004000342,Baker Heights Elementary School,City of Baker School District,Baker,381,339,Yes under Community Eligibility Option (CEO),false
220004000344,Baker High School,City of Baker School District,Baker,370,306,Yes under Community Eligibility Option (CEO),true
220004000343,Baker Middle School,City of Baker School District,Baker,155,133,Yes under Community Eligibility Option (CEO),true
220129001562,Ball Elementary School,Rapides Parish,Ball,387,326,Yes under Community Eligibility Option (CEO),false
220033000215,Barbe Elementary School,Calcasieu Parish,Lake Charles,179,157,Yes participating without using any Provision or the CEO,false
220108000791,Barkdull Faulk Elementary School,City of Monroe School District,Monroe,212,204,Yes under Community Eligibility Option (CEO),false
220063000470,Basile High School,Evangeline Parish,Basile,432,254,Yes under Community Eligibility Option (CEO),true
220054002451,Basis Baton Rouge Materra Campus,East Baton Rouge Parish,Baton Rouge,888,297,Yes participating without using any Provision or the CEO,false
220054002502,Basis Baton Rouge Primary Mid City,East Baton Rouge Parish,Baton Rouge,423,286,Yes participating without using any Provision or the CEO,false
220066000484,Baskin School,Franklin Parish,Baskin,325,255,Yes under Community Eligibility Option (CEO),true
220111000805,Bastrop High School,Morehouse Parish,Bastrop,794,669,Yes under Community Eligibility Option (CEO),true
220054000439,Baton Rouge Center for Visual and Performing Arts,East Baton Rouge Parish,Baton Rouge,594,338,Yes under Community Eligibility Option (CEO),false
220054000347,Baton Rouge Magnet High School,East Baton Rouge Parish,Baton Rouge,1593,513,Yes under Community Eligibility Option (CEO),true
228010410428,Baton Rouge Ochsner Discovery,Discovery Health Sciences Foundation,Baton Rouge,316,221,Yes under Community Eligibility Option (CEO),false
220090000697,Bayou Blue Elementary School,Lafourche Parish,Houma,454,279,Yes under Community Eligibility Option (CEO),false
220090001968,Bayou Blue Middle School,Lafourche Parish,Houma,396,221,Yes under Community Eligibility Option (CEO),true
220090002474,Bayou Blue Upper Elementary School,Lafourche Parish,Houma,427,257,Yes under Community Eligibility Option (CEO),false
220090000698,Bayou Boeuf Elementary School,Lafourche Parish,Thibodaux,209,97,Yes under Community Eligibility Option (CEO),false
220063000471,Bayou Chicot Elementary School,Evangeline Parish,Ville Platte,661,413,Yes under Community Eligibility Option (CEO),true
220090002330,Bayou Community Academy Charter School,Lafourche Parish,Thibodaux,499,177,Yes participating without using any Provision or the CEO,false
220012001696,Bayou L'Ourse Primary School,Assumption Parish,Morgan City,150,97,Yes under Community Eligibility Option (CEO),false
220165001266,Bayou Lacombe Middle,St. Tammany Parish,Lacombe,209,131,Yes under Community Eligibility Option (CEO),false
220162001234,Bayou Vista Elementary School,St. Mary Parish,Morgan City,340,227,Yes under Community Eligibility Option (CEO),false
220165001716,Bayou Woods Elementary School,St. Tammany Parish,Slidell,431,307,Yes under Community Eligibility Option (CEO),false
220156002005,Beau Chene High School,St. Landry Parish,Arnaudville,767,484,Yes under Community Eligibility Option (CEO),true
220111002359,Beekman Charter School,Morehouse Parish,Bastrop,1053,627,Yes under Community Eligibility Option (CEO),true
220054000349,Belaire High School,East Baton Rouge Parish,Baton Rouge,694,497,Yes under Community Eligibility Option (CEO),true
220054000350,Belfair Montessori School,East Baton Rouge Parish,Baton Rouge,274,186,Yes under Community Eligibility Option (CEO),true
220033000217,Bell City High School,Calcasieu Parish,Bell City,785,310,Yes participating without using any Provision or the CEO,true
220027000114,Bellaire Elementary School,Bossier Parish,Bossier City,406,232,Yes under Community Eligibility Option (CEO),false
220004101630,Belle Chasse Academy,Belle Chasse Academy,Belle Chasse,773,361,Yes participating without using any Provision or the CEO,true
220123000366,Belle Chasse Elementary School,Plaquemines Parish,Belle Chasse,543,316,Yes participating without using any Provision or the CEO,false
220123001022,Belle Chasse High School,Plaquemines Parish,Belle Chasse,883,519,Yes participating without using any Provision or the CEO,true
220123001023,Belle Chasse Middle School,Plaquemines Parish,Belle Chasse,656,418,Yes participating without using any Provision or the CEO,false
220123002456,Belle Chasse Primary School,Plaquemines Parish,Belle Chasse,395,225,Yes under Community Eligibility Option (CEO),false
220072002479,Belle Place Elementary School,Iberia Parish,New Iberia,377,226,Yes under Community Eligibility Option (CEO),false
220072001927,Belle Place Middle School,Iberia Parish,New Iberia,357,238,Yes under Community Eligibility Option (CEO),true
220012000050,Belle Rose Middle School,Assumption Parish,Belle Rose,77,64,Yes under Community Eligibility Option (CEO),true
220012000051,Belle Rose Primary School,Assumption Parish,Belle Rose,155,138,Yes under Community Eligibility Option (CEO),false
220012500351,Bellingrath Hills Elementary School,Central Community School District,Greenwell Springs,378,250,Yes participating without using any Provision or the CEO,false
220117001938,Benjamin Franklin Elem. Math and Science,Orleans Parish,New Orleans,739,718,Yes under Community Eligibility Option (CEO),true
220029900888,Benjamin Franklin High School,Benjamin Franklin High School,New Orleans,1056,322,Yes participating without using any Provision or the CEO,false
220027000116,Benton Elementary School,Bossier Parish,Benton,595,271,Yes under Community Eligibility Option (CEO),false
220027000117,Benton High School,Bossier Parish,Benton,1515,403,Yes participating without using any Provision or the CEO,false
220027002490,Benton Intermediate School,Bossier Parish,Benton,754,251,Yes participating without using any Provision or the CEO,false
220027000842,Benton Middle School,Bossier Parish,Benton,817,246,Yes participating without using any Provision or the CEO,false
220108000795,Berg Jones Elementary School,City of Monroe School District,Monroe,328,323,Yes under Community Eligibility Option (CEO),false
220054000352,Bernard Terrace Elementary School,East Baton Rouge Parish,Baton Rouge,240,209,Yes under Community Eligibility Option (CEO),false
220162001235,Berwick Elementary School,St. Mary Parish,Berwick,420,264,Yes under Community Eligibility Option (CEO),false
220162001236,Berwick High School,St. Mary Parish,Berwick,469,256,Yes under Community Eligibility Option (CEO),true
220162001237,Berwick Junior High School,St. Mary Parish,Berwick,325,193,Yes under Community Eligibility Option (CEO),true
220030000183,Bethune/Oak Park Elementary,Caddo Parish,Shreveport,502,464,Yes participating without using any Provision or the CEO,false
220021000091,Bienville High School,Bienville Parish,Bienville,0,,Yes under Community Eligibility Option (CEO),true
220084000584,Bissonet Plaza School,Jefferson Parish,Metairie,624,393,Yes under Community Eligibility Option (CEO),true
220030000145,Blanchard Elementary School,Caddo Parish,Shreveport,363,203,Yes participating without using any Provision or the CEO,false
220042000294,Block High School,Catahoula Parish,Jonesville,179,169,Yes under Community Eligibility Option (CEO),true
220009002488,Bluff Middle School,Ascension Parish,Prairieville,662,214,Yes participating without using any Provision or the CEO,false
220009002487,Bluff Ridge Primary,Ascension Parish,Prairieville,677,265,Yes participating without using any Provision or the CEO,false
220024000103,Bogalusa High School,City of Bogalusa School District,Bogalusa,656,617,Yes under Community Eligibility Option (CEO),true
220120000998,Boley Elementary School,Ouachita Parish,West Monroe,279,220,Yes under Community Eligibility Option (CEO),false
220129001042,Bolton Academy,Rapides Parish,Alexandria,372,203,Yes under Community Eligibility Option (CEO),false
220084000585,Bonnabel Magnet Academy High School,Jefferson Parish,Kenner,2376,1390,Yes under Community Eligibility Option (CEO),true
220165001267,Bonne Ecole Elementary School,St. Tammany Parish,Slidell,651,353,Yes under Community Eligibility Option (CEO),false
220030000208,Booker T. Washington High,Caddo Parish,Shreveport,722,622,Yes participating without using any Provision or the CEO,true
220027702434,Booker T. Washington High School,KIPP Booker T. Washington,New Orleans,532,462,Yes under Community Eligibility Option (CEO),true
220123001024,Boothville-Venice Elementary School,Plaquemines Parish,Boothville,270,200,Yes under Community Eligibility Option (CEO),false
220027000118,Bossier Elementary School,Bossier Parish,Bossier City,239,209,Yes under Community Eligibility Option (CEO),false
220027000120,Bossier High School,Bossier Parish,Bossier City,654,529,Yes under Community Eligibility Option (CEO),true
220174001337,Bourg Elementary School,Terrebonne Parish,Bourg,328,171,Yes under Community Eligibility Option (CEO),false
220165001268,Boyet Junior High School,St. Tammany Parish,Slidell,644,256,Yes under Community Eligibility Option (CEO),false
220003000002,Branch Elementary School,Acadia Parish,Branch,374,220,Yes under Community Eligibility Option (CEO),true
220159001216,Breaux Bridge Elementary School,St. Martin Parish,Breaux Bridge,322,295,Yes under Community Eligibility Option (CEO),false
220159001219,Breaux Bridge High School,St. Martin Parish,Breaux Bridge,690,551,Yes under Community Eligibility Option (CEO),true
220159001217,Breaux Bridge Junior High School,St. Martin Parish,Breaux Bridge,351,309,Yes under Community Eligibility Option (CEO),true
220159001218,Breaux Bridge Primary School,St. Martin Parish,Breaux Bridge,463,447,Yes under Community Eligibility Option (CEO),false
220033000219,Brentwood Elementary School,Calcasieu Parish,Lake Charles,272,253,Yes participating without using any Provision or the CEO,false
220028902364,Bricolage Academy,Bricolage Academy,New Orleans,965,833,Yes participating without using any Provision or the CEO,false
220084000588,Bridgedale Elementary School,Jefferson Parish,Metairie,491,346,Yes under Community Eligibility Option (CEO),false
220054000353,Broadmoor Elementary School,East Baton Rouge Parish,Baton Rouge,579,476,Yes under Community Eligibility Option (CEO),false
220174001339,Broadmoor Elementary School,Terrebonne Parish,Houma,587,403,Yes under Community Eligibility Option (CEO),false
220087000664,Broadmoor Elementary School,Lafayette Parish,Lafayette,749,321,Yes under Community Eligibility Option (CEO),false
220054000355,Broadmoor Senior High School,East Baton Rouge Parish,Baton Rouge,791,524,Yes under Community Eligibility Option (CEO),true
220030000146,Broadmoor STEM Academy,Caddo Parish,Shreveport,695,550,Yes participating without using any Provision or the CEO,true
220087000665,Broussard Middle School,Lafayette Parish,Broussard,465,256,Yes under Community Eligibility Option (CEO),true
220189001432,Brown Upper Elementary School,Webster Parish,Springhill,186,163,Yes under Community Eligibility Option (CEO),false
220054000357,Brownfields Elementary School,East Baton Rouge Parish,Baton Rouge,368,334,Yes participating without using any Provision or the CEO,false
220189001433,Browning Elementary School,Webster Parish,Springhill,252,226,Yes under Community Eligibility Option (CEO),false
220192000419,Brusly Elementary School,West Baton Rouge Parish,Brusly,489,329,Yes under Community Eligibility Option (CEO),false
220192001457,Brusly High School,West Baton Rouge Parish,Brusly,734,427,Yes under Community Eligibility Option (CEO),true
220192001458,Brusly Middle School,West Baton Rouge Parish,Brusly,539,363,Yes under Community Eligibility Option (CEO),true
220192002485,Brusly Upper Elementary School,West Baton Rouge Parish,Brusly,334,210,Yes under Community Eligibility Option (CEO),false
220129001046,Buckeye Elementary School,Rapides Parish,Deville,419,262,Yes under Community Eligibility Option (CEO),false
220129001047,Buckeye High School,Rapides Parish,Deville,915,542,Yes under Community Eligibility Option (CEO),false
220009002472,Bullion Primary School,Ascension Parish,Prairieville,586,220,Yes participating without using any Provision or the CEO,false
220015000061,Bunkie Elementary School,Avoyelles Parish,Bunkie,368,326,Yes under Community Eligibility Option (CEO),false
220015000063,Bunkie Magnet High School,Avoyelles Parish,Bunkie,669,423,Yes under Community Eligibility Option (CEO),true
220024000104,Byrd Avenue Primary School,City of Bogalusa School District,Bogalusa,303,293,Yes under Community Eligibility Option (CEO),false
220030000147,C.e. Byrd High School,Caddo Parish,Shreveport,1517,648,Yes participating without using any Provision or the CEO,false
220141000816,C.f. Rowley Alternative School,St. Bernard Parish,Chalmette,103,80,Yes under Community Eligibility Option (CEO),true
220090000722,C.m. Washington Elementary School,Lafourche Parish,Thibodaux,392,324,Yes under Community Eligibility Option (CEO),false
220030000150,Caddo Heights Math/Science Elementary School,Caddo Parish,Shreveport,604,537,Yes participating without using any Provision or the CEO,false
220030000167,Caddo Middle Career and Technology School,Caddo Parish,Shreveport,336,283,Yes participating without using any Provision or the CEO,true
220030001551,Caddo Parish Magnet High School,Caddo Parish,Shreveport,869,218,Yes participating without using any Provision or the CEO,false
220030000158,Caddo Parish Middle Magnet School,Caddo Parish,Shreveport,977,228,Yes participating without using any Provision or the CEO,false
220030002426,Caddo Virtual Academy,Caddo Parish,Shreveport,110,64,Yes participating without using any Provision or the CEO,false
220174001340,Caldwell Middle School,Terrebonne Parish,Schriever,341,283,Yes under Community Eligibility Option (CEO),false
220036000281,Caldwell Parish High School,Caldwell Parish,Columbia,398,253,Yes under Community Eligibility Option (CEO),true
220036000282,Caldwell Parish Junior High School,Caldwell Parish,Columbia,294,222,Yes under Community Eligibility Option (CEO),true
220120001527,Calhoun Elementary School,Ouachita Parish,Calhoun,420,227,Yes under Community Eligibility Option (CEO),false
220120001889,Calhoun Middle School,Ouachita Parish,Calhoun,423,226,Yes under Community Eligibility Option (CEO),true
220201001479,Calvin High School,Winn Parish,Calvin,289,178,Yes under Community Eligibility Option (CEO),true
220072002260,Caneview Elementary School,Iberia Parish,New Iberia,509,380,Yes under Community Eligibility Option (CEO),false
220192002501,Caneview K-8 School,West Baton Rouge Parish,Port Allen,483,396,Yes under Community Eligibility Option (CEO),false
220156001174,Cankton Elementary School,St. Landry Parish,Cankton,504,418,Yes under Community Eligibility Option (CEO),false
220054000373,Capitol Elementary School,East Baton Rouge Parish,Baton Rouge,321,295,Yes under Community Eligibility Option (CEO),false
220054010420,Capitol High School,East Baton Rouge Parish,Baton Rouge,205,189,Yes under Community Eligibility Option (CEO),false
220054000360,Capitol Middle School,East Baton Rouge Parish,Baton Rouge,413,365,Yes under Community Eligibility Option (CEO),true
220030000151,Captain Shreve High School,Caddo Parish,Shreveport,1658,874,Yes participating without using any Provision or the CEO,false
220087000667,Carencro Bob Lilly Elementary,Lafayette Parish,Carencro,705,487,Yes under Community Eligibility Option (CEO),false
220087000668,Carencro High School,Lafayette Parish,Lafayette,1116,800,Yes under Community Eligibility Option (CEO),true
220087000666,Carencro Middle School,Lafayette Parish,Carencro,585,454,Yes under Community Eligibility Option (CEO),true
220129002344,Caroline Dormon Junior High School,Rapides Parish,Woodworth,362,154,Yes under Community Eligibility Option (CEO),false
220165001271,Carolyn Park Middle,St. Tammany Parish,Slidell,233,174,Yes under Community Eligibility Option (CEO),false
220108000787,Carroll High School,City of Monroe School District,Monroe,577,534,Yes under Community Eligibility Option (CEO),true
220108000788,Carroll Junior High School,City of Monroe School District,Monroe,348,328,Yes under Community Eligibility Option (CEO),true
220129001074,Carter C. Raymond Junior High School,Rapides Parish,Lecompte,124,120,Yes under Community Eligibility Option (CEO),true
220108000789,Carver Elementary School,City of Monroe School District,Monroe,395,386,Yes under Community Eligibility Option (CEO),false
220021000092,Castor High School,Bienville Parish,Castor,417,223,Yes under Community Eligibility Option (CEO),true
220180001399,Cecil Picard Elementary School at Maurice,Vermilion Parish,Maurice,592,284,Yes under Community Eligibility Option (CEO),false
220159001223,Cecilia High School,St. Martin Parish,Cecilia,768,528,Yes under Community Eligibility Option (CEO),true
220159001221,Cecilia Junior High School,St. Martin Parish,Cecilia,576,415,Yes under Community Eligibility Option (CEO),true
220159001222,Cecilia Primary School,St. Martin Parish,Cecilia,656,598,Yes under Community Eligibility Option (CEO),false
220054000362,Cedarcrest-Southmoor Elementary School,East Baton Rouge Parish,Baton Rouge,644,480,Yes under Community Eligibility Option (CEO),false
220072000509,Center Street Elementary School,Iberia Parish,New Iberia,368,318,Yes under Community Eligibility Option (CEO),false
220162001238,Centerville High School,St. Mary Parish,Centerville,429,318,Yes under Community Eligibility Option (CEO),true
220024000102,Central Elementary School,City of Bogalusa School District,Bogalusa,416,392,Yes under Community Eligibility Option (CEO),false
220120000986,Central Elementary School,Ouachita Parish,Calhoun,430,214,Yes under Community Eligibility Option (CEO),false
220189001440,Central Elementary School,Webster Parish,Dubberly,427,232,Yes under Community Eligibility Option (CEO),false
220012500363,Central High School,Central Community School District,Baton Rouge,1529,778,Yes participating without using any Provision or the CEO,true
220042000295,Central High School,Catahoula Parish,Jonesville,47,39,Yes under Community Eligibility Option (CEO),true
220012502090,Central Intermediate School,Central Community School District,Central,1039,611,Yes participating without using any Provision or the CEO,false
220090000699,Central Lafourche High School,Lafourche Parish,Raceland,1307,758,Yes participating without using any Provision or the CEO,true
228010002497,Central Louisiana Supports and Services Center,Special School District,Alexandria,37,34,Yes participating without using any Provision or the CEO,false
220012500364,Central Middle School,Central Community School District,Central,1012,566,Yes participating without using any Provision or the CEO,true
220156001175,Central Middle School,St. Landry Parish,Eunice,251,216,Yes under Community Eligibility Option (CEO),false
220009000462,Central Middle School,Ascension Parish,Gonzales,512,277,Yes under Community Eligibility Option (CEO),true
220027000123,Central Park Elementary School,Bossier Parish,Bossier City,431,363,Yes under Community Eligibility Option (CEO),false
220009002279,Central Primary School,Ascension Parish,Gonzales,626,343,Yes under Community Eligibility Option (CEO),false
220003000003,Central Rayne Kindergarten School,Acadia Parish,Rayne,173,139,Yes under Community Eligibility Option (CEO),false
220004702462,Central Southwest Alternative High School,Office of Juvenile Justice,Bunkie,56,53,Yes participating without using any Provision or the CEO,false
220004710417,Central Southwest Alternative- St. Martinville,Office of Juvenile Justice,Saint Martinville,16,13,Yes participating without using any Provision or the CEO,false
220090000700,Chackbay Elementary School,Lafourche Parish,Thibodaux,344,143,Yes under Community Eligibility Option (CEO),false
220165001272,Chahta-Ima Elementary School,St. Tammany Parish,Lacombe,319,209,Yes under Community Eligibility Option (CEO),false
220141002306,Chalmette Elementary School,St. Bernard Parish,Chalmette,467,308,Yes under Community Eligibility Option (CEO),false
220141001125,Chalmette High School,St. Bernard Parish,Chalmette,2193,1301,Yes under Community Eligibility Option (CEO),true
220168001299,Champ Cooper Elementary School,Tangipahoa Parish,Ponchatoula,1163,764,Yes under Community Eligibility Option (CEO),true
220087001147,Charles M. Burke Elementary School,Lafayette Parish,Duson,564,378,Yes under Community Eligibility Option (CEO),false
220063000473,Chataignier Elementary School,Evangeline Parish,Chataignier,375,320,Yes under Community Eligibility Option (CEO),true
220084001704,Chateau Estates School,Jefferson Parish,Kenner,610,387,Yes under Community Eligibility Option (CEO),true
220129001048,Cherokee Elementary School,Rapides Parish,Alexandria,576,487,Yes under Community Eligibility Option (CEO),false
220030000153,Cherokee Park Elementary School,Caddo Parish,Shreveport,282,268,Yes participating without using any Provision or the CEO,false
220168001300,Chesbrough Elementary School,Tangipahoa Parish,Kentwood,424,350,Yes under Community Eligibility Option (CEO),false
220099001983,Choudrant Elementary School,Lincoln Parish,Choudrant,536,224,Yes participating without using any Provision or the CEO,false
220099000742,Choudrant High School,Lincoln Parish,Choudrant,421,188,Yes participating without using any Provision or the CEO,true
220105010412,Christian Acres Alternative School,Madison Parish,Tallulah,56,40,Yes participating without using any Provision or the CEO,true
220003001505,Church Point Elementary School,Acadia Parish,Church Point,491,421,Yes under Community Eligibility Option (CEO),false
220003000004,Church Point High School,Acadia Parish,Church Point,504,309,Yes under Community Eligibility Option (CEO),true
220003000005,Church Point Middle School,Acadia Parish,Church Point,262,213,Yes under Community Eligibility Option (CEO),true
220054000367,Claiborne Elementary School,East Baton Rouge Parish,Baton Rouge,436,415,Yes under Community Eligibility Option (CEO),false
220030000154,Claiborne Fundamental Elementary School,Caddo Parish,Shreveport,396,248,Yes participating without using any Provision or the CEO,false
220120000987,Claiborne School,Ouachita Parish,West Monroe,643,325,Yes participating without using any Provision or the CEO,false
220108000792,Clara Hall Accelerated School,City of Monroe School District,Monroe,260,251,Yes under Community Eligibility Option (CEO),false
220165001566,Clearwood Junior High School,St. Tammany Parish,Slidell,539,287,Yes under Community Eligibility Option (CEO),true
220060000459,Clinton Elementary School,East Feliciana Parish,Clinton,189,165,Yes under Community Eligibility Option (CEO),false
220192001460,Cohn Elementary School,West Baton Rouge Parish,Port Allen,217,204,Yes under Community Eligibility Option (CEO),false
220033000223,College Oaks Elementary School,Calcasieu Parish,Lake Charles,278,228,Yes participating without using any Provision or the CEO,false
220028802448,Collegiate Baton Rouge,Collegiate Baton Rouge,Baton Rouge,530,513,Yes under Community Eligibility Option (CEO),true
220036000284,Columbia Elementary School,Caldwell Parish,Columbia,191,150,Yes under Community Eligibility Option (CEO),false
220033000261,Combre-Fondel Elementary School,Calcasieu Parish,Lake Charles,426,365,Yes participating without using any Provision or the CEO,false
220054000673,Community School for Apprenticeship Learning,East Baton Rouge Parish,Baton Rouge,290,240,Yes under Community Eligibility Option (CEO),true
220048001515,Concordia Education Center,Concordia Parish,Ferriday,26,22,Yes participating without using any Provision or the CEO,true
220084001883,Congetta Trippe Janet Elementary School,Jefferson Parish,Marrero,868,594,Yes under Community Eligibility Option (CEO),false
220138001107,Converse High School,Sabine Parish,Converse,490,332,Yes under Community Eligibility Option (CEO),true
220027001573,Cope Middle School,Bossier Parish,Bossier City,752,440,Yes under Community Eligibility Option (CEO),true
220003902013,Copper Mill Elementary/Middle School,Zachary Community School District,Zachary,837,550,Yes participating without using any Provision or the CEO,false
220087000687,Corporal Michael Middlebrook Elementary School,Lafayette Parish,Lafayette,484,306,Yes under Community Eligibility Option (CEO),false
220072000510,Coteau Elementary School,Iberia Parish,New Iberia,353,278,Yes under Community Eligibility Option (CEO),false
220174001341,Coteau-Bayou Blue Elementary School,Terrebonne Parish,Houma,627,479,Yes under Community Eligibility Option (CEO),false
220015000064,Cottonport Elementary,Avoyelles Parish,Cottonport,255,227,Yes under Community Eligibility Option (CEO),false
220165001273,Covington Elementary School,St. Tammany Parish,Covington,551,313,Yes under Community Eligibility Option (CEO),false
220165001274,Covington High School,St. Tammany Parish,Covington,1600,751,Yes under Community Eligibility Option (CEO),true
220021000094,Crawford Elementary School,Bienville Parish,Arcadia,278,250,Yes under Community Eligibility Option (CEO),false
220165001591,Creekside Junior High,St. Tammany Parish,Pearl River,447,251,Yes under Community Eligibility Option (CEO),true
220075000536,Crescent Elementary/Junior High School,Iberville Parish,Plaquemine,379,266,Yes under Community Eligibility Option (CEO),false
220054000368,Crestworth Elementary School,East Baton Rouge Parish,Baton Rouge,427,404,Yes under Community Eligibility Option (CEO),false
220030000156,Creswell Elementary School,Caddo Parish,Shreveport,325,265,Yes participating without using any Provision or the CEO,false
220156002480,Creswell Middle School,St. Landry Parish,Opelousas,162,143,Yes under Community Eligibility Option (CEO),false
220120000988,Crosley Elementary School,Ouachita Parish,West Monroe,193,118,Yes under Community Eligibility Option (CEO),false
220003000006,Crowley High School,Acadia Parish,Crowley,495,372,Yes under Community Eligibility Option (CEO),true
220003000008,Crowley Kindergarten School,Acadia Parish,Crowley,208,187,Yes under Community Eligibility Option (CEO),false
220003000007,Crowley Middle School,Acadia Parish,Crowley,394,348,Yes under Community Eligibility Option (CEO),true
220066000489,Crowville School,Franklin Parish,Winnsboro,409,303,Yes under Community Eligibility Option (CEO),true
220054002491,Csal Elementary,East Baton Rouge Parish,Baton Rouge,288,244,Yes under Community Eligibility Option (CEO),false
220027000124,Curtis Elementary School,Bossier Parish,Bossier City,441,254,Yes under Community Eligibility Option (CEO),false
220090000702,Cut Off Elementary School,Lafourche Parish,Cut Off,395,247,Yes under Community Eligibility Option (CEO),false
220165000384,Cypress Cove Elementary School,St. Tammany Parish,Slidell,593,294,Yes under Community Eligibility Option (CEO),false
220033000258,Cypress Cove Elementary School,Calcasieu Parish,Sulphur,399,240,Yes participating without using any Provision or the CEO,false
220108000831,Cypress Point Elementary School,City of Monroe School District,Monroe,431,387,Yes under Community Eligibility Option (CEO),false
220099000743,Cypress Springs Elementary School,Lincoln Parish,Ruston,369,268,Yes participating without using any Provision or the CEO,false
220014602282,D'Arbonne Woods Charter School,D'Arbonne Woods Charter School,Farmerville,993,589,Yes participating without using any Provision or the CEO,true
220168001320,D.c. Reeves Elementary School,Tangipahoa Parish,Ponchatoula,688,499,Yes under Community Eligibility Option (CEO),false
220129001054,D.f. Huddle Elementary,Rapides Parish,Alexandria,412,404,Yes under Community Eligibility Option (CEO),false
220019602383,Dalton Elementary School a Redesign School,Dalton Charter School,Baton Rouge,189,184,Yes under Community Eligibility Option (CEO),false
220072001925,Daspit Road Elementary School,Iberia Parish,New Iberia,503,394,Yes under Community Eligibility Option (CEO),false
220087002301,David Thibodaux STEM Magnet Academy,Lafayette Parish,Lafayette,1362,539,Yes under Community Eligibility Option (CEO),true
220072001585,Delcambre Elementary School,Iberia Parish,Delcambre,472,282,Yes under Community Eligibility Option (CEO),false
220072000511,Delcambre High School,Iberia Parish,Delcambre,454,255,Yes under Community Eligibility Option (CEO),true
220003801539,Delhi Charter School,Delhi Charter School,Delhi,618,478,Yes under Community Eligibility Option (CEO),true
220135001097,Delhi Elementary School,Richland Parish,Delhi,167,158,Yes under Community Eligibility Option (CEO),false
220135001095,Delhi High School,Richland Parish,Delhi,139,116,Yes under Community Eligibility Option (CEO),true
220135001096,Delhi Middle School,Richland Parish,Delhi,91,84,Yes under Community Eligibility Option (CEO),true
220024702354,Delta Charter School Mst,Delta Charter Group,Ferriday,485,268,Yes under Community Eligibility Option (CEO),true
220111000813,Delta Elementary School,Morehouse Parish,Mer Rouge,442,363,Yes under Community Eligibility Option (CEO),false
220102000757,Denham Springs Elementary School,Livingston Parish,Denham Springs,678,537,Yes under Community Eligibility Option (CEO),false
220102000758,Denham Springs High School,Livingston Parish,Denham Springs,2385,1659,Yes under Community Eligibility Option (CEO),false
220102000759,Denham Springs Junior High School,Livingston Parish,Denham Springs,811,602,Yes under Community Eligibility Option (CEO),true
220033002292,Dequincy Elementary School,Calcasieu Parish,DeQuincy,222,134,Yes participating without using any Provision or the CEO,false
220033000227,Dequincy High School,Calcasieu Parish,DeQuincy,279,131,Yes participating without using any Provision or the CEO,true
220033000226,Dequincy Middle School,Calcasieu Parish,DeQuincy,208,110,Yes participating without using any Provision or the CEO,true
220033000225,Dequincy Primary School,Calcasieu Parish,DeQuincy,239,157,Yes participating without using any Provision or the CEO,false
220018010434,Deridder Elementary School,Beauregard Parish,DeRidder,490,300,Yes participating without using any Provision or the CEO,false
220018000081,Deridder High School,Beauregard Parish,DeRidder,621,309,Yes under Community Eligibility Option (CEO),true
220018000082,Deridder Junior High School,Beauregard Parish,DeRidder,287,145,Yes under Community Eligibility Option (CEO),true
220144001139,Destrehan High School,St. Charles Parish,Destrehan,1435,679,Yes under Community Eligibility Option (CEO),true
220201001480,Dodson High School,Winn Parish,Dodson,283,200,Yes under Community Eligibility Option (CEO),true
220033000228,Dolby Elementary School,Calcasieu Parish,Lake Charles,360,221,Yes participating without using any Provision or the CEO,false
220009000036,Donaldsonville High School,Ascension Parish,Donaldsonville,396,361,Yes under Community Eligibility Option (CEO),true
220009000035,Donaldsonville Primary School,Ascension Parish,Donaldsonville,371,330,Yes under Community Eligibility Option (CEO),false
220030001917,Donnie Bickham Middle School,Caddo Parish,Shreveport,800,541,Yes participating without using any Provision or the CEO,true
220024302362,Dorothy Height Charter School,Dorothy Height Charter School,New Orleans,878,701,Yes participating without using any Provision or the CEO,true
220075001980,Dorseyville Elementary School,Iberville Parish,White Castle,402,345,Yes under Community Eligibility Option (CEO),false
220177001374,Downsville Community Charter School,Union Parish,Downsville,470,286,Yes under Community Eligibility Option (CEO),true
220102000760,Doyle Elementary School,Livingston Parish,Livingston,580,422,Yes under Community Eligibility Option (CEO),false
220102000761,Doyle High School,Livingston Parish,Livingston,643,400,Yes under Community Eligibility Option (CEO),true
220189001436,Doyline High School,Webster Parish,Doyline,385,260,Yes under Community Eligibility Option (CEO),true
220180001387,Dozier Elementary School,Vermilion Parish,Erath,556,260,Yes under Community Eligibility Option (CEO),false
220084002486,Dr. John Ochsner Discovery Health Sciences Academy,Jefferson Parish,Jefferson,731,395,Yes participating without using any Provision or the CEO,false
220021700414,Dr. Martin Luther King Charter School for Sci Tech,Dr Martin Luther King Charter School for Sci Tech,New Orleans,752,752,Yes under Community Eligibility Option (CEO),true
220087002467,Dr. Raphael A. Baranco Elementary School,Lafayette Parish,Lafayette,247,230,Yes under Community Eligibility Option (CEO),false
220120000989,Drew Elementary School,Ouachita Parish,West Monroe,537,241,Yes participating without using any Provision or the CEO,false
220099000744,Dubach School,Lincoln Parish,Dubach,134,102,Yes participating without using any Provision or the CEO,false
220174001342,Dularge Elementary School,Terrebonne Parish,Houma,244,198,Yes under Community Eligibility Option (CEO),false
220009001540,Duplessis Primary School,Ascension Parish,Gonzales,539,317,Yes under Community Eligibility Option (CEO),false
220087000671,Duson Elementary School,Lafayette Parish,Duson,229,170,Yes under Community Eligibility Option (CEO),false
220009001541,Dutchtown High School,Ascension Parish,Geismar,2029,694,Yes participating without using any Provision or the CEO,false
220009000037,Dutchtown Middle School,Ascension Parish,Geismar,605,236,Yes participating without using any Provision or the CEO,false
220009001976,Dutchtown Primary School,Ascension Parish,Geismar,541,280,Yes participating without using any Provision or the CEO,false
220030602455,Dwight D. Eisenhower Charter School,Dwight D. Eisenhower Charter School,New Orleans,596,456,Yes under Community Eligibility Option (CEO),true
220165001282,E. E. Lyon Elementary School,St. Tammany Parish,Covington,628,387,Yes under Community Eligibility Option (CEO),false
220033000242,E. K. Key Elementary School,Calcasieu Parish,Sulphur,546,361,Yes participating without using any Provision or the CEO,false
220189001446,E. S. Richardson Elementary School,Webster Parish,Minden,275,231,Yes under Community Eligibility Option (CEO),false
220087002072,Early College Academy,Lafayette Parish,Lafayette,257,78,Yes participating without using any Provision or the CEO,true
220009000038,East Ascension High School,Ascension Parish,Gonzales,1894,1088,Yes under Community Eligibility Option (CEO),true
220018001507,East Beauregard Elementary School,Beauregard Parish,DeRidder,425,242,Yes under Community Eligibility Option (CEO),false
220018000083,East Beauregard High School,Beauregard Parish,DeRidder,417,229,Yes under Community Eligibility Option (CEO),true
220156001178,East Elementary School,St. Landry Parish,Eunice,310,267,Yes under Community Eligibility Option (CEO),false
220060000465,East Feliciana High School,East Feliciana Parish,Jackson,231,209,Yes under Community Eligibility Option (CEO),true
220060000461,East Feliciana Middle School,East Feliciana Parish,Clinton,137,116,Yes under Community Eligibility Option (CEO),true
220075000231,East Iberville Elementary/High School,Iberville Parish,St. Gabriel,727,534,Yes under Community Eligibility Option (CEO),true
220084000597,East Jefferson High School,Jefferson Parish,Metairie,1381,867,Yes under Community Eligibility Option (CEO),true
220183001406,East Leesville Early Childhood Center,Vernon Parish,Leesville,176,118,Yes under Community Eligibility Option (CEO),false
220114000828,East Natchitoches Elementary & Middle School,Natchitoches Parish,Natchitoches,383,379,Yes under Community Eligibility Option (CEO),false
220120002446,East Ouachita Middle School,Ouachita Parish,Monroe,498,352,Yes under Community Eligibility Option (CEO),true
220153001488,East St. John High School,St. John the Baptist Parish,Reserve,1293,976,Yes under Community Eligibility Option (CEO),true
220153001495,East St. John Preparatory Academy,St. John the Baptist Parish,LaPlace,318,271,Yes under Community Eligibility Option (CEO),true
228010001725,Eastern La Mental System,Special School District,Jackson,2,,Yes participating without using any Provision or the CEO,false
220102000726,Eastside Elementary School,Livingston Parish,Denham Springs,439,294,Yes under Community Eligibility Option (CEO),false
220180001389,Eaton Park Elementary School,Vermilion Parish,Abbeville,376,333,Yes under Community Eligibility Option (CEO),false
220138001108,Ebarb School,Sabine Parish,Noble,232,159,Yes under Community Eligibility Option (CEO),true
220054000339,Ebr Readiness Superintendent Academy,East Baton Rouge Parish,Baton Rouge,193,171,Yes under Community Eligibility Option (CEO),true
220054002423,Ebr Virtual Academy,East Baton Rouge Parish,Baton Rouge,169,125,Yes participating without using any Provision or the CEO,true
228010310427,Ecole Pointe-Au-Chien,Ecole Pointe-au-Chien,Montegut,33,13,Yes participating without using any Provision or the CEO,false
220156002522,Ecole Saint-Landry,St. Landry Parish,Sunset,213,132,Yes under Community Eligibility Option (CEO),false
220030000157,Eden Gardens Fundamental Elementary School,Caddo Parish,Shreveport,495,85,Yes participating without using any Provision or the CEO,false
220087000681,Edgar Martin Middle School,Lafayette Parish,Lafayette,641,270,Yes under Community Eligibility Option (CEO),true
220029400911,Edna Karr High School,Edna Karr High School,New Orleans,1097,805,Yes under Community Eligibility Option (CEO),false
220031702492,Edward Hynes Charter School - Lakeview,Edward Hynes Charter School - Lakeview,New Orleans,690,162,Yes under Community Eligibility Option (CEO),false
220032702526,Edward Hynes Charter School - Parkview,Edward Hynes Charter School - Parkview,New Orleans,490,364,Yes under Community Eligibility Option (CEO),false
220031802493,Edward Hynes Charter School - Uno,Edward Hynes Charter School - UNO,New Orleans,577,266,Yes under Community Eligibility Option (CEO),false
220087002441,Edward J Sam Accelerated School of Lafayette,Lafayette Parish,Lafayette,84,58,Yes participating without using any Provision or the CEO,false
220003000010,Egan Elementary School,Acadia Parish,Egan,240,116,Yes under Community Eligibility Option (CEO),true
220030000159,Eighty-First Street Ece Center,Caddo Parish,Shreveport,35,27,Yes participating without using any Provision or the CEO,false
220029202422,Einstein Charter at Sherwood Forest,Einstein Charter at Sherwood Forest,New Orleans,342,312,Yes under Community Eligibility Option (CEO),false
220028002430,Einstein Charter Middle Sch at Sarah Towles Reed,Einstein Charter Middle Sch at Sarah Towles Reed,New Orleans,267,249,Yes under Community Eligibility Option (CEO),true
220028300858,Einstein Charter School at Village De L'Est,Einstein Charter School at Village De L'Est,New Orleans,409,352,Yes under Community Eligibility Option (CEO),false
220117002438,Elan Academy Charter School,Orleans Parish,New Orleans,436,371,Yes under Community Eligibility Option (CEO),false
220029100945,Eleanor McMain Secondary School,Eleanor McMain Secondary School,New Orleans,690,575,Yes under Community Eligibility Option (CEO),false
220006000024,Elizabeth High School,Allen Parish,Elizabeth,337,212,Yes under Community Eligibility Option (CEO),true
220084000640,Ella C. Pittman Elementary School,Jefferson Parish,Harvey,471,378,Yes under Community Eligibility Option (CEO),false
220174001346,Ellender Memorial High School,Terrebonne Parish,Houma,819,665,Yes under Community Eligibility Option (CEO),true
220027002310,Elm Grove Elementary School,Bossier Parish,Elm Grove,332,172,Yes under Community Eligibility Option (CEO),false
220027000125,Elm Grove Middle School,Bossier Parish,Bossier City,916,461,Yes under Community Eligibility Option (CEO),true
220081000562,Elton Elementary School,Jefferson Davis Parish,Elton,221,140,Yes under Community Eligibility Option (CEO),false
220081000561,Elton High School,Jefferson Davis Parish,Elton,245,142,Yes under Community Eligibility Option (CEO),true
220153002281,Emily C. Watkins Elementary,St. John the Baptist Parish,Laplace,551,444,Yes under Community Eligibility Option (CEO),true
220084000605,Emmett C.gilbert School of Excellence at Ford,Jefferson Parish,Avondale,769,610,Yes under Community Eligibility Option (CEO),true
220186001420,Enon Elementary School,Washington Parish,Franklinton,263,171,Yes under Community Eligibility Option (CEO),false
220180001390,Erath High School,Vermilion Parish,Erath,557,239,Yes under Community Eligibility Option (CEO),true
220180001846,Erath Middle School,Vermilion Parish,Erath,466,208,Yes under Community Eligibility Option (CEO),true
220087001173,Ernest Gallet Elementary School,Lafayette Parish,Youngsville,643,243,Yes under Community Eligibility Option (CEO),false
220032302496,Esperanza Charter School,Esperanza Charter School,New Orleans,538,334,Yes under Community Eligibility Option (CEO),false
220084000602,Estelle School,Jefferson Parish,Marrero,518,421,Yes under Community Eligibility Option (CEO),true
220003000011,Estherwood Elementary School,Acadia Parish,Estherwood,203,140,Yes under Community Eligibility Option (CEO),false
220144000243,Ethel Schoeffner Elementary School,St. Charles Parish,Destrehan,381,159,Yes under Community Eligibility Option (CEO),false
220156001180,Eunice Elementary School,St. Landry Parish,Eunice,188,163,Yes under Community Eligibility Option (CEO),false
220156001181,Eunice High School,St. Landry Parish,Eunice,606,435,Yes under Community Eligibility Option (CEO),true
220156001182,Eunice Junior High School,St. Landry Parish,Eunice,276,233,Yes under Community Eligibility Option (CEO),true
220054010415,Eva Legard Learning Center,East Baton Rouge Parish,Baton Rouge,66,56,Yes under Community Eligibility Option (CEO),false
220003000012,Evangeline Elementary School,Acadia Parish,Evangeline,159,86,Yes under Community Eligibility Option (CEO),true
220087001598,Evangeline Elementary School,Lafayette Parish,Lafayette,604,515,Yes under Community Eligibility Option (CEO),false
220063010424,Evangeline Reimagine Academy,Evangeline Parish,Ville Platte,175,167,Yes under Community Eligibility Option (CEO),false
220183001407,Evans High School,Vernon Parish,Evans,364,280,Yes under Community Eligibility Option (CEO),true
220174001348,Evergreen Junior High School,Terrebonne Parish,Houma,622,459,Yes under Community Eligibility Option (CEO),true
220033000280,F. K. White Middle School,Calcasieu Parish,Lake Charles,614,386,Yes participating without using any Provision or the CEO,true
220030002444,Fair Park Middle School,Caddo Parish,Shreveport,469,431,Yes participating without using any Provision or the CEO,true
220030000160,Fairfield Magnet School,Caddo Parish,Shreveport,512,95,Yes participating without using any Provision or the CEO,false
220033000230,Fairview Elementary School,Calcasieu Parish,Lake Charles,518,304,Yes participating without using any Provision or the CEO,false
220006000025,Fairview High School,Allen Parish,Grant,387,249,Yes under Community Eligibility Option (CEO),true
220114000829,Fairview-Alpha Elementary & Junior High School,Natchitoches Parish,Campti,278,250,Yes under Community Eligibility Option (CEO),false
220026702062,Fannie C. Williams Charter School,Fannie C Williams Charter School,New Orleans,485,483,Yes under Community Eligibility Option (CEO),true
220096000729,Fellowship Elementary School,LaSalle Parish,Trout,209,90,Yes under Community Eligibility Option (CEO),false
220081000563,Fenton Elementary School,Jefferson Davis Parish,Fenton,73,51,Yes under Community Eligibility Option (CEO),true
220048000317,Ferriday High School,Concordia Parish,Ferriday,289,276,Yes under Community Eligibility Option (CEO),true
220048000318,Ferriday Junior High School,Concordia Parish,Ferriday,241,227,Yes under Community Eligibility Option (CEO),true
220048000319,Ferriday Lower Elementary School,Concordia Parish,Ferriday,313,295,Yes under Community Eligibility Option (CEO),false
220048000321,Ferriday Upper Elementary School,Concordia Parish,Ferriday,242,226,Yes under Community Eligibility Option (CEO),false
220153002003,Fifth Ward Elementary School,St. John the Baptist Parish,Reserve,306,266,Yes under Community Eligibility Option (CEO),false
220165001277,Fifth Ward Junior High School,St. Tammany Parish,Bush,440,230,Yes under Community Eligibility Option (CEO),true
220084000604,Fisher Middle/High School,Jefferson Parish,Marrero,498,305,Yes under Community Eligibility Option (CEO),true
220165001278,Florida Avenue Elementary School,St. Tammany Parish,Slidell,440,302,Yes under Community Eligibility Option (CEO),false
220168010414,Florida Parishes Juvenile Detention Center,Tangipahoa Parish,Covington,72,55,Yes participating without using any Provision or the CEO,true
220138001110,Florien High School,Sabine Parish,Florien,399,225,Yes under Community Eligibility Option (CEO),true
220165001279,Folsom Elementary School,St. Tammany Parish,Folsom,453,231,Yes under Community Eligibility Option (CEO),false
220165001280,Folsom Junior High School,St. Tammany Parish,Folsom,183,91,Yes under Community Eligibility Option (CEO),true
220165000412,Fontainebleau High School,St. Tammany Parish,Mandeville,1451,467,Yes under Community Eligibility Option (CEO),false
220165000589,Fontainebleau Junior High School,St. Tammany Parish,Mandeville,784,254,Yes under Community Eligibility Option (CEO),false
220054000375,Forest Heights Academy of Excellence,East Baton Rouge Parish,Baton Rouge,409,290,Yes under Community Eligibility Option (CEO),false
220030000162,Forest Hill Elementary School,Caddo Parish,Shreveport,479,375,Yes participating without using any Provision or the CEO,false
220129001712,Forest Hill Junior High School,Rapides Parish,Forest Hill,496,431,Yes under Community Eligibility Option (CEO),true
220195001469,Forest School,West Carroll Parish,Forest,460,368,Yes under Community Eligibility Option (CEO),true
220180001391,Forked Island/E. Broussard Elem School,Vermilion Parish,Abbeville,243,123,Yes under Community Eligibility Option (CEO),true
220066000486,Fort Necessity School,Franklin Parish,Fort Necessity,254,203,Yes under Community Eligibility Option (CEO),true
220032102494,Foundation Preparatory Academy,Foundation Preparatory Academy,New Orleans,274,249,Yes under Community Eligibility Option (CEO),false
220162001243,Franklin Junior High School,St. Mary Parish,Franklin,196,183,Yes under Community Eligibility Option (CEO),true
220066000490,Franklin Parish High School,Franklin Parish,Winnsboro,706,503,Yes under Community Eligibility Option (CEO),true
220162001242,Franklin Senior High School,St. Mary Parish,Franklin,304,275,Yes under Community Eligibility Option (CEO),true
220186001421,Franklinton Elementary School,Washington Parish,Franklinton,389,286,Yes under Community Eligibility Option (CEO),false
220186001424,Franklinton High School,Washington Parish,Franklinton,649,415,Yes under Community Eligibility Option (CEO),true
220186001422,Franklinton Junior High School,Washington Parish,Franklinton,312,233,Yes under Community Eligibility Option (CEO),true
220186001423,Franklinton Primary School,Washington Parish,Franklinton,567,429,Yes under Community Eligibility Option (CEO),false
220033000232,Frasch Elementary School,Calcasieu Parish,Sulphur,522,228,Yes participating without using any Provision or the CEO,false
220019700953,Frederick A. Douglass High School,Frederick A. Douglass High School,New Orleans,658,575,Yes under Community Eligibility Option (CEO),false
220084001518,Frederick Douglass Community School,Jefferson Parish,Gretna,40,35,Yes under Community Eligibility Option (CEO),true
220102001707,French Settlement Elementary School,Livingston Parish,French Settlement,530,343,Yes under Community Eligibility Option (CEO),false
220102000762,French Settlement High School,Livingston Parish,French Settlement,450,268,Yes under Community Eligibility Option (CEO),true
220102000763,Freshwater Elementary School,Livingston Parish,Denham Springs,370,305,Yes under Community Eligibility Option (CEO),false
220102000764,Frost School,Livingston Parish,Livingston,314,235,Yes under Community Eligibility Option (CEO),true
220026502334,G W Carver High School,G W Carver Collegiate Academy,New Orleans,771,718,Yes under Community Eligibility Option (CEO),true
220009000034,G. W. Carver Primary School,Ascension Parish,Gonzales,487,349,Yes under Community Eligibility Option (CEO),false
220084000657,G.t. Woods School,Jefferson Parish,Kenner,375,264,Yes under Community Eligibility Option (CEO),true
220090000704,Galliano Elementary School,Lafourche Parish,Galliano,383,284,Yes under Community Eligibility Option (CEO),false
220009000039,Galvez Middle School,Ascension Parish,Prairieville,655,366,Yes participating without using any Provision or the CEO,true
220009001862,Galvez Primary School,Ascension Parish,Prairieville,783,398,Yes participating without using any Provision or the CEO,false
220153000430,Garyville/Mt. Airy Math & Science Magnet Schl.,St. John the Baptist Parish,Garyville,305,257,Yes under Community Eligibility Option (CEO),true
220165001286,Gayle Sloan Middle School,St. Tammany Parish,Mandeville,502,109,Yes under Community Eligibility Option (CEO),false
220057000454,General Trass High School,East Carroll Parish,Lake Providence,214,199,Yes under Community Eligibility Option (CEO),true
220031302470,Geo Next Generation High School,GEO Next Generation High School,Baton Rouge,478,343,Yes under Community Eligibility Option (CEO),false
220023002420,Geo Prep Academy of Greater Baton Rouge,GEO Prep Academy of Greater Baton Rouge,Baton Rouge,769,543,Yes under Community Eligibility Option (CEO),true
228010110418,Geo Prep Baker,GEO Prep Baker,Baker,121,99,Yes under Community Eligibility Option (CEO),false
220029802361,Geo Prep Mid-City of Greater Baton Rouge,GEO Prep Mid-City of Greater Baton Rouge,Baton Rouge,686,614,Yes under Community Eligibility Option (CEO),true
220084000591,George Cox Elementary School,Jefferson Parish,Gretna,402,273,Yes under Community Eligibility Option (CEO),false
220120001940,George Welch Elementary School,Ouachita Parish,West Monroe,429,152,Yes participating without using any Provision or the CEO,false
220069000500,Georgetown High School,Grant Parish,Georgetown,236,142,Yes under Community Eligibility Option (CEO),true
220084001881,Geraldine Boudreaux Elementary School,Jefferson Parish,Terrytown,615,446,Yes under Community Eligibility Option (CEO),true
220021000095,Gibsland-Coleman High School,Bienville Parish,Gibsland,139,118,Yes under Community Eligibility Option (CEO),true
220066000487,Gilbert School,Franklin Parish,Gilbert,394,291,Yes under Community Eligibility Option (CEO),true
220033001674,Gillis Elementary School,Calcasieu Parish,Lake Charles,650,349,Yes participating without using any Provision or the CEO,false
220054001554,Glasgow Middle School,East Baton Rouge Parish,Baton Rouge,542,327,Yes under Community Eligibility Option (CEO),true
220054000376,Glen Oaks Park Elementary School,East Baton Rouge Parish,Baton Rouge,415,385,Yes under Community Eligibility Option (CEO),false
220054000378,Glen Oaks Senior High School,East Baton Rouge Parish,Baton Rouge,575,503,Yes under Community Eligibility Option (CEO),true
220099000745,Glen View Elementary School,Lincoln Parish,Ruston,438,312,Yes participating without using any Provision or the CEO,false
220156001183,Glendale Elementary School,St. Landry Parish,Eunice,259,227,Yes under Community Eligibility Option (CEO),false
220129001051,Glenmora High School,Rapides Parish,Glenmora,673,539,Yes under Community Eligibility Option (CEO),true
220165001269,Glynn H. Brock Elementary School,St. Tammany Parish,Slidell,345,272,Yes under Community Eligibility Option (CEO),false
220090000707,Golden Meadow Lower Elementary School,Lafourche Parish,Golden Meadow,155,116,Yes under Community Eligibility Option (CEO),false
220090000706,Golden Meadow Middle School,Lafourche Parish,Golden Meadow,318,236,Yes under Community Eligibility Option (CEO),true
220090000708,Golden Meadow Upper Elementary School,Lafourche Parish,Golden Meadow,125,99,Yes under Community Eligibility Option (CEO),false
220114000830,Goldonna Elementary & Junior High School,Natchitoches Parish,Goldonna,100,99,Yes under Community Eligibility Option (CEO),true
220009000040,Gonzales Middle School,Ascension Parish,Gonzales,664,455,Yes under Community Eligibility Option (CEO),true
220009000041,Gonzales Primary School,Ascension Parish,Gonzales,455,336,Yes under Community Eligibility Option (CEO),false
220120001564,Good Hope Middle School,Ouachita Parish,West Monroe,601,297,Yes under Community Eligibility Option (CEO),true
220096000730,Goodpine Middle School,LaSalle Parish,Jena,279,163,Yes under Community Eligibility Option (CEO),false
220150001161,Gramercy Elementary School,St. James Parish,Gramercy,403,243,Yes under Community Eligibility Option (CEO),false
220174001350,Grand Caillou Elementary School,Terrebonne Parish,Houma,360,325,Yes under Community Eligibility Option (CEO),false
220174001952,Grand Caillou Middle School,Terrebonne Parish,Houma,267,231,Yes under Community Eligibility Option (CEO),true
220156001184,Grand Coteau Elementary School,St. Landry Parish,Grand Coteau,269,209,Yes under Community Eligibility Option (CEO),false
220084000606,Grand Isle High School,Jefferson Parish,Grand Isle,76,50,Yes under Community Eligibility Option (CEO),true
220039002482,Grand Lake Elementary,Cameron Parish,Lake Charles,351,155,Yes under Community Eligibility Option (CEO),false
220039000289,Grand Lake High School,Cameron Parish,Lake Charles,322,119,Yes under Community Eligibility Option (CEO),true
220156001185,Grand Prairie Elementary School,St. Landry Parish,Washington,264,198,Yes under Community Eligibility Option (CEO),false
220069000501,Grant High School,Grant Parish,Dry Prong,569,331,Yes under Community Eligibility Option (CEO),true
220069000498,Grant Junior High School,Grant Parish,Dry Prong,438,299,Yes under Community Eligibility Option (CEO),true
220102001720,Gray's Creek Elementary School,Livingston Parish,Denham Springs,475,363,Yes under Community Eligibility Option (CEO),false
220036000285,Grayson Elementary School,Caldwell Parish,Grayson,212,163,Yes under Community Eligibility Option (CEO),false
220054010421,Great Hearts Harveston,East Baton Rouge Parish,Baton Rouge,579,359,Yes participating without using any Provision or the CEO,false
220030000163,Green Oaks Performing Arts Academy,Caddo Parish,Shreveport,308,264,Yes participating without using any Provision or the CEO,true
220084000608,Green Park Elementary School,Jefferson Parish,Metairie,433,293,Yes under Community Eligibility Option (CEO),false
220087000680,Green T. Lindon Elementary School,Lafayette Parish,Youngsville,719,343,Yes under Community Eligibility Option (CEO),false
220027000126,Greenacres Middle School,Bossier Parish,Bossier City,543,384,Yes under Community Eligibility Option (CEO),true
220054000380,Greenbrier Elementary School,East Baton Rouge Parish,Baton Rouge,317,280,Yes under Community Eligibility Option (CEO),false
220084000607,Greenlawn Terrace Elementary School,Jefferson Parish,Kenner,542,377,Yes under Community Eligibility Option (CEO),false
220168001305,Greenville Park Leadership Academy,Tangipahoa Parish,Hammond,384,340,Yes under Community Eligibility Option (CEO),true
220084001965,Gretna No. 2 Academy for Advanced Studies,Jefferson Parish,Gretna,355,146,Yes under Community Eligibility Option (CEO),false
220057000453,Griffin Middle School Academy,East Carroll Parish,Lake Providence,163,155,Yes under Community Eligibility Option (CEO),true
220156001186,Grolee Elementary School,St. Landry Parish,Opelousas,404,389,Yes under Community Eligibility Option (CEO),false
220180001695,Gueydan High School,Vermilion Parish,Gueydan,187,106,Yes under Community Eligibility Option (CEO),true
220174001338,H. L. Bourgeois High School,Terrebonne Parish,Gray,1289,889,Yes under Community Eligibility Option (CEO),true
220039000290,Hackberry High School,Cameron Parish,Hackberry,218,99,Yes under Community Eligibility Option (CEO),true
220144001141,Hahnville High School,St. Charles Parish,Boutte,1416,652,Yes under Community Eligibility Option (CEO),true
220168001902,Hammond Eastside Magnet,Tangipahoa Parish,Hammond,1340,995,Yes under Community Eligibility Option (CEO),true
220168001304,Hammond High Magnet School,Tangipahoa Parish,Hammond,1606,1097,Yes under Community Eligibility Option (CEO),true
220168001900,Hammond Westside Montessori,Tangipahoa Parish,Hammond,1022,798,Yes under Community Eligibility Option (CEO),true
220084000613,Harahan School,Jefferson Parish,Harahan,390,276,Yes under Community Eligibility Option (CEO),true
220084000624,Harold Keller Elementary School,Jefferson Parish,Metairie,550,353,Yes under Community Eligibility Option (CEO),false
220022000946,Harriet Tubman Charter School,Harriet Tubman Charter School,New Orleans,901,693,Yes participating without using any Provision or the CEO,true
220042000298,Harrisonburg High School,Catahoula Parish,Harrisonburg,318,214,Yes under Community Eligibility Option (CEO),true
220144001632,Harry M. Hurst Middle School,St. Charles Parish,Destrehan,685,283,Yes under Community Eligibility Option (CEO),true
220084001884,Harry S Truman School,Jefferson Parish,Marrero,717,594,Yes under Community Eligibility Option (CEO),true
220081000564,Hathaway High School,Jefferson Davis Parish,Jennings,566,253,Yes under Community Eligibility Option (CEO),true
220162001259,Hattie A. Watts Elementary School,St. Mary Parish,Patterson,601,482,Yes under Community Eligibility Option (CEO),false
220027002450,Haughton Elementary School,Bossier Parish,Haughton,618,326,Yes under Community Eligibility Option (CEO),false
220027000127,Haughton High School,Bossier Parish,Haughton,1360,637,Yes under Community Eligibility Option (CEO),false
220027000135,Haughton Middle School,Bossier Parish,Haughton,993,503,Yes under Community Eligibility Option (CEO),true
220129001944,Hayden R. Lawrence Upper Elementary School,Rapides Parish,Deville,382,263,Yes under Community Eligibility Option (CEO),false
220084000617,Haynes Academy School for Advanced Studies,Jefferson Parish,Metairie,872,265,Yes under Community Eligibility Option (CEO),false
220045000307,Haynesville Elementary School,Claiborne Parish,Haynesville,304,255,Yes under Community Eligibility Option (CEO),false
220045000308,Haynesville Jr./Sr. High School,Claiborne Parish,Haynesville,246,185,Yes under Community Eligibility Option (CEO),true
220084000618,Hazel Park/Hilda Knoff School,Jefferson Parish,River Ridge,384,269,Yes under Community Eligibility Option (CEO),true
220054002503,Helix Aviation Academy,East Baton Rouge Parish,Baton Rouge,383,345,Yes under Community Eligibility Option (CEO),true
220054002504,Helix Legal Academy,East Baton Rouge Parish,Baton Rouge,127,110,Yes under Community Eligibility Option (CEO),true
220054002311,Helix Mentorship STEAM Academy,East Baton Rouge Parish,Baton Rouge,504,416,Yes under Community Eligibility Option (CEO),true
220033000236,Henry Heights Elementary School,Calcasieu Parish,Lake Charles,315,251,Yes participating without using any Provision or the CEO,false
220165002328,Henry Mayfield Elementary School,St. Tammany Parish,Slidell,749,454,Yes under Community Eligibility Option (CEO),false
220030000165,Herndon Magnet School,Caddo Parish,Belcher,701,239,Yes participating without using any Provision or the CEO,false
220183001408,Hicks High School,Vernon Parish,Leesville,336,209,Yes under Community Eligibility Option (CEO),true
220054000383,Highland Elementary School,East Baton Rouge Parish,Baton Rouge,288,168,Yes under Community Eligibility Option (CEO),false
220120000992,Highland Elementary School,Ouachita Parish,West Monroe,263,162,Yes under Community Eligibility Option (CEO),false
220099000747,Hillcrest Elementary School,Lincoln Parish,Ruston,326,218,Yes participating without using any Provision or the CEO,false
220102000765,Holden High School,Livingston Parish,Holden,651,479,Yes under Community Eligibility Option (CEO),true
220135001098,Holly Ridge Elementary School,Richland Parish,Rayville,232,174,Yes under Community Eligibility Option (CEO),true
220045000310,Homer Elementary School,Claiborne Parish,Homer,339,325,Yes under Community Eligibility Option (CEO),false
220045000311,Homer High School,Claiborne Parish,Homer,237,226,Yes under Community Eligibility Option (CEO),true
220045000312,Homer Junior High School,Claiborne Parish,Homer,232,222,Yes under Community Eligibility Option (CEO),true
220032802527,Homer Plessy Community School,Homer Plessy Community School,New Orleans,781,538,Yes under Community Eligibility Option (CEO),false
220165001949,Honey Island Elementary School,St. Tammany Parish,Slidell,607,279,Yes under Community Eligibility Option (CEO),false
220183001409,Hornbeck High School,Vernon Parish,Hornbeck,335,225,Yes under Community Eligibility Option (CEO),true
220129001053,Horseshoe Drive Elementary School,Rapides Parish,Alexandria,243,233,Yes under Community Eligibility Option (CEO),false
220174001353,Houma Junior High School,Terrebonne Parish,Houma,673,479,Yes under Community Eligibility Option (CEO),true
220015101195,Howard School,Howard School,Ruston,75,59,Yes participating without using any Provision or the CEO,false
220030000169,Huntington High School,Caddo Parish,Shreveport,1345,998,Yes participating without using any Provision or the CEO,true
220099000748,I.a. Lewis School,Lincoln Parish,Ruston,277,171,Yes participating without using any Provision or the CEO,false
220072000316,Iberia Middle School,Iberia Parish,New Iberia,405,306,Yes under Community Eligibility Option (CEO),true
220021902395,Iberville Charter Academy,Iberville Charter Academy,Plaquemine,513,355,Yes under Community Eligibility Option (CEO),true
220075001997,Iberville Elementary School,Iberville Parish,Plaquemine,839,659,Yes under Community Eligibility Option (CEO),false
220054002453,Idea Bridge,East Baton Rouge Parish,Baton Rouge,1122,877,Yes under Community Eligibility Option (CEO),true
220054002459,Idea Innovation,East Baton Rouge Parish,Baton Rouge,797,471,Yes under Community Eligibility Option (CEO),true
220019002386,Impact Charter School,Impact Charter School,Baker,429,394,Yes under Community Eligibility Option (CEO),true
220168001307,Independence High Magnet,Tangipahoa Parish,Independence,490,408,Yes under Community Eligibility Option (CEO),true
220168001306,Independence Leadership Academy,Tangipahoa Parish,Independence,548,481,Yes under Community Eligibility Option (CEO),false
220180002009,Indian Bayou Elementary School,Vermilion Parish,Rayne,217,92,Yes under Community Eligibility Option (CEO),false
220054002316,Inspire Charter Academy,East Baton Rouge Parish,Baton Rouge,658,630,Yes under Community Eligibility Option (CEO),true
220015602270,International High School of New Orleans,Voices for International Business & Education,New Orleans,380,228,Yes participating without using any Provision or the CEO,false
220003301485,International School of Louisiana,International School of Louisiana,New Orleans,1074,503,Yes participating without using any Provision or the CEO,true
220003000013,Iota Elementary School,Acadia Parish,Iota,585,332,Yes under Community Eligibility Option (CEO),false
220003000014,Iota High School,Acadia Parish,Iota,566,221,Yes under Community Eligibility Option (CEO),true
220003001015,Iota Middle School,Acadia Parish,Iota,235,104,Yes under Community Eligibility Option (CEO),true
220033000238,Iowa High School,Calcasieu Parish,Iowa,1007,557,Yes participating without using any Provision or the CEO,true
220084000655,Isaac G Joseph Elementary School,Jefferson Parish,Westwego,439,366,Yes under Community Eligibility Option (CEO),false
220054002440,Istrouma High School,East Baton Rouge Parish,Baton Rouge,556,504,Yes under Community Eligibility Option (CEO),true
220189001445,J. A. Phillips Elementary School,Webster Parish,Minden,429,352,Yes under Community Eligibility Option (CEO),false
220033000274,J. I. Watson Elementary School,Calcasieu Parish,Iowa,531,393,Yes participating without using any Provision or the CEO,false
220054010423,J. K. Haynes Teacher Prep and Leadership Academy,East Baton Rouge Parish,Baton Rouge,121,120,Yes under Community Eligibility Option (CEO),false
220189001442,J. L. Jones Elementary School,Webster Parish,Minden,318,265,Yes under Community Eligibility Option (CEO),false
220030002336,J. S. Clark Elementary School,Caddo Parish,Shreveport,387,366,Yes participating without using any Provision or the CEO,false
220087001546,J. Wallace James Elementary School,Lafayette Parish,Scott,957,489,Yes under Community Eligibility Option (CEO),false
220144001145,J.b. Martin Middle School,St. Charles Parish,Paradis,733,297,Yes under Community Eligibility Option (CEO),true
220129001062,J.b. Nachman Elementary School,Rapides Parish,Alexandria,546,414,Yes under Community Eligibility Option (CEO),false
220084000600,J.c. Ellis School,Jefferson Parish,Metairie,587,415,Yes under Community Eligibility Option (CEO),true
220084000636,J.d. Meisler Middle School,Jefferson Parish,Metairie,679,349,Yes under Community Eligibility Option (CEO),true
220141001127,J.f. Gauthier School,St. Bernard Parish,St. Bernard,500,336,Yes under Community Eligibility Option (CEO),false
220180001569,J.h. Williams Middle School,Vermilion Parish,Abbeville,374,305,Yes under Community Eligibility Option (CEO),true
220129001041,J.i. Barron Sr. Elementary School,Rapides Parish,Pineville,924,596,Yes under Community Eligibility Option (CEO),false
220162001232,J.s. Aucoin Elementary School,St. Mary Parish,Amelia,237,153,Yes under Community Eligibility Option (CEO),false
220108000790,J.s. Clark Magnet Elementary School,City of Monroe School District,Monroe,458,328,Yes under Community Eligibility Option (CEO),false
220087000672,J.w. Faulk Elementary School,Lafayette Parish,Lafayette,424,400,Yes under Community Eligibility Option (CEO),false
220120000990,Jack Hayes Elementary School,Ouachita Parish,Monroe,501,408,Yes under Community Eligibility Option (CEO),false
220060000464,Jackson Elementary School,East Feliciana Parish,Jackson,244,210,Yes under Community Eligibility Option (CEO),false
220033000220,Jake Drost School for Exceptional Children,Calcasieu Parish,Sulphur,19,16,Yes participating without using any Provision or the CEO,true
220180001394,James A. Herod Elementary School,Vermilion Parish,Abbeville,285,254,Yes under Community Eligibility Option (CEO),false
220063001659,James Stephens Montessori School,Evangeline Parish,Ville Platte,421,358,Yes under Community Eligibility Option (CEO),false
220084002305,Jcfa,Jefferson Parish,Harvey,127,102,Yes under Community Eligibility Option (CEO),true
220030102445,Jcfa Lafayette,JCFA Lafayette,Lafayette,56,48,Yes participating without using any Provision or the CEO,true
220024102370,Jcfa-East,JCFA-East,Jefferson,154,127,Yes participating without using any Provision or the CEO,true
220072000519,Jeanerette Senior High School,Iberia Parish,Jeanerette,291,254,Yes under Community Eligibility Option (CEO),true
220072002085,Jefferson Island Road Elementary,Iberia Parish,New Iberia,486,399,Yes under Community Eligibility Option (CEO),false
220084002419,Jefferson Rise Charter School,Jefferson Parish,Harvey,764,664,Yes under Community Eligibility Option (CEO),true
220084000622,Jefferson School,Jefferson Parish,Jefferson,619,453,Yes under Community Eligibility Option (CEO),true
220054000388,Jefferson Terrace Academy,East Baton Rouge Parish,Baton Rouge,571,448,Yes under Community Eligibility Option (CEO),false
220084002506,Jefferson Virtual High School,Jefferson Parish,Jefferson,67,38,Yes participating without using any Provision or the CEO,false
220096000731,Jena Elementary School,LaSalle Parish,Jena,381,203,Yes under Community Eligibility Option (CEO),false
220096000732,Jena High School,LaSalle Parish,Jena,490,248,Yes under Community Eligibility Option (CEO),true
220096000733,Jena Junior High School,LaSalle Parish,Jena,288,165,Yes under Community Eligibility Option (CEO),true
220081000569,Jennings Elementary School,Jefferson Davis Parish,Jennings,976,710,Yes under Community Eligibility Option (CEO),false
220081000566,Jennings High School,Jefferson Davis Parish,Jennings,775,504,Yes under Community Eligibility Option (CEO),true
220180001401,Jesse Owens Elementary School,Vermilion Parish,Gueydan,180,111,Yes under Community Eligibility Option (CEO),false
220168001840,Jewel M. Sumner High School,Tangipahoa Parish,Kentwood,428,299,Yes under Community Eligibility Option (CEO),true
220168002274,Jewel M. Sumner Middle School,Tangipahoa Parish,Kentwood,306,243,Yes under Community Eligibility Option (CEO),true
220084000590,John Clancy/Joseph Maggiore Elementary School,Jefferson Parish,Kenner,545,317,Yes under Community Eligibility Option (CEO),false
220084000598,John Ehret High School,Jefferson Parish,Marrero,1850,1379,Yes under Community Eligibility Option (CEO),true
220031902499,John F. Kennedy High School,John F. Kennedy High School,New Orleans,665,588,Yes under Community Eligibility Option (CEO),true
220033000250,John J. Johnson II Elementary School,Calcasieu Parish,Lake Charles,131,127,Yes participating without using any Provision or the CEO,false
220084001512,John James Audubon School,Jefferson Parish,Kenner,572,425,Yes under Community Eligibility Option (CEO),true
220153000427,John L. Ory Communications Magnet Elementary,St. John the Baptist Parish,LaPlace,428,272,Yes under Community Eligibility Option (CEO),true
220084000576,John Q. Adams Middle School,Jefferson Parish,Metairie,658,368,Yes under Community Eligibility Option (CEO),true
220039000291,Johnson Bayou High School,Cameron Parish,Cameron,68,27,Yes under Community Eligibility Option (CEO),false
220072000514,Johnston Hopkins Elementary School,Iberia Parish,New Iberia,350,332,Yes under Community Eligibility Option (CEO),false
220078000558,Jonesboro-Hodge Elementary School,Jackson Parish,Jonesboro,291,259,Yes under Community Eligibility Option (CEO),false
220078000555,Jonesboro-Hodge High School,Jackson Parish,Jonesboro,198,158,Yes under Community Eligibility Option (CEO),true
220078000557,Jonesboro-Hodge Middle School,Jackson Parish,Jonesboro,145,118,Yes under Community Eligibility Option (CEO),true
220042000299,Jonesville Elementary School,Catahoula Parish,Jonesville,211,202,Yes under Community Eligibility Option (CEO),false
220165002329,Joseph B. Lancaster Elementary School,St. Tammany Parish,Madisonville,1480,320,Yes participating without using any Provision or the CEO,false
220084000595,Joseph C Moscona School,Jefferson Parish,Metairie,521,350,Yes under Community Eligibility Option (CEO),true
220141001131,Joseph J. Davies Elementary School,St. Bernard Parish,Meraux,593,343,Yes under Community Eligibility Option (CEO),false
220021502348,Js Clark Leadership Academy,JS Clark Leadership Academy,Opelousas,434,391,Yes under Community Eligibility Option (CEO),true
220102002313,Juban Parc Elementary School,Livingston Parish,Denham Springs,416,294,Yes under Community Eligibility Option (CEO),false
220102002312,Juban Parc Junior High School,Livingston Parish,Denham Springs,564,422,Yes under Community Eligibility Option (CEO),false
220084000579,Judge Lionel R. Collins Elementary School,Jefferson Parish,Marrero,414,352,Yes under Community Eligibility Option (CEO),false
220087000675,Judice Middle School,Lafayette Parish,Duson,442,270,Yes under Community Eligibility Option (CEO),true
220030000171,Judson Fundamental Elementary School,Caddo Parish,Shreveport,312,220,Yes participating without using any Provision or the CEO,false
220162001250,Julia B. Maitland School,St. Mary Parish,Morgan City,199,170,Yes under Community Eligibility Option (CEO),false
220018001572,K.r. Hanchey Elementary School,Beauregard Parish,DeRidder,353,236,Yes under Community Eligibility Option (CEO),false
220180001396,Kaplan Elementary School,Vermilion Parish,Kaplan,550,380,Yes under Community Eligibility Option (CEO),false
220180001398,Kaplan High School,Vermilion Parish,Kaplan,528,267,Yes under Community Eligibility Option (CEO),true
220087000670,Katharine Drexel Elementary School,Lafayette Parish,Broussard,583,414,Yes under Community Eligibility Option (CEO),false
220030001918,Keithville Elementary/Middle School,Caddo Parish,Keithville,818,617,Yes participating without using any Provision or the CEO,true
228010510429,Kenilworth Science and Technology Academy,Pelican Educational Foundation- Kenilworth Science,Baton Rouge,694,572,Yes under Community Eligibility Option (CEO),false
220084000653,Kenner Discovery Health Sciences Academy,Jefferson Parish,Kenner,2263,1552,Yes participating without using any Provision or the CEO,true
220168001310,Kentwood High Magnet School,Tangipahoa Parish,Kentwood,259,239,Yes under Community Eligibility Option (CEO),true
220006000026,Kinder Elementary School,Allen Parish,Kinder,524,371,Yes under Community Eligibility Option (CEO),false
220006000027,Kinder High School,Allen Parish,Kinder,388,237,Yes under Community Eligibility Option (CEO),true
220006001049,Kinder Middle School,Allen Parish,Kinder,333,210,Yes under Community Eligibility Option (CEO),true
220027002409,Kingston Elementary School,Bossier Parish,Benton,768,190,Yes participating without using any Provision or the CEO,false
220021600958,Kipp Believe,KIPP Believe,New Orleans,710,647,Yes under Community Eligibility Option (CEO),true
220024602079,Kipp Central City,KIPP Central City,New Orleans,817,682,Yes under Community Eligibility Option (CEO),true
220024802401,Kipp East,KIPP East Community Primary,New Orleans,921,816,Yes under Community Eligibility Option (CEO),false
220021102307,Kipp Leadership,KIPP Leadership,New Orleans,890,807,Yes under Community Eligibility Option (CEO),true
220026200932,Kipp Morial,KIPP Ernest N. Dutch Morial,New Orleans,951,839,Yes under Community Eligibility Option (CEO),true
220120000993,Kiroli Elementary School,Ouachita Parish,West Monroe,450,212,Yes under Community Eligibility Option (CEO),false
220156001189,Krotz Springs Elementary School,St. Landry Parish,Krotz Springs,211,145,Yes under Community Eligibility Option (CEO),true
220087000676,L. Leo Judice Elementary School,Lafayette Parish,Scott,371,165,Yes under Community Eligibility Option (CEO),false
220020700972,L.b. Landry High School,Lord Beaconsfield Landry-Oliver Perry Walker High,New Orleans,555,510,Yes under Community Eligibility Option (CEO),true
220084000632,L.h. Marrero Middle School,Jefferson Parish,Marrero,619,433,Yes under Community Eligibility Option (CEO),true
220087000661,L.j. Alleman Middle School,Lafayette Parish,Lafayette,890,417,Yes under Community Eligibility Option (CEO),true
220165001686,L.p. Monteleone Junior High School,St. Tammany Parish,Mandeville,349,125,Yes under Community Eligibility Option (CEO),false
220114001617,L.p. Vaughn Elementary & Middle School,Natchitoches Parish,Natchitoches,687,623,Yes under Community Eligibility Option (CEO),false
220129001078,L.s. Rugg Elementary School,Rapides Parish,Alexandria,356,349,Yes under Community Eligibility Option (CEO),false
220084000620,L.w. Higgins High School,Jefferson Parish,Marrero,1136,899,Yes under Community Eligibility Option (CEO),true
220015001378,La School for Ag Science,Avoyelles Parish,Bunkie,412,191,Yes under Community Eligibility Option (CEO),true
220012000052,Labadieville Middle School,Assumption Parish,Labadieville,191,158,Yes under Community Eligibility Option (CEO),true
220012000053,Labadieville Primary School,Assumption Parish,Labadieville,256,215,Yes under Community Eligibility Option (CEO),false
220054000390,Labelle Aire Elementary School,East Baton Rouge Parish,Baton Rouge,425,312,Yes under Community Eligibility Option (CEO),false
220174001354,Lacache Middle School,Terrebonne Parish,Bourg,225,160,Yes under Community Eligibility Option (CEO),true
220081000570,Lacassine High School,Jefferson Davis Parish,Lacassine,587,246,Yes under Community Eligibility Option (CEO),true
220141002338,Lacoste Elementary School,St. Bernard Parish,Chalmette,621,343,Yes under Community Eligibility Option (CEO),false
220015000069,Lafargue Elementary School,Avoyelles Parish,Effie,581,392,Yes under Community Eligibility Option (CEO),false
220087000678,Lafayette High School,Lafayette Parish,Lafayette,1720,812,Yes under Community Eligibility Option (CEO),true
220087000677,Lafayette Middle School,Lafayette Parish,Lafayette,351,294,Yes under Community Eligibility Option (CEO),true
220023502396,Lafayette Renaissance Charter Academy,Lafayette Charter Foundation,Lafayette,2177,1809,Yes under Community Eligibility Option (CEO),true
220162001249,Lagrange Elementary School,St. Mary Parish,Franklin,221,206,Yes under Community Eligibility Option (CEO),false
220033000244,Lagrange High School,Calcasieu Parish,Lake Charles,881,693,Yes participating without using any Provision or the CEO,true
220081000571,Lake Arthur Elementary School,Jefferson Davis Parish,Lake Arthur,441,270,Yes under Community Eligibility Option (CEO),false
220081000572,Lake Arthur High School,Jefferson Davis Parish,Lake Arthur,365,197,Yes under Community Eligibility Option (CEO),true
220015802319,Lake Charles Charter Academy,Lake Charles Charter Academy Foundation Inc.,Lake Charles,951,813,Yes under Community Eligibility Option (CEO),true
220019802388,Lake Charles College Prep,Lake Charles College Prep,Lake Charles,624,469,Yes under Community Eligibility Option (CEO),true
220009001863,Lake Elementary School,Ascension Parish,St. Amant,1096,499,Yes participating without using any Provision or the CEO,false
220028201937,Lake Forest Elementary Charter School,Lake Forest Elementary Charter School,New Orleans,691,503,Yes participating without using any Provision or the CEO,true
220165001535,Lake Harbor Middle School,St. Tammany Parish,Mandeville,582,165,Yes under Community Eligibility Option (CEO),false
220153002004,Lake Pontchartrain Elementary School,St. John the Baptist Parish,LaPlace,754,592,Yes under Community Eligibility Option (CEO),true
220165002255,Lakeshore High School,St. Tammany Parish,Mandeville,835,294,Yes under Community Eligibility Option (CEO),false
220120000994,Lakeshore School,Ouachita Parish,Monroe,532,402,Yes under Community Eligibility Option (CEO),false
220189001450,Lakeside Junior-Senior High School,Webster Parish,Sibley,546,296,Yes under Community Eligibility Option (CEO),true
220009002262,Lakeside Primary School,Ascension Parish,Prairieville,545,336,Yes participating without using any Provision or the CEO,false
220114000101,Lakeview Jr./Sr. High School,Natchitoches Parish,Campti,261,254,Yes under Community Eligibility Option (CEO),true
220144001633,Lakewood Elementary School,St. Charles Parish,Luling,501,178,Yes under Community Eligibility Option (CEO),false
220020600976,Langston Hughes Charter Academy,Langston Hughes Charter Academy,New Orleans,791,710,Yes under Community Eligibility Option (CEO),true
220022602391,Lanier Elementary School a Redesign School,Lanier Charter School,Baton Rouge,234,218,Yes under Community Eligibility Option (CEO),false
220153001493,Laplace Elementary School,St. John the Baptist Parish,LaPlace,710,614,Yes under Community Eligibility Option (CEO),true
220090000711,Larose-Cut Off Middle School,Lafourche Parish,Larose,430,234,Yes under Community Eligibility Option (CEO),true
220054000392,Lasalle Elementary School,East Baton Rouge Parish,Baton Rouge,338,217,Yes under Community Eligibility Option (CEO),false
220096000734,Lasalle High School,LaSalle Parish,Olla,196,121,Yes under Community Eligibility Option (CEO),true
220096000738,Lasalle Junior High School,LaSalle Parish,Urania,144,93,Yes under Community Eligibility Option (CEO),true
220084002411,Laureate Academy Charter School,Jefferson Parish,Harvey,532,401,Yes under Community Eligibility Option (CEO),false
220156001190,Lawtell Elementary School,St. Landry Parish,Lawtell,567,489,Yes under Community Eligibility Option (CEO),true
220180002273,Leblanc Elementary School,Vermilion Parish,Abbeville,624,393,Yes under Community Eligibility Option (CEO),false
220033000246,Leblanc Middle School,Calcasieu Parish,Sulphur,366,219,Yes participating without using any Provision or the CEO,true
220033001543,Lebleu Settlement Elementary School,Calcasieu Parish,Lake Charles,386,207,Yes participating without using any Provision or the CEO,false
220165001281,Lee Road Junior High School,St. Tammany Parish,Covington,727,296,Yes under Community Eligibility Option (CEO),true
220183001410,Leesville High School,Vernon Parish,Leesville,748,449,Yes under Community Eligibility Option (CEO),true
220183001411,Leesville Junior High School,Vernon Parish,Leesville,421,288,Yes under Community Eligibility Option (CEO),true
220027002080,Legacy Elementary School,Bossier Parish,Bossier City,560,172,Yes participating without using any Provision or the CEO,false
220174001355,Legion Park Elementary School,Terrebonne Parish,Houma,300,270,Yes under Community Eligibility Option (CEO),false
220120000995,Lenwil Elementary School,Ouachita Parish,West Monroe,277,229,Yes under Community Eligibility Option (CEO),false
220084001882,Leo E. Kerner Jr. Elementary School,Jefferson Parish,Lafitte,360,232,Yes under Community Eligibility Option (CEO),false
220156001192,Leonville Elementary School,St. Landry Parish,Leonville,616,414,Yes under Community Eligibility Option (CEO),true
220129001081,Lessie Moore Elementary School,Rapides Parish,Pineville,392,374,Yes under Community Eligibility Option (CEO),false
220102001612,Levi Milton Elementary School,Livingston Parish,Walker,702,542,Yes under Community Eligibility Option (CEO),false
220102001709,Lewis Vincent Elementary School,Livingston Parish,Denham Springs,487,347,Yes under Community Eligibility Option (CEO),false
220108000797,Lexington Elementary School,City of Monroe School District,Monroe,547,289,Yes under Community Eligibility Option (CEO),false
220054002342,Liberty High School,East Baton Rouge Parish,Baton Rouge,1218,684,Yes under Community Eligibility Option (CEO),true
220027502421,Lincoln Preparatory School,Lincoln Preparatory School,Grambling,684,582,Yes under Community Eligibility Option (CEO),true
220084000629,Lincoln School for the Arts,Jefferson Parish,Marrero,467,413,Yes under Community Eligibility Option (CEO),true
220030000181,Linear/Northside Middle School,Caddo Parish,Shreveport,259,240,Yes participating without using any Provision or the CEO,false
220005400175,Linwood Public Charter School,Recovery School District-LDE,Shreveport,1092,1025,Yes under Community Eligibility Option (CEO),true
220174001356,Lisa Park Elementary School,Terrebonne Parish,Houma,574,456,Yes under Community Eligibility Option (CEO),false
220165001648,Little Oak Middle School,St. Tammany Parish,Slidell,847,351,Yes under Community Eligibility Option (CEO),false
220165002089,Little Pearl Elementary School,St. Tammany Parish,Pearl River,98,49,Yes under Community Eligibility Option (CEO),false
220084000630,Livaudais Middle School,Jefferson Parish,Terrytown,743,433,Yes under Community Eligibility Option (CEO),true
220102000766,Live Oak Elementary School,Livingston Parish,Denham Springs,571,454,Yes under Community Eligibility Option (CEO),false
220087001176,Live Oak Elementary School,Lafayette Parish,Lafayette,520,426,Yes under Community Eligibility Option (CEO),false
220102000767,Live Oak High School,Livingston Parish,Watson,1392,839,Yes under Community Eligibility Option (CEO),false
220102002435,Live Oak Junior High,Livingston Parish,Watson,654,449,Yes under Community Eligibility Option (CEO),false
220102001558,Live Oak Middle School,Livingston Parish,Watson,672,455,Yes under Community Eligibility Option (CEO),true
220027602433,Livingston Collegiate Academy,Livingston Collegiate Academy,New Orleans,575,499,Yes under Community Eligibility Option (CEO),true
220126001029,Livonia High School,Pointe Coupee Parish,Livonia,899,562,Yes under Community Eligibility Option (CEO),true
220090000713,Lockport Lower Elementary School,Lafourche Parish,Lockport,429,240,Yes under Community Eligibility Option (CEO),false
220090000712,Lockport Middle School,Lafourche Parish,Lockport,331,174,Yes under Community Eligibility Option (CEO),true
220090000714,Lockport Upper Elementary School,Lafourche Parish,Lockport,374,198,Yes under Community Eligibility Option (CEO),false
220051000331,Logansport High School,DeSoto Parish,Logansport,566,348,Yes under Community Eligibility Option (CEO),true
220168001311,Loranger Elementary School,Tangipahoa Parish,Loranger,800,594,Yes under Community Eligibility Option (CEO),false
220168001312,Loranger High School,Tangipahoa Parish,Loranger,616,380,Yes under Community Eligibility Option (CEO),true
220168001951,Loranger Middle School,Tangipahoa Parish,Loranger,590,412,Yes under Community Eligibility Option (CEO),true
220072000522,Loreauville Elementary School,Iberia Parish,Loreauville,679,346,Yes under Community Eligibility Option (CEO),false
220072000523,Loreauville High School,Iberia Parish,Loreauville,576,264,Yes under Community Eligibility Option (CEO),true
220021302366,Louisiana Key Academy Baton Rouge,Louisiana Key Academy Baton Rouge,Baton Rouge,351,268,Yes under Community Eligibility Option (CEO),true
228010710431,Louisiana Key Academy Caddo,Louisiana Key Academy- Caddo,Shreveport,110,56,Yes under Community Eligibility Option (CEO),false
228010210419,Louisiana Key Academy Northshore,Louisiana Key Academy- Northshore,Covington,256,99,Yes participating without using any Provision or the CEO,false
228011410447,Louisiana Rebirth Blended Learning Academy,Community School for Apprenticeship Learning,Baton Rouge,444,336,Yes participating without using any Provision or the CEO,false
220001701975,Louisiana School for Math Science & the Arts,Louisiana School for Math Science & the Arts,Natchitoches,272,54,Yes participating without using any Provision or the CEO,false
228010001789,Louisiana School for the Deaf,Special School District,Baton Rouge,78,73,Yes participating without using any Provision or the CEO,true
228010000193,Louisiana School for the Visually Impaired,Special School District,Baton Rouge,56,49,Yes participating without using any Provision or the CEO,true
220023302320,Louisiana Virtual Charter Academy,Louisiana Virtual Charter Academy,Baton Rouge,2239,2055,Yes participating without using any Provision or the CEO,true
220009000047,Lowery Elementary School,Ascension Parish,Donaldsonville,307,282,Yes under Community Eligibility Option (CEO),false
220009000042,Lowery Middle School,Ascension Parish,Donaldsonville,277,253,Yes under Community Eligibility Option (CEO),true
220002201922,Lsu Laboratory School,LSU Laboratory School,Baton Rouge,1463,50,Yes participating without using any Provision or the CEO,false
220084001812,Lucille Cherbonnier School,Jefferson Parish,Waggaman,466,401,Yes under Community Eligibility Option (CEO),true
220168001316,Lucille Nesom Memorial,Tangipahoa Parish,Tickfaw,414,344,Yes under Community Eligibility Option (CEO),true
220192000448,Lukeville Elementary School,West Baton Rouge Parish,Brusly,356,230,Yes under Community Eligibility Option (CEO),false
220144001144,Luling Elementary School,St. Charles Parish,Luling,653,430,Yes under Community Eligibility Option (CEO),false
220150001163,Lutcher High School,St. James Parish,Lutcher,908,452,Yes under Community Eligibility Option (CEO),true
220015902331,Lycee Francais De La Nouvelle-Orleans,Lycee Francais de la Nouvelle-Orleans,New Orleans,897,381,Yes participating without using any Provision or the CEO,true
220033000240,M. J. Kaufman Elementary School,Calcasieu Parish,Lake Charles,308,253,Yes participating without using any Provision or the CEO,false
220162001947,M.e. Norman Elementary School,St. Mary Parish,Morgan City,335,258,Yes under Community Eligibility Option (CEO),false
220114000845,M.r. Weaver Elementary School,Natchitoches Parish,Natchitoches,379,368,Yes under Community Eligibility Option (CEO),false
220129001045,Mabel Brasher Montessori,Rapides Parish,Alexandria,508,497,Yes under Community Eligibility Option (CEO),false
220105000780,Madison High School,Madison Parish,Tallulah,280,247,Yes under Community Eligibility Option (CEO),true
220108000996,Madison James Foster Elementary School,City of Monroe School District,Monroe,278,271,Yes under Community Eligibility Option (CEO),false
220105000779,Madison Middle School,Madison Parish,Tallulah,238,222,Yes under Community Eligibility Option (CEO),true
220014802267,Madison Preparatory Academy,Community School for Apprenticeship Learning Inc.,Baton Rouge,621,493,Yes under Community Eligibility Option (CEO),true
220165001283,Madisonville Elementary School,St. Tammany Parish,Madisonville,1010,252,Yes under Community Eligibility Option (CEO),false
220165001649,Madisonville Junior High School,St. Tammany Parish,Madisonville,647,137,Yes under Community Eligibility Option (CEO),false
220156001685,Magnet Academy for Cultural Arts,St. Landry Parish,Opelousas,289,206,Yes under Community Eligibility Option (CEO),true
220072002078,Magnolia Elementary,Iberia Parish,New Iberia,407,330,Yes under Community Eligibility Option (CEO),false
220030002377,Magnolia School of Excellence,Caddo Parish,Shreveport,1430,1228,Yes under Community Eligibility Option (CEO),true
220165001258,Magnolia Trace Elementary School,St. Tammany Parish,Mandeville,355,115,Yes under Community Eligibility Option (CEO),false
220054000394,Magnolia Woods Elementary School,East Baton Rouge Parish,Baton Rouge,409,344,Yes under Community Eligibility Option (CEO),false
220063000476,Mamou Elementary School,Evangeline Parish,Mamou,392,310,Yes under Community Eligibility Option (CEO),false
220063000475,Mamou High School,Evangeline Parish,Mamou,443,308,Yes under Community Eligibility Option (CEO),true
220063010425,Mamou Junior High,Evangeline Parish,Mamou,290,211,Yes under Community Eligibility Option (CEO),false
220165001284,Mandeville Elementary School,St. Tammany Parish,Mandeville,508,155,Yes under Community Eligibility Option (CEO),false
220165001285,Mandeville High School,St. Tammany Parish,Mandeville,2006,437,Yes participating without using any Provision or the CEO,false
220165001567,Mandeville Junior High School,St. Tammany Parish,Mandeville,510,117,Yes under Community Eligibility Option (CEO),false
220135001099,Mangham Elementary School,Richland Parish,Mangham,404,258,Yes under Community Eligibility Option (CEO),false
220135001100,Mangham High School,Richland Parish,Mangham,294,175,Yes under Community Eligibility Option (CEO),true
220135001101,Mangham Junior High School,Richland Parish,Mangham,216,136,Yes under Community Eligibility Option (CEO),true
220051000623,Mansfield Elementary School,DeSoto Parish,Mansfield,542,474,Yes under Community Eligibility Option (CEO),false
220051000334,Mansfield High School,DeSoto Parish,Mansfield,327,271,Yes under Community Eligibility Option (CEO),true
220051000626,Mansfield Middle School,DeSoto Parish,Mansfield,331,288,Yes under Community Eligibility Option (CEO),true
220138001111,Many Elementary School,Sabine Parish,Many,613,450,Yes under Community Eligibility Option (CEO),false
220138001112,Many High School,Sabine Parish,Many,320,198,Yes under Community Eligibility Option (CEO),true
220138001113,Many Junior High School,Sabine Parish,Many,361,255,Yes under Community Eligibility Option (CEO),true
220033002387,Maplewood Elementary,Calcasieu Parish,Sulphur,640,345,Yes participating without using any Provision or the CEO,false
220033000248,Maplewood Middle School,Calcasieu Parish,Sulphur,319,148,Yes participating without using any Provision or the CEO,true
220084000643,Marie B. Riviere Elementary School,Jefferson Parish,Metairie,526,328,Yes under Community Eligibility Option (CEO),false
220165002256,Marigny Elementary School,St. Tammany Parish,Mandeville,422,123,Yes under Community Eligibility Option (CEO),false
220015000072,Marksville Elementary School,Avoyelles Parish,Marksville,625,548,Yes under Community Eligibility Option (CEO),false
220015000073,Marksville High School,Avoyelles Parish,Marksville,640,503,Yes under Community Eligibility Option (CEO),true
220168001325,Martha Vinyard Elementary School,Tangipahoa Parish,Ponchatoula,589,420,Yes under Community Eligibility Option (CEO),false
220114000832,Marthaville Elementary & Junior High School,Natchitoches Parish,Marthaville,196,177,Yes under Community Eligibility Option (CEO),true
220087002473,Martial Billeaud Elementary School,Lafayette Parish,Broussard,572,248,Yes under Community Eligibility Option (CEO),false
220023600853,Martin Behrman Charter Acad of Creative Arts & Sci,Martin Behrman Elementary School,New Orleans,756,725,Yes under Community Eligibility Option (CEO),true
220108000794,Martin Luther King Junior High School,City of Monroe School District,Monroe,350,322,Yes under Community Eligibility Option (CEO),true
220129001060,Martin Park Elementary School,Rapides Parish,Alexandria,281,273,Yes under Community Eligibility Option (CEO),false
220003001504,Martin Petitjean Elementary School,Acadia Parish,Rayne,306,269,Yes under Community Eligibility Option (CEO),false
220117000856,Mary Bethune Elementary Literature/Technology,Orleans Parish,New Orleans,659,652,Yes under Community Eligibility Option (CEO),true
220129001052,Mary Goff Elementary School,Rapides Parish,Pineville,365,270,Yes under Community Eligibility Option (CEO),false
220102000768,Maurepas School,Livingston Parish,Maurepas,301,250,Yes under Community Eligibility Option (CEO),true
220054002353,Mayfair Laboratory School,East Baton Rouge Parish,Baton Rouge,480,117,Yes under Community Eligibility Option (CEO),false
220084000635,McDonogh 26/Homedale Elementary School,Jefferson Parish,Gretna,342,248,Yes under Community Eligibility Option (CEO),false
220031202477,McDonogh 35 Senior High School,McDonogh 35 Senior High School,New Orleans,851,727,Yes under Community Eligibility Option (CEO),false
220054010422,McKinley Elementary,East Baton Rouge Parish,Baton Rouge,628,491,Yes under Community Eligibility Option (CEO),false
220054000396,McKinley Middle Magnet School,East Baton Rouge Parish,Baton Rouge,633,403,Yes under Community Eligibility Option (CEO),true
220054000397,McKinley Senior High School,East Baton Rouge Parish,Baton Rouge,669,477,Yes under Community Eligibility Option (CEO),true
220027000129,Meadowview Elementary School,Bossier Parish,Bossier City,440,359,Yes under Community Eligibility Option (CEO),false
220180001400,Meaux Elementary School,Vermilion Parish,Abbeville,281,137,Yes under Community Eligibility Option (CEO),false
220054000398,Melrose Elementary School,East Baton Rouge Parish,Baton Rouge,227,219,Yes under Community Eligibility Option (CEO),false
220003000015,Mermentau Elementary School,Acadia Parish,Mermentau,142,89,Yes under Community Eligibility Option (CEO),false
220054000399,Merrydale Elementary School,East Baton Rouge Parish,Baton Rouge,242,227,Yes under Community Eligibility Option (CEO),false
220018000086,Merryville High School,Beauregard Parish,Merryville,470,298,Yes under Community Eligibility Option (CEO),true
220084000637,Metairie Academy for Advanced Studies,Jefferson Parish,Metairie,356,148,Yes under Community Eligibility Option (CEO),false
220003000016,Midland High School,Acadia Parish,Midland,317,172,Yes under Community Eligibility Option (CEO),true
220168001313,Midway Elementary School,Tangipahoa Parish,Tickfaw,440,380,Yes under Community Eligibility Option (CEO),false
220030001510,Midway Professional Development Center,Caddo Parish,Shreveport,234,214,Yes participating without using any Provision or the CEO,false
228010610430,Mildred Osborne Charter School,Mildred Osborne Charter School,New Orleans,850,715,Yes under Community Eligibility Option (CEO),true
220087000682,Milton Elementary School,Lafayette Parish,Lafayette,1261,411,Yes under Community Eligibility Option (CEO),false
220144001146,Mimosa Park Elementary School,St. Charles Parish,Luling,440,168,Yes under Community Eligibility Option (CEO),false
220189001444,Minden High School,Webster Parish,Minden,689,472,Yes under Community Eligibility Option (CEO),true
220108000800,Minnie Ruffin Elementary School,City of Monroe School District,Monroe,354,334,Yes under Community Eligibility Option (CEO),false
220003000017,Mire Elementary School,Acadia Parish,Rayne,662,360,Yes under Community Eligibility Option (CEO),true
220174001358,Montegut Elementary School,Terrebonne Parish,Montegut,187,152,Yes under Community Eligibility Option (CEO),false
220174001359,Montegut Middle School,Terrebonne Parish,Montegut,465,268,Yes under Community Eligibility Option (CEO),true
220048000322,Monterey High School,Concordia Parish,Monterey,369,239,Yes under Community Eligibility Option (CEO),true
220069000502,Montgomery High School,Grant Parish,Montgomery,253,170,Yes under Community Eligibility Option (CEO),true
220030000178,Mooringsport Elementary School,Caddo Parish,Mooringsport,259,198,Yes participating without using any Provision or the CEO,false
220111000807,Morehouse Elementary School,Morehouse Parish,Bastrop,509,456,Yes under Community Eligibility Option (CEO),false
220111000778,Morehouse Magnet School,Morehouse Parish,Bastrop,284,205,Yes under Community Eligibility Option (CEO),true
220162001251,Morgan City High School,St. Mary Parish,Morgan City,650,426,Yes under Community Eligibility Option (CEO),true
220162001252,Morgan City Junior High School,St. Mary Parish,Morgan City,412,277,Yes under Community Eligibility Option (CEO),true
220020302297,Morris Jeff Community School,Morris Jeff Community School,New Orleans,1442,944,Yes participating without using any Provision or the CEO,false
220003000018,Morse Elementary School,Acadia Parish,Morse,229,142,Yes under Community Eligibility Option (CEO),false
220033000252,Moss Bluff Elementary School,Calcasieu Parish,Lake Charles,969,469,Yes participating without using any Provision or the CEO,false
220033000253,Moss Bluff Middle School,Calcasieu Parish,Lake Charles,781,309,Yes participating without using any Provision or the CEO,false
220186001425,Mt. Hermon School,Washington Parish,Mt. Hermon,373,268,Yes under Community Eligibility Option (CEO),true
220174001360,Mulberry Elementary School,Terrebonne Parish,Houma,789,383,Yes under Community Eligibility Option (CEO),false
220087000685,Myrtle Place Elementary School,Lafayette Parish,Lafayette,384,116,Yes under Community Eligibility Option (CEO),false
220141001136,N.p. Trist Middle School,St. Bernard Parish,Meraux,767,441,Yes under Community Eligibility Option (CEO),true
220114000836,N.s.u. Elementary Lab School,Natchitoches Parish,Natchitoches,290,91,Yes participating without using any Provision or the CEO,false
220114000838,N.s.u. Middle Lab School,Natchitoches Parish,Natchitoches,178,77,Yes participating without using any Provision or the CEO,false
220012000054,Napoleonville Middle School,Assumption Parish,Napoleonville,281,165,Yes under Community Eligibility Option (CEO),true
220012000055,Napoleonville Primary School,Assumption Parish,Napoleonville,369,258,Yes under Community Eligibility Option (CEO),false
220168001315,Natalbany Middle,Tangipahoa Parish,Tickfaw,347,283,Yes under Community Eligibility Option (CEO),true
220114000834,Natchitoches Central High School,Natchitoches Parish,Natchitoches,1188,1077,Yes under Community Eligibility Option (CEO),true
220114001616,Natchitoches Jr. High School,Natchitoches Parish,Natchitoches,371,363,Yes under Community Eligibility Option (CEO),true
220114001404,Natchitoches Parish Technical and Career Center,Natchitoches Parish,Natchitoches,37,37,Yes under Community Eligibility Option (CEO),true
220096000735,Nebo Elementary School,LaSalle Parish,Jena,135,70,Yes under Community Eligibility Option (CEO),true
220138001114,Negreet High School,Sabine Parish,Negreet,413,263,Yes under Community Eligibility Option (CEO),true
220108000799,Neville High School,City of Monroe School District,Monroe,1042,638,Yes under Community Eligibility Option (CEO),true
220108000796,Neville Junior High School,City of Monroe School District,Monroe,474,314,Yes under Community Eligibility Option (CEO),true
220030402457,New Harmony High Institute,New Harmony High Institute,New Orleans,328,176,Yes under Community Eligibility Option (CEO),false
220072000527,New Iberia Senior High School,Iberia Parish,New Iberia,1315,858,Yes under Community Eligibility Option (CEO),true
220032402498,New Orleans Accelerated High School,New Orleans Accelerated High School,New Orleans,200,159,Yes under Community Eligibility Option (CEO),false
220003601499,New Orleans Center for Creative Arts,New Orleans Center for Creative Arts,New Orleans,224,96,Yes under Community Eligibility Option (CEO),false
220028100234,New Orleans Charter Science and Mathematics HS,New Orleans Charter Science and Mathematics HS,New Orleans,627,436,Yes under Community Eligibility Option (CEO),true
220016002327,New Orleans Military & Maritime Academy,New Orleans Military & Maritime Academy,New Orleans,945,733,Yes participating without using any Provision or the CEO,false
220144001987,New Sarpy Elementary School,St. Charles Parish,Destrehan,417,158,Yes under Community Eligibility Option (CEO),false
220002501000,New Vision Learning Academy,New Vision Learning Academy,Monroe,227,207,Yes under Community Eligibility Option (CEO),false
220027802436,Noble Minds,Noble Minds,New Orleans,153,138,Yes under Community Eligibility Option (CEO),false
220144001148,Norco Elementary School,St. Charles Parish,Norco,501,193,Yes under Community Eligibility Option (CEO),false
220030002424,North Caddo Elementary-Middle School,Caddo Parish,Vivian,502,404,Yes participating without using any Provision or the CEO,true
220030000179,North Caddo High School,Caddo Parish,Vivian,306,200,Yes participating without using any Provision or the CEO,true
220156001989,North Central High School,St. Landry Parish,Washington,220,195,Yes under Community Eligibility Option (CEO),true
220102001550,North Corbin Elementary School,Livingston Parish,Walker,627,486,Yes under Community Eligibility Option (CEO),false
220102002060,North Corbin Junior High School,Livingston Parish,Walker,624,437,Yes under Community Eligibility Option (CEO),true
220003000009,North Crowley Elementary School,Acadia Parish,Crowley,254,211,Yes under Community Eligibility Option (CEO),false
220051001579,North Desoto High School,DeSoto Parish,Stonewall,817,332,Yes under Community Eligibility Option (CEO),true
220051001919,North Desoto Lower Elementary School,DeSoto Parish,Stonewall,523,217,Yes under Community Eligibility Option (CEO),false
220051000275,North Desoto Middle School 6-8,DeSoto Parish,Stonewall,605,246,Yes under Community Eligibility Option (CEO),true
220051002064,North Desoto Upper Elementary School,DeSoto Parish,Stonewall,807,334,Yes under Community Eligibility Option (CEO),false
220183000192,North Early Childhood Center,Vernon Parish,Fort Johnson,127,36,Yes under Community Eligibility Option (CEO),false
220030000180,North Highlands Elementary School,Caddo Parish,Shreveport,355,271,Yes participating without using any Provision or the CEO,false
220075001998,North Iberville Elementary,Iberville Parish,Rosedale,272,233,Yes under Community Eligibility Option (CEO),false
220075010416,North Iberville High School,Iberville Parish,Rosedale,181,141,Yes under Community Eligibility Option (CEO),false
220090000710,North Larose Elementary School,Lafourche Parish,Larose,202,111,Yes under Community Eligibility Option (CEO),false
220072000528,North Lewis Elementary School,Iberia Parish,New Iberia,488,273,Yes under Community Eligibility Option (CEO),false
220102001719,North Live Oak Elementary School,Livingston Parish,Denham Springs,615,400,Yes under Community Eligibility Option (CEO),false
220180001661,North Vermilion High School,Vermilion Parish,Maurice,790,286,Yes under Community Eligibility Option (CEO),true
220180002398,North Vermilion Middle School,Vermilion Parish,Maurice,535,217,Yes under Community Eligibility Option (CEO),true
220189001451,North Webster High School,Webster Parish,Springhill,421,290,Yes under Community Eligibility Option (CEO),true
220189001447,North Webster Junior High School,Webster Parish,Sarepta,320,247,Yes under Community Eligibility Option (CEO),true
220189001448,North Webster Lower Elementary School,Webster Parish,Shongaloo,118,97,Yes under Community Eligibility Option (CEO),false
220189001435,North Webster Upper Elementary School,Webster Parish,Cotton Valley,140,102,Yes under Community Eligibility Option (CEO),false
220054000404,Northdale Superintendent's Academy,East Baton Rouge Parish,Baton Rouge,151,140,Yes under Community Eligibility Option (CEO),true
220025202397,Northeast Claiborne Charter,Northeast Claiborne Charter,Junction City,205,174,Yes participating without using any Provision or the CEO,true
220156001200,Northeast Elementary School,St. Landry Parish,Opelousas,232,210,Yes under Community Eligibility Option (CEO),false
220054000416,Northeast Elementary School,East Baton Rouge Parish,Pride,178,154,Yes under Community Eligibility Option (CEO),false
220054000365,Northeast High School,East Baton Rouge Parish,Pride,290,239,Yes under Community Eligibility Option (CEO),true
220024002371,Northshore Charter School,City of Bogalusa School District,Bogalusa,428,402,Yes under Community Eligibility Option (CEO),true
220165001650,Northshore High School,St. Tammany Parish,Slidell,1518,530,Yes under Community Eligibility Option (CEO),false
220102000769,Northside Elementary School,Livingston Parish,Denham Springs,466,366,Yes under Community Eligibility Option (CEO),false
220087000686,Northside High School,Lafayette Parish,Lafayette,713,624,Yes under Community Eligibility Option (CEO),true
220156002006,Northwest High School,St. Landry Parish,Opelousas,575,459,Yes under Community Eligibility Option (CEO),true
220003900405,Northwestern Elementary School,Zachary Community School District,Zachary,337,226,Yes participating without using any Provision or the CEO,false
220003900406,Northwestern Middle School,Zachary Community School District,Zachary,841,508,Yes participating without using any Provision or the CEO,true
220129001943,Northwood High School,Rapides Parish,Lena,598,495,Yes under Community Eligibility Option (CEO),true
220030000182,Northwood High School,Caddo Parish,Shreveport,989,537,Yes participating without using any Provision or the CEO,false
220087000669,O. Comeaux High School,Lafayette Parish,Lafayette,873,503,Yes under Community Eligibility Option (CEO),true
220168001309,O.w. Dillon Leadership Academy,Tangipahoa Parish,Kentwood,314,300,Yes under Community Eligibility Option (CEO),false
220195002011,Oak Grove Elementary School,West Carroll Parish,Oak Grove,523,374,Yes under Community Eligibility Option (CEO),false
220195001472,Oak Grove High School,West Carroll Parish,Oak Grove,500,366,Yes under Community Eligibility Option (CEO),true
220009000463,Oak Grove Primary School,Ascension Parish,Prairieville,725,295,Yes participating without using any Provision or the CEO,false
220129001064,Oak Hill High School,Rapides Parish,Elmer,715,469,Yes under Community Eligibility Option (CEO),true
220033000256,Oak Park Elementary School,Calcasieu Parish,Lake Charles,259,220,Yes participating without using any Provision or the CEO,false
220033000257,Oak Park Middle School,Calcasieu Parish,Lake Charles,388,322,Yes participating without using any Provision or the CEO,true
220006000028,Oakdale Elementary School,Allen Parish,Oakdale,516,394,Yes under Community Eligibility Option (CEO),false
220006000029,Oakdale High School,Allen Parish,Oakdale,299,205,Yes under Community Eligibility Option (CEO),true
220006000030,Oakdale Middle School,Allen Parish,Oakdale,340,257,Yes under Community Eligibility Option (CEO),true
220174001361,Oaklawn Middle School,Terrebonne Parish,Houma,596,506,Yes under Community Eligibility Option (CEO),true
220174001362,Oakshire Elementary School,Terrebonne Parish,Houma,576,420,Yes under Community Eligibility Option (CEO),false
220006000031,Oberlin Elementary School,Allen Parish,Oberlin,262,186,Yes under Community Eligibility Option (CEO),false
220006000032,Oberlin High School,Allen Parish,Oberlin,180,120,Yes under Community Eligibility Option (CEO),true
220096000736,Olla-Standard Elementary School,LaSalle Parish,Olla,398,238,Yes under Community Eligibility Option (CEO),false
220156001203,Opelousas Junior High School,St. Landry Parish,Opelousas,314,292,Yes under Community Eligibility Option (CEO),true
220156001896,Opelousas Middle School,St. Landry Parish,Opelousas,132,119,Yes under Community Eligibility Option (CEO),false
220156001204,Opelousas Senior High School,St. Landry Parish,Opelousas,698,588,Yes under Community Eligibility Option (CEO),true
220030902475,Opportunities Academy,Opportunities Academy,New Orleans,93,92,Yes under Community Eligibility Option (CEO),false
220087001556,Ossun Elementary School,Lafayette Parish,Lafayette,498,395,Yes under Community Eligibility Option (CEO),false
220120001002,Ouachita Junior High School,Ouachita Parish,Monroe,312,240,Yes under Community Eligibility Option (CEO),true
220120001001,Ouachita Parish High School,Ouachita Parish,Monroe,1112,772,Yes under Community Eligibility Option (CEO),true
220156001205,Palmetto Elementary School,St. Landry Parish,Palmetto,223,184,Yes under Community Eligibility Option (CEO),false
220129001065,Paradise Elementary School,Rapides Parish,Ball,369,289,Yes under Community Eligibility Option (CEO),false
220054000407,Park Elementary School,East Baton Rouge Parish,Baton Rouge,300,280,Yes under Community Eligibility Option (CEO),false
220072000530,Park Elementary School,Iberia Parish,New Iberia,440,419,Yes under Community Eligibility Option (CEO),false
220054000408,Park Forest Elementary School,East Baton Rouge Parish,Baton Rouge,474,355,Yes under Community Eligibility Option (CEO),false
220054000409,Park Forest Middle School,East Baton Rouge Parish,Baton Rouge,445,331,Yes under Community Eligibility Option (CEO),true
220004000410,Park Ridge Academic Magnet School,City of Baker School District,Baker,94,87,Yes under Community Eligibility Option (CEO),true
220156001206,Park Vista Elementary School,St. Landry Parish,Opelousas,533,442,Yes under Community Eligibility Option (CEO),false
220159001224,Parks Middle School,St. Martin Parish,St. Martinville,245,207,Yes under Community Eligibility Option (CEO),true
220159001225,Parks Primary School,St. Martin Parish,St. Martinville,373,359,Yes under Community Eligibility Option (CEO),false
220054000411,Parkview Elementary School,East Baton Rouge Parish,Baton Rouge,499,338,Yes under Community Eligibility Option (CEO),false
220183001414,Parkway Elementary School,Vernon Parish,Leesville,675,259,Yes under Community Eligibility Option (CEO),false
220027000130,Parkway High School,Bossier Parish,Bossier City,1279,612,Yes under Community Eligibility Option (CEO),false
220030002382,Pathways in Education-Louisiana Inc.,Caddo Parish,Shreveport,307,217,Yes participating without using any Provision or the CEO,false
220084001667,Patrick F. Taylor Science & Technology Academy,Jefferson Parish,Avondale,871,380,Yes under Community Eligibility Option (CEO),false
220162001254,Patterson High School,St. Mary Parish,Patterson,439,341,Yes under Community Eligibility Option (CEO),true
220162001255,Patterson Junior High School,St. Mary Parish,Patterson,374,284,Yes under Community Eligibility Option (CEO),true
220087000663,Paul Breaux Middle School,Lafayette Parish,Lafayette,314,286,Yes under Community Eligibility Option (CEO),true
220084001680,Paul J. Solis Elementary School,Jefferson Parish,Gretna,777,615,Yes under Community Eligibility Option (CEO),false
220150001165,Paulina Elementary School,St. James Parish,Paulina,657,408,Yes under Community Eligibility Option (CEO),false
220129001067,Peabody Magnet High School,Rapides Parish,Alexandria,1071,1011,Yes under Community Eligibility Option (CEO),true
220129001066,Peabody Montessori Elementary School,Rapides Parish,Alexandria,466,323,Yes under Community Eligibility Option (CEO),false
220165001287,Pearl River High School,St. Tammany Parish,Pearl River,781,402,Yes under Community Eligibility Option (CEO),true
220033001677,Pearl Watson Elementary School,Calcasieu Parish,Lake Charles,219,201,Yes participating without using any Provision or the CEO,false
220009002081,Pecan Grove Primary School,Ascension Parish,Gonzales,508,351,Yes under Community Eligibility Option (CEO),false
220168001841,Perrin Early Learning Center,Tangipahoa Parish,Ponchatoula,338,244,Yes under Community Eligibility Option (CEO),false
220072000532,Pesson Addition Elementary School,Iberia Parish,New Iberia,427,388,Yes under Community Eligibility Option (CEO),false
220025300877,Phillis Wheatley Community School,Phillis Wheatley Community School,New Orleans,777,656,Yes under Community Eligibility Option (CEO),true
220084000619,Phoebe Hearst School,Jefferson Parish,Metairie,602,357,Yes under Community Eligibility Option (CEO),false
220123001026,Phoenix High School,Plaquemines Parish,Braithwaite,203,161,Yes under Community Eligibility Option (CEO),true
220129010374,Phoenix Magnet Elementary School,Rapides Parish,Alexandria,314,148,Yes under Community Eligibility Option (CEO),false
220183001412,Pickering Elementary School,Vernon Parish,Leesville,476,290,Yes under Community Eligibility Option (CEO),false
220183001664,Pickering High School,Vernon Parish,Leesville,379,224,Yes under Community Eligibility Option (CEO),true
220028400944,Pierre A. Capdau S.t.e.a.m School,Pierre A. Capdau S.T.E.A.M. School,New Orleans,565,481,Yes under Community Eligibility Option (CEO),true
220012000056,Pierre Part Elementary School,Assumption Parish,Pierre Part,480,249,Yes under Community Eligibility Option (CEO),true
220030000187,Pine Grove Elementary School,Caddo Parish,Shreveport,333,306,Yes participating without using any Provision or the CEO,false
220063000478,Pine Prairie High School,Evangeline Parish,Pine Prairie,757,442,Yes under Community Eligibility Option (CEO),true
220186001426,Pine School,Washington Parish,Franklinton,738,433,Yes under Community Eligibility Option (CEO),true
220165001289,Pine View Middle School,St. Tammany Parish,Covington,694,427,Yes under Community Eligibility Option (CEO),false
220018000087,Pine Wood Elementary School,Beauregard Parish,DeRidder,348,202,Yes under Community Eligibility Option (CEO),false
220120001004,Pinecrest Elementary/Middle School,Ouachita Parish,West Monroe,167,88,Yes under Community Eligibility Option (CEO),true
228010001730,Pinecrest Supports & Services Center,Special School District,Pineville,92,89,Yes participating without using any Provision or the CEO,true
220129001068,Pineville Elementary School,Rapides Parish,Pineville,252,237,Yes under Community Eligibility Option (CEO),false
220129001069,Pineville High School,Rapides Parish,Pineville,1271,771,Yes under Community Eligibility Option (CEO),false
220129001070,Pineville Junior High School,Rapides Parish,Pineville,527,389,Yes under Community Eligibility Option (CEO),false
220183001413,Pitkin High School,Vernon Parish,Pitkin,387,316,Yes under Community Eligibility Option (CEO),true
220027000132,Plain Dealing High School,Bossier Parish,Plain Dealing,270,209,Yes under Community Eligibility Option (CEO),true
220129001071,Plainview High School,Rapides Parish,Glenmora,313,229,Yes under Community Eligibility Option (CEO),true
220156002007,Plaisance Middle School,St. Landry Parish,Opelousas,176,143,Yes under Community Eligibility Option (CEO),true
220027000133,Plantation Park Elementary School,Bossier Parish,Bossier City,518,468,Yes under Community Eligibility Option (CEO),false
220075000543,Plaquemine Senior High School,Iberville Parish,Plaquemine,990,662,Yes under Community Eligibility Option (CEO),true
220027000134,Platt Elementary School,Bossier Parish,Haughton,459,242,Yes under Community Eligibility Option (CEO),false
220015000076,Plaucheville Elementary School,Avoyelles Parish,Plaucheville,582,478,Yes under Community Eligibility Option (CEO),false
220138001116,Pleasant Hill High School,Sabine Parish,Pleasant Hill,228,190,Yes under Community Eligibility Option (CEO),true
220129001072,Poland Junior High School,Rapides Parish,Alexandria,330,263,Yes under Community Eligibility Option (CEO),true
220069000503,Pollock Elementary School,Grant Parish,Pollock,421,281,Yes under Community Eligibility Option (CEO),false
220168001319,Ponchatoula High School,Tangipahoa Parish,Ponchatoula,2067,1163,Yes under Community Eligibility Option (CEO),true
220168001317,Ponchatoula Junior High School,Tangipahoa Parish,Ponchatoula,723,483,Yes under Community Eligibility Option (CEO),true
220165010400,Pontchartrain Elementary School,St. Tammany Parish,Mandeville,636,157,Yes under Community Eligibility Option (CEO),false
220192001463,Port Allen Elementary School,West Baton Rouge Parish,Port Allen,345,333,Yes under Community Eligibility Option (CEO),false
220192001464,Port Allen High School,West Baton Rouge Parish,Port Allen,452,377,Yes under Community Eligibility Option (CEO),true
220192001548,Port Allen Middle School,West Baton Rouge Parish,Port Allen,204,197,Yes under Community Eligibility Option (CEO),true
220156001209,Port Barre Elementary School,St. Landry Parish,Port Barre,427,315,Yes under Community Eligibility Option (CEO),false
220156001210,Port Barre High School,St. Landry Parish,Port Barre,354,228,Yes under Community Eligibility Option (CEO),true
220156001475,Port Barre Middle School,St. Landry Parish,Port Barre,286,214,Yes under Community Eligibility Option (CEO),true
220087000688,Prairie Elementary School,Lafayette Parish,Lafayette,663,384,Yes under Community Eligibility Option (CEO),false
220009010433,Prairieville High School,Ascension Parish,Prairieville,1377,642,Yes participating without using any Provision or the CEO,false
220009000044,Prairieville Middle School,Ascension Parish,Prairieville,835,326,Yes participating without using any Provision or the CEO,false
220009002076,Prairieville Primary School,Ascension Parish,Prairieville,865,324,Yes participating without using any Provision or the CEO,false
228010810432,Prescott K-8 Academy,Prescott K-8 Academy,Baton Rouge,426,402,Yes participating without using any Provision or the CEO,false
220033000259,Prien Lake Elementary School,Calcasieu Parish,Lake Charles,639,263,Yes participating without using any Provision or the CEO,false
220027001079,Princeton Elementary School,Bossier Parish,Princeton,491,240,Yes under Community Eligibility Option (CEO),false
220054000417,Progress Elementary School,East Baton Rouge Parish,Baton Rouge,300,289,Yes under Community Eligibility Option (CEO),false
220114000841,Provencal Elementary & Junior High School,Natchitoches Parish,Provencal,444,396,Yes under Community Eligibility Option (CEO),true
220030000188,Queensborough Elementary School,Caddo Parish,Shreveport,212,204,Yes participating without using any Provision or the CEO,false
220078000556,Quitman High School,Jackson Parish,Quitman,695,293,Yes under Community Eligibility Option (CEO),true
220027000128,R. V. Kerr Elementary School,Bossier Parish,Bossier City,367,299,Yes under Community Eligibility Option (CEO),false
220144001152,R.j. Vial Elementary School,St. Charles Parish,Paradis,228,123,Yes under Community Eligibility Option (CEO),false
220144001142,R.k. Smith Middle School,St. Charles Parish,Luling,303,206,Yes under Community Eligibility Option (CEO),true
220090000717,Raceland Lower Elementary School,Lafourche Parish,Raceland,330,246,Yes under Community Eligibility Option (CEO),false
220090000716,Raceland Middle School,Lafourche Parish,Raceland,289,219,Yes under Community Eligibility Option (CEO),true
220090000718,Raceland Upper Elementary School,Lafourche Parish,Raceland,302,236,Yes under Community Eligibility Option (CEO),false
220162002280,Raintree Elementary School,St. Mary Parish,Baldwin,254,232,Yes under Community Eligibility Option (CEO),false
220033001506,Ralph F. Wilson Elementary School,Calcasieu Parish,Lake Charles,92,88,Yes participating without using any Provision or the CEO,false
220084002447,Ralph J Bunche Elementary,Jefferson Parish,Metairie,470,341,Yes under Community Eligibility Option (CEO),false
220129001073,Rapides High School,Rapides Parish,Lecompte,248,200,Yes under Community Eligibility Option (CEO),true
220129000115,Rapides Training Academy,Rapides Parish,Alexandria,69,63,Yes under Community Eligibility Option (CEO),true
220033000251,Ray D. Molo Middle Magnet School,Calcasieu Parish,Lake Charles,265,240,Yes participating without using any Provision or the CEO,true
220084002268,Ray St. Pierre Academy for Advanced Studies,Jefferson Parish,Westwego,354,162,Yes under Community Eligibility Option (CEO),false
220003000019,Rayne High School,Acadia Parish,Rayne,653,424,Yes under Community Eligibility Option (CEO),true
220135001104,Rayville Elementary School,Richland Parish,Rayville,333,316,Yes under Community Eligibility Option (CEO),false
220135001102,Rayville High School,Richland Parish,Rayville,341,279,Yes under Community Eligibility Option (CEO),true
220135001103,Rayville Junior High School,Richland Parish,Rayville,145,134,Yes under Community Eligibility Option (CEO),true
220132002471,Red River Academic Academy,Red River Parish,Coushatta,76,76,Yes under Community Eligibility Option (CEO),false
220132001529,Red River Elementary School,Red River Parish,Coushatta,568,514,Yes under Community Eligibility Option (CEO),false
220132001090,Red River High School,Red River Parish,Coushatta,349,298,Yes under Community Eligibility Option (CEO),true
220132001530,Red River Junior High School,Red River Parish,Coushatta,213,203,Yes under Community Eligibility Option (CEO),true
220006000033,Reeves High School,Allen Parish,Reeves,287,171,Yes under Community Eligibility Option (CEO),true
228010002014,Renaissance Home for Youth,Special School District,Alexandria,12,9,Yes participating without using any Provision or the CEO,true
220180001568,Rene A. Rost Middle School,Vermilion Parish,Kaplan,360,214,Yes under Community Eligibility Option (CEO),true
220019502021,Renew Dolores T. Aaron Elementary,ReNew Dolores T Aaron Elementary,New Orleans,738,691,Yes under Community Eligibility Option (CEO),true
220024200917,Renew Laurel Elementary,ReNEW SciTech Academy at Laurel,New Orleans,641,593,Yes under Community Eligibility Option (CEO),true
228011010439,Renew Robert Russa Moton Lakefront Elementary,ReNEW Robert Russa Moton Lakefront,New Orleans,429,394,Yes participating without using any Provision or the CEO,false
220025502376,Renew Schaumburg Elementary,ReNEW Schaumburg Elementary,New Orleans,683,623,Yes under Community Eligibility Option (CEO),true
220003000020,Richard Elementary School,Acadia Parish,Church Point,458,223,Yes under Community Eligibility Option (CEO),true
220033000268,Richard W. Vincent Elementary School,Calcasieu Parish,Sulphur,283,234,Yes participating without using any Provision or the CEO,false
220120001525,Richwood High School,Ouachita Parish,Monroe,400,370,Yes under Community Eligibility Option (CEO),true
220120001683,Richwood Junior High School,Ouachita Parish,Monroe,347,324,Yes under Community Eligibility Option (CEO),true
220087001600,Ridge Elementary School,Lafayette Parish,Duson,592,351,Yes under Community Eligibility Option (CEO),false
220030000189,Ridgewood Middle School,Caddo Parish,Shreveport,521,446,Yes participating without using any Provision or the CEO,true
220021000097,Ringgold Elementary School,Bienville Parish,Ringgold,195,155,Yes under Community Eligibility Option (CEO),false
220021000098,Ringgold High School,Bienville Parish,Ringgold,219,173,Yes under Community Eligibility Option (CEO),true
220120001008,Riser Elementary School,Ouachita Parish,West Monroe,313,258,Yes under Community Eligibility Option (CEO),false
220120001009,Riser Middle School,Ouachita Parish,West Monroe,410,332,Yes under Community Eligibility Option (CEO),true
220120001466,Riverbend Elementary School,Ouachita Parish,West Monroe,301,244,Yes under Community Eligibility Option (CEO),false
220084000642,Riverdale High School,Jefferson Parish,Jefferson,1259,739,Yes under Community Eligibility Option (CEO),true
220054000420,Riveroaks Elementary School,East Baton Rouge Parish,Baton Rouge,492,328,Yes under Community Eligibility Option (CEO),false
220004701780,Riverside Alternative High School,Office of Juvenile Justice,Bridge City,27,24,Yes participating without using any Provision or the CEO,true
228010001614,Riverside Alternative High School,Special School District,Bridge City,,,,true
220165001897,Riverside Elementary School,St. Tammany Parish,Pearl River,420,207,Yes under Community Eligibility Option (CEO),false
220030000190,Riverside Elementary School,Caddo Parish,Shreveport,404,275,Yes participating without using any Provision or the CEO,false
220015000077,Riverside Elementary School,Avoyelles Parish,Simmesport,197,182,Yes under Community Eligibility Option (CEO),false
220120001010,Robinson Elementary School,Ouachita Parish,Monroe,374,353,Yes under Community Eligibility Option (CEO),false
220003902347,Rollins Place Elementary,Zachary Community School District,Zachary,774,525,Yes participating without using any Provision or the CEO,false
220033102529,Rooted School,Rooted School,New Orleans,152,96,Yes under Community Eligibility Option (CEO),true
220168001321,Roseland Montessori,Tangipahoa Parish,Roseland,412,307,Yes under Community Eligibility Option (CEO),true
220129001076,Rosenthal Montessori Elementary School,Rapides Parish,Alexandria,366,325,Yes under Community Eligibility Option (CEO),false
220126002000,Rosenwald Elementary School,Pointe Coupee Parish,New Roads,303,277,Yes under Community Eligibility Option (CEO),false
220183001665,Rosepine Elementary School,Vernon Parish,Rosepine,856,560,Yes under Community Eligibility Option (CEO),false
220183001415,Rosepine High School,Vernon Parish,Rosepine,572,372,Yes under Community Eligibility Option (CEO),true
220003000021,Ross Elementary School,Acadia Parish,Crowley,256,237,Yes under Community Eligibility Option (CEO),false
220126002001,Rougon Elementary School,Pointe Coupee Parish,Rougon,414,281,Yes under Community Eligibility Option (CEO),true
220108000798,Roy Neal Shelling Sr. Elementary,City of Monroe School District,Monroe,391,374,Yes under Community Eligibility Option (CEO),false
220129001077,Ruby-Wise Elementary School,Rapides Parish,Pineville,410,267,Yes under Community Eligibility Option (CEO),false
220084000634,Rudolph Matas School,Jefferson Parish,Metairie,600,382,Yes under Community Eligibility Option (CEO),true
220084002464,Ruppel Academie Francaise,Jefferson Parish,Gretna,362,219,Yes under Community Eligibility Option (CEO),false
220027000137,Rusheon Middle School,Bossier Parish,Bossier City,583,471,Yes under Community Eligibility Option (CEO),true
220099000751,Ruston Elementary School,Lincoln Parish,Ruston,359,226,Yes participating without using any Provision or the CEO,false
220099000752,Ruston High School,Lincoln Parish,Ruston,1212,543,Yes participating without using any Provision or the CEO,true
220099001815,Ruston Junior High School,Lincoln Parish,Ruston,585,338,Yes participating without using any Provision or the CEO,true
220054000421,Ryan Elementary School,East Baton Rouge Parish,Baton Rouge,205,198,Yes under Community Eligibility Option (CEO),false
220033000276,S. J. Welsh Middle School,Calcasieu Parish,Lake Charles,1011,478,Yes participating without using any Provision or the CEO,true
220033000214,S. P. Arnett Middle School,Calcasieu Parish,Westlake,374,194,Yes participating without using any Provision or the CEO,true
220087000683,S.j. Montgomery Elementary School,Lafayette Parish,Lafayette,663,501,Yes under Community Eligibility Option (CEO),false
220021000099,Saline High School,Bienville Parish,Saline,303,168,Yes under Community Eligibility Option (CEO),true
220108000793,Sallie Humble Elementary School,City of Monroe School District,Monroe,579,328,Yes under Community Eligibility Option (CEO),false
220165001292,Salmen High School,St. Tammany Parish,Slidell,1091,683,Yes under Community Eligibility Option (CEO),true
220033000237,Sam Houston High School,Calcasieu Parish,Lake Charles,1141,391,Yes participating without using any Provision or the CEO,false
220025900897,Samuel J. Green Charter School,Samuel J Green Charter School,New Orleans,507,422,Yes under Community Eligibility Option (CEO),true
220029502427,Sarah Towles Reed High School,Sarah Towles Reed High School,New Orleans,397,355,Yes under Community Eligibility Option (CEO),true
220174001653,School for Exceptional Children,Terrebonne Parish,Houma,23,14,Yes under Community Eligibility Option (CEO),true
220174001365,Schriever Elementary School,Terrebonne Parish,Schriever,537,470,Yes under Community Eligibility Option (CEO),false
220054000423,Scotlandville Magnet High School,East Baton Rouge Parish,Baton Rouge,837,726,Yes under Community Eligibility Option (CEO),true
220054002069,Scotlandville Pre-Engineering Academy,East Baton Rouge Parish,Baton Rouge,216,195,Yes under Community Eligibility Option (CEO),true
220129001044,Scott M. Brame Middle School,Rapides Parish,Alexandria,709,589,Yes under Community Eligibility Option (CEO),true
220087000690,Scott Middle School,Lafayette Parish,Scott,629,402,Yes under Community Eligibility Option (CEO),true
220180001403,Seventh Ward Elementary School,Vermilion Parish,Abbeville,163,120,Yes under Community Eligibility Option (CEO),false
220102000770,Seventh Ward Elementary School,Livingston Parish,Denham Springs,382,236,Yes under Community Eligibility Option (CEO),false
220120001011,Shady Grove Elementary School,Ouachita Parish,Monroe,195,184,Yes under Community Eligibility Option (CEO),false
220054000425,Sharon Hills Elementary School,East Baton Rouge Parish,Baton Rouge,213,200,Yes under Community Eligibility Option (CEO),false
220054000426,Shenandoah Elementary School,East Baton Rouge Parish,Baton Rouge,584,376,Yes under Community Eligibility Option (CEO),false
220108002019,Sherrouse School,City of Monroe School District,Monroe,106,96,Yes under Community Eligibility Option (CEO),true
220054000428,Sherwood Middle Academic Academy,East Baton Rouge Parish,Baton Rouge,759,377,Yes under Community Eligibility Option (CEO),true
220084000612,Shirley Johnson/Gretna Park Elementary School,Jefferson Parish,Gretna,671,484,Yes under Community Eligibility Option (CEO),false
220030001578,Shreve Island Elementary School,Caddo Parish,Shreveport,579,354,Yes participating without using any Provision or the CEO,false
220042000304,Sicily Island High School,Catahoula Parish,Sicily Island,143,133,Yes under Community Eligibility Option (CEO),true
220183001416,Simpson High School,Vernon Parish,Simpson,252,170,Yes under Community Eligibility Option (CEO),true
220099000753,Simsboro High School,Lincoln Parish,Simsboro,532,359,Yes participating without using any Provision or the CEO,true
220018000088,Singer High School,Beauregard Parish,Singer,346,216,Yes under Community Eligibility Option (CEO),true
220165001293,Sixth Ward Elementary School,St. Tammany Parish,Pearl River,335,201,Yes under Community Eligibility Option (CEO),false
220150001169,Sixth Ward Elementary School,St. James Parish,Vacherie,269,222,Yes under Community Eligibility Option (CEO),false
220090000701,Sixth Ward Middle School,Lafourche Parish,Thibodaux,236,104,Yes under Community Eligibility Option (CEO),true
220060002321,Slaughter Community Charter School,East Feliciana Parish,Slaughter,364,187,Yes under Community Eligibility Option (CEO),true
220060000468,Slaughter Elementary School,East Feliciana Parish,Slaughter,482,314,Yes under Community Eligibility Option (CEO),false
220165001294,Slidell High School,St. Tammany Parish,Slidell,1654,865,Yes under Community Eligibility Option (CEO),true
220165001295,Slidell Junior High School,St. Tammany Parish,Slidell,724,439,Yes under Community Eligibility Option (CEO),true
220018600981,Sophie B. Wright Institute of Academic Excellence,Sophie B Wright Institute of Academic Excellence,New Orleans,534,461,Yes under Community Eligibility Option (CEO),true
220009002326,Sorrento Primary School,Ascension Parish,Sorrento,638,412,Yes participating without using any Provision or the CEO,false
220054002404,South Baton Rouge Charter Academy,East Baton Rouge Parish,Baton Rouge,819,592,Yes under Community Eligibility Option (CEO),true
220018001864,South Beauregard Elementary School,Beauregard Parish,Longville,644,306,Yes under Community Eligibility Option (CEO),false
220018000089,South Beauregard High School,Beauregard Parish,Longville,775,284,Yes under Community Eligibility Option (CEO),false
220018002332,South Beauregard Upper Elementary School,Beauregard Parish,Longville,391,164,Yes under Community Eligibility Option (CEO),false
220039000293,South Cameron High School,Cameron Parish,Grand Chenier,161,82,Yes under Community Eligibility Option (CEO),true
220003000022,South Crowley Elementary School,Acadia Parish,Crowley,320,285,Yes under Community Eligibility Option (CEO),false
220102002315,South Fork Elementary School,Livingston Parish,Denham Springs,685,589,Yes under Community Eligibility Option (CEO),false
220069000084,South Grant Elementary School,Grant Parish,Dry Prong,487,327,Yes under Community Eligibility Option (CEO),false
220030000195,South Highlands Elementary Magnet School,Caddo Parish,Shreveport,504,59,Yes participating without using any Provision or the CEO,false
220090000721,South Lafourche High School,Lafourche Parish,Cutoff,990,592,Yes participating without using any Provision or the CEO,true
220090001603,South Larose Elementary School,Lafourche Parish,Larose,349,211,Yes under Community Eligibility Option (CEO),false
220102000233,South Live Oak Elementary School,Livingston Parish,Watson,509,318,Yes under Community Eligibility Option (CEO),false
220123002026,South Plaquemines Elementary School,Plaquemines Parish,Port Sulphur,205,152,Yes under Community Eligibility Option (CEO),false
220123002028,South Plaquemines High School,Plaquemines Parish,Buras,355,267,Yes under Community Eligibility Option (CEO),true
220003000023,South Rayne Elementary School,Acadia Parish,Rayne,219,182,Yes under Community Eligibility Option (CEO),false
220174001367,South Terrebonne High School,Terrebonne Parish,Bourg,868,512,Yes under Community Eligibility Option (CEO),true
220102000403,South Walker Elementary School,Livingston Parish,Walker,518,416,Yes under Community Eligibility Option (CEO),false
220174001366,Southdown Elementary School,Terrebonne Parish,Houma,572,522,Yes under Community Eligibility Option (CEO),false
220054000432,Southeast Middle School,East Baton Rouge Parish,Baton Rouge,826,621,Yes under Community Eligibility Option (CEO),true
220168001322,Southeastern La University Lab School,Tangipahoa Parish,Hammond,257,51,Yes under Community Eligibility Option (CEO),false
220030000196,Southern Hills Elementary School,Caddo Parish,Shreveport,504,439,Yes participating without using any Provision or the CEO,false
220002301921,Southern University Lab School,Southern University Lab School,Baton Rouge,478,302,Yes participating without using any Provision or the CEO,true
220002302402,Southern University Laboratory Virtual School,Southern University Lab School,Baton Rouge,299,215,Yes participating without using any Provision or the CEO,true
220004701781,Southside Alternative High School,Office of Juvenile Justice,Monroe,165,146,Yes participating without using any Provision or the CEO,true
228010001619,Southside Alternative High School,Special School District,Monroe,,,,true
220102000771,Southside Elementary School,Livingston Parish,Denham Springs,534,475,Yes under Community Eligibility Option (CEO),false
220057000457,Southside Elementary School,East Carroll Parish,Lake Providence,359,348,Yes under Community Eligibility Option (CEO),false
220087002442,Southside High School,Lafayette Parish,Youngsville,1833,633,Yes under Community Eligibility Option (CEO),false
220102001559,Southside Junior High School,Livingston Parish,Denham Springs,536,420,Yes under Community Eligibility Option (CEO),true
220018902349,Southwest Louisiana Charter Academy,Southwest Louisiana Charter Academy,Lake Charles,852,706,Yes under Community Eligibility Option (CEO),true
220030000197,Southwood High School,Caddo Parish,Shreveport,971,696,Yes participating without using any Provision or the CEO,true
220009002269,Spanish Lake Primary School,Ascension Parish,Geismar,480,222,Yes participating without using any Provision or the CEO,false
220168001323,Spring Creek Elementary School,Tangipahoa Parish,Kentwood,292,201,Yes under Community Eligibility Option (CEO),false
220102000772,Springfield Elementary School,Livingston Parish,Springfield,569,471,Yes under Community Eligibility Option (CEO),false
220102000773,Springfield High School,Livingston Parish,Springfield,400,284,Yes under Community Eligibility Option (CEO),true
220102010339,Springfield Middle School,Livingston Parish,Springfield,440,347,Yes under Community Eligibility Option (CEO),true
220009000046,St. Amant High School,Ascension Parish,St. Amant,1847,823,Yes participating without using any Provision or the CEO,true
220009000045,St. Amant Middle School,Ascension Parish,St. Amant,532,295,Yes participating without using any Provision or the CEO,true
220009001977,St. Amant Primary School,Ascension Parish,St. Amant,585,298,Yes participating without using any Provision or the CEO,false
220141002065,St. Bernard Middle School,St. Bernard Parish,St. Bernard,319,224,Yes under Community Eligibility Option (CEO),true
220090000719,St. Charles Elementary School,Lafourche Parish,Thibodaux,253,168,Yes under Community Eligibility Option (CEO),false
220072001924,St. Charles Street Elementary School,Iberia Parish,Jeanerette,328,310,Yes under Community Eligibility Option (CEO),false
220147001157,St. Helena Arts and Technology Academy,St. Helena Parish,Greensburg,291,290,Yes under Community Eligibility Option (CEO),false
220147001154,St. Helena College and Career Academy,St. Helena Parish,Greensburg,435,435,Yes under Community Eligibility Option (CEO),true
220147002443,St. Helena Early Learning Center,St. Helena Parish,Greensburg,271,271,Yes under Community Eligibility Option (CEO),false
220150001167,St. James High School,St. James Parish,Vacherie,593,424,Yes under Community Eligibility Option (CEO),true
220033000264,St. John Elementary School,Calcasieu Parish,Lake Charles,670,440,Yes participating without using any Provision or the CEO,false
220032602525,St. Landry Charter School,St. Landry Primary School Incl.,Opelousas,315,287,Yes under Community Eligibility Option (CEO),false
220159001645,St. Martin Early STEAM Academy,St. Martin Parish,St. Martinville,295,290,Yes under Community Eligibility Option (CEO),false
220159001228,St. Martin STEAM Academy,St. Martin Parish,St. Martinville,478,435,Yes under Community Eligibility Option (CEO),false
220159001227,St. Martinville Junior High School,St. Martin Parish,St. Martinville,299,265,Yes under Community Eligibility Option (CEO),true
220159001229,St. Martinville Senior High School,St. Martin Parish,St. Martinville,521,416,Yes under Community Eligibility Option (CEO),true
220144001150,St. Rose Elementary School,St. Charles Parish,St. Rose,540,368,Yes under Community Eligibility Option (CEO),false
220165001651,St. Tammany Junior High School,St. Tammany Parish,Slidell,686,489,Yes under Community Eligibility Option (CEO),true
220051000337,Stanley High School,DeSoto Parish,Logansport,405,218,Yes under Community Eligibility Option (CEO),true
220033000265,Starks High School,Calcasieu Parish,Starks,284,131,Yes participating without using any Provision or the CEO,true
220135001106,Start Elementary School,Richland Parish,Start,332,198,Yes under Community Eligibility Option (CEO),true
220084000658,Stella Worley Middle School,Jefferson Parish,Westwego,235,200,Yes under Community Eligibility Option (CEO),true
220159001230,Stephensville Elementary School,St. Martin Parish,Morgan City,96,94,Yes under Community Eligibility Option (CEO),true
220120001012,Sterlington Elementary School,Ouachita Parish,Sterlington,800,357,Yes participating without using any Provision or the CEO,false
220120001013,Sterlington High School,Ouachita Parish,Monroe,513,210,Yes participating without using any Provision or the CEO,false
220120002325,Sterlington Middle School,Ouachita Parish,Sterlington,418,194,Yes participating without using any Provision or the CEO,true
220027001870,Stockwell Place Elementary School,Bossier Parish,Bossier City,496,218,Yes under Community Eligibility Option (CEO),false
220084002044,Strehle Community School,Jefferson Parish,Avondale,145,113,Yes under Community Eligibility Option (CEO),true
220018702283,Success @ Thurgood Marshall,Success Preparatory Academy,New Orleans,490,387,Yes under Community Eligibility Option (CEO),true
220009002530,Sugar Mill Primary,Ascension Parish,Prairieville,644,359,Yes under Community Eligibility Option (CEO),false
220033000266,Sulphur High School,Calcasieu Parish,Sulphur,1911,837,Yes participating without using any Provision or the CEO,false
220030000201,Summer Grove Elementary School,Caddo Parish,Shreveport,403,350,Yes participating without using any Provision or the CEO,false
220030000200,Summerfield Elementary School,Caddo Parish,Shreveport,428,319,Yes participating without using any Provision or the CEO,false
220045000315,Summerfield High School,Claiborne Parish,Summerfield,258,171,Yes under Community Eligibility Option (CEO),true
220027000138,Sun City Elementary School,Bossier Parish,Bossier City,492,243,Yes under Community Eligibility Option (CEO),false
220156001213,Sunset Middle School,St. Landry Parish,Sunset,348,283,Yes under Community Eligibility Option (CEO),true
220120001553,Swartz Lower Elementary School,Ouachita Parish,Monroe,325,212,Yes under Community Eligibility Option (CEO),false
220120001014,Swartz Upper Elementary School,Ouachita Parish,Monroe,350,232,Yes under Community Eligibility Option (CEO),false
220120001016,Swayze Elementary School,Ouachita Parish,Monroe,175,161,Yes under Community Eligibility Option (CEO),false
220033000273,T. H. Watkins Elementary School,Calcasieu Parish,Lake Charles,165,150,Yes participating without using any Provision or the CEO,false
220033000224,T. S. Cooley Elementary Magnet School,Calcasieu Parish,Lake Charles,300,45,Yes participating without using any Provision or the CEO,false
220084000614,T.h. Harris Middle School,Jefferson Parish,Metairie,563,376,Yes under Community Eligibility Option (CEO),true
220027001574,T.l. Rodes Elementary School,Bossier Parish,Haughton,542,267,Yes under Community Eligibility Option (CEO),false
220105000781,Tallulah Elementary School,Madison Parish,Tallulah,295,276,Yes under Community Eligibility Option (CEO),false
220012500433,Tanglewood Elementary School,Central Community School District,Baton Rouge,622,345,Yes participating without using any Provision or the CEO,false
220054000434,Tara High School,East Baton Rouge Parish,Baton Rouge,1016,703,Yes under Community Eligibility Option (CEO),true
220165010403,Tchefuncte Middle School,St. Tammany Parish,Mandeville,682,174,Yes under Community Eligibility Option (CEO),false
220159001231,Teche Elementary School,St. Martin Parish,Breaux Bridge,547,431,Yes under Community Eligibility Option (CEO),false
220171001332,Tensas Elementary School,Tensas Parish,St. Joseph,154,148,Yes under Community Eligibility Option (CEO),false
220171001328,Tensas High School,Tensas Parish,St. Joseph,147,139,Yes under Community Eligibility Option (CEO),true
220174001368,Terrebonne High School,Terrebonne Parish,Houma,1346,847,Yes under Community Eligibility Option (CEO),true
220084000649,Terrytown Elementary School,Jefferson Parish,Terrytown,611,367,Yes under Community Eligibility Option (CEO),false
220117002507,The Delores Taylor Arthur School for Young Men,Orleans Parish,New Orleans,77,71,Yes under Community Eligibility Option (CEO),false
220054000372,The Dufrocq School,East Baton Rouge Parish,Baton Rouge,431,316,Yes under Community Eligibility Option (CEO),false
220054002454,The Emerge School for Autism,East Baton Rouge Parish,Baton Rouge,48,16,Yes participating without using any Provision or the CEO,false
220117010435,The Leah Chase School,Orleans Parish,New Orleans,294,245,Yes participating without using any Provision or the CEO,false
220012602058,The Max Charter School,The MAX Charter School,Thibodaux,100,67,Yes under Community Eligibility Option (CEO),true
220029302439,The Net 2 Charter High School,The NET2 High School,New Orleans,141,111,Yes under Community Eligibility Option (CEO),false
220018802340,The Net Charter High School,The NET Charter High School,New Orleans,213,164,Yes under Community Eligibility Option (CEO),false
220029700926,The Willow School,The Willow School,New Orleans,2225,427,Yes participating without using any Provision or the CEO,false
220090000724,Thibodaux Elementary School,Lafourche Parish,Thibodaux,575,472,Yes under Community Eligibility Option (CEO),false
220090000725,Thibodaux High School,Lafourche Parish,Thibodaux,1306,822,Yes participating without using any Provision or the CEO,true
220090000727,Thibodaux Middle School,Lafourche Parish,Thibodaux,592,466,Yes under Community Eligibility Option (CEO),true
220186001427,Thomas Elementary School,Washington Parish,Franklinton,721,458,Yes under Community Eligibility Option (CEO),false
220108001482,Thomas Jefferson Elementary,City of Monroe School District,Monroe,268,260,Yes under Community Eligibility Option (CEO),false
220084001964,Thomas Jefferson High School for Advanced Studies,Jefferson Parish,Gretna,527,269,Yes under Community Eligibility Option (CEO),true
220029002335,Thrive Academy,Thrive Academy,Baton Rouge,156,147,Yes under Community Eligibility Option (CEO),true
220129001563,Tioga Elementary School,Rapides Parish,Ball,482,425,Yes under Community Eligibility Option (CEO),false
220129001084,Tioga High School,Rapides Parish,Ball,881,632,Yes under Community Eligibility Option (CEO),true
220129001085,Tioga Junior High School,Rapides Parish,Pineville,415,320,Yes under Community Eligibility Option (CEO),true
220084000644,Tom Benson School,Jefferson Parish,Kenner,631,397,Yes under Community Eligibility Option (CEO),true
220117001522,Travis Hill School,Orleans Parish,New Orleans,117,114,Yes participating without using any Provision or the CEO,true
220087000691,Truman Early Childhood Education Center,Lafayette Parish,Lafayette,331,262,Yes under Community Eligibility Option (CEO),false
220168001324,Tucker Memorial Elementary School,Tangipahoa Parish,Ponchatoula,633,470,Yes under Community Eligibility Option (CEO),false
220030001676,Turner Elementary Middle School,Caddo Parish,Shreveport,1437,1182,Yes participating without using any Provision or the CEO,true
220054000435,Twin Oaks Elementary School,East Baton Rouge Parish,Baton Rouge,417,284,Yes under Community Eligibility Option (CEO),false
220036000283,Union Central Elementary School,Caldwell Parish,Columbia,215,152,Yes under Community Eligibility Option (CEO),false
220177001694,Union Parish Elementary School,Union Parish,Farmerville,506,394,Yes under Community Eligibility Option (CEO),false
220177001376,Union Parish High School,Union Parish,Farmerville,579,428,Yes under Community Eligibility Option (CEO),true
220030000204,University Elementary School,Caddo Parish,Shreveport,837,461,Yes participating without using any Provision or the CEO,false
220015702322,University View Academy Inc. (Frm La Connections),University View Academy Inc. (FRM LA Connections),Baton Rouge,3725,2259,Yes participating without using any Provision or the CEO,true
220174001370,Upper Little Caillou Elementary School,Terrebonne Parish,Chauvin,342,262,Yes under Community Eligibility Option (CEO),false
220126001034,Upper Pointe Coupee Elementary School,Pointe Coupee Parish,Batchelor,241,177,Yes under Community Eligibility Option (CEO),true
220003201375,V. B. Glencoe Charter School,V. B. Glencoe Charter School,Franklin,502,353,Yes under Community Eligibility Option (CEO),true
220150001170,Vacherie Elementary School,St. James Parish,Vacherie,364,290,Yes under Community Eligibility Option (CEO),false
220126001036,Valverda Elementary School,Pointe Coupee Parish,Maringouin,436,288,Yes under Community Eligibility Option (CEO),false
220186001429,Varnado High School,Washington Parish,Varnado,256,210,Yes under Community Eligibility Option (CEO),true
220069000504,Verda Elementary School,Grant Parish,Montgomery,308,255,Yes under Community Eligibility Option (CEO),false
228010910438,Vermilion Charter Academy,Vermilion Charter Foundation Inc,Maurice,919,461,Yes participating without using any Provision or the CEO,false
220183001417,Vernon Middle School,Vernon Parish,Leesville,372,267,Yes under Community Eligibility Option (CEO),false
220048000324,Vidalia High School,Concordia Parish,Vidalia,364,296,Yes under Community Eligibility Option (CEO),true
220048000325,Vidalia Junior High School,Concordia Parish,Vidalia,336,267,Yes under Community Eligibility Option (CEO),true
220048000326,Vidalia Lower Elementary School,Concordia Parish,Vidalia,415,353,Yes under Community Eligibility Option (CEO),false
220048000327,Vidalia Upper Elementary School,Concordia Parish,Vidalia,316,237,Yes under Community Eligibility Option (CEO),false
220063000481,Vidrine Elementary School,Evangeline Parish,Ville Platte,359,240,Yes under Community Eligibility Option (CEO),true
220054000438,Villa Del Rey Elementary School,East Baton Rouge Parish,Baton Rouge,387,298,Yes under Community Eligibility Option (CEO),false
220174001503,Village East Elementary School,Terrebonne Parish,Houma,400,355,Yes under Community Eligibility Option (CEO),false
220063000483,Ville Platte Elementary School,Evangeline Parish,Ville Platte,319,303,Yes under Community Eligibility Option (CEO),false
220063000482,Ville Platte High School,Evangeline Parish,Ville Platte,419,352,Yes under Community Eligibility Option (CEO),true
220033010320,Vincent Settlement Elementary School,Calcasieu Parish,Sulphur,284,115,Yes participating without using any Provision or the CEO,false
220033000269,Vinton Elementary School,Calcasieu Parish,Vinton,374,266,Yes participating without using any Provision or the CEO,false
220033000270,Vinton High School,Calcasieu Parish,Vinton,242,141,Yes participating without using any Provision or the CEO,true
220033000271,Vinton Middle School,Calcasieu Parish,Vinton,191,123,Yes participating without using any Provision or the CEO,true
220090002339,Virtual Academy of Lafourche,Lafourche Parish,Thibodaux,477,279,Yes participating without using any Provision or the CEO,false
220141001533,W. Smith Jr. Elementary School,St. Bernard Parish,Violet,333,296,Yes under Community Eligibility Option (CEO),false
220033000235,W. T. Henning Elementary School,Calcasieu Parish,Sulphur,369,215,Yes participating without using any Provision or the CEO,false
220033000247,W. W. Lewis Middle School,Calcasieu Parish,Sulphur,757,340,Yes participating without using any Provision or the CEO,true
220063000480,W. W. Stewart Elementary School,Evangeline Parish,Basile,283,171,Yes under Community Eligibility Option (CEO),false
220165001264,W.l. Abney Elementary,St. Tammany Parish,Slidell,936,674,Yes under Community Eligibility Option (CEO),false
220162001241,W.p. Foster Elementary School,St. Mary Parish,Franklin,222,212,Yes under Community Eligibility Option (CEO),false
220090000709,W.s. Lafargue Elementary School,Lafourche Parish,Thibodaux,457,379,Yes under Community Eligibility Option (CEO),false
220027002074,W.t. Lewis Elementary School,Bossier Parish,Bossier City,558,241,Yes under Community Eligibility Option (CEO),false
220102000776,Walker Elementary School,Livingston Parish,Walker,623,504,Yes under Community Eligibility Option (CEO),false
220102000774,Walker High School,Livingston Parish,Walker,2006,1393,Yes under Community Eligibility Option (CEO),false
220102002484,Walker Junior High,Livingston Parish,Walker,508,417,Yes under Community Eligibility Option (CEO),false
220027000139,Waller Elementary School,Bossier Parish,Bossier City,424,330,Yes under Community Eligibility Option (CEO),false
220030000207,Walnut Hill Elementary/Middle School,Caddo Parish,Shreveport,1480,1005,Yes participating without using any Provision or the CEO,true
220030702461,Walter L. Cohen High School,Walter L. Cohen High School,New Orleans,413,321,Yes under Community Eligibility Option (CEO),true
220084000647,Walter Schneckenburger Elem School,Jefferson Parish,Kenner,327,220,Yes under Community Eligibility Option (CEO),false
220132000784,Ware Youth Center,Red River Parish,Coushatta,37,34,Yes participating without using any Provision or the CEO,true
220031602481,Warren Easton Charter High School,Warren Easton Charter Foundation Inc.,New Orleans,1138,851,Yes under Community Eligibility Option (CEO),false
220156001215,Washington Elementary School,St. Landry Parish,Washington,115,106,Yes under Community Eligibility Option (CEO),true
220033000272,Washington/Marion Magnet High School,Calcasieu Parish,Lake Charles,597,509,Yes participating without using any Provision or the CEO,true
220189001455,Webster Junior High School,Webster Parish,Minden,461,368,Yes under Community Eligibility Option (CEO),true
220054000440,Wedgewood Elementary School,East Baton Rouge Parish,Baton Rouge,456,378,Yes under Community Eligibility Option (CEO),false
220081000573,Welsh Elementary School,Jefferson Davis Parish,Welsh,499,252,Yes under Community Eligibility Option (CEO),false
220081000574,Welsh High School,Jefferson Davis Parish,Welsh,263,143,Yes under Community Eligibility Option (CEO),true
220081000575,Welsh-Roanoke Junior High School,Jefferson Davis Parish,Roanoke,199,101,Yes under Community Eligibility Option (CEO),true
220186001431,Wesley Ray Elementary School,Washington Parish,Angie,255,217,Yes under Community Eligibility Option (CEO),false
220198001476,West Feliciana High School,West Feliciana Parish,St. Francisville,591,230,Yes participating without using any Provision or the CEO,true
220198001276,West Feliciana Middle School,West Feliciana Parish,St. Francisville,506,211,Yes under Community Eligibility Option (CEO),true
220084000654,West Jefferson High School,Jefferson Parish,Harvey,1438,904,Yes under Community Eligibility Option (CEO),true
220183001418,West Leesville Elementary School,Vernon Parish,Leesville,643,522,Yes under Community Eligibility Option (CEO),false
220120001017,West Monroe High School,Ouachita Parish,West Monroe,2041,1037,Yes under Community Eligibility Option (CEO),true
220120001939,West Ouachita High School,Ouachita Parish,West Monroe,968,446,Yes under Community Eligibility Option (CEO),true
220120001557,West Ridge Middle School,Ouachita Parish,West Monroe,681,280,Yes under Community Eligibility Option (CEO),true
220153001836,West St. John Elementary School (K-7),St. John the Baptist Parish,Edgard,188,167,Yes under Community Eligibility Option (CEO),false
220153001500,West St. John High School,St. John the Baptist Parish,Edgard,186,157,Yes under Community Eligibility Option (CEO),true
220162001253,West St. Mary High School,St. Mary Parish,Baldwin,276,243,Yes under Community Eligibility Option (CEO),true
220054000441,Westdale Heights Academic Magnet School,East Baton Rouge Parish,Baton Rouge,453,172,Yes under Community Eligibility Option (CEO),false
220054000442,Westdale Middle School,East Baton Rouge Parish,Baton Rouge,538,386,Yes under Community Eligibility Option (CEO),true
220033000277,Western Heights Elementary School,Calcasieu Parish,Westlake,343,194,Yes participating without using any Provision or the CEO,false
220072000525,Westgate High School,Iberia Parish,New Iberia,863,680,Yes under Community Eligibility Option (CEO),true
220033000278,Westlake High School,Calcasieu Parish,Westlake,487,215,Yes participating without using any Provision or the CEO,false
220054000443,Westminster Elementary School,East Baton Rouge Parish,Baton Rouge,208,175,Yes under Community Eligibility Option (CEO),false
220078000560,Weston High School,Jackson Parish,Jonesboro,598,351,Yes under Community Eligibility Option (CEO),true
220087000693,Westside Elementary School,Lafayette Parish,Scott,597,437,Yes under Community Eligibility Option (CEO),false
220102000777,Westside Junior High School,Livingston Parish,Walker,397,299,Yes under Community Eligibility Option (CEO),true
220030000211,Westwood Elementary School,Caddo Parish,Shreveport,419,371,Yes participating without using any Provision or the CEO,false
220033000279,Westwood Elementary School,Calcasieu Parish,Westlake,412,263,Yes participating without using any Provision or the CEO,false
220165001950,Whispering Forest Elementary School,St. Tammany Parish,Slidell,453,245,Yes under Community Eligibility Option (CEO),false
220075000550,White Castle High School,Iberville Parish,White Castle,286,236,Yes under Community Eligibility Option (CEO),true
220054000445,Wildwood Elementary School,East Baton Rouge Parish,Baton Rouge,433,284,Yes under Community Eligibility Option (CEO),false
220084000615,William Hart Elementary School,Jefferson Parish,Gretna,320,217,Yes under Community Eligibility Option (CEO),false
220165001290,William Pitcher Junior High School,St. Tammany Parish,Covington,266,162,Yes under Community Eligibility Option (CEO),true
220026302405,Willow Charter Academy,Willow Charter Academy,Lafayette,605,594,Yes under Community Eligibility Option (CEO),true
220029602414,Wilson Charter School,Wilson Charter School,New Orleans,601,472,Yes under Community Eligibility Option (CEO),true
220054000446,Winbourne Elementary School,East Baton Rouge Parish,Baton Rouge,274,263,Yes under Community Eligibility Option (CEO),false
220201001487,Winnfield High School,Winn Parish,Winnfield,350,222,Yes under Community Eligibility Option (CEO),true
220201001486,Winnfield Middle School,Winn Parish,Winnfield,325,250,Yes under Community Eligibility Option (CEO),true
220201001484,Winnfield Primary School,Winn Parish,Winnfield,485,357,Yes under Community Eligibility Option (CEO),false
220066000496,Winnsboro Elementary School,Franklin Parish,Winnsboro,366,342,Yes under Community Eligibility Option (CEO),false
220165001898,Woodlake Elementary School,St. Tammany Parish,Mandeville,442,128,Yes under Community Eligibility Option (CEO),false
220168001991,Woodland Park Magnet,Tangipahoa Parish,Hammond,458,412,Yes under Community Eligibility Option (CEO),false
220084000656,Woodland West School,Jefferson Parish,Harvey,631,510,Yes under Community Eligibility Option (CEO),true
220054002265,Woodlawn Elementary,East Baton Rouge Parish,Baton Rouge,658,450,Yes under Community Eligibility Option (CEO),false
220120001020,Woodlawn Elementary School,Ouachita Parish,West Monroe,508,313,Yes under Community Eligibility Option (CEO),false
220054000447,Woodlawn High School,East Baton Rouge Parish,Baton Rouge,1331,862,Yes under Community Eligibility Option (CEO),true
220030000212,Woodlawn High School,Caddo Parish,Shreveport,623,531,Yes participating without using any Provision or the CEO,true
220054001692,Woodlawn Middle School,East Baton Rouge Parish,Baton Rouge,807,547,Yes under Community Eligibility Option (CEO),true
220120001021,Woodlawn Middle School,Ouachita Parish,West Monroe,249,148,Yes under Community Eligibility Option (CEO),true
220084001681,Woodmere School,Jefferson Parish,Harvey,629,482,Yes under Community Eligibility Option (CEO),true
220087000694,Woodvale Elementary School,Lafayette Parish,Lafayette,793,432,Yes under Community Eligibility Option (CEO),false
220108000803,Wossman High School,City of Monroe School District,Monroe,635,572,Yes under Community Eligibility Option (CEO),true
220105000785,Wright Elementary School,Madison Parish,Tallulah,264,249,Yes under Community Eligibility Option (CEO),false
220162001262,Wyandotte Elementary School,St. Mary Parish,Morgan City,300,207,Yes under Community Eligibility Option (CEO),false
220032902528,Young Audiences at Crocker Elementary,Young Audiences at Crocker Elementary,New Orleans,510,492,Yes under Community Eligibility Option (CEO),false
220084002478,Young Audiences Charter High School,Jefferson Parish,Gretna,643,556,Yes participating without using any Provision or the CEO,false
220084000638,Young Audiences Charter School,Jefferson Parish,Gretna,1077,969,Yes under Community Eligibility Option (CEO),true
220087000695,Youngsville Middle School,Lafayette Parish,Youngsville,534,225,Yes under Community Eligibility Option (CEO),true
220030000213,Youree Dr. Middle Advanced Placement Magnet School,Caddo Parish,Shreveport,992,616,Yes participating without using any Provision or the CEO,false
220003902299,Zachary Early Learning Center,Zachary Community School District,Zachary,201,126,Yes participating without using any Provision or the CEO,false
220003900449,Zachary Elementary School,Zachary Community School District,Zachary,778,491,Yes participating without using any Provision or the CEO,false
220003900450,Zachary High School,Zachary Community School District,Zachary,1726,967,Yes participating without using any Provision or the CEO,true
220138001117,Zwolle Elementary School,Sabine Parish,Zwolle,415,331,Yes under Community Eligibility Option (CEO),false
220138001118,Zwolle High School,Sabine Parish,Zwolle,270,215,Yes under Community Eligibility Option (CEO),true
