nces_id,school_name,district_name,city_name,total_students,frl_eligible_students,national_school_lunch_program,admin_approved
293144003207,6th Grade Center,Waynesville R-VI,Waynesville,451,228,Yes participating without using any Provision or the CEO,false
291365000587,A. D. Stowell Elem.,Hannibal 60,Hannibal,221,150,Yes participating without using any Provision or the CEO,false
291548003210,Abraham Mallinson Elementary,Independence 30,Sugar Creek,282,239,Yes participating without using any Provision or the CEO,false
291640001718,Ac Prep Elementary,Kansas City 33,Kansas City,366,366,Yes under Community Eligibility Option (CEO),true
292928003215,Acad of Entre Stdy@louverture,St. Louis City,St. Louis,289,289,Yes under Community Eligibility Option (CEO),true
290001703394,Academie Lafayette Armour Ihs,Academie Lafayette,Kansas City,118,50,Yes participating without using any Provision or the CEO,false
290001703331,Academie Lafayette Armour Ims,Academie Lafayette,Kansas City,295,85,Yes participating without using any Provision or the CEO,false
290001703259,Academie Lafayette Cherry Elem,Academie Lafayette,Kansas City,492,166,Yes participating without using any Provision or the CEO,false
290001702753,Academie Lafayette Oak Elem,Academie Lafayette,Kansas City,520,140,Yes participating without using any Provision or the CEO,false
290060403209,Academy for Integrated Arts,Academy for Integrated Arts,Kansas City,244,244,Yes under Community Eligibility Option (CEO),false
292676001588,Ackerman,Specl. Sch. Dst. St. Louis Co.,Florissant,137,137,Yes under Community Eligibility Option (CEO),true
292886003378,Adah Fulbright Early Childhood,Springfield R-XII,Springfield,189,103,Yes participating without using any Provision or the CEO,false
290579000124,Adair Co. Elem.,Adair Co. R-II,Brashear,73,35,Yes participating without using any Provision or the CEO,false
292298001314,Adair Co. Elem.,Adair Co. R-I,Novinger,105,55,Yes under Community Eligibility Option (CEO),false
290579000125,Adair Co. High,Adair Co. R-II,Brashear,71,22,Yes participating without using any Provision or the CEO,true
292298001315,Adair Co. High,Adair Co. R-I,Novinger,101,48,Yes participating without using any Provision or the CEO,true
292928002789,Adams Elem.,St. Louis City,St Louis,171,171,Yes under Community Eligibility Option (CEO),false
290285000001,Adrian Elem.,Adrian R-III,Adrian,314,100,Yes participating without using any Provision or the CEO,false
290285000002,Adrian Sr. High,Adrian R-III,Adrian,375,77,Yes participating without using any Provision or the CEO,false
290288000003,Advance Elem.,Advance R-IV,Advance,240,111,Yes participating without using any Provision or the CEO,false
290288000004,Advance High,Advance R-IV,Advance,188,68,Yes participating without using any Provision or the CEO,true
290291000009,Affton High,Affton 101,St Louis,761,314,Yes participating without using any Provision or the CEO,false
290297000010,Albany High,Albany R-III,Albany,130,64,Yes participating without using any Provision or the CEO,true
290297001478,Albany Middle,Albany R-III,Albany,96,38,Yes participating without using any Provision or the CEO,true
291854001004,Alexander Doniphan Elem.,Liberty 53,Liberty,336,85,Yes participating without using any Provision or the CEO,false
292836001749,Alexander Elem.,Slater,Slater,226,,Yes under Community Eligibility Option (CEO),true
292355001366,Alfred L. Renner Elem.,Park Hill,Kansas City,403,176,Yes participating without using any Provision or the CEO,false
290002502748,Allen Village Elementary Acade,Allen Village,Kansas City,87,78,Yes under Community Eligibility Option (CEO),false
290002503233,Allen Village High School,Allen Village,Kansas City,130,107,Yes under Community Eligibility Option (CEO),true
290002503325,Allen Village Junior Academy,Allen Village,Kansas City,92,72,Yes under Community Eligibility Option (CEO),true
290002503379,Allen Village Preschool,Allen Village,Kansas City,9,6,Yes participating without using any Provision or the CEO,false
290002503327,Allen Village Primary Academy,Allen Village,Kansas City,66,53,Yes under Community Eligibility Option (CEO),false
290712000184,Alma Schrader Elem.,Cape Girardeau 63,Cape Girardeau,332,332,Yes under Community Eligibility Option (CEO),false
290100003152,Alpha Hart Lewis,Columbia 93,Columbia,468,468,Yes under Community Eligibility Option (CEO),false
290304000014,Altenburg Elem.,Altenburg 48,Altenburg,113,35,Yes participating without using any Provision or the CEO,true
290000901287,Alternative Resource Ctr.,Division of Youth Service,Kansas City,2,,Yes participating without using any Provision or the CEO,false
291845002667,Alternative School,Lesterville R-IV,Lesterville,35,32,Yes participating without using any Provision or the CEO,true
290306000015,Alton Elementary,Alton R-IV,Alton,290,208,Yes participating without using any Provision or the CEO,false
290306000016,Alton High,Alton R-IV,Alton,281,160,Yes participating without using any Provision or the CEO,true
292757001688,Amazonia Elem.,Savannah R-III,Amazonia,100,43,Yes participating without using any Provision or the CEO,false
292928002570,Ames Visual/Perf. Arts,St. Louis City,St Louis,131,131,Yes under Community Eligibility Option (CEO),false
292061001100,Anderson Elem.,McDonald Co. R-I,Anderson,521,314,Yes participating without using any Provision or the CEO,false
292061003007,Anderson Middle,McDonald Co. R-I,Anderson,275,176,Yes participating without using any Provision or the CEO,true
290100000841,Ann Hawkins Gentry Mid. School,Columbia 93,Columbia,736,233,Yes participating without using any Provision or the CEO,false
292280001258,Antioch Middle,North Kansas City 74,Gladstone,886,355,Yes participating without using any Provision or the CEO,false
291230000497,Antonia Elem.,Fox C-6,Imperial,452,106,Yes participating without using any Provision or the CEO,false
291230003151,Antonia Middle School,Fox C-6,Barnhart,535,162,Yes participating without using any Provision or the CEO,false
290312000017,Appleton City Elem.,Appleton City R-II,Appleton City,161,94,Yes participating without using any Provision or the CEO,false
290312000019,Appleton City High,Appleton City R-II,Appleton City,170,70,Yes participating without using any Provision or the CEO,true
290315000021,Arcadia Valley Elem.,Arcadia Valley R-II,Ironton,387,387,Yes under Community Eligibility Option (CEO),false
290315000022,Arcadia Valley High,Arcadia Valley R-II,Ironton,306,71,Yes under Community Eligibility Option (CEO),true
290315000023,Arcadia Valley Middle,Arcadia Valley R-II,Ironton,281,281,Yes under Community Eligibility Option (CEO),true
290320000024,Archie Elementary,Archie R-V,Archie,291,101,Yes participating without using any Provision or the CEO,false
290320000025,Archie High School,Archie R-V,Archie,278,99,Yes participating without using any Provision or the CEO,false
291383000613,Armstrong Elem.,Hazelwood,Hazelwood,361,361,Yes under Community Eligibility Option (CEO),false
291383002858,Arrowpoint Elem.,Hazelwood,St Louis,371,371,Yes under Community Eligibility Option (CEO),false
292886003405,Arthur Mallory Early Childhood,Springfield R-XII,Springfield,143,106,Yes participating without using any Provision or the CEO,false
290327000027,Ash Grove Elem.,Ash Grove R-IV,Ash Grove,275,126,Yes participating without using any Provision or the CEO,false
290327000028,Ash Grove High,Ash Grove R-IV,Ash Grove,333,109,Yes participating without using any Provision or the CEO,true
292928001877,Ashland Elem. and Br.,St. Louis City,St Louis,199,199,Yes under Community Eligibility Option (CEO),false
290057903014,Aspire Academy,Confluence Academies,St. Louis,112,112,Yes under Community Eligibility Option (CEO),true
291050000347,Athena Elem.,Desoto 73,Desoto,465,233,Yes participating without using any Provision or the CEO,false
290348000029,Atlanta Elem.,Atlanta C-3,Atlanta,112,45,Yes participating without using any Provision or the CEO,false
290348000030,Atlanta High,Atlanta C-3,Atlanta,88,33,Yes participating without using any Provision or the CEO,true
290061803400,Atlas Elementary,Atlas Public Schools,St.louis,431,431,Yes under Community Eligibility Option (CEO),false
293111002156,Augusta Elementary,Washington,Augusta,104,29,Yes participating without using any Provision or the CEO,false
290402000031,Aurora High,Aurora R-VIII,Aurora,550,331,Yes under Community Eligibility Option (CEO),true
290402001517,Aurora Jr. High,Aurora R-VIII,Aurora,278,170,Yes under Community Eligibility Option (CEO),true
290002203064,Autumn Hill School,Mo Schls for the Sev Disabled,Union,32,21,Yes participating without using any Provision or the CEO,true
290405000034,Ava Elem.,Ava R-I,Ava,553,314,Yes participating without using any Provision or the CEO,false
290405000036,Ava High,Ava R-I,Ava,391,160,Yes participating without using any Provision or the CEO,true
290405002548,Ava Middle,Ava R-I,Ava,386,199,Yes participating without using any Provision or the CEO,true
290408000037,Avenue City Elem.,Avenue City R-IX,Cosby,229,27,Yes participating without using any Provision or the CEO,false
293153002190,Avery Elem.,Webster Groves,St Louis,337,20,Yes participating without using any Provision or the CEO,false
290411000038,Avilla Elem.,Avilla R-XIII,Avilla,114,67,Yes participating without using any Provision or the CEO,true
290002203057,B W Robinson School,Mo Schls for the Sev Disabled,Rolla,28,14,Yes participating without using any Provision or the CEO,false
291640002602,B. Banneker Elementary,Kansas City 33,Kansas City,487,487,Yes under Community Eligibility Option (CEO),false
292685002566,Babler Elem.,Rockwood R-VI,Glencoe,408,36,Yes participating without using any Provision or the CEO,false
290414000039,Bakersfield Elem.,Bakersfield R-IV,Bakersfield,177,105,Yes participating without using any Provision or the CEO,false
290414000040,Bakersfield High,Bakersfield R-IV,Bakersfield,215,118,Yes participating without using any Provision or the CEO,true
290417000041,Ballard Elem.,Ballard R-II,Butler,57,33,Yes participating without using any Provision or the CEO,false
290417000042,Ballard High,Ballard R-II,Butler,59,29,Yes participating without using any Provision or the CEO,true
292685001614,Ballwin Elem.,Rockwood R-VI,Ballwin,426,80,Yes participating without using any Provision or the CEO,false
292265003189,Barack Obama Elementary School,Normandy Schools Collaborative,St. Louis,233,233,Yes under Community Eligibility Option (CEO),true
293066002105,Barbara Jordan Elem.,University City,University City,386,386,Yes under Community Eligibility Option (CEO),false
293165003006,Barfield Early Childhood Cntr,Wentzville R-IV,O'Fallon,356,74,Yes participating without using any Provision or the CEO,false
292895002307,Barnwell Middle,Francis Howell R-III,St Charles,792,152,Yes participating without using any Provision or the CEO,false
292358001375,Barretts Elem.,Parkway C-2,Manchester,378,14,Yes participating without using any Provision or the CEO,false
291383000447,Barrington Elem.,Hazelwood,Florissant,515,515,Yes under Community Eligibility Option (CEO),false
292523003443,Barry School,Platte Co. R-III,Kansas City,348,103,Yes participating without using any Provision or the CEO,false
291255000517,Bartley Elem.,Fulton 58,Fulton,224,106,Yes participating without using any Provision or the CEO,false
290450000043,Bayless Elementary,Bayless,St Louis,858,488,Yes participating without using any Provision or the CEO,false
290450000715,Bayless Junior High,Bayless,St Louis,385,232,Yes participating without using any Provision or the CEO,true
290450000044,Bayless Senior High,Bayless,St Louis,562,349,Yes participating without using any Provision or the CEO,true
292067001109,Beasley Elem.,Mehlville R-IX,St Louis,250,127,Yes participating without using any Provision or the CEO,false
293057002097,Beaufort Elem.,Union R-XI,Beaufort,322,111,Yes participating without using any Provision or the CEO,false
292928001882,Beaumont CTE High School,St. Louis City,St Louis,0,,No,true
292895001854,Becky-David Elem.,Francis Howell R-III,St Charles,812,120,Yes participating without using any Provision or the CEO,false
292265003369,Bel-Nor,Normandy Schools Collaborative,St.louis,205,205,Yes under Community Eligibility Option (CEO),false
291619000746,Belair Elem.,Jefferson City,Jefferson City,363,186,Yes participating without using any Provision or the CEO,false
290453000046,Bell City Elem.,Bell City R-II,Bell City,105,59,Yes participating without using any Provision or the CEO,false
290453000047,Bell City High,Bell City R-II,Bell City,91,57,Yes participating without using any Provision or the CEO,true
292280003115,Bell Prairie Elementary,North Kansas City 74,Kansas City,642,162,Yes participating without using any Provision or the CEO,false
290000100048,Belle Elem.,Maries Co. R-II,Belle,259,122,Yes under Community Eligibility Option (CEO),false
290000100049,Belle High,Maries Co. R-II,Belle,228,94,Yes participating without using any Provision or the CEO,true
292358001376,Bellerive Elem.,Parkway C-2,Creve Coeur,400,104,Yes participating without using any Provision or the CEO,false
290459000050,Belleview Elem.,Belleview R-III,Belleview,81,81,Yes under Community Eligibility Option (CEO),true
290462000055,Belton High,Belton 124,Belton,1258,659,Yes participating without using any Provision or the CEO,true
290462003025,Belton Middle School,Belton 124,Belton,641,343,Yes participating without using any Provision or the CEO,true
291314000548,Belvidere Elem.,Grandview C-4,Grandview,294,175,Yes participating without using any Provision or the CEO,false
292041001082,Benton Elem.,Marshall,Marshall,200,117,Yes participating without using any Provision or the CEO,false
292181001203,Benton Elem.,Neosho School District,Neosho,523,396,Yes participating without using any Provision or the CEO,false
292706001644,Benton High,St. Joseph,St Joseph,682,320,Yes participating without using any Provision or the CEO,true
291201003367,Berkeley Elementary School,Ferguson-Florissant R-II,Berkeley,374,374,Yes under Community Eligibility Option (CEO),false
291201000452,Bermuda Elementary,Ferguson-Florissant R-II,St Louis,164,164,Yes under Community Eligibility Option (CEO),false
291830000222,Bernard C. Campbell Middle,Lee's Summit R-VII,Lee's Summit,1043,341,Yes participating without using any Provision or the CEO,false
292067003032,Bernard Middle,Mehlville R-IX,St Louis,577,157,Yes participating without using any Provision or the CEO,false
290495000060,Bernie Elem.,Bernie R-XIII,Bernie,283,181,Yes participating without using any Provision or the CEO,false
290495000061,Bernie High,Bernie R-XIII,Bernie,195,102,Yes participating without using any Provision or the CEO,true
293150002991,Bess Truman Primary Ctr.,Webb City R-VII,Webb City,188,78,Yes participating without using any Provision or the CEO,false
292928002645,Betty Wheeler Classical Jr. Ac,St. Louis City,St Louis,260,260,Yes under Community Eligibility Option (CEO),false
290100003292,Beulah Ralph Elementary,Columbia 93,Columbia,656,129,Yes participating without using any Provision or the CEO,false
290498000062,Bevier Elem.,Bevier C-4,Bevier,159,100,Yes participating without using any Provision or the CEO,true
290498000063,Bevier High,Bevier C-4,Bevier,61,30,Yes participating without using any Provision or the CEO,true
292067001111,Bierbaum Elem.,Mehlville R-IX,St Louis,531,266,Yes participating without using any Provision or the CEO,false
290507000065,Billings Elem.,Billings R-IV,Billings,249,114,Yes participating without using any Provision or the CEO,false
290507000066,Billings Sr. High,Billings R-IV,Billings,149,67,Yes participating without using any Provision or the CEO,false
292886001781,Bingham Elem.,Springfield R-XII,Springfield,429,315,Yes participating without using any Provision or the CEO,false
291548002339,Bingham Middle,Independence 30,Independence,730,558,Yes participating without using any Provision or the CEO,true
292154001184,Birch Tree Elem.,Mountain View-Birch Tree R-III,Birch Tree,174,135,Yes participating without using any Provision or the CEO,false
290513000067,Bismarck R-V Elem.,Bismarck R-V,Bismarck,207,207,Yes under Community Eligibility Option (CEO),false
290513000068,Bismarck R-V High,Bismarck R-V,Bismarck,239,239,Yes under Community Eligibility Option (CEO),true
290000901199,Bissell Hall,Division of Youth Service,St Louis,22,19,Yes participating without using any Provision or the CEO,true
292886001782,Bissett Elem.,Springfield R-XII,Springfield,187,163,Yes participating without using any Provision or the CEO,false
291638000794,Black Hawk Elem.,Clark Co. R-I,Kahoka,342,195,Yes participating without using any Provision or the CEO,false
293105002649,Black Hawk Middle,Warren Co. R-III,Warrenton,696,309,Yes participating without using any Provision or the CEO,true
291548000708,Blackburn Elem.,Independence 30,Independence,363,164,Yes participating without using any Provision or the CEO,false
292892003199,Blackhurst Elementary,St. Charles R-VI,St. Charles,227,130,Yes participating without using any Provision or the CEO,false
290519000069,Blackwater Elem.,Blackwater R-II,Blackwater,101,44,Yes participating without using any Provision or the CEO,true
292067001112,Blades Elem.,Mehlville R-IX,St Louis,442,128,Yes participating without using any Provision or the CEO,false
290993000294,Blair Oaks Elem.,Blair Oaks R-II,Jefferson City,224,29,Yes participating without using any Provision or the CEO,false
290993000295,Blair Oaks High,Blair Oaks R-II,Jefferson City,421,37,Yes participating without using any Provision or the CEO,false
290993003393,Blair Oaks Intermediate,Blair Oaks R-II,Jefferson City,228,28,Yes participating without using any Provision or the CEO,false
290993003117,Blair Oaks Middle School,Blair Oaks R-II,Jefferson City,290,34,Yes participating without using any Provision or the CEO,false
290712002722,Blanchard Elem.,Cape Girardeau 63,Cape Girardeau,326,326,Yes under Community Eligibility Option (CEO),false
292685002762,Blevins Elem.,Rockwood R-VI,Eureka,376,47,Yes participating without using any Provision or the CEO,false
290525000072,Bloomfield Elem.,Bloomfield R-Xiv,Bloomfield,229,128,Yes participating without using any Provision or the CEO,false
290525000073,Bloomfield High,Bloomfield R-Xiv,Bloomfield,167,83,Yes participating without using any Provision or the CEO,true
290525003104,Bloomfield Middle,Bloomfield R-Xiv,Bloomfield,186,110,Yes participating without using any Provision or the CEO,true
292937002031,Bloomsdale Elem.,Ste. Genevieve Co. R-II,Bloomsdale,324,146,Yes participating without using any Provision or the CEO,false
290528000075,Blue Eye Elem.,Blue Eye R-V,Blue Eye,202,117,Yes participating without using any Provision or the CEO,false
290528000076,Blue Eye High,Blue Eye R-V,Blue Eye,160,79,Yes participating without using any Provision or the CEO,true
290528001900,Blue Eye Middle,Blue Eye R-V,Blue Eye,140,68,Yes participating without using any Provision or the CEO,true
291229000489,Blue Hills Elem.,Fort Osage R-I,Independence,357,156,Yes participating without using any Provision or the CEO,false
290100000298,Blue Ridge Elem.,Columbia 93,Columbia,453,330,Yes under Community Eligibility Option (CEO),false
292607000545,Blue Ridge Elem.,Raytown C-2,Raytown,299,206,Yes participating without using any Provision or the CEO,false
290531000085,Blue Springs High,Blue Springs R-IV,Blue Springs,2429,775,Yes participating without using any Provision or the CEO,false
290531000170,Blue Springs South High,Blue Springs R-IV,Blue Springs,2299,572,Yes participating without using any Provision or the CEO,false
292706001646,Bode Middle,St. Joseph,St Joseph,488,198,Yes participating without using any Provision or the CEO,false
290327000026,Bois D'Arc Elem.,Ash Grove R-IV,Bois D'Arc,178,84,Yes participating without using any Provision or the CEO,false
290537000092,Bolivar High,Bolivar R-I,Bolivar,831,347,Yes participating without using any Provision or the CEO,true
290537001535,Bolivar Intermediate Sch.,Bolivar R-I,Bolivar,572,294,Yes participating without using any Provision or the CEO,false
290537002423,Bolivar Middle,Bolivar R-I,Bolivar,587,268,Yes participating without using any Provision or the CEO,true
290537000090,Bolivar Primary,Bolivar R-I,Bolivar,578,327,Yes participating without using any Provision or the CEO,false
290540000094,Boncl Elem.,Boncl R-X,Louisiana,39,15,Yes participating without using any Provision or the CEO,true
290825000223,Boone Elem.,Center 58,Kansas City,247,148,Yes participating without using any Provision or the CEO,false
293045002855,Boone Elem.,Troy R-III,Troy,394,124,Yes participating without using any Provision or the CEO,false
293165002652,Boone Trail Elem.,Wentzville R-IV,Wentzville,479,60,Yes participating without using any Provision or the CEO,false
290002203046,Boonslick,Mo Schls for the Sev Disabled,St Peters,23,13,Yes participating without using any Provision or the CEO,true
290558000104,Boonville High,Boonville R-I,Boonville,527,,Yes under Community Eligibility Option (CEO),false
290002203049,Bootheel School,Mo Schls for the Sev Disabled,Clarkton,26,13,Yes participating without using any Provision or the CEO,true
291640000557,Border Star Montessori,Kansas City 33,Kansas City,251,251,Yes under Community Eligibility Option (CEO),false
291827000974,Boswell Elem.,Lebanon R-III,Lebanon,581,382,Yes participating without using any Provision or the CEO,false
290561000106,Bosworth Elem.,Bosworth R-V,Bosworth,34,34,Yes under Community Eligibility Option (CEO),false
290561000107,Bosworth High,Bosworth R-V,Bosworth,16,16,Yes under Community Eligibility Option (CEO),true
290564000108,Bourbon Elementary School,Crawford Co. R-I,Bourbon,316,157,Yes under Community Eligibility Option (CEO),false
290564000109,Bourbon High School,Crawford Co. R-I,Bourbon,273,106,Yes under Community Eligibility Option (CEO),true
290564001699,Bourbon Middle School,Crawford Co. R-I,Bourbon,238,105,Yes under Community Eligibility Option (CEO),true
292886001783,Bowerman Elem.,Springfield R-XII,Springfield,275,244,Yes participating without using any Provision or the CEO,false
292685001615,Bowles Elem.,Rockwood R-VI,Fenton,266,53,Yes participating without using any Provision or the CEO,false
290566000112,Bowling Green Elem.,Bowling Green R-I,Bowling Green,472,226,Yes participating without using any Provision or the CEO,false
290566000115,Bowling Green High,Bowling Green R-I,Bowling Green,373,135,Yes participating without using any Provision or the CEO,false
290566000601,Bowling Green Middle,Bowling Green R-I,Bowling Green,284,136,Yes participating without using any Provision or the CEO,true
292886001784,Boyd Elem.,Springfield R-XII,Springfield,347,296,Yes participating without using any Provision or the CEO,false
290570000117,Bradleyville Elem.,Bradleyville R-I,Bradleyville,105,61,Yes participating without using any Provision or the CEO,false
290570000118,Bradleyville High,Bradleyville R-I,Bradleyville,100,64,Yes participating without using any Provision or the CEO,true
290576000122,Branson High,Branson R-IV,Branson,1469,805,Yes participating without using any Provision or the CEO,true
290576000123,Branson Jr. High,Branson R-IV,Branson,694,414,Yes participating without using any Provision or the CEO,true
290582000126,Braymer Elem.,Braymer C-4,Braymer,148,88,Yes participating without using any Provision or the CEO,false
290582000127,Braymer High,Braymer C-4,Braymer,133,63,Yes participating without using any Provision or the CEO,true
290585000128,Breckenridge Elem.,Breckenridge R-I,Breckenridge,33,23,Yes participating without using any Provision or the CEO,false
290585000129,Breckenridge High,Breckenridge R-I,Breckenridge,30,25,Yes participating without using any Provision or the CEO,true
292289001301,Brennan Woods Elem.,Northwest R-I,High Ridge,470,194,Yes participating without using any Provision or the CEO,false
290588003190,Brentwood Early Childhd Center,Brentwood,Brentwood,83,5,Yes participating without using any Provision or the CEO,false
290588000131,Brentwood High,Brentwood,Brentwood,195,50,Yes participating without using any Provision or the CEO,false
290588001113,Brentwood Middle,Brentwood,Brentwood,160,30,Yes participating without using any Provision or the CEO,false
292280001260,Briarcliff Elementary,North Kansas City 74,Kansas City,352,169,Yes participating without using any Provision or the CEO,false
290002203066,Briarwood School,Mo Schls for the Sev Disabled,Harrisonville,9,4,Yes participating without using any Provision or the CEO,true
291548000709,Bridger Middle,Independence 30,Independence,744,538,Yes participating without using any Provision or the CEO,false
292370001412,Bridgeway Elem.,Pattonville R-III,Bridgeton,417,176,Yes participating without using any Provision or the CEO,false
292373002889,Bridle Ridge Elementary,Raymore-Peculiar R-II,Raymore,383,85,Yes participating without using any Provision or the CEO,false
293153002191,Bristol Elem.,Webster Groves,St Louis,361,25,Yes participating without using any Provision or the CEO,false
290531000943,Brittany Hill Middle,Blue Springs R-IV,Blue Springs,807,254,Yes participating without using any Provision or the CEO,false
293066002511,Brittany Woods,University City,University City,557,557,Yes under Community Eligibility Option (CEO),true
290591000134,Bronaugh Elem.,Bronaugh R-VII,Bronaugh,104,58,Yes participating without using any Provision or the CEO,false
290591000135,Bronaugh High,Bronaugh R-VII,Bronaugh,65,29,Yes participating without using any Provision or the CEO,true
290594000137,Brookfield Elem.,Brookfield R-III,Brookfield,417,205,Yes participating without using any Provision or the CEO,false
290594000139,Brookfield High,Brookfield R-III,Brookfield,269,115,Yes participating without using any Provision or the CEO,true
290594002272,Brookfield Middle,Brookfield R-III,Brookfield,237,107,Yes participating without using any Provision or the CEO,true
290002402838,Brookside Charter Elementary,Brookside Charter Sch.,Kansas City,575,575,Yes under Community Eligibility Option (CEO),false
290002403184,Brookside Charter Middle Schl,Brookside Charter Sch.,Kansas City,225,225,Yes under Community Eligibility Option (CEO),true
291383000616,Brown Elem.,Hazelwood,Florissant,441,441,Yes under Community Eligibility Option (CEO),false
290603000144,Brunswick Elem.,Brunswick R-II,Brunswick,135,61,Yes participating without using any Provision or the CEO,false
290603000145,Brunswick High,Brunswick R-II,Brunswick,120,53,Yes participating without using any Provision or the CEO,true
292928001888,Bryan Hill Elem.,St. Louis City,St Louis,173,173,Yes under Community Eligibility Option (CEO),false
292895002698,Bryan Middle,Francis Howell R-III,St Charles,827,140,Yes participating without using any Provision or the CEO,false
291548000710,Bryant Elem.,Independence 30,Independence,193,147,Yes participating without using any Provision or the CEO,false
290576003237,Buchanan Elementary,Branson R-IV,Branson,578,353,Yes participating without using any Provision or the CEO,false
290576002851,Buchanan Intermediate,Branson R-IV,Branson,465,268,Yes participating without using any Provision or the CEO,false
290609000146,Bucklin Elem.,Bucklin R-II,Bucklin,64,30,Yes participating without using any Provision or the CEO,false
290609000147,Bucklin High,Bucklin R-II,Bucklin,45,18,Yes participating without using any Provision or the CEO,true
291229000490,Buckner Elem.,Fort Osage R-I,Independence,327,149,Yes participating without using any Provision or the CEO,false
292664002473,Buder Elem.,Ritenour,St Ann,471,471,Yes under Community Eligibility Option (CEO),false
292928001889,Buder Elem.,St. Louis City,St Louis,359,359,Yes under Community Eligibility Option (CEO),false
292041001083,Bueker Middle,Marshall,Marshall,550,336,Yes participating without using any Provision or the CEO,true
290612000149,Buffalo High,Dallas Co. R-I,Buffalo,511,287,Yes participating without using any Provision or the CEO,true
290612000858,Buffalo Middle,Dallas Co. R-I,Buffalo,466,281,Yes participating without using any Provision or the CEO,true
290615000153,Bunceton Elem.,Cooper Co. R-IV,Bunceton,59,59,Yes under Community Eligibility Option (CEO),false
290615000154,Bunceton High,Cooper Co. R-IV,Bunceton,33,33,Yes under Community Eligibility Option (CEO),true
290617000155,Bunker Elem.,Bunker R-III,Bunker,105,82,Yes participating without using any Provision or the CEO,false
290617000156,Bunker High,Bunker R-III,Bunker,123,67,Yes participating without using any Provision or the CEO,true
292928002569,Busch MS Character Athletics,St. Louis City,St Louis,361,361,Yes under Community Eligibility Option (CEO),true
291255000518,Bush Elem.,Fulton 58,Fulton,312,192,Yes participating without using any Provision or the CEO,false
291314000549,Butcher-Greene Elem.,Grandview C-4,Grandview,253,154,Yes participating without using any Provision or the CEO,false
290636003308,Butler Early Childhood,Butler R-V,Butler,85,36,Yes participating without using any Provision or the CEO,false
290636000157,Butler Elem.,Butler R-V,Butler,410,229,Yes participating without using any Provision or the CEO,false
290636000158,Butler High,Butler R-V,Butler,476,210,Yes participating without using any Provision or the CEO,true
290643000160,Cabool Elem.,Cabool R-IV,Cabool,310,310,Yes under Community Eligibility Option (CEO),false
290643000161,Cabool High,Cabool R-IV,Cabool,209,209,Yes under Community Eligibility Option (CEO),true
290643002424,Cabool Middle,Cabool R-IV,Cabool,206,206,Yes under Community Eligibility Option (CEO),true
290645000163,Cainsville Elem.,Cainsville R-I,Cainsville,48,30,Yes participating without using any Provision or the CEO,false
290645000164,Cainsville High,Cainsville R-I,Cainsville,38,24,Yes participating without using any Provision or the CEO,true
293072002118,Caledonia Elem.,Valley R-VI,Caledonia,198,198,Yes under Community Eligibility Option (CEO),false
290648000165,Calhoun Elem.,Calhoun R-VIII,Calhoun,58,58,Yes under Community Eligibility Option (CEO),false
290651000167,California Elem.,Moniteau Co. R-I,California,504,236,Yes participating without using any Provision or the CEO,false
290651000168,California High,Moniteau Co. R-I,California,439,142,Yes participating without using any Provision or the CEO,false
290651001522,California Middle,Moniteau Co. R-I,California,394,157,Yes participating without using any Provision or the CEO,true
290654000169,Callao Elem.,Callao C-8,Callao,35,19,Yes participating without using any Provision or the CEO,true
291619002288,Callaway Hills Elem.,Jefferson City,Holts Summit,224,122,Yes under Community Eligibility Option (CEO),false
290462000051,Cambridge Elem.,Belton 124,Belton,501,310,Yes participating without using any Provision or the CEO,false
290699000175,Camdenton High,Camdenton R-III,Camdenton,1285,521,Yes participating without using any Provision or the CEO,true
290699000173,Camdenton Middle,Camdenton R-III,Camdenton,599,262,Yes participating without using any Provision or the CEO,true
290702000176,Cameron High,Cameron R-I,Cameron,453,183,Yes participating without using any Provision or the CEO,false
290702003267,Cameron Intermediate School,Cameron R-I,Cameron,391,197,Yes participating without using any Provision or the CEO,false
290702000177,Cameron Veterans Middle,Cameron R-I,Cameron,317,153,Yes participating without using any Provision or the CEO,true
290000901273,Camp Avery Park Camp,Division of Youth Service,Troy,18,15,Yes participating without using any Provision or the CEO,true
290705000179,Campbell Elem.,Campbell R-II,Campbell,312,312,Yes under Community Eligibility Option (CEO),false
292886001785,Campbell Elem.,Springfield R-XII,Springfield,129,94,Yes participating without using any Provision or the CEO,false
290705000180,Campbell High,Campbell R-II,Campbell,235,235,Yes under Community Eligibility Option (CEO),true
293111002157,Campbellton Elementary,Washington,New Haven,132,16,Yes participating without using any Provision or the CEO,false
290708000181,Canton Elem.,Canton R-V,Canton,287,117,Yes participating without using any Provision or the CEO,false
290708000182,Canton High,Canton R-V,Canton,221,95,Yes participating without using any Provision or the CEO,false
291619003346,Capital City High School,Jefferson City,Jefferson City,1314,559,Yes participating without using any Provision or the CEO,false
292706003250,Carden Park Elem,St. Joseph,St. Joseph,638,637,Yes under Community Eligibility Option (CEO),false
290735000198,Carl Junction High School,Carl Junction R-I,Carl Junction,924,289,Yes participating without using any Provision or the CEO,false
290735000196,Carl Junction Intermediate,Carl Junction R-I,Carl Junction,769,302,Yes participating without using any Provision or the CEO,false
290735000199,Carl Junction Jr. High,Carl Junction R-I,Carl Junction,500,168,Yes participating without using any Provision or the CEO,true
290735000197,Carl Junction Primary 2-3,Carl Junction R-I,Carl Junction,490,205,Yes participating without using any Provision or the CEO,false
290735002811,Carl Junction Primary K-1,Carl Junction R-I,Carl Junction,630,222,Yes participating without using any Provision or the CEO,false
290735002582,Carl Junction Satellite School,Carl Junction R-I,Carl Junction,18,15,Yes participating without using any Provision or the CEO,true
292358001377,Carman Trails Elem.,Parkway C-2,Manchester,355,109,Yes participating without using any Provision or the CEO,false
292928003420,Carnahan Middle,St. Louis City,St.louis,214,211,Yes participating without using any Provision or the CEO,false
292928002873,Carnahan Sch. of the Future,St. Louis City,St Louis,0,,No,true
292928000792,Carr Lane Vpa Middle,St. Louis City,St Louis,396,396,Yes under Community Eligibility Option (CEO),true
290738003129,Carrollton Elementary School,Carrollton R-VII,Carrollton,310,151,Yes participating without using any Provision or the CEO,false
290738000202,Carrollton Senior High,Carrollton R-VII,Carrollton,257,88,Yes participating without using any Provision or the CEO,true
293150002183,Carterville Elem.,Webb City R-VII,Carterville,232,140,Yes participating without using any Provision or the CEO,false
290746003380,Carthage 6th Grade Center,Carthage R-IX,Carthage,377,268,Yes participating without using any Provision or the CEO,false
290746000211,Carthage High School,Carthage R-IX,Carthage,1626,926,Yes participating without using any Provision or the CEO,true
290746003110,Carthage Intermediate Center,Carthage R-IX,Carthage,664,440,Yes participating without using any Provision or the CEO,false
290746000208,Carthage Jr. High,Carthage R-IX,Carthage,773,503,Yes participating without using any Provision or the CEO,true
290747000216,Caruthersville Elementary,Caruthersville 18,Caruthersville,475,475,Yes under Community Eligibility Option (CEO),false
290747000214,Caruthersville High,Caruthersville 18,Caruthersville,243,243,Yes under Community Eligibility Option (CEO),true
290747001023,Caruthersville Middle,Caruthersville 18,Caruthersville,200,200,Yes under Community Eligibility Option (CEO),true
291640000818,Carver Dual Language School,Kansas City 33,Kansas City,468,468,Yes under Community Eligibility Option (CEO),false
292886000901,Carver Middle,Springfield R-XII,Springfield,618,368,Yes participating without using any Provision or the CEO,true
291548003366,Cassell Park Elementary,Independence 30,Independence,362,294,Yes participating without using any Provision or the CEO,false
290817000219,Cassville High,Cassville R-IV,Cassville,586,313,Yes participating without using any Provision or the CEO,true
290817002718,Cassville Intermediate,Cassville R-IV,Cassville,383,226,Yes participating without using any Provision or the CEO,false
290817002425,Cassville Middle,Cassville R-IV,Cassville,395,240,Yes participating without using any Provision or the CEO,true
292895001856,Castlio Elem.,Francis Howell R-III,St Charles,847,103,Yes participating without using any Provision or the CEO,false
291635002432,Cecil Floyd Elem.,Joplin Schools,Joplin,532,377,Yes participating without using any Provision or the CEO,false
291830001971,Cedar Creek Elem.,Lee's Summit R-VII,Lee's Summit,487,80,Yes participating without using any Provision or the CEO,false
291619000747,Cedar Hill Elem.,Jefferson City,Jefferson City,313,155,Yes participating without using any Provision or the CEO,false
290100002279,Cedar Ridge Elem.,Columbia 93,Columbia,453,181,Yes participating without using any Provision or the CEO,false
290576002462,Cedar Ridge Elementary,Branson R-IV,Branson,517,401,Yes participating without using any Provision or the CEO,false
290576003235,Cedar Ridge Intermediate,Branson R-IV,Branson,515,367,Yes participating without using any Provision or the CEO,false
290576002706,Cedar Ridge Primary,Branson R-IV,Branson,415,304,Yes participating without using any Provision or the CEO,false
290002203073,Cedar Ridge School,Mo Schls for the Sev Disabled,Nevada,21,9,Yes participating without using any Provision or the CEO,true
292289002564,Cedar Springs Elem.,Northwest R-I,House Springs,425,180,Yes participating without using any Provision or the CEO,false
290825000224,Center Elem.,Center 58,Kansas City,314,314,Yes under Community Eligibility Option (CEO),false
290100003287,Center for Early Lrning-North,Columbia 93,Columbia,458,190,Yes participating without using any Provision or the CEO,false
290825000230,Center Middle,Center 58,Kansas City,493,344,Yes participating without using any Provision or the CEO,true
290825000225,Center Sr. High,Center 58,Kansas City,679,434,Yes participating without using any Provision or the CEO,true
290834000232,Centerville Elem.,Centerville R-I,Centerville,28,6,Yes under Community Eligibility Option (CEO),true
291383003218,Central Early Childhood Center,Hazelwood,Florissant,113,,Yes participating without using any Provision or the CEO,false
291077000361,Central Elem.,Dexter R-XI,Dexter,447,237,Yes participating without using any Provision or the CEO,false
292100001146,Central Elem.,Miller R-II,Miller,310,201,Yes participating without using any Provision or the CEO,false
292917001868,Central Elem.,Central R-III,Park Hills,530,320,Yes participating without using any Provision or the CEO,false
292511001440,Central Elem.,Pierce City R-VI,Pierce City,341,142,Yes participating without using any Provision or the CEO,false
292895001857,Central Elem.,Francis Howell R-III,St Charles,865,275,Yes participating without using any Provision or the CEO,false
293057002098,Central Elem.,Union R-XI,Union,643,338,Yes participating without using any Provision or the CEO,false
293171002218,Central Elem.,West Platte Co. R-II,Weston,354,64,Yes participating without using any Provision or the CEO,false
291201000454,Central Elementary,Ferguson-Florissant R-II,Ferguson,250,173,Yes under Community Eligibility Option (CEO),false
292853002670,Central Elementary,South Pemiscot Co. R-V,Steele,235,235,Yes under Community Eligibility Option (CEO),false
290712000186,Central High,Cape Girardeau 63,Cape Girardeau,1278,1278,Yes under Community Eligibility Option (CEO),true
292358001379,Central High,Parkway C-2,Chesterfield,1281,202,Yes participating without using any Provision or the CEO,false
292917001869,Central High,Central R-III,Park Hills,605,330,Yes participating without using any Provision or the CEO,true
292886001786,Central High,Springfield R-XII,Springfield,1428,659,Yes participating without using any Provision or the CEO,true
292706001648,Central High,St. Joseph,St Joseph,1733,652,Yes participating without using any Provision or the CEO,false
291640000840,Central High School,Kansas City 33,Kansas City,519,519,Yes under Community Eligibility Option (CEO),true
290000401488,Central High School,New Madrid Co. R-I,New Madrid,361,361,Yes under Community Eligibility Option (CEO),true
290712000185,Central Jr. High,Cape Girardeau 63,Cape Girardeau,633,633,Yes under Community Eligibility Option (CEO),true
290712002798,Central Middle,Cape Girardeau 63,Cape Girardeau,623,623,Yes under Community Eligibility Option (CEO),false
292358001547,Central Middle,Parkway C-2,Chesterfield,881,150,Yes participating without using any Provision or the CEO,false
291383003000,Central Middle,Hazelwood,Florissant,692,692,Yes under Community Eligibility Option (CEO),true
292917002449,Central Middle,Central R-III,Park Hills,442,250,Yes participating without using any Provision or the CEO,true
291640003251,Central Middle School,Kansas City 33,Kansas City,375,375,Yes under Community Eligibility Option (CEO),true
290000401991,Central Middle School,New Madrid Co. R-I,New Madrid,276,276,Yes under Community Eligibility Option (CEO),true
292928002013,Central Visual/Perf. Arts High,St. Louis City,St Louis,314,314,Yes under Community Eligibility Option (CEO),true
290840000244,Centralia High,Centralia R-VI,Centralia,398,85,Yes participating without using any Provision or the CEO,false
290840003092,Centralia Intermediate,Centralia R-VI,Centralia,273,86,Yes participating without using any Provision or the CEO,false
292253002771,Century Elem.,Nixa Public Schools,Nixa,592,170,Yes participating without using any Provision or the CEO,false
290843000245,Chadwick Elementary,Chadwick R-I,Chadwick,155,83,Yes participating without using any Provision or the CEO,false
290843000246,Chadwick High,Chadwick R-I,Chadwick,122,57,Yes participating without using any Provision or the CEO,true
290846000247,Chaffee Elem.,Chaffee R-II,Chaffee,293,183,Yes under Community Eligibility Option (CEO),false
290846000248,Chaffee Jr.-Sr. High,Chaffee R-II,Chaffee,269,147,Yes under Community Eligibility Option (CEO),true
290849000250,Chamois High,Osage Co. R-I,Chamois,63,63,Yes under Community Eligibility Option (CEO),true
290840000242,Chance Elem.,Centralia R-VI,Centralia,370,108,Yes participating without using any Provision or the CEO,false
292280001262,Chapel Hill Elementary,North Kansas City 74,Gladstone,644,244,Yes participating without using any Provision or the CEO,false
290531002682,Chapel Lakes Elem.,Blue Springs R-IV,Lee's Summit,600,92,Yes participating without using any Provision or the CEO,false
290867000254,Charleston High,Charleston R-I,Charleston,310,310,Yes under Community Eligibility Option (CEO),true
290867001780,Charleston Middle School,Charleston R-I,Charleston,141,141,Yes under Community Eligibility Option (CEO),true
292886001788,Cherokee Middle,Springfield R-XII,Springfield,765,197,Yes participating without using any Provision or the CEO,false
290840000243,Chester Boren Middle,Centralia R-VI,Centralia,302,83,Yes participating without using any Provision or the CEO,false
292685001616,Chesterfield Elem.,Rockwood R-VI,Chesterfield,389,25,Yes participating without using any Provision or the CEO,false
290873000256,Chilhowee Elem.,Chilhowee R-IV,Chilhowee,56,23,Yes participating without using any Provision or the CEO,false
290873000257,Chilhowee High,Chilhowee R-IV,Chilhowee,79,34,Yes participating without using any Provision or the CEO,true
290876000264,Chillicothe High,Chillicothe R-II,Chillicothe,563,208,Yes participating without using any Provision or the CEO,false
290876002815,Chillicothe Middle,Chillicothe R-II,Chillicothe,354,179,Yes participating without using any Provision or the CEO,true
292280001263,Chouteau Elementary,North Kansas City 74,Kansas City,346,247,Yes participating without using any Provision or the CEO,false
290002203058,Citadel School,Mo Schls for the Sev Disabled,Potosi,4,,Yes participating without using any Provision or the CEO,false
290058503399,City Garden Montessori Eaec,City Garden Montessori,St. Louis,409,186,Yes participating without using any Provision or the CEO,false
290058503101,City Garden Montessori Ecec,City Garden Montessori,St Louis,180,96,Yes participating without using any Provision or the CEO,true
292280001264,Clardy Elementary,North Kansas City 74,Kansas City,477,201,Yes participating without using any Provision or the CEO,false
291140000406,Clarence Cannon Elem.,Elsberry R-II,Elsberry,307,159,Yes participating without using any Provision or the CEO,false
291619002494,Clarence Lawson Elem.,Jefferson City,Jefferson City,440,222,Yes participating without using any Provision or the CEO,false
291638000797,Clark Co. High,Clark Co. R-I,Kahoka,306,168,Yes participating without using any Provision or the CEO,false
291638001656,Clark Co. Middle,Clark Co. R-I,Kahoka,234,138,Yes participating without using any Provision or the CEO,true
293153002192,Clark Elem.,Webster Groves,St Louis,283,16,Yes participating without using any Provision or the CEO,false
290909000267,Clarksburg Elem.,Clarksburg C-2,Clarksburg,57,30,Yes participating without using any Provision or the CEO,true
290912000268,Clarkton Elem.,Clarkton C-4,Clarkton,143,143,Yes under Community Eligibility Option (CEO),false
290912000269,Clarkton High,Clarkton C-4,Clarkton,135,135,Yes under Community Eligibility Option (CEO),true
293045003229,Claude Brown Elementary,Troy R-III,Troy,308,74,Yes participating without using any Provision or the CEO,false
292358001380,Claymont Elem.,Parkway C-2,Ballwin,460,34,Yes participating without using any Provision or the CEO,false
290972000275,Clayton High,Clayton,Clayton,788,63,Yes participating without using any Provision or the CEO,false
293111002158,Clearview Elementary,Washington,Union,295,71,Yes participating without using any Provision or the CEO,false
290975000280,Clearwater Elementary,Clearwater R-I,Piedmont,363,276,Yes participating without using any Provision or the CEO,false
290975000277,Clearwater High,Clearwater R-I,Piedmont,230,143,Yes participating without using any Provision or the CEO,true
290975001904,Clearwater Middle,Clearwater R-I,Piedmont,265,183,Yes participating without using any Provision or the CEO,true
291229000491,Cler-Mont Elem.,Fort Osage R-I,Independence,298,190,Yes participating without using any Provision or the CEO,false
290978000281,Clever Elem.,Clever R-V,Clever,871,282,Yes participating without using any Provision or the CEO,true
290978000282,Clever High,Clever R-V,Clever,397,84,Yes participating without using any Provision or the CEO,false
291548003090,Clifford H. Nowlin Middle,Independence 30,Independence,902,720,Yes participating without using any Provision or the CEO,true
290981000284,Climax Springs High,Climax Springs R-IV,Climax Springs,90,90,Yes under Community Eligibility Option (CEO),true
292529000846,Clinton Co. R-III Middle,Clinton Co. R-III,Plattsburg,197,77,Yes participating without using any Provision or the CEO,false
290986003291,Clinton Early Childhood Center,Clinton,Clinton,126,75,Yes under Community Eligibility Option (CEO),false
290986003145,Clinton Intermediate School,Clinton,Clinton,395,225,Yes under Community Eligibility Option (CEO),false
290986000288,Clinton Middle,Clinton,Clinton,385,175,Yes under Community Eligibility Option (CEO),true
290986000286,Clinton Sr. High,Clinton,Clinton,614,254,Yes under Community Eligibility Option (CEO),true
290712000188,Clippard Elem.,Cape Girardeau 63,Cape Girardeau,383,383,Yes under Community Eligibility Option (CEO),false
292514001444,Clopton Elem.,Pike Co. R-III,Clarksville,210,94,Yes participating without using any Provision or the CEO,false
292514001445,Clopton High,Pike Co. R-III,Clarksville,137,53,Yes participating without using any Provision or the CEO,true
292514003441,Clopton Middle,Pike Co. R-III,Clarksville,101,46,Yes participating without using any Provision or the CEO,false
291230000498,Clyde Hamrick Elem.,Fox C-6,Imperial,386,185,Yes participating without using any Provision or the CEO,false
292964003330,Cogdill Early Childhood Center,Strafford R-VI,Strafford,180,79,Yes participating without using any Provision or the CEO,false
292689001631,Col. John B. Wyman Elem.,Rolla 31,Rolla,441,211,Yes participating without using any Provision or the CEO,false
291383000618,Cold Water Elem.,Hazelwood,Florissant,449,449,Yes under Community Eligibility Option (CEO),false
290990000292,Cole Camp Elem.,Cole Camp R-I,Cole Camp,367,210,Yes participating without using any Provision or the CEO,false
290990000293,Cole Camp High,Cole Camp R-I,Cole Camp,344,160,Yes participating without using any Provision or the CEO,true
290990003248,Cole Camp Preschool,Cole Camp R-I,Cole Camp,12,4,Yes participating without using any Provision or the CEO,false
292697001638,Cole Co. R-I Elem.,Cole Co. R-I,Russellville,319,89,Yes participating without using any Provision or the CEO,false
292928001906,Cole Elem.,St. Louis City,St Louis,283,283,Yes under Community Eligibility Option (CEO),true
292706001654,Coleman Elem.,St. Joseph,St Joseph,388,388,Yes under Community Eligibility Option (CEO),false
292346001353,Coleman Elem.,Meramec Valley R-III,Villa Ridge,265,144,Yes participating without using any Provision or the CEO,false
290002203067,College View School,Mo Schls for the Sev Disabled,Joplin,7,,Yes participating without using any Provision or the CEO,true
292928003231,Collegiate School of Med/Bio,St. Louis City,St. Louis,332,332,Yes under Community Eligibility Option (CEO),true
292928002693,Columbia Elem. Comm. Ed. Ctr.,St. Louis City,St Louis,216,216,Yes under Community Eligibility Option (CEO),false
290746000204,Columbian Elem.,Carthage R-IX,Carthage,398,325,Yes participating without using any Provision or the CEO,false
291201000455,Combs Elementary,Ferguson-Florissant R-II,Florissant,293,,Yes under Community Eligibility Option (CEO),false
291201000456,Commons Lane Elementary,Ferguson-Florissant R-II,Florissant,351,351,Yes under Community Eligibility Option (CEO),false
292928001926,Community Access Job Training,St. Louis City,St Louis,85,85,Yes under Community Eligibility Option (CEO),true
291002000318,Community Elem.,Community R-VI,Laddonia,144,83,Yes participating without using any Provision or the CEO,false
291002000319,Community High,Community R-VI,Laddonia,154,51,Yes participating without using any Provision or the CEO,true
290000901352,Community Learning Ctr.,Division of Youth Service,Springfield,9,6,Yes participating without using any Provision or the CEO,true
291434000651,Compass Elementary,Hickman Mills C-1,Kansas City,335,335,Yes under Community Eligibility Option (CEO),false
292523003288,Compass Elementary,Platte Co. R-III,Platte City,527,116,Yes participating without using any Provision or the CEO,false
292928001927,Compton-Drew Ilc Middle,St. Louis City,St Louis,419,419,Yes under Community Eligibility Option (CEO),true
291869002468,Concord Elem. School,Lindbergh Schools,St. Louis,555,70,Yes participating without using any Provision or the CEO,false
291008000321,Concordia Elem.,Concordia R-II,Concordia,247,93,Yes participating without using any Provision or the CEO,false
291008000322,Concordia High,Concordia R-II,Concordia,205,69,Yes participating without using any Provision or the CEO,true
290057903102,Confluence Preparatory Academy,Confluence Academies,St Louis,442,442,Yes under Community Eligibility Option (CEO),true
292355002418,Congress Middle,Park Hill,Kansas City,601,186,Yes participating without using any Provision or the CEO,false
291314000550,Conn-West Elem.,Grandview C-4,Grandview,338,189,Yes participating without using any Provision or the CEO,false
291640000865,Contract,Kansas City 33,Kansas City,32,29,Yes participating without using any Provision or the CEO,false
291782000942,Conway Elementary,Ladue,St Louis,392,20,Yes participating without using any Provision or the CEO,false
291011000324,Conway High Schools,Laclede Co. R-I,Conway,329,181,Yes participating without using any Provision or the CEO,true
291014000325,Cooter Elem.,Cooter R-IV,Cooter,79,42,Yes participating without using any Provision or the CEO,false
291014000326,Cooter High,Cooter R-IV,Cooter,122,74,Yes participating without using any Provision or the CEO,true
290531000078,Cordill-Mason Elem.,Blue Springs R-IV,Blue Springs,681,175,Yes participating without using any Provision or the CEO,false
291165000421,Cornerstone Elementary,Excelsior Springs 40,Excelsior Springs,466,190,Yes participating without using any Provision or the CEO,false
291020000327,Couch Elem.,Couch R-I,Myrtle,94,54,Yes under Community Eligibility Option (CEO),false
291020000328,Couch High,Couch R-I,Myrtle,92,59,Yes participating without using any Provision or the CEO,true
291266000529,Covel D. Searcy Elem.,Gallatin R-V,Gallatin,225,108,Yes participating without using any Provision or the CEO,false
292892001844,Coverdell Elem.,St. Charles R-VI,St Charles,291,120,Yes participating without using any Provision or the CEO,false
292886001789,Cowden Elem.,Springfield R-XII,Springfield,273,164,Yes participating without using any Provision or the CEO,false
291023000329,Cowgill Elem.,Cowgill R-VI,Cowgill,38,25,Yes participating without using any Provision or the CEO,true
292358001382,Craig Elem.,Parkway C-2,St Louis,423,123,Yes participating without using any Provision or the CEO,false
291026000331,Craig High,Craig R-III,Craig,0,,No,true
291029000332,Crane Elem.,Crane R-III,Crane,336,206,Yes participating without using any Provision or the CEO,false
291029000333,Crane High,Crane R-III,Crane,237,118,Yes participating without using any Provision or the CEO,true
292373002913,Creekmoor Elem.,Raymore-Peculiar R-II,Raymore,383,66,Yes participating without using any Provision or the CEO,false
290832000231,Crest Ridge Elem.,Johnson Co. R-VII,Centerview,276,107,Yes participating without using any Provision or the CEO,false
290832002276,Crest Ridge High,Johnson Co. R-VII,Centerview,292,115,Yes participating without using any Provision or the CEO,false
292280001266,Crestview Elementary,North Kansas City 74,Kansas City,487,296,Yes participating without using any Provision or the CEO,false
292685000670,Crestview Middle,Rockwood R-VI,Ellisville,1091,146,Yes participating without using any Provision or the CEO,false
291869001018,Crestwood Elem.,Lindbergh Schools,St Louis,457,57,Yes participating without using any Provision or the CEO,false
291035000337,Crocker Elem.,Crocker R-II,Crocker,236,236,Yes under Community Eligibility Option (CEO),false
291035000338,Crocker High,Crocker R-II,Crocker,296,52,Yes under Community Eligibility Option (CEO),true
291201000301,Cross Keys Middle,Ferguson-Florissant R-II,Florissant,608,608,Yes under Community Eligibility Option (CEO),true
290060303201,Crossroads - Central Street,Crossroads Charter Schools,Kansas City,355,228,Yes participating without using any Provision or the CEO,false
290060303295,Crossroads - Quality Hill,Crossroads Charter Schools,Kansas City,242,135,Yes participating without using any Provision or the CEO,false
293165002845,Crossroads Elem.,Wentzville R-IV,Dardenne Prairie,757,115,Yes participating without using any Provision or the CEO,false
290060303311,Crossroads Preparatory Academy,Crossroads Charter Schools,Kansas City,406,201,Yes participating without using any Provision or the CEO,true
290002203059,Crowley Ridge School,Mo Schls for the Sev Disabled,Dexter,12,6,Yes participating without using any Provision or the CEO,true
291038000339,Crystal City Elem.,Crystal City 47,Crystal City,324,152,Yes participating without using any Provision or the CEO,false
291038000340,Crystal City High,Crystal City 47,Crystal City,238,113,Yes participating without using any Provision or the CEO,true
291041000342,Cuba Elem.,Crawford Co. R-II,Cuba,424,217,Yes participating without using any Provision or the CEO,false
291041000341,Cuba High,Crawford Co. R-II,Cuba,392,177,Yes participating without using any Provision or the CEO,true
291041000018,Cuba Middle,Crawford Co. R-II,Cuba,364,191,Yes participating without using any Provision or the CEO,true
293045003136,Cuivre Park Elementary,Troy R-III,Troy,578,185,Yes participating without using any Provision or the CEO,false
290002203071,Current River School,Mo Schls for the Sev Disabled,Doniphan,11,3,Yes participating without using any Provision or the CEO,false
291044000344,Dadeville R-II School,Dadeville R-II,Dadeville,100,36,Yes participating without using any Provision or the CEO,false
291044000345,Dadeville Sr. High,Dadeville R-II,Dadeville,117,29,Yes participating without using any Provision or the CEO,true
290002203076,Dale M Thompson/Trails West S,Mo Schls for the Sev Disabled,Kansas City,22,11,Yes participating without using any Provision or the CEO,true
291623001722,Danby-Rush Tower Middle,Jefferson Co. R-VII,Festus,246,68,Yes participating without using any Provision or the CEO,false
292667001577,Danforth Elem.,Riverview Gardens,St Louis,274,,Yes under Community Eligibility Option (CEO),false
293105002149,Daniel Boone Elem.,Warren Co. R-III,Warrenton,329,147,Yes participating without using any Provision or the CEO,false
292895001858,Daniel Boone Elem.,Francis Howell R-III,Wentzville,420,35,Yes participating without using any Provision or the CEO,false
292043002470,Daniel Webster Elem.,Marshfield R-I,Marshfield,436,218,Yes participating without using any Provision or the CEO,false
290531002367,Daniel Young Elem.,Blue Springs R-IV,Blue Springs,330,140,Yes participating without using any Provision or the CEO,false
290837002492,Dardenne Elem.,Fort Zumwalt School District,O'Fallon,445,205,Yes participating without using any Provision or the CEO,false
290000901936,Datema House,Division of Youth Service,Springfield,10,7,Yes participating without using any Provision or the CEO,true
290558000103,David Barton Elem.,Boonville R-I,Boonville,298,298,Yes under Community Eligibility Option (CEO),false
290100000300,David H. Hickman High,Columbia 93,Columbia,2007,662,Yes participating without using any Provision or the CEO,false
292886003119,David Harrison Elementary,Springfield R-XII,Springfield,371,165,Yes participating without using any Provision or the CEO,false
292280001267,Davidson Elementary,North Kansas City 74,Kansas City,566,365,Yes participating without using any Provision or the CEO,false
291047000346,Davis Elem.,Davis R-XII,Clinton,42,13,Yes participating without using any Provision or the CEO,true
292648001552,Dear Elem.,Richmond R-Xvi,Richmond,300,167,Yes participating without using any Provision or the CEO,false
291059000355,Dekalb Jr.-Sr. High,Buchanan Co. R-IV,Dekalb,120,32,Yes participating without using any Provision or the CEO,true
290059303176,Delasalle Charter High School,Delasalle Charter School,Kansas City,196,196,Yes under Community Eligibility Option (CEO),true
292886001790,Delaware Elem.,Springfield R-XII,Springfield,347,215,Yes participating without using any Provision or the CEO,false
290002203047,Delmar a Cobble School,Mo Schls for the Sev Disabled,Columbia,8,,Yes participating without using any Provision or the CEO,true
290573000119,Delta C-7 Elem.,Delta C-7,Deering,97,65,Yes participating without using any Provision or the CEO,false
290573000120,Delta C-7 High,Delta C-7,Deering,99,54,Yes participating without using any Provision or the CEO,true
291062000357,Delta Elem.,Delta R-V,Delta,108,60,Yes under Community Eligibility Option (CEO),false
291062000358,Delta High,Delta R-V,Delta,117,75,Yes participating without using any Provision or the CEO,true
290531002736,Delta Woods Middle,Blue Springs R-IV,Lee's Summit,831,185,Yes participating without using any Provision or the CEO,false
291071000360,Dent-Phelps Elem.,Dent-Phelps R-III,Salem,256,128,Yes participating without using any Provision or the CEO,true
290100002665,Derby Ridge Elem.,Columbia 93,Columbia,323,200,Yes under Community Eligibility Option (CEO),false
291050000349,Desoto Jr. High,Desoto 73,Desoto,338,162,Yes participating without using any Provision or the CEO,false
291050000350,Desoto Sr. High,Desoto 73,Desoto,862,368,Yes participating without using any Provision or the CEO,false
292928002641,Dewey Sch.-Internat'L. Studies,St. Louis City,St Louis,337,337,Yes under Community Eligibility Option (CEO),false
291077000363,Dexter High,Dexter R-XI,Dexter,553,251,Yes participating without using any Provision or the CEO,true
291080000365,Diamond Elem.,Diamond R-IV,Diamond,332,205,Yes participating without using any Provision or the CEO,false
291080000366,Diamond High,Diamond R-IV,Diamond,243,109,Yes participating without using any Provision or the CEO,true
291080000572,Diamond Middle,Diamond R-IV,Diamond,212,107,Yes participating without using any Provision or the CEO,true
292316003177,Discovery Elementary,Orchard Farm R-V,St. Charles,394,110,Yes participating without using any Provision or the CEO,false
291854003226,Discovery Middle School,Liberty 53,Liberty,678,124,Yes participating without using any Provision or the CEO,false
293165003155,Discovery Ridge Elementary,Wentzville R-IV,O'Fallon,590,80,Yes participating without using any Provision or the CEO,false
291083000367,Dixon Elem.,Dixon R-I,Dixon,383,224,Yes participating without using any Provision or the CEO,false
291083000369,Dixon High,Dixon R-I,Dixon,271,119,Yes participating without using any Provision or the CEO,true
291083000368,Dixon Middle,Dixon R-I,Dixon,197,107,Yes participating without using any Provision or the CEO,true
291434000652,Dobbs Elementary,Hickman Mills C-1,Kansas City,320,320,Yes under Community Eligibility Option (CEO),false
291645002862,Dogwood Elem.,Kearney R-I,Kearney,463,82,Yes participating without using any Provision or the CEO,false
290699000171,Dogwood Elementary,Camdenton R-III,Camdenton,592,292,Yes participating without using any Provision or the CEO,false
290002203069,Dogwood Hills School,Mo Schls for the Sev Disabled,Eldon,16,11,Yes participating without using any Provision or the CEO,true
291230003028,Don Earl Early Childhood Ctr.,Fox C-6,Arnold,125,35,Yes participating without using any Provision or the CEO,false
292523002024,Donald D. Siegrist Elem.,Platte Co. R-III,Platte City,679,132,Yes participating without using any Provision or the CEO,false
291092000371,Doniphan Elem.,Doniphan R-I,Doniphan,351,351,Yes under Community Eligibility Option (CEO),false
291092000373,Doniphan High,Doniphan R-I,Doniphan,487,487,Yes under Community Eligibility Option (CEO),true
291092003301,Doniphan Intermediate,Doniphan R-I,Doniphan,311,311,Yes under Community Eligibility Option (CEO),false
291092002586,Doniphan Middle,Doniphan R-I,Doniphan,350,350,Yes under Community Eligibility Option (CEO),true
291095000374,Dora Elem.,Dora R-III,Dora,147,91,Yes participating without using any Provision or the CEO,false
291095000375,Dora High,Dora R-III,Dora,160,78,Yes participating without using any Provision or the CEO,true
292346002278,Doris Hoffman Early Learning C,Meramec Valley R-III,Pacific,23,20,Yes participating without using any Provision or the CEO,false
291635003410,Dover Hill Elementary,Joplin Schools,Joplin,412,336,Yes participating without using any Provision or the CEO,false
290837001539,Dr. Bernard J. Dubray Middle,Fort Zumwalt School District,St Peters,869,211,Yes participating without using any Provision or the CEO,false
293153002486,Dr. Henry Givens Jr. Elem.,Webster Groves,St Louis,306,113,Yes participating without using any Provision or the CEO,false
291869003306,Dressel Elementary School,Lindbergh Schools,St. Louis,598,126,Yes participating without using any Provision or the CEO,false
291107000378,Drexel Elem.,Drexel R-IV,Drexel,125,63,Yes participating without using any Provision or the CEO,false
291107000379,Drexel High,Drexel R-IV,Drexel,134,48,Yes participating without using any Provision or the CEO,true
291201000460,Duchesne Elementary,Ferguson-Florissant R-II,Florissant,269,269,Yes under Community Eligibility Option (CEO),false
293165003080,Duello Elem.,Wentzville R-IV,Lake St Louis,625,39,Yes participating without using any Provision or the CEO,false
290002203056,E W Thompson,Mo Schls for the Sev Disabled,Sedalia,11,8,Yes participating without using any Provision or the CEO,true
292373003024,Eagle Glen Elementary,Raymore-Peculiar R-II,Raymore,414,121,Yes participating without using any Provision or the CEO,false
292841003341,Eagle Heights Elementary,Smithville R-II,Smithville,492,91,Yes participating without using any Provision or the CEO,false
292928002853,Earl Nance Sr. Elem.,St. Louis City,St Louis,321,321,Yes under Community Eligibility Option (CEO),false
292895000643,Early Child Family Educ. Ctr.,Francis Howell R-III,St Charles,117,17,Yes participating without using any Provision or the CEO,false
292667002765,Early Child. Education,Riverview Gardens,St Louis,248,144,Yes under Community Eligibility Option (CEO),false
291854002615,Early Child. Education Ctr.,Liberty 53,Kansas City,45,42,Yes participating without using any Provision or the CEO,false
292895002077,Early Child. Family Educ Ctr.,Francis Howell R-III,St Charles,189,12,Yes participating without using any Provision or the CEO,false
292895002108,Early Child. Family Educ. Ctr,Francis Howell R-III,St Charles,224,20,Yes participating without using any Provision or the CEO,false
292358003349,Early Childhood,Parkway C-2,Chesterfield,342,3,Yes participating without using any Provision or the CEO,false
290746003243,Early Childhood and Pat Center,Carthage R-IX,Carthage,116,66,Yes participating without using any Provision or the CEO,false
291365003307,Early Childhood Center,Hannibal 60,Hannibal,182,122,Yes participating without using any Provision or the CEO,false
291638003254,Early Childhood Center,Clark Co. R-I,Kahoka,98,44,Yes participating without using any Provision or the CEO,false
292763003358,Early Childhood Center,School of the Osage,Lake Ozark,86,28,Yes participating without using any Provision or the CEO,false
292049003336,Early Childhood Center,Maryville R-II,Maryville,172,73,Yes participating without using any Provision or the CEO,false
292253003242,Early Childhood Center,Nixa Public Schools,Nixa,88,24,Yes participating without using any Provision or the CEO,false
292622002733,Early Childhood Center,Republic R-III,Republic,234,89,Yes participating without using any Provision or the CEO,false
290837003315,Early Childhood Center,Fort Zumwalt School District,St. Peters,307,3,Yes participating without using any Provision or the CEO,false
291050002993,Early Childhood Ctr.,Desoto 73,Desoto,146,72,Yes participating without using any Provision or the CEO,false
291376000091,Early Childhood Ctr.,Harrisonville R-IX,Harrisonville,243,91,Yes participating without using any Provision or the CEO,false
291229002310,Early Childhood Ctr.,Fort Osage R-I,Independence,133,59,Yes participating without using any Provision or the CEO,false
291650002656,Early Childhood Ctr.,Kennett 39,Kennett,85,82,Yes participating without using any Provision or the CEO,false
292783002678,Early Childhood Ctr.,Sedalia 200,Sedalia,260,140,Yes under Community Eligibility Option (CEO),false
291869003278,Early Childhood Ed Center,Lindbergh Schools,St. Louis,386,18,Yes participating without using any Provision or the CEO,false
290537003385,Early Childhood Learning Cntr,Bolivar R-I,Bolivar,157,79,Yes participating without using any Provision or the CEO,false
292110003386,Early Childhood Learning Cntr,Moberly,Moberly,166,112,Yes participating without using any Provision or the CEO,false
292757003186,Early Childhood Learning Ctr,Savannah R-III,Savannah,68,18,Yes participating without using any Provision or the CEO,false
292280002662,Early Education Center,North Kansas City 74,Gladstone,112,44,Yes participating without using any Provision or the CEO,false
291201002591,Early Education Center,Ferguson-Florissant R-II,Hazelwood,124,62,Yes under Community Eligibility Option (CEO),false
292160003396,Early Learning Center,Mt. Vernon R-V,Mount Vernon,101,47,Yes participating without using any Provision or the CEO,false
292253003132,Early Learning Center,Nixa Public Schools,Nixa,194,47,Yes participating without using any Provision or the CEO,false
292316003290,Early Learning Center,Orchard Farm R-V,St. Charles,230,37,Yes participating without using any Provision or the CEO,false
293111002833,Early Learning Center,Washington,Washington,116,57,Yes participating without using any Provision or the CEO,false
291125000390,East Buchanan Elem.,East Buchanan Co. C-1 (025076),Gower,267,62,Yes participating without using any Provision or the CEO,false
291125000391,East Buchanan High,East Buchanan Co. C-1 (025076),Gower,255,57,Yes participating without using any Provision or the CEO,false
291125002282,East Buchanan Middle,East Buchanan Co. C-1 (025076),Easton,167,36,Yes participating without using any Provision or the CEO,false
291110000380,East Carter Co. R-II Elem.,East Carter Co. R-II,Ellsinore,364,238,Yes participating without using any Provision or the CEO,false
291110000383,East Carter Co. R-II High,East Carter Co. R-II,Ellsinore,180,109,Yes participating without using any Provision or the CEO,true
291110002916,East Carter Co. R-II Middle,East Carter Co. R-II,Ellsinore,154,97,Yes participating without using any Provision or the CEO,true
291383003208,East Early Childhood Center,Hazelwood,Florissant,86,83,Yes participating without using any Provision or the CEO,false
291619000748,East Elem.,Jefferson City,Jefferson City,286,286,Yes under Community Eligibility Option (CEO),false
291785002720,East Elem.,Lamar R-I,Lamar,281,168,Yes participating without using any Provision or the CEO,false
292343001433,East Elem.,Ozark R-VI,Ozark,515,199,Yes participating without using any Provision or the CEO,false
291560003265,East Elementary,Jackson R-II,Jackson,726,222,Yes participating without using any Provision or the CEO,false
292853003384,East Elementary,South Pemiscot Co. R-V,Steele,80,80,Yes under Community Eligibility Option (CEO),false
291640000880,East High School,Kansas City 33,Kansas City,1155,1155,Yes under Community Eligibility Option (CEO),true
291116000384,East Lynne Elem.,East Lynne 40,East Lynne,155,49,Yes participating without using any Provision or the CEO,false
291635002431,East Middle,Joplin Schools,Joplin,592,414,Yes participating without using any Provision or the CEO,true
291383000629,East Middle,Hazelwood,St Louis,167,167,Yes under Community Eligibility Option (CEO),true
293042002084,East Newton High,East Newton Co. R-VI,Granby,445,257,Yes participating without using any Provision or the CEO,true
291122003382,East Prairie Elem,East Prairie R-II,East Prairie,412,412,Yes under Community Eligibility Option (CEO),false
291122000388,East Prairie High,East Prairie R-II,East Prairie,301,301,Yes under Community Eligibility Option (CEO),true
291122003381,East Prairie Middle,East Prairie R-II,East Prairie,290,290,Yes under Community Eligibility Option (CEO),false
291830003407,East Trails Middle School,Lee's Summit R-VII,Lee's Summit,1051,253,Yes participating without using any Provision or the CEO,false
292280001268,Eastgate 6th Grade Center,North Kansas City 74,Kansas City,629,399,Yes participating without using any Provision or the CEO,false
291635000775,Eastmorland Elem.,Joplin Schools,Joplin,245,182,Yes participating without using any Provision or the CEO,false
292041001084,Eastwood Elem.,Marshall,Marshall,148,92,Yes participating without using any Provision or the CEO,false
292607001518,Eastwood Hills Elem.,Raytown C-2,Kansas City,330,286,Yes participating without using any Provision or the CEO,false
292910001862,Edgar Murray Elem.,St. Clair R-XIII,St Clair,429,242,Yes participating without using any Provision or the CEO,false
293153002193,Edgar Road Elem.,Webster Groves,St Louis,369,6,Yes participating without using any Provision or the CEO,false
292706001649,Edison Elem.,St. Joseph,St Joseph,362,362,Yes under Community Eligibility Option (CEO),false
292043001089,Edwin P. Hubble Elem.,Marshfield R-I,Marshfield,439,212,Yes participating without using any Provision or the CEO,false
291131000400,El Dorado Springs Elem.,El Dorado Springs R-II,El Dorado Springs,564,462,Yes under Community Eligibility Option (CEO),false
291131000398,El Dorado Springs High,El Dorado Springs R-II,El Dorado Springs,321,148,Yes under Community Eligibility Option (CEO),true
291131002660,El Dorado Springs Middle,El Dorado Springs R-II,El Dorado Springs,266,128,Yes under Community Eligibility Option (CEO),true
291134000402,Eldon High,Eldon R-I,Eldon,597,303,Yes participating without using any Provision or the CEO,true
291134000138,Eldon Middle,Eldon R-I,Eldon,414,221,Yes participating without using any Provision or the CEO,true
291134002411,Eldon Upper Elem.,Eldon R-I,Eldon,475,271,Yes participating without using any Provision or the CEO,false
290981000283,Elementary School,Climax Springs R-IV,Climax Springs,113,113,Yes under Community Eligibility Option (CEO),false
290061203286,Elementary School,Citizens of the World Charter,Kansas City,244,168,Yes participating without using any Provision or the CEO,false
292928001917,Elias Michael Elem.,St. Louis City,St Louis,43,43,Yes under Community Eligibility Option (CEO),true
290100003271,Eliot Battle Elementary,Columbia 93,Columbia,344,344,Yes under Community Eligibility Option (CEO),false
291165000416,Elkhorn Elementary,Excelsior Springs 40,Excelsior Springs,239,122,Yes participating without using any Provision or the CEO,false
292859001767,Ellington Elementary,Southern Reynolds Co. R-II,Ellington,202,133,Yes participating without using any Provision or the CEO,false
292859001768,Ellington High School,Southern Reynolds Co. R-II,Ellington,223,127,Yes participating without using any Provision or the CEO,true
292529001457,Ellis Elem.,Clinton Co. R-III,Plattsburg,301,121,Yes participating without using any Provision or the CEO,false
292706001650,Ellison Elem.,St. Joseph,St Joseph,343,131,Yes participating without using any Provision or the CEO,false
292685001618,Ellisville Elem.,Rockwood R-VI,Ellisville,474,44,Yes participating without using any Provision or the CEO,false
291229000493,Elm Grove Elem.,Fort Osage R-I,Independence,305,210,Yes participating without using any Provision or the CEO,false
291140000407,Elsberry High,Elsberry R-II,Elsberry,264,98,Yes participating without using any Provision or the CEO,false
290837002842,Emge Elem.,Fort Zumwalt School District,O'Fallon,348,41,Yes participating without using any Provision or the CEO,false
293165002208,Emil E. Holt Sr. High,Wentzville R-IV,Wentzville,1022,177,Yes participating without using any Provision or the CEO,false
291145000408,Eminence Elem.,Eminence R-I,Eminence,139,139,Yes under Community Eligibility Option (CEO),false
291145000409,Eminence High,Eminence R-I,Eminence,120,120,Yes under Community Eligibility Option (CEO),true
292355000615,English Landing Elem.,Park Hill,Kansas City,435,119,Yes participating without using any Provision or the CEO,false
291854003253,Epic Elementary,Liberty 53,Liberty,293,16,Yes participating without using any Provision or the CEO,false
291434003246,Ervin Elementary School,Hickman Mills C-1,Kansas City,427,427,Yes under Community Eligibility Option (CEO),false
292253002504,Espy Elem.,Nixa Public Schools,Nixa,371,133,Yes participating without using any Provision or the CEO,false
291155000410,Eugene Elem.,Cole Co. R-V,Eugene,365,95,Yes participating without using any Provision or the CEO,false
291365000589,Eugene Field Elem.,Hannibal 60,Hannibal,190,162,Yes participating without using any Provision or the CEO,false
292049001093,Eugene Field Elem.,Maryville R-II,Maryville,328,162,Yes participating without using any Provision or the CEO,false
292081001132,Eugene Field Elem.,Mexico 59,Mexico,418,418,Yes under Community Eligibility Option (CEO),false
292545001467,Eugene Field Elem.,Poplar Bluff R-I,Poplar Bluff,227,227,Yes under Community Eligibility Option (CEO),false
293150002184,Eugene Field Elem.,Webb City R-VII,Webb City,222,134,Yes participating without using any Provision or the CEO,false
291155000411,Eugene High,Cole Co. R-V,Eugene,264,64,Yes participating without using any Provision or the CEO,false
290817000217,Eunice Thomas Elem.,Cassville R-IV,Cassville,457,287,Yes participating without using any Provision or the CEO,false
292685001619,Eureka Elem.,Rockwood R-VI,Eureka,519,45,Yes participating without using any Provision or the CEO,false
292685001621,Eureka Sr. High,Rockwood R-VI,Eureka,1586,189,Yes participating without using any Provision or the CEO,false
291376002594,Everett Wade Juvenile Ctr.,Harrisonville R-IX,Harrisonville,10,3,Yes participating without using any Provision or the CEO,false
291158000412,Everton Elem.,Everton R-III,Everton,73,39,Yes under Community Eligibility Option (CEO),false
291158000413,Everton High,Everton R-III,Everton,72,30,Yes under Community Eligibility Option (CEO),true
290059703277,Ewing Marion Kauffman High,Ewing Marion Kauffman School,Kansas City,402,402,Yes under Community Eligibility Option (CEO),true
290059703195,Ewing Marion Kauffman Middle,Ewing Marion Kauffman School,Kansas City,559,559,Yes under Community Eligibility Option (CEO),true
290000901364,Excel School,Division of Youth Service,Springfield,23,20,Yes participating without using any Provision or the CEO,true
291165003352,Excelsior Springs Ear Chld Ctr,Excelsior Springs 40,Excelsior Springs,151,80,Yes participating without using any Provision or the CEO,false
291165000420,Excelsior Springs High,Excelsior Springs 40,Excelsior Springs,764,286,Yes participating without using any Provision or the CEO,true
291165000418,Excelsior Springs Middle,Excelsior Springs 40,Excelsior Springs,540,259,Yes participating without using any Provision or the CEO,true
291165000071,Excelsior Springs Tech. High,Excelsior Springs 40,Excelsior Springs,147,139,Yes participating without using any Provision or the CEO,false
291484000686,Exceptional Child Coop.,Houston R-I,Houston,40,37,Yes participating without using any Provision or the CEO,false
291052003416,Exceptional Pupil Coop.-Ecse,Lakeland R-III,Bolivar,72,3,Yes participating without using any Provision or the CEO,false
291167000426,Exeter Elem.,Exeter R-VI,Exeter,224,178,Yes participating without using any Provision or the CEO,true
291167000427,Exeter High,Exeter R-VI,Exeter,109,76,Yes participating without using any Provision or the CEO,true
292676002628,External Sites,Specl. Sch. Dst. St. Louis Co.,Town and Country,1223,75,Yes participating without using any Provision or the CEO,false
291011000323,Ezard Elem.,Laclede Co. R-I,Conway,422,217,Yes participating without using any Provision or the CEO,false
291677000920,F. P. Tillman Elem.,Kirkwood R-VII,Kirkwood,457,28,Yes participating without using any Provision or the CEO,false
291170000428,Fair Grove Elem.,Fair Grove R-X,Fair Grove,550,212,Yes participating without using any Provision or the CEO,false
291170000429,Fair Grove High,Fair Grove R-X,Fair Grove,373,120,Yes participating without using any Provision or the CEO,false
291170002283,Fair Grove Middle,Fair Grove R-X,Fair Grove,373,124,Yes participating without using any Provision or the CEO,false
291173000430,Fair Play Elem.,Fair Play R-II,Fair Play,212,212,Yes under Community Eligibility Option (CEO),false
291173000431,Fair Play High,Fair Play R-II,Fair Play,119,119,Yes under Community Eligibility Option (CEO),true
291176000432,Fairfax Elem.,Fairfax R-III,Fairfax,66,32,Yes participating without using any Provision or the CEO,false
291176000433,Fairfax High,Fairfax R-III,Fairfax,68,23,Yes participating without using any Provision or the CEO,true
291548003099,Fairmount Elem.,Independence 30,Independence,313,259,Yes participating without using any Provision or the CEO,false
292895001859,Fairmount Elem.,Francis Howell R-III,St Peters,971,202,Yes participating without using any Provision or the CEO,false
290746000206,Fairview Elem.,Carthage R-IX,Carthage,444,330,Yes participating without using any Provision or the CEO,false
290100000303,Fairview Elem.,Columbia 93,Columbia,471,124,Yes participating without using any Provision or the CEO,false
291185000435,Fairview Elem.,Fairview R-XI,West Plains,466,234,Yes participating without using any Provision or the CEO,true
291629003081,Fairview Intermediate,Jennings,Jennings,134,134,Yes under Community Eligibility Option (CEO),false
291629000766,Fairview Primary,Jennings,Jennings,284,284,Yes under Community Eligibility Option (CEO),false
292685002859,Fairway Elem.,Rockwood R-VI,Wildwood,346,25,Yes participating without using any Provision or the CEO,false
291191000439,Farmington Middle,Farmington R-VII,Farmington,557,269,Yes participating without using any Provision or the CEO,true
291191000440,Farmington Sr. High,Farmington R-VII,Farmington,1354,619,Yes participating without using any Provision or the CEO,false
293183002229,Fatima Elem.,Osage Co. R-III,Westphalia,256,52,Yes participating without using any Provision or the CEO,false
293183002226,Fatima High,Osage Co. R-III,Westphalia,426,61,Yes participating without using any Provision or the CEO,false
291640000808,Faxon Elementary,Kansas City 33,Kansas City,322,322,Yes under Community Eligibility Option (CEO),false
291199000448,Fayette High,Fayette R-III,Fayette,188,70,Yes participating without using any Provision or the CEO,true
291201000462,Ferguson Middle,Ferguson-Florissant R-II,Ferguson,582,379,Yes under Community Eligibility Option (CEO),true
291203003438,Festus Early Childhood Center,Festus R-VI,Festus,141,33,Yes participating without using any Provision or the CEO,false
291203000479,Festus Elem.,Festus R-VI,Festus,1045,392,Yes participating without using any Provision or the CEO,false
291203002779,Festus Intermediate,Festus R-VI,Festus,804,308,Yes participating without using any Provision or the CEO,false
291203002522,Festus Middle,Festus R-VI,Festus,486,161,Yes participating without using any Provision or the CEO,false
291203000481,Festus Sr. High,Festus R-VI,Festus,1019,354,Yes participating without using any Provision or the CEO,false
292181001205,Field Early Child./Kdgn. Ctr.,Neosho School District,Neosho,112,56,Yes participating without using any Provision or the CEO,false
292886001794,Field Elem.,Springfield R-XII,Springfield,401,130,Yes participating without using any Provision or the CEO,false
292706001652,Field Elem.,St. Joseph,St Joseph,336,176,Yes participating without using any Provision or the CEO,false
291229002284,Fire Prairie Middle,Fort Osage R-I,Independence,713,411,Yes participating without using any Provision or the CEO,false
293052002093,Fisk Elementary,Twin Rivers R-X,Fisk,309,222,Yes under Community Eligibility Option (CEO),true
292607001519,Fleetridge Elem.,Raytown C-2,Kansas City,355,212,Yes participating without using any Provision or the CEO,false
290837003289,Flint Hill Elementary,Fort Zumwalt School District,Wentzville,343,52,Yes participating without using any Provision or the CEO,false
293066002107,Flynn Park Elem.,University City,University City,323,323,Yes under Community Eligibility Option (CEO),false
292067002420,Forder Elem.,Mehlville R-IX,St Louis,397,181,Yes participating without using any Provision or the CEO,false
291218000484,Fordland Elem.,Fordland R-III,Fordland,300,140,Yes participating without using any Provision or the CEO,false
291218000485,Fordland High,Fordland R-III,Fordland,200,63,Yes participating without using any Provision or the CEO,true
291218001578,Fordland Middle,Fordland R-III,Fordland,150,61,Yes participating without using any Provision or the CEO,true
291640002376,Foreign Language Academy,Kansas City 33,Kansas City,594,594,Yes under Community Eligibility Option (CEO),true
290837000234,Forest Park Elem.,Fort Zumwalt School District,O'Fallon,436,153,Yes participating without using any Provision or the CEO,false
291224000486,Forsyth Elem.,Forsyth R-III,Forsyth,470,313,Yes participating without using any Provision or the CEO,false
291224000487,Forsyth High,Forsyth R-III,Forsyth,394,236,Yes participating without using any Provision or the CEO,true
291224000789,Forsyth Middle,Forsyth R-III,Forsyth,356,234,Yes participating without using any Provision or the CEO,true
290000901226,Fort Bellefontaine Campus,Division of Youth Service,St Louis,12,9,Yes participating without using any Provision or the CEO,true
291229000496,Fort Osage High,Fort Osage R-I,Independence,1545,663,Yes participating without using any Provision or the CEO,true
291230000499,Fox Elem.,Fox C-6,Arnold,355,154,Yes participating without using any Provision or the CEO,false
292280002621,Fox Hill Elementary,North Kansas City 74,Kansas City,606,222,Yes participating without using any Provision or the CEO,false
291230000500,Fox Middle,Fox C-6,Arnold,570,193,Yes participating without using any Provision or the CEO,false
291230000506,Fox Sr. High,Fox C-6,Arnold,1660,561,Yes participating without using any Provision or the CEO,false
292895002072,Francis Howell Central High,Francis Howell R-III,St Charles,1750,292,Yes participating without using any Provision or the CEO,false
292895001860,Francis Howell High,Francis Howell R-III,St Charles,1843,140,Yes participating without using any Provision or the CEO,false
292895000220,Francis Howell Middle,Francis Howell R-III,St Charles,799,72,Yes participating without using any Provision or the CEO,false
292895002481,Francis Howell North High,Francis Howell R-III,St Charles,1716,365,Yes participating without using any Provision or the CEO,false
290566000114,Frankford Elem.,Bowling Green R-I,Frankford,114,55,Yes participating without using any Provision or the CEO,false
291251000511,Franklin Co. Elem.,Franklin Co. R-II,New Haven,128,28,Yes participating without using any Provision or the CEO,false
292910002568,Franklin Co. Specl. Ed. Coop.,St. Clair R-XIII,St Clair,114,3,Yes participating without using any Provision or the CEO,false
290712000187,Franklin Elem.,Cape Girardeau 63,Cape Girardeau,241,241,Yes under Community Eligibility Option (CEO),false
291854001005,Franklin Elem.,Liberty 53,Liberty,223,79,Yes participating without using any Provision or the CEO,false
290531000080,Franklin Smith Elem.,Blue Springs R-IV,Blue Springs,401,167,Yes participating without using any Provision or the CEO,false
291434002979,Freda Markley Early Childhood,Hickman Mills C-1,Kansas City,190,190,Yes under Community Eligibility Option (CEO),false
290100002281,Frederick Douglass High,Columbia 93,Columbia,185,185,Yes under Community Eligibility Option (CEO),true
291254000513,Fredericktown Elem.,Fredericktown R-I,Fredericktown,446,262,Yes participating without using any Provision or the CEO,false
291254000516,Fredericktown High,Fredericktown R-I,Fredericktown,611,307,Yes participating without using any Provision or the CEO,true
291254002524,Fredericktown Intermediate,Fredericktown R-I,Fredericktown,393,237,Yes participating without using any Provision or the CEO,false
293144002898,Freedom Elem.,Waynesville R-VI,St Robert,954,486,Yes participating without using any Provision or the CEO,false
292886001795,Fremont Elem.,Springfield R-XII,Springfield,360,297,Yes participating without using any Provision or the CEO,false
292928001928,Froebel Elem.,St. Louis City,St Louis,178,178,Yes under Community Eligibility Option (CEO),false
293165002869,Frontier Middle,Wentzville R-IV,O'Fallon,1243,145,Yes participating without using any Provision or the CEO,false
290059003180,Frontier Schl of Excellence-M,Frontier Schools,Kansas City,74,74,Yes under Community Eligibility Option (CEO),false
290059003181,Frontier Schl of Excellence-U,Frontier Schools,Kansas City,160,160,Yes under Community Eligibility Option (CEO),true
290059003182,Frontier Schl of Innovation-M,Frontier Schools,Kansas City,307,252,Yes under Community Eligibility Option (CEO),true
290059003127,Frontier School of Innovation,Frontier Schools,Kansas City,645,555,Yes under Community Eligibility Option (CEO),true
290059003232,Frontier STEM High School,Frontier Schools,Kansas City,401,311,Yes under Community Eligibility Option (CEO),true
290837002978,Ft. Zumwalt East High,Fort Zumwalt School District,St Peters,1171,226,Yes participating without using any Provision or the CEO,false
290837000239,Ft. Zumwalt North High,Fort Zumwalt School District,O'Fallon,1538,238,Yes participating without using any Provision or the CEO,false
290837002491,Ft. Zumwalt North Middle,Fort Zumwalt School District,O'Fallon,1019,201,Yes participating without using any Provision or the CEO,false
290837002490,Ft. Zumwalt South High,Fort Zumwalt School District,St Peters,1212,194,Yes participating without using any Provision or the CEO,false
290837002427,Ft. Zumwalt South Middle,Fort Zumwalt School District,St Peters,823,123,Yes participating without using any Provision or the CEO,false
290837002624,Ft. Zumwalt West High,Fort Zumwalt School District,O'Fallon,1643,270,Yes participating without using any Provision or the CEO,false
290837002782,Ft. Zuwmalt West Middle,Fort Zumwalt School District,O'Fallon,1114,238,Yes participating without using any Provision or the CEO,false
291255003392,Fulton Early Childhood Cntr,Fulton 58,Fulton,252,137,Yes participating without using any Provision or the CEO,false
291255002525,Fulton Middle,Fulton 58,Fulton,513,254,Yes participating without using any Provision or the CEO,true
291255000524,Fulton Sr. High,Fulton 58,Fulton,659,282,Yes participating without using any Provision or the CEO,false
290000902172,Fulton Treatment Ctr.,Division of Youth Service,Fulton,30,27,Yes participating without using any Provision or the CEO,true
291260000525,Gainesville Elem.,Gainesville R-V,Gainesville,292,234,Yes participating without using any Provision or the CEO,false
291260000526,Gainesville High,Gainesville R-V,Gainesville,287,222,Yes participating without using any Provision or the CEO,true
291260003373,Gainesville Preschool,Gainesville R-V,Gainesville,26,20,Yes participating without using any Provision or the CEO,false
291263000528,Galena High,Galena R-II,Galena,196,196,Yes under Community Eligibility Option (CEO),true
291263000527,Galena-Abesville Elem.,Galena R-II,Galena,202,202,Yes under Community Eligibility Option (CEO),false
291266000530,Gallatin High,Gallatin R-V,Gallatin,148,49,Yes participating without using any Provision or the CEO,false
291266003296,Gallatin Middle School,Gallatin R-V,Gallatin,174,66,Yes participating without using any Provision or the CEO,true
291640000824,Garfield Elementary,Kansas City 33,Kansas City,531,531,Yes under Community Eligibility Option (CEO),false
291383000620,Garrett Elem.,Hazelwood,Hazelwood,309,309,Yes under Community Eligibility Option (CEO),false
291272000533,Gasconade Elem.,Gasconade C-4,Falcon,97,70,Yes under Community Eligibility Option (CEO),true
292280001272,Gashland Elementary,North Kansas City 74,Kansas City,218,91,Yes participating without using any Provision or the CEO,false
292280003321,Gateway 6th Grade Center,North Kansas City 74,Kansas City,882,318,Yes participating without using any Provision or the CEO,false
292928001587,Gateway Elem.,St. Louis City,St Louis,426,426,Yes under Community Eligibility Option (CEO),false
292928000434,Gateway High,St. Louis City,St Louis,860,860,Yes under Community Eligibility Option (CEO),true
292928001585,Gateway Middle,St. Louis City,St Louis,382,382,Yes under Community Eligibility Option (CEO),true
290000902211,Gateway School,Division of Youth Service,Joplin,11,8,Yes participating without using any Provision or the CEO,true
290059203241,Gateway Science Acad-South Ele,Gateway Science Acad/St Louis,St. Louis,402,318,Yes participating without using any Provision or the CEO,false
290059203174,Gateway Science Acad/St Louis,Gateway Science Acad/St Louis,St. Louis,377,184,Yes participating without using any Provision or the CEO,false
290059203205,Gateway Science Academy High,Gateway Science Acad/St Louis,St. Louis,461,266,Yes participating without using any Provision or the CEO,true
290059203244,Gateway Science Academy Middle,Gateway Science Acad/St Louis,St. Louis,426,277,Yes participating without using any Provision or the CEO,true
290002203074,Gateway/Hubert Wheeler School,Mo Schls for the Sev Disabled,St Louis,0,,No,true
292685001622,Geggie Elem.,Rockwood R-VI,Eureka,622,46,Yes participating without using any Provision or the CEO,false
290001602746,Genesis School Inc.,Genesis School Inc.,Kansas City,180,180,Yes under Community Eligibility Option (CEO),true
290000902715,Gentry Residential Treat. Fac.,Division of Youth Service,Cabool,22,19,Yes participating without using any Provision or the CEO,true
291230002402,George Guffey Elem.,Fox C-6,Fenton,523,202,Yes participating without using any Provision or the CEO,false
292892001840,George M. Null Elem.,St. Charles R-VI,St Charles,233,98,Yes participating without using any Provision or the CEO,false
291640000826,George Melcher Elementary,Kansas City 33,Kansas City,341,341,Yes under Community Eligibility Option (CEO),false
291677000921,George R. Robinson Elem.,Kirkwood R-VII,Kirkwood,463,64,Yes participating without using any Provision or the CEO,false
292928003211,George Washington Carver Elem,St. Louis City,St. Louis,103,103,Yes under Community Eligibility Option (CEO),false
292181003011,George Washington Carver Elem.,Neosho School District,Neosho,591,330,Yes participating without using any Provision or the CEO,false
292334001343,Gerald Elem.,Gasconade Co. R-II,Gerald,283,142,Yes participating without using any Provision or the CEO,false
292355003087,Gerner Family Early Ed Ctr.,Park Hill,Kansas City,392,120,Yes participating without using any Provision or the CEO,false
292667000726,Gibson Elem.,Riverview Gardens,St Louis,387,237,Yes under Community Eligibility Option (CEO),false
291278000534,Gideon Elem.,Gideon 37,Gideon,115,115,Yes under Community Eligibility Option (CEO),false
291278000535,Gideon High,Gideon 37,Gideon,102,102,Yes under Community Eligibility Option (CEO),true
291284000536,Gilliam Elem.,Gilliam C-4,Gilliam,38,24,Yes participating without using any Provision or the CEO,true
291287000537,Gilman City Elem.,Gilman City R-IV,Gilman City,96,69,Yes participating without using any Provision or the CEO,false
291287000538,Gilman City High,Gilman City R-IV,Gilman City,60,45,Yes participating without using any Provision or the CEO,true
290000901192,Girardot Center for Youth,Division of Youth Service,Cape Girardeau,24,21,Yes participating without using any Provision or the CEO,true
290462000052,Gladden Elem.,Belton 124,Belton,326,224,Yes participating without using any Provision or the CEO,false
291640002529,Gladstone Elementary,Kansas City 33,Kansas City,406,406,Yes under Community Eligibility Option (CEO),false
292667001579,Glasgow Elem.,Riverview Gardens,St Louis,264,,Yes under Community Eligibility Option (CEO),false
291290000539,Glasgow Elementary.,Glasgow,Glasgow,126,54,Yes participating without using any Provision or the CEO,false
291290000540,Glasgow High,Glasgow,Glasgow,188,53,Yes participating without using any Provision or the CEO,false
291548000711,Glendale Elem.,Independence 30,Independence,417,314,Yes participating without using any Provision or the CEO,false
292886001796,Glendale High,Springfield R-XII,Springfield,1357,421,Yes participating without using any Provision or the CEO,false
290972000271,Glenridge Elem.,Clayton,Clayton,321,31,Yes participating without using any Provision or the CEO,false
291518000691,Glenwood Elem.,Glenwood R-VIII,West Plains,252,135,Yes under Community Eligibility Option (CEO),true
291293000541,Golden City Elem.,Golden City R-III,Golden City,76,50,Yes participating without using any Provision or the CEO,false
291293000542,Golden City High,Golden City R-III,Golden City,88,55,Yes participating without using any Provision or the CEO,true
292181001206,Goodman Elem.,Neosho School District,Goodman,272,199,Yes participating without using any Provision or the CEO,false
290001502752,Gordon Parks Elem.,Gordon Parks Elem.,Kansas City,131,131,Yes under Community Eligibility Option (CEO),false
290291000005,Gotsch Intermediate Sch.,Affton 101,St Louis,562,215,Yes participating without using any Provision or the CEO,false
290462002725,Grace Early Child. Ed. Ctr.,Belton 124,Belton,228,116,Yes participating without using any Provision or the CEO,false
292280001274,Gracemor Elementary,North Kansas City 74,Kansas City,684,486,Yes participating without using any Provision or the CEO,false
292355001367,Graden Elem.,Park Hill,Parkville,415,103,Yes participating without using any Provision or the CEO,false
291308003169,Grain Valley Early Childhd Ctr,Grain Valley R-V,Grain Valley,83,3,Yes participating without using any Provision or the CEO,false
291308000546,Grain Valley High,Grain Valley R-V,Grain Valley,1482,311,Yes participating without using any Provision or the CEO,false
291308003161,Grain Valley North Middle Schl,Grain Valley R-V,Grain Valley,527,113,Yes participating without using any Provision or the CEO,false
291308002463,Grain Valley South Middle Schl,Grain Valley R-V,Grain Valley,516,118,Yes participating without using any Provision or the CEO,false
293042002083,Granby,East Newton Co. R-VI,Granby,583,373,Yes participating without using any Provision or the CEO,true
290057903345,Grand Center Arts Acad Middle,Confluence Academies,St. Louis,218,218,Yes under Community Eligibility Option (CEO),true
290057903342,Grand Center Arts Academy High,Confluence Academies,St. Louis,402,402,Yes under Community Eligibility Option (CEO),false
291440000669,Grandview Elem.,Lafayette Co. C-1,Higginsville,440,209,Yes participating without using any Provision or the CEO,false
291317000558,Grandview Elem.,Grandview R-II,Hillsboro,231,107,Yes participating without using any Provision or the CEO,false
291317002285,Grandview High,Grandview R-II,Hillsboro,237,93,Yes participating without using any Provision or the CEO,true
291314000551,Grandview Middle,Grandview C-4,Grandview,471,249,Yes participating without using any Provision or the CEO,true
291317001490,Grandview Middle,Grandview R-II,Hillsboro,138,62,Yes participating without using any Provision or the CEO,true
291314000556,Grandview Sr. High,Grandview C-4,Grandview,1203,531,Yes participating without using any Provision or the CEO,true
291383000621,Grannemann Elem.,Hazelwood,St Louis,438,438,Yes under Community Eligibility Option (CEO),false
292110002820,Gratz Brown Elem.,Moberly,Moberly,398,267,Yes participating without using any Provision or the CEO,false
292886002480,Gray Elem.,Springfield R-XII,Springfield,474,125,Yes participating without using any Provision or the CEO,false
291830002612,Great Beginnings Early Ed Ctr.,Lee's Summit R-VII,Lee's Summit,331,69,Yes participating without using any Provision or the CEO,false
291323000560,Green City Elem.,Green City R-I,Green City,132,79,Yes participating without using any Provision or the CEO,false
291323000561,Green City High,Green City R-I,Green City,132,76,Yes participating without using any Provision or the CEO,false
291326000562,Green Forest Elem.,Green Forest R-II,Salem,152,93,Yes participating without using any Provision or the CEO,true
292685002478,Green Pines Elem.,Rockwood R-VI,Wildwood,423,46,Yes participating without using any Provision or the CEO,false
291329000563,Green Ridge Elem.,Green Ridge R-VIII,Green Ridge,171,80,Yes participating without using any Provision or the CEO,false
291329000564,Green Ridge High,Green Ridge R-VIII,Green Ridge,181,78,Yes participating without using any Provision or the CEO,false
292358001385,Green Trails Elem.,Parkway C-2,Chesterfield,345,22,Yes participating without using any Provision or the CEO,false
293165002110,Green Tree Elem.,Wentzville R-IV,Lake St Louis,640,146,Yes participating without using any Provision or the CEO,false
290002203041,Greene Valley School,Mo Schls for the Sev Disabled,Springfield,35,24,Yes participating without using any Provision or the CEO,true
291332000565,Greenfield Elem.,Greenfield R-IV,Greenfield,235,120,Yes participating without using any Provision or the CEO,false
291332000566,Greenfield High,Greenfield R-IV,Greenfield,160,79,Yes participating without using any Provision or the CEO,true
291338000568,Greenville Elem.,Greenville R-II,Greenville,275,191,Yes participating without using any Provision or the CEO,false
291338000569,Greenville High,Greenville R-II,Greenville,209,109,Yes participating without using any Provision or the CEO,true
291338003035,Greenville Jr. High,Greenville R-II,Greenville,101,60,Yes participating without using any Provision or the CEO,true
290558003435,Greenways Academy,Boonville R-I,Boonville,105,39,Yes participating without using any Provision or the CEO,false
291830000976,Greenwood Elem.,Lee's Summit R-VII,Greenwood,300,39,Yes participating without using any Provision or the CEO,false
291201000466,Griffith Elementary,Ferguson-Florissant R-II,Ferguson,292,292,Yes under Community Eligibility Option (CEO),false
292928003252,Griscom Juvenile Detention Ctr,St. Louis City,St. Louis,27,24,Yes participating without using any Provision or the CEO,true
291377000607,Grovespring Elem.,Hartville R-II,Grovespring,110,72,Yes participating without using any Provision or the CEO,false
291269000531,Grundy Co. Elem.,Grundy Co. R-V,Humphreys,54,33,Yes participating without using any Provision or the CEO,false
291269000532,Grundy Co. High,Grundy Co. R-V,Galt,68,40,Yes participating without using any Provision or the CEO,true
290002903216,Guadalupe Centers Elementary,Guadalupe Centers Schools,Kansas City,801,530,Yes participating without using any Provision or the CEO,false
290002902741,Guadalupe Centers High School,Guadalupe Centers Schools,Kansas City,458,383,Yes participating without using any Provision or the CEO,true
290002903166,Guadalupe Centers Middle,Guadalupe Centers Schools,Kansas City,355,280,Yes participating without using any Provision or the CEO,true
290002203043,H Kenneth Kirchner School,Mo Schls for the Sev Disabled,Jefferson City,16,6,Yes participating without using any Provision or the CEO,false
291650000896,H. Byron Masterson Elem.,Kennett 39,Kennett,417,417,Yes under Community Eligibility Option (CEO),false
292067001097,Hagemann Elem.,Mehlville R-IX,St Louis,427,101,Yes participating without using any Provision or the CEO,false
291640003257,Hale Cook Elementary,Kansas City 33,Kansas City,344,344,Yes under Community Eligibility Option (CEO),false
291350000573,Hale Elementary,Hale R-I,Hale,30,19,Yes participating without using any Provision or the CEO,false
291350000574,Hale High,Hale R-I,Hale,59,26,Yes participating without using any Provision or the CEO,true
291353000575,Halfway Elem.,Halfway R-III,Halfway,133,68,Yes participating without using any Provision or the CEO,false
291353000576,Halfway Secondary,Halfway R-III,Halfway,114,36,Yes participating without using any Provision or the CEO,true
291201000467,Halls Ferry Elementary,Ferguson-Florissant R-II,Florissant,394,226,Yes under Community Eligibility Option (CEO),false
291356000578,Hallsville High,Hallsville R-IV,Hallsville,464,118,Yes participating without using any Provision or the CEO,false
291356000577,Hallsville Intermediate,Hallsville R-IV,Hallsville,361,99,Yes participating without using any Provision or the CEO,false
291356001597,Hallsville Middle,Hallsville R-IV,Hallsville,340,93,Yes participating without using any Provision or the CEO,false
291356002975,Hallsville Primary,Hallsville R-IV,Hallsville,387,129,Yes participating without using any Provision or the CEO,false
291359000579,Hamilton Elem.,Hamilton R-II,Hamilton,270,145,Yes participating without using any Provision or the CEO,false
292928001937,Hamilton Elem. Community Ed.,St. Louis City,St Louis,243,243,Yes under Community Eligibility Option (CEO),false
291359002663,Hamilton Middle,Hamilton R-II,Hamilton,150,72,Yes participating without using any Provision or the CEO,true
291362000584,Hancock Place Elem.,Hancock Place,Lemay,647,647,Yes under Community Eligibility Option (CEO),false
291362001894,Hancock Place Middle,Hancock Place,Lemay,266,266,Yes under Community Eligibility Option (CEO),true
291362000583,Hancock Sr. High,Hancock Place,St Louis,369,369,Yes under Community Eligibility Option (CEO),true
292358001386,Hanna Woods Elem.,Parkway C-2,Ballwin,360,109,Yes participating without using any Provision or the CEO,false
290558000102,Hannah Cole Primary,Boonville R-I,Boonville,419,419,Yes under Community Eligibility Option (CEO),false
291365002554,Hannibal Middle,Hannibal 60,Hannibal,674,405,Yes participating without using any Provision or the CEO,true
291365000595,Hannibal Sr. High,Hannibal 60,Hannibal,1048,521,Yes participating without using any Provision or the CEO,true
291548001485,Hanthorn Early Education,Independence 30,Independence,180,174,Yes participating without using any Provision or the CEO,false
292733001680,Hardeman Elem.,Hardeman R-X,Marshall,64,27,Yes participating without using any Provision or the CEO,false
292892001850,Hardin Middle,St. Charles R-VI,St Charles,676,269,Yes participating without using any Provision or the CEO,false
291368000596,Hardin-Central Elem.,Hardin-Central C-2,Hardin,110,45,Yes participating without using any Provision or the CEO,false
291368000597,Hardin-Central High,Hardin-Central C-2,Hardin,95,39,Yes participating without using any Provision or the CEO,true
292892001852,Harris Elem.,St. Charles R-VI,St Charles,408,136,Yes participating without using any Provision or the CEO,false
291371000598,Harrisburg Elementary,Harrisburg R-VIII,Harrisburg,291,79,Yes participating without using any Provision or the CEO,false
291371000599,Harrisburg High,Harrisburg R-VIII,Harrisburg,185,29,Yes participating without using any Provision or the CEO,false
291371003100,Harrisburg Middle,Harrisburg R-VIII,Harrisburg,129,35,Yes participating without using any Provision or the CEO,false
291376000602,Harrisonville Elem.,Harrisonville R-IX,Harrisonville,427,172,Yes participating without using any Provision or the CEO,false
291376000605,Harrisonville High,Harrisonville R-IX,Harrisonville,734,248,Yes participating without using any Provision or the CEO,false
291376002659,Harrisonville Middle,Harrisonville R-IX,Harrisonville,502,191,Yes participating without using any Provision or the CEO,false
292689001632,Harry S. Truman Elem.,Rolla 31,Rolla,448,258,Yes participating without using any Provision or the CEO,false
293150002182,Harry S. Truman Elem.,Webb City R-VII,Webb City,287,120,Yes participating without using any Provision or the CEO,false
291377000606,Hartville Elem.,Hartville R-II,Hartville,208,114,Yes participating without using any Provision or the CEO,false
291377000608,Hartville High,Hartville R-II,Hartville,183,96,Yes participating without using any Provision or the CEO,true
291377003447,Hartville Middle,Hartville R-II,Hartville,139,83,Yes participating without using any Provision or the CEO,false
292895002681,Harvest Ridge Elem.,Francis Howell R-III,St Charles,572,132,Yes participating without using any Provision or the CEO,false
292274001253,Hatton-McCredie Elem.,North Callaway Co. R-I,Kingdom City,238,83,Yes participating without using any Provision or the CEO,false
293045002087,Hawk Point Elem.,Troy R-III,Hawk Point,131,36,Yes participating without using any Provision or the CEO,false
292355002841,Hawthorn Elem.,Park Hill,Kansas City,450,102,Yes participating without using any Provision or the CEO,false
290837002369,Hawthorn Elem.,Fort Zumwalt School District,St Peters,458,114,Yes participating without using any Provision or the CEO,false
290699002983,Hawthorn Elementary,Camdenton R-III,Camdenton,405,206,Yes participating without using any Provision or the CEO,false
291830002775,Hawthorn Hill Elem.,Lee's Summit R-VII,Lee's Summit,444,61,Yes participating without using any Provision or the CEO,false
291645002532,Hawthorne Elem.,Kearney R-I,Kearney,264,22,Yes participating without using any Provision or the CEO,false
292081001133,Hawthorne Elem.,Mexico 59,Mexico,442,442,Yes under Community Eligibility Option (CEO),false
291380000611,Hayti High,Hayti R-II,Hayti,225,225,Yes under Community Eligibility Option (CEO),true
291830000977,Hazel Grove Elem.,Lee's Summit R-VII,Lee's Summit,331,84,Yes participating without using any Provision or the CEO,false
291383000622,Hazelwood Central High,Hazelwood,Florissant,1718,1718,Yes under Community Eligibility Option (CEO),true
291383002696,Hazelwood East High,Hazelwood,St Louis,1310,,Yes under Community Eligibility Option (CEO),true
291383000625,Hazelwood West High,Hazelwood,Hazelwood,1994,,Yes under Community Eligibility Option (CEO),false
292783001703,Heber Hunt Elem.,Sedalia 200,Sedalia,448,346,Yes under Community Eligibility Option (CEO),false
290002203061,Helen M Davis School,Mo Schls for the Sev Disabled,St Joseph,43,23,Yes participating without using any Provision or the CEO,true
292757001689,Helena Elem.,Savannah R-III,Helena,99,39,Yes participating without using any Provision or the CEO,false
292895002447,Henderson Elem.,Francis Howell R-III,St Charles,653,199,Yes participating without using any Provision or the CEO,false
292358001387,Henry Elem.,Parkway C-2,Ballwin,512,43,Yes participating without using any Provision or the CEO,false
290986000289,Henry Elem.,Clinton,Clinton,365,226,Yes under Community Eligibility Option (CEO),false
292928001942,Henry Elem.,St. Louis City,St Louis,165,165,Yes under Community Eligibility Option (CEO),false
291425000639,Herculaneum High,Dunklin R-V,Herculaneum,466,212,Yes participating without using any Provision or the CEO,true
292763001696,Heritage Elementary,School of the Osage,Lake Ozark,362,166,Yes participating without using any Provision or the CEO,false
293165002456,Heritage Elementary,Wentzville R-IV,Wentzville,1039,343,Yes participating without using any Provision or the CEO,false
291854003238,Heritage Middle School,Liberty 53,Liberty,757,186,Yes participating without using any Provision or the CEO,false
293150002377,Heritage Preschool,Webb City R-VII,Webb City,202,93,Yes participating without using any Provision or the CEO,false
291428000644,Hermann Elem.,Gasconade Co. R-I,Hermann,247,135,Yes participating without using any Provision or the CEO,false
291428000646,Hermann High,Gasconade Co. R-I,Hermann,282,119,Yes participating without using any Provision or the CEO,false
291428002464,Hermann Middle,Gasconade Co. R-I,Hermann,284,146,Yes participating without using any Provision or the CEO,true
291431000648,Hermitage Elem.,Hermitage R-IV,Hermitage,138,138,Yes under Community Eligibility Option (CEO),false
291431000649,Hermitage High,Hermitage R-IV,Hermitage,88,88,Yes under Community Eligibility Option (CEO),true
291431001964,Hermitage Middle,Hermitage R-IV,Hermitage,63,63,Yes under Community Eligibility Option (CEO),true
292928001943,Herzog Elem.,St. Louis City,St Louis,201,201,Yes under Community Eligibility Option (CEO),false
292928000444,Hickey Elem.,St. Louis City,St Louis,273,273,Yes under Community Eligibility Option (CEO),false
291434003409,Hickman Mills Middle School,Hickman Mills C-1,Kansas City,590,590,Yes under Community Eligibility Option (CEO),false
292886001797,Hickory Hills Elem.,Springfield R-XII,Springfield,340,88,Yes participating without using any Provision or the CEO,false
292886001798,Hickory Hills Middle,Springfield R-XII,Springfield,456,239,Yes participating without using any Provision or the CEO,true
291437000666,Higbee Elem.,Higbee R-VIII,Higbee,104,57,Yes participating without using any Provision or the CEO,false
291437000667,Higbee High,Higbee R-VIII,Higbee,124,69,Yes participating without using any Provision or the CEO,true
291314003431,High Grove Early Childhood,Grandview C-4,Grandview,132,64,Yes participating without using any Provision or the CEO,false
292115001163,High Point Elem.,High Point R-III,High Point,83,40,Yes participating without using any Provision or the CEO,true
292253002998,High Pointe Elem.,Nixa Public Schools,Nixa,619,219,Yes participating without using any Provision or the CEO,false
292289001303,High Ridge Elem.,Northwest R-I,High Ridge,327,165,Yes participating without using any Provision or the CEO,false
292358001388,Highcroft Ridge Elem.,Parkway C-2,Chesterfield,369,34,Yes participating without using any Provision or the CEO,false
291846001989,Highland Elem.,Lewis Co. C-1,Lewistown,520,259,Yes participating without using any Provision or the CEO,false
292667002627,Highland Elem.,Riverview Gardens,St Louis,242,149,Yes under Community Eligibility Option (CEO),false
291846000993,Highland Jr.-Sr. High,Lewis Co. C-1,Lewistown,388,171,Yes participating without using any Provision or the CEO,true
291830002311,Highland Park Elem.,Lee's Summit R-VII,Lee's Summit,407,45,Yes participating without using any Provision or the CEO,false
292880001778,Highlandville Elementary,Spokane R-VII,Highlandville,384,162,Yes participating without using any Provision or the CEO,false
292886001800,Hillcrest High,Springfield R-XII,Springfield,1065,650,Yes participating without using any Provision or the CEO,true
291443000673,Hillsboro Elem.,Hillsboro R-III,Hillsboro,459,162,Yes participating without using any Provision or the CEO,false
291443000675,Hillsboro High,Hillsboro R-III,Hillsboro,1050,304,Yes participating without using any Provision or the CEO,false
291443002597,Hillsboro Jr. High,Hillsboro R-III,Hillsboro,492,148,Yes participating without using any Provision or the CEO,false
291443000674,Hillsboro Middle Elem.,Hillsboro R-III,Hillsboro,682,246,Yes participating without using any Provision or the CEO,false
291443002598,Hillsboro Primary,Hillsboro R-III,Hillsboro,429,153,Yes participating without using any Provision or the CEO,false
291830002614,Hilltop School,Lee's Summit R-VII,Lee's Summit,25,5,Yes participating without using any Provision or the CEO,false
292175001201,Hillview Elem.,Neelyville R-IV,Harviell,144,92,Yes participating without using any Provision or the CEO,false
292676003154,Hiram Neuwoehner,Specl. Sch. Dst. St. Louis Co.,Town and Country,101,101,Yes under Community Eligibility Option (CEO),true
293153002194,Hixson Middle,Webster Groves,St Louis,982,136,Yes participating without using any Provision or the CEO,false
292928002170,Hodgen Elem.,St. Louis City,St Louis,206,206,Yes under Community Eligibility Option (CEO),false
292664001567,Hoech Middle,Ritenour,St Ann,664,664,Yes under Community Eligibility Option (CEO),true
290001403196,Hogan Preparatory Acad Middle,Hogan Preparatory Academy,Kansas City,134,134,Yes under Community Eligibility Option (CEO),true
290001402743,Hogan Preparatory Academy,Hogan Preparatory Academy,Kansas City,318,318,Yes under Community Eligibility Option (CEO),true
290001403222,Hogan Preparatory Academy Elem,Hogan Preparatory Academy,Kansas City,391,391,Yes under Community Eligibility Option (CEO),false
290000901195,Hogan St Regional Youth Ctr.,Division of Youth Service,St Louis,17,14,Yes participating without using any Provision or the CEO,true
291446000677,Holcomb Elem.,Holcomb R-III,Holcomb,235,235,Yes under Community Eligibility Option (CEO),false
291446000678,Holcomb High,Holcomb R-III,Holcomb,194,194,Yes under Community Eligibility Option (CEO),true
291449000681,Holden Elem.,Holden R-III,Holden,540,276,Yes participating without using any Provision or the CEO,false
291449000680,Holden High,Holden R-III,Holden,391,186,Yes participating without using any Provision or the CEO,false
291449000679,Holden Middle,Holden R-III,Holden,301,140,Yes participating without using any Provision or the CEO,true
292886001801,Holland Elem.,Springfield R-XII,Springfield,218,154,Yes participating without using any Provision or the CEO,false
292895001855,Hollenbeck Middle,Francis Howell R-III,St Charles,769,196,Yes participating without using any Provision or the CEO,false
291452000682,Holliday C-2 School District,Holliday C-2,Holliday,49,10,Yes participating without using any Provision or the CEO,true
291640002606,Holliday Montessori,Kansas City 33,Kansas City,360,360,Yes under Community Eligibility Option (CEO),false
291455003165,Hollister Early Childhood Ctr,Hollister R-V,Hollister,213,144,Yes participating without using any Provision or the CEO,false
291455000683,Hollister Elem.,Hollister R-V,Hollister,367,254,Yes participating without using any Provision or the CEO,false
291455000684,Hollister High,Hollister R-V,Hollister,475,269,Yes participating without using any Provision or the CEO,true
291455001120,Hollister Middle,Hollister R-V,Hollister,314,194,Yes participating without using any Provision or the CEO,true
291201000468,Holman Elementary,Ferguson-Florissant R-II,Berkeley,206,206,Yes under Community Eligibility Option (CEO),false
292370001415,Holman Middle,Pattonville R-III,St Ann,639,334,Yes participating without using any Provision or the CEO,true
290060103194,Hope Leadership Academy,Hope Leadership Academy,Kansas City,108,108,Yes under Community Eligibility Option (CEO),false
293105003355,Hopewell Acad Early Chld Cntr,Warren Co. R-III,Warrenton,61,19,Yes participating without using any Provision or the CEO,false
292355003368,Hopewell Elementary,Park Hill,Kansas City,483,143,Yes participating without using any Provision or the CEO,false
292783001704,Horace Mann Elem.,Sedalia 200,Sedalia,276,184,Yes under Community Eligibility Option (CEO),false
292886001802,Horace Mann Elem.,Springfield R-XII,Springfield,378,231,Yes participating without using any Provision or the CEO,false
292841002274,Horizon Elementary,Smithville R-II,Smithville,448,78,Yes participating without using any Provision or the CEO,false
292706001657,Hosea Elem.,St. Joseph,St Joseph,422,422,Yes under Community Eligibility Option (CEO),false
292289003192,House Springs Early Child Ctr,Northwest R-I,House Springs,230,105,Yes participating without using any Provision or the CEO,false
292289001304,House Springs Elem.,Northwest R-I,House Springs,462,255,Yes participating without using any Provision or the CEO,false
291484000685,Houston Elem.,Houston R-I,Houston,443,443,Yes under Community Eligibility Option (CEO),false
291484000688,Houston High,Houston R-I,Houston,359,359,Yes under Community Eligibility Option (CEO),true
291484000453,Houston Middle,Houston R-I,Houston,198,,Yes under Community Eligibility Option (CEO),true
291521000692,Howell Valley Elem.,Howell Valley R-I,West Plains,201,106,Yes participating without using any Provision or the CEO,true
291524000693,Hudson Elem.,Hudson R-IX,Appleton City,55,5,Yes participating without using any Provision or the CEO,true
293153002417,Hudson Elem.,Webster Groves,St Louis,199,21,Yes participating without using any Provision or the CEO,false
291530000696,Humansville Elem.,Humansville R-IV,Humansville,156,156,Yes under Community Eligibility Option (CEO),false
291530000697,Humansville High,Humansville R-IV,Humansville,105,105,Yes under Community Eligibility Option (CEO),true
291530003298,Humansville Middle School,Humansville R-IV,Humansville,84,81,Yes participating without using any Provision or the CEO,true
292928003193,Humboldt Acad of Higher Lrning,St. Louis City,St. Louis,108,108,Yes under Community Eligibility Option (CEO),false
291533000698,Hume Elem.,Hume R-VIII,Hume,67,36,Yes participating without using any Provision or the CEO,false
291533000699,Hume High,Hume R-VIII,Hume,51,29,Yes participating without using any Provision or the CEO,false
291539000700,Hurley Elem.,Hurley R-I,Hurley,124,81,Yes participating without using any Provision or the CEO,false
291539000701,Hurley High,Hurley R-I,Hurley,91,62,Yes participating without using any Provision or the CEO,true
290699000172,Hurricane Deck Elementary,Camdenton R-III,Sunrise Beach,157,104,Yes participating without using any Provision or the CEO,false
292706001659,Hyde Elem.,St. Joseph,St Joseph,352,352,Yes under Community Eligibility Option (CEO),false
291542000702,Iberia Elem.,Iberia R-V,Iberia,367,177,Yes participating without using any Provision or the CEO,false
291542000703,Iberia High,Iberia R-V,Iberia,291,117,Yes participating without using any Provision or the CEO,true
291140001990,Ida Cannon Middle,Elsberry R-II,Elsberry,258,120,Yes participating without using any Provision or the CEO,true
292895002761,Independence Elem.,Francis Howell R-III,St Charles,762,88,Yes participating without using any Provision or the CEO,false
290825000226,Indian Creek Elem.,Center 58,Kansas City,285,285,Yes under Community Eligibility Option (CEO),false
291229003103,Indian Trails Elem.,Fort Osage R-I,Independence,365,220,Yes participating without using any Provision or the CEO,false
291434000655,Ingels Elementary,Hickman Mills C-1,Kansas City,261,261,Yes under Community Eligibility Option (CEO),false
290543000095,Intermediate Sch.,North St. Francois Co. R-I,Desloge,355,227,Yes participating without using any Provision or the CEO,false
291635003240,Irving Elementary,Joplin Schools,Joplin,434,289,Yes participating without using any Provision or the CEO,false
292664001568,Iveland Elem.,Ritenour,St Louis,441,441,Yes under Community Eligibility Option (CEO),false
290059303436,Jackson County Juvenile Ctr.,Delasalle Charter School,Kansas City,24,3,Yes participating without using any Provision or the CEO,false
291560001428,Jackson Middle,Jackson R-II,Jackson,850,330,Yes participating without using any Provision or the CEO,false
293066002109,Jackson Park Elem.,University City,University City,304,304,Yes under Community Eligibility Option (CEO),false
291560000738,Jackson Sr. High,Jackson R-II,Jackson,1830,607,Yes participating without using any Provision or the CEO,false
293210002251,James E. Freer Elem.,Windsor C-1,Barnhart,276,97,Yes participating without using any Provision or the CEO,false
291640000837,James Elementary,Kansas City 33,Kansas City,328,328,Yes under Community Eligibility Option (CEO),false
290531000082,James Lewis Elem.,Blue Springs R-IV,Blue Springs,473,141,Yes participating without using any Provision or the CEO,false
290531000083,James Walker Elem.,Blue Springs R-IV,Blue Springs,456,227,Yes participating without using any Provision or the CEO,false
291566000742,Jamestown C-I Elem.,Jamestown C-1,Jamestown,67,22,Yes participating without using any Provision or the CEO,false
291566000743,Jamestown C-I High,Jamestown C-1,Jamestown,112,19,Yes participating without using any Provision or the CEO,false
291383000626,Jamestown Elem.,Hazelwood,Florissant,314,314,Yes under Community Eligibility Option (CEO),false
292886001803,Jarrett Middle,Springfield R-XII,Springfield,483,304,Yes participating without using any Provision or the CEO,true
291614000744,Jasper Co. Elem.,Jasper Co. R-V,Jasper,241,114,Yes participating without using any Provision or the CEO,false
291614000745,Jasper Co. High School,Jasper Co. R-V,Jasper,213,104,Yes participating without using any Provision or the CEO,true
291619000749,Jefferson City High,Jefferson City,Jefferson City,1353,682,Yes participating without using any Provision or the CEO,true
290712000189,Jefferson Elem.,Cape Girardeau 63,Cape Girardeau,494,494,Yes under Community Eligibility Option (CEO),false
291620000759,Jefferson Elem.,Jefferson C-123,Conception Jct,83,27,Yes participating without using any Provision or the CEO,false
291191000438,Jefferson Elem.,Farmington R-VII,Farmington,343,176,Yes participating without using any Provision or the CEO,false
291635000779,Jefferson Elem.,Joplin Schools,Joplin,218,175,Yes participating without using any Provision or the CEO,false
292928001950,Jefferson Elem.,St. Louis City,St Louis,125,125,Yes under Community Eligibility Option (CEO),true
292265001243,Jefferson Elem.,Normandy Schools Collaborative,St Louis,214,214,Yes under Community Eligibility Option (CEO),true
291620000762,Jefferson High,Jefferson C-123,Conception Jct,56,32,Yes participating without using any Provision or the CEO,false
291623003144,Jefferson High School,Jefferson Co. R-VII,Festus,300,57,Yes participating without using any Provision or the CEO,false
292892001841,Jefferson Intermediate School,St. Charles R-VI,St Charles,706,309,Yes participating without using any Provision or the CEO,false
290100000304,Jefferson Middle School,Columbia 93,Columbia,593,192,Yes participating without using any Provision or the CEO,true
291623003305,Jefferson R-VII Preschool,Jefferson Co. R-VII,Festus,57,12,Yes participating without using any Provision or the CEO,false
292886002305,Jeffries Elem.,Springfield R-XII,Springfield,405,263,Yes participating without using any Provision or the CEO,false
291629000769,Jennings High,Jennings,Jennings,666,666,Yes under Community Eligibility Option (CEO),true
291827000975,Joe D. Esther Elem.,Lebanon R-III,Lebanon,609,439,Yes participating without using any Provision or the CEO,false
291700000940,Joel E. Barber Elem.,Laclede Co. C-5,Lebanon,505,505,Yes under Community Eligibility Option (CEO),true
292550001495,John A. Evans Middle,Potosi R-III,Potosi,316,316,Yes under Community Eligibility Option (CEO),true
290100001946,John B. Lange Middle,Columbia 93,Columbia,510,311,Yes participating without using any Provision or the CEO,true
293107002650,John Boise Middle School,Warsaw R-IX,Warsaw,272,272,Yes under Community Eligibility Option (CEO),true
292067002996,John Cary Early Childhood Ctr.,Mehlville R-IX,St Louis,311,40,Yes participating without using any Provision or the CEO,false
292757001690,John Glenn Elem.,Savannah R-III,St Joseph,280,96,Yes participating without using any Provision or the CEO,false
290531000084,John Nowlin Elem.,Blue Springs R-IV,Blue Springs,460,175,Yes participating without using any Provision or the CEO,false
290100000305,John Ridgeway Elem.,Columbia 93,Columbia,227,34,Yes participating without using any Provision or the CEO,false
291640000838,John T. Hartman Elementary,Kansas City 33,Kansas City,360,360,Yes under Community Eligibility Option (CEO),false
292253003202,John Thomas School of Discover,Nixa Public Schools,Nixa,493,83,Yes participating without using any Provision or the CEO,false
291548000713,John W. Luff Elem.,Independence 30,Independence,362,266,Yes participating without using any Provision or the CEO,false
290100003374,John Warner Middle School,Columbia 93,Columbia,579,67,Yes participating without using any Provision or the CEO,false
292895002666,John Weldon Elem.,Francis Howell R-III,Dardenne Prairie,640,58,Yes participating without using any Provision or the CEO,false
291201002784,Johnson Wabash 6th Grade Ctr,Ferguson-Florissant R-II,Ferguson,278,180,Yes under Community Eligibility Option (CEO),false
292133001170,Jonesburg Elem.,Montgomery Co. R-II,Jonesburg,149,63,Yes participating without using any Provision or the CEO,false
291635002778,Joplin Early Childhood Ctr.,Joplin Schools,Joplin,311,217,Yes participating without using any Provision or the CEO,false
291635000787,Joplin High,Joplin Schools,Joplin,2288,1346,Yes participating without using any Provision or the CEO,true
290837000235,Joseph L. Mudd Elem.,Fort Zumwalt School District,O'Fallon,412,151,Yes participating without using any Provision or the CEO,false
293165003387,Journey Elementary,Wentzville R-IV,Wentzville,595,79,Yes participating without using any Provision or the CEO,false
293066001898,Julia Goldstein Early Child.,University City,University City,123,123,Yes under Community Eligibility Option (CEO),false
291506000689,Junction Hill Elem.,Junction Hill C-12,West Plains,186,106,Yes participating without using any Provision or the CEO,true
291383000628,Jury Elem.,Hazelwood,Florissant,480,480,Yes under Community Eligibility Option (CEO),false
290525002578,Juvenile Ctr.,Bloomfield R-Xiv,Bloomfield,13,10,Yes participating without using any Provision or the CEO,true
292676002630,Juvenile Detention Ctr.,Specl. Sch. Dst. St. Louis Co.,Clayton,44,18,Yes participating without using any Provision or the CEO,true
291191002589,Juvenile Detention Ctr.,Farmington R-VII,Farmington,9,6,Yes participating without using any Provision or the CEO,true
291443001017,Juvenile Detention Ctr.,Hillsboro R-III,Hillsboro,5,,Yes participating without using any Provision or the CEO,false
290699001953,Juvenile Justice Center,Camdenton R-III,Camdenton,9,5,Yes participating without using any Provision or the CEO,false
290100002577,Juvenile Justice Ctr.,Columbia 93,Columbia,24,13,Yes participating without using any Provision or the CEO,true
290061603362,Kairos Academies,Kairos Academies,St. Louis,228,167,Yes participating without using any Provision or the CEO,false
290061603421,Kairos High,Kairos Academies,St. Louis,287,172,Yes participating without using any Provision or the CEO,false
290061503364,Kansas City Girls Prep Middle,Kansas City Girls Prep Academy,Kansas City,111,111,Yes under Community Eligibility Option (CEO),false
290001302751,Kc International-Wallace,Kc International Academy,Kansas City,662,662,Yes under Community Eligibility Option (CEO),true
291645003329,Kearney Early Education Center,Kearney R-I,Kearney,44,17,Yes participating without using any Provision or the CEO,false
291645000891,Kearney Elem.,Kearney R-I,Kearney,223,72,Yes participating without using any Provision or the CEO,false
291645000894,Kearney High,Kearney R-I,Kearney,814,104,Yes participating without using any Provision or the CEO,false
291645002531,Kearney Jr. High,Kearney R-I,Kearney,510,97,Yes participating without using any Provision or the CEO,false
291645002872,Kearney Middle,Kearney R-I,Kearney,591,100,Yes participating without using any Provision or the CEO,false
291383000614,Keeven Elem.,Hazelwood,St Louis,331,331,Yes under Community Eligibility Option (CEO),false
292685002567,Kehrs Mill Elem.,Rockwood R-VI,Chesterfield,555,20,Yes participating without using any Provision or the CEO,false
292685001623,Kellison Elem.,Rockwood R-VI,Fenton,347,56,Yes participating without using any Provision or the CEO,false
291254002523,Kelly a Burlison Middle School,Fredericktown R-I,Fredericktown,433,261,Yes participating without using any Provision or the CEO,true
291854003113,Kellybrook Elem School,Liberty 53,Kansas City,528,159,Yes participating without using any Provision or the CEO,false
291635000780,Kelsey Norman Elem.,Joplin Schools,Joplin,300,191,Yes participating without using any Provision or the CEO,false
291647000895,Kelso Elem.,Kelso C-7,Benton,199,37,Yes participating without using any Provision or the CEO,true
291869001021,Kennerly Elem.,Lindbergh Schools,St Louis,496,33,Yes participating without using any Provision or the CEO,false
291629002786,Kenneth C. Hanrahan Elem.,Jennings,Jennings,138,138,Yes under Community Eligibility Option (CEO),false
291650000897,Kennett High,Kennett 39,Kennett,493,493,Yes under Community Eligibility Option (CEO),true
291650002654,Kennett Middle,Kennett 39,Kennett,392,392,Yes under Community Eligibility Option (CEO),true
290462002988,Kentucky Trail Elem.,Belton 124,Belton,355,181,Yes participating without using any Provision or the CEO,false
291653000904,Keytesville Elem.,Keytesville R-III,Keytesville,80,40,Yes participating without using any Provision or the CEO,false
291653000905,Keytesville High,Keytesville R-III,Keytesville,48,19,Yes participating without using any Provision or the CEO,true
292886001804,Kickapoo High,Springfield R-XII,Springfield,1923,516,Yes participating without using any Provision or the CEO,false
291659000906,King City Elem.,King City R-I,King City,180,74,Yes participating without using any Provision or the CEO,false
291659000907,King City High,King City R-I,King City,156,60,Yes participating without using any Provision or the CEO,false
293114002165,Kingston Elem.,Kingston K-14,Cadet,174,174,Yes under Community Eligibility Option (CEO),false
291662000908,Kingston Elem.,Kingston 42,Kingston,32,19,Yes under Community Eligibility Option (CEO),true
293114001901,Kingston High,Kingston K-14,Cadet,259,259,Yes under Community Eligibility Option (CEO),true
293114002708,Kingston Middle,Kingston K-14,Cadet,169,169,Yes under Community Eligibility Option (CEO),true
293114003105,Kingston Primary,Kingston K-14,Cadet,229,229,Yes under Community Eligibility Option (CEO),false
291666000909,Kingsville Elem.,Kingsville R-I,Kingsville,119,41,Yes participating without using any Provision or the CEO,false
291666000910,Kingsville High,Kingsville R-I,Kingsville,131,39,Yes participating without using any Provision or the CEO,false
290003103013,Kipp Endeavor Academy,Kipp: Endeavor Academy,Kansas City,665,665,Yes under Community Eligibility Option (CEO),true
290059103122,Kipp Inspire Academy,Kipp St Louis Public Schools,St Louis,409,409,Yes under Community Eligibility Option (CEO),true
290003103395,Kipp Kc Legacy High School,Kipp: Endeavor Academy,Kansas City,382,382,Yes under Community Eligibility Option (CEO),false
290059103314,Kipp St. Louis High,Kipp St Louis Public Schools,St. Louis,354,354,Yes under Community Eligibility Option (CEO),true
290059103270,Kipp Triumph Academy,Kipp St Louis Public Schools,St. Louis,305,305,Yes under Community Eligibility Option (CEO),true
290059103245,Kipp Victory Academy,Kipp St Louis Public Schools,St. Louis,433,433,Yes under Community Eligibility Option (CEO),false
290059103266,Kipp Wisdom Academy,Kipp St Louis Public Schools,St. Louis,285,285,Yes under Community Eligibility Option (CEO),false
290059103363,Kipp Wonder Academy,Kipp St Louis Public Schools,St. Louis,283,283,Yes under Community Eligibility Option (CEO),false
291671000911,Kirbyville Elem.,Kirbyville R-VI,Kirbyville,110,68,Yes under Community Eligibility Option (CEO),false
291671002824,Kirbyville Middle,Kirbyville R-VI,Kirbyville,105,67,Yes participating without using any Provision or the CEO,true
291674002219,Kirksville Primary,Kirksville R-III,Kirksville,539,297,Yes participating without using any Provision or the CEO,false
291674000916,Kirksville Sr. High,Kirksville R-III,Kirksville,791,298,Yes participating without using any Provision or the CEO,true
291677003031,Kirkwood Early Child. Ctr.,Kirkwood R-VII,Kirkwood,304,3,Yes participating without using any Provision or the CEO,false
291677000926,Kirkwood Sr. High,Kirkwood R-VII,Kirkwood,1693,187,Yes participating without using any Provision or the CEO,false
291683000931,Knob Noster Elem.,Knob Noster R-VIII,Knob Noster,550,235,Yes participating without using any Provision or the CEO,false
291683000932,Knob Noster High,Knob Noster R-VIII,Knob Noster,474,144,Yes participating without using any Provision or the CEO,false
291683002290,Knob Noster Middle,Knob Noster R-VIII,Knob Noster,381,145,Yes participating without using any Provision or the CEO,false
291128000392,Knox Co. Elem.,Knox Co. R-I,Edina,268,156,Yes participating without using any Provision or the CEO,false
291128000397,Knox Co. High,Knox Co. R-I,Edina,230,137,Yes participating without using any Provision or the CEO,true
292667001581,Koch Elem.,Riverview Gardens,St Louis,299,196,Yes under Community Eligibility Option (CEO),false
291548003107,Korte Elem.,Independence 30,Independence,444,394,Yes participating without using any Provision or the CEO,false
291686000934,Koshkonong Elem.,Oregon-Howell R-III,Koshkonong,127,102,Yes participating without using any Provision or the CEO,true
291686000935,Koshkonong High,Oregon-Howell R-III,Koshkonong,86,61,Yes participating without using any Provision or the CEO,true
292664001569,Kratz Elem.,Ritenour,St Louis,474,474,Yes under Community Eligibility Option (CEO),false
291692000936,La Monte Elem.,La Monte R-IV,La Monte,161,99,Yes participating without using any Provision or the CEO,false
291692000937,La Monte High,La Monte R-IV,La Monte,144,88,Yes participating without using any Provision or the CEO,true
291695000938,La Plata Elem.,La Plata R-II,La Plata,145,56,Yes participating without using any Provision or the CEO,false
291695000939,La Plata High,La Plata R-II,La Plata,150,52,Yes participating without using any Provision or the CEO,true
293111002161,Labadie Elementary,Washington,Labadie,115,24,Yes participating without using any Provision or the CEO,false
292928001955,Laclede Elem.,St. Louis City,St Louis,264,264,Yes under Community Eligibility Option (CEO),true
291782003279,Ladue Early Childhood Center,Ladue,St. Louis,262,12,Yes participating without using any Provision or the CEO,false
291782003236,Ladue Fifth Grade Center,Ladue,St. Louis,357,29,Yes participating without using any Provision or the CEO,false
291782000946,Ladue Horton Watkins High,Ladue,St Louis,1395,161,Yes participating without using any Provision or the CEO,false
291782000944,Ladue Middle,Ladue,St Louis,1053,116,Yes participating without using any Provision or the CEO,false
291440000672,Lafayette Co. High,Lafayette Co. C-1,Higginsville,298,134,Yes participating without using any Provision or the CEO,true
291440002596,Lafayette Co. Middle,Lafayette Co. C-1,Higginsville,223,110,Yes participating without using any Provision or the CEO,true
292706001660,Lafayette High,St. Joseph,St Joseph,644,644,Yes under Community Eligibility Option (CEO),true
290060603223,Lafayette Preparatory Academy,Lafayette Preparatory Academy,St. Louis,414,100,Yes participating without using any Provision or the CEO,true
292685001624,Lafayette Sr. High,Rockwood R-VI,Wildwood,1669,191,Yes participating without using any Provision or the CEO,false
292706003433,Lake Early Learning Center,St. Joseph,St. Joseph,211,109,Yes participating without using any Provision or the CEO,false
292545001471,Lake Road Elem.,Poplar Bluff R-I,Poplar Bluff,300,300,Yes under Community Eligibility Option (CEO),false
291052002520,Lakeland Elem.,Lakeland R-III,Deepwater,223,154,Yes participating without using any Provision or the CEO,false
291052000352,Lakeland High,Lakeland R-III,Deepwater,180,115,Yes participating without using any Provision or the CEO,true
293165003149,Lakeview Elementary,Wentzville R-IV,Wentzville,599,98,Yes participating without using any Provision or the CEO,false
292355002623,Lakeview Middle,Park Hill,Kansas City,653,133,Yes participating without using any Provision or the CEO,false
290002203045,Lakeview Woods School,Mo Schls for the Sev Disabled,Lee's Summit,30,27,Yes participating without using any Provision or the CEO,true
292280001275,Lakewood Elementary,North Kansas City 74,Kansas City,185,115,Yes participating without using any Provision or the CEO,false
291785000953,Lamar Elem.,Lamar R-I,Lamar,253,146,Yes participating without using any Provision or the CEO,false
291785000954,Lamar High,Lamar R-I,Lamar,369,135,Yes participating without using any Provision or the CEO,true
291785002467,Lamar Middle,Lamar R-I,Lamar,255,147,Yes participating without using any Provision or the CEO,true
290000901285,Langsford House,Division of Youth Service,Lee's Summit,11,8,Yes participating without using any Provision or the CEO,true
291788000956,Laquey R-V Elem.,Laquey R-V,Laquey,236,151,Yes participating without using any Provision or the CEO,false
291788000957,Laquey R-V High,Laquey R-V,Laquey,205,112,Yes participating without using any Provision or the CEO,true
291791000958,Laredo Elem.,Laredo R-VII,Laredo,51,26,Yes participating without using any Provision or the CEO,true
291383000630,Larimore Elem.,Hazelwood,St Louis,330,330,Yes under Community Eligibility Option (CEO),false
292685000671,Lasalle Springs Middle,Rockwood R-VI,Wildwood,927,89,Yes participating without using any Provision or the CEO,false
292118001164,Latham Elem.,Moniteau Co. R-V,Latham,38,12,Yes participating without using any Provision or the CEO,true
291797000959,Lathrop Elementary School,Lathrop R-II,Lathrop,403,174,Yes participating without using any Provision or the CEO,false
291797000960,Lathrop High School,Lathrop R-II,Lathrop,272,77,Yes participating without using any Provision or the CEO,false
291797001684,Lathrop Middle School,Lathrop R-II,Lathrop,196,72,Yes participating without using any Provision or the CEO,false
290558000105,Laura Speed Elliott Middle,Boonville R-I,Boonville,313,313,Yes under Community Eligibility Option (CEO),true
292607001520,Laurel Hills Elem.,Raytown C-2,Raytown,344,259,Yes participating without using any Provision or the CEO,false
291199000446,Laurence J. Daly Elem.,Fayette R-III,Fayette,324,152,Yes participating without using any Provision or the CEO,false
291383000617,Lawson Elem.,Hazelwood,Florissant,316,316,Yes under Community Eligibility Option (CEO),false
291822000962,Lawson High,Lawson R-Xiv,Lawson,362,77,Yes participating without using any Provision or the CEO,false
291822000961,Lawson Middle,Lawson R-Xiv,Lawson,342,82,Yes participating without using any Provision or the CEO,false
291827000971,Lebanon Middle School,Lebanon R-III,Lebanon,859,525,Yes participating without using any Provision or the CEO,true
291827003439,Lebanon R-III Early Chld Cntr,Lebanon R-III,Lebanon,266,180,Yes participating without using any Provision or the CEO,false
291827000972,Lebanon Sr. High,Lebanon R-III,Lebanon,1439,769,Yes participating without using any Provision or the CEO,true
290002802749,Lee A. Tolbert Com. Academy,Lee A. Tolbert Com. Academy,Kansas City,401,401,Yes under Community Eligibility Option (CEO),true
291201000469,Lee Hamilton Elementary,Ferguson-Florissant R-II,Ferguson,310,221,Yes under Community Eligibility Option (CEO),false
292826001739,Lee Hunter Elem.,Sikeston R-6,Sikeston,369,369,Yes under Community Eligibility Option (CEO),false
291830000978,Lee's Summit Elem.,Lee's Summit R-VII,Lee's Summit,205,124,Yes participating without using any Provision or the CEO,false
291830001481,Lee's Summit North High,Lee's Summit R-VII,Lee's Summit,1940,499,Yes participating without using any Provision or the CEO,false
291830000983,Lee's Summit Sr. High,Lee's Summit R-VII,Lee's Summit,1989,600,Yes participating without using any Provision or the CEO,false
291830002795,Lee's Summit West High,Lee's Summit R-VII,Lee's Summit,1999,235,Yes participating without using any Provision or the CEO,false
291833000985,Leesville Elem.,Leesville R-IX,Clinton,91,91,Yes under Community Eligibility Option (CEO),true
291836000986,Leeton Elem.,Leeton R-X,Leeton,153,75,Yes participating without using any Provision or the CEO,false
291836000987,Leeton High,Leeton R-X,Leeton,103,52,Yes participating without using any Provision or the CEO,false
291836002812,Leeton Middle,Leeton R-X,Leeton,52,28,Yes participating without using any Provision or the CEO,true
292667001582,Lemasters Elem.,Riverview Gardens,St Louis,301,169,Yes under Community Eligibility Option (CEO),false
291645003353,Lens,Kearney R-I,Kearney,60,12,Yes participating without using any Provision or the CEO,false
291842000988,Leopold Elem.,Leopold R-III,Leopold,99,23,Yes participating without using any Provision or the CEO,false
291842000989,Leopold High,Leopold R-III,Leopold,92,20,Yes participating without using any Provision or the CEO,false
291848000998,Leslie Bell Elem.,Lexington R-V,Lexington,339,207,Yes participating without using any Provision or the CEO,false
291845000990,Lesterville Elementary,Lesterville R-IV,Lesterville,68,39,Yes participating without using any Provision or the CEO,false
291845000991,Lesterville High School,Lesterville R-IV,Lesterville,70,38,Yes participating without using any Provision or the CEO,true
291854001007,Lewis and Clark Elem.,Liberty 53,Liberty,517,104,Yes participating without using any Provision or the CEO,false
292667001583,Lewis and Clark Elem.,Riverview Gardens,St Louis,137,92,Yes under Community Eligibility Option (CEO),false
290000901261,Lewis and Clark Hall,Division of Youth Service,St Louis,14,11,Yes participating without using any Provision or the CEO,true
291619000476,Lewis and Clark Middle,Jefferson City,Jefferson City,966,524,Yes participating without using any Provision or the CEO,true
290837000236,Lewis Clark Elem.,Fort Zumwalt School District,St Peters,426,142,Yes participating without using any Provision or the CEO,false
291165000417,Lewis Elementary,Excelsior Springs 40,Excelsior Springs,354,220,Yes participating without using any Provision or the CEO,false
292928001958,Lexington Elem.,St. Louis City,St Louis,234,234,Yes under Community Eligibility Option (CEO),false
291848001001,Lexington High,Lexington R-V,Lexington,310,146,Yes participating without using any Provision or the CEO,true
291848001000,Lexington Middle,Lexington R-V,Lexington,244,135,Yes participating without using any Provision or the CEO,true
291851001002,Liberal Elem.,Liberal R-II,Liberal,116,56,Yes participating without using any Provision or the CEO,false
291851001003,Liberal High,Liberal R-II,Liberal,96,36,Yes participating without using any Provision or the CEO,true
291851002719,Liberal Middle,Liberal R-II,Liberal,59,27,Yes participating without using any Provision or the CEO,true
291854001011,Liberty High,Liberty 53,Liberty,1842,399,Yes participating without using any Provision or the CEO,false
293165003227,Liberty High School,Wentzville R-IV,Lake St. Louis,1647,181,Yes participating without using any Provision or the CEO,false
292154003026,Liberty Middle,Mountain View-Birch Tree R-III,Mountain View,264,183,Yes participating without using any Provision or the CEO,true
291854002616,Liberty Middle School,Liberty 53,Liberty,609,216,Yes participating without using any Provision or the CEO,false
291854003148,Liberty North High School,Liberty 53,Liberty,2262,462,Yes participating without using any Provision or the CEO,false
291854002863,Liberty Oaks Elem.,Liberty 53,Kansas City,496,148,Yes participating without using any Provision or the CEO,false
292154001186,Liberty Sr. High,Mountain View-Birch Tree R-III,Mountain View,350,233,Yes participating without using any Provision or the CEO,true
291860001013,Licking Elem.,Licking R-VIII,Licking,416,416,Yes under Community Eligibility Option (CEO),false
291860001014,Licking High,Licking R-VIII,Licking,397,397,Yes under Community Eligibility Option (CEO),true
290057402828,Lift for Life Academy,Lift for Life Academy,St Louis,260,260,Yes under Community Eligibility Option (CEO),true
290057403356,Lift for Life Academy Elem.,Lift for Life Academy,St.louis,222,222,Yes under Community Eligibility Option (CEO),false
290057403183,Lift for Life Academy High Sch,Lift for Life Academy,St Louis,383,383,Yes under Community Eligibility Option (CEO),true
290531000270,Liggett Trail Education Center,Blue Springs R-IV,Blue Springs,159,34,Yes participating without using any Provision or the CEO,false
290000401482,Lilbourn Elementary,New Madrid Co. R-I,Lilbourn,233,233,Yes under Community Eligibility Option (CEO),false
290002203052,Lillian Schaper School,Mo Schls for the Sev Disabled,Bowling Green,13,10,Yes participating without using any Provision or the CEO,false
291854002729,Lillian Schumacher Elem.,Liberty 53,Liberty,443,167,Yes participating without using any Provision or the CEO,false
293045003347,Lincoln Co Early Childhood Ctr,Troy R-III,Troy,211,40,Yes participating without using any Provision or the CEO,false
291640003322,Lincoln College Academy Middle,Kansas City 33,Kansas City,583,583,Yes under Community Eligibility Option (CEO),true
291640000844,Lincoln College Prep.,Kansas City 33,Kansas City,997,997,Yes under Community Eligibility Option (CEO),true
291867001015,Lincoln Elem.,Lincoln R-II,Lincoln,263,147,Yes under Community Eligibility Option (CEO),false
292892001843,Lincoln Elem.,St. Charles R-VI,St Charles,160,68,Yes participating without using any Provision or the CEO,false
293045002856,Lincoln Elem.,Troy R-III,Troy,391,105,Yes participating without using any Provision or the CEO,false
291867001016,Lincoln High,Lincoln R-II,Lincoln,248,137,Yes under Community Eligibility Option (CEO),true
291191001065,Lincoln Intermediate,Farmington R-VII,Farmington,521,297,Yes participating without using any Provision or the CEO,false
292706001662,Lindbergh Elem.,St. Joseph,St Joseph,431,431,Yes under Community Eligibility Option (CEO),false
291869001026,Lindbergh Sr. High,Lindbergh Schools,St. Louis,2304,342,Yes participating without using any Provision or the CEO,false
292280001277,Linden West Elementary,North Kansas City 74,Gladstone,501,314,Yes participating without using any Provision or the CEO,false
292355001370,Line Creek Elem.,Park Hill,Kansas City,321,140,Yes participating without using any Provision or the CEO,false
290600000142,Linn Co. Elem.,Linn Co. R-I,Purdin,88,37,Yes participating without using any Provision or the CEO,false
290600000143,Linn Co. High,Linn Co. R-I,Purdin,83,36,Yes participating without using any Provision or the CEO,true
291908001030,Linn High,Osage Co. R-II,Linn,317,103,Yes participating without using any Provision or the CEO,false
291548003213,Little Blue Elementary,Independence 30,Independence,263,137,Yes participating without using any Provision or the CEO,false
292607003125,Little Blue Elementary,Raytown C-2,Kansas City,379,244,Yes participating without using any Provision or the CEO,false
291173003338,Little Stingers Preschool,Fair Play R-II,Fair Play,19,19,Yes under Community Eligibility Option (CEO),false
292952003323,Little Tiger Preschool,Stockton R-I,Stockton,37,18,Yes participating without using any Provision or the CEO,false
293084003412,Little Tigers Learning Center,Morgan Co. R-II,Versailles,66,50,Yes participating without using any Provision or the CEO,false
292676001599,Litzsinger,Specl. Sch. Dst. St. Louis Co.,Ladue,84,84,Yes under Community Eligibility Option (CEO),true
290879000265,Livingston Co. Elem.,Livingston Co. R-III,Chula,46,31,Yes participating without using any Provision or the CEO,true
291914001032,Lockwood Elem.,Lockwood R-I,Lockwood,142,85,Yes participating without using any Provision or the CEO,false
291914001033,Lockwood High,Lockwood R-I,Lockwood,102,34,Yes participating without using any Provision or the CEO,true
291914003283,Lockwood Middle School,Lockwood R-I,Lockwood,60,27,Yes participating without using any Provision or the CEO,true
290100000308,Locust St Expressive Arts Elem,Columbia 93,Columbia,283,129,Yes participating without using any Provision or the CEO,false
291917003128,Logan-Rogersville Elementary,Logan-Rogersville R-VIII,Rogersville,387,154,Yes participating without using any Provision or the CEO,false
291917001037,Logan-Rogersville High,Logan-Rogersville R-VIII,Rogersville,733,205,Yes participating without using any Provision or the CEO,false
291917002433,Logan-Rogersville Middle,Logan-Rogersville R-VIII,Rogersville,375,133,Yes participating without using any Provision or the CEO,false
291917002434,Logan-Rogersville Primary,Logan-Rogersville R-VIII,Rogersville,369,169,Yes participating without using any Provision or the CEO,false
291917002677,Logan-Rogersville Upper Elem.,Logan-Rogersville R-VIII,Rogersville,538,186,Yes participating without using any Provision or the CEO,false
291230002593,Lone Dell Elem.,Fox C-6,Arnold,381,147,Yes participating without using any Provision or the CEO,false
291923001039,Lone Jack Elem.,Lone Jack C-6,Lone Jack,333,42,Yes participating without using any Provision or the CEO,false
291923001040,Lone Jack High,Lone Jack C-6,Lone Jack,400,64,Yes participating without using any Provision or the CEO,false
291920001038,Lonedell Elem.,Lonedell R-14,Lonedell,327,166,Yes participating without using any Provision or the CEO,true
291869001022,Long Elem.,Lindbergh Schools,St Louis,545,39,Yes participating without using any Provision or the CEO,false
292928001960,Long Middle Community Ed. Ctr.,St. Louis City,St Louis,290,290,Yes under Community Eligibility Option (CEO),true
291830002867,Longview Farm Elem.,Lee's Summit R-VII,Lee's Summit,401,30,Yes participating without using any Provision or the CEO,false
291926001042,Louisiana Elem.,Louisiana R-II,Louisiana,343,212,Yes participating without using any Provision or the CEO,false
291926001043,Louisiana High,Louisiana R-II,Louisiana,187,114,Yes participating without using any Provision or the CEO,true
291926001041,Louisiana Middle,Louisiana R-II,Louisiana,151,99,Yes participating without using any Provision or the CEO,true
290531002549,Lucy Franklin Elem.,Blue Springs R-IV,Blue Springs,536,105,Yes participating without using any Provision or the CEO,false
292925001873,Lucy Wortham James Elem.,St. James R-I,St James,681,353,Yes participating without using any Provision or the CEO,false
291383000631,Lusher Elem.,Hazelwood,Florissant,371,371,Yes under Community Eligibility Option (CEO),false
292340001349,Lutie Elem.,Lutie R-VI,Theodosia,48,48,Yes under Community Eligibility Option (CEO),false
292340002565,Lutie High,Lutie R-VI,Theodosia,58,58,Yes under Community Eligibility Option (CEO),true
292928002403,Lyon at Blow Elem.,St. Louis City,St Louis,243,243,Yes under Community Eligibility Option (CEO),true
292622003173,Lyon Elementary,Republic R-III,Republic,430,186,Yes participating without using any Provision or the CEO,false
291640003082,M. L. King Elementary,Kansas City 33,Kansas City,768,768,Yes under Community Eligibility Option (CEO),false
291938001048,Macks Creek Elem.,Macks Creek R-V,Macks Creek,174,105,Yes under Community Eligibility Option (CEO),false
291938001049,Macks Creek High,Macks Creek R-V,Macks Creek,140,73,Yes under Community Eligibility Option (CEO),true
292188001220,Macon Co. Elem.,Macon Co. R-IV,New Cambria,47,25,Yes participating without using any Provision or the CEO,false
292188001221,Macon Co. High,Macon Co. R-IV,New Cambria,44,28,Yes participating without using any Provision or the CEO,true
291941001050,Macon Elementary,Macon Co. R-I,Macon,509,277,Yes participating without using any Provision or the CEO,false
291941001052,Macon Middle School,Macon Co. R-I,Macon,275,136,Yes participating without using any Provision or the CEO,true
291941001053,Macon Senior High,Macon Co. R-I,Macon,390,147,Yes participating without using any Provision or the CEO,false
293150002185,Madge T. James Kind. Ctr.,Webb City R-VII,Webb City,179,111,Yes participating without using any Provision or the CEO,false
291984001054,Madison Elem.,Madison C-3,Madison,96,50,Yes participating without using any Provision or the CEO,false
291984001055,Madison High,Madison C-3,Madison,81,39,Yes participating without using any Provision or the CEO,true
293045002574,Main Street Elem.,Troy R-III,Troy,423,238,Yes participating without using any Provision or the CEO,false
291989001058,Malden High,Malden R-I,Malden,383,383,Yes under Community Eligibility Option (CEO),true
291989001056,Malden Lower Elem.,Malden R-I,Malden,424,424,Yes under Community Eligibility Option (CEO),false
292928001967,Mallinckrodt A.b.i. Elem.,St. Louis City,St Louis,313,313,Yes under Community Eligibility Option (CEO),false
290612000150,Mallory Elem.,Dallas Co. R-I,Buffalo,599,380,Yes participating without using any Provision or the CEO,false
291992001059,Malta Bend Elementary School,Malta Bend R-V,Malta Bend,34,34,Yes under Community Eligibility Option (CEO),false
291992001060,Malta Bend High School,Malta Bend R-V,Malta Bend,33,33,Yes under Community Eligibility Option (CEO),true
291995001061,Manes R-V School District,Manes R-V,Mountain Grove,41,30,Yes participating without using any Provision or the CEO,true
292928001968,Mann Elem.,St. Louis City,St Louis,261,261,Yes under Community Eligibility Option (CEO),false
291854001009,Manor Hill Elem.,Liberty 53,Liberty,265,126,Yes participating without using any Provision or the CEO,false
291998001063,Mansfield High,Mansfield R-IV,Mansfield,174,91,Yes participating without using any Provision or the CEO,true
291998002560,Mansfield Jr. High,Mansfield R-IV,Mansfield,135,76,Yes participating without using any Provision or the CEO,true
290002203042,Mapaville School,Mo Schls for the Sev Disabled,Mapaville,37,16,Yes participating without using any Provision or the CEO,true
292841001753,Maple Elementary,Smithville R-II,Smithville,358,72,Yes participating without using any Provision or the CEO,false
292289001306,Maple Grove Elem.,Northwest R-I,Dittmer,425,219,Yes participating without using any Provision or the CEO,false
293102003185,Maple Grove Elementary,Warrensburg R-VI,Warrensburg,462,235,Yes participating without using any Provision or the CEO,false
292280001278,Maple Park Middle,North Kansas City 74,Kansas City,585,371,Yes participating without using any Provision or the CEO,true
290002203048,Maple Valley School,Mo Schls for the Sev Disabled,Kansas City,35,14,Yes participating without using any Provision or the CEO,false
291827000973,Maplecrest Elem.,Lebanon R-III,Lebanon,656,439,Yes participating without using any Provision or the CEO,false
292280001279,Maplewood Elementary,North Kansas City 74,Kansas City,330,207,Yes participating without using any Provision or the CEO,false
292001001067,Maplewood-Richmond Hgts. High,Maplewood-Richmond Heights,Maplewood,439,139,Yes participating without using any Provision or the CEO,true
292005001070,Marceline High,Marceline R-V,Marceline,343,128,Yes participating without using any Provision or the CEO,true
292067001114,Margaret Buerkle Middle,Mehlville R-IX,St Louis,549,285,Yes participating without using any Provision or the CEO,true
290000102547,Maries Co. Middle,Maries Co. R-II,Bland,193,94,Yes under Community Eligibility Option (CEO),true
292016001072,Marion C. Early Elem.,Marion C. Early R-V,Morrisville,283,130,Yes participating without using any Provision or the CEO,false
292016001073,Marion C. Early High,Marion C. Early R-V,Morrisville,150,52,Yes participating without using any Provision or the CEO,true
292016003187,Marion C. Early Junior High,Marion C. Early R-V,Morrisville,143,54,Yes participating without using any Provision or the CEO,true
292028001074,Marion Co. Elem.,Marion Co. R-II,Philadelphia,109,44,Yes participating without using any Provision or the CEO,false
292028001075,Marion Co. High,Marion Co. R-II,Philadelphia,98,42,Yes participating without using any Provision or the CEO,true
292664001570,Marion Elem.,Ritenour,St Louis,496,496,Yes under Community Eligibility Option (CEO),false
292031001076,Marionville Elem,Marionville R-IX,Marionville,370,222,Yes participating without using any Provision or the CEO,false
292031001077,Marionville High,Marionville R-IX,Marionville,208,98,Yes participating without using any Provision or the CEO,true
292031003139,Marionville Middle,Marionville R-IX,Marionville,157,75,Yes participating without using any Provision or the CEO,true
292706003432,Mark Twain Early Learning Cntr,St. Joseph,St. Joseph,232,110,Yes participating without using any Provision or the CEO,false
290588000132,Mark Twain Elem.,Brentwood,Brentwood,173,37,Yes participating without using any Provision or the CEO,false
290746000209,Mark Twain Elem.,Carthage R-IX,Carthage,164,95,Yes participating without using any Provision or the CEO,false
291365000592,Mark Twain Elem.,Hannibal 60,Hannibal,376,226,Yes participating without using any Provision or the CEO,false
292689001634,Mark Twain Elem.,Rolla 31,Rolla,440,223,Yes participating without using any Provision or the CEO,false
292034001078,Mark Twain Elem.,Mark Twain R-VIII,Rueter,62,43,Yes participating without using any Provision or the CEO,true
292886001805,Mark Twain Elem.,Springfield R-XII,Springfield,356,245,Yes participating without using any Provision or the CEO,false
293150002188,Mark Twain Elem.,Webb City R-VII,Webb City,186,106,Yes participating without using any Provision or the CEO,false
292571001034,Mark Twain Jr. High,Ralls Co. R-II,Center,194,58,Yes participating without using any Provision or the CEO,false
292571001510,Mark Twain Sr. High,Ralls Co. R-II,Center,251,72,Yes participating without using any Provision or the CEO,true
292037001079,Marquand Elem.,Marquand-Zion R-VI,Marquand,72,72,Yes under Community Eligibility Option (CEO),false
292037001080,Marquand-Zion High,Marquand-Zion R-VI,Marquand,56,11,Yes under Community Eligibility Option (CEO),true
292685000657,Marquette Sr. High,Rockwood R-VI,Chesterfield,2095,314,Yes participating without using any Provision or the CEO,false
292041001086,Marshall Sr. High,Marshall,Marshall,827,384,Yes participating without using any Provision or the CEO,false
292043003419,Marshfield Early Learning Cntr,Marshfield R-I,Marshfield,178,74,Yes participating without using any Provision or the CEO,false
292043001090,Marshfield High,Marshfield R-I,Marshfield,865,316,Yes participating without using any Provision or the CEO,true
292043001088,Marshfield Jr. High,Marshfield R-I,Marshfield,659,259,Yes participating without using any Provision or the CEO,true
293111002162,Marthasville Elementary,Washington,Marthasville,189,65,Yes participating without using any Provision or the CEO,false
291314000554,Martin City Elem.,Grandview C-4,Kansas City,638,329,Yes participating without using any Provision or the CEO,true
293102002513,Martin Warren Elem.,Warrensburg R-VI,Warrensburg,407,184,Yes participating without using any Provision or the CEO,false
292664001571,Marvin Elem.,Ritenour,St Louis,561,561,Yes under Community Eligibility Option (CEO),false
290100002770,Mary Paxton Keeley Elem.,Columbia 93,Columbia,619,211,Yes participating without using any Provision or the CEO,false
292049001095,Maryville High,Maryville R-II,Maryville,507,128,Yes participating without using any Provision or the CEO,false
292049001096,Maryville Middle,Maryville R-II,Maryville,401,151,Yes participating without using any Provision or the CEO,false
291830000979,Mason Elem.,Lee's Summit R-VII,Lee's Summit,512,79,Yes participating without using any Provision or the CEO,false
292928001930,Mason Elem.,St. Louis City,St Louis,393,393,Yes under Community Eligibility Option (CEO),false
292358001390,Mason Ridge Elem.,Parkway C-2,Town & Country,405,33,Yes participating without using any Provision or the CEO,false
292253001651,Mathews Elem.,Nixa Public Schools,Nixa,457,148,Yes participating without using any Provision or the CEO,false
291380000612,Mathis Elementary,Hayti R-II,Hayti,383,383,Yes under Community Eligibility Option (CEO),false
291308000547,Matthews Elem.,Grain Valley R-V,Grain Valley,422,158,Yes participating without using any Provision or the CEO,false
290000401486,Matthews Elementary,New Madrid Co. R-I,Matthews,139,139,Yes under Community Eligibility Option (CEO),false
292055001098,Maysville Elem.,Maysville R-I,Maysville,260,104,Yes participating without using any Provision or the CEO,false
292055001099,Maysville Jr.-Sr. High,Maysville R-I,Maysville,229,76,Yes participating without using any Provision or the CEO,false
292886002306,McBride Elem.,Springfield R-XII,Springfield,380,111,Yes participating without using any Provision or the CEO,false
291201000472,McCluer High,Ferguson-Florissant R-II,Florissant,1075,1075,Yes under Community Eligibility Option (CEO),true
291201000471,McCluer North High,Ferguson-Florissant R-II,Florissant,1059,1059,Yes under Community Eligibility Option (CEO),true
292622003171,McCulloch Elementary,Republic R-III,Republic,468,170,Yes participating without using any Provision or the CEO,false
291383000632,McCurdy Elem.,Hazelwood,Florissant,538,538,Yes under Community Eligibility Option (CEO),false
292061001104,McDonald County High,McDonald Co. R-I,Anderson,1075,704,Yes participating without using any Provision or the CEO,true
291376000604,McEowen Elem.,Harrisonville R-IX,Harrisonville,271,118,Yes participating without using any Provision or the CEO,false
290588000133,McGrath Elem.,Brentwood,Brentwood,236,27,Yes participating without using any Provision or the CEO,false
292886001806,McGregor Elem.,Springfield R-XII,Springfield,286,246,Yes participating without using any Provision or the CEO,false
291255000522,McIntire Elem.,Fulton 58,Fulton,321,188,Yes participating without using any Provision or the CEO,false
292358001391,McKelvey Intermediate,Parkway C-2,Maryland Heights,432,77,Yes participating without using any Provision or the CEO,false
292358003388,McKelvey Primary,Parkway C-2,St.louis,201,41,Yes participating without using any Provision or the CEO,false
292928002990,McKinley Class. Leadership Ac.,St. Louis City,St Louis,610,610,Yes under Community Eligibility Option (CEO),true
291635000783,McKinley Elem.,Joplin Schools,Joplin,324,266,Yes participating without using any Provision or the CEO,false
292081001134,McMillan Early Learning Center,Mexico 59,Mexico,319,319,Yes under Community Eligibility Option (CEO),false
291383000633,McNair Elem.,Hazelwood,Hazelwood,417,417,Yes under Community Eligibility Option (CEO),false
292310001323,McQuerry Elementary,Odessa R-VII,Odessa,497,185,Yes participating without using any Provision or the CEO,false
292364001407,Meadow Heights Elem.,Meadow Heights R-II,Patton,233,117,Yes participating without using any Provision or the CEO,false
292364001406,Meadow Heights High,Meadow Heights R-II,Patton,158,73,Yes participating without using any Provision or the CEO,true
292364003339,Meadow Heights Middle School,Meadow Heights R-II,Patton,98,50,Yes participating without using any Provision or the CEO,true
291830000980,Meadow Lane Elem.,Lee's Summit R-VII,Lee's Summit,435,262,Yes participating without using any Provision or the CEO,false
292280001280,Meadowbrook Elementary,North Kansas City 74,Gladstone,529,291,Yes participating without using any Provision or the CEO,false
291314000555,Meadowmere Elem.,Grandview C-4,Grandview,336,185,Yes participating without using any Provision or the CEO,false
292667001584,Meadows Elem.,Riverview Gardens,St Louis,321,215,Yes under Community Eligibility Option (CEO),false
292064001107,Meadville Elem.,Meadville R-IV,Meadville,114,36,Yes participating without using any Provision or the CEO,false
292064001108,Meadville High,Meadville R-IV,Meadville,101,25,Yes participating without using any Provision or the CEO,true
292067001115,Mehlville High School,Mehlville R-IX,St Louis,1388,594,Yes participating without using any Provision or the CEO,false
290972000273,Meramec Elem.,Clayton,Clayton,368,19,Yes participating without using any Provision or the CEO,false
292928001975,Meramec Elem.,St. Louis City,St Louis,171,171,Yes under Community Eligibility Option (CEO),false
291230000501,Meramec Heights Elem.,Fox C-6,Arnold,376,202,Yes participating without using any Provision or the CEO,false
292075001129,Mercer High,North Mercer Co. R-III,Mercer,58,36,Yes participating without using any Provision or the CEO,true
290291000007,Mesnier Primary Sch.,Affton 101,St Louis,741,240,Yes participating without using any Provision or the CEO,false
290000903153,Met Day Treatment Center,Division of Youth Service,Wellston,11,8,Yes participating without using any Provision or the CEO,true
292928001976,Metro High,St. Louis City,St Louis,317,317,Yes under Community Eligibility Option (CEO),true
292081001137,Mexico High,Mexico 59,Mexico,734,359,Yes participating without using any Provision or the CEO,true
292081001136,Mexico Middle,Mexico 59,Mexico,461,461,Yes under Community Eligibility Option (CEO),true
292082001138,Miami Elem.,Miami R-I,Amoret,103,39,Yes participating without using any Provision or the CEO,false
292084001140,Miami Elem.,Miami R-I,Miami,67,32,Yes participating without using any Provision or the CEO,true
292082001139,Miami High,Miami R-I,Amoret,80,27,Yes participating without using any Provision or the CEO,false
290837002038,Mid Rivers Elem.,Fort Zumwalt School District,St Peters,444,68,Yes participating without using any Provision or the CEO,false
291194000443,Mid-Buchanan Elem.,Mid-Buchanan Co. R-V,Faucett,476,113,Yes participating without using any Provision or the CEO,false
291194000445,Mid-Buchanan Sr. High,Mid-Buchanan Co. R-V,Faucett,415,74,Yes participating without using any Provision or the CEO,false
292088001141,Middle Grove Elem.,Middle Grove C-1,Madison,37,19,Yes participating without using any Provision or the CEO,true
292181001207,Middle Sch.,Neosho School District,Neosho,702,459,Yes participating without using any Provision or the CEO,false
290738000311,Middle School,Carrollton R-VII,Carrollton,272,115,Yes participating without using any Provision or the CEO,true
290061203365,Middle School,Citizens of the World Charter,Kansas City,144,66,Yes participating without using any Provision or the CEO,false
293180002223,Midway Elem.,Midway R-I,Cleveland,227,84,Yes participating without using any Provision or the CEO,false
290100001142,Midway Heights Elem.,Columbia 93,Columbia,251,68,Yes participating without using any Provision or the CEO,false
293180002224,Midway High,Midway R-I,Cleveland,201,68,Yes participating without using any Provision or the CEO,false
292094001144,Milan C-2 High School,Milan C-2,Milan,258,3,Yes under Community Eligibility Option (CEO),true
290100002546,Mill Creek Elem.,Columbia 93,Columbia,583,89,Yes participating without using any Provision or the CEO,false
291548000714,Mill Creek Elem.,Independence 30,Independence,250,193,Yes participating without using any Provision or the CEO,false
290462002724,Mill Creek Upper Elem.,Belton 124,Belton,435,269,Yes participating without using any Provision or the CEO,false
292928002767,Miller Career Academy,St. Louis City,St Louis,430,430,Yes under Community Eligibility Option (CEO),true
293051002091,Miller Co. Elem.,Miller Co. R-III,Tuscumbia,125,61,Yes participating without using any Provision or the CEO,true
292100001148,Miller High,Miller R-II,Miller,270,168,Yes participating without using any Provision or the CEO,true
292565002704,Mingo Puxico Technical High,Puxico R-VIII,Puxico,37,13,Yes participating without using any Provision or the CEO,false
292757001692,Minnie Cline Elem.,Savannah R-III,Savannah,603,230,Yes participating without using any Provision or the CEO,false
292103001150,Mirabile Elem.,Mirabile C-1,Polo,30,8,Yes participating without using any Provision or the CEO,false
290002203063,Mississippi Valley School,Mo Schls for the Sev Disabled,Hannibal,25,14,Yes participating without using any Provision or the CEO,true
292106001151,Missouri City Elem.,Missouri City 56,Missouri City,14,5,Yes participating without using any Provision or the CEO,false
291788003413,Missouri Digital Academy,Laquey R-V,Laquey,1377,351,Yes participating without using any Provision or the CEO,false
291317003411,Missouri Virtual Academy,Grandview R-II,Hillsboro,3895,1678,Yes participating without using any Provision or the CEO,false
290002103039,Mo School for the Blind - Elem,Mo School for the Blind,St Louis,8,,Yes participating without using any Provision or the CEO,false
290002103038,Mo School for the Blind - HS,Mo School for the Blind,St Louis,35,3,Yes participating without using any Provision or the CEO,false
292110002561,Moberly Middle,Moberly,Moberly,440,268,Yes participating without using any Provision or the CEO,true
292110001154,Moberly Sr. High,Moberly,Moberly,655,327,Yes participating without using any Provision or the CEO,true
292970003403,Moca-S,Sturgeon R-V,Springfield,2345,1307,Yes participating without using any Provision or the CEO,false
292886003406,Mocap Attendance Center,Springfield R-XII,Springfield,993,59,Yes participating without using any Provision or the CEO,false
292667002701,Moline Elem.,Riverview Gardens,St Louis,295,,Yes under Community Eligibility Option (CEO),false
290060503304,Momentum Acad Gravois Park,Momentum Academy,St. Louis,91,91,Yes under Community Eligibility Option (CEO),false
290060503299,Momentum Acad Tower Grove East,Momentum Academy,St. Louis,161,161,Yes under Community Eligibility Option (CEO),false
290060503224,Momentum Acad Tower Grve South,Momentum Academy,St. Louis,240,240,Yes under Community Eligibility Option (CEO),true
290060503272,Momentum Fox Park,Momentum Academy,St. Louis,107,107,Yes under Community Eligibility Option (CEO),false
292112003402,Monett Early Childhood Center,Monett R-I,Monett,276,185,Yes participating without using any Provision or the CEO,false
292112001160,Monett Elem.,Monett R-I,Monett,515,328,Yes participating without using any Provision or the CEO,false
292112001162,Monett High,Monett R-I,Monett,742,385,Yes participating without using any Provision or the CEO,true
292112001595,Monett Intermediate,Monett R-I,Monett,313,191,Yes participating without using any Provision or the CEO,false
292112000183,Monett Middle,Monett R-I,Monett,528,297,Yes participating without using any Provision or the CEO,true
292121001165,Monroe City Elem.,Monroe City R-I,Monroe City,331,176,Yes participating without using any Provision or the CEO,false
292121001799,Monroe City Middle,Monroe City R-I,Monroe City,178,90,Yes participating without using any Provision or the CEO,true
292121001167,Monroe City R-I High,Monroe City R-I,Monroe City,271,94,Yes participating without using any Provision or the CEO,false
292892001846,Monroe Elem.,St. Charles R-VI,St Charles,366,175,Yes participating without using any Provision or the CEO,false
292928002790,Monroe Elem.,St. Louis City,St Louis,181,181,Yes under Community Eligibility Option (CEO),false
292133001172,Montgomery City Elem.,Montgomery Co. R-II,Montgomery City,326,174,Yes participating without using any Provision or the CEO,false
292133001169,Montgomery Co. High,Montgomery Co. R-II,Montgomery City,336,129,Yes participating without using any Provision or the CEO,false
292133001171,Montgomery Co. Middle,Montgomery Co. R-II,Montgomery City,264,123,Yes participating without using any Provision or the CEO,true
292136001174,Montrose Elem.,Montrose R-Xiv,Montrose,17,14,Yes participating without using any Provision or the CEO,true
292136001175,Montrose High,Montrose R-Xiv,Montrose,45,20,Yes participating without using any Provision or the CEO,false
291619000751,Moreau Heights Elem.,Jefferson City,Jefferson City,324,209,Yes participating without using any Provision or the CEO,false
290531001706,Moreland Ridge Middle,Blue Springs R-IV,Blue Springs,813,252,Yes participating without using any Provision or the CEO,false
293084002129,Morgan Co. Elem.,Morgan Co. R-II,Versailles,522,322,Yes participating without using any Provision or the CEO,false
293084002131,Morgan Co. High,Morgan Co. R-II,Versailles,377,195,Yes participating without using any Provision or the CEO,true
293084002542,Morgan Co. Middle,Morgan Co. R-II,Versailles,298,161,Yes participating without using any Provision or the CEO,true
292961002047,Morgan Co. R-I Elem.,Morgan Co. R-I,Stover,383,383,Yes under Community Eligibility Option (CEO),false
292961002048,Morgan Co. R-I High,Morgan Co. R-I,Stover,239,239,Yes under Community Eligibility Option (CEO),true
292067003320,Mosaic Elementary,Mehlville R-IX,St. Louis,258,25,Yes participating without using any Provision or the CEO,false
292148001179,Mound City Elem.,Mound City R-II,Mound City,115,39,Yes participating without using any Provision or the CEO,false
292148001180,Mound City High,Mound City R-II,Mound City,84,26,Yes participating without using any Provision or the CEO,false
292148003112,Mound City Middle,Mound City R-II,Mound City,69,23,Yes participating without using any Provision or the CEO,true
290837000237,Mount Hope Elem.,Fort Zumwalt School District,O'Fallon,444,69,Yes participating without using any Provision or the CEO,false
292160001188,Mount Vernon Elem.,Mt. Vernon R-V,Mount Vernon,319,166,Yes participating without using any Provision or the CEO,false
292160001189,Mount Vernon High,Mt. Vernon R-V,Mount Vernon,474,207,Yes participating without using any Provision or the CEO,true
292160003088,Mount Vernon Intermediate,Mt. Vernon R-V,Mount Vernon,303,149,Yes participating without using any Provision or the CEO,false
292160001988,Mount Vernon Middle,Mt. Vernon R-V,Mount Vernon,345,153,Yes participating without using any Provision or the CEO,true
292151001181,Mountain Grove Elem.,Mountain Grove R-III,Mountain Grove,658,362,Yes participating without using any Provision or the CEO,false
292151001182,Mountain Grove High,Mountain Grove R-III,Mountain Grove,455,270,Yes participating without using any Provision or the CEO,true
292151002619,Mountain Grove Middle,Mountain Grove R-III,Mountain Grove,424,242,Yes participating without using any Provision or the CEO,true
292154001187,Mountain View Elem.,Mountain View-Birch Tree R-III,Mountain View,396,260,Yes participating without using any Provision or the CEO,false
292001001068,Mrh Early Childhood Center,Maplewood-Richmond Heights,Maplewood,451,100,Yes participating without using any Provision or the CEO,false
292001002860,Mrh Elementary,Maplewood-Richmond Heights,Richmond Heights,436,90,Yes participating without using any Provision or the CEO,false
292001001895,Mrh Middle,Maplewood-Richmond Heights,Maplewood,197,67,Yes participating without using any Provision or the CEO,false
290000902716,Mt. Vernon Treatment Ctr.,Division of Youth Service,Mt Vernon,26,23,Yes participating without using any Provision or the CEO,true
292928000798,Mullanphy Botanical Gardens,St. Louis City,St Louis,413,413,Yes under Community Eligibility Option (CEO),false
290100003239,Muriel Battle High School,Columbia 93,Columbia,1492,739,Yes participating without using any Provision or the CEO,true
292289001307,Murphy Elem.,Northwest R-I,High Ridge,433,209,Yes participating without using any Provision or the CEO,false
292928003276,Nahed Chapman New American Aca,St. Louis City,St. Louis,332,332,Yes under Community Eligibility Option (CEO),true
292280001281,Nashua Elementary,North Kansas City 74,Kansas City,485,113,Yes participating without using any Provision or the CEO,false
292172001197,Naylor Elem.,Naylor R-II,Naylor,205,130,Yes under Community Eligibility Option (CEO),false
292172001198,Naylor High School,Naylor R-II,Naylor,155,91,Yes under Community Eligibility Option (CEO),true
292175001202,Neelyville Elem.,Neelyville R-IV,Neelyville,188,129,Yes participating without using any Provision or the CEO,false
292175001200,Neelyville High,Neelyville R-IV,Neelyville,301,183,Yes participating without using any Provision or the CEO,true
290732000194,Nell Holcomb Elem.,Nell Holcomb R-IV,Cape Girardeau,249,92,Yes participating without using any Provision or the CEO,true
292181001209,Neosho High,Neosho School District,Neosho,1530,822,Yes participating without using any Provision or the CEO,true
292181001208,Neosho Jr. High,Neosho School District,Neosho,753,452,Yes participating without using any Provision or the CEO,true
292184001214,Nevada High,Nevada R-V,Nevada,754,356,Yes participating without using any Provision or the CEO,false
292184001216,Nevada Middle,Nevada R-V,Nevada,511,284,Yes participating without using any Provision or the CEO,true
292187501218,New Bloomfield Elem.,New Bloomfield R-III,New Bloomfield,403,154,Yes participating without using any Provision or the CEO,false
292187501219,New Bloomfield High,New Bloomfield R-III,New Bloomfield,309,117,Yes participating without using any Provision or the CEO,false
290002203068,New Dawn School,Mo Schls for the Sev Disabled,Sikeston,28,22,Yes participating without using any Provision or the CEO,true
290000901265,New Day - Day Treatment,Division of Youth Service,Hillsboro,22,19,Yes participating without using any Provision or the CEO,true
292194001222,New Franklin Elementary,New Franklin R-I,New Franklin,194,87,Yes participating without using any Provision or the CEO,false
292194001223,New Franklin Middle-High,New Franklin R-I,New Franklin,198,65,Yes participating without using any Provision or the CEO,true
290100002280,New Haven Elem.,Columbia 93,Columbia,248,151,Yes under Community Eligibility Option (CEO),false
292196001224,New Haven Elem.,New Haven,New Haven,252,123,Yes participating without using any Provision or the CEO,false
292196001225,New Haven High,New Haven,New Haven,130,39,Yes participating without using any Provision or the CEO,false
292196002732,New Haven Middle,New Haven,New Haven,65,33,Yes participating without using any Provision or the CEO,false
290000401484,New Madrid Elementary,New Madrid Co. R-I,New Madrid,250,250,Yes under Community Eligibility Option (CEO),false
292280001282,New Mark Middle,North Kansas City 74,Kansas City,965,225,Yes participating without using any Provision or the CEO,false
292607000945,New Trails Early Learning Ctr.,Raytown C-2,Raytown,101,56,Yes participating without using any Provision or the CEO,false
292211001227,New York Elem.,New York R-IV,Hamilton,24,6,Yes participating without using any Provision or the CEO,true
292214001228,Newburg Elem.,Newburg R-II,Newburg,157,114,Yes participating without using any Provision or the CEO,false
292214001229,Newburg High,Newburg R-II,Newburg,152,86,Yes participating without using any Provision or the CEO,true
292247001230,Newtown-Harris Elem.,Newtown-Harris R-III,Newtown,41,28,Yes participating without using any Provision or the CEO,false
292247001231,Newtown-Harris High,Newtown-Harris R-III,Newtown,36,23,Yes participating without using any Provision or the CEO,true
292250001232,Niangua Elem.,Niangua R-V,Niangua,155,99,Yes participating without using any Provision or the CEO,false
292250001233,Niangua High,Niangua R-V,Niangua,126,77,Yes participating without using any Provision or the CEO,true
292253000463,Nicholas A. Inman Intermediate,Nixa Public Schools,Nixa,397,125,Yes participating without using any Provision or the CEO,false
292346001354,Nike Elem.,Meramec Valley R-III,Catawissa,212,111,Yes participating without using any Provision or the CEO,false
291677000923,Nipher Middle,Kirkwood R-VII,Kirkwood,660,76,Yes participating without using any Provision or the CEO,false
292253000424,Nixa High,Nixa Public Schools,Nixa,2041,456,Yes participating without using any Provision or the CEO,false
292253000425,Nixa Junior High,Nixa Public Schools,Nixa,1033,253,Yes participating without using any Provision or the CEO,false
292265003444,Nms @ Lucas Crossing,Normandy Schools Collaborative,St Louis,620,617,Yes participating without using any Provision or the CEO,false
292256002816,Nodaway-Holt Elem.,Nodaway-Holt R-VII,Maitland,116,57,Yes participating without using any Provision or the CEO,false
292256001234,Nodaway-Holt MS/HS,Nodaway-Holt R-VII,Graham,89,49,Yes participating without using any Provision or the CEO,true
292061001101,Noel Elem.,McDonald Co. R-I,Noel,349,311,Yes participating without using any Provision or the CEO,true
292061003094,Noel Primary,McDonald Co. R-I,Southwest City,249,225,Yes participating without using any Provision or the CEO,false
292262001237,Norborne Elem.,Norborne R-VIII,Norborne,71,36,Yes participating without using any Provision or the CEO,false
292262001238,Norborne High,Norborne R-VIII,Norborne,80,31,Yes participating without using any Provision or the CEO,true
292607001521,Norfleet Elem.,Raytown C-2,Kansas City,329,200,Yes participating without using any Provision or the CEO,false
292265003269,Normandy Early Learning Center,Normandy Schools Collaborative,St. Louis,236,236,Yes under Community Eligibility Option (CEO),false
292265001248,Normandy High,Normandy Schools Collaborative,St Louis,688,688,Yes under Community Eligibility Option (CEO),true
292271001250,North Andrew Elem.,North Andrew Co. R-VI,Rosendale,125,26,Yes participating without using any Provision or the CEO,false
292271001251,North Andrew High,North Andrew Co. R-VI,Rosendale,86,19,Yes participating without using any Provision or the CEO,false
292271000006,North Andrew Middle,North Andrew Co. R-VI,Rosendale,62,14,Yes participating without using any Provision or the CEO,true
292274001254,North Callaway High,North Callaway Co. R-I,Kingdom City,347,127,Yes participating without using any Provision or the CEO,false
292274003375,North Callaway Middle School,North Callaway Co. R-I,Auxvasse,218,94,Yes participating without using any Provision or the CEO,false
290543000645,North Co. Middle,North St. Francois Co. R-I,Desloge,364,195,Yes participating without using any Provision or the CEO,true
290543000100,North Co. Sr. High,North St. Francois Co. R-I,Bonne Terre,785,348,Yes participating without using any Provision or the CEO,true
290543000096,North County Parkside Elem.,North St. Francois Co. R-I,Desloge,404,232,Yes participating without using any Provision or the CEO,false
290543000099,North County Primary,North St. Francois Co. R-I,Bonne Terre,673,379,Yes participating without using any Provision or the CEO,false
291563000740,North Daviess Elem.,North Daviess R-III,Jameson,29,29,Yes under Community Eligibility Option (CEO),false
291563000741,North Daviess High,North Daviess R-III,Jameson,26,26,Yes under Community Eligibility Option (CEO),true
291619000753,North Elem.,Jefferson City,Holts Summit,367,187,Yes participating without using any Provision or the CEO,false
291560000736,North Elem.,Jackson R-II,Jackson,249,101,Yes participating without using any Provision or the CEO,false
292343002727,North Elem.,Ozark R-VI,Ozark,514,190,Yes participating without using any Provision or the CEO,false
293107002153,North Elementary,Warsaw R-IX,Warsaw,326,326,Yes under Community Eligibility Option (CEO),false
291677000924,North Glendale Elem.,Kirkwood R-VII,Kirkwood,571,37,Yes participating without using any Provision or the CEO,false
292277001256,North Harrison Elem.,North Harrison R-III,Eagleville,111,43,Yes participating without using any Provision or the CEO,false
292277001257,North Harrison High,North Harrison R-III,Eagleville,106,57,Yes participating without using any Provision or the CEO,true
292358001393,North High,Parkway C-2,St Louis,990,297,Yes participating without using any Provision or the CEO,false
292280001284,North Kansas City High,North Kansas City 74,Kansas City,1719,905,Yes participating without using any Provision or the CEO,true
291677000925,North Kirkwood Middle,Kirkwood R-VII,Kirkwood,697,46,Yes participating without using any Provision or the CEO,false
292075001128,North Mercer Elem.,North Mercer Co. R-III,Mercer,84,60,Yes participating without using any Provision or the CEO,false
291383003004,North Middle,Hazelwood,Florissant,702,702,Yes under Community Eligibility Option (CEO),true
291635002430,North Middle,Joplin Schools,Joplin,549,400,Yes participating without using any Provision or the CEO,true
292169001196,North Nodaway Elem.,North Nodaway Co. R-VI,Pickering,86,44,Yes participating without using any Provision or the CEO,false
292169001194,North Nodaway Jr.-Sr. High,North Nodaway Co. R-VI,Hopkins,100,52,Yes participating without using any Provision or the CEO,false
292110001157,North Park Elem.,Moberly,Moberly,214,143,Yes participating without using any Provision or the CEO,false
292376001431,North Pemiscot Sr. High,North Pemiscot Co. R-I,Wardell,134,134,Yes under Community Eligibility Option (CEO),true
292283001295,North Platte Elem.,North Platte Co. R-I,Camden Point,105,29,Yes participating without using any Provision or the CEO,false
292283001297,North Platte High,North Platte Co. R-I,Dearborn,220,57,Yes participating without using any Provision or the CEO,false
292283002021,North Platte Intermediate,North Platte Co. R-I,Edgerton,108,35,Yes participating without using any Provision or the CEO,false
292283002016,North Platte Jr. High,North Platte Co. R-I,Dearborn,123,30,Yes participating without using any Provision or the CEO,false
293165003398,North Point High School,Wentzville R-IV,Wentzville,1433,170,Yes participating without using any Provision or the CEO,false
293165003415,North Point Middle School,Wentzville R-IV,Wentzville,1031,148,Yes participating without using any Provision or the CEO,false
292814001732,North Shelby Elem.,North Shelby,Shelbyville,167,43,Yes participating without using any Provision or the CEO,false
292814001731,North Shelby High,North Shelby,Shelbyville,129,39,Yes participating without using any Provision or the CEO,false
290058903142,North Side Community School,North Side Community School,Saint Louis,299,232,Yes under Community Eligibility Option (CEO),false
290058903344,North Side Community-Grand Ctr,North Side Community School,St.louis,134,109,Yes under Community Eligibility Option (CEO),true
292676001604,North Technical,Specl. Sch. Dst. St. Louis Co.,Florissant,833,204,Yes under Community Eligibility Option (CEO),true
291065000359,North Wood Elem.,North Wood R-IV,Salem,155,99,Yes participating without using any Provision or the CEO,true
292286002536,Northeast Elem.,Northeast Randolph Co. R-IV,Cairo,158,57,Yes participating without using any Provision or the CEO,false
292286001299,Northeast High,Northeast Randolph Co. R-IV,Cairo,164,42,Yes participating without using any Provision or the CEO,false
291640000860,Northeast High,Kansas City 33,Kansas City,732,732,Yes under Community Eligibility Option (CEO),true
292358001549,Northeast Middle,Parkway C-2,Creve Coeur,812,263,Yes participating without using any Provision or the CEO,false
291640003258,Northeast Middle School,Kansas City 33,Kansas City,607,607,Yes under Community Eligibility Option (CEO),true
292166001190,Northeast Nodaway Elementary,Northeast Nodaway Co. R-V,Ravenwood,117,36,Yes participating without using any Provision or the CEO,false
292166001191,Northeast Nodaway High,Northeast Nodaway Co. R-V,Ravenwood,81,27,Yes participating without using any Provision or the CEO,true
292760001694,Northeast Vernon Co. R-I Elem.,Northeast Vernon Co. R-I,Schell City,94,67,Yes participating without using any Provision or the CEO,false
292760001695,Northeast Vernon Co. R-I High,Northeast Vernon Co. R-I,Walker,92,71,Yes participating without using any Provision or the CEO,true
292280002730,Northgate Middle,North Kansas City 74,Kansas City,689,459,Yes participating without using any Provision or the CEO,true
292676002632,Northview,Specl. Sch. Dst. St. Louis Co.,Florissant,132,132,Yes under Community Eligibility Option (CEO),true
291629000768,Northview Elem.,Jennings,Jennings,540,540,Yes under Community Eligibility Option (CEO),false
292280002731,Northview Elementary,North Kansas City 74,Kansas City,656,84,Yes participating without using any Provision or the CEO,false
292041003445,Northwest 5th Grade Center,Marshall,Marshall,178,118,Yes participating without using any Provision or the CEO,false
291527000694,Northwest Elem.,Pettis Co. R-V,Houstonia,161,80,Yes participating without using any Provision or the CEO,false
292289001309,Northwest High,Northwest R-I,Cedar Hill,1788,666,Yes participating without using any Provision or the CEO,false
291527000695,Northwest High,Pettis Co. R-V,Hughesville,167,76,Yes participating without using any Provision or the CEO,true
291383000624,Northwest Middle,Hazelwood,Florissant,770,770,Yes under Community Eligibility Option (CEO),true
290000901270,Northwest Reg. Youth Ctr.,Division of Youth Service,Kansas City,20,17,Yes participating without using any Provision or the CEO,true
292289002378,Northwest Valley Sch.,Northwest R-I,House Springs,686,313,Yes participating without using any Provision or the CEO,true
292292001310,Northwestern Elem.,Northwestern R-I,Mendon,82,30,Yes participating without using any Provision or the CEO,false
292292001311,Northwestern High,Northwestern R-I,Mendon,54,23,Yes participating without using any Provision or the CEO,false
292295001312,Norwood Elem.,Norwood R-I,Norwood,126,71,Yes participating without using any Provision or the CEO,false
292295001313,Norwood High,Norwood R-I,Norwood,179,90,Yes participating without using any Provision or the CEO,true
292545001473,O'Neal Elem.,Poplar Bluff R-I,Poplar Bluff,344,344,Yes under Community Eligibility Option (CEO),false
292358002626,Oak Brook Elem.,Parkway C-2,Ballwin,401,40,Yes participating without using any Provision or the CEO,false
292706003255,Oak Grove Elem,St. Joseph,St. Joseph,502,165,Yes participating without using any Provision or the CEO,false
292301001316,Oak Grove Elem.,Oak Grove R-VI,Oak Grove,445,176,Yes participating without using any Provision or the CEO,false
292545001474,Oak Grove Elem.,Poplar Bluff R-I,Poplar Bluff,317,317,Yes under Community Eligibility Option (CEO),false
292301001317,Oak Grove High,Oak Grove R-VI,Oak Grove,604,162,Yes participating without using any Provision or the CEO,false
292301001318,Oak Grove Middle,Oak Grove R-VI,Oak Grove,301,95,Yes participating without using any Provision or the CEO,false
292301000141,Oak Grove Primary,Oak Grove R-VI,Oak Grove,503,200,Yes participating without using any Provision or the CEO,false
292304001319,Oak Hill Elem.,Oak Hill R-I,Salem,149,96,Yes participating without using any Provision or the CEO,true
292928001986,Oak Hill Elem.,St. Louis City,St Louis,256,256,Yes under Community Eligibility Option (CEO),false
292280001286,Oak Park High,North Kansas City 74,Kansas City,1755,714,Yes participating without using any Provision or the CEO,true
292307001320,Oak Ridge Elem.,Oak Ridge R-VI,Oak Ridge,182,62,Yes participating without using any Provision or the CEO,false
292307001321,Oak Ridge High,Oak Ridge R-VI,Oak Ridge,183,64,Yes participating without using any Provision or the CEO,true
290699002580,Oak Ridge Intermediate,Camdenton R-III,Camdenton,569,282,Yes participating without using any Provision or the CEO,false
290100001402,Oakland Middle School,Columbia 93,Columbia,589,365,Yes participating without using any Provision or the CEO,true
290002203062,Oakview School,Mo Schls for the Sev Disabled,Monett,22,8,Yes participating without using any Provision or the CEO,false
292067001116,Oakville Elem.,Mehlville R-IX,St Louis,375,77,Yes participating without using any Provision or the CEO,false
292067001117,Oakville Middle,Mehlville R-IX,St Louis,629,108,Yes participating without using any Provision or the CEO,false
292067001118,Oakville Sr. High,Mehlville R-IX,St Louis,1847,358,Yes participating without using any Provision or the CEO,false
291365000593,Oakwood Elem.,Hannibal 60,Hannibal,272,135,Yes participating without using any Provision or the CEO,false
292280001288,Oakwood Manor Elementary,North Kansas City 74,Gladstone,277,171,Yes participating without using any Provision or the CEO,false
292310001325,Odessa High,Odessa R-VII,Odessa,651,200,Yes participating without using any Provision or the CEO,false
292310001730,Odessa Middle,Odessa R-VII,Odessa,462,153,Yes participating without using any Provision or the CEO,true
292310001743,Odessa Upper Elementary,Odessa R-VII,Odessa,429,162,Yes participating without using any Provision or the CEO,false
291782000947,Old Bonhomme Elementary,Ladue,St Louis,379,44,Yes participating without using any Provision or the CEO,false
290057903037,Old North Academy,Confluence Academies,St. Louis,448,447,Yes under Community Eligibility Option (CEO),true
292313001326,Oran Elementary School,Oran R-III,Oran,139,71,Yes participating without using any Provision or the CEO,false
292313001327,Oran High School,Oran R-III,Oran,165,66,Yes participating without using any Provision or the CEO,false
291560000732,Orchard Drive Elem.,Jackson R-II,Jackson,404,210,Yes participating without using any Provision or the CEO,false
292316001329,Orchard Farm Elementary,Orchard Farm R-V,St. Charles,557,117,Yes participating without using any Provision or the CEO,false
292316001331,Orchard Farm High School,Orchard Farm R-V,St. Charles,698,120,Yes participating without using any Provision or the CEO,false
292316001330,Orchard Farm Middle School,Orchard Farm R-V,St Charles,362,80,Yes participating without using any Provision or the CEO,false
292745001682,Orearville Elem.,Orearville R-IV,Slater,59,27,Yes participating without using any Provision or the CEO,false
292322001335,Orrick Elem.,Orrick R-XI,Orrick,160,92,Yes participating without using any Provision or the CEO,false
292322001336,Orrick High,Orrick R-XI,Orrick,133,57,Yes participating without using any Provision or the CEO,false
290699000174,Osage Beach Elementary,Camdenton R-III,Osage Beach,219,89,Yes participating without using any Provision or the CEO,false
290849000249,Osage Co. Elem.,Osage Co. R-I,Chamois,62,62,Yes under Community Eligibility Option (CEO),false
291908001029,Osage Co. Elem.,Osage Co. R-II,Linn,280,119,Yes participating without using any Provision or the CEO,false
293183003348,Osage Co. R-III Preschool,Osage Co. R-III,Westphalia,56,3,Yes participating without using any Provision or the CEO,false
292763001697,Osage High,School of the Osage,Osage Beach,678,236,Yes participating without using any Provision or the CEO,true
292763001020,Osage Middle,School of the Osage,Osage Beach,479,189,Yes participating without using any Provision or the CEO,true
291229000494,Osage Trail Middle,Fort Osage R-I,Independence,675,327,Yes participating without using any Provision or the CEO,true
292763002479,Osage Upper Elem.,School of the Osage,Osage Beach,401,177,Yes participating without using any Provision or the CEO,false
292325001337,Osborn Elem.,Osborn R-O,Osborn,64,20,Yes participating without using any Provision or the CEO,false
292325001338,Osborn High,Osborn R-O,Osborn,63,11,Yes participating without using any Provision or the CEO,true
292327001339,Osceola Elem.,Osceola,Osceola,325,170,Yes participating without using any Provision or the CEO,false
292327001340,Osceola Jr.-Sr. High,Osceola,Osceola,238,129,Yes participating without using any Provision or the CEO,true
290837002843,Ostmann Elem.,Fort Zumwalt School District,O'Fallon,362,31,Yes participating without using any Provision or the CEO,false
291548000716,Ott Elem.,Independence 30,Independence,384,288,Yes participating without using any Provision or the CEO,false
292331001341,Otterville Elem.,Otterville R-VI,Otterville,115,43,Yes participating without using any Provision or the CEO,false
292331001342,Otterville High,Otterville R-VI,Otterville,102,33,Yes participating without using any Provision or the CEO,true
292334003008,Owensville Elem.,Gasconade Co. R-II,Owensville,539,261,Yes participating without using any Provision or the CEO,false
292334001347,Owensville High,Gasconade Co. R-II,Owensville,541,221,Yes participating without using any Provision or the CEO,true
292334001477,Owensville Middle,Gasconade Co. R-II,Owensville,408,211,Yes participating without using any Provision or the CEO,true
292343001351,Ozark High,Ozark R-VI,Ozark,1789,516,Yes participating without using any Provision or the CEO,false
290002203072,Ozark Hills School,Mo Schls for the Sev Disabled,Salem,5,,Yes participating without using any Provision or the CEO,true
290002203054,Ozark Horizon School,Mo Schls for the Sev Disabled,West Plains,17,11,Yes participating without using any Provision or the CEO,true
292343002438,Ozark Jr. High,Ozark R-VI,Ozark,943,334,Yes participating without using any Provision or the CEO,false
292343000470,Ozark Middle School,Ozark R-VI,Ozark,876,322,Yes participating without using any Provision or the CEO,false
292151002618,Ozark Regional Juvenile Det Ct,Mountain Grove R-III,Mountain Grove,6,,Yes participating without using any Provision or the CEO,false
292343003333,Ozark Tigerpaw Early Child Ctr,Ozark R-VI,Ozark,233,109,Yes participating without using any Provision or the CEO,false
292346001356,Pacific High,Meramec Valley R-III,Pacific,973,392,Yes participating without using any Provision or the CEO,false
292346001355,Pacific Intermediate,Meramec Valley R-III,Pacific,399,192,Yes participating without using any Provision or the CEO,false
292349001360,Palmyra Elem.,Palmyra R-I,Palmyra,452,167,Yes participating without using any Provision or the CEO,false
292349001362,Palmyra High,Palmyra R-I,Palmyra,331,121,Yes participating without using any Provision or the CEO,false
292349001361,Palmyra Middle,Palmyra R-I,Palmyra,343,98,Yes participating without using any Provision or the CEO,false
292353001363,Paris Elem.,Paris R-II,Paris,248,106,Yes participating without using any Provision or the CEO,false
292353001365,Paris High,Paris R-II,Paris,163,70,Yes participating without using any Provision or the CEO,false
292353002440,Paris Jr. High,Paris R-II,Paris,66,29,Yes participating without using any Provision or the CEO,true
292355001371,Park Hill High,Park Hill,Kansas City,1947,538,Yes participating without using any Provision or the CEO,false
292355002413,Park Hill South High,Park Hill,Riverside,1890,488,Yes participating without using any Provision or the CEO,false
290100000307,Parkade Elem.,Columbia 93,Columbia,359,208,Yes participating without using any Provision or the CEO,false
293144003414,Parker Educational Center,Waynesville R-VI,Waynesville,34,19,Yes participating without using any Provision or the CEO,false
291201000473,Parker Road Elementary,Ferguson-Florissant R-II,Florissant,401,230,Yes under Community Eligibility Option (CEO),false
290702000178,Parkview Elem.,Cameron R-I,Cameron,440,228,Yes participating without using any Provision or the CEO,false
292783002639,Parkview Elem.,Sedalia 200,Sedalia,447,295,Yes under Community Eligibility Option (CEO),false
292886001808,Parkview High,Springfield R-XII,Springfield,1182,699,Yes participating without using any Provision or the CEO,true
290002203050,Parkview School,Mo Schls for the Sev Disabled,Cape Girardeau,25,15,Yes participating without using any Provision or the CEO,true
292706001667,Parkway Elem.,St. Joseph,St Joseph,438,438,Yes under Community Eligibility Option (CEO),false
292370001416,Parkwood Elem.,Pattonville R-III,Maryland Heights,409,222,Yes participating without using any Provision or the CEO,false
293144002171,Partridge Elem.,Waynesville R-VI,Ft Leonard Wood,375,181,Yes participating without using any Provision or the CEO,false
291640000862,Paseo Acad. of Performing Arts,Kansas City 33,Kansas City,669,669,Yes under Community Eligibility Option (CEO),true
290402000032,Pate Early Childhood Ctr.,Aurora R-VIII,Aurora,474,314,Yes under Community Eligibility Option (CEO),false
292523003086,Pathfinder Elem.,Platte Co. R-III,Kansas City,409,167,Yes participating without using any Provision or the CEO,false
292367001409,Pattonsburg Elem.,Pattonsburg R-II,Pattonsburg,87,64,Yes participating without using any Provision or the CEO,false
292367001410,Pattonsburg High,Pattonsburg R-II,Pattonsburg,103,69,Yes participating without using any Provision or the CEO,true
292370000656,Pattonville Early Chol,Pattonville R-III,St Louis,205,58,Yes participating without using any Provision or the CEO,false
292370001417,Pattonville Heights Middle,Pattonville R-III,Maryland Heights,680,288,Yes participating without using any Provision or the CEO,true
292370001421,Pattonville Sr. High,Pattonville R-III,Maryland Heights,1945,834,Yes participating without using any Provision or the CEO,true
290531002835,Paul Kinder Middle School,Blue Springs R-IV,Blue Springs,919,357,Yes participating without using any Provision or the CEO,false
292928002454,Peabody Elem.,St. Louis City,St Louis,171,171,Yes under Community Eligibility Option (CEO),false
292373001426,Peculiar Elem.,Raymore-Peculiar R-II,Peculiar,402,119,Yes participating without using any Provision or the CEO,false
293165002903,Peine Ridge Elem.,Wentzville R-IV,Wentzville,548,117,Yes participating without using any Provision or the CEO,false
292379001436,Pemiscot Co. R-III Elem.,Pemiscot Co. R-III,Caruthersville,116,116,Yes under Community Eligibility Option (CEO),true
291359000580,Penney High,Hamilton R-II,Hamilton,186,74,Yes participating without using any Provision or the CEO,true
292453001845,Perry Co. Middle,Perry Co. 32,Perryville,439,241,Yes participating without using any Provision or the CEO,true
292453002386,Perryville Elem.,Perry Co. 32,Perryville,429,246,Yes participating without using any Provision or the CEO,false
292453003361,Perryville Primary Center,Perry Co. 32,Perryville,492,264,Yes participating without using any Provision or the CEO,false
292453002387,Perryville Sr. High,Perry Co. 32,Perryville,743,331,Yes participating without using any Provision or the CEO,true
292886001810,Pershing Elem.,Springfield R-XII,Springfield,142,76,Yes participating without using any Provision or the CEO,false
292706001668,Pershing Elem.,St. Joseph,St Joseph,285,285,Yes under Community Eligibility Option (CEO),false
293066002112,Pershing Elem.,University City,University City,286,286,Yes under Community Eligibility Option (CEO),false
292886001811,Pershing Middle,Springfield R-XII,Springfield,702,272,Yes participating without using any Provision or the CEO,false
292469001713,Pettis Co. Elem.,Pettis Co. R-XII,Sedalia,110,110,Yes under Community Eligibility Option (CEO),true
291425000641,Pevely Elem.,Dunklin R-V,Pevely,714,340,Yes participating without using any Provision or the CEO,false
290837002697,Pheasant Point Elem.,Fort Zumwalt School District,O'Fallon,428,61,Yes participating without using any Provision or the CEO,false
292508001439,Phelps Co. Elem.,Phelps Co. R-III,Edgar Springs,160,76,Yes participating without using any Provision or the CEO,true
291640000863,Phillis Wheatley Elementary,Kansas City 33,Kansas City,386,386,Yes under Community Eligibility Option (CEO),false
292706001669,Pickett Elem.,St. Joseph,St Joseph,250,250,Yes under Community Eligibility Option (CEO),false
292511001441,Pierce City High,Pierce City R-VI,Pierce City,205,58,Yes participating without using any Provision or the CEO,true
292511001987,Pierce City Middle,Pierce City R-VI,Pierce City,158,62,Yes participating without using any Provision or the CEO,true
292358001395,Pierremont Elem.,Parkway C-2,Manchester,474,60,Yes participating without using any Provision or the CEO,false
292517001447,Pilot Grove Elem.,Pilot Grove C-4,Pilot Grove,72,32,Yes participating without using any Provision or the CEO,false
292517001448,Pilot Grove High,Pilot Grove C-4,Pilot Grove,128,28,Yes participating without using any Provision or the CEO,false
292061001102,Pineville Elem.,McDonald Co. R-I,Noel,123,73,Yes participating without using any Provision or the CEO,true
292061003106,Pineville Primary,McDonald Co. R-I,Anderson,109,67,Yes participating without using any Provision or the CEO,false
291548002807,Pioneer Ridge Middle,Independence 30,Independence,731,471,Yes participating without using any Provision or the CEO,true
291619003137,Pioneer Trail Elementary,Jefferson City,Jefferson City,396,199,Yes participating without using any Provision or the CEO,false
292886001813,Pipkin Middle,Springfield R-XII,Springfield,359,294,Yes participating without using any Provision or the CEO,true
291640000864,Pitcher Elementary,Kansas City 33,Kansas City,252,252,Yes under Community Eligibility Option (CEO),false
292886001814,Pittman Elem.,Springfield R-XII,Springfield,235,143,Yes participating without using any Provision or the CEO,false
291104000377,Plainview Elem.,Plainview R-VIII,Ava,93,69,Yes participating without using any Provision or the CEO,true
292521001449,Plato Elem.,Plato R-V,Plato,218,98,Yes participating without using any Provision or the CEO,false
292521001450,Plato High,Plato R-V,Plato,305,149,Yes participating without using any Provision or the CEO,false
292523001455,Platte City Middle,Platte Co. R-III,Platte City,646,123,Yes participating without using any Provision or the CEO,false
292523001456,Platte County High,Platte Co. R-III,Platte City,1397,266,Yes participating without using any Provision or the CEO,false
292523003442,Platte Purchase Middle School,Platte Co. R-III,Kansas City,368,131,Yes participating without using any Provision or the CEO,false
291623000763,Plattin Primary,Jefferson Co. R-VII,Festus,203,61,Yes participating without using any Provision or the CEO,false
292529001458,Plattsburg High,Clinton Co. R-III,Plattsburg,200,75,Yes participating without using any Provision or the CEO,false
292355001369,Plaza Middle,Park Hill,Kansas City,673,233,Yes participating without using any Provision or the CEO,false
292533002803,Pleasant Hill Elem.,Pleasant Hill R-III,Pleasant Hill,306,65,Yes participating without using any Provision or the CEO,false
292533001461,Pleasant Hill High,Pleasant Hill R-III,Pleasant Hill,730,114,Yes participating without using any Provision or the CEO,false
292533002897,Pleasant Hill Intermediate,Pleasant Hill R-III,Pleasant Hill,320,73,Yes participating without using any Provision or the CEO,false
292533001459,Pleasant Hill Middle,Pleasant Hill R-III,Pleasant Hill,328,59,Yes participating without using any Provision or the CEO,false
292533001460,Pleasant Hill Primary,Pleasant Hill R-III,Pleasant Hill,396,94,Yes participating without using any Provision or the CEO,false
292535001462,Pleasant Hope Elem.,Pleasant Hope R-VI,Pleasant Hope,258,146,Yes participating without using any Provision or the CEO,false
292535001463,Pleasant Hope High,Pleasant Hope R-VI,Pleasant Hope,224,138,Yes participating without using any Provision or the CEO,true
292535002436,Pleasant Hope Middle,Pleasant Hope R-VI,Pleasant Hope,168,101,Yes participating without using any Provision or the CEO,true
291830000981,Pleasant Lea Elem.,Lee's Summit R-VII,Lee's Summit,346,134,Yes participating without using any Provision or the CEO,false
291830000982,Pleasant Lea Middle,Lee's Summit R-VII,Lee's Summit,905,262,Yes participating without using any Provision or the CEO,false
290746000210,Pleasant Valley Elem.,Carthage R-IX,Carthage,162,107,Yes participating without using any Provision or the CEO,false
292886001815,Pleasant View Elem.,Springfield R-XII,Springfield,189,118,Yes participating without using any Provision or the CEO,false
291344000571,Pleasant View Elem.,Pleasant View R-VI,Trenton,158,47,Yes participating without using any Provision or the CEO,false
292886002680,Pleasant View Middle,Springfield R-XII,Springfield,331,195,Yes participating without using any Provision or the CEO,true
292067001119,Point Elem.,Mehlville R-IX,St Louis,413,83,Yes participating without using any Provision or the CEO,false
292541001464,Polo Elem.,Polo R-VII,Polo,137,65,Yes participating without using any Provision or the CEO,false
292541001465,Polo High,Polo R-VII,Polo,127,46,Yes participating without using any Provision or the CEO,true
292541000227,Polo Middle,Polo R-VII,Polo,103,46,Yes participating without using any Provision or the CEO,true
292685001626,Pond Elem.,Rockwood R-VI,Wildwood,380,45,Yes participating without using any Provision or the CEO,false
292545002769,Poplar Bluff Early Childhood C,Poplar Bluff R-I,Poplar Bluff,295,295,Yes under Community Eligibility Option (CEO),false
292545001475,Poplar Bluff High,Poplar Bluff R-I,Poplar Bluff,1416,787,Yes participating without using any Provision or the CEO,true
292545001469,Poplar Bluff Jr. High,Poplar Bluff R-I,Poplar Bluff,735,468,Yes participating without using any Provision or the CEO,true
292545001472,Poplar Bluff Kindergarten Ctr.,Poplar Bluff R-I,Poplar Bluff,333,333,Yes under Community Eligibility Option (CEO),false
292545001947,Poplar Bluff Middle School,Poplar Bluff R-I,Poplar Bluff,932,681,Yes participating without using any Provision or the CEO,false
290000302459,Portageville Elem.,Portageville,Portageville,311,311,Yes under Community Eligibility Option (CEO),false
290000302458,Portageville High,Portageville,Portageville,360,224,Yes participating without using any Provision or the CEO,true
292550001493,Potosi Elem.,Potosi R-III,Potosi,683,683,Yes under Community Eligibility Option (CEO),false
292550001497,Potosi High,Potosi R-III,Potosi,673,673,Yes under Community Eligibility Option (CEO),true
291308002866,Prairie Branch Elem.,Grain Valley R-V,Grain Valley,567,87,Yes participating without using any Provision or the CEO,false
293057003377,Prairie Dell Elementary,Union R-XI,Union,495,259,Yes participating without using any Provision or the CEO,false
292553001499,Prairie Home Elem.,Prairie Home R-V,Prairie Home,63,33,Yes participating without using any Provision or the CEO,false
292553001500,Prairie Home High,Prairie Home R-V,Prairie Home,90,40,Yes participating without using any Provision or the CEO,true
292355002025,Prairie Point Elem.,Park Hill,Kansas City,437,144,Yes participating without using any Provision or the CEO,false
291830002291,Prairie View Elem.,Lee's Summit R-VII,Lee's Summit,604,232,Yes participating without using any Provision or the CEO,false
293165002870,Prairie View Elem.,Wentzville R-IV,O'Fallon,696,171,Yes participating without using any Provision or the CEO,false
290002203070,Prairie View School,Mo Schls for the Sev Disabled,Marshall,6,,Yes participating without using any Provision or the CEO,false
290057602831,Premier Charter School,Premier Charter School,St Louis,974,544,Yes participating without using any Provision or the CEO,true
292622003160,Price Elementary,Republic R-III,Republic,507,213,Yes participating without using any Provision or the CEO,false
291640002530,Primitivo Garcia Elementary,Kansas City 33,Kansas City,494,494,Yes under Community Eligibility Option (CEO),false
292559002299,Princeton R-V Elem.,Princeton R-V,Princeton,175,59,Yes participating without using any Provision or the CEO,false
292559002300,Princeton R-V Jr.-Sr. High,Princeton R-V,Princeton,151,43,Yes participating without using any Provision or the CEO,false
291548000718,Procter Elem.,Independence 30,Independence,221,189,Yes participating without using any Provision or the CEO,false
290837000238,Progress South Elem.,Fort Zumwalt School District,St Peters,642,138,Yes participating without using any Provision or the CEO,false
292562003401,Purdy Early Learning Center,Purdy R-II,Purdy,31,12,Yes participating without using any Provision or the CEO,false
292562001501,Purdy Elem.,Purdy R-II,Purdy,303,197,Yes participating without using any Provision or the CEO,false
292562001502,Purdy High,Purdy R-II,Purdy,267,170,Yes participating without using any Provision or the CEO,true
292564001505,Putnam Co. Elem.,Putnam Co. R-I,Unionville,296,144,Yes participating without using any Provision or the CEO,false
292564001503,Putnam Co. High,Putnam Co. R-I,Unionville,175,74,Yes participating without using any Provision or the CEO,false
292564001847,Putnam Co. Middle,Putnam Co. R-I,Unionville,134,66,Yes participating without using any Provision or the CEO,false
292565001507,Puxico Elem.,Puxico R-VIII,Puxico,308,178,Yes participating without using any Provision or the CEO,false
292565001508,Puxico High,Puxico R-VIII,Puxico,191,88,Yes participating without using any Provision or the CEO,true
292565002871,Puxico Jr. High,Puxico R-VIII,Puxico,176,93,Yes participating without using any Provision or the CEO,true
293052002094,Qulin Elementary,Twin Rivers R-X,Qulin,108,70,Yes under Community Eligibility Option (CEO),false
293052003337,Qulin Middle,Twin Rivers R-X,Qulin,129,74,Yes under Community Eligibility Option (CEO),true
291830003408,R-7 Online Academy,Lee's Summit R-VII,Lee?s Summit,65,3,Yes participating without using any Provision or the CEO,false
292667002539,R. G. Central Middle,Riverview Gardens,St Louis,578,369,Yes under Community Eligibility Option (CEO),true
292571001512,Ralls County Elementary,Ralls Co. R-II,Center,355,118,Yes participating without using any Provision or the CEO,false
290972000274,Ralph M. Captain Elem.,Clayton,Clayton,286,12,Yes participating without using any Provision or the CEO,false
291548000719,Randall Elem.,Independence 30,Independence,284,242,Yes participating without using any Provision or the CEO,false
292280001290,Ravenwood Elementary,North Kansas City 74,Kansas City,317,179,Yes participating without using any Provision or the CEO,false
291674000917,Ray Miller Elem.,Kirksville R-III,Kirksville,530,300,Yes participating without using any Provision or the CEO,false
291230003027,Raymond Nancy Hodge Elem.,Fox C-6,Imperial,333,110,Yes participating without using any Provision or the CEO,false
292604001514,Raymondville Elem.,Raymondville R-VII,Raymondville,122,122,Yes under Community Eligibility Option (CEO),true
292373001427,Raymore Elem.,Raymore-Peculiar R-II,Raymore,364,123,Yes participating without using any Provision or the CEO,false
292373000088,Raymore-Peculiar East Middle,Raymore-Peculiar R-II,Raymore,789,172,Yes participating without using any Provision or the CEO,false
292373003434,Raymore-Peculiar Ninth Gr Cntr,Raymore-Peculiar R-II,Raymore,512,110,Yes participating without using any Provision or the CEO,false
292373003312,Raymore-Peculiar South Middle,Raymore-Peculiar R-II,Peculiar,636,152,Yes participating without using any Provision or the CEO,false
292373001424,Raymore-Peculiar Sr. High,Raymore-Peculiar R-II,Peculiar,1540,277,Yes participating without using any Provision or the CEO,false
292607003085,Raytown Central Middle,Raytown C-2,Raytown,488,321,Yes participating without using any Provision or the CEO,true
292607001523,Raytown Middle,Raytown C-2,Kansas City,667,440,Yes participating without using any Provision or the CEO,true
292607001526,Raytown South Sr. High,Raytown C-2,Raytown,1089,659,Yes participating without using any Provision or the CEO,false
292607001525,Raytown Sr. High,Raytown C-2,Raytown,1280,716,Yes participating without using any Provision or the CEO,true
293105002416,Rebecca Boone Elem.,Warren Co. R-III,Warrenton,424,220,Yes participating without using any Provision or the CEO,false
290825000228,Red Bridge Elem.,Center 58,Kansas City,201,107,Yes participating without using any Provision or the CEO,false
291782000949,Reed Elementary,Ladue,St Louis,410,34,Yes participating without using any Provision or the CEO,false
292886001818,Reed Middle,Springfield R-XII,Springfield,561,413,Yes participating without using any Provision or the CEO,true
292616003034,Reeds Spring Elementary,Reeds Spring R-IV,Reeds Spring,352,240,Yes participating without using any Provision or the CEO,false
292616001536,Reeds Spring High,Reeds Spring R-IV,Reeds Spring,560,313,Yes participating without using any Provision or the CEO,true
292616002150,Reeds Spring Intermediate,Reeds Spring R-IV,Reeds Spring,254,153,Yes participating without using any Provision or the CEO,false
292616000786,Reeds Spring Middle,Reeds Spring R-IV,Reeds Spring,268,163,Yes participating without using any Provision or the CEO,true
292616001534,Reeds Spring Primary,Reeds Spring R-IV,Reeds Spring,284,203,Yes participating without using any Provision or the CEO,false
292619001537,Renick Elem.,Renick R-V,Renick,80,38,Yes participating without using any Provision or the CEO,true
292622001541,Republic High,Republic R-III,Republic,1530,539,Yes participating without using any Provision or the CEO,false
292622002302,Republic Middle,Republic R-III,Republic,1211,497,Yes participating without using any Provision or the CEO,false
292631001545,Rich Hill Elem.,Rich Hill R-IV,Rich Hill,192,81,Yes under Community Eligibility Option (CEO),false
292631001544,Rich Hill High,Rich Hill R-IV,Rich Hill,190,92,Yes participating without using any Provision or the CEO,true
291230001019,Richard Simpson Elem.,Fox C-6,Arnold,410,101,Yes participating without using any Provision or the CEO,false
292637001546,Richards Elem.,Richards R-V,West Plains,389,245,Yes participating without using any Provision or the CEO,true
291830000523,Richardson Elem.,Lee's Summit R-VII,Lee's Summit,405,92,Yes participating without using any Provision or the CEO,false
292640002443,Richland Elem.,Richland R-I,Essex,158,95,Yes participating without using any Provision or the CEO,false
292643001550,Richland Elem.,Richland R-IV,Richland,240,,Yes under Community Eligibility Option (CEO),false
292640001548,Richland High,Richland R-I,Essex,125,91,Yes participating without using any Provision or the CEO,true
292643001551,Richland High,Richland R-IV,Richland,218,116,Yes under Community Eligibility Option (CEO),true
292648001554,Richmond High,Richmond R-Xvi,Richmond,474,175,Yes participating without using any Provision or the CEO,false
292648002444,Richmond Middle,Richmond R-Xvi,Richmond,309,150,Yes participating without using any Provision or the CEO,true
293123002167,Richwoods Elem.,Richwoods R-VII,Richwoods,137,137,Yes under Community Eligibility Option (CEO),true
292685002507,Ridge Meadows Elem.,Rockwood R-VI,Ellisville,267,17,Yes participating without using any Provision or the CEO,false
293102002144,Ridge View Elem.,Warrensburg R-VI,Warrensburg,484,225,Yes participating without using any Provision or the CEO,false
291854001010,Ridgeview Elem.,Liberty 53,Liberty,331,142,Yes participating without using any Provision or the CEO,false
292649001558,Ridgeway Elem.,Ridgeway R-V,Ridgeway,38,31,Yes under Community Eligibility Option (CEO),false
292649001559,Ridgeway High,Ridgeway R-V,Ridgeway,31,27,Yes under Community Eligibility Option (CEO),true
291230000502,Ridgewood Middle,Fox C-6,Arnold,567,233,Yes participating without using any Provision or the CEO,false
292658001561,Ripley Co. Elem.,Ripley Co. R-IV,Doniphan,125,125,Yes under Community Eligibility Option (CEO),true
292655001560,Ripley Co. Elem.,Ripley Co. R-III,Gatewood,123,123,Yes under Community Eligibility Option (CEO),true
292661001563,Risco Elem.,Risco R-II,Risco,80,53,Yes participating without using any Provision or the CEO,false
292661001564,Risco High,Risco R-II,Risco,78,43,Yes participating without using any Provision or the CEO,true
292181003440,Rise Elementary,Neosho School District,Neosho,230,97,Yes participating without using any Provision or the CEO,false
292280003335,Rising Hill Elementary,North Kansas City 74,Kansas City,407,119,Yes participating without using any Provision or the CEO,false
292664003300,Ritenour Early Childhood Ctr,Ritenour,St Louis,149,149,Yes under Community Eligibility Option (CEO),false
292664001572,Ritenour Middle,Ritenour,St Louis,737,737,Yes under Community Eligibility Option (CEO),true
292664001573,Ritenour Sr. High,Ritenour,St Louis,2041,2041,Yes under Community Eligibility Option (CEO),true
292358001396,River Bend Elem.,Parkway C-2,Chesterfield,380,77,Yes participating without using any Provision or the CEO,false
292346002864,Riverbend Sch.,Meramec Valley R-III,Pacific,442,203,Yes participating without using any Provision or the CEO,true
290000902712,Riverbend Treatment Ctr.,Division of Youth Service,St Joseph,17,14,Yes participating without using any Provision or the CEO,true
292667001586,Riverview Gardens Sr. High,Riverview Gardens,St Louis,1246,664,Yes under Community Eligibility Option (CEO),true
292370002848,Robert Drummond Elem.,Pattonville R-III,St Ann,667,425,Yes participating without using any Provision or the CEO,false
291869001024,Robert H. Sperreng Middle,Lindbergh Schools,St Louis,941,166,Yes participating without using any Provision or the CEO,false
292346001357,Robertsville Elem.,Meramec Valley R-III,Robertsville,147,82,Yes participating without using any Provision or the CEO,false
292706001670,Robidoux Middle,St. Joseph,St Joseph,405,405,Yes under Community Eligibility Option (CEO),true
292607001528,Robinson Elem.,Raytown C-2,Raytown,315,174,Yes participating without using any Provision or the CEO,false
290402002981,Robinson School,Aurora R-VIII,Aurora,541,386,Yes participating without using any Provision or the CEO,false
291201000475,Robinwood Elementary,Ferguson-Florissant R-II,Florissant,321,320,Yes under Community Eligibility Option (CEO),false
290100000309,Rock Bridge Elem.,Columbia 93,Columbia,556,181,Yes participating without using any Provision or the CEO,false
290100000299,Rock Bridge Sr. High,Columbia 93,Columbia,1997,357,Yes participating without using any Provision or the CEO,false
290837001883,Rock Creek Elem.,Fort Zumwalt School District,O'Fallon,408,94,Yes participating without using any Provision or the CEO,false
292679001612,Rock Port Elem.,Rock Port R-II,Rock Port,174,64,Yes participating without using any Provision or the CEO,false
292679001613,Rock Port High,Rock Port R-II,Rock Port,193,55,Yes participating without using any Provision or the CEO,false
291230000503,Rockport Heights Elem.,Fox C-6,Arnold,386,128,Yes participating without using any Provision or the CEO,false
292685002849,Rockwood Ctr. Early Child. Ed.,Rockwood R-VI,Chesterfield,646,37,Yes participating without using any Provision or the CEO,false
292685000706,Rockwood South Middle,Rockwood R-VI,Fenton,817,165,Yes participating without using any Provision or the CEO,false
292685000665,Rockwood Summit Sr. High,Rockwood R-VI,Fenton,1194,204,Yes participating without using any Provision or the CEO,false
292685002688,Rockwood Valley Middle,Rockwood R-VI,Wildwood,643,45,Yes participating without using any Provision or the CEO,false
292061001103,Rocky Comfort Elem.,McDonald Co. R-I,Rocky Comfort,197,110,Yes participating without using any Provision or the CEO,true
292067002683,Rogers Elem.,Mehlville R-IX,St Louis,417,64,Yes participating without using any Provision or the CEO,false
291640002375,Rogers Elementary,Kansas City 33,Kansas City,592,592,Yes under Community Eligibility Option (CEO),false
290291002461,Rogers Middle,Affton 101,St Louis,555,246,Yes participating without using any Provision or the CEO,true
292689001633,Rolla Jr. High,Rolla 31,Rolla,577,242,Yes participating without using any Provision or the CEO,true
292689001635,Rolla Middle,Rolla 31,Rolla,857,404,Yes participating without using any Provision or the CEO,false
292689001636,Rolla Sr. High,Rolla 31,Rolla,1398,592,Yes participating without using any Provision or the CEO,false
290002203075,Rolling Meadow School,Mo Schls for the Sev Disabled,Higginsville,4,,Yes participating without using any Provision or the CEO,false
291191002847,Roosevelt Elem.,Farmington R-VII,Farmington,387,226,Yes participating without using any Provision or the CEO,false
292928001994,Roosevelt High,St. Louis City,St Louis,734,734,Yes under Community Eligibility Option (CEO),true
292694001637,Roscoe Elementary,Roscoe C-1,Osceola,41,28,Yes participating without using any Provision or the CEO,true
292370001420,Rose Acres Elem.,Pattonville R-III,Maryland Heights,388,141,Yes participating without using any Provision or the CEO,false
291629000767,Rose Johnson Jennings Jr. High,Jennings,Jennings,310,310,Yes under Community Eligibility Option (CEO),true
292358001398,Ross Elem.,Parkway C-2,St Louis,413,159,Yes participating without using any Provision or the CEO,false
292376001429,Ross Elem.,North Pemiscot Co. R-I,Wardell,114,114,Yes under Community Eligibility Option (CEO),false
292886001821,Rountree Elem.,Springfield R-XII,Springfield,210,109,Yes participating without using any Provision or the CEO,false
291635000788,Royal Heights Elem.,Joplin Schools,Joplin,277,195,Yes participating without using any Provision or the CEO,false
291638000796,Running Fox Elem.,Clark Co. R-I,Alexandria,94,45,Yes participating without using any Provision or the CEO,false
291059000356,Rushville Elem.,Buchanan Co. R-IV,Rushville,157,59,Yes participating without using any Provision or the CEO,false
291434003156,Ruskin High School,Hickman Mills C-1,Kansas City,1299,1299,Yes under Community Eligibility Option (CEO),true
290100000310,Russell Blvd. Elem.,Columbia 93,Columbia,500,87,Yes participating without using any Provision or the CEO,false
291383000634,Russell Elem.,Hazelwood,Hazelwood,373,,Yes under Community Eligibility Option (CEO),false
291560000737,Russell Hawkins Jr. High,Jackson R-II,Jackson,867,313,Yes participating without using any Provision or the CEO,false
292697001639,Russellville High,Cole Co. R-I,Russellville,285,63,Yes participating without using any Provision or the CEO,false
293036002079,S.m Rissler Elementary School,Trenton R-IX,Trenton,350,192,Yes participating without using any Provision or the CEO,false
292895001884,Saeger Middle,Francis Howell R-III,St Charles,750,92,Yes participating without using any Provision or the CEO,false
292709001677,Salem Middle School,Salem R-80,Salem,254,254,Yes under Community Eligibility Option (CEO),true
292709001678,Salem Sr. High,Salem R-80,Salem,606,326,Yes under Community Eligibility Option (CEO),true
292709001676,Salem Upper Elem.,Salem R-80,Salem,335,335,Yes under Community Eligibility Option (CEO),false
292752001683,Salisbury Elem.,Salisbury R-IV,Salisbury,231,113,Yes participating without using any Provision or the CEO,false
292752001685,Salisbury High,Salisbury R-IV,Salisbury,242,100,Yes participating without using any Provision or the CEO,true
290300000012,Santa Fe Elem.,Santa Fe R-X,Waverly,152,75,Yes participating without using any Provision or the CEO,false
291434000659,Santa Fe Elementary,Hickman Mills C-1,Kansas City,356,356,Yes under Community Eligibility Option (CEO),false
290300000013,Santa Fe High,Santa Fe R-X,Alma,154,62,Yes participating without using any Provision or the CEO,false
291548002374,Santa Fe Trail Elem.,Independence 30,Independence,364,276,Yes participating without using any Provision or the CEO,false
291869001025,Sappington Elem.,Lindbergh Schools,St Louis,504,90,Yes participating without using any Provision or the CEO,false
292754001686,Sarcoxie High,Sarcoxie R-II,Sarcoxie,387,243,Yes participating without using any Provision or the CEO,true
292757001693,Savannah High,Savannah R-III,Savannah,752,231,Yes participating without using any Provision or the CEO,false
292757001691,Savannah Middle,Savannah R-III,Savannah,488,177,Yes participating without using any Provision or the CEO,false
292622003175,Schofield Elementary,Republic R-III,Republic,457,186,Yes participating without using any Provision or the CEO,false
292766001698,Schuyler Co. Elem.,Schuyler Co. R-I,Queen City,330,215,Yes participating without using any Provision or the CEO,false
292766001702,Schuyler Co. High,Schuyler Co. R-I,Queen City,243,115,Yes participating without using any Provision or the CEO,true
292070001126,Scotland Co. Elem.,Scotland Co. R-I,Memphis,252,138,Yes participating without using any Provision or the CEO,false
292070001127,Scotland Co. High,Scotland Co. R-I,Memphis,253,111,Yes participating without using any Provision or the CEO,true
291545000704,Scott City Elem.,Scott City R-I,Scott City,282,192,Yes participating without using any Provision or the CEO,false
291545000705,Scott City High,Scott City R-I,Scott City,268,131,Yes participating without using any Provision or the CEO,true
291545002702,Scott City Middle,Scott City R-I,Scott City,223,133,Yes participating without using any Provision or the CEO,true
292142001176,Scott Co. Central Elem.,Scott Co. Central,Sikeston,194,194,Yes under Community Eligibility Option (CEO),false
292142001177,Scott Co. Central High,Scott Co. Central,Sikeston,108,108,Yes under Community Eligibility Option (CEO),true
290489000058,Scott Co. Elem.,Scott Co. R-IV,Benton,410,212,Yes participating without using any Provision or the CEO,false
290489002703,Scott Co. Middle,Scott Co. R-IV,Benton,195,104,Yes participating without using any Provision or the CEO,true
290001902754,Scuola Vita Nuova Charter,Scuola Vita Nuova,Kansas City,363,363,Yes under Community Eligibility Option (CEO),true
291230000504,Seckman Elem.,Fox C-6,Imperial,428,54,Yes participating without using any Provision or the CEO,false
291230000505,Seckman Middle,Fox C-6,Imperial,687,159,Yes participating without using any Provision or the CEO,false
291230001981,Seckman Sr. High,Fox C-6,Imperial,1737,379,Yes participating without using any Provision or the CEO,false
292783002304,Sedalia Middle School,Sedalia 200,Sedalia,396,252,Yes under Community Eligibility Option (CEO),false
292685000712,Selvidge Middle,Rockwood R-VI,Ballwin,583,93,Yes participating without using any Provision or the CEO,false
292787001715,Senath-Hornersville Elem Sch,Senath-Hornersville C-8,Senath,292,292,Yes under Community Eligibility Option (CEO),false
292787001716,Senath-Hornersville High Schoo,Senath-Hornersville C-8,Senath,205,205,Yes under Community Eligibility Option (CEO),true
292787001714,Senath-Hornersville Middle Sch,Senath-Hornersville C-8,Hornersville,211,211,Yes under Community Eligibility Option (CEO),true
292790003303,Seneca Early Childhood School,Seneca R-VII,Seneca,84,27,Yes participating without using any Provision or the CEO,false
292790001717,Seneca Elem.,Seneca R-VII,Seneca,417,223,Yes participating without using any Provision or the CEO,false
292790001719,Seneca High,Seneca R-VII,Seneca,450,206,Yes participating without using any Provision or the CEO,true
292790003164,Seneca Intermediate School,Seneca R-VII,Seneca,305,147,Yes participating without using any Provision or the CEO,false
292790002446,Seneca Junior High,Seneca R-VII,Seneca,231,117,Yes participating without using any Provision or the CEO,true
291425002399,Senn-Thomas Middle,Dunklin R-V,Herculaneum,347,155,Yes participating without using any Provision or the CEO,true
292886001822,Sequiota Elem.,Springfield R-XII,Springfield,319,111,Yes participating without using any Provision or the CEO,false
292793001720,Seymour Elem.,Seymour R-II,Seymour,310,190,Yes participating without using any Provision or the CEO,false
292793001721,Seymour High,Seymour R-II,Seymour,226,135,Yes participating without using any Provision or the CEO,true
292793001580,Seymour Middle,Seymour R-II,Seymour,160,104,Yes participating without using any Provision or the CEO,true
292886002905,Shady Dell Early Childhood Ctr,Springfield R-XII,Springfield,155,93,Yes participating without using any Provision or the CEO,false
290002203044,Shady Grove School,Mo Schls for the Sev Disabled,Poplar Bluff,39,36,Yes participating without using any Provision or the CEO,true
292928002404,Shaw Visual/Perf. Arts Ctr.,St. Louis City,St Louis,272,272,Yes under Community Eligibility Option (CEO),false
292808001723,Shawnee Elem.,Shawnee R-III,Chilhowee,50,18,Yes participating without using any Provision or the CEO,true
292817001733,Sheldon Elem.,Sheldon R-VIII,Sheldon,123,82,Yes under Community Eligibility Option (CEO),false
292817001734,Sheldon High,Sheldon R-VIII,Sheldon,89,48,Yes under Community Eligibility Option (CEO),true
292820001735,Shell Knob Elem.,Shell Knob 78,Shell Knob,158,77,Yes under Community Eligibility Option (CEO),true
292928001997,Shenandoah Elem.,St. Louis City,St Louis,145,145,Yes under Community Eligibility Option (CEO),false
292358001399,Shenandoah Valley Elem.,Parkway C-2,Chesterfield,387,32,Yes participating without using any Provision or the CEO,false
290100000312,Shepard Blvd. Elem.,Columbia 93,Columbia,538,348,Yes under Community Eligibility Option (CEO),false
291230000507,Sherwood Elem.,Fox C-6,Arnold,347,151,Yes participating without using any Provision or the CEO,false
291032000334,Sherwood Elem.,Sherwood Cass R-VIII,Creighton,336,156,Yes participating without using any Provision or the CEO,false
292886001824,Sherwood Elem.,Springfield R-XII,Springfield,396,233,Yes participating without using any Provision or the CEO,false
291032000335,Sherwood High,Sherwood Cass R-VIII,Creighton,221,76,Yes participating without using any Provision or the CEO,true
291032001610,Sherwood Middle,Sherwood Cass R-VIII,Creighton,176,75,Yes participating without using any Provision or the CEO,true
291854002804,Shoal Creek Elem.,Liberty 53,Kansas City,795,63,Yes participating without using any Provision or the CEO,false
292043002709,Shook Elem.,Marshfield R-I,Marshfield,468,220,Yes participating without using any Provision or the CEO,false
292373003316,Shull Early Learning Center,Raymore-Peculiar R-II,Peculiar,189,69,Yes participating without using any Provision or the CEO,false
290000901185,Sierra-Osage Treatment Ctr.,Division of Youth Service,Poplar Bluff,14,11,Yes participating without using any Provision or the CEO,true
292928002000,Sigel Elem. Comm. Ed. Ctr.,St. Louis City,St Louis,206,206,Yes under Community Eligibility Option (CEO),false
290000902711,Sikeston Hope Ctr.,Division of Youth Service,Sikeston,11,8,Yes participating without using any Provision or the CEO,true
292826001737,Sikeston Junior High School,Sikeston R-6,Sikeston,448,448,Yes under Community Eligibility Option (CEO),true
292826001738,Sikeston Kindergarten Ctr.,Sikeston R-6,Sikeston,403,403,Yes under Community Eligibility Option (CEO),false
292826001741,Sikeston Middle School,Sikeston R-6,Sikeston,493,493,Yes under Community Eligibility Option (CEO),false
292826001744,Sikeston Senior High School,Sikeston R-6,Sikeston,955,955,Yes under Community Eligibility Option (CEO),true
292829001747,Silex Elem.,Silex R-I,Silex,186,70,Yes participating without using any Provision or the CEO,false
292829001748,Silex High,Silex R-I,Silex,247,82,Yes participating without using any Provision or the CEO,false
292706001672,Skaith Elem.,St. Joseph,St Joseph,398,398,Yes under Community Eligibility Option (CEO),false
291101000376,Skyline Elem.,Skyline R-II,Norwood,88,71,Yes participating without using any Provision or the CEO,true
292783002640,Skyline Elem.,Sedalia 200,Sedalia,483,246,Yes under Community Eligibility Option (CEO),false
291432002371,Skyline Elem.,Hickory Co. R-I,Urbana,295,138,Yes participating without using any Provision or the CEO,false
291432002372,Skyline High,Hickory Co. R-I,Urbana,216,85,Yes participating without using any Provision or the CEO,true
291432002794,Skyline Middle,Hickory Co. R-I,Urbana,194,86,Yes participating without using any Provision or the CEO,true
290002203060,Skyview School,Mo Schls for the Sev Disabled,Mountain Grove,5,,Yes participating without using any Provision or the CEO,true
292836001750,Slater High,Slater,Slater,153,,Yes under Community Eligibility Option (CEO),false
292783003143,Smith Cotton Junior High Schl,Sedalia 200,Sedalia,1133,760,Yes participating without using any Provision or the CEO,true
292783001709,Smith-Cotton High School,Sedalia 200,Sedalia,1551,925,Yes participating without using any Provision or the CEO,true
292838001751,Smithton Elem.,Smithton R-VI,Smithton,288,138,Yes participating without using any Provision or the CEO,false
292838001752,Smithton High,Smithton R-VI,Smithton,217,81,Yes participating without using any Provision or the CEO,true
290100001408,Smithton Middle,Columbia 93,Columbia,605,177,Yes participating without using any Provision or the CEO,false
292841001754,Smithville High,Smithville R-II,Smithville,845,99,Yes participating without using any Provision or the CEO,false
292841000070,Smithville Middle,Smithville R-II,Smithville,371,48,Yes participating without using any Provision or the CEO,false
291308001965,Sni-A-Bar Elem.,Grain Valley R-V,Grain Valley,475,150,Yes participating without using any Provision or the CEO,false
291635000773,Soaring Heights Elem.,Joplin Schools,Joplin,395,266,Yes participating without using any Provision or the CEO,false
292928000790,Soldan International Studies,St. Louis City,St Louis,337,337,Yes under Community Eligibility Option (CEO),true
292358001400,Sorrento Springs Elem.,Parkway C-2,Ballwin,288,53,Yes participating without using any Provision or the CEO,false
292843003120,South Callaway Early Chd PK-02,South Callaway Co. R-II,Mokane,147,55,Yes participating without using any Provision or the CEO,false
292843001756,South Callaway Elem.,South Callaway Co. R-II,Mokane,188,69,Yes participating without using any Provision or the CEO,false
292843001757,South Callaway High,South Callaway Co. R-II,Mokane,237,80,Yes participating without using any Provision or the CEO,false
292843002401,South Callaway Middle,South Callaway Co. R-II,Mokane,187,62,Yes participating without using any Provision or the CEO,false
290057903079,South City,Confluence Academies,St. Louis,838,836,Yes under Community Eligibility Option (CEO),true
291134000403,South Elem.,Eldon R-I,Eldon,552,307,Yes participating without using any Provision or the CEO,false
291560002248,South Elem.,Jackson R-II,Jackson,433,204,Yes participating without using any Provision or the CEO,false
291619000755,South Elem.,Jefferson City,Jefferson City,302,302,Yes under Community Eligibility Option (CEO),false
291650000902,South Elem.,Kennett 39,Kennett,420,420,Yes under Community Eligibility Option (CEO),false
292181001210,South Elem.,Neosho School District,Neosho,285,193,Yes participating without using any Provision or the CEO,false
292343002439,South Elem.,Ozark R-VI,Ozark,505,222,Yes participating without using any Provision or the CEO,false
293107002154,South Elementary,Warsaw R-IX,Edwards,258,258,Yes under Community Eligibility Option (CEO),false
293168002217,South Fork Elem.,West Plains R-VII,West Plains,196,115,Yes participating without using any Provision or the CEO,false
290000201641,South Harrison Elem.,South Harrison Co. R-II,Bethany,269,142,Yes under Community Eligibility Option (CEO),false
290000201642,South Harrison High,South Harrison Co. R-II,Bethany,243,99,Yes under Community Eligibility Option (CEO),true
290000203297,South Harrison Middle,South Harrison Co. R-II,Bethany,229,116,Yes under Community Eligibility Option (CEO),true
292358001394,South High,Parkway C-2,Manchester,1485,296,Yes participating without using any Provision or the CEO,true
292319001333,South Holt Elem.,South Holt Co. R-I,Oregon,121,39,Yes participating without using any Provision or the CEO,false
292319001334,South Holt High,South Holt Co. R-I,Oregon,119,25,Yes participating without using any Provision or the CEO,false
292847001758,South Iron Elem.,South Iron Co. R-I,Annapolis,139,106,Yes participating without using any Provision or the CEO,false
292847001759,South Iron High,South Iron Co. R-I,Annapolis,145,107,Yes participating without using any Provision or the CEO,true
291635002429,South Middle,Joplin Schools,Joplin,596,341,Yes participating without using any Provision or the CEO,true
292358001553,South Middle,Parkway C-2,Manchester,542,88,Yes participating without using any Provision or the CEO,false
292607001524,South Middle,Raytown C-2,Raytown,510,351,Yes participating without using any Provision or the CEO,true
292850001760,South Nodaway Elem.,South Nodaway Co. R-IV,Barnard,94,38,Yes participating without using any Provision or the CEO,false
292850001761,South Nodaway High,South Nodaway Co. R-IV,Barnard,71,29,Yes participating without using any Provision or the CEO,false
292110001158,South Park Elem.,Moberly,Moberly,229,157,Yes participating without using any Provision or the CEO,false
292853001764,South Pemiscot High,South Pemiscot Co. R-V,Steele,263,263,Yes under Community Eligibility Option (CEO),true
293111002164,South Point Elementary,Washington,Washington,425,148,Yes participating without using any Provision or the CEO,false
292811001726,South Shelby Elementary,Shelby Co. R-IV,Shelbina,282,166,Yes participating without using any Provision or the CEO,false
292811001728,South Shelby High,Shelby Co. R-IV,Shelbina,227,113,Yes participating without using any Provision or the CEO,true
292811003130,South Shelby Middle School,Shelby Co. R-IV,Shelbina,126,67,Yes participating without using any Provision or the CEO,true
292676001607,South Technical,Specl. Sch. Dst. St. Louis Co.,Sunset Hills,885,40,Yes participating without using any Provision or the CEO,false
291854002800,South Valley Middle,Liberty 53,Liberty,809,159,Yes participating without using any Provision or the CEO,false
292355001372,Southeast Elem.,Park Hill,Kansas City,548,174,Yes participating without using any Provision or the CEO,false
292826001742,Southeast Elem.,Sikeston R-6,Sikeston,250,250,Yes under Community Eligibility Option (CEO),false
291640003097,Southeast High School,Kansas City 33,Kansas City,498,498,Yes under Community Eligibility Option (CEO),true
291383003005,Southeast Middle,Hazelwood,St Louis,491,491,Yes under Community Eligibility Option (CEO),true
292856001765,Southern Boone Elem.,Southern Boone Co. R-I,Ashland,282,39,Yes participating without using any Provision or the CEO,false
292856001766,Southern Boone High,Southern Boone Co. R-I,Ashland,570,104,Yes participating without using any Provision or the CEO,false
292856001596,Southern Boone Middle,Southern Boone Co. R-I,Ashland,648,123,Yes participating without using any Provision or the CEO,false
292856002802,Southern Boone Primary,Southern Boone Co. R-I,Ashland,471,80,Yes participating without using any Provision or the CEO,false
292862001769,Southland Elem.,Southland C-9,Cardwell,150,150,Yes under Community Eligibility Option (CEO),false
292862001770,Southland High,Southland C-9,Cardwell,112,112,Yes under Community Eligibility Option (CEO),true
292676001608,Southview,Specl. Sch. Dst. St. Louis Co.,Crestwood,71,26,Yes participating without using any Provision or the CEO,true
291645001434,Southview Elem.,Kearney R-I,Kearney,455,76,Yes participating without using any Provision or the CEO,false
292676003168,Southview High,Specl. Sch. Dst. St. Louis Co.,Crestwood,66,15,Yes participating without using any Provision or the CEO,false
292061001105,Southwest City Elem.,McDonald Co. R-I,Southwest City,350,285,Yes participating without using any Provision or the CEO,true
291619003121,Southwest Early Childhood Ctr,Jefferson City,Jefferson City,305,167,Yes participating without using any Provision or the CEO,false
291077000364,Southwest Elem.,Dexter R-XI,Dexter,441,266,Yes participating without using any Provision or the CEO,false
291822000964,Southwest Elem.,Lawson R-Xiv,Lawson,439,120,Yes participating without using any Provision or the CEO,false
292871001773,Southwest Elem.,Southwest R-V,Washburn,349,255,Yes participating without using any Provision or the CEO,false
291077003390,Southwest Elementary Preschool,Dexter R-XI,Dexter,92,56,Yes participating without using any Provision or the CEO,false
292871001774,Southwest High,Southwest R-V,Washburn,236,142,Yes participating without using any Provision or the CEO,true
292868001771,Southwest Livingston Co R-1 El,Southwest Livingston Co. R-I,Ludlow,90,54,Yes participating without using any Provision or the CEO,false
292868001772,Southwest Livingston Co R-1 HS,Southwest Livingston Co. R-I,Ludlow,89,55,Yes participating without using any Provision or the CEO,true
292358001540,Southwest Middle,Parkway C-2,Ballwin,803,133,Yes participating without using any Provision or the CEO,false
292871002801,Southwest Middle,Southwest R-V,Washburn,186,123,Yes participating without using any Provision or the CEO,true
292607001530,Southwood Elem.,Raytown C-2,Raytown,346,212,Yes participating without using any Provision or the CEO,false
292041003389,Spainhower Primary School,Marshall,Marshall,455,301,Yes participating without using any Provision or the CEO,false
292874001775,Sparta Elem.,Sparta R-III,Sparta,263,147,Yes participating without using any Provision or the CEO,false
292874001776,Sparta High,Sparta R-III,Sparta,227,97,Yes participating without using any Provision or the CEO,true
292874001430,Sparta Middle,Sparta R-III,Sparta,187,85,Yes participating without using any Provision or the CEO,true
292874003260,Sparta PK,Sparta R-III,Sparta,57,32,Yes participating without using any Provision or the CEO,false
290002203053,Special Acres School,Mo Schls for the Sev Disabled,Park Hills,22,12,Yes participating without using any Provision or the CEO,true
292877001777,Spickard Elem.,Spickard R-II,Spickard,21,17,Yes under Community Eligibility Option (CEO),true
291782000950,Spoede Elementary,Ladue,St Louis,376,52,Yes participating without using any Provision or the CEO,false
292880001779,Spokane High,Spokane R-VII,Spokane,203,72,Yes participating without using any Provision or the CEO,false
292880000008,Spokane Middle,Spokane R-VII,Spokane,160,67,Yes participating without using any Provision or the CEO,true
291245000509,Spring Bluff Elem.,Spring Bluff R-Xv,Sullivan,217,22,Yes participating without using any Provision or the CEO,true
291548000720,Spring Branch Elem.,Independence 30,Independence,278,196,Yes participating without using any Provision or the CEO,false
292706001673,Spring Garden Middle,St. Joseph,St Joseph,404,404,Yes under Community Eligibility Option (CEO),true
292607001531,Spring Valley Elem.,Raytown C-2,Raytown,353,260,Yes participating without using any Provision or the CEO,false
290058603124,St Louis Lang Immersion School,St. Louis Lang Immersion Sch,St Louis,493,246,Yes under Community Eligibility Option (CEO),true
292892001848,St. Charles High,St. Charles R-VI,St Charles,782,301,Yes participating without using any Provision or the CEO,false
292892001851,St. Charles West High,St. Charles R-VI,St Charles,645,175,Yes participating without using any Provision or the CEO,false
292910001865,St. Clair Elem.,St. Clair R-XIII,St Clair,441,249,Yes participating without using any Provision or the CEO,false
292910001864,St. Clair High,St. Clair R-XIII,St Clair,627,293,Yes participating without using any Provision or the CEO,true
292910001863,St. Clair Jr. High,St. Clair R-XIII,St Clair,451,225,Yes participating without using any Provision or the CEO,true
292913001866,St. Elizabeth Elem.,St. Elizabeth R-IV,St Elizabeth,143,28,Yes participating without using any Provision or the CEO,false
292913001867,St. Elizabeth High,St. Elizabeth R-IV,St Elizabeth,139,18,Yes participating without using any Provision or the CEO,false
292925001872,St. James High,St. James R-I,St James,509,259,Yes participating without using any Provision or the CEO,true
292925002840,St. James Middle,St. James R-I,St James,369,191,Yes participating without using any Provision or the CEO,true
292928002005,St. Louis Children's Hospital,St. Louis City,St Louis,0,,No,true
293249203448,St. Louis Voices Academy,St. Louis Voices Academy,St. Louis,135,132,Yes participating without using any Provision or the CEO,false
290837000241,St. Peters Elem.,Fort Zumwalt School District,St Peters,384,140,Yes participating without using any Provision or the CEO,false
292892003334,St.charles Early Childhood Ctr,St. Charles R-VI,St.charles,238,93,Yes participating without using any Provision or the CEO,false
292280003083,Staley High,North Kansas City 74,Kansas City,2091,404,Yes participating without using any Provision or the CEO,false
292934002029,Stanberry Elem.,Stanberry R-II,Stanberry,222,56,Yes participating without using any Provision or the CEO,false
292934002030,Stanberry High,Stanberry R-II,Stanberry,153,46,Yes participating without using any Provision or the CEO,false
292685001627,Stanton Elem.,Rockwood R-VI,Fenton,303,32,Yes participating without using any Provision or the CEO,false
291635000791,Stapleton Elem.,Joplin Schools,Joplin,400,215,Yes participating without using any Provision or the CEO,false
290002003023,Stark Elem.,Mo School for the Deaf,Fulton,19,7,Yes participating without using any Provision or the CEO,false
292937002034,Ste. Genevieve Elem.,Ste. Genevieve Co. R-II,Ste Genevieve,624,281,Yes participating without using any Provision or the CEO,false
292937002032,Ste. Genevieve Middle,Ste. Genevieve Co. R-II,Ste Genevieve,412,181,Yes participating without using any Provision or the CEO,true
292937002033,Ste. Genevieve Sr. High,Ste. Genevieve Co. R-II,Ste Genevieve,566,224,Yes participating without using any Provision or the CEO,true
290746001980,Steadley Elem.,Carthage R-IX,Carthage,346,191,Yes participating without using any Provision or the CEO,false
291201002691,STEAM Academy at Msb High Scho,Ferguson-Florissant R-II,Ferguson,434,434,Yes under Community Eligibility Option (CEO),true
291201003372,STEAM Academy Middle School,Ferguson-Florissant R-II,Hazelwood,245,245,Yes under Community Eligibility Option (CEO),false
292943002036,Steelville Elem.,Steelville R-III,Steelville,346,204,Yes participating without using any Provision or the CEO,false
292943002037,Steelville High,Steelville R-III,Steelville,278,150,Yes participating without using any Provision or the CEO,true
292943002482,Steelville Middle,Steelville R-III,Steelville,284,167,Yes participating without using any Provision or the CEO,true
293102001729,Sterling Elem.,Warrensburg R-VI,Warrensburg,399,156,Yes participating without using any Provision or the CEO,false
292949002041,Stewartsville Elem.,Stewartsville C-2,Stewartsville,152,36,Yes participating without using any Provision or the CEO,false
292949002042,Stewartsville High,Stewartsville C-2,Stewartsville,94,27,Yes participating without using any Provision or the CEO,false
292928001590,Stix Early Childhood Ctr.,St. Louis City,St Louis,472,472,Yes under Community Eligibility Option (CEO),false
292952002043,Stockton Elem.,Stockton R-I,Stockton,327,171,Yes participating without using any Provision or the CEO,false
292952002044,Stockton High,Stockton R-I,Stockton,289,127,Yes participating without using any Provision or the CEO,true
292952000089,Stockton Middle,Stockton R-I,Stockton,276,145,Yes participating without using any Provision or the CEO,true
293165003309,Stone Creek Elementary,Wentzville R-IV,Wentzville,543,138,Yes participating without using any Provision or the CEO,false
292373002723,Stonegate Elem.,Raymore-Peculiar R-II,Raymore,330,109,Yes participating without using any Provision or the CEO,false
291308002976,Stony Point Elem.,Grain Valley R-V,Grain Valley,474,122,Yes participating without using any Provision or the CEO,false
292958002045,Stoutland Elementary,Stoutland R-II,Stoutland,235,148,Yes participating without using any Provision or the CEO,false
292958002046,Stoutland High,Stoutland R-II,Stoutland,158,87,Yes participating without using any Provision or the CEO,true
292964002049,Strafford Elem.,Strafford R-VI,Strafford,380,166,Yes participating without using any Provision or the CEO,false
292964002050,Strafford High,Strafford R-VI,Strafford,437,169,Yes participating without using any Provision or the CEO,false
292964001479,Strafford Middle,Strafford R-VI,Strafford,411,161,Yes participating without using any Provision or the CEO,true
291248000510,Strain-Japan Elem.,Strain-Japan R-Xvi,Sullivan,87,41,Yes participating without using any Provision or the CEO,true
292967002051,Strasburg Elem.,Strasburg C-3,Strasburg,111,25,Yes participating without using any Provision or the CEO,false
292970002052,Sturgeon Elementary,Sturgeon R-V,Sturgeon,221,79,Yes participating without using any Provision or the CEO,false
292970002053,Sturgeon High,Sturgeon R-V,Sturgeon,128,41,Yes participating without using any Provision or the CEO,false
292970001392,Sturgeon Middle,Sturgeon R-V,Sturgeon,79,26,Yes participating without using any Provision or the CEO,true
292973002054,Success Elem.,Success R-VI,Success,111,109,Yes under Community Eligibility Option (CEO),true
291548003098,Sugar Creek Elem.,Independence 30,Sugar Creek,134,114,Yes participating without using any Provision or the CEO,false
292976002055,Sullivan Elem.,Sullivan,Sullivan,386,211,Yes participating without using any Provision or the CEO,false
292976002056,Sullivan Middle,Sullivan,Sullivan,434,209,Yes participating without using any Provision or the CEO,true
292976002805,Sullivan Primary,Sullivan,Sullivan,453,244,Yes participating without using any Provision or the CEO,false
292976002057,Sullivan Sr. High,Sullivan,Sullivan,668,263,Yes participating without using any Provision or the CEO,true
292981002058,Summersville Elem.,Summersville R-II,Summersville,203,118,Yes participating without using any Provision or the CEO,false
292981002059,Summersville High,Summersville R-II,Summersville,215,114,Yes participating without using any Provision or the CEO,true
292253002799,Summit Intermediate School,Nixa Public Schools,Nixa,507,156,Yes participating without using any Provision or the CEO,false
291830002806,Summit Lakes Middle,Lee's Summit R-VII,Lee's Summit,1005,150,Yes participating without using any Provision or the CEO,false
291830003010,Summit Pointe Elem.,Lee's Summit R-VII,Kansas City,534,64,Yes participating without using any Provision or the CEO,false
292928002009,Sumner High,St. Louis City,St Louis,407,407,Yes under Community Eligibility Option (CEO),true
290531002737,Sunny Pointe Elem.,Blue Springs R-IV,Blue Springs,506,180,Yes participating without using any Provision or the CEO,false
292982002060,Sunrise Elem.,Sunrise R-IX,Desoto,318,134,Yes participating without using any Provision or the CEO,true
292648001878,Sunrise Elem.,Richmond R-Xvi,Richmond,460,221,Yes participating without using any Provision or the CEO,false
291830003134,Sunset Valley Elem.,Lee's Summit R-VII,Lees Summit,310,72,Yes participating without using any Provision or the CEO,false
291548003157,Sunshine Center,Independence 30,Independence,106,56,Yes participating without using any Provision or the CEO,false
292886001828,Sunshine Elem.,Springfield R-XII,Springfield,353,259,Yes participating without using any Provision or the CEO,false
292985002061,Swedeborg Elem.,Swedeborg R-III,Richland,35,20,Yes participating without using any Provision or the CEO,true
292622003234,Sweeny Elementary,Republic R-III,Republic,481,192,Yes participating without using any Provision or the CEO,false
292988002062,Sweet Springs Elem.,Sweet Springs R-VII,Sweet Springs,191,83,Yes participating without using any Provision or the CEO,false
292988002064,Sweet Springs High,Sweet Springs R-VII,Sweet Springs,174,60,Yes participating without using any Provision or the CEO,true
291548000721,Sycamore Hills Elem.,Independence 30,Independence,574,359,Yes participating without using any Provision or the CEO,false
291077000362,T. S. Hill Middle,Dexter R-XI,Dexter,475,231,Yes participating without using any Provision or the CEO,true
292991002065,Taneyville Elem.,Taneyville R-II,Taneyville,147,110,Yes participating without using any Provision or the CEO,true
292994002066,Tarkio Elementary,Tarkio R-I,Tarkio,142,87,Yes participating without using any Provision or the CEO,false
292994002067,Tarkio Jh and High School,Tarkio R-I,Tarkio,176,77,Yes participating without using any Provision or the CEO,true
291425003326,Taylor Early Childhood,Dunklin R-V,Herculaneum,170,75,Yes participating without using any Provision or the CEO,false
291623001725,Telegraph Intermediate,Jefferson Co. R-VII,Festus,230,66,Yes participating without using any Provision or the CEO,false
293144002176,Thayer Elem.,Waynesville R-VI,Ft Leonard Wood,242,106,Yes participating without using any Provision or the CEO,false
293027002068,Thayer Elem.,Thayer R-II,Thayer,421,246,Yes participating without using any Provision or the CEO,false
293027002069,Thayer Sr. High,Thayer R-II,Thayer,359,195,Yes participating without using any Provision or the CEO,true
290060903262,The Biome,The Biome,St. Louis,167,138,Yes participating without using any Provision or the CEO,false
291201003371,The Innovation School at Cv,Ferguson-Florissant R-II,St Louis,143,143,Yes under Community Eligibility Option (CEO),false
293249103418,The Leadership School,The Leadership School,Pagedale,220,220,Yes under Community Eligibility Option (CEO),false
290061703360,The Soulard School,The Soulard School,St.louis,138,32,Yes participating without using any Provision or the CEO,false
292355001373,Thomas B. Chinn Elem.,Park Hill,Kansas City,466,216,Yes participating without using any Provision or the CEO,false
290100000313,Thomas Benton Elem.,Columbia 93,Columbia,232,232,Yes under Community Eligibility Option (CEO),false
291548000707,Thomas Hart Benton Elem.,Independence 30,Independence,401,348,Yes participating without using any Provision or the CEO,false
290531000086,Thomas J. Ultican Elem.,Blue Springs R-IV,Blue Springs,419,192,Yes participating without using any Provision or the CEO,false
291619000495,Thomas Jefferson Middle,Jefferson City,Jefferson City,927,467,Yes participating without using any Provision or the CEO,true
290489000059,Thomas W. Kelly High,Scott Co. R-IV,Benton,297,141,Yes participating without using any Provision or the CEO,true
292337001348,Thornfield Elem.,Thornfield R-I,Thornfield,48,32,Yes participating without using any Provision or the CEO,true
291619000757,Thorpe J. Gordon Elem.,Jefferson City,Jefferson City,294,294,Yes under Community Eligibility Option (CEO),false
291548003091,Three Trails Elem.,Independence 30,Independence,328,277,Yes participating without using any Provision or the CEO,false
292607003318,Three Trails Preschool,Raytown C-2,Raytown,172,113,Yes participating without using any Provision or the CEO,false
292355003221,Tiffany Ridge Elementary Schl,Park Hill,Kansas City,484,144,Yes participating without using any Provision or the CEO,false
292373001959,Timber Creek Elem.,Raymore-Peculiar R-II,Raymore,390,91,Yes participating without using any Provision or the CEO,false
293165002844,Timberland High,Wentzville R-IV,Wentzville,1525,220,Yes participating without using any Provision or the CEO,false
293030002070,Tina-Avalon Elem.,Tina-Avalon R-II,Tina,73,25,Yes participating without using any Provision or the CEO,false
293030002071,Tina-Avalon High,Tina-Avalon R-II,Tina,66,18,Yes participating without using any Provision or the CEO,true
293033002075,Tipton Elem.,Tipton R-VI,Tipton,222,112,Yes participating without using any Provision or the CEO,false
293033002073,Tipton High,Tipton R-VI,Tipton,185,75,Yes participating without using any Provision or the CEO,false
293033003383,Tipton Middle School,Tipton R-VI,Tipton,122,50,Yes participating without using any Provision or the CEO,false
292041003446,Tom Butterfield Early Chld Ctr,Marshall,Marshall,140,76,Yes participating without using any Provision or the CEO,false
292280001291,Topping Elementary,North Kansas City 74,Kansas City,293,213,Yes participating without using any Provision or the CEO,false
291383000635,Townsend Elem.,Hazelwood,Florissant,351,351,Yes under Community Eligibility Option (CEO),false
292370001419,Traditional Sch.,Pattonville R-III,Maryland Heights,392,101,Yes participating without using any Provision or the CEO,false
291830000544,Trailridge Elem.,Lee's Summit R-VII,Lee's Summit,418,95,Yes participating without using any Provision or the CEO,false
291640002603,Trailwoods Elementary,Kansas City 33,Kansas City,388,388,Yes under Community Eligibility Option (CEO),false
292067001121,Trautwein Elem.,Mehlville R-IX,St Louis,369,158,Yes participating without using any Provision or the CEO,false
293036002080,Trenton High School,Trenton R-IX,Trenton,318,135,Yes participating without using any Provision or the CEO,true
293036002573,Trenton Middle School,Trenton R-IX,Trenton,299,165,Yes participating without using any Provision or the CEO,true
291224003391,Tri Lakes Special Serv Co-Op,Forsyth R-III,Branson,75,21,Yes participating without using any Provision or the CEO,false
293039002081,Tri-County Elem.,Tri-County R-VII,Jamesport,85,44,Yes participating without using any Provision or the CEO,false
293039002082,Tri-County High,Tri-County R-VII,Jamesport,83,39,Yes participating without using any Provision or the CEO,true
293042002085,Triway,East Newton Co. R-VI,Stella,431,286,Yes participating without using any Provision or the CEO,true
292550002766,Trojan Intermediate,Potosi R-III,Potosi,438,438,Yes under Community Eligibility Option (CEO),false
293045002090,Troy Buchanan High,Troy R-III,Troy,2148,502,Yes participating without using any Provision or the CEO,false
293045002088,Troy Middle,Troy R-III,Troy,732,250,Yes participating without using any Provision or the CEO,false
293045003293,Troy South Middle School,Troy R-III,Moscow Mills,760,185,Yes participating without using any Provision or the CEO,false
292184001122,Truman Elem.,Nevada R-V,Nevada,512,283,Yes participating without using any Provision or the CEO,false
292886002675,Truman Elem.,Springfield R-XII,Springfield,316,161,Yes participating without using any Provision or the CEO,false
291434000663,Truman Elementary,Hickman Mills C-1,Kansas City,287,287,Yes under Community Eligibility Option (CEO),false
291548000722,Truman High,Independence 30,Independence,1720,1069,Yes participating without using any Provision or the CEO,true
291191000437,Truman Learning Center,Farmington R-VII,Farmington,403,211,Yes participating without using any Provision or the CEO,false
292706001674,Truman Middle,St. Joseph,St Joseph,486,486,Yes under Community Eligibility Option (CEO),true
291869003200,Truman Middle School,Lindbergh Schools,St. Louis,816,112,Yes participating without using any Provision or the CEO,false
293051002092,Tuscumbia High,Miller Co. R-III,Tuscumbia,53,19,Yes participating without using any Provision or the CEO,true
291383000636,Twillman Elem.,Hazelwood,St Louis,273,273,Yes under Community Eligibility Option (CEO),false
290837000619,Twin Chimneys Elem.,Fort Zumwalt School District,O'Fallon,488,40,Yes participating without using any Provision or the CEO,false
290000901215,Twin Rivers,Division of Youth Service,St Louis,10,7,Yes participating without using any Provision or the CEO,true
293052002095,Twin Rivers High,Twin Rivers R-X,Broseley,250,132,Yes under Community Eligibility Option (CEO),true
290100000314,Two Mile Prairie Elem.,Columbia 93,Columbia,125,44,Yes participating without using any Provision or the CEO,false
290100000315,Ulysses S. Grant Elem.,Columbia 93,Columbia,296,92,Yes participating without using any Provision or the CEO,false
291830002669,Underwood Elem.,Lee's Summit R-VII,Lee's Summit,511,205,Yes participating without using any Provision or the CEO,false
292355001374,Union Chapel Elem.,Park Hill,Kansas City,609,89,Yes participating without using any Provision or the CEO,false
293057002101,Union High,Union R-XI,Union,956,413,Yes participating without using any Provision or the CEO,false
293057002575,Union Middle,Union R-XI,Union,704,338,Yes participating without using any Provision or the CEO,true
293060002102,Union Star Elem.,Union Star R-II,Union Star,66,26,Yes participating without using any Provision or the CEO,false
293060002103,Union Star High,Union Star R-II,Union Star,91,42,Yes participating without using any Provision or the CEO,true
293060003376,Union Star Preschool,Union Star R-II,Union Star,9,5,Yes participating without using any Provision or the CEO,false
290002702915,University Academy-Lower,University Academy,Kansas City,609,609,Yes under Community Eligibility Option (CEO),false
290002702914,University Academy-Middle,University Academy,Kansas City,265,265,Yes under Community Eligibility Option (CEO),true
290002702808,University Academy-Upper,University Academy,Kansas City,237,237,Yes under Community Eligibility Option (CEO),true
293066002113,University City Sr. High,University City,University City,874,874,Yes under Community Eligibility Option (CEO),true
292685002637,Uthoff Valley Elem.,Rockwood R-VI,Fenton,423,73,Yes participating without using any Provision or the CEO,false
293072002119,Valley High,Valley R-VI,Caledonia,170,170,Yes under Community Eligibility Option (CEO),true
293069002115,Valley Park Elem.,Valley Park,Valley Park,343,98,Yes participating without using any Provision or the CEO,false
293069001557,Valley Park Middle,Valley Park,Valley Park,161,59,Yes participating without using any Provision or the CEO,false
293069002116,Valley Park Sr. High,Valley Park,Valley Park,230,83,Yes participating without using any Provision or the CEO,true
293075002122,Van Buren Elem.,Van Buren R-I,Van Buren,245,185,Yes participating without using any Provision or the CEO,false
293075002121,Van Buren High,Van Buren R-I,Van Buren,221,142,Yes participating without using any Provision or the CEO,true
291548003096,Van Horn High,Independence 30,Independnce,1067,831,Yes participating without using any Provision or the CEO,true
293078002125,Van-Far Elem.,Van-Far R-I,Vandalia,323,178,Yes under Community Eligibility Option (CEO),false
293078002124,Van-Far Jr./Sr. High,Van-Far R-I,Vandalia,248,118,Yes participating without using any Provision or the CEO,true
292928002011,Vashon High,St. Louis City,St Louis,621,621,Yes under Community Eligibility Option (CEO),true
290002203055,Verelle Peniston School,Mo Schls for the Sev Disabled,Chillicothe,15,7,Yes participating without using any Provision or the CEO,false
293081002127,Verona Elem.,Verona R-VII,Verona,152,103,Yes participating without using any Provision or the CEO,false
293081002128,Verona High,Verona R-VII,Verona,143,90,Yes participating without using any Provision or the CEO,true
291365002781,Veterans Elem.,Hannibal 60,Hannibal,403,256,Yes participating without using any Provision or the CEO,false
291551000730,Viburnum Elementary,Iron Co. C-4,Viburnum,151,105,Yes under Community Eligibility Option (CEO),false
291551000729,Viburnum High,Iron Co. C-4,Viburnum,179,115,Yes under Community Eligibility Option (CEO),true
293087002133,Vienna Elem.,Maries Co. R-I,Vienna,216,100,Yes participating without using any Provision or the CEO,false
293087002134,Vienna High,Maries Co. R-I,Vienna,136,50,Yes participating without using any Provision or the CEO,false
293087003324,Vienna Middle,Maries Co. R-I,Vienna,88,26,Yes participating without using any Provision or the CEO,true
291050000351,Vineland Elem.,Desoto 73,Desoto,653,364,Yes participating without using any Provision or the CEO,false
290297000011,Virginia E. George Elem.,Albany R-III,Albany,224,121,Yes participating without using any Provision or the CEO,false
290531002836,Voy Spears Jr. Elem.,Blue Springs R-IV,Lee's Summit,546,75,Yes participating without using any Provision or the CEO,false
290000901178,W. E. Sears Youth Ctr.,Division of Youth Service,Poplar Bluff,54,51,Yes participating without using any Provision or the CEO,true
291677000927,W. W. Keysor Elem.,Kirkwood R-VII,Kirkwood,565,25,Yes participating without using any Provision or the CEO,false
293165003310,Wabash Elementary,Wentzville R-IV,Wentzville,745,73,Yes participating without using any Provision or the CEO,false
292928002015,Walbridge Elem. Community Ed.,St. Louis City,St Louis,122,122,Yes under Community Eligibility Option (CEO),false
292355003359,Walden Middle,Park Hill,Kansas City,730,220,Yes participating without using any Provision or the CEO,false
291383000637,Walker Elem.,Hazelwood,Florissant,508,508,Yes under Community Eligibility Option (CEO),false
291201000477,Walnut Grove Elem.,Ferguson-Florissant R-II,Ferguson,368,368,Yes under Community Eligibility Option (CEO),false
293099002140,Walnut Grove Elem.,Walnut Grove R-V,Walnut Grove,144,65,Yes participating without using any Provision or the CEO,false
293099002141,Walnut Grove High,Walnut Grove R-V,Walnut Grove,145,63,Yes participating without using any Provision or the CEO,false
292005001071,Walt Disney Elem.,Marceline R-V,Marceline,309,126,Yes participating without using any Provision or the CEO,false
292886001830,Walt Disney Elem.,Springfield R-XII,Springfield,514,141,Yes participating without using any Provision or the CEO,false
293153002651,Walter Ambrose Family Center,Webster Groves,St Louis,222,25,Yes participating without using any Provision or the CEO,false
291434000664,Warford Elementary,Hickman Mills C-1,Kansas City,407,407,Yes under Community Eligibility Option (CEO),false
290867000255,Warren E. Hearnes Elem.,Charleston R-I,Charleston,276,276,Yes under Community Eligibility Option (CEO),false
292895002822,Warren Elem.,Francis Howell R-III,St Peters,729,72,Yes participating without using any Provision or the CEO,false
291854002902,Warren Hills Elem.,Liberty 53,Liberty,597,137,Yes participating without using any Provision or the CEO,false
293102002145,Warrensburg High,Warrensburg R-VI,Warrensburg,1027,341,Yes participating without using any Provision or the CEO,false
293102002142,Warrensburg Middle,Warrensburg R-VI,Warrensburg,779,322,Yes participating without using any Provision or the CEO,false
293105002151,Warrenton High,Warren Co. R-III,Warrenton,974,374,Yes participating without using any Provision or the CEO,true
293105002989,Warrior Ridge Elem.,Warren Co. R-III,Warrenton,497,195,Yes participating without using any Provision or the CEO,false
293107002152,Warsaw High School,Warsaw R-IX,Warsaw,385,385,Yes under Community Eligibility Option (CEO),true
292783001711,Washington Elem.,Sedalia 200,Sedalia,215,185,Yes under Community Eligibility Option (CEO),false
292265001249,Washington Elem.,Normandy Schools Collaborative,St Louis,244,244,Yes under Community Eligibility Option (CEO),true
293111002163,Washington High School,Washington,Washington,1263,302,Yes participating without using any Provision or the CEO,false
292067001123,Washington Middle,Mehlville R-IX,St Louis,429,147,Yes participating without using any Provision or the CEO,false
293111002160,Washington Middle,Washington,Washington,505,144,Yes participating without using any Provision or the CEO,false
292928002572,Washington Montessori,St. Louis City,St Louis,266,266,Yes under Community Eligibility Option (CEO),false
293111002295,Washington West Elementary,Washington,Washington,399,165,Yes participating without using any Provision or the CEO,false
291191000442,Washington-Franklin Elem.,Farmington R-VII,Farmington,363,194,Yes participating without using any Provision or the CEO,false
292886001831,Watkins Elem.,Springfield R-XII,Springfield,252,197,Yes participating without using any Provision or the CEO,false
290000901289,Watkins Mill Park Camp,Division of Youth Service,Lawson,46,43,Yes participating without using any Provision or the CEO,true
290000901283,Waverly Regional Youth Ctr.,Division of Youth Service,Waverly,28,25,Yes participating without using any Provision or the CEO,true
293144002168,Waynesville East Elem.,Waynesville R-VI,Waynesville,920,414,Yes participating without using any Provision or the CEO,false
293144002484,Waynesville Middle,Waynesville R-VI,Waynesville,906,375,Yes participating without using any Provision or the CEO,true
293144002175,Waynesville Sr. High,Waynesville R-VI,Waynesville,1719,689,Yes participating without using any Provision or the CEO,false
293146002180,Weaubleau Elem.,Weaubleau R-III,Weaubleau,192,124,Yes participating without using any Provision or the CEO,false
293146002181,Weaubleau High,Weaubleau R-III,Weaubleau,171,105,Yes participating without using any Provision or the CEO,true
292886001832,Weaver Elem.,Springfield R-XII,Springfield,264,237,Yes participating without using any Provision or the CEO,false
293150002186,Webb City High,Webb City R-VII,Webb City,1381,552,Yes participating without using any Provision or the CEO,false
293150002756,Webb City Jr. High,Webb City R-VII,Webb City,709,328,Yes participating without using any Provision or the CEO,true
293150000559,Webb City Middle,Webb City R-VII,Webb City,681,339,Yes participating without using any Provision or the CEO,false
293153002197,Webster Groves High,Webster Groves,St Louis,1253,173,Yes participating without using any Provision or the CEO,false
293150002189,Webster Primary Ctr.,Webb City R-VII,Webb City,356,220,Yes participating without using any Provision or the CEO,false
291201000478,Wedgwood 6th Grade Center,Ferguson-Florissant R-II,Florissant,268,268,Yes under Community Eligibility Option (CEO),false
292886001833,Weller Elem.,Springfield R-XII,Springfield,292,228,Yes participating without using any Provision or the CEO,false
293156002198,Wellington-Napoleon Elem.,Wellington-Napoleon R-IX,Wellington,178,62,Yes participating without using any Provision or the CEO,false
293156002199,Wellington-Napoleon High,Wellington-Napoleon R-IX,Wellington,203,57,Yes participating without using any Provision or the CEO,false
293162002206,Wellsville-Middletown Elem.,Wellsville Middletown R-I,Wellsville,116,65,Yes participating without using any Provision or the CEO,false
293162002204,Wellsville-Middletown HS,Wellsville Middletown R-I,Wellsville,145,78,Yes participating without using any Provision or the CEO,true
291640000882,Wendell Phillips Elementary,Kansas City 33,Kansas City,324,324,Yes under Community Eligibility Option (CEO),false
293165002209,Wentzville Middle,Wentzville R-IV,Wentzville,792,166,Yes participating without using any Provision or the CEO,false
293165001036,Wentzville South Middle,Wentzville R-IV,Wentzville,1068,178,Yes participating without using any Provision or the CEO,false
290100000316,West Blvd. Elem.,Columbia 93,Columbia,327,327,Yes under Community Eligibility Option (CEO),false
291824000965,West County Elem.,West St. Francois Co. R-IV,Park Hills,390,242,Yes participating without using any Provision or the CEO,false
291824000966,West County High,West St. Francois Co. R-IV,Park Hills,332,176,Yes participating without using any Provision or the CEO,true
291824001091,West County Middle,West St. Francois Co. R-IV,Park Hills,213,110,Yes participating without using any Provision or the CEO,true
291383003204,West Early Childhood Center,Hazelwood,Hazelwood,68,65,Yes participating without using any Provision or the CEO,false
291619000758,West Elem.,Jefferson City,Jefferson City,317,172,Yes participating without using any Provision or the CEO,false
292343003001,West Elem.,Ozark R-VI,Ozark,584,218,Yes participating without using any Provision or the CEO,false
292917001871,West Elem.,Central R-III,Park Hills,464,280,Yes participating without using any Provision or the CEO,false
292280001292,West Englewood Elementary,North Kansas City 74,Kansas City,435,283,Yes participating without using any Provision or the CEO,false
292358001404,West High,Parkway C-2,Ballwin,1417,152,Yes participating without using any Provision or the CEO,false
291560000739,West Lane Elem.,Jackson R-II,Jackson,389,142,Yes participating without using any Provision or the CEO,false
292358001555,West Middle,Parkway C-2,Chesterfield,814,86,Yes participating without using any Provision or the CEO,false
291383002857,West Middle,Hazelwood,Hazelwood,724,724,Yes under Community Eligibility Option (CEO),true
290100000317,West Middle School,Columbia 93,Columbia,553,304,Yes participating without using any Provision or the CEO,true
293090002136,West Nodaway High,West Nodaway Co. R-I,Burlington Jct,94,37,Yes participating without using any Provision or the CEO,true
293090002135,West Nodaway R-I Elem.,West Nodaway Co. R-I,Burlington Jct,131,57,Yes participating without using any Provision or the CEO,false
293168002543,West Plains Elem.,West Plains R-VII,West Plains,767,580,Yes participating without using any Provision or the CEO,false
293168002213,West Plains Middle,West Plains R-VII,West Plains,555,374,Yes participating without using any Provision or the CEO,true
293168002215,West Plains Sr. High,West Plains R-VII,West Plains,1108,556,Yes participating without using any Provision or the CEO,false
293171002220,West Platte High,West Platte Co. R-II,Weston,221,31,Yes participating without using any Provision or the CEO,false
293171003397,West Platte Middle,West Platte Co. R-II,Weston,170,20,Yes participating without using any Provision or the CEO,false
291677000928,Westchester Elem.,Kirkwood R-VII,Kirkwood,572,26,Yes participating without using any Provision or the CEO,false
290837002783,Westhoff Elem.,Fort Zumwalt School District,O'Fallon,534,90,Yes participating without using any Provision or the CEO,false
292886001834,Westport Elem.,Springfield R-XII,Springfield,351,283,Yes participating without using any Provision or the CEO,false
292886001827,Westport Middle School,Springfield R-XII,Springfield,399,320,Yes participating without using any Provision or the CEO,true
293186002230,Westran Elem.,Westran R-I,Huntsville,280,145,Yes participating without using any Provision or the CEO,false
293186002232,Westran High,Westran R-I,Huntsville,184,64,Yes participating without using any Provision or the CEO,true
293186002514,Westran Middle,Westran R-I,Clifton Hill,129,56,Yes participating without using any Provision or the CEO,true
292685001628,Westridge Elem.,Rockwood R-VI,Ballwin,397,111,Yes participating without using any Provision or the CEO,false
292607001532,Westridge Elem.,Raytown C-2,Kansas City,319,232,Yes participating without using any Provision or the CEO,false
291830000984,Westview Elem.,Lee's Summit R-VII,Lee's Summit,269,135,Yes participating without using any Provision or the CEO,false
293189002233,Westview Elem.,Westview C-6,Neosho,112,68,Yes participating without using any Provision or the CEO,true
292667002687,Westview Middle School,Riverview Gardens,Saint Louis,524,308,Yes under Community Eligibility Option (CEO),true
293192002234,Wheatland Elem.,Wheatland R-II,Wheatland,140,80,Yes participating without using any Provision or the CEO,false
293192002235,Wheatland High,Wheatland R-II,Wheatland,121,69,Yes participating without using any Provision or the CEO,true
293195002236,Wheaton Elem.,Wheaton R-III,Wheaton,241,150,Yes participating without using any Provision or the CEO,false
293195002237,Wheaton High,Wheaton R-III,Wheaton,199,124,Yes participating without using any Provision or the CEO,true
290002003021,Wheeler High,Mo School for the Deaf,Fulton,19,14,Yes participating without using any Provision or the CEO,false
290002003022,Wheeler Middle,Mo School for the Deaf,Fulton,13,5,Yes participating without using any Provision or the CEO,true
292061001106,White Rock Elem.,McDonald Co. R-I,Pineville,347,242,Yes participating without using any Provision or the CEO,true
291683000933,Whiteman A.f.b. Elem.,Knob Noster R-VIII,Whiteman Afb,602,212,Yes participating without using any Provision or the CEO,false
291640000887,Whittier Elementary,Kansas City 33,Kansas City,550,550,Yes under Community Eligibility Option (CEO),false
290462000053,Wilckens STEAM Acad @Hillcrest,Belton 124,Belton,486,234,Yes participating without using any Provision or the CEO,false
292685002700,Wild Horse Elem.,Rockwood R-VI,Chesterfield,464,56,Yes participating without using any Provision or the CEO,false
291998001062,Wilder Elem.,Mansfield R-IV,Mansfield,312,210,Yes participating without using any Provision or the CEO,false
292886001835,Wilder Elem.,Springfield R-XII,Springfield,326,129,Yes participating without using any Provision or the CEO,false
292754001687,Wildwood Elem.,Sarcoxie R-II,Sarcoxie,303,171,Yes participating without using any Provision or the CEO,false
292685002785,Wildwood Middle,Rockwood R-VI,Wildwood,538,72,Yes participating without using any Provision or the CEO,false
292928002646,Wilkinson Early Childhood Ctr.,St. Louis City,St Louis,304,304,Yes under Community Eligibility Option (CEO),false
293201001700,Willard Central Elem.,Willard R-II,Springfield,404,167,Yes participating without using any Provision or the CEO,false
293201002773,Willard East Elem.,Willard R-II,Willard,322,112,Yes participating without using any Provision or the CEO,false
293201002243,Willard High,Willard R-II,Willard,1379,391,Yes participating without using any Provision or the CEO,false
293201002879,Willard Intermediate North,Willard R-II,Willard,356,133,Yes participating without using any Provision or the CEO,false
293201003354,Willard Intermediate-South,Willard R-II,Springfield,284,150,Yes participating without using any Provision or the CEO,false
293201002242,Willard Middle,Willard R-II,Willard,704,264,Yes participating without using any Provision or the CEO,true
293201002244,Willard North Elem.,Willard R-II,Willard,340,152,Yes participating without using any Provision or the CEO,false
293201003116,Willard Orchard Hills Elem,Willard R-II,Springfield,394,180,Yes participating without using any Provision or the CEO,false
293201002241,Willard South Elem.,Willard R-II,Springfield,395,230,Yes participating without using any Provision or the CEO,false
290531002488,William Bryant Elem.,Blue Springs R-IV,Blue Springs,529,163,Yes participating without using any Provision or the CEO,false
291548000724,William Chrisman High,Independence 30,Independence,1417,997,Yes participating without using any Provision or the CEO,true
291674002611,William Matthew Middle School,Kirksville R-III,Kirksville,514,237,Yes participating without using any Provision or the CEO,true
291548000725,William Southern Elem.,Independence 30,Independence,458,341,Yes participating without using any Provision or the CEO,false
290531000087,William Yates Elem.,Blue Springs R-IV,Independence,463,229,Yes participating without using any Provision or the CEO,false
293144003332,Williams Early Childhood Ctr,Waynesville R-VI,Fort Leonard Wood,294,88,Yes participating without using any Provision or the CEO,false
292886001837,Williams Elem.,Springfield R-XII,Springfield,412,349,Yes participating without using any Provision or the CEO,false
292274001255,Williamsburg Elem.,North Callaway Co. R-I,Williamsburg,169,88,Yes participating without using any Provision or the CEO,false
291338000570,Williamsville Elem.,Greenville R-II,Williamsville,53,45,Yes participating without using any Provision or the CEO,false
292370001423,Willow Brook Elem.,Pattonville R-III,Creve Coeur,459,221,Yes participating without using any Provision or the CEO,false
293207002249,Willow Springs Elem.,Willow Springs R-IV,Willow Springs,446,317,Yes participating without using any Provision or the CEO,false
293207002245,Willow Springs High,Willow Springs R-IV,Willow Springs,370,202,Yes participating without using any Provision or the CEO,true
293207002246,Willow Springs Middle,Willow Springs R-IV,Willow Springs,355,237,Yes participating without using any Provision or the CEO,true
290000901358,Wilson Creek Group Home,Division of Youth Service,Springfield,12,9,Yes participating without using any Provision or the CEO,true
292886002865,Wilson's Creek 5-6 Inter. Ctr.,Springfield R-XII,Battlefield,424,112,Yes participating without using any Provision or the CEO,false
293210002868,Windsor Elem.,Windsor C-1,Imperial,497,197,Yes participating without using any Provision or the CEO,false
293211002254,Windsor Elem.,Henry Co. R-I,Windsor,356,188,Yes participating without using any Provision or the CEO,false
293210002253,Windsor High,Windsor C-1,Imperial,887,268,Yes participating without using any Provision or the CEO,false
293211002255,Windsor High,Henry Co. R-I,Windsor,334,190,Yes participating without using any Provision or the CEO,true
293210002250,Windsor Intermediate,Windsor C-1,Imperial,626,216,Yes participating without using any Provision or the CEO,false
293210002653,Windsor Middle,Windsor C-1,Imperial,608,212,Yes participating without using any Provision or the CEO,false
293219002256,Winfield Elem.,Winfield R-IV,Winfield,407,189,Yes participating without using any Provision or the CEO,false
293219002257,Winfield High,Winfield R-IV,Winfield,517,174,Yes participating without using any Provision or the CEO,false
293219002545,Winfield Intermediate,Winfield R-IV,Winfield,336,153,Yes participating without using any Provision or the CEO,false
293219002814,Winfield Middle,Winfield R-IV,Winfield,317,145,Yes participating without using any Provision or the CEO,true
292826001566,Wing Elem.,Sikeston R-6,Sikeston,359,359,Yes under Community Eligibility Option (CEO),false
292280001293,Winnetonka High,North Kansas City 74,Kansas City,1238,713,Yes participating without using any Provision or the CEO,true
292280001294,Winnwood Elementary,North Kansas City 74,Kansas City,264,197,Yes participating without using any Provision or the CEO,false
293222002259,Winona Elem.,Winona R-III,Winona,306,238,Yes participating without using any Provision or the CEO,true
293222002260,Winona High,Winona R-III,Winona,131,90,Yes participating without using any Provision or the CEO,true
293225002261,Winston Elem.,Winston R-VI,Winston,64,25,Yes participating without using any Provision or the CEO,false
293225002262,Winston High,Winston R-VI,Winston,54,20,Yes participating without using any Provision or the CEO,true
292709001679,Wm. H. Lynch Elem.,Salem R-80,Salem,257,257,Yes under Community Eligibility Option (CEO),false
291199002590,Wm. N. Clark Middle,Fayette R-III,Fayette,155,77,Yes participating without using any Provision or the CEO,true
293045002089,Wm. R. Cappel Elem.,Troy R-III,Moscow Mills,434,126,Yes participating without using any Provision or the CEO,false
292928002829,Woerner Elem,St. Louis City,St Louis,349,349,Yes under Community Eligibility Option (CEO),false
292685001629,Woerther Elem.,Rockwood R-VI,Ballwin,423,47,Yes participating without using any Provision or the CEO,false
292067001124,Wohlwend Elem.,Mehlville R-IX,St Louis,409,115,Yes participating without using any Provision or the CEO,false
293144002874,Wood Elem.,Waynesville R-VI,Ft Leonard Wood,295,158,Yes participating without using any Provision or the CEO,false
291629000770,Woodland Elem.,Jennings,Jennings,197,197,Yes under Community Eligibility Option (CEO),false
291830002776,Woodland Elem.,Lee's Summit R-VII,Lee's Summit,423,73,Yes participating without using any Provision or the CEO,false
291935001045,Woodland Elem.,Woodland R-IV,Marble Hill,367,246,Yes participating without using any Provision or the CEO,false
291935001046,Woodland High,Woodland R-IV,Marble Hill,263,132,Yes participating without using any Provision or the CEO,true
291935002985,Woodland Middle,Woodland R-IV,Marble Hill,241,139,Yes participating without using any Provision or the CEO,true
292289003191,Woodridge Middle School,Northwest R-I,High Ridge,569,242,Yes participating without using any Provision or the CEO,false
292928002026,Woodward Elem.,St. Louis City,St Louis,319,319,Yes under Community Eligibility Option (CEO),false
293230002263,Worth Co. Elementary,Worth Co. R-III,Grant City,170,84,Yes participating without using any Provision or the CEO,false
293230002264,Worth Co. High,Worth Co. R-III,Grant City,125,58,Yes participating without using any Provision or the CEO,true
292358001405,Wren Hollow Elem.,Parkway C-2,Ballwin,409,60,Yes participating without using any Provision or the CEO,false
293231003138,Wright City East Elem,Wright City R-II of Warren Co.,Foristell,287,125,Yes participating without using any Provision or the CEO,false
293231002266,Wright City High,Wright City R-II of Warren Co.,Wright City,566,242,Yes participating without using any Provision or the CEO,false
293231002576,Wright City Middle,Wright City R-II of Warren Co.,Wright City,536,248,Yes participating without using any Provision or the CEO,true
293231002265,Wright City West Elem.,Wright City R-II of Warren Co.,Wright City,402,187,Yes participating without using any Provision or the CEO,false
293231003273,Wright Start Preschool,Wright City R-II of Warren Co.,Wright City,84,43,Yes participating without using any Provision or the CEO,false
290972002584,Wydown Middle,Clayton,Clayton,604,70,Yes participating without using any Provision or the CEO,false
292664001575,Wyland Elem.,Ritenour,St Louis,545,545,Yes under Community Eligibility Option (CEO),false
292928002878,Yeatman-Liddell Middle School,St. Louis City,St Louis,300,300,Yes under Community Eligibility Option (CEO),true
290825002755,Yellow Jacket Early Learning,Center 58,Kansas City,120,119,Yes under Community Eligibility Option (CEO),false
292886001838,York Elem.,Springfield R-XII,Springfield,225,198,Yes participating without using any Provision or the CEO,false
293249002269,Zalma Elem.,Zalma R-V,Zalma,101,101,Yes under Community Eligibility Option (CEO),false
293249002270,Zalma High,Zalma R-V,Zalma,73,73,Yes under Community Eligibility Option (CEO),true
292346001359,Zitzman Elem.,Meramec Valley R-III,Pacific,469,206,Yes participating without using any Provision or the CEO,false
