nces_id,school_name,district_name,city_name,total_students,frl_eligible_students,national_school_lunch_program,admin_approved,min_grade,max_grade
317458000209,1R Elementary,Northwest Public Schools,Grand Island,194,45,Yes participating without using any Provision or the CEO,false,Prekindergarten,8th Grade
317374001834,Ackerman Elementary School,Millard Public Schools,Omaha,453,116,Yes participating without using any Provision or the CEO,false,Prekindergarten,5th Grade
310277002372,Adams Central Early Childhood Center,Adams Central Public Schools,Juniata,98,8,Yes participating without using any Provision or the CEO,false,Prekindergarten,Prekindergarten
310277002370,Adams Central Elementary School,Adams Central Public Schools,Hastings,506,71,Yes participating without using any Provision or the CEO,false,Prekindergarten,6th Grade
310277000003,Adams Central Jr-Sr High Sch,Adams Central Public Schools,Hastings,452,57,Yes participating without using any Provision or the CEO,false,7th Grade,12th Grade
317284002211,Adams Elementary School,Lincoln Public Schools,Lincoln,767,174,Yes participating without using any Provision or the CEO,false,Prekindergarten,5th Grade
317482001348,Adams Elementary School,Omaha Public Schools,Omaha,270,,Yes under Community Eligibility Option (CEO),false,Prekindergarten,5th Grade
310002201321,Adams Middle School,North Platte Public Schools,North Platte,513,244,Yes participating without using any Provision or the CEO,false,7th Grade,8th Grade
310279000005,Ainsworth Elementary School,Ainsworth Community Schools,Ainsworth,138,63,Yes participating without using any Provision or the CEO,false,Prekindergarten,4th Grade
310279000006,Ainsworth High School,Ainsworth Community Schools,Ainsworth,104,43,Yes participating without using any Provision or the CEO,false,9th Grade,12th Grade
310279002242,Ainsworth Little Paws Preschool,Ainsworth Community Schools,Ainsworth,34,11,Yes participating without using any Provision or the CEO,false,Prekindergarten,Prekindergarten
310279000202,Ainsworth Middle School,Ainsworth Community Schools,Ainsworth,107,38,Yes participating without using any Provision or the CEO,true,5th Grade,8th Grade
317158001050,Alcott Elementary School,Hastings Public Schools,Hastings,267,178,Yes participating without using any Provision or the CEO,false,Prekindergarten,5th Grade
317374000244,Aldrich Elementary,Millard Public Schools,Omaha,462,39,Yes participating without using any Provision or the CEO,false,Prekindergarten,5th Grade
317482002278,Alfonza W Davis Middle School,Omaha Public Schools,Omaha,732,,Yes under Community Eligibility Option (CEO),true,6th Grade,8th Grade
317482001431,Alice Buffett Magnet Middle School,Omaha Public Schools,Omaha,952,,Yes under Community Eligibility Option (CEO),false,6th Grade,8th Grade
310288000009,Allen Elementary School,Allen Consolidated Schools,Allen,70,28,Yes participating without using any Provision or the CEO,false,Prekindergarten,6th Grade
310288000010,Allen High School,Allen Consolidated Schools,Allen,61,23,Yes participating without using any Provision or the CEO,true,7th Grade,12th Grade
310291001854,Alliance Early Child Ed Prog,Alliance Public Schools,Alliance,78,41,No,false,Prekindergarten,Prekindergarten
310291000011,Alliance High School,Alliance Public Schools,Alliance,451,211,Yes participating without using any Provision or the CEO,false,9th Grade,12th Grade
310291000012,Alliance Middle School,Alliance Public Schools,Alliance,261,158,Yes participating without using any Provision or the CEO,false,6th Grade,8th Grade
310008000016,Alma Elementary at Alma,Alma Public Schools,Alma,192,77,Yes participating without using any Provision or the CEO,false,Prekindergarten,6th Grade
310008000017,Alma High School,Alma Public Schools,Alma,190,67,Yes participating without using any Provision or the CEO,false,7th Grade,12th Grade
310007000018,Amherst Elementary School,Amherst Public Schools,Amherst,203,34,Yes participating without using any Provision or the CEO,false,Prekindergarten,6th Grade
310007000019,Amherst High School,Amherst Public Schools,Amherst,157,27,Yes participating without using any Provision or the CEO,false,7th Grade,12th Grade
310399002403,Anchor Pointe Elementary,Bennington Public Schools,Bennington,544,35,No,false,Prekindergarten,5th Grade
317527001900,Anderson Grove Elementary Sch,Papillion La Vista Community Schools,Bellevue,317,61,Yes participating without using any Provision or the CEO,false,Prekindergarten,6th Grade
310001000021,Anselmo-Merna Elementary-Merna,Anselmo-Merna Public Schools,Merna,145,52,Yes participating without using any Provision or the CEO,false,Prekindergarten,6th Grade
310001000022,Anselmo-Merna High School,Anselmo-Merna Public Schools,Merna,104,33,Yes participating without using any Provision or the CEO,false,7th Grade,12th Grade
310306000023,Ansley Elementary School,Ansley Public Schools,Ansley,110,,Yes under Community Eligibility Option (CEO),false,Prekindergarten,6th Grade
310306000024,Ansley High School,Ansley Public Schools,Ansley,76,,Yes under Community Eligibility Option (CEO),true,7th Grade,12th Grade
310309000025,Arapahoe Elementary School,Arapahoe Public Schools,Arapahoe,181,77,Yes participating without using any Provision or the CEO,false,Prekindergarten,6th Grade
310309000026,Arapahoe High School,Arapahoe Public Schools,Arapahoe,153,61,Yes participating without using any Provision or the CEO,false,7th Grade,12th Grade
317011002337,Arbor View Elementary School,Elkhorn Public Schools,Elkhorn,555,54,No,false,Prekindergarten,5th Grade
310312000027,Arcadia Elementary School,Arcadia Public Schools,Arcadia,82,32,Yes participating without using any Provision or the CEO,false,Prekindergarten,6th Grade
310312000028,Arcadia High School,Arcadia Public Schools,Arcadia,50,25,Yes participating without using any Provision or the CEO,false,7th Grade,12th Grade
310313000029,Arlington Elementary School,Arlington Public Schools,Arlington,372,94,Yes participating without using any Provision or the CEO,false,Prekindergarten,6th Grade
310313000030,Arlington High School,Arlington Public Schools,Arlington,330,81,Yes participating without using any Provision or the CEO,false,7th Grade,12th Grade
310007300031,Arnold Elementary School,Arnold Public Schools,Arnold,121,31,Yes under Community Eligibility Option (CEO),false,Prekindergarten,6th Grade
317284001136,Arnold Elementary School,Lincoln Public Schools,Lincoln,673,,Yes under Community Eligibility Option (CEO),false,Prekindergarten,5th Grade
310007300032,Arnold High School,Arnold Public Schools,Arnold,79,12,Yes under Community Eligibility Option (CEO),false,7th Grade,12th Grade
310321000515,Arthur County Elementary School,Arthur County Schools,Arthur,51,,No,false,Prekindergarten,6th Grade
310321000033,Arthur County High School,Arthur County Schools,Arthur,64,,No,false,7th Grade,12th Grade
317527002418,Ashbury Elementary School,Papillion La Vista Community Schools,Papillion,391,17,No,false,Prekindergarten,6th Grade
317482000289,Ashland Park/Robbins Elementary School,Omaha Public Schools,Omaha,708,,Yes under Community Eligibility Option (CEO),false,Prekindergarten,5th Grade
310003400035,Ashland-Greenwood High School,Ashland-Greenwood Public Schs,Ashland,322,70,Yes participating without using any Provision or the CEO,false,9th Grade,12th Grade
310003400034,Ashland-Greenwood Intermediate School,Ashland-Greenwood Public Schs,Ashland,247,49,Yes participating without using any Provision or the CEO,false,Prekindergarten,5th Grade
310003401927,Ashland-Greenwood Middle School,Ashland-Greenwood Public Schs,Ashland,247,42,Yes participating without using any Provision or the CEO,false,6th Grade,8th Grade
310003402452,Ashland-Greenwood Primary Elementary,Ashland-Greenwood Public Schs,Ashland,333,57,Yes participating without using any Provision or the CEO,false,Prekindergarten,2nd Grade
317122002364,Aspen Creek Elementary School,Gretna Public Schools,Omaha,416,9,No,false,Prekindergarten,5th Grade
317122002362,Aspen Creek Middle School,Gretna Public Schools,Omaha,863,64,No,false,6th Grade,8th Grade
310017200037,Atkinson Elementary School,West Holt Public Schools,Atkinson,189,87,Yes participating without using any Provision or the CEO,false,Prekindergarten,6th Grade
310333000038,Auburn High School,Auburn Public Schools,Auburn,258,89,Yes participating without using any Provision or the CEO,false,9th Grade,12th Grade
310333000039,Auburn Middle School,Auburn Public Schools,Auburn,190,77,Yes participating without using any Provision or the CEO,false,6th Grade,8th Grade
310336000043,Aurora Elementary School,Aurora Public Schools,Aurora,520,155,Yes participating without using any Provision or the CEO,false,Prekindergarten,5th Grade
310336000044,Aurora High School,Aurora Public Schools,Aurora,382,102,Yes participating without using any Provision or the CEO,false,9th Grade,12th Grade
310336000045,Aurora Middle School,Aurora Public Schools,Aurora,256,78,Yes participating without using any Provision or the CEO,false,6th Grade,8th Grade
310336002221,Aurora Preschool,Aurora Public Schools,Aurora,72,23,No,false,Prekindergarten,Prekindergarten
310381001499,Avery Elementary School,Bellevue Public Schools,Bellevue,352,163,Yes participating without using any Provision or the CEO,false,Prekindergarten,6th Grade
310342000046,Axtell Elementary School,Axtell Community Schools,Axtell,200,52,Yes participating without using any Provision or the CEO,false,Prekindergarten,6th Grade
310342000047,Axtell High School,Axtell Community Schools,Axtell,135,36,Yes participating without using any Provision or the CEO,false,7th Grade,12th Grade
317482001937,Bancroft Elementary School,Omaha Public Schools,Omaha,535,,Yes under Community Eligibility Option (CEO),false,Prekindergarten,5th Grade
310344000657,Bancroft-Rosalie Elementary School,Bancroft-Rosalie Comm Schools,Bancroft,170,,Yes under Community Eligibility Option (CEO),false,Prekindergarten,6th Grade
310344000049,Bancroft-Rosalie Jr/Sr High School,Bancroft-Rosalie Comm Schools,Bancroft,114,,Yes under Community Eligibility Option (CEO),false,7th Grade,12th Grade
310006701043,Banner County Elementary School,Banner County Public Schools,Harrisburg,66,,Yes under Community Eligibility Option (CEO),false,Prekindergarten,5th Grade
310006701044,Banner County High School,Banner County Public Schools,Harrisburg,37,,Yes under Community Eligibility Option (CEO),false,9th Grade,12th Grade
310006702395,Banner County Middle School,Banner County Public Schools,Harrisburg,25,,Yes under Community Eligibility Option (CEO),false,6th Grade,8th Grade
310001601014,Barr Middle School,Grand Island Public Schools,Grand Island,648,,Yes under Community Eligibility Option (CEO),true,6th Grade,8th Grade
317617000212,Bassett Grade School,Rock County Public Schools,Bassett,138,38,Yes participating without using any Provision or the CEO,false,Prekindergarten,6th Grade
310354000054,Battle Creek Elementary School,Battle Creek Public Schools,Battle Creek,292,62,Yes participating without using any Provision or the CEO,false,Prekindergarten,6th Grade
310354000055,Battle Creek High School,Battle Creek Public Schools,Battle Creek,292,49,Yes participating without using any Provision or the CEO,false,7th Grade,12th Grade
310009000056,Bayard Elementary School,Bayard Public Schools,Bayard,166,,Yes under Community Eligibility Option (CEO),false,Prekindergarten,6th Grade
310009000057,Bayard Secondary School,Bayard Public Schools,Bayard,157,,Yes under Community Eligibility Option (CEO),false,7th Grade,12th Grade
317374000723,Beadle Middle School,Millard Public Schools,Omaha,1011,162,Yes participating without using any Provision or the CEO,false,6th Grade,8th Grade
317482001351,Beals Elementary School,Omaha Public Schools,Omaha,292,,Yes under Community Eligibility Option (CEO),false,Prekindergarten,6th Grade
310360002361,Beatrice Community Preschool,Beatrice Public Schools,Beatrice,211,109,No,false,Prekindergarten,Prekindergarten
310360002469,Beatrice Elementary School,Beatrice Public Schools,Beatrice,798,456,No,false,Prekindergarten,5th Grade
310360000058,Beatrice High School,Beatrice Public Schools,Beatrice,627,264,Yes participating without using any Provision or the CEO,false,9th Grade,12th Grade
310360000061,Beatrice Middle School,Beatrice Public Schools,Beatrice,466,230,Yes participating without using any Provision or the CEO,true,6th Grade,8th Grade
317284001137,Beattie Elementary School,Lincoln Public Schools,Lincoln,333,118,Yes participating without using any Provision or the CEO,false,Prekindergarten,5th Grade
317443001305,Bel Air Elementary School,Norfolk Public Schools,Norfolk,333,101,Yes participating without using any Provision or the CEO,false,Prekindergarten,4th Grade
317527002232,Bell Elementary,Papillion La Vista Community Schools,Papillion,488,58,Yes participating without using any Provision or the CEO,false,Prekindergarten,6th Grade
317071001331,Bell Field Elementary School,Fremont Public Schools,Fremont,282,196,Yes participating without using any Provision or the CEO,false,Prekindergarten,4th Grade
317482001352,Belle Ryan Elementary School,Omaha Public Schools,Omaha,278,,Yes under Community Eligibility Option (CEO),false,Prekindergarten,6th Grade
310381001500,Belleaire Elementary School,Bellevue Public Schools,Bellevue,328,205,Yes participating without using any Provision or the CEO,false,Prekindergarten,6th Grade
310381001501,Bellevue East Sr High School,Bellevue Public Schools,Bellevue,1420,539,Yes participating without using any Provision or the CEO,false,9th Grade,12th Grade
310381002231,Bellevue Elementary School,Bellevue Public Schools,Bellevue,475,95,Yes participating without using any Provision or the CEO,false,Prekindergarten,6th Grade
310381001512,Bellevue Mission Middle School,Bellevue Public Schools,Bellevue,406,188,Yes participating without using any Provision or the CEO,true,7th Grade,8th Grade
310381001502,Bellevue West Sr High School,Bellevue Public Schools,Bellevue,1529,440,Yes participating without using any Provision or the CEO,false,9th Grade,12th Grade
310000200975,Bellwood Elementary School,David City Public Schools,Bellwood,78,41,Yes participating without using any Provision or the CEO,false,Prekindergarten,5th Grade
317284001138,Belmont Elementary School,Lincoln Public Schools,Lincoln,773,,Yes under Community Eligibility Option (CEO),false,Prekindergarten,5th Grade
317482001353,Belvedere Elementary School,Omaha Public Schools,Omaha,364,,Yes under Community Eligibility Option (CEO),false,Prekindergarten,5th Grade
310007701886,Benkelman Elementary School,Dundy Co Stratton Public Schs,Benkelman,159,,Yes under Community Eligibility Option (CEO),false,Prekindergarten,6th Grade
310399000077,Bennington Elementary School,Bennington Public Schools,Bennington,368,51,Yes participating without using any Provision or the CEO,false,Prekindergarten,5th Grade
310399000078,Bennington High School,Bennington Public Schools,Bennington,1068,125,Yes participating without using any Provision or the CEO,false,9th Grade,12th Grade
310399002357,Bennington Middle School,Bennington Public Schools,Bennington,431,70,No,false,6th Grade,8th Grade
310399002439,Bennington South Middle School,Bennington Public Schools,Bennington,599,56,No,false,6th Grade,8th Grade
317482001354,Benson High School,Omaha Public Schools,Omaha,1488,,Yes under Community Eligibility Option (CEO),true,9th Grade,12th Grade
317482001355,Benson West Elementary School,Omaha Public Schools,Omaha,268,,Yes under Community Eligibility Option (CEO),false,Prekindergarten,5th Grade
310381001503,Bertha Barber Elementary Sch,Bellevue Public Schools,Bellevue,168,81,Yes participating without using any Provision or the CEO,false,Prekindergarten,6th Grade
310402000079,Bertrand Elementary School,Bertrand Public Schools,Bertrand,121,56,Yes participating without using any Provision or the CEO,false,Prekindergarten,6th Grade
310402000080,Bertrand High School,Bertrand Public Schools,Bertrand,115,61,Yes participating without using any Provision or the CEO,false,7th Grade,12th Grade
310381001504,Betz Elementary School,Bellevue Public Schools,Bellevue,241,148,Yes participating without using any Provision or the CEO,false,Prekindergarten,6th Grade
317482001356,Beveridge Magnet Middle School,Omaha Public Schools,Omaha,740,,Yes under Community Eligibility Option (CEO),true,6th Grade,8th Grade
310381001505,Birchcrest Elementary School,Bellevue Public Schools,Bellevue,360,180,Yes participating without using any Provision or the CEO,false,Prekindergarten,6th Grade
317374000372,Black Elk Elementary School,Millard Public Schools,Omaha,605,159,Yes participating without using any Provision or the CEO,false,Prekindergarten,5th Grade
310410000085,Blair Arbor Park Elementary,Blair Community Schools,Blair,494,137,Yes participating without using any Provision or the CEO,false,Prekindergarten,5th Grade
310410002205,Blair Deerfield Elementary,Blair Community Schools,Blair,397,93,Yes participating without using any Provision or the CEO,false,Prekindergarten,5th Grade
310410000086,Blair High School,Blair Community Schools,Blair,681,148,Yes participating without using any Provision or the CEO,false,9th Grade,12th Grade
310410000088,Blair South Preschool,Blair Community Schools,Blair,131,36,Yes participating without using any Provision or the CEO,false,Prekindergarten,Prekindergarten
310414000092,Bloomfield Elementary School,Bloomfield Community Schools,Bloomfield,146,65,Yes participating without using any Provision or the CEO,false,Prekindergarten,6th Grade
310414000093,Bloomfield Jr-Sr High School,Bloomfield Community Schools,Bloomfield,141,60,Yes participating without using any Provision or the CEO,false,7th Grade,12th Grade
310420000094,Blue Hill Elementary School,Blue Hill Community Schools,Blue Hill,183,43,Yes participating without using any Provision or the CEO,false,Prekindergarten,6th Grade
310420000095,Blue Hill High School,Blue Hill Community Schools,Blue Hill,132,31,Yes participating without using any Provision or the CEO,false,7th Grade,12th Grade
317011002373,Blue Sage Elementary,Elkhorn Public Schools,Elkhorn,664,19,No,false,Prekindergarten,5th Grade
317482002454,Bluestem Middle School,Omaha Public Schools,Omaha,894,,No,false,6th Grade,8th Grade
317647001581,Bluffs Middle School,Scottsbluff Public Schools,Scottsbluff,754,455,Yes participating without using any Provision or the CEO,true,6th Grade,8th Grade
317590001536,Blumfield Elementary School,Ralston Public Schools,Omaha,373,249,Yes participating without using any Provision or the CEO,false,Prekindergarten,6th Grade
310282000007,Boone Central Elem-Albion,Boone Central Schools,Albion,247,84,Yes participating without using any Provision or the CEO,false,Prekindergarten,4th Grade
310282000008,Boone Central High School,Boone Central Schools,Albion,210,65,Yes participating without using any Provision or the CEO,false,9th Grade,12th Grade
310282000701,Boone Central Middle School,Boone Central Schools,Albion,146,63,Yes participating without using any Provision or the CEO,false,5th Grade,8th Grade
310018702350,Boyd County Elementary (Butte),Boyd County Schools,Butte,68,29,No,false,Prekindergarten,4th Grade
310018702352,Boyd County Elementary (Lynch),Boyd County Schools,Lynch,48,31,No,false,Prekindergarten,4th Grade
310018702354,Boyd County High School (Spencer),Boyd County Schools,Spencer,97,46,No,false,9th Grade,12th Grade
310018702355,Boyd County Middle School (Spencer),Boyd County Schools,Spencer,92,49,No,true,5th Grade,8th Grade
317482001357,Boyd Elementary School,Omaha Public Schools,Omaha,547,,Yes under Community Eligibility Option (CEO),false,Prekindergarten,5th Grade
310429000098,Brady Elementary School,Brady Public Schools,Brady,83,31,Yes participating without using any Provision or the CEO,false,Prekindergarten,6th Grade
310429000099,Brady High School,Brady Public Schools,Brady,104,53,Yes participating without using any Provision or the CEO,false,7th Grade,12th Grade
310010500100,Bridgeport Elementary School,Bridgeport Public Schools,Bridgeport,272,,Yes under Community Eligibility Option (CEO),false,Prekindergarten,6th Grade
318013002347,Bridgeport Head Start,Educational Service Unit 13,Bridgeport,15,12,No,false,Prekindergarten,Prekindergarten
310010500101,Bridgeport High School,Bridgeport Public Schools,Bridgeport,253,,Yes under Community Eligibility Option (CEO),false,7th Grade,12th Grade
310001100103,Broken Bow High School,Broken Bow Public Schools,Broken Bow,234,88,Yes participating without using any Provision or the CEO,false,9th Grade,12th Grade
310001101882,Broken Bow Middle School,Broken Bow Public Schools,Broken Bow,166,64,Yes participating without using any Provision or the CEO,false,6th Grade,8th Grade
317284001140,Brownell Elementary School,Lincoln Public Schools,Lincoln,325,,Yes under Community Eligibility Option (CEO),false,Prekindergarten,5th Grade
310012400868,Bruning-Davenport Elem/Bruning,Bruning-Davenport Unified Sys,Bruning,48,10,Yes participating without using any Provision or the CEO,false,Prekindergarten,1st Grade
310012400877,Bruning-Davenport Elem/Davenpt,Bruning-Davenport Unified Sys,Davenport,38,12,Yes participating without using any Provision or the CEO,false,2nd Grade,4th Grade
310012400853,Bruning-Davenport High School,Bruning-Davenport Unified Sys,Bruning,50,15,Yes participating without using any Provision or the CEO,false,9th Grade,12th Grade
310012400865,Bruning-Davenport Middle Sch,Bruning-Davenport Unified Sys,Davenport,51,16,Yes participating without using any Provision or the CEO,false,5th Grade,8th Grade
317281001130,Bryan Elementary School,Lexington Public Schools,Lexington,385,199,Yes participating without using any Provision or the CEO,false,Prekindergarten,5th Grade
317374001241,Bryan Elementary School,Millard Public Schools,Omaha,359,194,Yes participating without using any Provision or the CEO,false,Prekindergarten,5th Grade
317482001359,Bryan High School,Omaha Public Schools,Omaha,1474,,Yes under Community Eligibility Option (CEO),true,9th Grade,12th Grade
317482001358,Bryan Middle School,Omaha Public Schools,Omaha,682,,Yes under Community Eligibility Option (CEO),true,6th Grade,8th Grade
317239001101,Bryant Elementary School,Kearney Public Schools,Kearney,248,144,Yes under Community Eligibility Option (CEO),false,Prekindergarten,5th Grade
317482002437,Buena Vista High School,Omaha Public Schools,Omaha,1494,,No,false,9th Grade,12th Grade
310002201322,Buffalo Early Learning Center,North Platte Public Schools,North Platte,133,,Yes under Community Eligibility Option (CEO),false,Prekindergarten,Prekindergarten
317239002265,Buffalo Hills Elementary,Kearney Public Schools,Kearney,272,48,Yes participating without using any Provision or the CEO,false,Prekindergarten,5th Grade
317482001360,Burke High School,Omaha Public Schools,Omaha,1693,,Yes under Community Eligibility Option (CEO),false,9th Grade,12th Grade
310464000111,Burwell Elementary School,Burwell Public Schools,Burwell,152,36,Yes participating without using any Provision or the CEO,false,Prekindergarten,6th Grade
310464000112,Burwell Jr-Sr High School,Burwell Public Schools,Burwell,115,33,Yes participating without using any Provision or the CEO,true,7th Grade,12th Grade
317383001264,C L Jones Middle School,Minden Public Schools,Minden,283,83,Yes participating without using any Provision or the CEO,false,4th Grade,8th Grade
310001200119,Callaway Elementary School,Callaway Public Schools,Callaway,98,41,Yes participating without using any Provision or the CEO,false,Prekindergarten,6th Grade
310001200120,Callaway High School,Callaway Public Schools,Callaway,74,23,Yes participating without using any Provision or the CEO,false,7th Grade,12th Grade
310333000040,Calvert Elementary,Auburn Public Schools,Auburn,531,201,Yes participating without using any Provision or the CEO,false,Prekindergarten,5th Grade
317284001142,Calvert Elementary School,Lincoln Public Schools,Lincoln,337,177,Yes participating without using any Provision or the CEO,false,Prekindergarten,5th Grade
310001500121,Cambridge Elementary School,Cambridge Public Schools,Cambridge,127,52,Yes participating without using any Provision or the CEO,false,Prekindergarten,4th Grade
310001500122,Cambridge High School,Cambridge Public Schools,Cambridge,81,27,Yes participating without using any Provision or the CEO,false,9th Grade,12th Grade
310001502316,Cambridge Middle School,Cambridge Public Schools,Cambridge,74,28,Yes participating without using any Provision or the CEO,true,5th Grade,8th Grade
317284000373,Campbell Elementary School,Lincoln Public Schools,Lincoln,669,,Yes under Community Eligibility Option (CEO),false,Prekindergarten,5th Grade
317686000236,Cardinal Elementary School,So Sioux City Community Schs,So Sioux City,424,257,Yes participating without using any Provision or the CEO,false,Prekindergarten,5th Grade
317866001710,Carl a Swanson Elementary School,Westside Community Schools,Omaha,283,63,Yes under Community Eligibility Option (CEO),false,Prekindergarten,6th Grade
317527001472,Carriage Hill Elementary Sch,Papillion La Vista Community Schools,Papillion,386,,Yes under Community Eligibility Option (CEO),false,Prekindergarten,6th Grade
317482000662,Castelar Elementary School,Omaha Public Schools,Omaha,574,,Yes under Community Eligibility Option (CEO),false,Prekindergarten,5th Grade
317482001362,Catlin Magnet Center,Omaha Public Schools,Omaha,110,,Yes under Community Eligibility Option (CEO),false,Prekindergarten,5th Grade
317284000379,Cavett Elementary School,Lincoln Public Schools,Lincoln,556,94,Yes participating without using any Provision or the CEO,false,Prekindergarten,5th Grade
310487000125,Cedar Bluffs Elementary School,Cedar Bluffs Public Schools,Cedar Bluffs,250,113,Yes participating without using any Provision or the CEO,false,Prekindergarten,5th Grade
310487000126,Cedar Bluffs High School,Cedar Bluffs Public Schools,Cedar Bluffs,121,56,Yes participating without using any Provision or the CEO,false,9th Grade,12th Grade
310487002279,Cedar Bluffs Middle School,Cedar Bluffs Public Schools,Cedar Bluffs,120,65,Yes participating without using any Provision or the CEO,false,6th Grade,8th Grade
317122002477,Cedar Hollow Elementary,Gretna Public Schools,Omaha,272,49,Yes participating without using any Provision or the CEO,false,Prekindergarten,5th Grade
317458000253,Cedar Hollow School,Northwest Public Schools,Grand Island,378,53,Yes participating without using any Provision or the CEO,false,Prekindergarten,8th Grade
310534001139,Centennial Elementary School,Columbus Public Schools,Columbus,353,219,Yes participating without using any Provision or the CEO,false,Prekindergarten,4th Grade
310009901670,Centennial Elementary School,Centennial Public Schools,Utica,263,70,Yes participating without using any Provision or the CEO,false,Prekindergarten,5th Grade
310009901671,Centennial Jr-Sr High School,Centennial Public Schools,Utica,151,46,Yes participating without using any Provision or the CEO,false,9th Grade,12th Grade
310009902447,Centennial Middle School,Centennial Public Schools,Utica,101,40,Yes participating without using any Provision or the CEO,false,6th Grade,8th Grade
310492000133,Central City Elementary School,Central City Public Schools,Central City,327,133,Yes participating without using any Provision or the CEO,false,Prekindergarten,4th Grade
310492000129,Central City High School,Central City Public Schools,Central City,243,77,Yes participating without using any Provision or the CEO,false,9th Grade,12th Grade
310492000130,Central City Middle School,Central City Public Schools,Central City,223,79,Yes participating without using any Provision or the CEO,false,5th Grade,8th Grade
310381001506,Central Elementary School,Bellevue Public Schools,Bellevue,187,99,Yes participating without using any Provision or the CEO,false,Prekindergarten,6th Grade
317044000946,Central Elementary School,Fairbury Public Schools,Fairbury,277,167,Yes participating without using any Provision or the CEO,false,Prekindergarten,2nd Grade
317239001102,Central Elementary School,Kearney Public Schools,Kearney,284,148,Yes under Community Eligibility Option (CEO),false,Prekindergarten,5th Grade
317347001219,Central Elementary School,Mc Cook Public Schools,Mc Cook,181,67,Yes participating without using any Provision or the CEO,false,4th Grade,5th Grade
317482001363,Central High School,Omaha Public Schools,Omaha,2587,,Yes under Community Eligibility Option (CEO),false,9th Grade,12th Grade
317482001364,Central Park Elementary School,Omaha Public Schools,Omaha,280,,Yes under Community Eligibility Option (CEO),false,Prekindergarten,5th Grade
310018502299,Central Valley Elem - Scotia,Central Valley Public Schools,Scotia,183,78,Yes participating without using any Provision or the CEO,false,Prekindergarten,6th Grade
310018502310,Central Valley High School,Central Valley Public Schools,Greeley,133,59,Yes participating without using any Provision or the CEO,true,7th Grade,12th Grade
310018502302,Central Valley PK - Greeley,Central Valley Public Schools,Greeley,12,3,Yes participating without using any Provision or the CEO,false,Prekindergarten,Prekindergarten
316295000817,Centura Elementary School,Centura Public Schools,Cairo,273,90,Yes participating without using any Provision or the CEO,false,Prekindergarten,6th Grade
316295000818,Centura Secondary School,Centura Public Schools,Cairo,190,60,Yes participating without using any Provision or the CEO,false,7th Grade,12th Grade
310498000140,Chadron Intermediate,Chadron Public Schools,Chadron,112,44,Yes participating without using any Provision or the CEO,false,3rd Grade,4th Grade
310498000141,Chadron Middle School,Chadron Public Schools,Chadron,295,112,Yes participating without using any Provision or the CEO,false,5th Grade,8th Grade
310498000139,Chadron Primary,Chadron Public Schools,Chadron,221,84,Yes participating without using any Provision or the CEO,false,Prekindergarten,2nd Grade
310498000138,Chadron Senior High School,Chadron Public Schools,Chadron,242,78,Yes participating without using any Provision or the CEO,false,9th Grade,12th Grade
317680001907,Chalk Butte School,Sioux County Public Schools,Morrill,16,3,No,false,Prekindergarten,8th Grade
310501000142,Chambers Elementary School,Chambers Public Schools,Chambers,71,21,Yes participating without using any Provision or the CEO,false,Prekindergarten,6th Grade
310501000143,Chambers High School,Chambers Public Schools,Chambers,47,21,Yes participating without using any Provision or the CEO,false,7th Grade,12th Grade
317482001365,Chandler View Elementary School,Omaha Public Schools,Omaha,368,,Yes under Community Eligibility Option (CEO),false,Prekindergarten,5th Grade
310016301773,Chase County Elementary School,Chase County Schools,Imperial,221,103,Yes participating without using any Provision or the CEO,false,Prekindergarten,4th Grade
310016301772,Chase County High School,Chase County Schools,Imperial,208,90,Yes participating without using any Provision or the CEO,false,9th Grade,12th Grade
310016302334,Chase County Middle School,Chase County Schools,Imperial,179,74,Yes participating without using any Provision or the CEO,false,5th Grade,8th Grade
310516000150,Clarkson Elementary School,Clarkson Public Schools,Clarkson,106,35,Yes participating without using any Provision or the CEO,false,Prekindergarten,6th Grade
310516000151,Clarkson Jr-Sr High School,Clarkson Public Schools,Clarkson,106,36,Yes participating without using any Provision or the CEO,false,7th Grade,12th Grade
317284001143,Clinton Elementary School,Lincoln Public Schools,Lincoln,457,,Yes under Community Eligibility Option (CEO),false,Prekindergarten,5th Grade
310002201323,Cody Elementary School,North Platte Public Schools,North Platte,225,,Yes under Community Eligibility Option (CEO),false,Prekindergarten,5th Grade
317374001244,Cody Elementary School,Millard Public Schools,Omaha,307,171,Yes participating without using any Provision or the CEO,false,Prekindergarten,5th Grade
310528000156,Cody-Kilgore Elementary School,Cody-Kilgore Public Schs,Kilgore,73,38,Yes under Community Eligibility Option (CEO),false,Prekindergarten,5th Grade
310528000157,Cody-Kilgore High School,Cody-Kilgore Public Schs,Cody,47,27,Yes under Community Eligibility Option (CEO),false,9th Grade,12th Grade
310528002306,Cody-Kilgore Middle School,Cody-Kilgore Public Schs,Cody,32,15,Yes under Community Eligibility Option (CEO),true,6th Grade,8th Grade
317482001367,Columbian Elementary School,Omaha Public Schools,Omaha,249,,Yes under Community Eligibility Option (CEO),false,Prekindergarten,5th Grade
310534000168,Columbus High School,Columbus Public Schools,Columbus,1337,694,No,false,9th Grade,12th Grade
310534000165,Columbus Middle School,Columbus Public Schools,Columbus,1166,715,Yes participating without using any Provision or the CEO,true,5th Grade,8th Grade
317420001818,Conestoga Elementary School,Conestoga Public Schools,Murray,376,102,Yes participating without using any Provision or the CEO,false,Prekindergarten,6th Grade
317420001290,Conestoga Jr/Sr High School,Conestoga Public Schools,Murray,321,87,Yes participating without using any Provision or the CEO,false,7th Grade,12th Grade
317482001370,Conestoga Magnet Elementary School,Omaha Public Schools,Omaha,325,,Yes under Community Eligibility Option (CEO),false,Prekindergarten,6th Grade
317374001245,Cottonwood Elementary School,Millard Public Schools,Omaha,303,108,Yes participating without using any Provision or the CEO,false,Prekindergarten,5th Grade
317686001313,Covington Elementary School,So Sioux City Community Schs,So Sioux City,408,304,Yes participating without using any Provision or the CEO,false,Prekindergarten,5th Grade
310546000176,Cozad Early Education Center,Cozad Community Schools,Cozad,69,26,Yes participating without using any Provision or the CEO,false,Prekindergarten,Prekindergarten
310546000175,Cozad Elementary School,Cozad Community Schools,Cozad,432,254,Yes participating without using any Provision or the CEO,false,Prekindergarten,5th Grade
310546000173,Cozad High School,Cozad Community Schools,Cozad,248,114,Yes participating without using any Provision or the CEO,false,9th Grade,12th Grade
310546000174,Cozad Middle School,Cozad Community Schools,Cozad,216,93,Yes participating without using any Provision or the CEO,true,6th Grade,8th Grade
310552000177,Crawford Elementary School,Crawford Public Schools,Crawford,87,54,Yes participating without using any Provision or the CEO,false,Prekindergarten,6th Grade
310552000178,Crawford High School,Crawford Public Schools,Crawford,79,49,Yes participating without using any Provision or the CEO,false,7th Grade,12th Grade
310014001423,Creek Valley Elementary School,Creek Valley Schools,Chappell,104,59,Yes participating without using any Provision or the CEO,false,Prekindergarten,5th Grade
310014001419,Creek Valley High School,Creek Valley Schools,Chappell,53,29,Yes participating without using any Provision or the CEO,false,9th Grade,12th Grade
310014001421,Creek Valley Middle School,Creek Valley Schools,Chappell,37,21,Yes participating without using any Provision or the CEO,false,6th Grade,8th Grade
310555000179,Creighton Community High Sch,Creighton Community Public Schools,Creighton,140,27,Yes participating without using any Provision or the CEO,false,7th Grade,12th Grade
310555000180,Creighton Elementary School,Creighton Community Public Schools,Creighton,173,57,Yes participating without using any Provision or the CEO,false,Prekindergarten,6th Grade
317482001372,Crestridge Magnet Center,Omaha Public Schools,Omaha,406,,Yes under Community Eligibility Option (CEO),false,Prekindergarten,5th Grade
310009500181,Crete Elementary School,Crete Public Schools,Crete,438,289,Yes under Community Eligibility Option (CEO),false,Prekindergarten,2nd Grade
310009500182,Crete High School,Crete Public Schools,Crete,705,443,Yes under Community Eligibility Option (CEO),true,9th Grade,12th Grade
310009502345,Crete Intermediate School,Crete Public Schools,Crete,455,321,Yes under Community Eligibility Option (CEO),false,3rd Grade,5th Grade
310009501759,Crete Middle School,Crete Public Schools,Crete,471,307,Yes under Community Eligibility Option (CEO),true,6th Grade,8th Grade
310009502383,Crete Preschool,Crete Public Schools,Crete,206,137,No,false,Prekindergarten,Prekindergarten
310563000183,Crofton Elementary School,Crofton Community Schools,Crofton,193,53,Yes participating without using any Provision or the CEO,false,Prekindergarten,6th Grade
310563000184,Crofton High School,Crofton Community Schools,Crofton,171,38,Yes participating without using any Provision or the CEO,false,7th Grade,12th Grade
310013001224,Cross County Elementary School,Cross County Community Schools,Stromsburg,178,49,Yes participating without using any Provision or the CEO,false,Prekindergarten,5th Grade
310013001182,Cross County High School,Cross County Community Schools,Stromsburg,120,32,Yes participating without using any Provision or the CEO,false,9th Grade,12th Grade
310013001180,Cross County Middle School,Cross County Community Schools,Stromsburg,74,20,Yes participating without using any Provision or the CEO,false,6th Grade,8th Grade
317284001141,Culler Middle School,Lincoln Public Schools,Lincoln,677,,Yes under Community Eligibility Option (CEO),true,6th Grade,8th Grade
317802000883,Cutcomb Lake School,Valentine Community Schools,Cody,4,,No,false,Prekindergarten,8th Grade
317686001610,Dakota City Elementary School,So Sioux City Community Schs,Dakota City,246,164,Yes participating without using any Provision or the CEO,false,Prekindergarten,5th Grade
310000200191,David City Elementary School,David City Public Schools,David City,315,112,Yes participating without using any Provision or the CEO,false,Prekindergarten,6th Grade
310000200192,David City Secondary School,David City Public Schools,David City,307,118,Yes participating without using any Provision or the CEO,false,7th Grade,12th Grade
317284001145,Dawes Middle School,Lincoln Public Schools,Lincoln,395,,Yes under Community Eligibility Option (CEO),true,6th Grade,8th Grade
317071000973,Deer Pointe Elementary,Fremont Public Schools,Fremont,290,147,Yes participating without using any Provision or the CEO,false,Prekindergarten,4th Grade
310591000197,Deshler Elementary School,Deshler Public Schools,Deshler,126,56,Yes participating without using any Provision or the CEO,false,Prekindergarten,6th Grade
310591000198,Deshler High School,Deshler Public Schools,Deshler,120,39,Yes participating without using any Provision or the CEO,true,7th Grade,12th Grade
310012500746,Diller-Odell Elem School,Diller-Odell Public Schools,Diller,137,39,Yes participating without using any Provision or the CEO,false,Prekindergarten,6th Grade
310012500744,Diller-Odell Secondary School,Diller-Odell Public Schools,Odell,105,20,Yes participating without using any Provision or the CEO,false,7th Grade,12th Grade
310001601016,Dodge Elementary School,Grand Island Public Schools,Grand Island,436,,Yes under Community Eligibility Option (CEO),false,Prekindergarten,5th Grade
317482001374,Dodge Elementary School,Omaha Public Schools,Omaha,479,,Yes under Community Eligibility Option (CEO),false,Prekindergarten,5th Grade
310012100752,Doniphan-Trumbull Elementary,Doniphan-Trumbull Public Schs,Doniphan,280,71,Yes participating without using any Provision or the CEO,false,Prekindergarten,6th Grade
310012100750,Doniphan-Trumbull Secondary,Doniphan-Trumbull Public Schs,Doniphan,221,42,Yes participating without using any Provision or the CEO,false,7th Grade,12th Grade
316984000912,Dorchester Elementary School,Dorchester Public School,Dorchester,141,52,Yes participating without using any Provision or the CEO,false,Prekindergarten,6th Grade
316984000913,Dorchester High School,Dorchester Public School,Dorchester,89,44,Yes participating without using any Provision or the CEO,false,7th Grade,12th Grade
310016501790,Douglas Co West Elementary Sch,Douglas Co West Community Schs,Valley,537,157,Yes participating without using any Provision or the CEO,false,Prekindergarten,5th Grade
310016501786,Douglas Co West High School,Douglas Co West Community Schs,Valley,326,72,Yes participating without using any Provision or the CEO,false,9th Grade,12th Grade
310016501787,Douglas Co West Middle School,Douglas Co West Community Schs,Valley,233,59,Yes participating without using any Provision or the CEO,false,6th Grade,8th Grade
317482000666,Druid Hill Elementary School,Omaha Public Schools,Omaha,294,,Yes under Community Eligibility Option (CEO),false,Prekindergarten,5th Grade
317110001011,Dudley Elementary School,Gothenburg Public Schools,Gothenburg,416,183,Yes participating without using any Provision or the CEO,false,Prekindergarten,6th Grade
317482001376,Dundee Elementary School,Omaha Public Schools,Omaha,468,,Yes under Community Eligibility Option (CEO),false,Prekindergarten,6th Grade
310007701885,Dundy Co Stratton High School,Dundy Co Stratton Public Schs,Benkelman,126,,Yes under Community Eligibility Option (CEO),false,7th Grade,12th Grade
317686002273,E N Swett Elementary School,So Sioux City Community Schs,So Sioux City,238,,Yes under Community Eligibility Option (CEO),false,Prekindergarten,Prekindergarten
310002101697,Eagle Elementary School,Waverly School District 145,Eagle,264,71,Yes participating without using any Provision or the CEO,false,Prekindergarten,5th Grade
317284002444,Early Childhood at Northwest High School,Lincoln Public Schools,Lincoln,26,21,No,false,Prekindergarten,Prekindergarten
317284002458,Early Childhood at Standing Bear HS,Lincoln Public Schools,Lincoln,21,5,No,false,Prekindergarten,Prekindergarten
317482002234,Early Childhood Center at Educare - Indian Hill,Omaha Public Schools,Omaha,190,,No,false,Prekindergarten,Prekindergarten
317482002007,Early Childhood Center at Educare - Kellom,Omaha Public Schools,Omaha,154,,No,false,Prekindergarten,Prekindergarten
317482002015,Early Childhood Center at Gateway,Omaha Public Schools,Omaha,64,,Yes under Community Eligibility Option (CEO),false,Prekindergarten,Prekindergarten
317647002220,Early Childhood Learning Center,Scottsbluff Public Schools,Scottsbluff,180,,Yes under Community Eligibility Option (CEO),false,Prekindergarten,Prekindergarten
310001101855,Early Childhood Services,Broken Bow Public Schools,Broken Bow,43,6,Yes participating without using any Provision or the CEO,false,Prekindergarten,Prekindergarten
317281000539,Early Learning Academy,Lexington Public Schools,Lexington,279,161,Yes participating without using any Provision or the CEO,false,Prekindergarten,Prekindergarten
318013002407,Early Learning Center,Educational Service Unit 13,Scottsbluff,15,12,No,false,Prekindergarten,Prekindergarten
317482002326,Early Learning Center (0-3) at Gateway,Omaha Public Schools,Omaha,39,,No,false,Prekindergarten,Prekindergarten
317482002408,Early Learning Center (0-3) at Kennedy,Omaha Public Schools,Omaha,11,,No,false,Prekindergarten,Prekindergarten
317482002409,Early Learning Center (PK) at Kennedy,Omaha Public Schools,Omaha,58,,No,false,Prekindergarten,Prekindergarten
317284001146,Eastridge Elementary School,Lincoln Public Schools,Lincoln,264,80,Yes participating without using any Provision or the CEO,false,Prekindergarten,5th Grade
317422002327,Eastward Elementary School,Neligh-Oakdale Schools,Neligh,93,61,Yes participating without using any Provision or the CEO,false,3rd Grade,6th Grade
317284000695,Ecse - Homebased,Lincoln Public Schools,Lincoln,527,23,No,false,Prekindergarten,Prekindergarten
317482001377,Edison Elementary School,Omaha Public Schools,Omaha,360,,Yes under Community Eligibility Option (CEO),false,Prekindergarten,5th Grade
317284002276,Educare of Lincoln,Lincoln Public Schools,Lincoln,124,101,Yes under Community Eligibility Option (CEO),false,Prekindergarten,Prekindergarten
310002201324,Eisenhower Elementary School,North Platte Public Schools,North Platte,217,,Yes under Community Eligibility Option (CEO),false,Prekindergarten,5th Grade
317002000920,Elba Elementary School,Elba Public Schools,Elba,52,,Yes under Community Eligibility Option (CEO),false,Prekindergarten,6th Grade
317002000921,Elba Secondary School,Elba Public Schools,Elba,53,,Yes under Community Eligibility Option (CEO),true,7th Grade,12th Grade
317521001469,Elementary at Bennet,Palmyra District O R 1,Bennet,385,45,Yes participating without using any Provision or the CEO,false,Prekindergarten,5th Grade
310495000136,Elementary Sch at Valparaiso,Raymond Central Public Schools,Valparaiso,149,32,Yes participating without using any Provision or the CEO,false,Prekindergarten,5th Grade
310000300916,Elementary School at Brainard,East Butler Public Schools,Brainard,124,33,Yes participating without using any Provision or the CEO,false,Prekindergarten,6th Grade
310495000135,Elementary School at Ceresco,Raymond Central Public Schools,Ceresco,134,21,Yes participating without using any Provision or the CEO,false,Prekindergarten,5th Grade
310000300917,Elementary School at Dwight,East Butler Public Schools,Dwight,52,11,Yes participating without using any Provision or the CEO,false,Prekindergarten,6th Grade
310011100481,Elementary School at Eustis,Eustis-Farnam Public Schools,Eustis,115,42,Yes participating without using any Provision or the CEO,false,Prekindergarten,6th Grade
317638001569,Elementary School at Halsey,Sandhills Public Schools,Halsey,50,32,Yes participating without using any Provision or the CEO,false,Prekindergarten,6th Grade
317233501911,Elementary School at Johnson,Johnson-Brock Public Schools,Johnson,167,39,Yes participating without using any Provision or the CEO,false,Prekindergarten,5th Grade
310007601584,Elementary School at Scribner,Scribner-Snyder Community Schs,Scribner,94,34,Yes participating without using any Provision or the CEO,false,Prekindergarten,6th Grade
317734001641,Elementary School at Sumner,Sumner-Eddyville-Miller Schs,Sumner,112,61,Yes participating without using any Provision or the CEO,false,Prekindergarten,6th Grade
317755001653,Elementary School at Syracuse,Syracuse-Dunbar-Avoca Schools,Syracuse,277,48,Yes participating without using any Provision or the CEO,false,Prekindergarten,3rd Grade
310007101661,Elementary School at Tekamah,Tekamah-Herman Community Schs,Tekamah,288,91,Yes participating without using any Provision or the CEO,false,Prekindergarten,6th Grade
317872001727,Elementary School at Wilber,Wilber-Clatonia Public Schools,Wilber,254,87,Yes participating without using any Provision or the CEO,false,Prekindergarten,5th Grade
317005000922,Elgin Elementary School,Elgin Public Schools,Elgin,103,58,Yes participating without using any Provision or the CEO,false,Prekindergarten,6th Grade
317005000923,Elgin High School,Elgin Public Schools,Elgin,79,31,Yes participating without using any Provision or the CEO,false,7th Grade,12th Grade
317011002305,Elkhorn Grandview Middle School,Elkhorn Public Schools,Omaha,520,84,Yes participating without using any Provision or the CEO,false,6th Grade,8th Grade
317011000927,Elkhorn High School,Elkhorn Public Schools,Elkhorn,769,142,Yes participating without using any Provision or the CEO,false,9th Grade,12th Grade
317011001800,Elkhorn Middle School,Elkhorn Public Schools,Elkhorn,631,124,Yes participating without using any Provision or the CEO,false,6th Grade,8th Grade
317011002413,Elkhorn North High School,Elkhorn Public Schools,Omaha,1050,121,No,false,9th Grade,12th Grade
317011002426,Elkhorn North Ridge Middle School,Elkhorn Public Schools,Omaha,424,39,No,false,6th Grade,8th Grade
317011002182,Elkhorn Ridge Middle School,Elkhorn Public Schools,Omaha,576,35,Yes participating without using any Provision or the CEO,false,6th Grade,8th Grade
317011002240,Elkhorn South High School,Elkhorn Public Schools,Omaha,1434,87,Yes participating without using any Provision or the CEO,false,9th Grade,12th Grade
310002501664,Elkhorn Valley Elementary Sch,Elkhorn Valley Schools,Tilden,252,73,Yes participating without using any Provision or the CEO,false,Prekindergarten,6th Grade
310002501665,Elkhorn Valley High School,Elkhorn Valley Schools,Tilden,190,48,Yes participating without using any Provision or the CEO,false,7th Grade,12th Grade
317011002245,Elkhorn Valley View Middle School,Elkhorn Public Schools,Elkhorn,679,34,Yes participating without using any Provision or the CEO,false,6th Grade,8th Grade
317284001147,Elliott Elementary School,Lincoln Public Schools,Lincoln,397,,Yes under Community Eligibility Option (CEO),false,Prekindergarten,5th Grade
317014000929,Elm Creek Elementary School,Elm Creek Public Schools,Elm Creek,215,67,Yes participating without using any Provision or the CEO,false,Prekindergarten,6th Grade
317014000930,Elm Creek High School,Elm Creek Public Schools,Elm Creek,149,36,Yes participating without using any Provision or the CEO,false,7th Grade,12th Grade
310199202107,Elmwood-Murdock Elem School,Elmwood-Murdock Public Schools,Elmwood,301,50,Yes participating without using any Provision or the CEO,false,Prekindergarten,6th Grade
310199201992,Elmwood-Murdock Jr/Sr High Sch,Elmwood-Murdock Public Schools,Murdock,205,20,Yes participating without using any Provision or the CEO,false,7th Grade,12th Grade
317022000933,Elwood Elementary School,Elwood Public Schools,Elwood,115,43,Yes participating without using any Provision or the CEO,false,Prekindergarten,6th Grade
317022000934,Elwood High School,Elwood Public Schools,Elwood,89,22,Yes participating without using any Provision or the CEO,false,7th Grade,12th Grade
310291000014,Emerson Elementary School,Alliance Public Schools,Alliance,237,155,Yes participating without using any Provision or the CEO,false,Prekindergarten,2nd Grade
310534000161,Emerson Elementary School,Columbus Public Schools,Columbus,286,180,Yes participating without using any Provision or the CEO,false,Prekindergarten,4th Grade
317239001103,Emerson Elementary School,Kearney Public Schools,Kearney,235,128,Yes under Community Eligibility Option (CEO),false,Prekindergarten,5th Grade
310014101428,Emerson-Hubbard Elementary Sch,Emerson-Hubbard Public Schools,Emerson,100,62,Yes participating without using any Provision or the CEO,false,Prekindergarten,5th Grade
310014101425,Emerson-Hubbard High School,Emerson-Hubbard Public Schools,Emerson,71,38,Yes participating without using any Provision or the CEO,false,9th Grade,12th Grade
310014102390,Emerson-Hubbard Middle School,Emerson-Hubbard Public Schools,Emerson,40,21,No,false,6th Grade,8th Grade
310001601863,Engleman Elementary School,Grand Island Public Schools,Grand Island,448,,Yes under Community Eligibility Option (CEO),false,Prekindergarten,5th Grade
318003002404,ESU 3 Head Start - Belleaire,Educational Service Unit 03,Bellevue,16,13,No,false,Prekindergarten,Prekindergarten
318003002398,ESU 3 Head Start - Bellevue West,Educational Service Unit 03,Bellevue,8,,No,false,Prekindergarten,Prekindergarten
318003002389,ESU 3 Head Start - Fort Crook,Educational Service Unit 03,Bellevue,16,13,No,false,Prekindergarten,Prekindergarten
318003002400,ESU 3 Head Start - Golden Hills,Educational Service Unit 03,Bellevue,39,36,No,false,Prekindergarten,Prekindergarten
318003002386,ESU 3 Head Start - Parkview Heights,Educational Service Unit 03,Lavista,14,11,No,false,Prekindergarten,Prekindergarten
318003002392,ESU 3 Head Start - Peter Sarpy,Educational Service Unit 03,Bellevue,8,,No,false,Prekindergarten,Prekindergarten
318003002394,ESU 3 Head Start - Sccdc,Educational Service Unit 03,Papillion,27,24,No,false,Prekindergarten,Prekindergarten
318003002432,ESU 3 Papillion Lavista Early Childhood Center,Educational Service Unit 03,Papillion,8,,No,false,Prekindergarten,Prekindergarten
310011100470,Eustis-Farnam High School,Eustis-Farnam Public Schools,Eustis,67,19,Yes participating without using any Provision or the CEO,false,7th Grade,12th Grade
310002101865,Evelyn Hamlow Elementary,Waverly School District 145,Waverly,325,57,Yes participating without using any Provision or the CEO,false,Prekindergarten,2nd Grade
317284001168,Everett Elementary School,Lincoln Public Schools,Lincoln,480,,Yes under Community Eligibility Option (CEO),false,Prekindergarten,5th Grade
310013301346,Exeter-Milligan Elem-Exeter,Exeter-Milligan Public Schools,Exeter,97,15,No,false,Prekindergarten,5th Grade
310013301344,Exeter-Milligan High School,Exeter-Milligan Public Schools,Exeter,46,6,No,false,9th Grade,12th Grade
310013302427,Exeter-Milligan Middle School,Exeter-Milligan Public Schools,Exeter,27,,No,false,6th Grade,8th Grade
317374001935,Ezra Millard Elementary Sch,Millard Public Schools,Omaha,485,153,Yes participating without using any Provision or the CEO,false,Prekindergarten,5th Grade
317044000948,Fairbury Jr-Sr High School,Fairbury Public Schools,Fairbury,370,176,Yes participating without using any Provision or the CEO,false,7th Grade,12th Grade
310381000838,Fairview Elementary School,Bellevue Public Schools,Bellevue,486,71,Yes participating without using any Provision or the CEO,false,Prekindergarten,6th Grade
317122002419,Falling Waters Elementary School,Gretna Public Schools,Omaha,417,47,No,false,Prekindergarten,5th Grade
317053001804,Falls City Middle School,Falls City Public Schools,Falls City,168,84,Yes participating without using any Provision or the CEO,true,6th Grade,8th Grade
317053000960,Falls City North Elementary,Falls City Public Schools,Falls City,341,127,Yes participating without using any Provision or the CEO,false,Prekindergarten,2nd Grade
317053000959,Falls City Senior High,Falls City Public Schools,Falls City,216,100,Yes participating without using any Provision or the CEO,false,9th Grade,12th Grade
317053000961,Falls City South Elementary,Falls City Public Schools,Falls City,174,87,Yes participating without using any Provision or the CEO,false,3rd Grade,5th Grade
317482001378,Field Club Elementary School,Omaha Public Schools,Omaha,638,,Yes under Community Eligibility Option (CEO),false,Prekindergarten,5th Grade
310011800992,Fillmore Central Elementary,Fillmore Central Public Schs,Geneva,253,67,Yes participating without using any Provision or the CEO,false,Prekindergarten,4th Grade
310011800993,Fillmore Central High School,Fillmore Central Public Schs,Geneva,175,57,Yes participating without using any Provision or the CEO,false,9th Grade,12th Grade
310011800734,Fillmore Central Middle School,Fillmore Central Public Schs,Fairmont,169,49,Yes participating without using any Provision or the CEO,false,5th Grade,8th Grade
317011001784,Fire Ridge Elementary School,Elkhorn Public Schools,Elkhorn,469,35,Yes participating without using any Provision or the CEO,false,Prekindergarten,5th Grade
317482001379,Florence Elementary School,Omaha Public Schools,Omaha,258,,Yes under Community Eligibility Option (CEO),false,Prekindergarten,5th Grade
317482001380,Fontenelle Elementary School,Omaha Public Schools,Omaha,452,,Yes under Community Eligibility Option (CEO),false,Prekindergarten,5th Grade
317482002435,Forest Station Elementary School,Omaha Public Schools,Bellevue,362,,No,false,Prekindergarten,5th Grade
317065000968,Fort Calhoun Elementary School,Fort Calhoun Community Schs,Fort Calhoun,460,70,Yes participating without using any Provision or the CEO,false,Prekindergarten,6th Grade
317065000969,Fort Calhoun Jr-Sr High School,Fort Calhoun Community Schs,Fort Calhoun,382,60,Yes participating without using any Provision or the CEO,false,7th Grade,12th Grade
310381001508,Fort Crook Elementary School,Bellevue Public Schools,Bellevue,269,97,Yes participating without using any Provision or the CEO,false,Prekindergarten,6th Grade
310006500970,Franklin Elementary School,Franklin Public Schools,Franklin,155,,Yes under Community Eligibility Option (CEO),false,Prekindergarten,5th Grade
317482001381,Franklin Elementary School,Omaha Public Schools,Omaha,243,,Yes under Community Eligibility Option (CEO),false,Prekindergarten,6th Grade
310006500971,Franklin High School,Franklin Public Schools,Franklin,77,,Yes under Community Eligibility Option (CEO),false,9th Grade,12th Grade
310006502440,Franklin Middle School,Franklin Public Schools,Franklin,54,,Yes under Community Eligibility Option (CEO),false,6th Grade,8th Grade
317284001851,Fredstrom Elementary School,Lincoln Public Schools,Lincoln,443,160,Yes participating without using any Provision or the CEO,false,Prekindergarten,5th Grade
310011600594,Freeman Elementary-Adams,Freeman Public Schools,Adams,280,43,Yes participating without using any Provision or the CEO,false,Prekindergarten,6th Grade
310011600593,Freeman High School,Freeman Public Schools,Adams,220,29,Yes participating without using any Provision or the CEO,false,7th Grade,12th Grade
317071000978,Fremont Middle School,Fremont Public Schools,Fremont,689,452,Yes participating without using any Provision or the CEO,true,7th Grade,8th Grade
317071000984,Fremont Senior High School,Fremont Public Schools,Fremont,1677,1006,Yes participating without using any Provision or the CEO,false,9th Grade,12th Grade
310009600987,Friend Elementary School,Friend Public Schools,Friend,127,30,Yes participating without using any Provision or the CEO,false,Prekindergarten,6th Grade
310009600988,Friend High Schools,Friend Public Schools,Friend,100,19,Yes participating without using any Provision or the CEO,false,7th Grade,12th Grade
310009100989,Fullerton Elementary School,Fullerton Public Schools,Fullerton,154,41,Yes participating without using any Provision or the CEO,false,Prekindergarten,6th Grade
310009100990,Fullerton High School,Fullerton Public Schools,Fullerton,149,40,Yes participating without using any Provision or the CEO,false,7th Grade,12th Grade
317482000591,Fullerton Magnet Center,Omaha Public Schools,Omaha,550,,Yes under Community Eligibility Option (CEO),false,Prekindergarten,5th Grade
317527001473,G Stanley Hall Elementary Sch,Papillion La Vista Community Schools,La Vista,417,,Yes under Community Eligibility Option (CEO),false,Prekindergarten,6th Grade
317080001806,Garden County Elementary Sch,Garden County Schools,Oshkosh,140,103,Yes participating without using any Provision or the CEO,false,Prekindergarten,6th Grade
317080000991,Garden County Junior/Senior High School,Garden County Schools,Oshkosh,96,65,Yes participating without using any Provision or the CEO,true,7th Grade,12th Grade
310001601015,Gates Elementary School,Grand Island Public Schools,Grand Island,284,,Yes under Community Eligibility Option (CEO),false,Prekindergarten,5th Grade
317482002280,Gateway Elementary School,Omaha Public Schools,Omaha,792,,Yes under Community Eligibility Option (CEO),false,Prekindergarten,5th Grade
310009800998,Geil Elementary School,Gering Public Schools,Gering,305,135,Yes participating without using any Provision or the CEO,false,Prekindergarten,5th Grade
310410000516,Gerald Otte Blair Middle Sch,Blair Community Schools,Blair,481,106,Yes participating without using any Provision or the CEO,false,6th Grade,8th Grade
310009801763,Gering Early Childhood Program,Gering Public Schools,Gering,99,19,Yes participating without using any Provision or the CEO,false,Prekindergarten,Prekindergarten
310009800999,Gering High School,Gering Public Schools,Gering,546,229,Yes participating without using any Provision or the CEO,false,9th Grade,12th Grade
310009801000,Gering Middle School,Gering Public Schools,Gering,408,191,Yes participating without using any Provision or the CEO,false,6th Grade,8th Grade
317098001005,Gibbon Elementary School,Gibbon Public Schools,Gibbon,324,148,Yes participating without using any Provision or the CEO,false,Prekindergarten,6th Grade
317098001006,Gibbon High School,Gibbon Public Schools,Gibbon,251,122,Yes participating without using any Provision or the CEO,false,7th Grade,12th Grade
317482002406,Gifford Park Elementary School,Omaha Public Schools,Omaha,399,,No,false,Prekindergarten,6th Grade
317482001382,Gilder Elementary School,Omaha Public Schools,Omaha,389,,Yes under Community Eligibility Option (CEO),false,Prekindergarten,5th Grade
317101001007,Giltner Elementary School,Giltner Public Schools,Giltner,150,39,Yes participating without using any Provision or the CEO,false,Prekindergarten,6th Grade
317101001008,Giltner High School,Giltner Public Schools,Giltner,93,28,Yes participating without using any Provision or the CEO,false,7th Grade,12th Grade
317239001947,Glenwood Elementary School,Kearney Public Schools,Kearney,118,10,Yes participating without using any Provision or the CEO,false,Prekindergarten,5th Grade
317527001474,Golden Hills Elementary School,Papillion La Vista Community Schools,Bellevue,253,,Yes under Community Eligibility Option (CEO),false,Prekindergarten,6th Grade
317482001439,Gomez Heritage Elementary School,Omaha Public Schools,Omaha,711,,Yes under Community Eligibility Option (CEO),false,Prekindergarten,5th Grade
317284001149,Goodrich Middle School,Lincoln Public Schools,Lincoln,849,,Yes under Community Eligibility Option (CEO),true,6th Grade,8th Grade
310017001847,Gordon-Rushville Ele-Rushville,Gordon-Rushville Public Schs,Rushville,126,,Yes under Community Eligibility Option (CEO),false,Prekindergarten,5th Grade
310017001840,Gordon-Rushville Elem-Gordon,Gordon-Rushville Public Schs,Gordon,156,,Yes under Community Eligibility Option (CEO),false,Prekindergarten,5th Grade
310017001839,Gordon-Rushville High School,Gordon-Rushville Public Schs,Gordon,125,,Yes under Community Eligibility Option (CEO),true,9th Grade,12th Grade
310017001850,Gordon-Rushville Middle School,Gordon-Rushville Public Schs,Rushville,114,,Yes under Community Eligibility Option (CEO),true,6th Grade,8th Grade
317110001012,Gothenburg Secondary School,Gothenburg Public Schools,Gothenburg,353,123,Yes participating without using any Provision or the CEO,false,7th Grade,12th Grade
317374001835,Grace Abbott Elem School,Millard Public Schools,Omaha,454,79,Yes participating without using any Provision or the CEO,false,Prekindergarten,5th Grade
310001601023,Grand Island Senior High School,Grand Island Public Schools,Grand Island,2696,,Yes under Community Eligibility Option (CEO),true,9th Grade,12th Grade
310291000015,Grandview Elementary School,Alliance Public Schools,Alliance,283,154,Yes participating without using any Provision or the CEO,false,3rd Grade,5th Grade
317071000976,Grant Elementary School,Fremont Public Schools,Fremont,144,102,Yes participating without using any Provision or the CEO,false,Prekindergarten,4th Grade
317443001306,Grant Elementary School,Norfolk Public Schools,Norfolk,194,142,Yes participating without using any Provision or the CEO,false,Prekindergarten,4th Grade
317122002459,Gretna East High School,Gretna Public Schools,Omaha,1009,70,No,false,9th Grade,12th Grade
317122001034,Gretna Elementary School,Gretna Public Schools,Gretna,374,62,Yes participating without using any Provision or the CEO,false,Prekindergarten,5th Grade
317122001035,Gretna High School,Gretna Public Schools,Gretna,955,120,Yes participating without using any Provision or the CEO,false,9th Grade,12th Grade
317122000257,Gretna Middle School,Gretna Public Schools,Gretna,784,94,Yes participating without using any Provision or the CEO,false,6th Grade,8th Grade
317137001041,Hampton Elementary School,Hampton Public School,Hampton,112,21,Yes participating without using any Provision or the CEO,false,Prekindergarten,6th Grade
317137001042,Hampton High School,Hampton Public School,Hampton,71,16,Yes participating without using any Provision or the CEO,false,7th Grade,12th Grade
317239002424,Hanny Arram Center,Kearney Public Schools,Kearney,2,,No,false,6th Grade,12th Grade
317686001612,Harney Elementary School,So Sioux City Community Schs,So Sioux City,328,250,Yes participating without using any Provision or the CEO,false,Prekindergarten,5th Grade
317482001385,Harrison Elementary School,Omaha Public Schools,Omaha,286,,Yes under Community Eligibility Option (CEO),false,Prekindergarten,6th Grade
317680001045,Harrison Grade School,Sioux County Public Schools,Harrison,32,7,No,false,Prekindergarten,8th Grade
317374001896,Harry Andersen Middle School,Millard Public Schools,Omaha,898,339,Yes participating without using any Provision or the CEO,false,6th Grade,8th Grade
317152001047,Hartington Newcastle High School,Hartington Newcastle Public Schools,Hartington,170,59,Yes participating without using any Provision or the CEO,false,7th Grade,12th Grade
317152001046,Hartington-Newcastle Elem at Hartington,Hartington Newcastle Public Schools,Hartington,203,78,Yes participating without using any Provision or the CEO,false,Prekindergarten,6th Grade
317284001150,Hartley Elementary School,Lincoln Public Schools,Lincoln,341,,Yes under Community Eligibility Option (CEO),false,Prekindergarten,5th Grade
317482001386,Hartman Elementary School,Omaha Public Schools,Omaha,448,,Yes under Community Eligibility Option (CEO),false,Prekindergarten,5th Grade
317155001048,Harvard Elementary School,Harvard Public Schools,Harvard,91,,Yes under Community Eligibility Option (CEO),false,Prekindergarten,5th Grade
317155001049,Harvard High School,Harvard Public Schools,Harvard,50,,Yes under Community Eligibility Option (CEO),true,9th Grade,12th Grade
317155002353,Harvard Middle School,Harvard Public Schools,Harvard,53,,Yes under Community Eligibility Option (CEO),true,6th Grade,8th Grade
317122002431,Harvest Hills Elementary School,Gretna Public Schools,Gretna,489,34,No,false,Prekindergarten,5th Grade
317374001813,Harvey Oaks Elementary School,Millard Public Schools,Omaha,340,65,Yes participating without using any Provision or the CEO,false,Prekindergarten,5th Grade
317158001053,Hastings Middle School,Hastings Public Schools,Hastings,757,477,Yes participating without using any Provision or the CEO,true,6th Grade,8th Grade
317158001051,Hastings Senior High School,Hastings Public Schools,Hastings,991,536,Yes participating without using any Provision or the CEO,false,9th Grade,12th Grade
317158001052,Hawthorne Elementary School,Hastings Public Schools,Hastings,343,187,Yes participating without using any Provision or the CEO,false,Prekindergarten,5th Grade
317161002017,Hay Springs Early Childhood,Hay Springs Public Schools,Hay Springs,15,4,Yes participating without using any Provision or the CEO,false,Prekindergarten,Prekindergarten
317161001058,Hay Springs Elementary School,Hay Springs Public Schools,Hay Springs,81,43,Yes participating without using any Provision or the CEO,false,Prekindergarten,5th Grade
317161001059,Hay Springs High School,Hay Springs Public Schools,Hay Springs,59,28,Yes participating without using any Provision or the CEO,false,9th Grade,12th Grade
317161002193,Hay Springs Middle School,Hay Springs Public Schools,Hay Springs,45,17,Yes participating without using any Provision or the CEO,false,6th Grade,8th Grade
310912000258,Hayes Center Elementary School,Hayes Center Public Schools,Hayes Center,94,46,Yes participating without using any Provision or the CEO,false,Prekindergarten,6th Grade
310912000259,Hayes Center Secondary School,Hayes Center Public Schools,Hayes Center,65,26,Yes participating without using any Provision or the CEO,true,7th Grade,12th Grade
317416001283,Hayward Elementary School,Nebraska City Public Schools,Nebraska City,330,203,Yes participating without using any Provision or the CEO,false,3rd Grade,5th Grade
310011700615,Heartland Community Elementary,Heartland Community Schools,Henderson,176,70,Yes participating without using any Provision or the CEO,false,Prekindergarten,6th Grade
310011700602,Heartland Community High Sch,Heartland Community Schools,Henderson,148,49,Yes participating without using any Provision or the CEO,false,7th Grade,12th Grade
317173001062,Hemingford Elementary School,Hemingford Public Schools,Hemingford,209,67,Yes participating without using any Provision or the CEO,false,Prekindergarten,6th Grade
317173001063,Hemingford High School,Hemingford Public Schools,Hemingford,174,43,Yes participating without using any Provision or the CEO,false,7th Grade,12th Grade
310399002261,Heritage Elementary,Bennington Public Schools,Bennington,436,76,Yes participating without using any Provision or the CEO,false,Prekindergarten,5th Grade
317182001066,Hershey Elementary School,Hershey Public Schools,Hershey,300,105,Yes participating without using any Provision or the CEO,false,Prekindergarten,6th Grade
317182001067,Hershey High School,Hershey Public Schools,Hershey,239,78,Yes participating without using any Provision or the CEO,false,7th Grade,12th Grade
317527001901,Hickory Hill Elementary Sch,Papillion La Vista Community Schools,Papillion,362,103,Yes participating without using any Provision or the CEO,false,Prekindergarten,6th Grade
310012300816,High Plains Community Elementary School,High Plains Community Schools,Clarks,114,32,Yes participating without using any Provision or the CEO,false,Prekindergarten,6th Grade
310012300815,High Plains Community Jr/Sr High School,High Plains Community Schools,Polk,93,26,Yes participating without using any Provision or the CEO,false,7th Grade,12th Grade
310000300918,High School at Brainard,East Butler Public Schools,Brainard,151,20,Yes participating without using any Provision or the CEO,false,7th Grade,12th Grade
317638001570,High School at Dunning,Sandhills Public Schools,Dunning,34,16,Yes participating without using any Provision or the CEO,false,7th Grade,12th Grade
317233501099,High School at Johnson,Johnson-Brock Public Schools,Johnson,118,35,Yes participating without using any Provision or the CEO,false,9th Grade,12th Grade
317755001654,High School at Syracuse,Syracuse-Dunbar-Avoca Schools,Syracuse,228,45,Yes participating without using any Provision or the CEO,false,9th Grade,12th Grade
310007101662,High School at Tekamah,Tekamah-Herman Community Schs,Tekamah,248,84,Yes participating without using any Provision or the CEO,false,7th Grade,12th Grade
317482001387,Highland Elementary School,Omaha Public Schools,Omaha,399,,Yes under Community Eligibility Option (CEO),false,Prekindergarten,5th Grade
317284001177,Hill Elementary School,Lincoln Public Schools,Lincoln,402,125,Yes participating without using any Provision or the CEO,false,Prekindergarten,5th Grade
317011001801,Hillrise Elementary School,Elkhorn Public Schools,Elkhorn,321,62,Yes participating without using any Provision or the CEO,false,Prekindergarten,5th Grade
317866001711,Hillside Elementary School,Westside Community Schools,Omaha,391,190,Yes under Community Eligibility Option (CEO),false,Prekindergarten,6th Grade
310012000185,Hitchcock Co Elementary,Hitchcock Co Sch System,Culbertson,161,67,Yes participating without using any Provision or the CEO,false,Prekindergarten,6th Grade
310012001562,Hitchcock Co Jr/Sr High School,Hitchcock Co Sch System,Trenton,118,49,Yes participating without using any Provision or the CEO,false,7th Grade,12th Grade
317374001247,Hitchcock Elementary School,Millard Public Schools,Omaha,233,70,Yes participating without using any Provision or the CEO,false,Prekindergarten,5th Grade
317194002323,Holdrege Elementary School,Holdrege Public Schools,Holdrege,340,139,Yes participating without using any Provision or the CEO,false,Prekindergarten,4th Grade
317194001074,Holdrege High School,Holdrege Public Schools,Holdrege,337,114,Yes participating without using any Provision or the CEO,false,9th Grade,12th Grade
317194001075,Holdrege Middle School,Holdrege Public Schools,Holdrege,290,117,Yes participating without using any Provision or the CEO,false,5th Grade,8th Grade
317194001749,Holdrege Public Schools Early Childhood Ed Ctr,Holdrege Public Schools,Holdrege,39,16,Yes participating without using any Provision or the CEO,false,Prekindergarten,Prekindergarten
317374001248,Holling Heights Elem School,Millard Public Schools,Omaha,340,208,Yes participating without using any Provision or the CEO,false,Prekindergarten,5th Grade
317284001154,Holmes Elementary School,Lincoln Public Schools,Lincoln,402,208,Yes participating without using any Provision or the CEO,false,Prekindergarten,5th Grade
317200001082,Homer Elementary School,Homer Community Schools,Homer,245,114,Yes under Community Eligibility Option (CEO),false,Prekindergarten,6th Grade
317200001083,Homer High School,Homer Community Schools,Homer,205,95,Yes under Community Eligibility Option (CEO),false,7th Grade,12th Grade
317239001104,Horizon Middle School,Kearney Public Schools,Kearney,648,188,Yes under Community Eligibility Option (CEO),false,6th Grade,8th Grade
317071000977,Howard Elementary School,Fremont Public Schools,Fremont,421,268,Yes participating without using any Provision or the CEO,false,Prekindergarten,4th Grade
310001601018,Howard Elementary School,Grand Island Public Schools,Grand Island,484,,Yes under Community Eligibility Option (CEO),false,Prekindergarten,5th Grade
310018301090,Howells Senior High School,Howells-Dodge Consolidated Schools,Howells,138,40,Yes participating without using any Provision or the CEO,false,7th Grade,12th Grade
310018300908,Howells-Dodge Elementary School/Dodge,Howells-Dodge Consolidated Schools,Dodge,127,38,Yes participating without using any Provision or the CEO,false,Prekindergarten,6th Grade
310018301088,Howells-Dodge Elementary School/Howells,Howells-Dodge Consolidated Schools,Howells,27,4,Yes participating without using any Provision or the CEO,false,Prekindergarten,Prekindergarten
310017902191,Htrs Elementary School,Humboldt Table Rock Steinauer,Humboldt,175,66,Yes participating without using any Provision or the CEO,false,Prekindergarten,5th Grade
310017902189,Htrs High School,Humboldt Table Rock Steinauer,Humboldt,88,24,Yes participating without using any Provision or the CEO,false,9th Grade,12th Grade
310017902190,Htrs Middle School,Humboldt Table Rock Steinauer,Humboldt,55,15,Yes participating without using any Provision or the CEO,true,6th Grade,8th Grade
317284001995,Humann Elementary School,Lincoln Public Schools,Lincoln,487,160,Yes participating without using any Provision or the CEO,false,Prekindergarten,5th Grade
317215001093,Humphrey Elementary School,Humphrey Public Schools,Humphrey,177,3,Yes participating without using any Provision or the CEO,false,Prekindergarten,6th Grade
317215001094,Humphrey Jr-Sr High School,Humphrey Public Schools,Humphrey,132,22,Yes participating without using any Provision or the CEO,false,7th Grade,12th Grade
317284001155,Huntington Elementary School,Lincoln Public Schools,Lincoln,355,,Yes under Community Eligibility Option (CEO),false,Prekindergarten,5th Grade
317221000216,Hyannis Elementary School,Hyannis Area Schools,Hyannis,87,34,Yes participating without using any Provision or the CEO,false,Prekindergarten,6th Grade
317221001096,Hyannis High School,Hyannis Area Schools,Hyannis,60,26,Yes participating without using any Provision or the CEO,false,7th Grade,12th Grade
317482001388,Indian Hill Elementary School,Omaha Public Schools,Omaha,489,,Yes under Community Eligibility Option (CEO),false,Prekindergarten,5th Grade
317284002226,Infant Toddler at Bryan Community School,Lincoln Public Schools,Lincoln,8,,Yes participating without using any Provision or the CEO,false,Prekindergarten,Prekindergarten
317284002222,Infant Toddler at Lincoln High School,Lincoln Public Schools,Lincoln,11,3,Yes participating without using any Provision or the CEO,false,Prekindergarten,Prekindergarten
317284002224,Infant Toddler at Lincoln Northeast High School,Lincoln Public Schools,Lincoln,3,,Yes participating without using any Provision or the CEO,false,Prekindergarten,Prekindergarten
317284001156,Irving Middle School,Lincoln Public Schools,Lincoln,795,315,Yes participating without using any Provision or the CEO,false,6th Grade,8th Grade
317640001571,Isanti Elementary School,Isanti Community School,Niobrara,120,,Yes under Community Eligibility Option (CEO),false,Prekindergarten,5th Grade
317640001572,Isanti High School,Isanti Community School,Niobrara,39,,Yes under Community Eligibility Option (CEO),true,9th Grade,12th Grade
317640002428,Isanti Middle School,Isanti Community School,Niobrara,49,,Yes under Community Eligibility Option (CEO),false,6th Grade,8th Grade
317374001249,J Sterling Morton Elem School,Millard Public Schools,Omaha,392,117,Yes participating without using any Provision or the CEO,false,Prekindergarten,5th Grade
317577001097,Jackson Elementary,Ponca Public Schools,Jackson,116,18,Yes participating without using any Provision or the CEO,false,Prekindergarten,2nd Grade
317482001897,Jackson Elementary School,Omaha Public Schools,Omaha,273,,Yes under Community Eligibility Option (CEO),false,Prekindergarten,6th Grade
310001601019,Jefferson Elementary School,Grand Island Public Schools,Grand Island,352,,Yes under Community Eligibility Option (CEO),false,Prekindergarten,5th Grade
317443001307,Jefferson Elementary School,Norfolk Public Schools,Norfolk,256,170,Yes participating without using any Provision or the CEO,false,Prekindergarten,4th Grade
310002201325,Jefferson Elementary School,North Platte Public Schools,North Platte,329,,Yes under Community Eligibility Option (CEO),false,Prekindergarten,5th Grade
317482001396,Jefferson Elementary School,Omaha Public Schools,Omaha,463,,Yes under Community Eligibility Option (CEO),false,Prekindergarten,6th Grade
317044001928,Jefferson Intermediate School,Fairbury Public Schools,Fairbury,259,147,Yes participating without using any Provision or the CEO,false,3rd Grade,6th Grade
317233502472,Johnson - Brock Junior High School,Johnson-Brock Public Schools,Johnson,70,10,Yes participating without using any Provision or the CEO,false,6th Grade,8th Grade
310017602030,Johnson Co Central El-Tecumseh,Johnson Co Central Public Schs,Tecumseh,158,92,Yes participating without using any Provision or the CEO,false,Prekindergarten,3rd Grade
310017602038,Johnson Co Central Elem-Cook,Johnson Co Central Public Schs,Cook,72,47,Yes participating without using any Provision or the CEO,false,4th Grade,5th Grade
310017602009,Johnson Co Central High School,Johnson Co Central Public Schs,Tecumseh,166,75,Yes participating without using any Provision or the CEO,false,9th Grade,12th Grade
310017602022,Johnson Co Central Middle Sch,Johnson Co Central Public Schs,Cook,104,67,Yes participating without using any Provision or the CEO,true,6th Grade,8th Grade
317071002246,Johnson Crossing Academic Center (5-6),Fremont Public Schools,Fremont,759,525,Yes participating without using any Provision or the CEO,false,5th Grade,6th Grade
317482001429,Joslyn Elementary School,Omaha Public Schools,Omaha,299,,Yes under Community Eligibility Option (CEO),false,Prekindergarten,5th Grade
317521001470,Jr-Sr High School at Palmyra,Palmyra District O R 1,Palmyra,181,33,Yes participating without using any Provision or the CEO,false,9th Grade,12th Grade
317734001642,Junior-Senior High at Sumner,Sumner-Eddyville-Miller Schs,Sumner,104,57,Yes participating without using any Provision or the CEO,true,7th Grade,12th Grade
317284001157,Kahoa Elementary School,Lincoln Public Schools,Lincoln,432,115,Yes participating without using any Provision or the CEO,false,Prekindergarten,5th Grade
317590001537,Karen Western Elementary Sch,Ralston Public Schools,Omaha,214,,Yes under Community Eligibility Option (CEO),false,Prekindergarten,6th Grade
317239002253,Kearney Education Center,Kearney Public Schools,Kearney,332,97,Yes under Community Eligibility Option (CEO),false,Prekindergarten,Prekindergarten
317239001105,Kearney High School,Kearney Public Schools,Kearney,1663,480,Yes participating without using any Provision or the CEO,false,9th Grade,12th Grade
317482001397,Kellom Elementary School,Omaha Public Schools,Omaha,230,,Yes under Community Eligibility Option (CEO),false,Prekindergarten,6th Grade
317242001111,Kenesaw Elementary School,Kenesaw Public Schools,Kenesaw,139,31,Yes participating without using any Provision or the CEO,false,Prekindergarten,6th Grade
317242001112,Kenesaw Secondary School,Kenesaw Public Schools,Kenesaw,128,33,Yes participating without using any Provision or the CEO,false,7th Grade,12th Grade
317482001398,Kennedy Elementary School,Omaha Public Schools,Omaha,272,,Yes under Community Eligibility Option (CEO),false,Prekindergarten,5th Grade
317239001107,Kenwood Elementary School,Kearney Public Schools,Kearney,398,131,Yes participating without using any Provision or the CEO,false,Prekindergarten,5th Grade
317248001113,Keya Paha County High School,Keya Paha County Schools,Springview,39,17,Yes participating without using any Provision or the CEO,true,7th Grade,12th Grade
317374001934,Kiewit Middle School,Millard Public Schools,Omaha,967,224,Yes participating without using any Provision or the CEO,false,6th Grade,8th Grade
317257001117,Kimball Jr/Sr High School,Kimball Public Schools,Kimball,170,,Yes under Community Eligibility Option (CEO),false,7th Grade,12th Grade
317482001938,King Elementary School,Omaha Public Schools,Omaha,316,,Yes under Community Eligibility Option (CEO),false,Prekindergarten,5th Grade
317482001940,King Science/Tech Magnet Middle School,Omaha Public Schools,Omaha,610,,Yes under Community Eligibility Option (CEO),true,6th Grade,8th Grade
317284002268,Kloefkorn Elementary,Lincoln Public Schools,Lincoln,497,78,Yes participating without using any Provision or the CEO,false,Prekindergarten,5th Grade
310001601020,Knickrehm Elementary School,Grand Island Public Schools,Grand Island,263,,Yes under Community Eligibility Option (CEO),false,Prekindergarten,5th Grade
317284002214,Kooser Elementary School,Lincoln Public Schools,Lincoln,929,427,Yes participating without using any Provision or the CEO,false,Prekindergarten,5th Grade
310534002397,Kramer Education Center,Columbus Public Schools,Columbus,170,90,No,false,Prekindergarten,Prekindergarten
317527001475,La Vista Middle School,Papillion La Vista Community Schools,La Vista,719,204,Yes participating without using any Provision or the CEO,false,7th Grade,8th Grade
317527001476,La Vista West Elementary Sch,Papillion La Vista Community Schools,La Vista,315,,Yes under Community Eligibility Option (CEO),false,Prekindergarten,6th Grade
310002200601,Lake Maloney Elementary School,North Platte Public Schools,North Platte,116,19,Yes participating without using any Provision or the CEO,false,Prekindergarten,5th Grade
317647001119,Lake Minatare School,Scottsbluff Public Schools,Minatare,76,32,Yes participating without using any Provision or the CEO,false,Prekindergarten,5th Grade
317284001158,Lakeview Elementary School,Lincoln Public Schools,Lincoln,418,,Yes under Community Eligibility Option (CEO),false,Prekindergarten,5th Grade
310011200483,Lakeview High School,Lakeview Community Schools,Columbus,344,110,Yes participating without using any Provision or the CEO,false,9th Grade,12th Grade
310011202219,Lakeview Junior High School,Lakeview Community Schools,Columbus,152,51,Yes participating without using any Provision or the CEO,false,7th Grade,8th Grade
310000401121,Laurel-Concord-Coleridge Elementary School,Laurel-Concord-Coleridge School,Laurel,183,59,Yes participating without using any Provision or the CEO,false,Prekindergarten,5th Grade
310000401122,Laurel-Concord-Coleridge High School,Laurel-Concord-Coleridge School,Laurel,135,44,Yes participating without using any Provision or the CEO,false,9th Grade,12th Grade
310000402195,Laurel-Concord-Coleridge Middle School,Laurel-Concord-Coleridge School,Coleridge,82,30,Yes participating without using any Provision or the CEO,true,6th Grade,8th Grade
310017502475,Lawrence - Nelson Elementary School,Lawrence - Nelson Public Schools,Nelson,123,37,No,false,Prekindergarten,5th Grade
310017502473,Lawrence - Nelson High School,Lawrence - Nelson Public Schools,Nelson,69,28,No,false,9th Grade,12th Grade
310017502474,Lawrence - Nelson Middle School,Lawrence - Nelson Public Schools,Nelson,44,18,No,false,6th Grade,8th Grade
317284001165,Lefler Middle School,Lincoln Public Schools,Lincoln,584,,Yes under Community Eligibility Option (CEO),true,6th Grade,8th Grade
317272001125,Leigh Elementary School,Leigh Community Schools,Leigh,201,44,Yes participating without using any Provision or the CEO,false,Prekindergarten,6th Grade
317272001126,Leigh High School,Leigh Community Schools,Leigh,95,18,Yes participating without using any Provision or the CEO,false,7th Grade,12th Grade
310381001510,Lemay Elementary School,Bellevue Public Schools,Bellevue,330,124,Yes participating without using any Provision or the CEO,false,Prekindergarten,6th Grade
310381001878,Leonard Lawrence Elem School,Bellevue Public Schools,Bellevue,334,98,Yes participating without using any Provision or the CEO,false,Prekindergarten,6th Grade
317686001614,Lewis & Clark Elementary Sch,So Sioux City Community Schs,So Sioux City,253,214,Yes participating without using any Provision or the CEO,false,Prekindergarten,5th Grade
310381002001,Lewis & Clark Middle School,Bellevue Public Schools,Bellevue,476,124,Yes participating without using any Provision or the CEO,false,7th Grade,8th Grade
317482001399,Lewis & Clark Middle School,Omaha Public Schools,Omaha,839,,Yes under Community Eligibility Option (CEO),true,6th Grade,8th Grade
317278001128,Lewiston Elementary School,Lewiston Consolidated Schools,Lewiston,122,,Yes under Community Eligibility Option (CEO),false,Prekindergarten,6th Grade
317278001129,Lewiston High School,Lewiston Consolidated Schools,Lewiston,74,,Yes under Community Eligibility Option (CEO),false,7th Grade,12th Grade
317281001131,Lexington High School,Lexington Public Schools,Lexington,915,660,Yes participating without using any Provision or the CEO,true,9th Grade,12th Grade
317281001132,Lexington Middle School,Lexington Public Schools,Lexington,672,497,Yes participating without using any Provision or the CEO,true,6th Grade,8th Grade
310007201879,Leyton Elementary/Junior High School,Leyton Public Schools,Gurley,125,67,Yes under Community Eligibility Option (CEO),true,Prekindergarten,8th Grade
310007200188,Leyton High School,Leyton Public Schools,Dalton,53,15,Yes under Community Eligibility Option (CEO),false,9th Grade,12th Grade
317482001334,Liberty Elementary School,Omaha Public Schools,Omaha,643,,Yes under Community Eligibility Option (CEO),false,Prekindergarten,6th Grade
317527002341,Liberty Middle School,Papillion La Vista Community Schools,Papillion,522,85,Yes participating without using any Provision or the CEO,false,7th Grade,8th Grade
317284001159,Lincoln East High School,Lincoln Public Schools,Lincoln,1982,384,Yes participating without using any Provision or the CEO,false,9th Grade,12th Grade
310009801001,Lincoln Elementary School,Gering Public Schools,Gering,319,181,Yes participating without using any Provision or the CEO,false,Prekindergarten,5th Grade
310001601021,Lincoln Elementary School,Grand Island Public Schools,Grand Island,328,,Yes under Community Eligibility Option (CEO),false,Prekindergarten,5th Grade
317158001054,Lincoln Elementary School,Hastings Public Schools,Hastings,289,234,Yes under Provision 2,false,Prekindergarten,5th Grade
317443001308,Lincoln Elementary School,Norfolk Public Schools,Norfolk,220,58,Yes participating without using any Provision or the CEO,false,Prekindergarten,4th Grade
310002201326,Lincoln Elementary School,North Platte Public Schools,North Platte,316,,Yes under Community Eligibility Option (CEO),false,Prekindergarten,5th Grade
317647001578,Lincoln Heights Elementary Sch,Scottsbluff Public Schools,Scottsbluff,279,,Yes under Community Eligibility Option (CEO),false,Prekindergarten,5th Grade
317284001160,Lincoln High School,Lincoln Public Schools,Lincoln,2086,1248,Yes participating without using any Provision or the CEO,true,9th Grade,12th Grade
317284001161,Lincoln Northeast High School,Lincoln Public Schools,Lincoln,1819,1031,Yes participating without using any Provision or the CEO,true,9th Grade,12th Grade
317284001162,Lincoln Southeast High School,Lincoln Public Schools,Lincoln,1848,650,Yes participating without using any Provision or the CEO,false,9th Grade,12th Grade
317071000981,Linden Elementary School,Fremont Public Schools,Fremont,339,269,Yes participating without using any Provision or the CEO,false,Prekindergarten,4th Grade
317215000308,Lindsay Attendance Center,Humphrey Public Schools,Lindsay,13,3,Yes participating without using any Provision or the CEO,false,Prekindergarten,Kindergarten
317291001185,Litchfield Elementary School,Litchfield Public Schools,Litchfield,76,27,Yes participating without using any Provision or the CEO,false,Prekindergarten,6th Grade
317291001186,Litchfield High School,Litchfield Public Schools,Litchfield,45,18,Yes participating without using any Provision or the CEO,true,7th Grade,12th Grade
310333002237,Little Learners Preschool,Auburn Public Schools,Auburn,40,6,No,false,Prekindergarten,Prekindergarten
317443002385,Little Panthers Preschool,Norfolk Public Schools,Norfolk,319,176,No,false,Prekindergarten,Prekindergarten
317458002294,Lockwood Elementary School,Northwest Public Schools,Grand Island,32,,No,false,Prekindergarten,Prekindergarten
310381001511,Logan Fontenelle Middle School,Bellevue Public Schools,Bellevue,480,201,Yes participating without using any Provision or the CEO,false,7th Grade,8th Grade
310011402274,Logan View Elementary,Logan View Public Schools,Hooper,330,144,Yes participating without using any Provision or the CEO,false,Prekindergarten,6th Grade
310011400547,Logan View Jr/Sr High School,Logan View Public Schools,Hooper,262,74,Yes participating without using any Provision or the CEO,false,7th Grade,12th Grade
317158001055,Longfellow Elementary School,Hastings Public Schools,Hastings,305,154,Yes participating without using any Provision or the CEO,false,Prekindergarten,5th Grade
317647001579,Longfellow Elementary School,Scottsbluff Public Schools,Scottsbluff,379,172,Yes participating without using any Provision or the CEO,false,Prekindergarten,5th Grade
317299001189,Loomis Elementary School,Loomis Public Schools,Loomis,153,56,Yes participating without using any Provision or the CEO,false,Prekindergarten,6th Grade
317299001190,Loomis Secondary School,Loomis Public Schools,Loomis,119,34,Yes participating without using any Provision or the CEO,false,7th Grade,12th Grade
310534000166,Lost Creek Elementary Sch,Columbus Public Schools,Columbus,318,166,Yes participating without using any Provision or the CEO,false,Prekindergarten,4th Grade
317482001402,Lothrop Magnet Center,Omaha Public Schools,Omaha,431,,Yes under Community Eligibility Option (CEO),false,Prekindergarten,5th Grade
317305001191,Louisville Elementary School,Louisville Public Schools,Louisville,374,67,Yes participating without using any Provision or the CEO,false,Prekindergarten,6th Grade
317305001192,Louisville High School,Louisville Public Schools,Louisville,207,28,Yes participating without using any Provision or the CEO,false,9th Grade,12th Grade
317305000717,Louisville Middle School,Louisville Public Schools,Louisville,107,13,Yes participating without using any Provision or the CEO,false,7th Grade,8th Grade
317309001194,Loup City Elementary School,Loup City Public Schools,Loup City,211,116,Yes participating without using any Provision or the CEO,false,Prekindergarten,6th Grade
317309001195,Loup City High School,Loup City Public Schools,Loup City,120,73,Yes participating without using any Provision or the CEO,false,7th Grade,12th Grade
317312001197,Loup County Elementary School,Loup County Public Schools,Taylor,50,,Yes under Community Eligibility Option (CEO),false,Prekindergarten,6th Grade
317312001198,Loup County High School,Loup County Public Schools,Taylor,38,,Yes under Community Eligibility Option (CEO),true,7th Grade,12th Grade
317866001712,Loveland Elementary School,Westside Community Schools,Omaha,276,76,Yes under Community Eligibility Option (CEO),false,Prekindergarten,6th Grade
317284000392,Lux Middle School,Lincoln Public Schools,Lincoln,803,158,Yes participating without using any Provision or the CEO,false,6th Grade,8th Grade
317323001205,Madison Elementary School,Madison Public Schools,Madison,248,152,Yes participating without using any Provision or the CEO,false,Prekindergarten,5th Grade
317323001206,Madison High School,Madison Public Schools,Madison,162,88,Yes participating without using any Provision or the CEO,true,9th Grade,12th Grade
317323000599,Madison Middle School,Madison Public Schools,Madison,115,71,Yes participating without using any Provision or the CEO,true,6th Grade,8th Grade
310002201327,Madison Middle School,North Platte Public Schools,North Platte,263,138,Yes participating without using any Provision or the CEO,false,6th Grade,6th Grade
317323002287,Madison Preschool,Madison Public Schools,Madison,55,26,Yes participating without using any Provision or the CEO,false,Prekindergarten,Prekindergarten
317329001209,Malcolm Elementary School,Malcolm Public Schools,Malcolm,341,60,Yes participating without using any Provision or the CEO,false,Prekindergarten,6th Grade
317329001210,Malcolm Jr/Sr High School,Malcolm Public Schools,Malcolm,302,49,Yes participating without using any Provision or the CEO,false,7th Grade,12th Grade
317011002006,Manchester Elementary School,Elkhorn Public Schools,Omaha,444,34,Yes participating without using any Provision or the CEO,false,Prekindergarten,5th Grade
317257001932,Mary Lynch Elementary,Kimball Public Schools,Kimball,219,,Yes under Community Eligibility Option (CEO),false,Prekindergarten,6th Grade
317482001394,Masters Elementary School,Omaha Public Schools,Omaha,281,,Yes under Community Eligibility Option (CEO),false,Prekindergarten,5th Grade
317284000389,Maxey Elementary School,Lincoln Public Schools,Lincoln,674,138,Yes participating without using any Provision or the CEO,false,Prekindergarten,5th Grade
310002301214,Maxwell Elementary School,Maxwell Public Schools,Maxwell,124,59,Yes participating without using any Provision or the CEO,false,Prekindergarten,6th Grade
310002301215,Maxwell High School,Maxwell Public Schools,Maxwell,145,58,Yes participating without using any Provision or the CEO,false,7th Grade,12th Grade
317344001216,Maywood Elementary School,Maywood Public Schools,Maywood,95,53,Yes participating without using any Provision or the CEO,false,Prekindergarten,6th Grade
317344001217,Maywood High School,Maywood Public Schools,Maywood,91,45,Yes participating without using any Provision or the CEO,false,7th Grade,12th Grade
317347001223,Mc Cook Elementary School,Mc Cook Public Schools,Mc Cook,411,180,Yes participating without using any Provision or the CEO,false,Prekindergarten,3rd Grade
317347001221,Mc Cook Junior High School,Mc Cook Public Schools,Mc Cook,305,111,Yes participating without using any Provision or the CEO,false,6th Grade,8th Grade
317347001222,Mc Cook Senior High School,Mc Cook Public Schools,Mc Cook,448,130,Yes participating without using any Provision or the CEO,false,9th Grade,12th Grade
317350001226,Mc Cool Junction Elem School,Mc Cool Junction Public Schs,McCool Junction,119,39,No,false,Prekindergarten,6th Grade
317482001408,Mc Millan Magnet Middle School,Omaha Public Schools,Omaha,654,,Yes under Community Eligibility Option (CEO),true,6th Grade,8th Grade
317356001229,Mc Pherson County Secondary School,Mc Pherson County Schools,Tryon,40,,No,false,7th Grade,12th Grade
317350001227,McCool Junction Jr-Sr High Sch,Mc Cool Junction Public Schs,McCool Junction,128,39,No,false,7th Grade,12th Grade
310002201328,McDonald Elementary School,North Platte Public Schools,North Platte,247,84,Yes participating without using any Provision or the CEO,false,Prekindergarten,5th Grade
317284001163,McPhee Elementary School,Lincoln Public Schools,Lincoln,302,,Yes under Community Eligibility Option (CEO),false,Prekindergarten,5th Grade
317359001230,Mead Elementary School,Mead Public Schools,Mead,141,42,Yes participating without using any Provision or the CEO,false,Prekindergarten,6th Grade
317359001231,Mead High School,Mead Public Schools,Mead,112,30,Yes participating without using any Provision or the CEO,false,7th Grade,12th Grade
317284001164,Meadow Lane Elementary School,Lincoln Public Schools,Lincoln,523,289,Yes participating without using any Provision or the CEO,false,Prekindergarten,5th Grade
317239000329,Meadowlark Elementary School,Kearney Public Schools,Kearney,417,60,Yes participating without using any Provision or the CEO,false,Prekindergarten,5th Grade
317590001539,Meadows Elementary School,Ralston Public Schools,Omaha,330,162,Yes participating without using any Provision or the CEO,false,Prekindergarten,6th Grade
317360001810,Medicine Valley Elementary,Medicine Valley Public Schools,Curtis,97,47,Yes participating without using any Provision or the CEO,false,Prekindergarten,5th Grade
317360001812,Medicine Valley High School,Medicine Valley Public Schools,Curtis,57,16,Yes participating without using any Provision or the CEO,false,9th Grade,12th Grade
317360002468,Medicine Valley Middle School,Medicine Valley Public Schools,Curtis,46,18,No,false,6th Grade,8th Grade
317366001235,Meridian Elementary School,Meridian Public Schools,Daykin,114,56,Yes participating without using any Provision or the CEO,false,Prekindergarten,6th Grade
317366001236,Meridian High School,Meridian Public Schools,Daykin,105,55,Yes participating without using any Provision or the CEO,false,7th Grade,12th Grade
317284001175,Mickle Middle School,Lincoln Public Schools,Lincoln,705,315,Yes participating without using any Provision or the CEO,false,6th Grade,8th Grade
310495002262,Middle School,Raymond Central Public Schools,Raymond,155,18,Yes participating without using any Provision or the CEO,false,6th Grade,8th Grade
317755002238,Middle School at Syracuse,Syracuse-Dunbar-Avoca Schools,Syracuse,286,55,Yes participating without using any Provision or the CEO,false,4th Grade,8th Grade
317371001238,Milford Elementary School,Milford Public Schools,Milford,430,99,Yes participating without using any Provision or the CEO,false,Prekindergarten,6th Grade
317371001239,Milford High School,Milford Public Schools,Milford,379,85,Yes participating without using any Provision or the CEO,false,7th Grade,12th Grade
317374001250,Millard Central Middle School,Millard Public Schools,Omaha,811,413,Yes participating without using any Provision or the CEO,false,6th Grade,8th Grade
317374001252,Millard North High School,Millard Public Schools,Omaha,2572,552,Yes participating without using any Provision or the CEO,false,9th Grade,12th Grade
317374001253,Millard North Middle School,Millard Public Schools,Omaha,820,226,Yes participating without using any Provision or the CEO,false,6th Grade,8th Grade
317374001251,Millard South High School,Millard Public Schools,Omaha,2526,874,Yes participating without using any Provision or the CEO,false,9th Grade,12th Grade
317374000242,Millard West High School,Millard Public Schools,Omaha,2344,399,Yes participating without using any Provision or the CEO,false,9th Grade,12th Grade
317482001409,Miller Park Elementary School,Omaha Public Schools,Omaha,410,,Yes under Community Eligibility Option (CEO),false,Prekindergarten,5th Grade
317071001805,Milliken Park Elementary Sch,Fremont Public Schools,Fremont,236,167,Yes participating without using any Provision or the CEO,false,Prekindergarten,4th Grade
317380001262,Minatare Elementary School,Minatare Public Schools,Minatare,43,,Yes under Community Eligibility Option (CEO),false,Prekindergarten,5th Grade
317380001263,Minatare High School,Minatare Public Schools,Minatare,48,,Yes under Community Eligibility Option (CEO),true,9th Grade,12th Grade
317380002461,Minatare Junior High School,Minatare Public Schools,Minatare,42,,No,false,6th Grade,8th Grade
317380002236,Minatare Pre-Start Pre-School,Minatare Public Schools,Minatare,13,10,No,false,Prekindergarten,Prekindergarten
317383001265,Minden East Elementary School,Minden Public Schools,Minden,239,70,Yes participating without using any Provision or the CEO,false,Prekindergarten,3rd Grade
317383001266,Minden High School,Minden Public Schools,Minden,272,79,Yes participating without using any Provision or the CEO,false,9th Grade,12th Grade
317482001410,Minne Lusa Elementary School,Omaha Public Schools,Omaha,329,,Yes under Community Eligibility Option (CEO),false,Prekindergarten,5th Grade
317389001268,Mitchell Elementary School,Mitchell Public Schools,Mitchell,345,175,No,false,Prekindergarten,6th Grade
317389001269,Mitchell Secondary School,Mitchell Public Schools,Mitchell,261,96,No,false,7th Grade,12th Grade
317590001541,Mockingbird Elementary School,Ralston Public Schools,Omaha,473,340,Yes participating without using any Provision or the CEO,false,Prekindergarten,6th Grade
317482001412,Monroe Middle School,Omaha Public Schools,Omaha,716,,Yes under Community Eligibility Option (CEO),true,6th Grade,8th Grade
317374001254,Montclair Elementary School,Millard Public Schools,Omaha,641,191,Yes participating without using any Provision or the CEO,false,Prekindergarten,5th Grade
317284002363,Moore Middle School,Lincoln Public Schools,Lincoln,849,76,No,false,6th Grade,8th Grade
317284001166,Morley Elementary School,Lincoln Public Schools,Lincoln,370,104,Yes participating without using any Provision or the CEO,false,Prekindergarten,5th Grade
310009702206,Morrill Early Learning Center,Morrill Public Schools,Morrill,29,10,Yes participating without using any Provision or the CEO,false,Prekindergarten,Prekindergarten
310009701881,Morrill Elementary,Morrill Public Schools,Morrill,116,84,Yes participating without using any Provision or the CEO,false,Prekindergarten,6th Grade
310009701274,Morrill High School,Morrill Public Schools,Morrill,122,81,Yes participating without using any Provision or the CEO,false,7th Grade,12th Grade
317158002433,Morton Early Learning Center,Hastings Public Schools,Hastings,501,44,No,false,Prekindergarten,Prekindergarten
317281001133,Morton Elementary School,Lexington Public Schools,Lexington,321,262,Yes participating without using any Provision or the CEO,false,Prekindergarten,1st Grade
317482001413,Morton Magnet Middle School,Omaha Public Schools,Omaha,744,,Yes under Community Eligibility Option (CEO),true,6th Grade,8th Grade
317482001414,Mount View Elementary School,Omaha Public Schools,Omaha,324,,Yes under Community Eligibility Option (CEO),false,Prekindergarten,5th Grade
317404001275,Mullen Elementary School,Mullen Public Schools,Mullen,73,,Yes under Community Eligibility Option (CEO),false,Prekindergarten,5th Grade
317404001276,Mullen High School,Mullen Public Schools,Mullen,45,,Yes under Community Eligibility Option (CEO),false,9th Grade,12th Grade
317404002405,Mullen Middle School,Mullen Public Schools,Mullen,40,,Yes under Community Eligibility Option (CEO),false,6th Grade,8th Grade
317482001384,Nathan Hale Magnet Middle School,Omaha Public Schools,Omaha,685,,Yes under Community Eligibility Option (CEO),true,6th Grade,8th Grade
310017702019,Ncyf Community High School,Ncyf Community High School,Omaha,17,3,Yes participating without using any Provision or the CEO,false,9th Grade,12th Grade
317416001286,Nebraska City High School,Nebraska City Public Schools,Nebraska City,442,242,Yes participating without using any Provision or the CEO,false,9th Grade,12th Grade
317416001284,Nebraska City Middle School,Nebraska City Public Schools,Nebraska City,271,158,Yes participating without using any Provision or the CEO,true,6th Grade,8th Grade
317416001285,Nebraska City Northside Elem,Nebraska City Public Schools,Nebraska City,370,218,Yes participating without using any Provision or the CEO,false,Prekindergarten,2nd Grade
317374001255,Neihardt Elementary School,Millard Public Schools,Omaha,489,180,Yes participating without using any Provision or the CEO,false,Prekindergarten,5th Grade
317422001292,Neligh-Oakdale High School,Neligh-Oakdale Schools,Neligh,144,70,Yes participating without using any Provision or the CEO,false,7th Grade,12th Grade
310001102271,New Discoveries Preschool,Broken Bow Public Schools,Broken Bow,73,30,Yes participating without using any Provision or the CEO,false,Prekindergarten,Prekindergarten
310001601013,Newell Elementary School,Grand Island Public Schools,Grand Island,348,,Yes under Community Eligibility Option (CEO),false,Prekindergarten,5th Grade
317434001299,Newman Grove Elementary School,Newman Grove Public Schools,Newman Grove,144,61,Yes participating without using any Provision or the CEO,false,Prekindergarten,6th Grade
317434001300,Newman Grove High School,Newman Grove Public Schools,Newman Grove,85,34,Yes participating without using any Provision or the CEO,false,7th Grade,12th Grade
317437001655,Niobrara Elementary School,Niobrara Public Schools,Niobrara,134,,Yes under Community Eligibility Option (CEO),false,Prekindergarten,6th Grade
317437001604,Niobrara Secondary School,Niobrara Public Schools,Niobrara,77,,Yes under Community Eligibility Option (CEO),true,7th Grade,12th Grade
317443001310,Norfolk Jr High School,Norfolk Public Schools,Norfolk,631,344,Yes participating without using any Provision or the CEO,false,7th Grade,8th Grade
317443000303,Norfolk Middle School,Norfolk Public Schools,Norfolk,628,345,Yes participating without using any Provision or the CEO,false,5th Grade,6th Grade
317443001311,Norfolk Senior High School,Norfolk Public Schools,Norfolk,1359,614,Yes participating without using any Provision or the CEO,false,9th Grade,12th Grade
317374001816,Norman Rockwell Elem School,Millard Public Schools,Omaha,310,136,Yes participating without using any Provision or the CEO,false,Prekindergarten,5th Grade
310008801316,Norris Elementary School,Norris School Dist 160,Firth,512,41,Yes participating without using any Provision or the CEO,false,Prekindergarten,2nd Grade
317374001256,Norris Elementary School,Millard Public Schools,Omaha,421,194,Yes participating without using any Provision or the CEO,false,Prekindergarten,5th Grade
310008801318,Norris High School,Norris School Dist 160,Firth,736,44,Yes participating without using any Provision or the CEO,false,9th Grade,12th Grade
310008802295,Norris Intermediate School,Norris School Dist 160,Firth,535,55,Yes participating without using any Provision or the CEO,false,3rd Grade,5th Grade
310008801317,Norris Middle School,Norris School Dist 160,Firth,560,45,Yes participating without using any Provision or the CEO,false,6th Grade,8th Grade
317482001415,Norris Middle School,Omaha Public Schools,Omaha,1140,,Yes under Community Eligibility Option (CEO),true,6th Grade,8th Grade
310011500578,North Bend Central Elementary School,North Bend Central Public Schs,North Bend,277,69,Yes participating without using any Provision or the CEO,false,Prekindergarten,5th Grade
310011500572,North Bend Central High School,North Bend Central Public Schs,North Bend,174,37,Yes participating without using any Provision or the CEO,false,9th Grade,12th Grade
310011502304,North Bend Central Middle School,North Bend Central Public Schs,North Bend,123,30,Yes participating without using any Provision or the CEO,false,6th Grade,8th Grade
317482001416,North High School,Omaha Public Schools,Omaha,1754,,Yes under Community Eligibility Option (CEO),true,9th Grade,12th Grade
310534000167,North Park Elementary,Columbus Public Schools,Columbus,304,179,Yes participating without using any Provision or the CEO,false,Prekindergarten,4th Grade
310001101861,North Park Elementary School,Broken Bow Public Schools,Broken Bow,376,156,Yes participating without using any Provision or the CEO,false,Prekindergarten,5th Grade
310002201330,North Platte High School,North Platte Public Schools,North Platte,1145,420,Yes participating without using any Provision or the CEO,false,9th Grade,12th Grade
317284001032,North Star High School,Lincoln Public Schools,Lincoln,1927,1030,Yes participating without using any Provision or the CEO,false,9th Grade,12th Grade
317645002217,North Ward Prekindergarten,Schuyler Community Schools,Schuyler,113,56,Yes under Community Eligibility Option (CEO),false,Prekindergarten,Prekindergarten
317321001203,Northeast Elementary at Lyons,Lyons-Decatur Northeast Schs,Lyons,165,58,Yes participating without using any Provision or the CEO,false,Prekindergarten,6th Grade
317239001108,Northeast Elementary School,Kearney Public Schools,Kearney,397,153,Yes participating without using any Provision or the CEO,false,Prekindergarten,5th Grade
317321001204,Northeast Secondary School,Lyons-Decatur Northeast Schs,Lyons,130,60,Yes participating without using any Provision or the CEO,false,7th Grade,12th Grade
310009801003,Northfield Elementary School,Gering Public Schools,Gering,299,199,Yes participating without using any Provision or the CEO,false,Prekindergarten,5th Grade
317458001333,Northwest High School,Northwest Public Schools,Grand Island,680,106,Yes participating without using any Provision or the CEO,false,9th Grade,12th Grade
317284002441,Northwest High School,Lincoln Public Schools,Lincoln,1017,437,No,false,9th Grade,12th Grade
317482001417,Northwest High School,Omaha Public Schools,Omaha,1517,,Yes under Community Eligibility Option (CEO),true,9th Grade,12th Grade
317284001167,Norwood Park Elementary School,Lincoln Public Schools,Lincoln,251,,Yes under Community Eligibility Option (CEO),false,Prekindergarten,5th Grade
310001602207,O'Connor Early Learning Center,Grand Island Public Schools,Grand Island,278,,Yes under Community Eligibility Option (CEO),false,Prekindergarten,Prekindergarten
317485001447,O'Neill Elementary School,O'Neill Public Schools,O'Neill,471,223,Yes participating without using any Provision or the CEO,false,Prekindergarten,6th Grade
317485001448,O'Neill High School,O'Neill Public Schools,O'Neill,338,149,Yes participating without using any Provision or the CEO,false,7th Grade,12th Grade
317482001418,Oak Valley Elementary School,Omaha Public Schools,Omaha,235,,Yes under Community Eligibility Option (CEO),false,Prekindergarten,5th Grade
317866001713,Oakdale Elementary School,Westside Community Schools,Omaha,312,64,Yes under Community Eligibility Option (CEO),false,Prekindergarten,6th Grade
317464001337,Oakland Craig Elementary,Oakland Craig Public Schools,Oakland,237,83,Yes participating without using any Provision or the CEO,false,Prekindergarten,6th Grade
317464001336,Oakland Craig Junior-Senior High,Oakland Craig Public Schools,Oakland,185,59,Yes participating without using any Provision or the CEO,false,7th Grade,12th Grade
317476001341,Ogallala High School,Ogallala Public Schools,Ogallala,237,87,Yes participating without using any Provision or the CEO,false,9th Grade,12th Grade
317476001342,Ogallala Middle School,Ogallala Public Schools,Ogallala,158,76,No,false,6th Grade,8th Grade
317482000300,Omaha Public Schools Homebased,Omaha Public Schools,Omaha,17,,Yes under Community Eligibility Option (CEO),false,Prekindergarten,Prekindergarten
317494001453,Ord Elementary School,Ord Public Schools,Ord,305,116,Yes participating without using any Provision or the CEO,false,Prekindergarten,6th Grade
317494001454,Ord Jr-Sr High School,Ord Public Schools,Ord,239,74,Yes participating without using any Provision or the CEO,false,7th Grade,12th Grade
317500001457,Osceola Elementary School,Osceola Public Schools,Osceola,120,29,Yes participating without using any Provision or the CEO,false,Prekindergarten,5th Grade
317500001458,Osceola High School,Osceola Public Schools,Osceola,91,21,Yes participating without using any Provision or the CEO,false,9th Grade,12th Grade
317500001228,Osceola Middle School,Osceola Public Schools,Osceola,39,14,Yes participating without using any Provision or the CEO,false,6th Grade,8th Grade
317503001459,Osmond Elementary School,Osmond Community Schools,Osmond,106,41,Yes participating without using any Provision or the CEO,false,Prekindergarten,6th Grade
317503001460,Osmond High School,Osmond Community Schools,Osmond,80,22,Yes participating without using any Provision or the CEO,false,7th Grade,12th Grade
317506001461,Overton Elementary School,Overton Public Schools,Overton,167,70,Yes participating without using any Provision or the CEO,false,Prekindergarten,6th Grade
317506001462,Overton High School,Overton Public Schools,Overton,118,50,Yes participating without using any Provision or the CEO,false,7th Grade,12th Grade
317866001714,Paddock Road Elementary School,Westside Community Schools,Omaha,285,113,Yes under Community Eligibility Option (CEO),false,Prekindergarten,6th Grade
317122002021,Palisades Elementary School,Gretna Public Schools,Omaha,454,30,Yes participating without using any Provision or the CEO,false,Prekindergarten,5th Grade
310008901467,Palmer Elementary School,Palmer Public Schools,Palmer,184,46,Yes participating without using any Provision or the CEO,false,Prekindergarten,6th Grade
310008901468,Palmer Junior-Senior High,Palmer Public Schools,Palmer,129,47,Yes participating without using any Provision or the CEO,false,7th Grade,12th Grade
317521002445,Palmyra Middle School,Palmyra District O R 1,Palmyra,158,16,No,false,6th Grade,8th Grade
317527002270,Papillion La Vista Early Childhood Center (Plecc),Papillion La Vista Community Schools,Papillion,66,3,No,false,Prekindergarten,Prekindergarten
317527001478,Papillion La Vista Senior High,Papillion La Vista Community Schools,Papillion,1867,537,Yes participating without using any Provision or the CEO,false,9th Grade,12th Grade
317527001389,Papillion La Vista South HS,Papillion La Vista Community Schools,Papillion,2038,370,Yes participating without using any Provision or the CEO,false,9th Grade,12th Grade
317527001477,Papillion Middle School,Papillion La Vista Community Schools,Papillion,635,159,Yes participating without using any Provision or the CEO,false,7th Grade,8th Grade
317239001109,Park Elementary School,Kearney Public Schools,Kearney,257,73,Yes participating without using any Provision or the CEO,false,Prekindergarten,5th Grade
317284002122,Park Middle School,Lincoln Public Schools,Lincoln,843,,Yes under Community Eligibility Option (CEO),true,6th Grade,8th Grade
317527001479,Parkview Heights Elem School,Papillion La Vista Community Schools,La Vista,439,,Yes under Community Eligibility Option (CEO),false,Prekindergarten,6th Grade
310534002282,Pathways Beyond/Early Steps to Success Building,Columbus Public Schools,Columbus,22,3,No,false,Prekindergarten,Prekindergarten
317527002209,Patriot Elementary,Papillion La Vista Community Schools,Papillion,361,58,Yes participating without using any Provision or the CEO,false,Prekindergarten,6th Grade
317533001484,Pawnee City Elementary Sch,Pawnee City Public Schools,Pawnee City,160,97,Yes participating without using any Provision or the CEO,false,Prekindergarten,6th Grade
317533001485,Pawnee City Secondary School,Pawnee City Public Schools,Pawnee City,112,67,Yes participating without using any Provision or the CEO,false,7th Grade,12th Grade
317482001420,Pawnee Elementary School,Omaha Public Schools,Omaha,341,,Yes under Community Eligibility Option (CEO),false,Prekindergarten,5th Grade
317536001486,Paxton Elementary School,Paxton Consolidated Schools,Paxton,94,31,Yes participating without using any Provision or the CEO,false,Prekindergarten,6th Grade
317536001487,Paxton High School,Paxton Consolidated Schools,Paxton,105,37,Yes participating without using any Provision or the CEO,false,7th Grade,12th Grade
317539001490,Pender Elementary School,Pender Public Schools,Pender,242,110,Yes participating without using any Provision or the CEO,false,Prekindergarten,6th Grade
317539001489,Pender High School,Pender Public Schools,Pender,191,75,Yes participating without using any Provision or the CEO,false,7th Grade,12th Grade
310015701831,Perkins County Elementary Sch,Perkins County Schools,Grant,241,76,Yes participating without using any Provision or the CEO,false,Prekindergarten,6th Grade
310015701827,Perkins County Junior- Senior High School,Perkins County Schools,Grant,188,39,Yes participating without using any Provision or the CEO,false,7th Grade,12th Grade
317281001134,Pershing Elementary School,Lexington Public Schools,Lexington,312,253,Yes participating without using any Provision or the CEO,false,4th Grade,5th Grade
317284001169,Pershing Elementary School,Lincoln Public Schools,Lincoln,421,,Yes under Community Eligibility Option (CEO),false,Prekindergarten,5th Grade
310381001513,Peter Sarpy Elementary School,Bellevue Public Schools,Bellevue,466,183,Yes participating without using any Provision or the CEO,false,Prekindergarten,6th Grade
317482000084,Picotte Elementary School,Omaha Public Schools,Omaha,369,,Yes under Community Eligibility Option (CEO),false,Prekindergarten,5th Grade
317551001494,Pierce Elementary School,Pierce Public Schools,Pierce,338,79,Yes participating without using any Provision or the CEO,false,Prekindergarten,6th Grade
317551001495,Pierce Jr/Sr High School,Pierce Public Schools,Pierce,340,63,Yes participating without using any Provision or the CEO,false,7th Grade,12th Grade
310399002213,Pine Creek Elementary,Bennington Public Schools,Bennington,556,45,Yes participating without using any Provision or the CEO,false,Prekindergarten,5th Grade
317482002434,Pine Elementary School,Omaha Public Schools,Omaha,342,,No,false,Prekindergarten,5th Grade
310004701868,Pine Ridge Job Corps,Pine Ridge Job Corps,Chadron,37,,No,false,10th Grade,12th Grade
317482001422,Pinewood Elementary School,Omaha Public Schools,Omaha,297,,Yes under Community Eligibility Option (CEO),false,Prekindergarten,5th Grade
317680000600,Pink School,Sioux County Public Schools,Marsland,6,,No,false,Prekindergarten,8th Grade
317557001497,Plainview Elementary School,Plainview Public Schools,Plainview,207,97,Yes participating without using any Provision or the CEO,false,Prekindergarten,6th Grade
317557001498,Plainview Secondary School,Plainview Public Schools,Plainview,151,59,Yes participating without using any Provision or the CEO,false,7th Grade,12th Grade
310011200494,Platte Center Elementary School,Lakeview Community Schools,Platte Center,168,83,Yes participating without using any Provision or the CEO,false,Prekindergarten,6th Grade
317563001902,Platteview Central Jr High School,Springfield Platteview Community Schools,Springfield,179,37,Yes participating without using any Provision or the CEO,false,7th Grade,8th Grade
317563001514,Platteview Senior High School,Springfield Platteview Community Schools,Springfield,387,47,Yes participating without using any Provision or the CEO,false,9th Grade,12th Grade
317566000429,Plattsmouth Early Childhood,Plattsmouth Community Schools,Plattsmouth,159,89,No,false,Prekindergarten,Prekindergarten
317566000426,Plattsmouth Elementary School,Plattsmouth Community Schools,Plattsmouth,460,180,Yes participating without using any Provision or the CEO,false,Prekindergarten,4th Grade
317566001523,Plattsmouth High School,Plattsmouth Community Schools,Plattsmouth,474,126,Yes participating without using any Provision or the CEO,false,9th Grade,12th Grade
317566001524,Plattsmouth Middle School,Plattsmouth Community Schools,Plattsmouth,386,134,Yes participating without using any Provision or the CEO,false,5th Grade,8th Grade
317569001526,Pleasanton Elementary School,Pleasanton Public Schools,Pleasanton,200,48,Yes participating without using any Provision or the CEO,false,Prekindergarten,6th Grade
317569001527,Pleasanton High School,Pleasanton Public Schools,Pleasanton,131,45,Yes participating without using any Provision or the CEO,false,7th Grade,12th Grade
317482001424,Ponca Elementary School,Omaha Public Schools,Omaha,138,,Yes under Community Eligibility Option (CEO),false,Prekindergarten,5th Grade
317577001530,Ponca Elementary School,Ponca Public Schools,Ponca,128,31,Yes participating without using any Provision or the CEO,false,3rd Grade,6th Grade
317577001531,Ponca High School,Ponca Public Schools,Ponca,198,42,Yes participating without using any Provision or the CEO,false,7th Grade,12th Grade
317527002192,Portal Elementary School,Papillion La Vista Community Schools,La Vista,422,60,Yes participating without using any Provision or the CEO,false,Prekindergarten,6th Grade
317581001914,Potter-Dix Elementary School,Potter-Dix Public Schools,Dix,81,23,Yes participating without using any Provision or the CEO,false,Prekindergarten,6th Grade
317581001533,Potter-Dix Jr/Sr High School,Potter-Dix Public Schools,Potter,88,37,Yes participating without using any Provision or the CEO,false,7th Grade,12th Grade
317284001170,Pound Middle School,Lincoln Public Schools,Lincoln,731,251,Yes participating without using any Provision or the CEO,false,6th Grade,8th Grade
317866001715,Prairie Lane Elementary School,Westside Community Schools,Omaha,269,60,Yes under Community Eligibility Option (CEO),false,Prekindergarten,6th Grade
317527002322,Prairie Queen Elementary,Papillion La Vista Community Schools,Papillion,514,45,Yes participating without using any Provision or the CEO,false,Prekindergarten,6th Grade
317476002298,Prairie View School,Ogallala Public Schools,Ogallala,371,189,Yes participating without using any Provision or the CEO,true,Prekindergarten,5th Grade
317482000288,Prairie Wind Elementary School,Omaha Public Schools,Omaha,644,,Yes under Community Eligibility Option (CEO),false,Prekindergarten,5th Grade
317905002201,Preschool Learning Academy,York Public Schools,York,178,37,No,false,Prekindergarten,Prekindergarten
317284001171,Prescott Elementary School,Lincoln Public Schools,Lincoln,485,,Yes under Community Eligibility Option (CEO),false,Prekindergarten,5th Grade
317284001172,Pyrtle Elementary School,Lincoln Public Schools,Lincoln,449,108,Yes participating without using any Provision or the CEO,false,Prekindergarten,5th Grade
317482001438,R M Marrs Magnet Middle School,Omaha Public Schools,Omaha,1066,,Yes under Community Eligibility Option (CEO),true,6th Grade,8th Grade
317590001542,Ralston High School,Ralston Public Schools,Ralston,1024,541,Yes participating without using any Provision or the CEO,false,9th Grade,12th Grade
317590001540,Ralston Middle School,Ralston Public Schools,Ralston,488,272,Yes participating without using any Provision or the CEO,true,7th Grade,8th Grade
317284001173,Randolph Elementary School,Lincoln Public Schools,Lincoln,452,,Yes under Community Eligibility Option (CEO),false,Prekindergarten,5th Grade
317593001545,Randolph Elementary School,Randolph Public Schools,Randolph,162,60,Yes participating without using any Provision or the CEO,false,Prekindergarten,6th Grade
317593001546,Randolph High School,Randolph Public Schools,Randolph,102,45,Yes participating without using any Provision or the CEO,false,7th Grade,12th Grade
317596001823,Ravenna Elementary School,Ravenna Public Schools,Ravenna,242,93,Yes participating without using any Provision or the CEO,false,Prekindergarten,6th Grade
317596001549,Ravenna Senior High,Ravenna Public Schools,Ravenna,170,56,Yes participating without using any Provision or the CEO,false,7th Grade,12th Grade
317158001057,Raymond a Watson Elem School,Hastings Public Schools,Hastings,336,152,Yes participating without using any Provision or the CEO,false,Prekindergarten,5th Grade
310495002365,Raymond Central Preschool,Raymond Central Public Schools,Raymond,48,3,No,false,Prekindergarten,Prekindergarten
317374002018,Reagan Elementary,Millard Public Schools,Omaha,498,75,Yes participating without using any Provision or the CEO,false,Prekindergarten,5th Grade
317599001550,Red Cloud Elementary School,Red Cloud Community Schools,Red Cloud,187,92,Yes participating without using any Provision or the CEO,false,Prekindergarten,6th Grade
317599001551,Red Cloud High School,Red Cloud Community Schools,Red Cloud,111,46,Yes participating without using any Provision or the CEO,false,7th Grade,12th Grade
317374001792,Reeder Elementary School,Millard Public Schools,Gretna,504,92,Yes participating without using any Provision or the CEO,false,Prekindergarten,5th Grade
317284001174,Riley Elementary School,Lincoln Public Schools,Lincoln,276,,Yes under Community Eligibility Option (CEO),false,Prekindergarten,5th Grade
310018402296,Riverside Elementary - Cedar Rapids,Riverside Public Schools,Cedar Rapids,82,43,Yes participating without using any Provision or the CEO,false,Prekindergarten,5th Grade
310018402297,Riverside Elementary - Spalding,Riverside Public Schools,Spalding,48,12,Yes participating without using any Provision or the CEO,false,Prekindergarten,5th Grade
310018402308,Riverside High School,Riverside Public Schools,Cedar Rapids,77,40,Yes participating without using any Provision or the CEO,false,9th Grade,12th Grade
310018402300,Riverside Middle School,Riverside Public Schools,Spalding,46,27,Yes participating without using any Provision or the CEO,true,6th Grade,8th Grade
317284002442,Robinson Elementary School,Lincoln Public Schools,Lincoln,398,102,No,false,Prekindergarten,5th Grade
317617001559,Rock County High School,Rock County Public Schools,Bassett,90,27,Yes participating without using any Provision or the CEO,false,7th Grade,12th Grade
317866001716,Rockbrook Elementary School,Westside Community Schools,Omaha,278,73,Yes under Community Eligibility Option (CEO),false,Prekindergarten,6th Grade
317374000667,Rohwer Elementary School,Millard Public Schools,Omaha,450,76,Yes participating without using any Provision or the CEO,false,Prekindergarten,5th Grade
317647001580,Roosevelt Elementary School,Scottsbluff Public Schools,Scottsbluff,280,,Yes under Community Eligibility Option (CEO),false,Prekindergarten,5th Grade
317284000391,Roper Elementary School,Lincoln Public Schools,Lincoln,850,472,Yes participating without using any Provision or the CEO,false,Prekindergarten,5th Grade
317482001427,Rose Hill Elementary School,Omaha Public Schools,Omaha,287,,Yes under Community Eligibility Option (CEO),false,Prekindergarten,5th Grade
317284001176,Rousseau Elementary School,Lincoln Public Schools,Lincoln,587,245,Yes participating without using any Provision or the CEO,false,Prekindergarten,5th Grade
317527000403,Rumsey Station Elementary Sch,Papillion La Vista Community Schools,Papillion,343,41,Yes participating without using any Provision or the CEO,false,Prekindergarten,6th Grade
317374000240,Russell Middle School,Millard Public Schools,Omaha,760,138,Yes participating without using any Provision or the CEO,false,6th Grade,8th Grade
317482002228,Saddlebrook Elementary School,Omaha Public Schools,Omaha,447,,Yes under Community Eligibility Option (CEO),false,Prekindergarten,5th Grade
317011002277,Sagewood Elementary School,Elkhorn Public Schools,Omaha,447,74,Yes participating without using any Provision or the CEO,false,Prekindergarten,5th Grade
317281001135,Sandoz Elementary School,Lexington Public Schools,Lexington,358,297,Yes participating without using any Provision or the CEO,false,2nd Grade,3rd Grade
317374001257,Sandoz Elementary School,Millard Public Schools,Omaha,336,166,Yes participating without using any Provision or the CEO,false,Prekindergarten,5th Grade
317047002464,Sandy Creek Elementary,Sandy Creek Schools,Fairfield,280,99,No,false,Prekindergarten,5th Grade
317047002463,Sandy Creek High School,Sandy Creek Schools,Fairfield,124,50,No,false,9th Grade,12th Grade
317047002465,Sandy Creek Middle School,Sandy Creek Schools,Fairfield,80,34,No,true,6th Grade,8th Grade
317284001178,Saratoga Elementary School,Lincoln Public Schools,Lincoln,216,,Yes under Community Eligibility Option (CEO),false,Prekindergarten,5th Grade
317641001573,Sargent Elementary School,Sargent Public Schools,Sargent,80,50,Yes under Community Eligibility Option (CEO),false,Prekindergarten,6th Grade
317641001574,Sargent High School,Sargent Public Schools,Sargent,66,29,Yes under Community Eligibility Option (CEO),false,7th Grade,12th Grade
317284002215,Schoo Middle School,Lincoln Public Schools,Lincoln,1006,447,Yes participating without using any Provision or the CEO,false,6th Grade,8th Grade
317645001575,Schuyler Central High School,Schuyler Community Schools,Schuyler,643,338,Yes under Community Eligibility Option (CEO),true,9th Grade,12th Grade
317645001576,Schuyler Elementary School,Schuyler Community Schools,Schuyler,715,370,Yes under Community Eligibility Option (CEO),false,Prekindergarten,5th Grade
317645000446,Schuyler Elementary-Fisher's,Schuyler Community Schools,Schuyler,31,11,Yes under Community Eligibility Option (CEO),false,Prekindergarten,7th Grade
317645002218,Schuyler Headstart,Schuyler Community Schools,Schuyler,75,32,No,false,Prekindergarten,Prekindergarten
317645002216,Schuyler Middle School,Schuyler Community Schools,Schuyler,400,198,Yes under Community Eligibility Option (CEO),true,6th Grade,8th Grade
317284000393,Scott Middle School,Lincoln Public Schools,Lincoln,1020,213,Yes participating without using any Provision or the CEO,false,6th Grade,8th Grade
317647001582,Scottsbluff Senior High School,Scottsbluff Public Schools,Scottsbluff,1064,574,Yes participating without using any Provision or the CEO,false,9th Grade,12th Grade
310007601585,Scribner-Snyder Secondary Sch,Scribner-Snyder Community Schs,Scribner,59,35,Yes participating without using any Provision or the CEO,true,7th Grade,12th Grade
310495000137,Secondary Sch at Raymond,Raymond Central Public Schools,Raymond,237,48,Yes participating without using any Provision or the CEO,false,9th Grade,12th Grade
310001601022,Seedling Mile Elem School,Grand Island Public Schools,Grand Island,87,,Yes under Community Eligibility Option (CEO),false,1st Grade,5th Grade
317656001590,Seward Elementary School,Seward Public Schools,Seward,558,124,Yes participating without using any Provision or the CEO,false,Prekindergarten,4th Grade
317656001591,Seward High School,Seward Public Schools,Seward,511,75,Yes participating without using any Provision or the CEO,false,9th Grade,12th Grade
317656001592,Seward Middle School,Seward Public Schools,Seward,416,79,Yes participating without using any Provision or the CEO,false,5th Grade,8th Grade
317590001543,Seymour Elementary School,Ralston Public Schools,Ralston,286,161,Yes participating without using any Provision or the CEO,false,Prekindergarten,6th Grade
317659001593,Shelby - Rising City Elementary School,Shelby - Rising City Public Schools,Shelby,201,63,Yes participating without using any Provision or the CEO,false,Prekindergarten,5th Grade
317659001594,Shelby - Rising City High School,Shelby - Rising City Public Schools,Shelby,112,43,Yes participating without using any Provision or the CEO,false,9th Grade,12th Grade
317659002257,Shelby - Rising City Middle School,Shelby - Rising City Public Schools,Shelby,90,28,Yes participating without using any Provision or the CEO,false,6th Grade,8th Grade
310011200492,Shell Creek Elementary School,Lakeview Community Schools,Columbus,373,99,Yes participating without using any Provision or the CEO,false,Prekindergarten,6th Grade
317662001595,Shelton Elementary School,Shelton Public Schools,Shelton,159,59,Yes participating without using any Provision or the CEO,false,Prekindergarten,6th Grade
317662001596,Shelton High School,Shelton Public Schools,Shelton,117,50,Yes participating without using any Provision or the CEO,false,7th Grade,12th Grade
317284001179,Sheridan Elementary School,Lincoln Public Schools,Lincoln,352,64,Yes participating without using any Provision or the CEO,false,Prekindergarten,5th Grade
317482001432,Sherman Elementary School,Omaha Public Schools,Omaha,257,,Yes under Community Eligibility Option (CEO),false,Prekindergarten,5th Grade
317665001597,Shickley Elementary School,Shickley Public Schools,Shickley,85,15,Yes participating without using any Provision or the CEO,false,Prekindergarten,6th Grade
317665001598,Shickley High School,Shickley Public Schools,Shickley,58,7,Yes participating without using any Provision or the CEO,false,7th Grade,12th Grade
310001601862,Shoemaker Elementary School,Grand Island Public Schools,Grand Island,438,,Yes under Community Eligibility Option (CEO),false,Prekindergarten,5th Grade
317671001601,Sidney High School,Sidney Public Schools,Sidney,329,122,Yes participating without using any Provision or the CEO,false,9th Grade,12th Grade
317671001602,Sidney Middle School,Sidney Public Schools,Sidney,152,63,Yes participating without using any Provision or the CEO,false,7th Grade,8th Grade
310006601884,Silver Lake Elem Sch-Bladen,Silver Lake Public Schools,Bladen,135,43,Yes participating without using any Provision or the CEO,false,Prekindergarten,6th Grade
310006601883,Silver Lake High School,Silver Lake Public Schools,Roseland,94,33,Yes participating without using any Provision or the CEO,false,7th Grade,12th Grade
317802002371,Simeon School,Valentine Community Schools,Valentine,17,5,No,false,Prekindergarten,8th Grade
317680001607,Sioux County High School,Sioux County Public Schools,Harrison,24,5,No,false,9th Grade,12th Grade
317071002377,Sixpence Preschool,Fremont Public Schools,Fremont,29,3,No,false,Prekindergarten,Prekindergarten
317482000439,Skinner Magnet Center,Omaha Public Schools,Omaha,433,,Yes under Community Eligibility Option (CEO),false,Prekindergarten,5th Grade
317011000928,Skyline Elementary School,Elkhorn Public Schools,Elkhorn,370,22,Yes participating without using any Provision or the CEO,false,Prekindergarten,5th Grade
310011000353,So Platte Elem at Big Springs,South Platte Public Schools,Big Springs,103,53,Yes participating without using any Provision or the CEO,false,Prekindergarten,6th Grade
310010902208,So Valley Elementary School,Southern Valley Schools,Oxford,252,135,Yes participating without using any Provision or the CEO,false,Prekindergarten,6th Grade
317482001433,South High School,Omaha Public Schools,Omaha,2412,,Yes under Community Eligibility Option (CEO),true,9th Grade,12th Grade
310011000348,South Platte High School,South Platte Public Schools,Big Springs,108,46,Yes participating without using any Provision or the CEO,false,7th Grade,12th Grade
317686001615,South Sioux City Middle School,So Sioux City Community Schs,So Sioux City,781,546,Yes participating without using any Provision or the CEO,true,6th Grade,8th Grade
317686001616,South Sioux High School,So Sioux City Community Schs,So Sioux City,1193,771,Yes participating without using any Provision or the CEO,true,9th Grade,12th Grade
317671001603,South Ward Elementary School,Sidney Public Schools,Sidney,261,132,Yes participating without using any Provision or the CEO,false,1st Grade,3rd Grade
317718001631,Southern Elementary School,Southern School District 1,Blue Springs,198,,Yes under Community Eligibility Option (CEO),false,Prekindergarten,6th Grade
317718001632,Southern Jr-Sr High School,Southern School District 1,Wymore,163,,Yes under Community Eligibility Option (CEO),false,7th Grade,12th Grade
310010901464,Southern Valley Jr/Sr High,Southern Valley Schools,Oxford,145,76,Yes participating without using any Provision or the CEO,false,7th Grade,12th Grade
310017802188,Southwest Elementary-Indianola,Southwest Public Schools,Indianola,172,75,Yes participating without using any Provision or the CEO,false,Prekindergarten,5th Grade
317284001033,Southwest High School,Lincoln Public Schools,Lincoln,2110,469,Yes participating without using any Provision or the CEO,false,9th Grade,12th Grade
310017801758,Southwest Jr/Sr High School,Southwest Public Schools,Bartley,83,41,Yes participating without using any Provision or the CEO,false,9th Grade,12th Grade
310017801757,Southwest Middle School,Southwest Public Schools,Bartley,71,39,No,false,6th Grade,8th Grade
317482001435,Spring Lake Magnet Center,Omaha Public Schools,Omaha,744,,Yes under Community Eligibility Option (CEO),false,Prekindergarten,5th Grade
317011000719,Spring Ridge Elementary,Elkhorn Public Schools,Omaha,474,24,Yes participating without using any Provision or the CEO,false,Prekindergarten,5th Grade
317248000661,Spring View Elementary School,Keya Paha County Schools,Springview,39,20,Yes participating without using any Provision or the CEO,false,Prekindergarten,6th Grade
317563001516,Springfield Elementary School,Springfield Platteview Community Schools,Springfield,400,60,Yes participating without using any Provision or the CEO,false,Prekindergarten,6th Grade
317482001436,Springville Elementary School,Omaha Public Schools,Omaha,430,,Yes under Community Eligibility Option (CEO),false,Prekindergarten,5th Grade
317122001760,Squire John Thomas Elementary,Gretna Public Schools,Gretna,499,50,Yes participating without using any Provision or the CEO,false,Prekindergarten,5th Grade
317698001621,St Edward Elementary School,St Edward Public Schools,St Edward,83,,Yes under Community Eligibility Option (CEO),false,Prekindergarten,6th Grade
317698001622,St Edward High School,St Edward Public Schools,St Edward,73,,Yes under Community Eligibility Option (CEO),false,7th Grade,12th Grade
317458000965,St Libory Elementary School,Northwest Public Schools,St Libory,161,58,Yes participating without using any Provision or the CEO,false,Prekindergarten,8th Grade
310008501623,St Paul Elementary School,St Paul Public Schools,St Paul,390,113,No,false,Prekindergarten,6th Grade
310008502369,St Paul Jr/Sr High School,St Paul Public Schools,St Paul,277,72,No,false,7th Grade,12th Grade
317482001783,Standing Bear Elementary School,Omaha Public Schools,Omaha,623,,Yes under Community Eligibility Option (CEO),false,Prekindergarten,5th Grade
317284002457,Standing Bear High School,Lincoln Public Schools,Lincoln,631,102,No,false,9th Grade,12th Grade
310004101625,Stanton Elementary School,Stanton Community Schools,Stanton,195,78,Yes participating without using any Provision or the CEO,false,Prekindergarten,6th Grade
310004101626,Stanton High School,Stanton Community Schools,Stanton,182,62,Yes participating without using any Provision or the CEO,false,7th Grade,12th Grade
317710001627,Stapleton Elementary School,Stapleton Public Schools,Stapleton,90,8,Yes participating without using any Provision or the CEO,false,Prekindergarten,6th Grade
317710001628,Stapleton High School,Stapleton Public Schools,Stapleton,64,15,Yes participating without using any Provision or the CEO,false,7th Grade,12th Grade
310001601017,Starr Elementary School,Grand Island Public Schools,Grand Island,453,,No,false,Prekindergarten,5th Grade
317719001633,Sterling Elementary School,Sterling Public Schools,Sterling,143,59,Yes participating without using any Provision or the CEO,false,Prekindergarten,6th Grade
317719001634,Sterling High School,Sterling Public Schools,Sterling,81,29,Yes participating without using any Provision or the CEO,false,7th Grade,12th Grade
310001601025,Stolley Park Elem School,Grand Island Public Schools,Grand Island,258,,Yes under Community Eligibility Option (CEO),false,Prekindergarten,5th Grade
310399002438,Stratford Elementary School,Bennington Public Schools,Bennington,379,24,No,false,Prekindergarten,5th Grade
310008201639,Stuart Elementary School,Stuart Public Schools,Stuart,117,60,Yes participating without using any Provision or the CEO,false,Prekindergarten,6th Grade
310008201640,Stuart High School,Stuart Public Schools,Stuart,80,38,Yes participating without using any Provision or the CEO,false,7th Grade,12th Grade
310018902423,Summerland Elem School,Summerland Public Schools,Ewing,236,113,No,false,Prekindergarten,6th Grade
310018902422,Summerland High School,Summerland Public Schools,Ewing,211,112,No,false,7th Grade,12th Grade
317482001437,Sunny Slope Elementary School,Omaha Public Schools,Omaha,432,,Yes under Community Eligibility Option (CEO),false,Prekindergarten,5th Grade
317239000425,Sunrise Middle School,Kearney Public Schools,Kearney,536,206,Yes participating without using any Provision or the CEO,false,6th Grade,8th Grade
317866001718,Sunset Hills Elementary School,Westside Community Schools,Omaha,301,37,Yes under Community Eligibility Option (CEO),false,Prekindergarten,6th Grade
310002902244,Superior Elementary School,Superior Public Schools,Superior,214,,Yes under Community Eligibility Option (CEO),false,Prekindergarten,5th Grade
310002902416,Superior Middle School,Superior Public Schools,Superior,88,,No,false,6th Grade,8th Grade
310002902032,Superior Sr High School,Superior Public Schools,Superior,126,,Yes under Community Eligibility Option (CEO),false,9th Grade,12th Grade
310002401647,Sutherland Elementary School,Sutherland Public Schools,Sutherland,164,56,Yes participating without using any Provision or the CEO,false,Prekindergarten,6th Grade
310002401648,Sutherland High School,Sutherland Public Schools,Sutherland,119,24,Yes participating without using any Provision or the CEO,false,7th Grade,12th Grade
317752001649,Sutton Elementary School,Sutton Public Schools,Sutton,225,82,Yes participating without using any Provision or the CEO,false,Prekindergarten,6th Grade
317752001650,Sutton Secondary School,Sutton Public Schools,Sutton,174,51,Yes participating without using any Provision or the CEO,false,7th Grade,12th Grade
317527001481,Tara Heights Elementary School,Papillion La Vista Community Schools,Papillion,399,103,Yes participating without using any Provision or the CEO,false,Prekindergarten,6th Grade
310013201273,Thayer Central Elementary,Thayer Central Community Schs,Hebron,256,96,Yes participating without using any Provision or the CEO,false,Prekindergarten,6th Grade
310013201258,Thayer Central High School,Thayer Central Community Schs,Hebron,191,36,Yes participating without using any Provision or the CEO,false,7th Grade,12th Grade
317773000263,Thedford Elem Attendance Cntr,Thedford Public Schools,Thedford,65,,Yes under Community Eligibility Option (CEO),false,Prekindergarten,6th Grade
317773001663,Thedford High School,Thedford Public Schools,Thedford,54,,Yes under Community Eligibility Option (CEO),false,7th Grade,12th Grade
317389002446,Tiger Cub Preschool,Mitchell Public Schools,Mitchell,49,12,No,false,Prekindergarten,Prekindergarten
310597001848,Tri County Elementary School,Tri County Public Schools,Dewitt,232,54,Yes participating without using any Provision or the CEO,false,Prekindergarten,6th Grade
310597000201,Tri County Jr-Sr High School,Tri County Public Schools,Dewitt,189,44,Yes participating without using any Provision or the CEO,false,7th Grade,12th Grade
317527001482,Trumble Park Elementary School,Papillion La Vista Community Schools,Papillion,364,118,Yes participating without using any Provision or the CEO,false,Prekindergarten,6th Grade
317356000256,Tryon Elementary,Mc Pherson County Schools,Tryon,20,,No,false,Prekindergarten,6th Grade
310381001517,Twin Ridge Elementary School,Bellevue Public Schools,Bellevue,288,138,Yes participating without using any Provision or the CEO,false,Prekindergarten,6th Grade
310012901079,Twin River Elem-Genoa,Twin River Public Schools,Genoa,217,89,Yes participating without using any Provision or the CEO,false,Prekindergarten,6th Grade
310012901076,Twin River Sr High School,Twin River Public Schools,Genoa,189,56,Yes participating without using any Provision or the CEO,false,7th Grade,12th Grade
310381000402,Two Springs Elementary School,Bellevue Public Schools,Bellevue,364,74,Yes participating without using any Provision or the CEO,false,Prekindergarten,6th Grade
311956000376,Umo N Ho N Nation Elem School,Umo N Ho N Nation Public Schs,Macy,391,,Yes under Community Eligibility Option (CEO),false,Prekindergarten,5th Grade
311956000377,Umo N Ho N Nation High School,Umo N Ho N Nation Public Schs,Macy,170,,Yes under Community Eligibility Option (CEO),true,9th Grade,12th Grade
311956002194,Umo N Ho N Nation Middle Sch,Umo N Ho N Nation Public Schs,Macy,106,,Yes under Community Eligibility Option (CEO),true,6th Grade,8th Grade
310005901875,University of Nebraska High School,University of Nebraska High School,Lincoln,165,,No,false,7th Grade,12th Grade
317374002198,Upchurch Elementary,Millard Public Schools,Omaha,402,69,Yes participating without using any Provision or the CEO,false,Prekindergarten,5th Grade
317802001672,Valentine Elementary School,Valentine Community Schools,Valentine,285,130,Yes participating without using any Provision or the CEO,false,Prekindergarten,4th Grade
317802001674,Valentine High School,Valentine Community Schools,Valentine,158,62,Yes participating without using any Provision or the CEO,false,9th Grade,12th Grade
317802001673,Valentine Middle School,Valentine Community Schools,Valentine,159,72,Yes participating without using any Provision or the CEO,false,5th Grade,8th Grade
317812001680,Verdigre Elementary School,Verdigre Public Schools,Verdigre,80,30,No,false,Prekindergarten,6th Grade
317812001679,Verdigre High School,Verdigre Public Schools,Verdigre,80,36,No,false,7th Grade,12th Grade
317821001684,Wahoo Elementary School,Wahoo Public Schools,Wahoo,475,131,Yes participating without using any Provision or the CEO,false,Prekindergarten,5th Grade
317821001682,Wahoo High School,Wahoo Public Schools,Wahoo,341,77,Yes participating without using any Provision or the CEO,false,9th Grade,12th Grade
317821001683,Wahoo Middle School,Wahoo Public Schools,Wahoo,226,67,Yes participating without using any Provision or the CEO,false,6th Grade,8th Grade
317821000312,Wahoo Pre-School,Wahoo Public Schools,Wahoo,46,23,Yes participating without using any Provision or the CEO,false,Prekindergarten,Prekindergarten
310381001518,Wake Robin Elementary School,Bellevue Public Schools,Bellevue,543,172,Yes participating without using any Provision or the CEO,false,Prekindergarten,6th Grade
317824001685,Wakefield Elementary School,Wakefield Public Schools,Wakefield,341,188,Yes participating without using any Provision or the CEO,false,Prekindergarten,6th Grade
317824001686,Wakefield High School,Wakefield Public Schools,Wakefield,234,126,Yes participating without using any Provision or the CEO,true,7th Grade,12th Grade
317482001441,Wakonda Elementary School,Omaha Public Schools,Omaha,374,,Yes under Community Eligibility Option (CEO),false,Prekindergarten,5th Grade
317826001687,Wallace Elementary School,Wallace Public Sch Dist 65 R,Wallace,90,29,Yes participating without using any Provision or the CEO,false,Prekindergarten,6th Grade
317826001688,Wallace High School,Wallace Public Sch Dist 65 R,Wallace,71,21,Yes participating without using any Provision or the CEO,false,7th Grade,12th Grade
317527000846,Walnut Creek Elementary,Papillion La Vista Community Schools,Papillion,451,88,Yes participating without using any Provision or the CEO,false,Prekindergarten,6th Grade
317482001442,Walnut Hill Elementary School,Omaha Public Schools,Omaha,399,,Yes under Community Eligibility Option (CEO),false,Prekindergarten,6th Grade
310001601027,Walnut Middle School,Grand Island Public Schools,Grand Island,777,,Yes under Community Eligibility Option (CEO),true,6th Grade,8th Grade
317374001259,Walt Disney Elementary School,Millard Public Schools,Omaha,372,180,Yes participating without using any Provision or the CEO,false,Prekindergarten,5th Grade
317830001689,Walthill Elementary School,Walthill Public Schools,Walthill,159,,Yes under Community Eligibility Option (CEO),false,Prekindergarten,6th Grade
317830001690,Walthill High School,Walthill Public Schools,Walthill,151,,Yes under Community Eligibility Option (CEO),true,7th Grade,12th Grade
317071000986,Washington Elementary School,Fremont Public Schools,Fremont,417,338,Yes participating without using any Provision or the CEO,false,Prekindergarten,4th Grade
317443001314,Washington Elementary School,Norfolk Public Schools,Norfolk,227,158,Yes participating without using any Provision or the CEO,false,Prekindergarten,4th Grade
310002201332,Washington Elementary School,North Platte Public Schools,North Platte,226,,Yes under Community Eligibility Option (CEO),false,Prekindergarten,5th Grade
317482001443,Washington Elementary School,Omaha Public Schools,Omaha,312,,Yes under Community Eligibility Option (CEO),false,Prekindergarten,6th Grade
310001601028,Wasmer Elementary School,Grand Island Public Schools,Grand Island,373,,Yes under Community Eligibility Option (CEO),false,Prekindergarten,5th Grade
310001800075,Wauneta Palisade Middle School,Wauneta-Palisade Public Schs,Wauneta,38,18,Yes under Community Eligibility Option (CEO),true,6th Grade,8th Grade
310001800068,Wauneta-Palisade Elementary School,Wauneta-Palisade Public Schs,Wauneta,95,49,Yes under Community Eligibility Option (CEO),false,Prekindergarten,5th Grade
310001800059,Wauneta-Palisade High School,Wauneta-Palisade Public Schs,Wauneta,79,38,Yes under Community Eligibility Option (CEO),false,9th Grade,12th Grade
317845001695,Wausa Elementary School,Wausa Public Schools,Wausa,113,26,Yes participating without using any Provision or the CEO,false,Prekindergarten,6th Grade
317845001696,Wausa High School,Wausa Public Schools,Wausa,101,11,Yes participating without using any Provision or the CEO,false,7th Grade,12th Grade
310002101699,Waverly High School,Waverly School District 145,Waverly,679,104,Yes participating without using any Provision or the CEO,false,9th Grade,12th Grade
310002102029,Waverly Intermediate School,Waverly School District 145,Waverly,330,59,Yes participating without using any Provision or the CEO,false,3rd Grade,5th Grade
310002101853,Waverly Middle School,Waverly School District 145,Waverly,512,95,Yes participating without using any Provision or the CEO,false,6th Grade,8th Grade
317852002319,Wayne Early Learning Center,Wayne Community Schools,Wayne,46,12,Yes participating without using any Provision or the CEO,false,Prekindergarten,Prekindergarten
317852002267,Wayne Elementary School,Wayne Community Schools,Wayne,499,184,Yes participating without using any Provision or the CEO,false,Prekindergarten,6th Grade
317852001702,Wayne High School,Wayne Community Schools,Wayne,323,91,Yes participating without using any Provision or the CEO,false,9th Grade,12th Grade
317852001701,Wayne Junior High School,Wayne Community Schools,Wayne,148,52,Yes participating without using any Provision or the CEO,false,7th Grade,8th Grade
317854001704,Weeping Water Elementary School,Weeping Water Public Schools,Weeping Water,158,43,Yes participating without using any Provision or the CEO,false,Prekindergarten,5th Grade
317854001705,Weeping Water High School,Weeping Water Public Schools,Weeping Water,86,29,Yes participating without using any Provision or the CEO,false,9th Grade,12th Grade
317854002318,Weeping Water Middle School,Weeping Water Public Schools,Weeping Water,54,13,Yes participating without using any Provision or the CEO,false,6th Grade,8th Grade
317011002292,West Bay Elementary School,Elkhorn Public Schools,Omaha,405,22,Yes participating without using any Provision or the CEO,false,Prekindergarten,5th Grade
317011002239,West Dodge Station Elementary,Elkhorn Public Schools,Elkhorn,434,28,Yes participating without using any Provision or the CEO,false,Prekindergarten,5th Grade
317671000076,West Elementary School,Sidney Public Schools,Sidney,238,117,Yes participating without using any Provision or the CEO,false,4th Grade,6th Grade
310019002448,West Hastings High School,West Hastings School,Hastings,22,19,No,false,8th Grade,12th Grade
310017202008,West Holt High School,West Holt Public Schools,Atkinson,208,69,Yes participating without using any Provision or the CEO,false,7th Grade,12th Grade
310017202260,West Holt Little Paws Preschool,West Holt Public Schools,Atkinson,31,14,Yes participating without using any Provision or the CEO,false,Prekindergarten,Prekindergarten
310004601867,West Kearney High School,West Kearney High School,Kearney,65,62,Yes participating without using any Provision or the CEO,false,8th Grade,12th Grade
310001601029,West Lawn Elementary School,Grand Island Public Schools,Grand Island,338,,Yes under Community Eligibility Option (CEO),false,Prekindergarten,5th Grade
317284001181,West Lincoln Elementary School,Lincoln Public Schools,Lincoln,463,,Yes under Community Eligibility Option (CEO),false,Prekindergarten,5th Grade
310534000170,West Park Elementary,Columbus Public Schools,Columbus,215,126,Yes participating without using any Provision or the CEO,false,Prekindergarten,4th Grade
310000602249,West Point - Beemer Middle School,West Point Public Schools,West Point,181,96,Yes participating without using any Provision or the CEO,true,5th Grade,8th Grade
310000601706,West Point Elementary School,West Point Public Schools,West Point,334,186,Yes participating without using any Provision or the CEO,false,Prekindergarten,4th Grade
310000601707,West Point-Beemer High School,West Point Public Schools,West Point,225,128,Yes participating without using any Provision or the CEO,true,9th Grade,12th Grade
317866001793,Westbrook Elementary School,Westside Community Schools,Omaha,545,,Yes under Community Eligibility Option (CEO),false,Prekindergarten,6th Grade
317482001444,Western Hills Magnet Center,Omaha Public Schools,Omaha,377,,Yes under Community Eligibility Option (CEO),false,Prekindergarten,6th Grade
318013002342,Western Nebrask Child Dev Center (Wncdc),Educational Service Unit 13,Scottsbluff,14,11,No,false,Prekindergarten,Prekindergarten
317866001723,Westgate Elementary School,Westside Community Schools,Omaha,297,,Yes under Community Eligibility Option (CEO),false,Prekindergarten,6th Grade
317563001483,Westmont Elementary School,Springfield Platteview Community Schools,Omaha,264,56,Yes participating without using any Provision or the CEO,false,Prekindergarten,6th Grade
317647001583,Westmoor Elementary School,Scottsbluff Public Schools,Scottsbluff,408,275,Yes participating without using any Provision or the CEO,false,Prekindergarten,5th Grade
317011001802,Westridge Elementary School,Elkhorn Public Schools,Elkhorn,346,48,Yes participating without using any Provision or the CEO,false,Prekindergarten,5th Grade
310001601864,Westridge Middle School,Grand Island Public Schools,Grand Island,694,,Yes under Community Eligibility Option (CEO),false,6th Grade,8th Grade
317443001315,Westside Elementary School,Norfolk Public Schools,Norfolk,194,132,Yes participating without using any Provision or the CEO,false,Prekindergarten,4th Grade
317866001724,Westside High School,Westside Community Schools,Omaha,2145,770,Yes under Community Eligibility Option (CEO),false,9th Grade,12th Grade
317866001915,Westside Middle School,Westside Community Schools,Omaha,948,352,Yes under Community Eligibility Option (CEO),false,7th Grade,8th Grade
317482002436,Westview High School,Omaha Public Schools,Bennington,1573,,No,false,9th Grade,12th Grade
317422002332,Westward Elementary School,Neligh-Oakdale Schools,Neligh,115,49,Yes participating without using any Provision or the CEO,false,Prekindergarten,2nd Grade
317867001725,Wheeler Central Elementary #45,Wheeler Central Schools,Bartlett,92,35,Yes participating without using any Provision or the CEO,false,Prekindergarten,6th Grade
317867001726,Wheeler Central High,Wheeler Central Schools,Bartlett,46,17,Yes participating without using any Provision or the CEO,false,7th Grade,12th Grade
317374000669,Wheeler Elementary School,Millard Public Schools,Omaha,633,126,Yes participating without using any Provision or the CEO,false,Prekindergarten,5th Grade
317122002264,Whitetail Creek Elementary,Gretna Public Schools,Omaha,481,28,Yes participating without using any Provision or the CEO,false,Prekindergarten,5th Grade
317872001729,Wilber-Clatonia High School,Wilber-Clatonia Public Schools,Wilber,193,63,Yes participating without using any Provision or the CEO,false,9th Grade,12th Grade
317872002417,Wilber-Clatonia Middle School,Wilber-Clatonia Public Schools,Wilber,154,56,No,false,6th Grade,8th Grade
310013401373,Wilcox-Hildreth Elementary School,Wilcox-Hildreth Public Schools,Wilcox,115,,Yes under Community Eligibility Option (CEO),false,Prekindergarten,8th Grade
310013401368,Wilcox-Hildreth Jr/Sr High School,Wilcox-Hildreth Public Schools,Wilcox,76,,Yes under Community Eligibility Option (CEO),false,9th Grade,12th Grade
310013401371,Wilcox-Hildreth Upper Elementary,Wilcox-Hildreth Public Schools,Hildreth,45,,Yes under Community Eligibility Option (CEO),false,3rd Grade,5th Grade
317590001544,Wildewood Elementary School,Ralston Public Schools,Ralston,303,180,Yes participating without using any Provision or the CEO,false,Prekindergarten,6th Grade
317374001242,Willa Cather Elementary School,Millard Public Schools,Omaha,286,77,Yes participating without using any Provision or the CEO,false,Prekindergarten,5th Grade
317374000089,Willowdale Elementary School,Millard Public Schools,Omaha,469,75,Yes participating without using any Provision or the CEO,false,Prekindergarten,5th Grade
317482002251,Wilson Focus School,Omaha Public Schools,Omaha,202,,Yes under Community Eligibility Option (CEO),false,3rd Grade,6th Grade
317239001833,Windy Hills Elementary School,Kearney Public Schools,Kearney,259,39,Yes participating without using any Provision or the CEO,false,Prekindergarten,5th Grade
317881001737,Winnebago Elementary School,Winnebago Public Schools District 17,Winnebago,438,,Yes under Community Eligibility Option (CEO),true,Prekindergarten,8th Grade
317881001738,Winnebago High School,Winnebago Public Schools District 17,Winnebago,187,,Yes under Community Eligibility Option (CEO),true,9th Grade,12th Grade
317884001739,Winside Elementary School,Winside Public Schools,Winside,136,46,Yes participating without using any Provision or the CEO,false,Prekindergarten,6th Grade
317884001740,Winside High School,Winside Public Schools,Winside,110,36,Yes participating without using any Provision or the CEO,false,7th Grade,12th Grade
310000801733,Wisner-Pilger Elem School,Wisner-Pilger Public Schools,Wisner,306,133,Yes participating without using any Provision or the CEO,false,Prekindergarten,6th Grade
310000801734,Wisner-Pilger High School,Wisner-Pilger Public Schools,Wisner,190,82,Yes participating without using any Provision or the CEO,false,7th Grade,12th Grade
317894001743,Wood River Elementary School,Wood River Rural Schools,Wood River,224,92,Yes participating without using any Provision or the CEO,false,Prekindergarten,5th Grade
317894001744,Wood River Rural High School,Wood River Rural Schools,Wood River,145,59,Yes participating without using any Provision or the CEO,false,9th Grade,12th Grade
317894001560,Wood River Rural Middle School,Wood River Rural Schools,Wood River,98,47,Yes participating without using any Provision or the CEO,false,6th Grade,8th Grade
317011002414,Woodbrook Elementary School,Elkhorn Public Schools,Elkhorn,641,48,No,false,Prekindergarten,5th Grade
317443001950,Woodland Park Elementary Sch,Norfolk Public Schools,Norfolk,182,85,Yes participating without using any Provision or the CEO,false,Prekindergarten,4th Grade
317899001745,Wynot Elementary School,Wynot Public Schools,Wynot,82,26,Yes participating without using any Provision or the CEO,false,Prekindergarten,4th Grade
317899001746,Wynot High School,Wynot Public Schools,Wynot,56,18,Yes participating without using any Provision or the CEO,false,9th Grade,12th Grade
317899002117,Wynot Middle School,Wynot Public Schools,Wynot,40,18,Yes participating without using any Provision or the CEO,true,5th Grade,8th Grade
317284002329,Wysong Elementary,Lincoln Public Schools,Lincoln,738,67,Yes participating without using any Provision or the CEO,false,Prekindergarten,5th Grade
317905000405,York Elementary School,York Public Schools,York,615,305,Yes participating without using any Provision or the CEO,false,Prekindergarten,5th Grade
317905001917,York High School,York Public Schools,York,498,182,Yes participating without using any Provision or the CEO,false,9th Grade,12th Grade
317905001919,York Middle School,York Public Schools,York,307,131,Yes participating without using any Provision or the CEO,false,6th Grade,8th Grade
317908001753,Yutan Elementary School,Yutan Public Schools,Yutan,272,56,Yes participating without using any Provision or the CEO,false,Prekindergarten,6th Grade
317908001754,Yutan High School,Yutan Public Schools,Yutan,219,44,Yes participating without using any Provision or the CEO,false,7th Grade,12th Grade
317284001183,Zeman Elementary School,Lincoln Public Schools,Lincoln,360,136,Yes participating without using any Provision or the CEO,false,Prekindergarten,5th Grade
