nces_id,school_name,district_name,city_name,total_students,frl_eligible_students,national_school_lunch_program,admin_approved
490001700904,Academy for Math Engineering & Science,Academy for Math Engineering & Science,Salt Lake City,460,83,No,false
490036000196,Academy Park School,Granite District,West Valley City,358,173,Yes participating without using any Provision or the CEO,false
490021000793,Adams School,Davis District,Layton,645,141,Yes participating without using any Provision or the CEO,false
490051000343,Adams School,Logan City District,Logan,338,177,Yes participating without using any Provision or the CEO,false
490021000103,Adelaide School,Davis District,Bountiful,415,205,Yes participating without using any Provision or the CEO,false
490019801524,Advantage Arts Academy,Advantage Arts Academy,Herriman,354,88,Yes participating without using any Provision or the CEO,false
490090000526,Albert R. Lyman Middle,San Juan District,Blanding,330,202,Yes under Community Eligibility Option (CEO),true
490014200815,Albion Middle,Canyons District,Sandy,943,90,Yes participating without using any Provision or the CEO,false
490003001154,Alpine Online School,Alpine District,American Fork,106,28,No,false
490003000001,Alpine School,Alpine District,Alpine,539,49,Yes participating without using any Provision or the CEO,false
490014200659,Alta High,Canyons District,Sandy,2278,346,Yes participating without using any Provision or the CEO,false
490014200286,Alta View School,Canyons District,Sandy,556,126,Yes participating without using any Provision or the CEO,false
490024000158,Altamont High,Duchesne District,Altamont,273,61,Yes participating without using any Provision or the CEO,false
490024000159,Altamont School,Duchesne District,Altamont,357,130,Yes participating without using any Provision or the CEO,false
490014200718,Altara School,Canyons District,Sandy,560,104,Yes participating without using any Provision or the CEO,false
490081000584,Amelia Earhart School,Provo District,Provo,377,223,Yes participating without using any Provision or the CEO,false
490018601483,American Academy of Innovation,American Academy of Innovation,South Jordan,373,86,Yes participating without using any Provision or the CEO,false
490003000002,American Fork High,Alpine District,American Fork,2316,325,Yes participating without using any Provision or the CEO,false
490003000003,American Fork Jr High,Alpine District,American Fork,1827,336,Yes participating without using any Provision or the CEO,false
490003301056,American Leadership Academy,American Leadership Academy,Spanish Fork,1597,584,Yes participating without using any Provision or the CEO,false
490000501404,American Preparatory Academy - Accelerated School,American Preparatory Academy,West Valley City,1556,805,Yes participating without using any Provision or the CEO,true
490000500801,American Preparatory Academy - Draper #1,American Preparatory Academy,Draper,622,69,Yes participating without using any Provision or the CEO,false
490000501446,American Preparatory Academy - Draper #2,American Preparatory Academy,Draper,1068,183,Yes participating without using any Provision or the CEO,false
490000501471,American Preparatory Academy - Draper #3,American Preparatory Academy,Draper,719,114,Yes participating without using any Provision or the CEO,false
490000501520,American Preparatory Academy - Salem,American Preparatory Academy,Salem,570,121,Yes participating without using any Provision or the CEO,false
490000501372,American Preparatory Academy - the School for New Americans,American Preparatory Academy,West Valley City,639,380,Yes participating without using any Provision or the CEO,true
490120201654,American Principles Academy,American Principles Academy,Cedar City,204,63,No,false
490105000578,Anna Smith School,Tooele District,Wendover,203,123,Yes under Community Eligibility Option (CEO),false
490042001551,Antelope Canyon Elementary,Jordan District,West Jordan,592,111,Yes participating without using any Provision or the CEO,false
490021000869,Antelope School,Davis District,Clearfield,667,281,Yes participating without using any Provision or the CEO,false
490030000183,Antimony School,Garfield District,Antimony,1,,Yes participating without using any Provision or the CEO,false
490063001518,Apple Valley School,Nebo District,Santaquin,732,240,Yes participating without using any Provision or the CEO,false
490036000198,Arcadia School,Granite District,Taylorsville,433,190,Yes participating without using any Provision or the CEO,false
490114001057,Arrowhead School,Washington District,Santa Clara,520,172,Yes participating without using any Provision or the CEO,false
490063000660,Art City School,Nebo District,Springville,433,143,Yes participating without using any Provision or the CEO,false
490017401523,Ascent Academies of Utah - West Valley,Ascent Academies of Utah,West Valley City,425,231,Yes participating without using any Provision or the CEO,true
490017401453,Ascent Academies of Utah Farmington,Ascent Academies of Utah,Farmington,385,55,Yes participating without using any Provision or the CEO,false
490017401490,Ascent Academies of Utah Lehi,Ascent Academies of Utah,Lehi,646,102,Yes participating without using any Provision or the CEO,false
490017401600,Ascent Academies of Utah Saratoga Springs,Ascent Academies of Utah,Saratoga Springs,637,124,Yes participating without using any Provision or the CEO,false
490017401472,Ascent Academies of Utah West Jordan,Ascent Academies of Utah,West Jordan,761,252,Yes participating without using any Provision or the CEO,false
490108000580,Ashley School,Uintah District,Vernal,442,247,Yes participating without using any Provision or the CEO,false
490108001302,Ashley Valley Educ. Ctr.,Uintah District,Vernal,287,100,Yes participating without using any Provision or the CEO,false
490093000538,Ashman School,Sevier District,Richfield,466,249,Yes participating without using any Provision or the CEO,false
490042001568,Aspen Elementary,Jordan District,South Jordan,901,239,Yes participating without using any Provision or the CEO,false
490003000740,Aspen School,Alpine District,Orem,419,102,Yes participating without using any Provision or the CEO,false
490018101473,Athenian Eacademy,Athenian eAcademy,American Fork,557,161,Yes under Community Eligibility Option (CEO),false
490018901503,Athlos Academy of Utah,Athlos Academy of Utah,Herriman,458,189,Yes participating without using any Provision or the CEO,false
490087000474,Backman School,Salt Lake District,Salt Lake City,396,389,Yes under Community Eligibility Option (CEO),false
490063000689,Barnett School,Nebo District,Payson,508,255,Yes participating without using any Provision or the CEO,false
490003000004,Barratt School,Alpine District,American Fork,563,116,Yes participating without using any Provision or the CEO,false
490024001618,Basin Online School,Duchesne District,Roosevelt,39,14,No,false
490042001498,Bastian School,Jordan District,Herriman,741,131,Yes participating without using any Provision or the CEO,false
490120000612,Bates School,Weber District,Ogden,690,123,Yes participating without using any Provision or the CEO,false
490087000475,Beacon Heights School,Salt Lake District,Salt Lake City,345,63,Yes participating without using any Provision or the CEO,false
490014601375,Bear River Charter School,Bear River Charter School,Logan,162,43,No,false
490009000043,Bear River High,Box Elder District,Garland,1194,283,Yes participating without using any Provision or the CEO,false
490009000044,Bear River Middle,Box Elder District,Garland,841,255,Yes participating without using any Provision or the CEO,false
490006000036,Beaver High,Beaver District,Beaver,442,179,Yes participating without using any Provision or the CEO,false
490006001257,Beaver Preschool,Beaver District,Beaver,42,10,No,false
490036000853,Beehive School,Granite District,Kearns,489,221,Yes participating without using any Provision or the CEO,false
490002301060,Beehive Science & Technology Academy,Beehive Science & Technology Academy,Sandy,424,85,Yes participating without using any Provision or the CEO,false
490002301570,Beehive Science & Technology Academy Elementary,Beehive Science & Technology Academy,Sandy,435,101,No,false
490006000037,Belknap School,Beaver District,Beaver,451,231,Yes participating without using any Provision or the CEO,false
490014200288,Bella Vista School,Canyons District,Salt Lake City,219,71,Yes participating without using any Provision or the CEO,false
490003001545,Belmont School,Alpine District,Lehi,946,157,Yes participating without using any Provision or the CEO,false
490072001281,Ben Lomond High,Ogden City District,Ogden,1180,636,Yes participating without using any Provision or the CEO,false
490036000715,Bennion Jr High,Granite District,Taylorsville,1022,386,Yes participating without using any Provision or the CEO,false
490036000199,Bennion School,Granite District,Salt Lake City,447,121,Yes participating without using any Provision or the CEO,false
490048000953,Big Water High,Kane District,Big Water,33,10,No,false
490048000887,Big Water School,Kane District,Big Water,40,17,Yes participating without using any Provision or the CEO,false
490042000289,Bingham High,Jordan District,South Jordan,2461,322,Yes participating without using any Provision or the CEO,false
490012001392,Birch Creek School,Cache District,Smithfield,766,270,Yes participating without using any Provision or the CEO,false
490003001461,Black Ridge School,Alpine District,Eagle Mountain,842,102,Yes participating without using any Provision or the CEO,false
490042001480,Blackridge School,Jordan District,Herriman,782,107,Yes participating without using any Provision or the CEO,false
490090000527,Blanding School,San Juan District,Blanding,509,314,Yes under Community Eligibility Option (CEO),false
490006901140,Blind Region 2,Utah Schools for the Deaf and the Blind,Salt Lake City,16,5,No,false
490006901531,Blind South,Utah Schools for the Deaf and the Blind,Orem,10,3,No,false
490114000347,Bloomington Hills School,Washington District,St George,448,194,Yes participating without using any Provision or the CEO,false
490114000841,Bloomington School,Washington District,St George,553,143,Yes participating without using any Provision or the CEO,false
490105000698,Blue Peak High,Tooele District,Tooele,128,56,Yes participating without using any Provision or the CEO,false
490021000649,Bluff Ridge School,Davis District,Syracuse,915,109,Yes participating without using any Provision or the CEO,false
490090000528,Bluff School,San Juan District,Bluff,82,81,Yes under Community Eligibility Option (CEO),false
490042000338,Bluffdale School,Jordan District,Bluffdale,736,149,Yes participating without using any Provision or the CEO,false
490019501507,Bonneville Academy,Bonneville Academy,Stansbury Park,337,81,Yes participating without using any Provision or the CEO,false
490120000613,Bonneville High,Weber District,Ogden,1373,490,Yes participating without using any Provision or the CEO,false
490036000200,Bonneville Jr High,Granite District,Salt Lake City,636,255,Yes participating without using any Provision or the CEO,false
490120001648,Bonneville Preschool,Weber District,Ogden,59,5,No,false
490072001266,Bonneville School,Ogden City District,Ogden,442,298,Yes under Community Eligibility Option (CEO),false
490003000005,Bonneville School,Alpine District,Orem,564,254,Yes participating without using any Provision or the CEO,false
490087000476,Bonneville School,Salt Lake District,Salt Lake City,414,28,Yes participating without using any Provision or the CEO,false
490027000173,Book Cliff School,Emery District,Green River,123,84,Yes participating without using any Provision or the CEO,false
490030000825,Boulder School,Garfield District,Boulder,7,,Yes participating without using any Provision or the CEO,false
490021000104,Boulton School,Davis District,Bountiful,466,97,Yes participating without using any Provision or the CEO,false
490021000105,Bountiful High,Davis District,Bountiful,1550,216,Yes participating without using any Provision or the CEO,false
490021000106,Bountiful Jr High,Davis District,Bountiful,630,152,Yes participating without using any Provision or the CEO,false
490021000107,Bountiful School,Davis District,Bountiful,474,115,Yes participating without using any Provision or the CEO,false
490009000046,Box Elder High,Box Elder District,Brigham City,1641,414,Yes participating without using any Provision or the CEO,false
490009000047,Box Elder Middle,Box Elder District,Brigham City,1124,348,Yes participating without using any Provision or the CEO,false
490020201566,Bridge Elementary School,Bridge Elementary School,Roy,558,196,Yes participating without using any Provision or the CEO,false
490051001063,Bridger School,Logan City District,Logan,499,324,Yes participating without using any Provision or the CEO,false
490063001424,Bridges Nebo Transition Center,Nebo District,Springville,175,92,Yes participating without using any Provision or the CEO,true
490014200291,Brighton High,Canyons District,Salt Lake City,2435,312,Yes participating without using any Provision or the CEO,false
490063000379,Brockbank School,Nebo District,Spanish Fork,456,133,Yes participating without using any Provision or the CEO,false
490003001547,Brookhaven School,Alpine District,Eagle Mountain,1077,221,Yes participating without using any Provision or the CEO,false
490063000380,Brookside School,Nebo District,Springville,362,140,Yes participating without using any Provision or the CEO,false
490014200292,Brookwood School,Canyons District,Sandy,359,15,Yes participating without using any Provision or the CEO,false
490015001209,Bruin Point School,Carbon District,Sunnyside,107,81,Yes under Community Eligibility Option (CEO),false
490030000184,Bryce Valley High,Garfield District,Tropic,142,28,Yes participating without using any Provision or the CEO,false
490030000185,Bryce Valley School,Garfield District,Tropic,157,53,Yes participating without using any Provision or the CEO,false
490021001221,Buffalo Point School,Davis District,Syracuse,726,89,Yes participating without using any Provision or the CEO,false
490120001484,Burch Creek School,Weber District,Ogden,577,309,Yes participating without using any Provision or the CEO,false
490014200293,Butler Middle,Canyons District,Salt Lake City,913,153,Yes participating without using any Provision or the CEO,false
490014200294,Butler School,Canyons District,Salt Lake City,600,73,Yes participating without using any Provision or the CEO,false
490042001123,Butterfield Canyon School,Jordan District,Herriman,704,75,Yes participating without using any Provision or the CEO,false
490033001236,C R Sundwall Center,Grand District,Moab,60,11,No,false
490007401190,C.s. Lewis Academy,C.S. Lewis Academy,Santaquin,224,120,Yes participating without using any Provision or the CEO,false
490012000041,Cache High,Cache District,Logan,125,57,No,false
490012001251,Cache Preschool,Cache District,North Logan,68,,No,false
490036000680,Calvin S. Smith School,Granite District,Taylorsville,525,102,Yes participating without using any Provision or the CEO,false
490021001511,Canyon Creek School,Davis District,Farmington,778,47,Yes participating without using any Provision or the CEO,false
490081000799,Canyon Crest School,Provo District,Provo,487,100,Yes participating without using any Provision or the CEO,false
490014301376,Canyon Grove Academy,Canyon Grove Academy,Pleasant Grove,1052,69,No,false
490007101178,Canyon Rim Academy,Canyon Rim Academy,Salt Lake City,524,32,Yes participating without using any Provision or the CEO,false
490012001064,Canyon School,Cache District,Hyrum,789,330,Yes participating without using any Provision or the CEO,false
490063000479,Canyon School,Nebo District,Spanish Fork,457,116,Yes participating without using any Provision or the CEO,false
490039000473,Canyon View High,Iron District,Cedar City,1021,333,Yes participating without using any Provision or the CEO,false
490003000819,Canyon View Jr High,Alpine District,Orem,1066,311,Yes participating without using any Provision or the CEO,false
490039001122,Canyon View Middle,Iron District,Cedar City,948,390,Yes participating without using any Provision or the CEO,false
490027000174,Canyon View Middle School,Emery District,Huntington,215,84,Yes participating without using any Provision or the CEO,false
490120001249,Canyon View Preschool,Weber District,Ogden,42,10,No,false
490120000966,Canyon View School,Weber District,Ogden,16,9,No,false
490014200295,Canyon View School,Canyons District,Salt Lake City,471,51,Yes participating without using any Provision or the CEO,false
490014201189,Canyons Technical Education Center,Canyons District,Sandy,8,,No,false
490015000089,Carbon High,Carbon District,Price,1004,398,Yes participating without using any Provision or the CEO,false
490114001647,Career Tech High School,Washington District,Saint George,592,137,Yes participating without using any Provision or the CEO,false
490003000006,Cascade School,Alpine District,Orem,882,355,Yes participating without using any Provision or the CEO,false
490027000175,Castle Dale School,Emery District,Castle Dale,127,66,Yes participating without using any Provision or the CEO,false
490015000809,Castle Heights School,Carbon District,Price,369,168,Yes participating without using any Provision or the CEO,false
490015000088,Castle Valley Center,Carbon District,Price,95,51,Yes under Community Eligibility Option (CEO),false
490039000278,Cedar City High,Iron District,Cedar City,1372,340,Yes participating without using any Provision or the CEO,false
490039000279,Cedar East School,Iron District,Cedar City,598,318,Yes participating without using any Provision or the CEO,false
490039000280,Cedar Middle,Iron District,Cedar City,1139,388,Yes participating without using any Provision or the CEO,false
490039000281,Cedar North School,Iron District,Cedar City,578,275,Yes participating without using any Provision or the CEO,false
490093000900,Cedar Ridge High,Sevier District,Richfield,57,38,Yes participating without using any Provision or the CEO,true
490003000440,Cedar Ridge School,Alpine District,Cedar Hills,682,96,Yes participating without using any Provision or the CEO,false
490012001536,Cedar Ridge School,Cache District,Hyde Park,719,108,Yes participating without using any Provision or the CEO,false
490039000282,Cedar South School,Iron District,Cedar City,545,183,Yes participating without using any Provision or the CEO,false
490003001538,Cedar Valley High,Alpine District,Eagle Mountain,3300,606,Yes participating without using any Provision or the CEO,false
490003000007,Cedar Valley School,Alpine District,Cedar Fort,106,8,Yes participating without using any Provision or the CEO,false
490003001573,Centennial Elementary,Alpine District,Orem,761,284,Yes participating without using any Provision or the CEO,false
490021001403,Centennial Jr High,Davis District,Kaysville,956,53,Yes participating without using any Provision or the CEO,false
490081000438,Centennial Middle,Provo District,Provo,1073,337,Yes participating without using any Provision or the CEO,false
490024001496,Centennial School,Duchesne District,Roosevelt,438,211,Yes participating without using any Provision or the CEO,false
490021000109,Centerville Jr High,Davis District,Centerville,971,147,Yes participating without using any Provision or the CEO,false
490021000110,Centerville School,Davis District,Centerville,386,91,Yes participating without using any Provision or the CEO,false
490021000111,Central Davis Jr High,Davis District,Layton,879,275,Yes participating without using any Provision or the CEO,false
490003000008,Central School,Alpine District,Pleasant Grove,596,177,Yes participating without using any Provision or the CEO,false
490009000042,Century School,Box Elder District,Bear River City,440,128,Yes participating without using any Provision or the CEO,false
490004001130,Channing Hall,Channing Hall,Draper,604,106,Yes participating without using any Provision or the CEO,false
490063001253,Cherry Creek School,Nebo District,Springville,455,226,Yes participating without using any Provision or the CEO,false
490003000009,Cherry Hill School,Alpine District,Orem,690,373,Yes participating without using any Provision or the CEO,false
490036000205,Churchill Jr High,Granite District,Salt Lake City,521,43,Yes participating without using any Provision or the CEO,false
490078001261,Circleville Preschool,Piute District,Circleville,17,8,No,false
490078000448,Circleville School,Piute District,Circleville,105,61,Yes participating without using any Provision or the CEO,true
490000900742,City Academy,City Academy,Salt Lake City,92,47,Yes participating without using any Provision or the CEO,true
490105001263,Clarke N. Johnsen Jr High,Tooele District,Tooele,840,156,Yes participating without using any Provision or the CEO,false
490087000480,Clayton Middle,Salt Lake District,Salt Lake City,567,163,Yes participating without using any Provision or the CEO,false
490021000112,Clearfield High,Davis District,Clearfield,2041,484,Yes participating without using any Provision or the CEO,false
490027000176,Cleveland School,Emery District,Cleveland,169,94,Yes participating without using any Provision or the CEO,false
490021000113,Clinton School,Davis District,Clinton,580,156,Yes participating without using any Provision or the CEO,false
490021000748,Columbia School,Davis District,Kaysville,584,86,Yes participating without using any Provision or the CEO,false
490042000813,Columbia School,Jordan District,West Jordan,599,408,Yes participating without using any Provision or the CEO,false
490024000160,Con Amore School,Duchesne District,Myton,53,30,Yes participating without using any Provision or the CEO,false
490021000676,Cook School,Davis District,Syracuse,657,139,Yes participating without using any Provision or the CEO,false
490105001068,Copper Canyon School,Tooele District,Tooele,544,173,Yes under Community Eligibility Option (CEO),false
490042001067,Copper Canyon School,Jordan District,West Jordan,497,219,Yes participating without using any Provision or the CEO,false
490042000346,Copper Hills High,Jordan District,West Jordan,2837,728,Yes participating without using any Provision or the CEO,false
490036000756,Copper Hills School,Granite District,Magna,432,196,Yes participating without using any Provision or the CEO,false
490042001459,Copper Mountain Middle,Jordan District,Herriman,1093,316,Yes participating without using any Provision or the CEO,false
490014200296,Copperview School,Canyons District,Midvale,328,205,Yes under Community Eligibility Option (CEO),false
490114001132,Coral Canyon School,Washington District,Washington,558,345,Yes participating without using any Provision or the CEO,false
490014201428,Corner Canyon High,Canyons District,Draper,2437,243,Yes participating without using any Provision or the CEO,false
490036000207,Cottonwood High,Granite District,Salt Lake City,1451,720,Yes participating without using any Provision or the CEO,true
490027000177,Cottonwood School,Emery District,Orangeville,115,69,Yes participating without using any Provision or the CEO,false
490036000208,Cottonwood School,Granite District,Salt Lake City,340,29,Yes participating without using any Provision or the CEO,false
490120000703,Country View School,Weber District,West Haven City,526,158,Yes participating without using any Provision or the CEO,false
490021000648,Creekside School,Davis District,Kaysville,544,131,Yes participating without using any Provision or the CEO,false
490015000821,Creekview School,Carbon District,Price,389,182,Yes participating without using any Provision or the CEO,false
490014200767,Crescent School,Canyons District,Sandy,468,170,Yes participating without using any Provision or the CEO,false
490021000114,Crestview School,Davis District,Layton,356,185,Yes participating without using any Provision or the CEO,false
490036000209,Crestview School,Granite District,Salt Lake City,485,64,Yes participating without using any Provision or the CEO,false
490114001559,Crimson Cliffs High,Washington District,Washington,1401,117,Yes participating without using any Provision or the CEO,false
490114001549,Crimson Cliffs Middle,Washington District,Washington,933,107,Yes participating without using any Provision or the CEO,false
490114001451,Crimson View School,Washington District,St George,520,63,Yes participating without using any Provision or the CEO,false
490036000210,Cyprus High,Granite District,Magna,2762,1270,Yes participating without using any Provision or the CEO,false
490003000014,Dan W. Peterson,Alpine District,American Fork,257,62,Yes participating without using any Provision or the CEO,false
490111001532,Daniels Canyon School,Wasatch District,Heber City,623,203,Yes participating without using any Provision or the CEO,false
490036000211,David Gourley School,Granite District,Kearns,423,200,Yes participating without using any Provision or the CEO,false
490006500995,Davinci Academy,Davinci Academy,Ogden,1271,325,Yes participating without using any Provision or the CEO,false
490021001598,Davis Connect 7-12,Davis District,Layton,262,59,No,false
490021000921,Davis Connect K-6,Davis District,Farmington,105,30,No,false
490021000115,Davis High,Davis District,Kaysville,2238,203,Yes participating without using any Provision or the CEO,false
490108000803,Davis School,Uintah District,Vernal,442,188,Yes participating without using any Provision or the CEO,false
490042001069,Daybreak School,Jordan District,South Jordan,701,150,Yes participating without using any Provision or the CEO,false
490003000757,Deerfield School,Alpine District,Cedar Hills,554,55,Yes participating without using any Provision or the CEO,false
490054000356,Delta High,Millard District,Delta,592,221,Yes participating without using any Provision or the CEO,false
490054000357,Delta Middle,Millard District,Delta,613,237,Yes participating without using any Provision or the CEO,false
490054001337,Delta North School,Millard District,Delta,427,185,Yes participating without using any Provision or the CEO,false
490054001354,Delta South School,Millard District,Delta,315,132,Yes participating without using any Provision or the CEO,false
490114001627,Desert Canyons Elementary,Washington District,Saint George,670,137,Yes participating without using any Provision or the CEO,false
490114001290,Desert Hills High,Washington District,Saint George,1241,152,Yes participating without using any Provision or the CEO,false
490114001226,Desert Hills Middle,Washington District,Saint George,909,147,Yes participating without using any Provision or the CEO,false
490003001640,Desert Sky,Alpine District,Eagle Mountain,1096,183,Yes participating without using any Provision or the CEO,false
490063001564,Diamond Fork Middle,Nebo District,Spanish Fork,1074,316,Yes participating without using any Provision or the CEO,false
490014201504,Diamond Ridge High School,Canyons District,Sandy,184,73,Yes participating without using any Provision or the CEO,true
490036001279,Diamond Ridge School,Granite District,Salt Lake City,483,123,Yes participating without using any Provision or the CEO,false
490114000500,Diamond Valley School,Washington District,St George,386,102,Yes participating without using any Provision or the CEO,false
490105001601,Digital Education Center,Tooele District,Tooele,230,56,No,false
490087000484,Dilworth School,Salt Lake District,Salt Lake City,463,88,Yes participating without using any Provision or the CEO,false
490009000123,Discovery School,Box Elder District,Brigham City,448,150,Yes participating without using any Provision or the CEO,false
490108000736,Discovery School,Uintah District,Vernal,656,194,Yes participating without using any Provision or the CEO,false
490114000597,Dixie High,Washington District,St George,1263,372,Yes participating without using any Provision or the CEO,false
490114000805,Dixie Middle,Washington District,St George,844,282,Yes participating without using any Provision or the CEO,false
490036000653,Douglas T. Orchard School,Granite District,West Valley City,411,201,Yes participating without using any Provision or the CEO,false
490021000118,Doxey School,Davis District,Sunset,375,170,Yes participating without using any Provision or the CEO,false
490014200875,Draper Park Middle,Canyons District,Draper,1411,176,Yes participating without using any Provision or the CEO,false
490014200299,Draper School,Canyons District,Draper,680,96,Yes participating without using any Provision or the CEO,false
490003001462,Dry Creek School,Alpine District,Lehi,1157,183,Yes participating without using any Provision or the CEO,false
490007301187,Dual Immersion Academy,Dual Immersion Academy,Salt Lake City,433,270,Yes under Provision 2,false
490024000162,Duchesne High,Duchesne District,Duchesne,408,142,Yes participating without using any Provision or the CEO,false
490024000163,Duchesne School,Duchesne District,Duchesne,419,214,Yes participating without using any Provision or the CEO,false
490105001508,Dugway,Tooele District,Dugway,112,23,Yes participating without using any Provision or the CEO,false
490021000134,Eagle Bay School,Davis District,Farmington,477,37,Yes participating without using any Provision or the CEO,false
490003001071,Eagle Valley School,Alpine District,Eagle Mountain,827,243,Yes participating without using any Provision or the CEO,false
490108001270,Eagle View School,Uintah District,Roosevelt,278,208,Yes participating without using any Provision or the CEO,true
490003000444,Eaglecrest School,Alpine District,Lehi,755,75,Yes participating without using any Provision or the CEO,false
490060001248,Early Childhood Center,Murray District,Murray,147,31,No,false
490014001268,Early Light Academy at Daybreak,Early Light Academy at Daybreak,South Jordan,1022,150,Yes participating without using any Provision or the CEO,false
490087000486,East High,Salt Lake District,Salt Lake City,1764,963,Yes participating without using any Provision or the CEO,false
490003601072,East Hollywood High,East Hollywood High,West Valley City,318,185,Yes under Community Eligibility Option (CEO),false
490021000708,East Layton School,Davis District,East Layton,510,92,Yes participating without using any Provision or the CEO,false
490063001125,East Meadows School,Nebo District,Spanish Fork,518,115,Yes participating without using any Provision or the CEO,false
490014200300,East Midvale School,Canyons District,Midvale,499,348,Yes under Community Eligibility Option (CEO),false
490072001269,East Ridge Elementary School,Ogden City District,Ogden,714,318,Yes participating without using any Provision or the CEO,false
490014200301,East Sandy School,Canyons District,Sandy,364,133,Yes participating without using any Provision or the CEO,false
490024000164,East School,Duchesne District,Roosevelt,450,209,Yes participating without using any Provision or the CEO,false
490042001225,Eastlake School,Jordan District,South Jordan,792,124,Yes participating without using any Provision or the CEO,false
490014200302,Eastmont Middle,Canyons District,Sandy,515,151,Yes participating without using any Provision or the CEO,false
490036000214,Eastwood School,Granite District,Salt Lake City,300,18,Yes participating without using any Provision or the CEO,false
490075000485,Ecker Hill Middle,Park City District,Park City,666,114,Yes participating without using any Provision or the CEO,false
490081000453,Edgemont School,Provo District,Provo,611,145,Yes participating without using any Provision or the CEO,false
490087000487,Edison School,Salt Lake District,Salt Lake City,459,457,Yes under Community Eligibility Option (CEO),false
490007001176,Edith Bowen Laboratory School,Edith Bowen Laboratory School,Logan,359,71,Yes participating without using any Provision or the CEO,false
490036000215,Eisenhower Jr High,Granite District,Taylorsville,1036,576,Yes participating without using any Provision or the CEO,true
490120101652,Elevated Charter School,Elevated Charter School,Saratoga Springs,228,,No,false
490006901143,Elizabeth Delong School of the Deaf,Utah Schools for the Deaf and the Blind,Orem,53,11,No,false
490042000508,Elk Meadows School,Jordan District,South Jordan,580,117,Yes participating without using any Provision or the CEO,false
490042000195,Elk Ridge Middle,Jordan District,South Jordan,1151,210,Yes participating without using any Provision or the CEO,false
490036001412,Elk Run Elementary,Granite District,Magna,714,283,Yes participating without using any Provision or the CEO,false
490051000348,Ellis School,Logan City District,Logan,349,212,Yes participating without using any Provision or the CEO,false
490021001195,Ellison Park School,Davis District,Layton,565,85,Yes participating without using any Provision or the CEO,false
490087000488,Emerson School,Salt Lake District,Salt Lake City,395,99,Yes participating without using any Provision or the CEO,false
490027000178,Emery High,Emery District,Castle Dale,614,206,Yes participating without using any Provision or the CEO,false
490015501407,Endeavor Hall,Endeavor Hall,West Valley City,257,79,Yes under Community Eligibility Option (CEO),true
490021001382,Endeavour School,Davis District,Kaysville,645,48,Yes participating without using any Provision or the CEO,false
490039000682,Enoch School,Iron District,Enoch,516,194,Yes participating without using any Provision or the CEO,false
490087000489,Ensign School,Salt Lake District,Salt Lake City,361,66,Yes participating without using any Provision or the CEO,false
490114000599,Enterprise High,Washington District,Enterprise,537,206,Yes participating without using any Provision or the CEO,false
490114000600,Enterprise School,Washington District,Enterprise,455,195,Yes participating without using any Provision or the CEO,false
490004101136,Entheos Academy Kearns,Entheos Academy,Kearns,579,244,Yes participating without using any Provision or the CEO,false
490004101437,Entheos Academy Magna,Entheos Academy,Magna,475,284,Yes participating without using any Provision or the CEO,false
490014201368,Entrada,Canyons District,Sandy,0,,No,true
490096000548,Ephraim Middle,South Sanpete District,Ephraim,495,234,Yes participating without using any Provision or the CEO,false
490096000549,Ephraim School,South Sanpete District,Ephraim,535,297,Yes participating without using any Provision or the CEO,false
490030000186,Escalante High,Garfield District,Escalante,66,20,Yes participating without using any Provision or the CEO,false
490030000187,Escalante School,Garfield District,Escalante,105,47,Yes participating without using any Provision or the CEO,false
490087000787,Escalante School,Salt Lake District,Salt Lake City,352,284,Yes participating without using any Provision or the CEO,false
490039000283,Escalante Valley School,Iron District,Beryl,134,102,Yes participating without using any Provision or the CEO,false
490054000746,Eskdale High,Millard District,Eskdale,21,,No,false
490016101440,Esperanza School,Esperanza School,West Valley City,575,308,Yes under Provision 2,false
490102000559,Eureka School,Tintic District,Eureka,101,47,Yes participating without using any Provision or the CEO,false
490036000216,Evergreen Jr High,Granite District,Salt Lake City,600,162,Yes participating without using any Provision or the CEO,false
490013601272,Excelsior Academy,Excelsior Academy,Erda,1406,252,Yes participating without using any Provision or the CEO,false
490021000169,Fairfield Jr High,Davis District,Kaysville,972,181,Yes participating without using any Provision or the CEO,false
490066000408,Fairview School,North Sanpete District,Fairview,235,118,Yes participating without using any Provision or the CEO,false
490042001213,Falcon Ridge School,Jordan District,West Jordan,674,260,Yes participating without using any Provision or the CEO,false
490021000727,Family Enrichment Center,Davis District,Kaysville,225,59,Yes participating without using any Provision or the CEO,false
490021001537,Farmington High,Davis District,Farmington,2198,154,Yes participating without using any Provision or the CEO,false
490021000749,Farmington Jr High,Davis District,Farmington,1266,100,Yes participating without using any Provision or the CEO,false
490021000120,Farmington School,Davis District,Farmington,444,45,Yes participating without using any Provision or the CEO,false
490120000817,Farr West School,Weber District,Ogden,704,105,Yes participating without using any Provision or the CEO,false
490001900906,Fast Forward High,Fast Forward High,Logan,439,150,Yes participating without using any Provision or the CEO,true
490027000181,Ferron School,Emery District,Ferron,200,102,Yes participating without using any Provision or the CEO,false
490039000794,Fiddlers Canyon School,Iron District,Cedar City,515,265,Yes participating without using any Provision or the CEO,false
490009000051,Fielding School,Box Elder District,Fielding,574,172,Yes participating without using any Provision or the CEO,false
490054000798,Fillmore Middle,Millard District,Fillmore,347,163,Yes participating without using any Provision or the CEO,true
490054000359,Fillmore School,Millard District,Fillmore,483,255,Yes participating without using any Provision or the CEO,false
490018000100,Flaming Gorge School,Daggett District,Dutch John,16,4,No,false
490003000593,Foothill School,Alpine District,Orem,537,113,Yes participating without using any Provision or the CEO,false
490042000949,Foothills School,Jordan District,Riverton,837,178,Yes participating without using any Provision or the CEO,false
490063001126,Foothills School,Nebo District,Salem,605,96,Yes participating without using any Provision or the CEO,false
490003000010,Forbes School,Alpine District,American Fork,550,269,Yes participating without using any Provision or the CEO,false
490042001075,Fort Herriman Middle,Jordan District,Herriman,1195,120,Yes participating without using any Provision or the CEO,false
490114001076,Fossil Ridge Intermediate,Washington District,St. George,727,350,Yes participating without using any Provision or the CEO,false
490066000662,Fountain Green School,North Sanpete District,Fountain Green,167,84,Yes participating without using any Provision or the CEO,false
490036000679,Fox Hills School,Granite District,Salt Lake City,553,175,Yes participating without using any Provision or the CEO,false
490003001111,Fox Hollow School,Alpine District,Lehi,733,133,Yes participating without using any Provision or the CEO,false
490042001411,Fox Hollow School,Jordan District,West Jordan,872,231,Yes participating without using any Provision or the CEO,false
490021001369,Foxboro School,Davis District,North Salt Lake,486,131,Yes participating without using any Provision or the CEO,false
490018701488,Franklin Discovery Academy,Franklin Discovery Academy,Vineyard,710,155,Yes participating without using any Provision or the CEO,false
490081000455,Franklin School,Provo District,Provo,398,287,Yes participating without using any Provision or the CEO,false
490087000490,Franklin School,Salt Lake District,Salt Lake City,325,323,Yes under Community Eligibility Option (CEO),false
490006200992,Freedom Preparatory Academy,Freedom Preparatory Academy,Provo,1248,529,Yes participating without using any Provision or the CEO,true
490006201492,Freedom Preparatory Academy - Vineyard,Freedom Preparatory Academy,Vineyard,505,107,Yes participating without using any Provision or the CEO,false
490006201610,Freedom Preparatory Academy Washington,Freedom Preparatory Academy,Saint George,412,96,Yes participating without using any Provision or the CEO,false
490003000908,Freedom School,Alpine District,Highland,670,53,Yes participating without using any Provision or the CEO,false
490120000781,Freedom School,Weber District,Hooper,784,246,Yes participating without using any Provision or the CEO,false
490120000221,Fremont High,Weber District,Plain City,1448,266,Yes participating without using any Provision or the CEO,false
490003001454,Frontier Middle School,Alpine District,Eagle Mountain,1781,382,Yes participating without using any Provision or the CEO,false
490030001622,Garfield Online,Garfield District,Panguitch,705,80,No,false
490009000053,Garland School,Box Elder District,Garland,658,191,Yes participating without using any Provision or the CEO,false
490054000360,Garrison School,Millard District,Garrison,18,,No,false
490012201214,Gateway Preparatory Academy,Gateway Preparatory Academy,Enoch,732,392,Yes participating without using any Provision or the CEO,true
490036001115,Gearld Wright School,Granite District,Salt Lake City,532,192,Yes participating without using any Provision or the CEO,false
490004601147,George Washington Academy,George Washington Academy,St George,1013,192,Yes participating without using any Provision or the CEO,false
490072001265,George Washington High,Ogden City District,Ogden,281,161,Yes under Community Eligibility Option (CEO),true
490014201637,Glacier Hills Elementary,Canyons District,Sandy,626,235,Yes participating without using any Provision or the CEO,false
490087000492,Glendale Middle,Salt Lake District,Salt Lake City,678,659,Yes under Community Eligibility Option (CEO),true
490042001502,Golden Fields School,Jordan District,South Jordan,854,105,Yes participating without using any Provision or the CEO,false
490009001624,Golden Spike Elementary,Box Elder District,Brigham City,924,334,Yes participating without using any Provision or the CEO,false
490014201380,Goldminer's Daughter,Canyons District,Alta,11,3,No,false
490014701389,Good Foundations Academy,Good Foundations Academy,Riverdale,441,149,Yes participating without using any Provision or the CEO,false
490063000383,Goshen School,Nebo District,Goshen,327,132,Yes participating without using any Provision or the CEO,false
490033000191,Grand County High,Grand District,Moab,469,173,Yes participating without using any Provision or the CEO,false
490033000192,Grand County Middle,Grand District,Moab,221,104,Yes participating without using any Provision or the CEO,false
490036000218,Granger High,Granite District,West Valley City,3267,1914,Yes participating without using any Provision or the CEO,true
490036000219,Granger School,Granite District,West Valley City,716,354,Yes participating without using any Provision or the CEO,false
490036000220,Granite Connection High,Granite District,Salt Lake City,541,334,Yes participating without using any Provision or the CEO,true
490036000223,Granite Park Jr High,Granite District,Salt Lake City,800,557,Yes under Community Eligibility Option (CEO),true
490014200304,Granite School,Canyons District,Sandy,303,34,Yes participating without using any Provision or the CEO,false
490036001119,Granite Technical Institute,Granite District,Salt Lake City,86,19,No,true
490060000368,Grant School,Murray District,Murray,322,79,Yes participating without using any Provision or the CEO,false
490105000566,Grantsville High,Tooele District,Grantsville,1094,144,Yes participating without using any Provision or the CEO,false
490105000784,Grantsville Jr High,Tooele District,Grantsville,550,114,Yes participating without using any Provision or the CEO,false
490105000567,Grantsville School,Tooele District,Grantsville,695,147,Yes participating without using any Provision or the CEO,false
490120000616,Green Acres School,Weber District,Ogden,496,110,Yes participating without using any Provision or the CEO,false
490012001512,Green Canyon High School,Cache District,North Logan,1677,334,Yes participating without using any Provision or the CEO,false
490027000179,Green River High,Emery District,Green River,83,49,Yes participating without using any Provision or the CEO,true
490012000139,Greenville School,Cache District,North Logan,527,213,Yes participating without using any Provision or the CEO,false
490017701468,Greenwood Charter School,Greenwood Charter School,Ogden,354,191,Yes participating without using any Provision or the CEO,false
490003000012,Greenwood School,Alpine District,American Fork,713,228,Yes participating without using any Provision or the CEO,false
490009000054,Grouse Creek Elementary,Box Elder District,Grouse Creek,8,,Yes participating without using any Provision or the CEO,false
490009000915,Grouse Creek Secondary,Box Elder District,Grouse Creek,1,,No,false
490003000013,Grovecrest School,Alpine District,Pleasant Grove,684,161,Yes participating without using any Provision or the CEO,false
490007201174,Guadalupe School,Guadalupe School,Salt Lake City,390,349,Yes under Community Eligibility Option (CEO),false
490096000550,Gunnison Valley High,South Sanpete District,Gunnison,319,128,Yes participating without using any Provision or the CEO,false
490096000668,Gunnison Valley Middle,South Sanpete District,Gunnison,262,119,Yes participating without using any Provision or the CEO,false
490096000551,Gunnison Valley School,South Sanpete District,Gunnison,584,300,Yes participating without using any Provision or the CEO,false
490021000108,H C Burton School,Davis District,Kaysville,687,63,Yes participating without using any Provision or the CEO,false
490120000617,H Guy Child School,Weber District,Ogden,380,134,Yes participating without using any Provision or the CEO,false
490117000608,Hanksville School,Wayne District,Hanksville,24,19,Yes under Community Eligibility Option (CEO),false
490003001614,Harbor Point Elementary,Alpine District,Saratoga Springs,735,124,Yes participating without using any Provision or the CEO,false
490009000239,Harris Intermediate,Box Elder District,Tremonton,862,300,Yes participating without using any Provision or the CEO,false
490036000656,Harry S. Truman School,Granite District,West Valley City,317,141,Yes participating without using any Provision or the CEO,false
490036000224,Hartvigsen School,Granite District,Taylorsville,76,37,Yes participating without using any Provision or the CEO,true
490003001112,Harvest School,Alpine District,Saratoga Springs,1031,139,Yes participating without using any Provision or the CEO,false
490120001628,Haven Bay Elementary,Weber District,West Haven,481,63,Yes participating without using any Provision or the CEO,false
490013701493,Hawthorn Academy South Jordan,Hawthorn Academy,South Jordan,621,161,Yes participating without using any Provision or the CEO,false
490013701298,Hawthorn Academy West Jordan,Hawthorn Academy,West Jordan,743,194,Yes participating without using any Provision or the CEO,false
490042000655,Hayden Peak School,Jordan District,West Jordan,723,222,Yes participating without using any Provision or the CEO,false
490036001237,Headstart Preschool Special Education,Granite District,Salt Lake City,2,,No,false
490042000873,Heartland School,Jordan District,West Jordan,403,266,Yes participating without using any Provision or the CEO,false
490111000499,Heber Valley School,Wasatch District,Heber City,561,244,Yes participating without using any Provision or the CEO,false
490033000893,Helen M. Knight School,Grand District,Moab,686,305,Yes participating without using any Provision or the CEO,false
490015000092,Helper Middle,Carbon District,Helper,199,96,Yes participating without using any Provision or the CEO,false
490021000759,Heritage School,Davis District,Layton,623,54,Yes participating without using any Provision or the CEO,false
490012001379,Heritage School,Cache District,Nibley,724,151,Yes participating without using any Provision or the CEO,false
490072001280,Heritage School,Ogden City District,Ogden,647,390,Yes under Community Eligibility Option (CEO),false
490114000606,Heritage School,Washington District,Saint George,526,264,Yes participating without using any Provision or the CEO,false
490042001338,Herriman High,Jordan District,Herriman,2522,448,Yes participating without using any Provision or the CEO,false
490042000657,Herriman School,Jordan District,Herriman,679,111,Yes participating without using any Provision or the CEO,false
490003001200,Hidden Hollow School,Alpine District,Eagle Mountain,943,219,Yes participating without using any Provision or the CEO,false
490042001541,Hidden Valley Middle,Jordan District,Bluffdale,935,183,Yes participating without using any Provision or the CEO,false
490087000496,Highland High,Salt Lake District,Salt Lake City,1973,574,Yes participating without using any Provision or the CEO,false
490072001294,Highland Junior High,Ogden City District,Ogden,649,445,Yes under Community Eligibility Option (CEO),true
490087000497,Highland Park School,Salt Lake District,Salt Lake City,478,94,Yes participating without using any Provision or the CEO,false
490003000672,Highland School,Alpine District,Highland,585,73,Yes participating without using any Provision or the CEO,false
490015601415,Highmark Charter School,Highmark Charter School,South Weber,668,4,No,false
490021000122,Hill Field School,Davis District,Clearfield,470,100,Yes participating without using any Provision or the CEO,false
490014200305,Hillcrest High,Canyons District,Midvale,2421,866,Yes participating without using any Provision or the CEO,false
490060000369,Hillcrest Jr High,Murray District,Murray,696,322,Yes participating without using any Provision or the CEO,false
490051000350,Hillcrest School,Logan City District,Logan,521,183,Yes participating without using any Provision or the CEO,false
490036000226,Hillsdale School,Granite District,West Valley City,548,292,Yes under Community Eligibility Option (CEO),false
490087000498,Hillside Middle,Salt Lake District,Salt Lake City,485,125,Yes participating without using any Provision or the CEO,false
490036000812,Hillside School,Granite District,West Valley City,470,215,Yes participating without using any Provision or the CEO,false
490063000956,Hobble Creek School,Nebo District,Mapleton,453,45,Yes participating without using any Provision or the CEO,false
490021000124,Holbrook School,Davis District,Bountiful,536,83,Yes participating without using any Provision or the CEO,false
490021000709,Holt School,Davis District,Clearfield,463,211,Yes participating without using any Provision or the CEO,false
490120000618,Hooper School,Weber District,Hooper,516,101,Yes participating without using any Provision or the CEO,false
490120001548,Horizon Academy,Weber District,Ogden,74,44,No,true
490060000771,Horizon School,Murray District,Murray,664,332,Yes participating without using any Provision or the CEO,false
490003001419,Horizon School,Alpine District,Saratoga Springs,166,46,Yes participating without using any Provision or the CEO,false
490114001133,Horizon School,Washington District,Washington,626,138,Yes participating without using any Provision or the CEO,false
490087000732,Horizonte Instruction & Training Center,Salt Lake District,Salt Lake City,259,244,Yes under Community Eligibility Option (CEO),true
490036000229,Howard R. Driggs School,Granite District,Salt Lake City,469,28,Yes participating without using any Provision or the CEO,false
490036000898,Hunter High,Granite District,West Valley City,2480,1316,Yes participating without using any Provision or the CEO,false
490036000829,Hunter Jr High,Granite District,West Valley City,667,350,Yes participating without using any Provision or the CEO,true
490036000717,Hunter School,Granite District,West Valley City,480,193,Yes participating without using any Provision or the CEO,false
490027000180,Huntington School,Emery District,Huntington,224,124,Yes participating without using any Provision or the CEO,false
490114000601,Hurricane High,Washington District,Hurricane,1177,323,Yes participating without using any Provision or the CEO,false
490114001134,Hurricane Intermediate,Washington District,Hurricane,723,271,Yes participating without using any Provision or the CEO,false
490114000702,Hurricane Middle,Washington District,Hurricane,780,246,Yes participating without using any Provision or the CEO,false
490114000602,Hurricane School,Washington District,Hurricane,611,220,Yes participating without using any Provision or the CEO,false
490105000569,Ibapah School,Tooele District,Ibapah,18,16,Yes under Community Eligibility Option (CEO),false
490019401509,Ignite Entrepreneurship Academy,Ignite Entrepreneurship Academy,Lehi,489,6,No,false
490081000836,Independence High,Provo District,Provo,276,151,Yes under Community Eligibility Option (CEO),false
490014200719,Indian Hills Middle,Canyons District,Sandy,1072,160,Yes participating without using any Provision or the CEO,false
490087000502,Indian Hills School,Salt Lake District,Salt Lake City,467,63,Yes participating without using any Provision or the CEO,false
490087001422,Innovations Early College High School,Salt Lake District,Salt Lake City,157,75,Yes participating without using any Provision or the CEO,false
490003901129,Intech Collegiate Academy,InTech Collegiate Academy,Logan,196,58,Yes participating without using any Provision or the CEO,false
490039001240,Iron County Preschool,Iron District,Cedar City,172,,No,false
490039001120,Iron Springs School,Iron District,Cedar City,636,212,Yes participating without using any Provision or the CEO,false
490021001659,Island View Elementary,Davis District,West Point,820,85,Yes participating without using any Provision or the CEO,false
490006700997,Itineris Early College High,Itineris Early College High,West Jordan,366,96,Yes participating without using any Provision or the CEO,false
490111000788,J.r. Smith School,Wasatch District,Heber City,633,219,Yes participating without using any Provision or the CEO,false
490036000230,Jackling School,Granite District,West Valley City,415,190,Yes participating without using any Provision or the CEO,false
490036000231,James E. Moss School,Granite District,Salt Lake City,543,184,Yes under Community Eligibility Option (CEO),false
490006901377,Jean Massieu School for the Deaf,Utah Schools for the Deaf and the Blind,Salt Lake City,147,33,No,false
490013901289,Jefferson Academy,Jefferson Academy,Kaysville,502,66,Yes participating without using any Provision or the CEO,false
490075001423,Jeremy Ranch Preschool,Park City District,Park City,54,7,No,false
490075000197,Jeremy Ranch School,Park City District,Park City,392,47,Yes participating without using any Provision or the CEO,false
490036000826,Jim Bridger School,Granite District,West Jordan,340,148,Yes participating without using any Provision or the CEO,false
490042000816,Joel P. Jensen Middle,Jordan District,West Jordan,760,379,Yes participating without using any Provision or the CEO,false
490036000232,John C. Fremont School,Granite District,Taylorsville,374,134,Yes participating without using any Provision or the CEO,false
490036000233,John F. Kennedy Jr High,Granite District,West Valley City,772,496,Yes participating without using any Provision or the CEO,true
490001400811,John Hancock Charter School,John Hancock Charter School,Pleasant Grove,179,42,Yes participating without using any Provision or the CEO,false
490001401653,John Hancock Charters School Eagle Mountain,John Hancock Charter School,Eagle Mountain,864,168,Yes participating without using any Provision or the CEO,false
490014200307,Jordan High,Canyons District,Sandy,1820,620,Yes participating without using any Provision or the CEO,false
490042000523,Jordan Hills School,Jordan District,West Jordan,631,156,Yes participating without using any Provision or the CEO,false
490042000874,Jordan Ridge School,Jordan District,South Jordan,637,130,Yes participating without using any Provision or the CEO,false
490014200309,Jordan Valley School,Canyons District,Midvale,79,25,Yes participating without using any Provision or the CEO,false
490045000334,Juab High,Juab District,Nephi,897,159,Yes participating without using any Provision or the CEO,false
490045000952,Juab Jr High,Juab District,Nephi,629,153,Yes participating without using any Provision or the CEO,false
490042001643,Juniper,Jordan District,Herriman,544,189,Yes participating without using any Provision or the CEO,false
490048000339,Kanab High,Kane District,Kanab,322,61,Yes participating without using any Provision or the CEO,false
490048000796,Kanab Middle,Kane District,Kanab,160,55,Yes participating without using any Provision or the CEO,false
490048000340,Kanab School,Kane District,Kanab,523,218,Yes participating without using any Provision or the CEO,false
490048001258,Kane Preschool,Kane District,Kanab,73,21,No,false
490120000619,Kanesville School,Weber District,West Haven,720,148,Yes participating without using any Provision or the CEO,false
490005601175,Karl G. Maeser Preparatory Academy,Karl G. Maeser Preparatory Academy,Lindon,656,50,No,false
490042001336,Kauri Sue Hamilton,Jordan District,Riverton,286,112,Yes participating without using any Provision or the CEO,false
490021001505,Kay's Creek Elementary,Davis District,Kaysville,718,31,Yes participating without using any Provision or the CEO,false
490021000126,Kaysville Jr High,Davis District,Kaysville,858,106,Yes participating without using any Provision or the CEO,false
490021000127,Kaysville School,Davis District,Kaysville,495,73,Yes participating without using any Provision or the CEO,false
490036000234,Kearns High,Granite District,Kearns,2313,1222,Yes participating without using any Provision or the CEO,false
490036000235,Kearns Jr High,Granite District,Kearns,732,505,Yes participating without using any Provision or the CEO,true
490042001612,Kelsey Peak Virtual Middle,Jordan District,West Jordan,132,43,No,false
490006901139,Kenneth Burdett School,Utah Schools for the Deaf and the Blind,Ogden,64,18,No,false
490021000119,King School,Davis District,Layton,442,145,Yes participating without using any Provision or the CEO,false
490042001615,Kings Peak High,Jordan District,West Jordan,315,77,No,false
490024000850,Kings Peak School,Duchesne District,Roosevelt,479,94,Yes participating without using any Provision or the CEO,false
490021000710,Knowlton School,Davis District,Farmington,663,60,Yes participating without using any Provision or the CEO,false
490093000540,Koosharem School,Sevier District,Koosharem,26,14,Yes participating without using any Provision or the CEO,false
490090000532,La Sal School,San Juan District,La Sal,7,,Yes under Community Eligibility Option (CEO),false
490003001575,Lake Mountain Middle,Alpine District,Saratoga Springs,1471,212,Yes participating without using any Provision or the CEO,false
490048000954,Lake Powell High School,Kane District,Lake Powell,5,,No,false
490048000897,Lake Powell School,Kane District,Lake Powell,12,9,Yes participating without using any Provision or the CEO,false
490036000236,Lake Ridge School,Granite District,Magna,410,183,Yes participating without using any Provision or the CEO,false
490009000057,Lake View School,Box Elder District,Brigham City,573,304,Yes participating without using any Provision or the CEO,false
490003000016,Lakeridge Jr High,Alpine District,Orem,1344,437,Yes participating without using any Provision or the CEO,false
490021000650,Lakeside School,Davis District,West Point,864,131,Yes participating without using any Provision or the CEO,false
490004301144,Lakeview Academy,Lakeview Academy,Saratoga Springs,1061,132,Yes participating without using any Provision or the CEO,false
490081001267,Lakeview School,Provo District,Provo,695,231,Yes participating without using any Provision or the CEO,false
490120000620,Lakeview School,Weber District,Roy,393,226,Yes participating without using any Provision or the CEO,false
490063000387,Landmark High,Nebo District,Spanish Fork,323,150,Yes participating without using any Provision or the CEO,true
490108000804,Lapoint School,Uintah District,La Point,147,66,Yes participating without using any Provision or the CEO,false
490063000690,Larsen School,Nebo District,Spanish Fork,431,200,Yes participating without using any Provision or the CEO,false
490039001562,Launch High,Iron District,Cedar City,196,54,Yes participating without using any Provision or the CEO,false
490114000779,Lava Ridge Intermediate,Washington District,Santa Clara,699,297,Yes participating without using any Provision or the CEO,false
490114000806,Laverkin School,Washington District,La Verkin,447,241,Yes participating without using any Provision or the CEO,false
490021000128,Layton High,Davis District,Layton,2231,368,Yes participating without using any Provision or the CEO,false
490021000129,Layton School,Davis District,Layton,552,166,Yes participating without using any Provision or the CEO,false
490019601516,Leadership Academy of Utah,Leadership Academy of Utah,Clearfield,497,77,No,false
490016201438,Leadership Learning Academy,Leadership Learning Academy,Layton,522,125,Yes participating without using any Provision or the CEO,false
490016201522,Leadership Learning Academy - Ogden,Leadership Learning Academy,Ogden,385,172,Yes under Community Eligibility Option (CEO),false
490021001275,Legacy Jr High,Davis District,Layton,1125,112,Yes participating without using any Provision or the CEO,false
490004501146,Legacy Preparatory Academy,Legacy Preparatory Academy,Woods Cross,1016,177,Yes participating without using any Provision or the CEO,false
490003000228,Legacy School,Alpine District,American Fork,819,96,Yes participating without using any Provision or the CEO,false
490114000605,Legacy School,Washington District,St George,562,368,Yes participating without using any Provision or the CEO,false
490003000017,Lehi High,Alpine District,Lehi,2242,269,Yes participating without using any Provision or the CEO,false
490003000018,Lehi Jr High,Alpine District,Lehi,1376,164,Yes participating without using any Provision or the CEO,false
490003000019,Lehi School,Alpine District,Lehi,485,110,Yes participating without using any Provision or the CEO,false
490012000076,Lewiston School,Cache District,Lewiston,506,229,Yes participating without using any Provision or the CEO,false
490072001274,Liberty Elementary School,Ogden City District,Ogden,554,338,Yes under Community Eligibility Option (CEO),false
490003001574,Liberty Hills Elementary,Alpine District,Lehi,864,165,Yes participating without using any Provision or the CEO,false
490060000370,Liberty School,Murray District,Murray,244,129,Yes participating without using any Provision or the CEO,false
490087000666,Liberty School,Salt Lake District,Salt Lake City,473,468,Yes under Community Eligibility Option (CEO),false
490014201384,Life Skills Academy,Canyons District,Sandy,63,60,No,false
490002201082,Lincoln Academy,Lincoln Academy,Pleasant Grove,911,147,Yes participating without using any Provision or the CEO,false
490012000077,Lincoln School,Cache District,Hyrum,492,225,Yes participating without using any Provision or the CEO,false
490021000131,Lincoln School,Davis District,Layton,642,298,Yes participating without using any Provision or the CEO,false
490072001297,Lincoln School,Ogden City District,Ogden,488,309,Yes under Community Eligibility Option (CEO),false
490036000238,Lincoln School,Granite District,Salt Lake City,483,175,Yes under Community Eligibility Option (CEO),false
490003000020,Lindon School,Alpine District,Lindon,594,109,Yes participating without using any Provision or the CEO,false
490114001083,Little Valley School,Washington District,St George,552,44,Yes participating without using any Provision or the CEO,false
490117000609,Loa School,Wayne District,Loa,254,133,Yes participating without using any Provision or the CEO,false
490051001530,Logan Early Childhood Center,Logan City District,Logan,86,19,No,false
490051000351,Logan High,Logan City District,Logan,1465,596,Yes participating without using any Provision or the CEO,false
490120000621,Lomond View School,Weber District,Ogden,444,77,Yes participating without using any Provision or the CEO,false
490003000445,Lone Peak High,Alpine District,Highland,2484,158,Yes participating without using any Provision or the CEO,false
490014200856,Lone Peak School,Canyons District,Sandy,516,35,Yes participating without using any Provision or the CEO,false
490060000371,Longview School,Murray District,Murray,323,110,Yes participating without using any Provision or the CEO,false
490018201467,Lumen Scholar Institute,Lumen Scholar Institute,Orem,454,80,No,false
490108000582,Maeser School,Uintah District,Vernal,473,145,Yes participating without using any Provision or the CEO,false
490036000240,Magna School,Granite District,Magna,549,266,Yes participating without using any Provision or the CEO,false
490114001526,Majestic Fields School,Washington District,Washington,732,83,Yes participating without using any Provision or the CEO,false
490120000573,Majestic School,Weber District,Ogden,726,224,Yes participating without using any Provision or the CEO,false
490042000310,Majestic School,Jordan District,West Jordan,320,214,Yes participating without using any Provision or the CEO,false
490072001550,Malan's Peak Secondary,Ogden City District,Ogden,35,32,No,false
490016501439,Mana Academy Charter School,Mana Academy Charter School,West Valley City,301,298,Yes under Provision 2,true
490018000101,Manila High,Daggett District,Manila,111,21,Yes participating without using any Provision or the CEO,false
490018000102,Manila School,Daggett District,Manila,73,13,Yes participating without using any Provision or the CEO,false
490003000743,Manila School,Alpine District,Pleasant Grove,588,76,Yes participating without using any Provision or the CEO,false
490096000553,Manti High,South Sanpete District,Manti,690,271,Yes participating without using any Provision or the CEO,false
490096000554,Manti School,South Sanpete District,Manti,408,213,Yes participating without using any Provision or the CEO,false
490063001560,Maple Grove Middle,Nebo District,Mapleton,1195,157,Yes participating without using any Provision or the CEO,false
490063001159,Maple Mountain High,Nebo District,Spanish Fork,1902,221,Yes participating without using any Provision or the CEO,false
490063001479,Maple Ridge School,Nebo District,Mapleton,873,88,Yes participating without using any Provision or the CEO,false
490063001127,Mapleton Junior High,Nebo District,Mapleton,1312,189,Yes participating without using any Provision or the CEO,false
490063000386,Mapleton School,Nebo District,Mapleton,591,59,Yes participating without using any Provision or the CEO,false
490014401374,Maria Montessori Academy,Maria Montessori Academy,Ogden,402,34,No,false
490009000060,McKinley School,Box Elder District,Tremonton,586,233,Yes participating without using any Provision or the CEO,false
490060000373,McMillan School,Murray District,Murray,417,113,Yes participating without using any Provision or the CEO,false
490075000901,McPolin School,Park City District,Park City,382,107,Yes participating without using any Provision or the CEO,false
490063001500,Meadow Brook School,Nebo District,Springville,679,207,Yes participating without using any Provision or the CEO,false
490003000744,Meadow School,Alpine District,Lehi,612,90,Yes participating without using any Provision or the CEO,false
490021000132,Meadowbrook School,Davis District,Bountiful,366,152,Yes participating without using any Provision or the CEO,false
490087000509,Meadowlark School,Salt Lake District,Salt Lake City,434,430,Yes under Community Eligibility Option (CEO),false
490013101220,Merit College Preparatory Academy,Merit College Preparatory Academy,Springville,456,146,Yes participating without using any Provision or the CEO,false
490042001223,Midas Creek School,Jordan District,Riverton,759,141,Yes participating without using any Provision or the CEO,false
490105000774,Middle Canyon School,Tooele District,Tooele,571,123,Yes under Community Eligibility Option (CEO),false
490120000818,Midland School,Weber District,Roy,583,189,Yes participating without using any Provision or the CEO,false
490014200311,Midvale Middle,Canyons District,Sandy,802,454,Yes under Community Eligibility Option (CEO),true
490014200312,Midvale School,Canyons District,Midvale,644,426,Yes under Community Eligibility Option (CEO),false
490014200313,Midvalley School,Canyons District,Midvale,635,298,Yes under Community Eligibility Option (CEO),false
490111000592,Midway School,Wasatch District,Midway,652,100,Yes participating without using any Provision or the CEO,false
490006000038,Milford High,Beaver District,Milford,205,73,Yes participating without using any Provision or the CEO,false
490006000039,Milford School,Beaver District,Milford,211,106,Yes participating without using any Provision or the CEO,false
490054000361,Millard High,Millard District,Fillmore,382,156,Yes participating without using any Provision or the CEO,false
490114000881,Millcreek High,Washington District,St George,118,59,Yes participating without using any Provision or the CEO,true
490021000133,Millcreek Jr High,Davis District,Bountiful,673,115,Yes participating without using any Provision or the CEO,false
490012000674,Millville School,Cache District,Millville,493,157,Yes participating without using any Provision or the CEO,false
,Minersville School,Beaver District,Minersville,82,44,Yes participating without using any Provision or the CEO,false
,Minersville School,Beaver District,Minersville,38,24,No,false
490003501085,Moab Charter School,Moab Charter School,Moab,70,27,Yes participating without using any Provision or the CEO,false
490045000795,Mona School,Juab District,Mona,280,71,Yes participating without using any Provision or the CEO,false
490093000541,Monroe School,Sevier District,Monroe,537,257,Yes participating without using any Provision or the CEO,false
490036000244,Monroe School,Granite District,West Valley City,512,274,Yes under Community Eligibility Option (CEO),false
490015000093,Mont Harmon Middle,Carbon District,Price,614,305,Yes participating without using any Provision or the CEO,false
490042000314,Monte Vista School,Jordan District,South Jordan,783,93,Yes participating without using any Provision or the CEO,false
490090000534,Montezuma Creek School,San Juan District,Montezuma Creek,282,282,Yes under Community Eligibility Option (CEO),false
490004901150,Monticello Academy,Monticello Academy,West Valley City,689,412,Yes participating without using any Provision or the CEO,false
490004901556,Monticello Academy West Point,Monticello Academy,West Point,442,121,Yes participating without using any Provision or the CEO,false
490090000535,Monticello High,San Juan District,Monticello,211,81,Yes under Community Eligibility Option (CEO),true
490090000536,Monticello School,San Juan District,Monticello,277,118,Yes under Community Eligibility Option (CEO),false
490090000802,Monument Valley High,San Juan District,Monument Valley,192,192,Yes under Community Eligibility Option (CEO),true
490057000363,Morgan High,Morgan District,Morgan,1142,71,Yes participating without using any Provision or the CEO,false
490057000364,Morgan Middle,Morgan District,Morgan,493,58,Yes participating without using any Provision or the CEO,false
490057001260,Morgan Preschool,Morgan District,Morgan,46,5,No,false
490021000677,Morgan School,Davis District,Kaysville,603,57,Yes participating without using any Provision or the CEO,false
490057000365,Morgan School,Morgan District,Morgan,555,64,Yes participating without using any Provision or the CEO,false
490036000245,Morningside School,Granite District,Salt Lake City,564,41,Yes participating without using any Provision or the CEO,false
490066000409,Moroni School,North Sanpete District,Moroni,363,226,Yes participating without using any Provision or the CEO,false
490072001295,Mound Fort Junior High,Ogden City District,Ogden,561,424,Yes under Community Eligibility Option (CEO),true
490051000352,Mount Logan Middle,Logan City District,Logan,1114,533,Yes participating without using any Provision or the CEO,true
490003000696,Mount Mahogany School,Alpine District,Pleasant Grove,631,326,Yes participating without using any Provision or the CEO,false
490072001288,Mount Ogden Junior High,Ogden City District,Ogden,803,327,Yes participating without using any Provision or the CEO,true
490042001540,Mountain Creek Middle School,Jordan District,South Jordan,1313,185,Yes participating without using any Provision or the CEO,false
490012000792,Mountain Crest High,Cache District,Hyrum,1547,384,Yes participating without using any Provision or the CEO,false
490057001554,Mountain Green Middle,Morgan District,Morgan,496,28,Yes participating without using any Provision or the CEO,false
490057001567,Mountain Green Preschool,Morgan District,Morgan,29,,No,false
490057001259,Mountain Green School,Morgan District,Mountain Green,424,21,Yes participating without using any Provision or the CEO,false
490013801285,Mountain Heights Academy,Mountain Heights Academy,West Jordan,864,140,No,false
490021000823,Mountain High,Davis District,Kaysville,255,89,Yes participating without using any Provision or the CEO,false
490042001543,Mountain Point Elementary,Jordan District,Bluffdale,830,192,Yes participating without using any Provision or the CEO,false
490042001525,Mountain Ridge High,Jordan District,Herriman,2738,380,Yes participating without using any Provision or the CEO,false
490003000074,Mountain Ridge Jr High,Alpine District,Highland,958,110,Yes participating without using any Provision or the CEO,false
490042000886,Mountain Shadows School,Jordan District,West Jordan,595,244,Yes participating without using any Provision or the CEO,false
490020301565,Mountain Sunrise Academy,Mountain Sunrise Academy,Saratoga Springs,493,43,No,false
490003001381,Mountain Trails School,Alpine District,Eagle Mountain,846,300,Yes participating without using any Provision or the CEO,false
490003000706,Mountain View High,Alpine District,Orem,1600,493,Yes participating without using any Provision or the CEO,false
490120001629,Mountain View Jr High,Weber District,West Haven,797,200,Yes participating without using any Provision or the CEO,false
490016901452,Mountain View Montessori,Mountain View Montessori,Washington,210,99,Yes participating without using any Provision or the CEO,false
490021000252,Mountain View School,Davis District,Layton,696,180,Yes participating without using any Provision or the CEO,false
490087000493,Mountain View School,Salt Lake District,Salt Lake City,629,624,Yes under Community Eligibility Option (CEO),false
490017501455,Mountain West Montessori Academy,Mountain West Montessori Academy,South Jordan,450,75,Yes participating without using any Provision or the CEO,false
490012001227,Mountainside School,Cache District,Mendon,514,94,Yes participating without using any Provision or the CEO,false
490005101152,Mountainville Academy,Mountainville Academy,Alpine,716,24,No,false
490075001255,Mpes Preschool,Park City District,Park City,53,15,No,false
490014200316,Mt. Jordan Middle,Canyons District,Sandy,757,301,Yes participating without using any Provision or the CEO,false
490063000431,Mt. Loafer School,Nebo District,Salem,642,105,Yes participating without using any Provision or the CEO,false
490063001563,Mt. Nebo Middle,Nebo District,Payson,1034,348,Yes participating without using any Provision or the CEO,false
490066000411,Mt. Pleasant School,North Sanpete District,Mt Pleasant,559,315,Yes participating without using any Provision or the CEO,false
490021000750,Mueller Park Jr High,Davis District,Bountiful,1090,164,Yes participating without using any Provision or the CEO,false
490021000130,Muir School,Davis District,Bountiful,596,59,Yes participating without using any Provision or the CEO,false
490120000624,Municipal School,Weber District,Roy,317,189,Yes participating without using any Provision or the CEO,false
490060000374,Murray High,Murray District,Murray,1364,427,Yes participating without using any Provision or the CEO,false
490024000165,Myton School,Duchesne District,Myton,120,65,Yes participating without using any Provision or the CEO,false
490108000583,Naples School,Uintah District,Vernal,456,240,Yes participating without using any Provision or the CEO,false
490090000491,Navajo Mountain High,San Juan District,Navajo Mt,24,24,Yes under Community Eligibility Option (CEO),true
490003401088,Navigator Pointe Academy,Navigator Pointe Academy,West Jordan,375,4,No,false
490063001458,Nebo Advanced Learning Center,Nebo District,Salem,2,,No,false
490063001635,Nebo Online School,Nebo District,Salem,7791,518,No,false
490045000951,Nebo View School,Juab District,Nephi,353,96,Yes participating without using any Provision or the CEO,false
490036001449,Neil Armstrong Academy,Granite District,West Valley,688,214,Yes participating without using any Provision or the CEO,false
490024000166,Neola School,Duchesne District,Neola,137,51,Yes participating without using any Provision or the CEO,false
490072001506,New Bridge School,Ogden City District,Ogden,665,353,Yes under Community Eligibility Option (CEO),false
490087000510,Newman School,Salt Lake District,Salt Lake City,405,256,Yes participating without using any Provision or the CEO,false
490087000511,Nibley Park School,Salt Lake District,Salt Lake City,483,265,Yes participating without using any Provision or the CEO,true
490012000598,Nibley School,Cache District,Nibley,511,157,Yes participating without using any Provision or the CEO,false
490006300993,No. Ut. Acad. for Math Engineering & Science,No. UT. Acad. for Math Engineering & Science,Layton,667,25,No,false
490006301528,No. Ut. Acad. of Math Engineering & Science Ogden,No. UT. Acad. for Math Engineering & Science,Ogden,459,36,No,false
490004801149,Noah Webster Academy,Noah Webster Academy,Orem,520,196,Yes participating without using any Provision or the CEO,false
490012000078,North Cache Middle School,Cache District,Richmond,1194,366,Yes participating without using any Provision or the CEO,false
490021000135,North Davis Jr High,Davis District,Clearfield,941,463,Yes participating without using any Provision or the CEO,true
490006800998,North Davis Preparatory Academy,North Davis Preparatory Academy,Layton,966,269,Yes participating without using any Provision or the CEO,false
490021000136,North Layton Jr High,Davis District,Layton,959,303,Yes participating without using any Provision or the CEO,false
490120000625,North Ogden Jr High,Weber District,Ogden,862,205,Yes participating without using any Provision or the CEO,false
490120000626,North Ogden School,Weber District,Ogden,537,180,Yes participating without using any Provision or the CEO,false
490012000079,North Park School,Cache District,North Logan,495,126,Yes participating without using any Provision or the CEO,false
490120000627,North Park School,Weber District,Roy,523,307,Yes participating without using any Provision or the CEO,false
490009000062,North Park School,Box Elder District,Tremonton,661,289,Yes participating without using any Provision or the CEO,false
490003001299,North Point School,Alpine District,Lehi,1128,223,Yes participating without using any Provision or the CEO,false
490006901138,North Region Blind,Utah Schools for the Deaf and the Blind,Ogden,18,4,No,false
490084000470,North Rich School,Rich District,Laketown,122,42,Yes participating without using any Provision or the CEO,false
490066000412,North Sanpete High,North Sanpete District,Mt Pleasant,782,368,Yes participating without using any Provision or the CEO,false
490066000413,North Sanpete Middle,North Sanpete District,Moroni,355,198,Yes participating without using any Provision or the CEO,true
490093000542,North Sevier High,Sevier District,Salina,270,102,Yes participating without using any Provision or the CEO,false
490093000782,North Sevier Middle,Sevier District,Salina,196,100,Yes participating without using any Provision or the CEO,false
490002501089,North Star Academy,North Star Academy,Bluffdale,522,35,Yes participating without using any Provision or the CEO,false
490087000695,North Star School,Salt Lake District,Salt Lake City,336,275,Yes participating without using any Provision or the CEO,false
490069000415,North Summit High,North Summit District,Coalville,371,61,Yes participating without using any Provision or the CEO,false
490069000724,North Summit Middle,North Summit District,Coalville,323,67,Yes participating without using any Provision or the CEO,false
490069001254,North Summit Preschool,North Summit District,Coalville,30,8,No,false
490069000416,North Summit School,North Summit District,Coalville,349,83,Yes participating without using any Provision or the CEO,false
490105000562,Northlake School,Tooele District,Tooele,684,308,Yes under Community Eligibility Option (CEO),false
490021000045,Northridge High,Davis District,Layton,1984,531,Yes participating without using any Provision or the CEO,false
490003000647,Northridge School,Alpine District,Orem,397,67,Yes participating without using any Provision or the CEO,false
490087000512,Northwest Middle,Salt Lake District,Salt Lake City,542,472,Yes participating without using any Provision or the CEO,true
490003000075,Oak Canyon Jr High,Alpine District,Lindon,1295,186,Yes participating without using any Provision or the CEO,false
490021000137,Oak Hills School,Davis District,Bountiful,509,44,Yes participating without using any Provision or the CEO,false
490014200529,Oak Hollow School,Canyons District,Draper,488,54,Yes participating without using any Provision or the CEO,false
490042001599,Oak Leaf Elementary,Jordan District,Herriman,566,55,Yes participating without using any Provision or the CEO,false
490042001090,Oakcrest School,Jordan District,West Jordan,694,171,Yes participating without using any Provision or the CEO,false
490014200317,Oakdale School,Canyons District,Sandy,340,80,Yes participating without using any Provision or the CEO,false
490036000246,Oakridge School,Granite District,Salt Lake City,279,17,Yes participating without using any Provision or the CEO,false
490036000247,Oakwood School,Granite District,Salt Lake City,580,110,Yes participating without using any Provision or the CEO,false
490002101092,Odyssey Charter School,Odyssey Charter School,American Fork,420,75,Yes participating without using any Provision or the CEO,false
490072001273,Odyssey School,Ogden City District,Ogden,520,407,Yes under Community Eligibility Option (CEO),false
490021001474,Odyssey School,Davis District,Woods Cross,553,54,Yes participating without using any Provision or the CEO,false
490072001271,Ogden High,Ogden City District,Ogden,1127,509,Yes participating without using any Provision or the CEO,false
490005800989,Ogden Preparatory Academy,Ogden Preparatory Academy,Ogden,1014,650,Yes participating without using any Provision or the CEO,true
490072001232,Ogden Preschool,Ogden City District,Ogden,86,43,Yes under Community Eligibility Option (CEO),false
490111001162,Old Mill School,Wasatch District,Heber City,769,121,Yes participating without using any Provision or the CEO,false
490105001519,Old Mill School,Tooele District,Tooele,665,130,Yes participating without using any Provision or the CEO,false
490036000259,Olene Walker Elementary,Granite District,Salt Lake City,712,302,Yes under Community Eligibility Option (CEO),false
490036000248,Olympus High,Granite District,Salt Lake City,2151,356,Yes participating without using any Provision or the CEO,false
490036000249,Olympus Jr High,Granite District,Salt Lake City,807,101,Yes participating without using any Provision or the CEO,false
490011801135,Open Classroom,Open Classroom,Salt Lake City,307,108,Yes participating without using any Provision or the CEO,false
490042000720,Oquirrh Hills Middle,Jordan District,Riverton,1261,170,Yes participating without using any Provision or the CEO,false
490042000684,Oquirrh School,Jordan District,West Jordan,524,309,Yes participating without using any Provision or the CEO,false
490063001155,Orchard Hills School,Nebo District,Santaquin,742,180,Yes participating without using any Provision or the CEO,false
490021000138,Orchard School,Davis District,North Salt Lake,581,106,Yes participating without using any Provision or the CEO,false
490003000791,Orchard School,Alpine District,Orem,625,176,Yes participating without using any Provision or the CEO,false
490120001546,Orchard Springs,Weber District,Pleasant View,472,159,Yes participating without using any Provision or the CEO,false
490003000021,Orem High,Alpine District,Orem,1225,261,Yes participating without using any Provision or the CEO,false
490003000022,Orem Jr High,Alpine District,Orem,969,378,Yes participating without using any Provision or the CEO,false
490003000023,Orem School,Alpine District,Orem,659,203,Yes participating without using any Provision or the CEO,false
490120000967,Orion Jr High,Weber District,Harrisville,1000,254,Yes participating without using any Provision or the CEO,false
490078001262,Oscarson Preschool,Piute District,Marysvale,5,,No,false
490078000449,Oscarson School,Piute District,Marysvale,24,14,Yes participating without using any Provision or the CEO,false
490105000775,Overlake School,Tooele District,Tooele,690,163,Yes under Community Eligibility Option (CEO),false
490015901406,Pacific Heritage Academy,Pacific Heritage Academy,Salt Lake City,327,137,Yes under Community Eligibility Option (CEO),true
490093000543,Pahvant School,Sevier District,Richfield,520,286,Yes participating without using any Provision or the CEO,false
490030000188,Panguitch High,Garfield District,Panguitch,149,32,Yes participating without using any Provision or the CEO,false
490030000712,Panguitch Middle,Garfield District,Panguitch,56,18,Yes participating without using any Provision or the CEO,false
490030000189,Panguitch School,Garfield District,Panguitch,240,89,Yes participating without using any Provision or the CEO,false
490114000866,Panorama School,Washington District,St George,447,268,Yes participating without using any Provision or the CEO,false
490005201153,Paradigm High School,Paradigm High School,South Jordan,361,77,No,false
490114000903,Paradise Canyon,Washington District,St George,461,324,Yes participating without using any Provision or the CEO,false
490075000447,Park City High,Park City District,Park City,1177,186,Yes participating without using any Provision or the CEO,false
490014200685,Park Lane School,Canyons District,Sandy,324,49,Yes participating without using any Provision or the CEO,false
490063000388,Park School,Nebo District,Spanish Fork,469,268,Yes participating without using any Provision or the CEO,false
490009000064,Park Valley Elementary,Box Elder District,Park Valley,19,9,Yes participating without using any Provision or the CEO,false
490009000916,Park Valley Secondary,Box Elder District,Park Valley,10,3,No,false
490063000389,Park View School,Nebo District,Payson,356,118,Yes participating without using any Provision or the CEO,false
490003001621,Parkside Elementary,Alpine District,Orem,588,359,Yes participating without using any Provision or the CEO,false
490021001114,Parkside School,Davis District,Clinton,408,99,Yes participating without using any Provision or the CEO,false
490060000375,Parkside School,Murray District,Murray,454,340,Yes participating without using any Provision or the CEO,false
490087000514,Parkview School,Salt Lake District,Salt Lake City,371,366,Yes under Community Eligibility Option (CEO),false
490075001409,Parley's Park Preschool,Park City District,Park City,22,9,No,false
490075000726,Parley's Park School,Park City District,Park City,400,74,Yes participating without using any Provision or the CEO,false
490039000284,Parowan High,Iron District,Parowan,349,116,No,false
490039000285,Parowan School,Iron District,Parowan,418,199,Yes participating without using any Provision or the CEO,false
490063000390,Payson High,Nebo District,Payson,1648,429,Yes participating without using any Provision or the CEO,false
490063000391,Payson Jr High,Nebo District,Payson,1143,341,Yes participating without using any Provision or the CEO,false
490014200318,Peruvian Park School,Canyons District,Sandy,560,124,Yes participating without using any Provision or the CEO,false
490036000251,Philo T. Farnsworth School,Granite District,West Valley City,448,220,Yes participating without using any Provision or the CEO,false
490114000807,Pine View High,Washington District,St George,1124,351,Yes participating without using any Provision or the CEO,false
490114000880,Pine View Middle,Washington District,St George,701,296,Yes participating without using any Provision or the CEO,false
490000800629,Pinnacle Canyon Academy,Pinnacle Canyon Academy,Price,360,264,Yes under Community Eligibility Option (CEO),true
490120000630,Pioneer School,Weber District,Ogden,394,118,Yes participating without using any Provision or the CEO,false
490036000253,Pioneer School,Granite District,West Valley City,438,233,Yes participating without using any Provision or the CEO,false
490078000450,Piute High,Piute District,Junction,141,66,Yes participating without using any Provision or the CEO,false
490120000631,Plain City School,Weber District,Plain City,640,95,Yes participating without using any Provision or the CEO,false
490066001431,Pleasant Creek High School,North Sanpete District,Mount Pleasant,103,89,Yes under Community Eligibility Option (CEO),true
490036000854,Pleasant Green School,Granite District,Magna,482,197,Yes participating without using any Provision or the CEO,false
490003000024,Pleasant Grove High,Alpine District,Pleasant Grove,1905,286,Yes participating without using any Provision or the CEO,false
490003000025,Pleasant Grove Jr High,Alpine District,Pleasant Grove,1181,296,Yes participating without using any Provision or the CEO,false
490036000254,Plymouth School,Granite District,Salt Lake City,535,221,Yes under Community Eligibility Option (CEO),false
490003001435,Polaris High School,Alpine District,American Fork,160,64,Yes participating without using any Provision or the CEO,false
490072001291,Polk School,Ogden City District,Ogden,541,233,Yes participating without using any Provision or the CEO,false
490003000907,Pony Express School,Alpine District,Eagle Mountain,995,237,Yes participating without using any Provision or the CEO,false
490114000963,Post HS Self-Cont,Washington District,St George,114,35,No,false
490042001243,Preschool,Jordan District,Riverton,1773,409,No,false
490015701416,Promontory School of Expeditionary Learning,Promontory School of Expeditionary Learning,Perry,443,184,Yes participating without using any Provision or the CEO,false
490012401202,Providence Hall,Providence Hall,Herriman,2044,392,Yes participating without using any Provision or the CEO,false
490012000081,Providence School,Cache District,Providence,719,101,Yes participating without using any Provision or the CEO,false
490081001349,Provo Eschool,Provo District,Provo,42,3,No,false
490081000459,Provo High,Provo District,Provo,2023,707,Yes participating without using any Provision or the CEO,false
490081001074,Provo Peaks School,Provo District,Provo,549,285,Yes participating without using any Provision or the CEO,false
490081000461,Provost School,Provo District,Provo,510,250,Yes participating without using any Provision or the CEO,false
490014200768,Quail Hollow School,Canyons District,Sandy,366,39,Yes participating without using any Provision or the CEO,false
490013201218,Quest Academy,Quest Academy,West Haven,1009,226,Yes participating without using any Provision or the CEO,false
490006400994,Ranches Academy,Ranches Academy,Eagle Mountain,360,53,No,false
490021000810,Reading School,Davis District,Centerville,444,44,Yes participating without using any Provision or the CEO,false
490003201095,Reagan Academy,Reagan Academy,Springville,683,158,Yes participating without using any Provision or the CEO,false
490045000336,Red Cliff School,Juab District,Nephi,599,171,Yes participating without using any Provision or the CEO,false
490093000839,Red Hills Middle,Sevier District,Richfield,503,215,Yes participating without using any Provision or the CEO,false
490114000570,Red Mountain School,Washington District,Ivins,447,241,Yes participating without using any Provision or the CEO,false
490036000255,Redwood School,Granite District,West Valley City,511,185,Yes under Community Eligibility Option (CEO),false
490063000394,Rees School,Nebo District,Spanish Fork,728,213,Yes participating without using any Provision or the CEO,false
490021000306,Renaissance Academy,Davis District,Kaysville,43,27,No,false
490003801128,Renaissance Academy,Renaissance Academy,Lehi,742,79,Yes participating without using any Provision or the CEO,false
490084000471,Rich High,Rich District,Randolph,162,46,Yes participating without using any Provision or the CEO,false
490084000838,Rich Middle School,Rich District,Laketown,113,41,Yes participating without using any Provision or the CEO,false
490084001264,Rich Preschool,Rich District,Randolph,6,,No,false
490093000544,Richfield High,Sevier District,Richfield,789,326,Yes participating without using any Provision or the CEO,false
490093000495,Richfield Preschool,Sevier District,Richfield,145,65,No,false
490042001542,Ridge View Elementary,Jordan District,Herriman,713,198,Yes participating without using any Provision or the CEO,false
490014200319,Ridgecrest School,Canyons District,Cottonwood Heights,491,129,Yes participating without using any Provision or the CEO,false
490012001487,Ridgeline High School,Cache District,Millville,1894,362,Yes participating without using any Provision or the CEO,false
490003001113,Ridgeline School,Alpine District,Highland,746,66,Yes participating without using any Provision or the CEO,false
490012000082,River Heights School,Cache District,Logan,608,175,Yes participating without using any Provision or the CEO,false
490003001481,River Rock School,Alpine District,Lehi,935,53,Yes participating without using any Provision or the CEO,false
490120000632,Riverdale School,Weber District,Ogden,390,208,Yes participating without using any Provision or the CEO,false
490042000308,Rivers Edge School,Jordan District,South Jordan,13,6,No,false
490051001234,Riverside Preschool,Logan City District,Logan,56,18,No,false
490114001096,Riverside School,Washington District,Washington,610,130,Yes participating without using any Provision or the CEO,false
490042000721,Riverside School,Jordan District,West Jordan,591,255,Yes participating without using any Provision or the CEO,false
490042000661,Riverton High,Jordan District,Riverton,2295,308,Yes participating without using any Provision or the CEO,false
490042000320,Riverton School,Jordan District,Riverton,657,159,Yes participating without using any Provision or the CEO,false
490060000376,Riverview Jr High,Murray District,Murray,614,156,Yes participating without using any Provision or the CEO,false
490003001405,Riverview School,Alpine District,Saratoga Springs,1002,186,Yes participating without using any Provision or the CEO,false
490063001156,Riverview School,Nebo District,Spanish Fork,738,147,Yes participating without using any Provision or the CEO,false
490036000257,Robert Frost School,Granite District,West Valley City,304,143,Yes participating without using any Provision or the CEO,false
490081000462,Rock Canyon School,Provo District,Provo,490,109,Yes participating without using any Provision or the CEO,false
490012501199,Rockwell Charter High School,Rockwell Charter High School,Eagle Mountain,315,61,Yes participating without using any Provision or the CEO,false
490120000212,Rocky Mountain Jr High,Weber District,West Haven City,795,173,Yes participating without using any Provision or the CEO,false
490111000738,Rocky Mountain Middle,Wasatch District,Heber City,673,170,Yes participating without using any Provision or the CEO,false
490003000349,Rocky Mountain School,Alpine District,Lindon,483,99,Yes participating without using any Provision or the CEO,false
490042001613,Rocky Peak Virtual School,Jordan District,West Jordan,227,66,No,false
490036000258,Rolling Meadows School,Granite District,West Valley City,456,215,Yes participating without using any Provision or the CEO,false
490024000167,Roosevelt Jr High,Duchesne District,Roosevelt,787,279,Yes participating without using any Provision or the CEO,false
490120000633,Roosevelt School,Weber District,Ogden,374,215,Yes participating without using any Provision or the CEO,false
490017801477,Roots Charter High School,Roots Charter High School,West Valley City,218,129,No,false
490042000814,Rosamond School,Jordan District,Riverton,573,105,Yes participating without using any Provision or the CEO,false
490042000530,Rose Creek School,Jordan District,Riverton,649,131,Yes participating without using any Provision or the CEO,false
490087000516,Rose Park School,Salt Lake District,Salt Lake City,358,356,Yes under Community Eligibility Option (CEO),false
490105001097,Rose Springs School,Tooele District,Stansbury Park,541,96,Yes participating without using any Provision or the CEO,false
490036000260,Rosecrest School,Granite District,Salt Lake City,334,38,Yes participating without using any Provision or the CEO,false
490120000634,Roy High,Weber District,Roy,1661,631,Yes participating without using any Provision or the CEO,false
490120000635,Roy Jr High,Weber District,Roy,960,408,Yes participating without using any Provision or the CEO,false
490120000636,Roy School,Weber District,Roy,423,211,Yes participating without using any Provision or the CEO,false
490063000395,Sage Creek School,Nebo District,Springville,466,122,Yes participating without using any Provision or the CEO,false
490003001320,Sage Hills School,Alpine District,Saratoga Springs,870,137,Yes participating without using any Provision or the CEO,false
490063001160,Salem Hills High,Nebo District,Salem,1593,266,Yes participating without using any Provision or the CEO,false
490063001390,Salem Junior High,Nebo District,Salem,950,215,Yes participating without using any Provision or the CEO,false
490063000396,Salem School,Nebo District,Salem,508,105,Yes participating without using any Provision or the CEO,false
490093000546,Salina School,Sevier District,Salina,435,219,Yes participating without using any Provision or the CEO,false
490015000097,Sally Mauro School,Carbon District,Helper,293,141,Yes participating without using any Provision or the CEO,false
490019701517,Salt Lake Academy High School,Salt Lake Academy High School,Herriman,403,22,No,false
490001800905,Salt Lake Arts Academy,Salt Lake Arts Academy,Salt Lake City,415,64,No,false
490012301208,Salt Lake Center for Science Education,Salt Lake Center for Science Education,Salt Lake City,368,161,Yes participating without using any Provision or the CEO,true
490087000477,Salt Lake Center for Science Education Bryant,Salt Lake District,Salt Lake City,348,243,Yes participating without using any Provision or the CEO,true
490087001230,Salt Lake Head Start,Salt Lake District,Salt Lake City,75,7,No,false
490090000537,San Juan High,San Juan District,Blanding,425,236,Yes under Community Eligibility Option (CEO),true
490027000182,San Rafael Middle School,Emery District,Ferron,221,103,Yes participating without using any Provision or the CEO,true
490120000637,Sand Ridge Jr High,Weber District,Roy,695,299,Yes participating without using any Provision or the CEO,false
490021001098,Sand Springs School,Davis District,Layton,682,53,Yes participating without using any Provision or the CEO,false
490114000739,Sandstone School,Washington District,St George,518,337,Yes participating without using any Provision or the CEO,false
490014200321,Sandy School,Canyons District,Sandy,514,298,Yes under Community Eligibility Option (CEO),false
490114000701,Santa Clara School,Washington District,Santa Clara,450,136,Yes participating without using any Provision or the CEO,false
490063000397,Santaquin School,Nebo District,Santaquin,579,199,Yes participating without using any Provision or the CEO,false
490003001099,Saratoga Shores School,Alpine District,Saratoga Springs,777,67,Yes participating without using any Provision or the CEO,false
490017001456,Scholar Academy,Scholar Academy,Tooele,690,204,Yes participating without using any Provision or the CEO,false
490036000763,Scott M Matheson Jr High,Granite District,Magna,1051,550,Yes participating without using any Provision or the CEO,true
490003000027,Sego Lily School,Alpine District,Lehi,625,118,Yes participating without using any Provision or the CEO,false
490105001179,Settlement Canyon School,Tooele District,Tooele,519,172,Yes under Community Eligibility Option (CEO),false
490072001317,Shadow Valley School,Ogden City District,Ogden,594,147,Yes participating without using any Provision or the CEO,false
490003000029,Shelley School,Alpine District,American Fork,731,124,Yes participating without using any Provision or the CEO,false
490021001569,Shoreline Junior High,Davis District,Layton,1225,90,Yes participating without using any Provision or the CEO,false
490081000452,Shoreline Middle School,Provo District,Provo,877,408,Yes participating without using any Provision or the CEO,false
490063001391,Sierra Bonita Elementary,Nebo District,Spanish Fork,568,91,Yes participating without using any Provision or the CEO,false
490042001353,Silver Crest School,Jordan District,Herriman,879,257,Yes participating without using any Provision or the CEO,false
490036000852,Silver Hills School,Granite District,Kearns,475,207,Yes participating without using any Provision or the CEO,false
490003001596,Silver Lake Elementary,Alpine District,Eagle Mountain,870,191,Yes participating without using any Provision or the CEO,false
490014200658,Silver Mesa School,Canyons District,Sandy,551,85,Yes participating without using any Provision or the CEO,false
490120001552,Silver Ridge Elementary,Weber District,Farr West,602,123,Yes participating without using any Provision or the CEO,false
490099001534,Silver Summit Academy,South Summit District,Park City,104,6,Yes participating without using any Provision or the CEO,false
490099001535,Silver Summit School,South Summit District,Park City,55,5,Yes participating without using any Provision or the CEO,false
490087001636,Sky View Academy,Salt Lake District,Salt Lake City,1,,No,false
490012000083,Sky View High,Cache District,Smithfield,1600,406,Yes participating without using any Provision or the CEO,false
490036000261,Skyline High,Granite District,Salt Lake City,2186,189,Yes participating without using any Provision or the CEO,false
490003001486,Skyridge High School,Alpine District,Lehi,2483,237,Yes participating without using any Provision or the CEO,false
490081001650,Slate Mountain School,Provo District,Provo,52,,No,false
490114000206,Snow Canyon High,Washington District,St George,1324,355,Yes participating without using any Provision or the CEO,false
490114000063,Snow Canyon Middle,Washington District,St George,796,277,Yes participating without using any Provision or the CEO,false
490021001206,Snow Horse School,Davis District,Kaysville,490,39,Yes participating without using any Provision or the CEO,false
490003000699,Snow Springs School,Alpine District,Lehi,843,145,Yes participating without using any Provision or the CEO,false
490120000669,Snowcrest Jr High,Weber District,Eden,265,33,Yes participating without using any Provision or the CEO,false
490009000067,Snowville School,Box Elder District,Snowville,28,12,Yes participating without using any Provision or the CEO,false
490001100587,Soldier Hollow Charter School,Soldier Hollow Charter School,Heber City,328,6,No,false
490012000084,South Cache Middle School,Cache District,Hyrum,1143,355,Yes participating without using any Provision or the CEO,false
490021000141,South Clearfield School,Davis District,Clearfield,703,365,Yes participating without using any Provision or the CEO,false
490021000142,South Davis Jr High,Davis District,Bountiful,953,213,Yes participating without using any Provision or the CEO,false
490042000531,South Hills Middle,Jordan District,Riverton,1181,252,Yes participating without using any Provision or the CEO,false
490042000896,South Jordan Middle,Jordan District,South Jordan,1182,143,Yes participating without using any Provision or the CEO,false
490042000322,South Jordan School,Jordan District,South Jordan,863,155,Yes participating without using any Provision or the CEO,false
490036000262,South Kearns School,Granite District,Kearns,536,251,Yes participating without using any Provision or the CEO,false
490114001602,South Mesa Elementary,Washington District,Saint George,595,54,Yes participating without using any Provision or the CEO,false
490120000638,South Ogden Jr High,Weber District,Ogden,799,293,Yes participating without using any Provision or the CEO,false
490084000472,South Rich School,Rich District,Randolph,104,55,Yes participating without using any Provision or the CEO,false
490096001425,South Sanpete Education Support Center,South Sanpete District,Manti,12,7,No,true
490093000547,South Sevier High,Sevier District,Monroe,426,162,Yes participating without using any Provision or the CEO,false
490093000783,South Sevier Middle,Sevier District,Monroe,288,131,Yes participating without using any Provision or the CEO,false
490099000557,South Summit High,South Summit District,Kamas,486,77,Yes participating without using any Provision or the CEO,false
490099000733,South Summit Middle,South Summit District,Kamas,475,80,Yes participating without using any Provision or the CEO,false
490099000558,South Summit School,South Summit District,Kamas,496,87,Yes participating without using any Provision or the CEO,false
490042000323,South Valley School,Jordan District,West Jordan,165,55,Yes participating without using any Provision or the CEO,false
490021000143,South Weber School,Davis District,South Weber,809,69,Yes participating without using any Provision or the CEO,false
490006901632,Southern Utah School of the Deaf,Utah Schools for the Deaf and the Blind,Saint George,13,3,No,false
490042000324,Southland School,Jordan District,Riverton,592,95,Yes participating without using any Provision or the CEO,false
490039000872,Southwest Educational Academy,Iron District,Cedar City,4239,424,Yes participating without using any Provision or the CEO,true
490063000399,Spanish Fork High,Nebo District,Spanish Fork,1640,324,Yes participating without using any Provision or the CEO,false
490063000482,Spanish Fork Jr High,Nebo District,Spanish Fork,1070,254,Yes participating without using any Provision or the CEO,false
490063000747,Spanish Oaks School,Nebo District,Spanish Fork,416,95,Yes participating without using any Provision or the CEO,false
490014201309,Special Ed Preschool,Canyons District,Sandy,312,89,No,false
490004201137,Spectrum Academy - Nsl,Spectrum Academy,North Salt Lake,829,257,Yes participating without using any Provision or the CEO,false
490004201464,Spectrum Academy - Pleasant Grove,Spectrum Academy,Pleasant Grove,696,161,Yes participating without using any Provision or the CEO,false
490063001558,Spring Canyon Middle,Nebo District,Springville,1038,295,Yes participating without using any Provision or the CEO,false
490066000414,Spring City School,North Sanpete District,Spring City,142,81,Yes participating without using any Provision or the CEO,false
490012000846,Spring Creek Middle School,Cache District,Providence,869,188,Yes participating without using any Provision or the CEO,false
490081000789,Spring Creek School,Provo District,Provo,452,276,Yes participating without using any Provision or the CEO,false
490063000766,Spring Lake School,Nebo District,Payson,531,147,Yes participating without using any Provision or the CEO,false
490114000604,Springdale School,Washington District,Springdale,35,21,Yes participating without using any Provision or the CEO,false
490003001515,Springside School,Alpine District,Saratoga Springs,827,105,Yes participating without using any Provision or the CEO,false
490063000402,Springville High,Nebo District,Springville,1665,382,Yes participating without using any Provision or the CEO,false
490063000403,Springville Jr High,Nebo District,Springville,1086,310,Yes participating without using any Provision or the CEO,false
490014200325,Sprucewood School,Canyons District,Sandy,342,88,Yes participating without using any Provision or the CEO,false
490018801485,St. George Academy,St. George Academy,Washington,229,47,No,false
490105001177,Stansbury High,Tooele District,Stansbury Park,2314,343,Yes participating without using any Provision or the CEO,false
490105000697,Stansbury Park School,Tooele District,Stansbury Park,712,128,Yes participating without using any Provision or the CEO,false
490036000263,Stansbury School,Granite District,West Valley City,582,326,Yes under Community Eligibility Option (CEO),false
490105001497,Sterling School,Tooele District,Tooele,772,278,Yes under Community Eligibility Option (CEO),false
490021000651,Stewart School,Davis District,Centerville,524,66,Yes participating without using any Provision or the CEO,false
490003701470,Success Dsu,Success Academy,St George,310,17,No,false
490003701101,Success Suu,Success Academy,Cedar City,224,48,No,false
490006601499,Summit Academy - Bluffdale,Summit Academy,Bluffdale,537,104,Yes participating without using any Provision or the CEO,false
490006600996,Summit Academy - Draper Campus,Summit Academy,Draper,601,150,Yes participating without using any Provision or the CEO,false
490006601469,Summit Academy - Independence,Summit Academy,Bluffdale,830,149,Yes participating without using any Provision or the CEO,false
490006601396,Summit Academy High School,Summit Academy,Bluffdale,599,120,Yes participating without using any Provision or the CEO,false
490003000366,Summit High,Alpine District,American Fork,104,77,No,false
490012000085,Summit School,Cache District,Smithfield,705,298,Yes participating without using any Provision or the CEO,false
490021001597,Sunburst School,Davis District,Layton,871,120,Yes participating without using any Provision or the CEO,false
490009000707,Sunrise High School,Box Elder District,Brigham City,161,66,Yes participating without using any Provision or the CEO,true
490081001233,Sunrise Preschool,Provo District,Provo,267,,No,false
490114001300,Sunrise Ridge Intermediate,Washington District,Saint George,802,137,Yes participating without using any Provision or the CEO,false
490014200326,Sunrise School,Canyons District,Sandy,647,71,Yes participating without using any Provision or the CEO,false
490012000882,Sunrise School,Cache District,Smithfield,713,119,Yes participating without using any Provision or the CEO,false
490021000145,Sunset Jr High,Davis District,Sunset,926,249,Yes participating without using any Provision or the CEO,false
490042001103,Sunset Ridge Middle,Jordan District,West Jordan,1377,336,Yes participating without using any Provision or the CEO,false
490114000842,Sunset School,Washington District,St George,481,290,Yes participating without using any Provision or the CEO,false
490021000146,Sunset School,Davis District,Sunset,386,179,Yes participating without using any Provision or the CEO,false
490081000463,Sunset View School,Provo District,Provo,628,300,Yes participating without using any Provision or the CEO,false
490004401145,Syracuse Arts Academy - Antelope,Syracuse Arts Academy,Syracuse,988,177,Yes participating without using any Provision or the CEO,false
490004401494,Syracuse Arts Academy - North,Syracuse Arts Academy,Syracuse,730,115,Yes participating without using any Provision or the CEO,false
490021001205,Syracuse High,Davis District,Syracuse,2608,388,Yes participating without using any Provision or the CEO,false
490021000848,Syracuse Jr High,Davis District,Syracuse,1216,175,Yes participating without using any Provision or the CEO,false
490021000147,Syracuse School,Davis District,Syracuse,865,118,Yes participating without using any Provision or the CEO,false
490120000639,T.h. Bell Jr High,Weber District,Ogden,607,308,Yes participating without using any Provision or the CEO,false
490024000711,Tabiona High,Duchesne District,Tabiona,74,19,Yes participating without using any Provision or the CEO,false
490024000170,Tabiona School,Duchesne District,Tabiona,109,31,Yes participating without using any Provision or the CEO,false
490021000125,Taylor School,Davis District,Centerville,336,55,Yes participating without using any Provision or the CEO,false
490063000405,Taylor School,Nebo District,Payson,424,204,Yes participating without using any Provision or the CEO,false
490036000764,Taylorsville High,Granite District,Taylorsville,2685,1196,Yes participating without using any Provision or the CEO,false
490036000264,Taylorsville School,Granite District,Salt Lake City,404,159,Yes participating without using any Provision or the CEO,false
490017901476,Terra Academy,Terra Academy,Vernal,595,115,Yes participating without using any Provision or the CEO,false
490042000327,Terra Linda School,Jordan District,West Jordan,474,255,Yes participating without using any Provision or the CEO,false
490019301513,The Center for Creativity Innovation and Discovery,The Center for Creativity Innovation and Discovery,Providence,332,109,Yes participating without using any Provision or the CEO,false
490001500820,Thomas Edison - North,Thomas Edison,North Logan,490,111,No,false
490001501284,Thomas Edison - South,Thomas Edison,Nibley,699,181,No,false
490036000871,Thomas Jefferson Jr High,Granite District,Kearns,915,448,Yes participating without using any Provision or the CEO,true
490036000755,Thomas W. Bacchus School,Granite District,Kearns,315,142,Yes participating without using any Provision or the CEO,false
490114000433,Three Falls School,Washington District,Hurricane,533,145,Yes participating without using any Provision or the CEO,false
490009000065,Three Mile Creek School,Box Elder District,Perry,531,104,Yes participating without using any Provision or the CEO,false
490039001238,Three Peaks Pre School,Iron District,Cedar City,103,,No,false
490039001121,Three Peaks School,Iron District,Cedar City,646,262,Yes participating without using any Provision or the CEO,false
490003001413,Thunder Ridge School,Alpine District,Saratoga Springs,1093,176,Yes participating without using any Provision or the CEO,false
490003000909,Timberline Middle,Alpine District,Alpine,1322,75,Yes participating without using any Provision or the CEO,false
490001600830,Timpanogos Academy,Timpanogos Academy,Lindon,490,20,No,false
490003000362,Timpanogos High,Alpine District,Orem,1471,285,Yes participating without using any Provision or the CEO,false
490111001533,Timpanogos Middle School,Wasatch District,Heber City,1033,199,Yes participating without using any Provision or the CEO,false
490081000465,Timpanogos School,Provo District,Provo,636,401,Yes participating without using any Provision or the CEO,false
490081000466,Timpview High,Provo District,Provo,2300,582,Yes participating without using any Provision or the CEO,false
490102000560,Tintic High,Tintic District,Eureka,142,44,No,false
490021000148,Tolman School,Davis District,Bountiful,363,62,Yes participating without using any Provision or the CEO,false
490114001198,Tonaquint Intermediate,Washington District,Saint George,653,262,Yes participating without using any Provision or the CEO,false
490105001401,Tooele Community Learning Center,Tooele District,Tooele,1,,No,false
490105000574,Tooele High,Tooele District,Tooele,1900,491,Yes participating without using any Provision or the CEO,false
490105000575,Tooele Jr High,Tooele District,Tooele,769,236,Yes participating without using any Provision or the CEO,false
490003001617,Trailside Elementary,Alpine District,Vineyard,1052,249,Yes participating without using any Provision or the CEO,false
490075001410,Trailside Preschool,Park City District,Park City,24,3,No,false
490075000751,Trailside School,Park City District,Park City,360,71,Yes participating without using any Provision or the CEO,false
490003001385,Traverse Mountain School,Alpine District,Lehi,881,109,Yes participating without using any Provision or the CEO,false
490075000773,Treasure Mtn. Junior High School,Park City District,Park City,739,135,Yes participating without using any Provision or the CEO,false
490019201514,Treeside Charter School,Treeside Charter School,Provo,434,100,Yes under Community Eligibility Option (CEO),false
490090001426,Tse'Bii'nidzisgai School,San Juan District,Monument Valley,255,255,Yes under Community Eligibility Option (CEO),false
490105001626,Twenty Wells Elementary,Tooele District,Grantsville,625,140,Yes participating without using any Provision or the CEO,false
490120000972,Two Rivers High,Weber District,Ogden,175,81,Yes participating without using any Provision or the CEO,false
490108000585,Uintah High,Uintah District,Vernal,1843,526,Yes participating without using any Provision or the CEO,false
490108000588,Uintah Middle School,Uintah District,Vernal,579,209,Yes participating without using any Provision or the CEO,false
490108001222,Uintah Online School,Uintah District,Vernal,37,17,No,true
490001300671,Uintah River High,Uintah River High,Fort Duchesne,82,29,No,true
490120000640,Uintah School,Weber District,Ogden,629,194,Yes participating without using any Provision or the CEO,false
490087000520,Uintah School,Salt Lake District,Salt Lake City,464,41,Yes participating without using any Provision or the CEO,false
490108001247,Uintah Specialized Preschool,Uintah District,Vernal,205,69,No,false
490024000171,Union High,Duchesne District,Roosevelt,1166,345,Yes participating without using any Provision or the CEO,false
490014200328,Union Middle,Canyons District,Sandy,911,329,Yes participating without using any Provision or the CEO,false
490036000266,Upland Terrace School,Granite District,Salt Lake City,477,55,Yes participating without using any Provision or the CEO,false
490001200673,Utah Arts Academy,Utah Arts Academy,Saint George,311,82,No,false
490017101460,Utah Career Path High School,Utah Career Path High School,Kaysville,148,10,No,false
490015101386,Utah Connections Academy,Utah Connections Academy,Salt Lake City,1052,325,No,true
490002001106,Utah County Academy of Science,Utah County Academy of Science,Orem,510,100,Yes participating without using any Provision or the CEO,false
490016601433,Utah International Charter School,Utah International Charter School,Salt Lake City,244,236,Yes under Community Eligibility Option (CEO),true
490017601463,Utah Military Academy,Utah Military Academy,Riverdale,595,154,Yes participating without using any Provision or the CEO,false
490017601501,Utah Military Academy - Camp Williams,Utah Military Academy,Lehi,357,101,Yes participating without using any Provision or the CEO,false
490114001432,Utah Online 7-12,Washington District,Saint George,1547,225,No,false
490114001161,Utah Online K8,Washington District,St George,2693,23,No,false
490078001664,Utah Peak Academy,Piute District,Junction,161,,No,false
490013001196,Utah Virtual Academy,Utah Virtual Academy,Murray,1890,772,No,true
490021000149,Vae View School,Davis District,Layton,394,181,Yes participating without using any Provision or the CEO,false
490015801421,Valley Academy,Valley Academy,Hurricane,642,273,Yes participating without using any Provision or the CEO,false
490036000827,Valley Crest School,Granite District,West Valley City,455,170,Yes participating without using any Provision or the CEO,false
490048000341,Valley High,Kane District,Orderville,154,45,Yes participating without using any Provision or the CEO,false
490042000329,Valley High School,Jordan District,South Jordan,347,100,Yes participating without using any Provision or the CEO,false
490036000267,Valley Jr High,Granite District,West Valley City,546,345,Yes participating without using any Provision or the CEO,true
490120000641,Valley School,Weber District,Eden,553,80,Yes participating without using any Provision or the CEO,false
490048000342,Valley School,Kane District,Orderville,162,73,Yes participating without using any Provision or the CEO,false
490063001561,Valley View Middle,Nebo District,Salem,963,231,Yes participating without using any Provision or the CEO,false
490021000150,Valley View School,Davis District,Bountiful,426,28,Yes participating without using any Provision or the CEO,false
490120000642,Valley View School,Weber District,Roy,286,160,Yes participating without using any Provision or the CEO,false
490018301475,Vanguard Academy,Vanguard Academy,West Valley City,623,428,Yes under Community Eligibility Option (CEO),true
490013301216,Venture Academy,Venture Academy,Marriott-Slaterville City,802,150,Yes participating without using any Provision or the CEO,false
490108000786,Vernal Middle,Uintah District,Vernal,842,311,Yes participating without using any Provision or the CEO,false
490105000576,Vernon School,Tooele District,Vernon,20,12,Yes participating without using any Provision or the CEO,false
490021000151,Viewmont High,Davis District,Bountiful,1568,214,Yes participating without using any Provision or the CEO,false
490060000377,Viewmont School,Murray District,Murray,433,94,Yes participating without using any Provision or the CEO,false
490003001619,Viewpoint Middle,Alpine District,Lehi,1667,206,Yes participating without using any Provision or the CEO,false
490003000032,Vineyard School,Alpine District,Vineyard,764,190,Yes participating without using any Provision or the CEO,false
490021001658,Vista Education Campus,Davis District,Farmington,267,119,Yes participating without using any Provision or the CEO,false
490003001387,Vista Heights Middle,Alpine District,Saratoga Springs,1671,294,Yes participating without using any Provision or the CEO,false
490014101296,Vista School,Vista School,Ivins,1114,404,Yes participating without using any Provision or the CEO,false
490036000268,Vista School,Granite District,Taylorsville,551,199,Yes participating without using any Provision or the CEO,true
490016001442,Voyage Academy,Voyage Academy,Clinton,528,109,Yes participating without using any Provision or the CEO,false
490120000643,Wahlquist Jr High,Weber District,Farr West,1033,154,Yes participating without using any Provision or the CEO,false
490006100991,Walden School of Liberal Arts,Walden School of Liberal Arts,Provo,386,140,Yes participating without using any Provision or the CEO,true
490018401489,Wallace Stegner Academy,Wallace Stegner Academy,Salt Lake City,683,411,Yes participating without using any Provision or the CEO,true
490018401651,Wallace Stegner Academy Kearns K-12,Wallace Stegner Academy,West Valley City,777,436,Yes participating without using any Provision or the CEO,false
490018401609,Wallace Stegner Academy West Valley,Wallace Stegner Academy,West Valley City,702,424,Yes participating without using any Provision or the CEO,false
490111000594,Wasatch High,Wasatch District,Heber City,2604,422,Yes participating without using any Provision or the CEO,false
490036000269,Wasatch Jr High,Granite District,Salt Lake City,829,91,Yes participating without using any Provision or the CEO,false
490111001420,Wasatch Learning Academy,Wasatch District,Heber City,1232,169,No,false
490002401107,Wasatch Peak Academy,Wasatch Peak Academy,North Salt Lake,519,99,Yes participating without using any Provision or the CEO,false
490021000152,Wasatch School,Davis District,Clearfield,482,278,Yes participating without using any Provision or the CEO,false
490072001276,Wasatch School,Ogden City District,Ogden,357,167,Yes participating without using any Provision or the CEO,false
490081000467,Wasatch School,Provo District,Provo,546,141,Yes participating without using any Provision or the CEO,false
490087000521,Wasatch School,Salt Lake District,Salt Lake City,387,144,Yes participating without using any Provision or the CEO,false
490018501491,Wasatch Waldorf Charter School,Wasatch Waldorf Charter School,Holladay,625,115,Yes participating without using any Provision or the CEO,false
490114001555,Washington Fields Intermediate,Washington District,Washington,913,106,Yes participating without using any Provision or the CEO,false
490114000778,Washington Preschool,Washington District,St George,552,182,No,false
490087000522,Washington School,Salt Lake District,Salt Lake City,402,232,Yes participating without using any Provision or the CEO,false
490114000607,Washington School,Washington District,Washington,468,314,Yes participating without using any Provision or the CEO,false
490120000644,Washington Terrace School,Weber District,Ogden,433,241,Yes participating without using any Provision or the CEO,false
490114001521,Water Canyon High,Washington District,Hildale,311,188,No,false
490114001466,Water Canyon School,Washington District,Hildale,276,196,No,false
490117000610,Wayne High,Wayne District,Bicknell,190,84,Yes participating without using any Provision or the CEO,false
490120000645,Weber High,Weber District,Ogden,2002,362,Yes participating without using any Provision or the CEO,false
490120001482,Weber Innovation High School,Weber District,Ogden,369,73,Yes participating without using any Provision or the CEO,false
490120001414,Weber Online K-6,Weber District,Ogden,52,14,No,false
490014501378,Weilenmann School of Discovery,Weilenmann School of Discovery,Park City,422,6,No,false
490042000722,Welby School,Jordan District,South Jordan,701,145,Yes participating without using any Provision or the CEO,false
490015000098,Wellington School,Carbon District,Wellington,264,138,Yes participating without using any Provision or the CEO,false
490012000086,Wellsville School,Cache District,Wellsville,463,104,Yes participating without using any Provision or the CEO,false
490105000577,Wendover High,Tooele District,Wendover,169,99,Yes under Community Eligibility Option (CEO),true
490021000154,West Bountiful School,Davis District,West Bountiful,660,74,Yes participating without using any Provision or the CEO,false
490021000870,West Clinton School,Davis District,Clinton,612,170,Yes participating without using any Provision or the CEO,false
490102000735,West Desert High School,Tintic District,Trout Creek,11,5,Yes under Community Eligibility Option (CEO),false
490102000561,West Desert School,Tintic District,Trout Creek,22,6,No,false
490120001604,West Field High School,Weber District,Ogden,1257,227,Yes participating without using any Provision or the CEO,false
490120001108,West Haven School,Weber District,West Haven,488,174,Yes participating without using any Provision or the CEO,false
490087000524,West High,Salt Lake District,Salt Lake City,2503,1332,Yes participating without using any Provision or the CEO,false
490042000428,West Hills Middle,Jordan District,West Jordan,1169,384,Yes participating without using any Provision or the CEO,false
490042000769,West Jordan High,Jordan District,West Jordan,1761,684,Yes participating without using any Provision or the CEO,false
490042000330,West Jordan Middle,Jordan District,West Jordan,1000,481,Yes participating without using any Provision or the CEO,false
490036000271,West Kearns School,Granite District,Kearns,548,316,Yes participating without using any Provision or the CEO,false
490036000272,West Lake Jr High,Granite District,West Valley City,724,465,Yes participating without using any Provision or the CEO,true
490021000923,West Point Jr High,Davis District,West Point,1551,250,Yes participating without using any Provision or the CEO,false
490021000155,West Point School,Davis District,West Point,658,79,Yes participating without using any Provision or the CEO,false
490105000579,West School,Tooele District,Tooele,297,118,Yes under Community Eligibility Option (CEO),false
490036000728,West Valley School,Granite District,West Valley City,764,287,Yes participating without using any Provision or the CEO,false
490120000646,West Weber School,Weber District,Ogden,632,164,Yes participating without using any Provision or the CEO,false
490003000704,Westfield School,Alpine District,Alpine,547,35,Yes participating without using any Provision or the CEO,false
490003001293,Westlake High,Alpine District,Saratoga Springs,3052,388,Yes participating without using any Provision or the CEO,false
490042000332,Westland School,Jordan District,West Jordan,595,190,Yes participating without using any Provision or the CEO,false
490003000034,Westmore School,Alpine District,Orem,543,316,Yes participating without using any Provision or the CEO,false
490081000730,Westridge School,Provo District,Provo,608,230,Yes participating without using any Provision or the CEO,false
490063000406,Westside School,Nebo District,Springville,640,238,Yes participating without using any Provision or the CEO,false
490042000331,Westvale School,Jordan District,West Jordan,462,251,Yes participating without using any Provision or the CEO,false
490012000080,White Pine School,Cache District,Richmond,425,167,Yes participating without using any Provision or the CEO,false
490090000667,Whitehorse High,San Juan District,Montezuma Creek,303,294,Yes under Community Eligibility Option (CEO),true
490021000156,Whitesides School,Davis District,Layton,396,171,Yes participating without using any Provision or the CEO,false
490087000525,Whittier School,Salt Lake District,Salt Lake City,500,287,Yes participating without using any Provision or the CEO,false
490036000274,Whittier School,Granite District,West Valley City,492,202,Yes participating without using any Provision or the CEO,false
490009000069,Willard School,Box Elder District,Willard,267,49,Yes participating without using any Provision or the CEO,false
490036000275,William Penn School,Granite District,Salt Lake City,615,103,Yes participating without using any Provision or the CEO,false
490014200333,Willow Canyon School,Canyons District,Sandy,303,66,Yes participating without using any Provision or the CEO,false
490105000776,Willow School,Tooele District,Grantsville,425,75,Yes participating without using any Provision or the CEO,false
490014201124,Willow Springs School,Canyons District,Draper,562,121,Yes participating without using any Provision or the CEO,false
490003001109,Willowcreek Middle,Alpine District,Lehi,1591,212,Yes participating without using any Provision or the CEO,false
490051000354,Wilson School,Logan City District,Logan,340,159,Yes participating without using any Provision or the CEO,false
490063000407,Wilson School,Nebo District,Payson,405,193,Yes participating without using any Provision or the CEO,false
490021000242,Windridge School,Davis District,Kaysville,492,45,Yes participating without using any Provision or the CEO,false
490003000035,Windsor School,Alpine District,Orem,598,276,Yes participating without using any Provision or the CEO,false
490016801444,Winter Sports School,Winter Sports School,Park City,105,,No,false
490036000276,Woodrow Wilson School,Granite District,Salt Lake City,656,,Yes under Community Eligibility Option (CEO),false
490051000355,Woodruff School,Logan City District,Logan,560,290,Yes participating without using any Provision or the CEO,false
490021000157,Woods Cross High,Davis District,Woods Cross,1555,293,Yes participating without using any Provision or the CEO,false
490021000140,Woods Cross School,Davis District,Woods Cross,532,135,Yes participating without using any Provision or the CEO,false
490036000277,Woodstock School,Granite District,Salt Lake City,625,155,Yes participating without using any Provision or the CEO,false
490009000367,Young Intermediate,Box Elder District,Brigham City,1003,334,Yes participating without using any Provision or the CEO,false
490036001399,Youth Educational Support School,Granite District,Salt Lake City,71,21,No,true
