nces_id,school_name,district_name,city_name,total_students,frl_eligible_students,national_school_lunch_program,admin_approved
510313002039,A. Henderson Elementary,Prince William County Public Schools,Dumfries,815,275,Yes participating without using any Provision or the CEO,false
510105000374,A.g. Richardson Elementary,Culpeper County Public Schools,Culpeper,563,312,Yes under Community Eligibility Option (CEO),false
510084000314,A.m. Davis Elementary,Chesterfield County Public Schools,North Chesterfield,708,535,Yes under Community Eligibility Option (CEO),false
510387001729,A.s. Rhodes Elementary,Warren County Public Schools,Front Royal,265,197,Yes under Community Eligibility Option (CEO),false
510180000725,A.w.e. Bassette Elementary,Hampton City Public Schools,Hampton,486,448,Yes under Community Eligibility Option (CEO),false
510381001645,Abb's Valley-Boissevain Elementary,Tazewell County Public Schools,Bluefield,144,129,Yes under Community Eligibility Option (CEO),false
510180000726,Aberdeen Elementary,Hampton City Public Schools,Hampton,482,435,Yes under Community Eligibility Option (CEO),false
510390001735,Abingdon Elementary,Washington County Public Schools,Abingdon,426,321,Yes under Community Eligibility Option (CEO),false
510027000081,Abingdon Elementary,Arlington County Public Schools,Arlington,768,442,Yes under Community Eligibility Option (CEO),false
510162000677,Abingdon Elementary,Gloucester County Public Schools,Hayes,455,299,Yes under Community Eligibility Option (CEO),false
510390001736,Abingdon High,Washington County Public Schools,Abingdon,914,678,Yes under Community Eligibility Option (CEO),false
510267003018,Academy for Discovery at Lakewood,Norfolk City Public Schools,Norfolk,739,739,Yes under Community Eligibility Option (CEO),false
510006001737,Accawmacke Elementary,Accomack County Public Schools,Accomac,453,469,Yes under Community Eligibility Option (CEO),false
510264002343,Achievable Dream Academy,Newport News City Public Schools,Newport News,641,643,Yes under Community Eligibility Option (CEO),false
510264002344,Achievable Dream Middle/High,Newport News City Public Schools,Newport News,498,495,Yes under Community Eligibility Option (CEO),true
510162000678,Achilles Elementary,Gloucester County Public Schools,Hayes,397,263,Yes under Community Eligibility Option (CEO),false
510212002151,Acquinton Elementary,King William County Public Schools,King William,472,224,Yes participating without using any Provision or the CEO,false
510330001412,Addison Aerospace Magnet Middle,Roanoke City Public Schools,Roanoke,540,525,Yes under Community Eligibility Option (CEO),true
510147002437,Admiral Richard E. Byrd Middle,Frederick County Public Schools,Winchester,853,309,Yes participating without using any Provision or the CEO,false
510009000002,Agnor Elementary,Albemarle County Public Schools,Charlottesville,523,371,Yes under Community Eligibility Option (CEO),false
510384001671,Alanton Elementary,Virginia Beach City Public Schools,Virginia Beach,632,426,Yes under Community Eligibility Option (CEO),false
510009000015,Albemarle High,Albemarle County Public Schools,Charlottesville,1964,608,Yes participating without using any Provision or the CEO,false
510240002616,Albert Harris Elementary,Martinsville City Public Schools,Martinsville,399,398,Yes under Community Eligibility Option (CEO),false
510324001351,Albert Hill Middle,Richmond City Public Schools,Richmond,505,504,Yes under Community Eligibility Option (CEO),true
510180000732,Albert W. Patrick III Elementary,Hampton City Public Schools,Hampton,394,364,Yes under Community Eligibility Option (CEO),false
510084000462,Alberta Smith Elementary,Chesterfield County Public Schools,Midlothian,671,515,Yes under Community Eligibility Option (CEO),false
510225000908,Aldie Elementary,Loudoun County Public Schools,Aldie,90,22,Yes participating without using any Provision or the CEO,false
510126000767,Aldrin Elementary,Fairfax County Public Schools,Reston,455,109,Yes participating without using any Provision or the CEO,false
510012000054,Alexandria City High,Alexandria City Public Schools,Alexandria,4655,3144,Yes under Community Eligibility Option (CEO),false
510180000727,Alfred S. Forrest Elementary,Hampton City Public Schools,Hampton,499,443,Yes under Community Eligibility Option (CEO),false
510225002153,Algonkian Elementary,Loudoun County Public Schools,Sterling,457,126,Yes participating without using any Provision or the CEO,false
510027000094,Alice West Fleet Elementary,Arlington County Public Schools,Arlington,629,249,Yes participating without using any Provision or the CEO,false
510015201883,Alleghany High,Alleghany Highlands Public Schools,Covington,818,669,Yes under Community Eligibility Option (CEO),false
510060000219,Altavista Elementary,Campbell County Public Schools,Altavista,497,388,Yes under Community Eligibility Option (CEO),false
510060000220,Altavista High,Campbell County Public Schools,Altavista,606,435,Yes under Community Eligibility Option (CEO),false
510018000062,Amelia County Elementary,Amelia County Public Schools,Amelia Court House,778,655,Yes under Community Eligibility Option (CEO),false
510018001828,Amelia County High,Amelia County Public Schools,Amelia Court House,516,428,Yes under Community Eligibility Option (CEO),false
510018000063,Amelia County Middle,Amelia County Public Schools,Amelia,306,257,Yes under Community Eligibility Option (CEO),false
510324001352,Amelia Street Special Education,Richmond City Public Schools,Richmond,,,Yes under Community Eligibility Option (CEO),true
510021000064,Amelon Elementary,Amherst County Public Schools,Madison Heights,415,347,Yes under Community Eligibility Option (CEO),false
510021000065,Amherst County High,Amherst County Public Schools,Amherst,1240,994,Yes under Community Eligibility Option (CEO),false
510021000067,Amherst Elementary,Amherst County Public Schools,Amherst,307,256,Yes under Community Eligibility Option (CEO),false
510021000066,Amherst Middle,Amherst County Public Schools,Amherst,371,307,Yes under Community Eligibility Option (CEO),false
510366001978,Andrew G. Wright Middle,Stafford County Public Schools,Stafford,851,282,Yes participating without using any Provision or the CEO,false
510346002045,Andrew Lewis Middle,Salem City Public Schools,Salem,839,376,Yes participating without using any Provision or the CEO,false
510126000423,Annandale High,Fairfax County Public Schools,Annandale,2161,1538,Yes under Community Eligibility Option (CEO),false
510126000424,Annandale Terrace Elementary,Fairfax County Public Schools,Annandale,680,655,Yes under Community Eligibility Option (CEO),false
510366001594,Anne E. Moncure Elementary,Stafford County Public Schools,Stafford,852,804,Yes under Community Eligibility Option (CEO),false
510366002601,Anthony Burns Elementary,Stafford County Public Schools,Stafford,730,484,Yes under Community Eligibility Option (CEO),false
510189002124,Anthony P. Mehfoud Elementary,Henrico County Public Schools,Richmond,330,296,Yes under Community Eligibility Option (CEO),false
510313002199,Antietam Elementary,Prince William County Public Schools,Woodbridge,752,529,Yes under Community Eligibility Option (CEO),false
510147000646,Apple Pie Ridge Elementary,Frederick County Public Schools,Winchester,393,257,Yes under Community Eligibility Option (CEO),false
510024000076,Appomattox County High,Appomattox County Public Schools,Appomattox,731,561,Yes under Community Eligibility Option (CEO),false
510024000077,Appomattox Elementary,Appomattox County Public Schools,Appomattox,539,428,Yes under Community Eligibility Option (CEO),false
510024000078,Appomattox Middle,Appomattox County Public Schools,Appomattox,542,422,Yes under Community Eligibility Option (CEO),false
510024000079,Appomattox Primary,Appomattox County Public Schools,Appomattox,609,470,Yes under Community Eligibility Option (CEO),false
510006002028,Arcadia High,Accomack County Public Schools,Oak Hall,688,675,Yes under Community Eligibility Option (CEO),true
510006002434,Arcadia Middle,Accomack County Public Schools,Oak Hall,469,462,Yes under Community Eligibility Option (CEO),true
510126000529,Archer Elementary,Fairfax County Public Schools,Vienna,543,76,Yes participating without using any Provision or the CEO,false
510225002762,Arcola Elementary,Loudoun County Public Schools,Aldie,748,182,Yes participating without using any Provision or the CEO,false
510027002875,Arlington Community High,Arlington County Public Schools,Arlington,156,,Yes participating without using any Provision or the CEO,true
510027003093,Arlington Science Focus School,Arlington County Public Schools,Arlington,632,104,Yes participating without using any Provision or the CEO,false
510027000104,Arlington Traditional,Arlington County Public Schools,Arlington,624,220,Yes participating without using any Provision or the CEO,false
510147000091,Armel Elementary,Frederick County Public Schools,Winchester,589,171,Yes participating without using any Provision or the CEO,false
510180000728,Armstrong Elementary,Hampton City Public Schools,Hampton,288,272,Yes under Community Eligibility Option (CEO),false
510126002058,Armstrong Elementary,Fairfax County Public Schools,Reston,357,69,Yes participating without using any Provision or the CEO,false
510324002082,Armstrong High,Richmond City Public Schools,Richmond,709,656,Yes under Community Eligibility Option (CEO),true
510384001673,Arrowhead Elementary,Virginia Beach City Public Schools,Virginia Beach,500,342,Yes under Community Eligibility Option (CEO),false
510189000869,Arthur Ashe Jr. Elementary,Henrico County Public Schools,Richmond,425,379,Yes under Community Eligibility Option (CEO),false
510369001610,Arthur R. Ware Elementary,Staunton City Public Schools,Staunton,372,310,Yes under Community Eligibility Option (CEO),false
510225000134,Ashburn Elementary,Loudoun County Public Schools,Ashburn,513,119,Yes participating without using any Provision or the CEO,false
510351001542,Ashby-Lee Elementary,Shenandoah County Public Schools,Quicksburg,692,590,Yes participating without using any Provision or the CEO,false
510183003147,Ashland Elementary,Hanover County Public Schools,Ashland,675,544,Yes under Community Eligibility Option (CEO),false
510313002302,Ashland Elementary,Prince William County Public Schools,Manassas,738,148,Yes participating without using any Provision or the CEO,false
510027000082,Ashlawn Elementary,Arlington County Public Schools,Arlington,553,129,Yes participating without using any Provision or the CEO,false
510352001556,Atkins Elementary,Smyth County Public Schools,Atkins,168,167,Yes under Community Eligibility Option (CEO),false
510183000114,Atlee High,Hanover County Public Schools,Mechanicsville,1470,286,Yes participating without using any Provision or the CEO,false
510252001859,Auburn Elementary,Montgomery County Public Schools,Riner,544,258,Yes participating without using any Provision or the CEO,false
510252001013,Auburn High,Montgomery County Public Schools,Riner,393,161,Yes participating without using any Provision or the CEO,false
510252001916,Auburn Middle,Montgomery County Public Schools,Riner,309,135,Yes participating without using any Provision or the CEO,false
510132002409,Auburn Middle,Fauquier County Public Schools,Warrenton,570,80,Yes participating without using any Provision or the CEO,false
510192002839,Axton Elementary,Henry County Public Schools,Axton,371,369,Yes under Community Eligibility Option (CEO),false
510267001078,Azalea Gardens Middle,Norfolk City Public Schools,Norfolk,792,695,Yes under Community Eligibility Option (CEO),false
510264001040,B.c. Charles Elementary,Newport News City Public Schools,Newport News,388,387,Yes under Community Eligibility Option (CEO),false
510081000280,B.m. Williams Primary,Chesapeake City Public Schools,Chesapeake,825,612,Yes under Community Eligibility Option (CEO),false
510264001041,B.t. Washington Middle,Newport News City Public Schools,Newport News,413,414,Yes under Community Eligibility Option (CEO),false
510333001442,Back Creek Elementary,Roanoke County Public Schools,Roanoke,274,61,Yes participating without using any Provision or the CEO,false
510075000262,Bacon District Elementary,Charlotte County Public Schools,Saxe,169,,Yes under Community Eligibility Option (CEO),false
510084000053,Bailey Bridge Middle,Chesterfield County Public Schools,Midlothian,1496,506,Yes participating without using any Provision or the CEO,false
510126000426,Bailey's Elementary School for the Arts and Sciences,Fairfax County Public Schools,Falls Church,814,589,Yes under Community Eligibility Option (CEO),false
510126003033,Bailey's Upper Elementary School for the Arts and Sciences,Fairfax County Public Schools,Falls Church,539,472,Yes under Community Eligibility Option (CEO),false
510009001937,Baker-Butler Elementary,Albemarle County Public Schools,Charlottesville,692,209,Yes participating without using any Provision or the CEO,false
510236000976,Baldwin Elementary,Manassas City Public Schools,Manassas,631,547,Yes under Community Eligibility Option (CEO),false
510236003034,Baldwin Intermediate,Manassas City Public Schools,Manassas,260,202,Yes under Community Eligibility Option (CEO),false
510225001143,Ball's Bluff Elementary,Loudoun County Public Schools,Leesburg,465,164,Yes participating without using any Provision or the CEO,false
510225000911,Banneker Elementary,Loudoun County Public Schools,Middleburg,139,59,Yes participating without using any Provision or the CEO,false
510324000381,Barack Obama Elementary,Richmond City Public Schools,Richmond,274,275,Yes under Community Eligibility Option (CEO),false
510027000083,Barcroft Elementary,Arlington County Public Schools,Arlington,495,283,Yes under Community Eligibility Option (CEO),false
510027000084,Barrett Elementary,Arlington County Public Schools,Arlington,500,285,Yes under Community Eligibility Option (CEO),false
510180000729,Barron Elementary,Hampton City Public Schools,Hampton,397,361,Yes under Community Eligibility Option (CEO),false
510147000647,Bass-Hoover Elementary,Frederick County Public Schools,Stephens City,615,282,Yes participating without using any Provision or the CEO,false
510192000837,Bassett High,Henry County Public Schools,Bassett,1098,1065,Yes under Community Eligibility Option (CEO),true
510033000139,Bath County High,Bath County Public Schools,Hot Springs,182,139,Yes under Community Eligibility Option (CEO),false
510364001584,Battlefield Elementary,Spotsylvania County Public Schools,Fredericksburg,665,488,Yes under Community Eligibility Option (CEO),false
510313002457,Battlefield High,Prince William County Public Schools,Haymarket,2063,298,Yes participating without using any Provision or the CEO,false
510364001585,Battlefield Middle,Spotsylvania County Public Schools,Fredericksburg,780,554,Yes under Community Eligibility Option (CEO),false
510183000764,Battlefield Park Elementary,Hanover County Public Schools,Mechanicsville,407,108,Yes participating without using any Provision or the CEO,false
510267001081,Bay View Elementary,Norfolk City Public Schools,Norfolk,500,506,Yes under Community Eligibility Option (CEO),false
510384002979,Bayside 6th Grade Campus,Virginia Beach City Public Schools,Virginia Beach,329,328,Yes under Community Eligibility Option (CEO),false
510384001674,Bayside Elementary,Virginia Beach City Public Schools,Virginia Beach,546,470,Yes under Community Eligibility Option (CEO),false
510384001675,Bayside High,Virginia Beach City Public Schools,Virginia Beach,1984,1641,Yes under Community Eligibility Option (CEO),false
510384001676,Bayside Middle,Virginia Beach City Public Schools,Virginia Beach,628,605,Yes under Community Eligibility Option (CEO),true
510183000765,Beaverdam Elementary,Hanover County Public Schools,Beaverdam,339,147,Yes participating without using any Provision or the CEO,false
510036002141,Bedford Elementary,Bedford County Public Schools,Bedford,448,451,Yes under Community Eligibility Option (CEO),false
510234000952,Bedford Hills Elementary,Lynchburg City Public Schools,Lynchburg,402,394,Yes under Community Eligibility Option (CEO),false
510036000144,Bedford Primary,Bedford County Public Schools,Bedford,266,274,Yes under Community Eligibility Option (CEO),false
510126000428,Beech Tree Elementary,Fairfax County Public Schools,Falls Church,366,260,Yes under Community Eligibility Option (CEO),false
510313001285,Bel Air Elementary,Prince William County Public Schools,Woodbridge,391,276,Yes under Community Eligibility Option (CEO),false
510342001512,Belfast Elementary,Russell County Public Schools,Rosedale,141,129,Yes under Community Eligibility Option (CEO),false
510183000780,Bell Creek Middle,Hanover County Public Schools,Mechanicsville,903,364,Yes participating without using any Provision or the CEO,false
510318001342,Belle Heth Elementary,Radford City Public Schools,Radford,473,378,Yes under Community Eligibility Option (CEO),false
510126000429,Belle View Elementary,Fairfax County Public Schools,Alexandria,419,158,Yes participating without using any Provision or the CEO,false
510324001860,Bellevue Elementary,Richmond City Public Schools,Richmond,206,205,Yes under Community Eligibility Option (CEO),false
510084000315,Bellwood Elementary,Chesterfield County Public Schools,North Chesterfield,493,378,Yes under Community Eligibility Option (CEO),false
510313001286,Belmont Elementary,Prince William County Public Schools,Woodbridge,492,350,Yes under Community Eligibility Option (CEO),false
510225002414,Belmont Ridge Middle,Loudoun County Public Schools,Leesburg,1071,231,Yes participating without using any Provision or the CEO,false
510225002449,Belmont Station Elementary,Loudoun County Public Schools,Ashburn,605,119,Yes participating without using any Provision or the CEO,false
510126000061,Belvedere Elementary,Fairfax County Public Schools,Falls Church,606,340,Yes participating without using any Provision or the CEO,false
510252001014,Belview Elementary,Montgomery County Public Schools,Radford,245,147,Yes participating without using any Provision or the CEO,false
510144002187,Benjamin Franklin Middle,Franklin County Public Schools,Rocky Mount,1382,1191,Yes under Community Eligibility Option (CEO),false
510180000730,Benjamin Syms Middle,Hampton City Public Schools,Hampton,850,615,Yes under Community Eligibility Option (CEO),true
510313001402,Bennett Elementary,Prince William County Public Schools,Manassas,746,276,Yes participating without using any Provision or the CEO,false
510084000316,Bensley Elementary,Chesterfield County Public Schools,North Chesterfield,615,477,Yes under Community Eligibility Option (CEO),false
510364001586,Berkeley Elementary,Spotsylvania County Public Schools,Spotsylvania,275,213,Yes under Community Eligibility Option (CEO),false
510393001754,Berkeley Glenn Elementary,Waynesboro City Public Schools,Waynesboro,256,243,Yes under Community Eligibility Option (CEO),false
510402001770,Berkeley Middle,Williamsburg-James City County Public Schools,Williamsburg,666,433,Yes under Community Eligibility Option (CEO),false
510267001092,Berkley/Campostella Early Childhood Education Center,Norfolk City Public Schools,Norfolk,165,168,Yes under Community Eligibility Option (CEO),false
510369001604,Bessie Weller Elementary,Staunton City Public Schools,Staunton,373,310,Yes under Community Eligibility Option (CEO),false
510162001616,Bethel Elementary,Gloucester County Public Schools,Gloucester,494,329,Yes under Community Eligibility Option (CEO),false
510180000731,Bethel High,Hampton City Public Schools,Hampton,1769,1640,Yes under Community Eligibility Option (CEO),false
510415001811,Bethel Manor Elementary,York County Public Schools,Langley A F B,631,287,Yes participating without using any Provision or the CEO,false
510084000762,Bettie Weaver Elementary,Chesterfield County Public Schools,Midlothian,605,23,Yes participating without using any Provision or the CEO,false
510084000317,Beulah Elementary,Chesterfield County Public Schools,North Chesterfield,902,695,Yes under Community Eligibility Option (CEO),false
510036000145,Big Island Elementary,Bedford County Public Schools,Big Island,182,150,Yes under Community Eligibility Option (CEO),false
510384002085,Birdneck Elementary,Virginia Beach City Public Schools,Virginia Beach,584,451,Yes under Community Eligibility Option (CEO),false
510252001016,Blacksburg High,Montgomery County Public Schools,Blacksburg,1325,319,Yes participating without using any Provision or the CEO,false
510252001017,Blacksburg Middle,Montgomery County Public Schools,Blacksburg,958,259,Yes participating without using any Provision or the CEO,false
510279001166,Blackstone Primary,Nottoway County Public Schools,Blackstone,371,370,Yes under Community Eligibility Option (CEO),false
510324001357,Blackwell Elementary,Richmond City Public Schools,Richmond,420,415,Yes under Community Eligibility Option (CEO),false
510267001082,Blair Middle,Norfolk City Public Schools,Norfolk,1141,1064,Yes under Community Eligibility Option (CEO),false
510039003002,Bland County Elementary,Bland County Public Schools,Bland,301,227,Yes under Community Eligibility Option (CEO),false
510039003009,Bland County High,Bland County Public Schools,Rocky Gap,517,274,Yes under Community Eligibility Option (CEO),false
510288001185,Blue Ridge Elementary,Patrick County Public Schools,Ararat,223,218,Yes under Community Eligibility Option (CEO),false
510225000912,Blue Ridge Middle,Loudoun County Public Schools,Purcellville,714,122,Yes participating without using any Provision or the CEO,false
510186003043,Bluestone Elementary,Harrisonburg City Public Schools,Harrisonburg,566,481,Yes under Community Eligibility Option (CEO),false
510084000318,Bon Air Elementary,Chesterfield County Public Schools,Bon Air,488,370,Yes under Community Eligibility Option (CEO),false
510126002116,Bonnie Brae Elementary,Fairfax County Public Schools,Fairfax,718,177,Yes participating without using any Provision or the CEO,false
510333001919,Bonsack Elementary,Roanoke County Public Schools,Roanoke,311,70,Yes participating without using any Provision or the CEO,false
510267001079,Booker T Washington High,Norfolk City Public Schools,Norfolk,904,838,Yes under Community Eligibility Option (CEO),true
510371001613,Booker T. Washington Elementary,Suffolk City Public Schools,Suffolk,362,255,Yes under Community Eligibility Option (CEO),false
510144000632,Boones Mill Elementary,Franklin County Public Schools,Boones Mill,290,248,Yes under Community Eligibility Option (CEO),false
510036000147,Boonsboro Elementary,Bedford County Public Schools,Lynchburg,309,82,Yes participating without using any Provision or the CEO,false
510162000679,Botetourt Elementary,Gloucester County Public Schools,Gloucester,505,339,Yes under Community Eligibility Option (CEO),false
510066000237,Bowling Green Elementary,Caroline County Public Schools,Milford,837,678,Yes under Community Eligibility Option (CEO),false
510087000352,Boyce Elementary,Clarke County Public Schools,Boyce,281,97,Yes participating without using any Provision or the CEO,false
510126000431,Braddock Elementary,Fairfax County Public Schools,Annandale,955,792,Yes under Community Eligibility Option (CEO),false
510225003036,Brambleton Middle,Loudoun County Public Schools,Ashburn,1164,137,Yes participating without using any Provision or the CEO,false
510384001677,Brandon Middle,Virginia Beach City Public Schools,Virginia Beach,1053,710,Yes under Community Eligibility Option (CEO),false
510042000166,Breckinridge Elementary,Botetourt County Public Schools,Fincastle,211,77,Yes participating without using any Provision or the CEO,false
510330001413,Breckinridge Middle,Roanoke City Public Schools,Roanoke,733,734,Yes under Community Eligibility Option (CEO),true
510126000073,Bren Mar Park Elementary,Fairfax County Public Schools,Alexandria,490,344,Yes under Community Eligibility Option (CEO),false
510313001288,Brentsville District High,Prince William County Public Schools,Nokesville,855,220,Yes participating without using any Provision or the CEO,false
510225002451,Briar Woods High,Loudoun County Public Schools,Ashburn,1862,238,Yes participating without using any Provision or the CEO,false
510300002472,Brighton Elementary,Portsmouth City Public Schools,Portsmouth,483,480,Yes under Community Eligibility Option (CEO),false
510313001867,Bristow Run Elementary,Prince William County Public Schools,Bristow,562,161,Yes participating without using any Provision or the CEO,false
510324001861,Broad Rock Elementary,Richmond City Public Schools,Richmond,612,608,Yes under Community Eligibility Option (CEO),false
510225000913,Broad Run High,Loudoun County Public Schools,Ashburn,1558,473,Yes participating without using any Provision or the CEO,false
510009000017,Broadus Wood Elementary,Albemarle County Public Schools,Earlysville,282,50,Yes participating without using any Provision or the CEO,false
510339001492,Broadway High,Rockingham County Public Schools,Broadway,932,397,Yes participating without using any Provision or the CEO,false
510364000263,Brock Road Elementary,Spotsylvania County Public Schools,Spotsylvania,651,215,Yes participating without using any Provision or the CEO,false
510366000591,Brooke Point High,Stafford County Public Schools,Stafford,2199,945,Yes participating without using any Provision or the CEO,false
510126000433,Brookfield Elementary,Fairfax County Public Schools,Chantilly,684,560,Yes under Community Eligibility Option (CEO),false
510189000790,Brookland Middle,Henrico County Public Schools,Richmond,1034,934,Yes under Community Eligibility Option (CEO),false
510060002834,Brookneal Elementary,Campbell County Public Schools,Brookneal,410,326,Yes under Community Eligibility Option (CEO),false
510060000223,Brookville High,Campbell County Public Schools,Lynchburg,1017,730,Yes under Community Eligibility Option (CEO),false
510060000224,Brookville Middle,Campbell County Public Schools,Lynchburg,648,503,Yes under Community Eligibility Option (CEO),false
510384001678,Brookwood Elementary,Virginia Beach City Public Schools,Virginia Beach,574,390,Yes under Community Eligibility Option (CEO),false
510294002454,Brosville Elementary,Pittsylvania County Public Schools,Danville,219,194,Yes under Community Eligibility Option (CEO),false
510009000018,Brownsville Elementary,Albemarle County Public Schools,Crozet,530,73,Yes participating without using any Provision or the CEO,false
510048000183,Brunswick High,Brunswick County Public Schools,Lawrenceville,404,410,Yes under Community Eligibility Option (CEO),true
510415001812,Bruton High,York County Public Schools,Williamsburg,723,242,Yes participating without using any Provision or the CEO,false
510126000497,Bryant High,Fairfax County Public Schools,Alexandria,154,114,Yes participating without using any Provision or the CEO,false
510042000167,Buchanan Elementary,Botetourt County Public Schools,Buchanan,276,193,Yes under Community Eligibility Option (CEO),false
510054002870,Buckingham Co Elementary,Buckingham County Public Schools,Dillwyn,351,349,Yes under Community Eligibility Option (CEO),false
510054002867,Buckingham Co Prekindergarten Center,Buckingham County Public Schools,Buckingham,103,102,Yes under Community Eligibility Option (CEO),false
510054002869,Buckingham Co Primary,Buckingham County Public Schools,Dillwyn,361,357,Yes under Community Eligibility Option (CEO),false
510054000210,Buckingham County High,Buckingham County Public Schools,Buckingham,646,629,Yes under Community Eligibility Option (CEO),false
510054000209,Buckingham County Middle,Buckingham County Public Schools,Buckingham,407,400,Yes under Community Eligibility Option (CEO),false
510313002588,Buckland Mills Elementary,Prince William County Public Schools,Gainesville,735,222,Yes participating without using any Provision or the CEO,false
510126000435,Bucknell Elementary,Fairfax County Public Schools,Alexandria,319,254,Yes under Community Eligibility Option (CEO),false
510030000117,Buffalo Gap High,Augusta County Public Schools,Swoope,410,241,Yes under Community Eligibility Option (CEO),false
510030003141,Buffalo Gap Middle,Augusta County Public Schools,Swoope,285,166,Yes under Community Eligibility Option (CEO),false
510225002832,Buffalo Trail Elementary,Loudoun County Public Schools,Aldie,756,92,Yes participating without using any Provision or the CEO,false
510078000271,Buford Middle,Charlottesville City Public Schools,Charlottesville,563,418,Yes under Community Eligibility Option (CEO),false
510126002820,Bull Run Early Childhood Resource Center,Fairfax County Public Schools,Centreville,236,,No,false
510126001904,Bull Run Elementary,Fairfax County Public Schools,Centreville,766,368,Yes participating without using any Provision or the CEO,false
510313002303,Bull Run Middle,Prince William County Public Schools,Gainesville,1129,445,Yes participating without using any Provision or the CEO,false
510333001444,Burlington Elementary,Roanoke County Public Schools,Roanoke,530,477,Yes under Community Eligibility Option (CEO),false
510078000272,Burnley-Moran Elementary,Charlottesville City Public Schools,Charlottesville,299,223,Yes under Community Eligibility Option (CEO),false
510126000438,Bush Hill Elementary,Fairfax County Public Schools,Alexandria,673,182,Yes participating without using any Provision or the CEO,false
510081000457,Butts Road Intermediate,Chesapeake City Public Schools,Chesapeake,579,74,Yes participating without using any Provision or the CEO,false
510081000281,Butts Road Primary,Chesapeake City Public Schools,Chesapeake,498,63,Yes participating without using any Provision or the CEO,false
510165000683,Byrd Elementary,Goochland County Public Schools,Goochland,281,107,Yes participating without using any Provision or the CEO,false
510180000734,C. Alton Lindsay Middle,Hampton City Public Schools,Hampton,612,490,Yes under Community Eligibility Option (CEO),true
510132002185,C. Hunter Ritchie Elementary,Fauquier County Public Schools,New Baltimore,525,97,Yes participating without using any Provision or the CEO,false
510313001289,C.a. Sinclair Elementary,Prince William County Public Schools,Manassas,636,449,Yes under Community Eligibility Option (CEO),false
510084000319,C.c. Wells Elementary,Chesterfield County Public Schools,Chester,606,467,Yes under Community Eligibility Option (CEO),false
510313000186,C.d. Hylton High,Prince William County Public Schools,Woodbridge,1859,1270,Yes under Community Eligibility Option (CEO),false
510084000320,C.e. Curtis Elementary,Chesterfield County Public Schools,Chester,767,589,Yes under Community Eligibility Option (CEO),false
510132000604,C.m. Bradley Elementary,Fauquier County Public Schools,Warrenton,362,112,Yes participating without using any Provision or the CEO,false
510015201885,Callaghan Elementary,Alleghany Highlands Public Schools,Covington,270,225,Yes under Community Eligibility Option (CEO),false
510144000634,Callaway Elementary,Franklin County Public Schools,Callaway,185,163,Yes under Community Eligibility Option (CEO),false
510126000439,Camelot Elementary,Fairfax County Public Schools,Annandale,602,231,Yes participating without using any Provision or the CEO,false
510081000282,Camelot Elementary,Chesapeake City Public Schools,Chesapeake,491,380,Yes under Community Eligibility Option (CEO),false
510126000440,Cameron Elementary,Fairfax County Public Schools,Alexandria,606,531,Yes under Community Eligibility Option (CEO),false
510267001084,Camp Allen Elementary,Norfolk City Public Schools,Norfolk,405,404,Yes under Community Eligibility Option (CEO),false
510192000838,Campbell Court Elementary,Henry County Public Schools,Bassett,249,250,Yes under Community Eligibility Option (CEO),false
510027001940,Campbell Elementary,Arlington County Public Schools,Arlington,403,229,Yes under Community Eligibility Option (CEO),false
510126000441,Canterbury Woods Elementary,Fairfax County Public Schools,Annandale,735,97,Yes participating without using any Provision or the CEO,false
510360001573,Capron Elementary,Southampton County Public Schools,Capron,176,160,Yes under Community Eligibility Option (CEO),false
510180000735,Captain John Smith Elementary,Hampton City Public Schools,Hampton,374,349,Yes under Community Eligibility Option (CEO),false
510027000101,Cardinal Elementary,Arlington County Public Schools,Arlington,682,46,Yes participating without using any Provision or the CEO,false
510324001361,Cardinal Elementary,Richmond City Public Schools,Richmond,821,818,Yes under Community Eligibility Option (CEO),false
510126000442,Cardinal Forest Elementary,Fairfax County Public Schools,Springfield,680,212,Yes participating without using any Provision or the CEO,false
510225002980,Cardinal Ridge Elementary,Loudoun County Public Schools,Centreville,834,158,Yes participating without using any Provision or the CEO,false
510027000093,Carlin Springs Elementary,Arlington County Public Schools,Arlington,534,307,Yes under Community Eligibility Option (CEO),false
510066000238,Caroline High,Caroline County Public Schools,Milford,1315,1056,Yes under Community Eligibility Option (CEO),true
510066000051,Caroline Middle,Caroline County Public Schools,Milford,983,799,Yes under Community Eligibility Option (CEO),false
510069000242,Carroll County High,Carroll County Public Schools,Hillsville,1033,923,Yes under Community Eligibility Option (CEO),false
510069000257,Carroll County Middle,Carroll County Public Schools,Hillsville,747,685,Yes under Community Eligibility Option (CEO),false
510201000547,Carrollton Elementary,Isle of Wight County Public Schools,Carrollton,569,212,Yes participating without using any Provision or the CEO,false
510201000872,Carrsville Elementary,Isle of Wight County Public Schools,Carrsville,232,161,Yes under Community Eligibility Option (CEO),false
510126001756,Carson Middle,Fairfax County Public Schools,Herndon,1358,279,Yes participating without using any Provision or the CEO,false
510198000865,Carter G. Woodson Middle,Hopewell City Public Schools,Hopewell,803,811,Yes under Community Eligibility Option (CEO),true
510084001605,Carver College and Career Academy,Chesterfield County Public Schools,Chester,272,205,Yes under Community Eligibility Option (CEO),false
510264001043,Carver Elementary,Newport News City Public Schools,Newport News,634,642,Yes under Community Eligibility Option (CEO),false
510084000321,Carver Middle,Chesterfield County Public Schools,Chester,970,727,Yes under Community Eligibility Option (CEO),false
510138000622,Carysbrook Elementary,Fluvanna County Public Schools,Fork Union,457,278,Yes under Community Eligibility Option (CEO),false
510189000794,Cashell Donahoe Elementary,Henrico County Public Schools,Sandston,526,469,Yes under Community Eligibility Option (CEO),false
510030000118,Cassell Elementary,Augusta County Public Schools,Waynesboro,634,451,Yes under Community Eligibility Option (CEO),false
510342001513,Castlewood Elementary,Russell County Public Schools,Castlewood,354,324,Yes under Community Eligibility Option (CEO),false
510342001514,Castlewood High,Russell County Public Schools,Castlewood,285,260,Yes under Community Eligibility Option (CEO),true
510225000914,Catoctin Elementary,Loudoun County Public Schools,Leesburg,601,165,Yes participating without using any Provision or the CEO,false
510333001446,Cave Spring Elementary,Roanoke County Public Schools,Roanoke,489,113,Yes participating without using any Provision or the CEO,false
510333001447,Cave Spring High,Roanoke County Public Schools,Roanoke,1046,284,Yes participating without using any Provision or the CEO,false
510333001448,Cave Spring Middle,Roanoke County Public Schools,Roanoke,746,227,Yes participating without using any Provision or the CEO,false
510381001648,Cedar Bluff Elementary,Tazewell County Public Schools,Cedar Bluff,308,282,Yes under Community Eligibility Option (CEO),false
510364002768,Cedar Forest Elementary,Spotsylvania County Public Schools,Fredericksburg,789,514,Yes under Community Eligibility Option (CEO),false
510225001915,Cedar Lane Elementary,Loudoun County Public Schools,Ashburn,701,160,Yes participating without using any Provision or the CEO,false
510132000605,Cedar Lee Middle,Fauquier County Public Schools,Bealeton,861,411,Yes participating without using any Provision or the CEO,false
510313002304,Cedar Point Elementary,Prince William County Public Schools,Bristow,510,120,Yes participating without using any Provision or the CEO,false
510081001483,Cedar Road Elementary,Chesapeake City Public Schools,Chesapeake,988,175,Yes participating without using any Provision or the CEO,false
510384002010,Centerville Elementary,Virginia Beach City Public Schools,Virginia Beach,570,160,Yes participating without using any Provision or the CEO,false
510042000164,Central Academy Middle,Botetourt County Public Schools,Fincastle,364,121,Yes participating without using any Provision or the CEO,false
510021000068,Central Elementary,Amherst County Public Schools,Amherst,268,222,Yes under Community Eligibility Option (CEO),false
510337001479,Central Elementary,Rockbridge County Public Schools,Lexington,466,400,Yes under Community Eligibility Option (CEO),false
510138002868,Central Elementary,Fluvanna County Public Schools,Palmyra,751,455,Yes under Community Eligibility Option (CEO),false
510207000878,Central High,King and Queen County Public Schools,King And Queen C H,265,283,Yes under Community Eligibility Option (CEO),true
510408001789,Central High,Wise County Public Schools,Norton,676,613,Yes under Community Eligibility Option (CEO),false
510231000944,Central High,Lunenburg County Public Schools,Victoria,464,433,Yes under Community Eligibility Option (CEO),true
510351001543,Central High,Shenandoah County Public Schools,Woodstock,728,608,Yes under Community Eligibility Option (CEO),false
510075000264,Central Middle,Charlotte County Public Schools,Charlotte Court House,381,340,Yes under Community Eligibility Option (CEO),false
510126002183,Centre Ridge Elementary,Fairfax County Public Schools,Centreville,635,464,Yes under Community Eligibility Option (CEO),false
510126000775,Centreville Elementary,Fairfax County Public Schools,Centreville,741,274,Yes participating without using any Provision or the CEO,false
510126002114,Centreville High,Fairfax County Public Schools,Clifton,2347,731,Yes participating without using any Provision or the CEO,false
510180000744,Cesar Tarrant Middle,Hampton City Public Schools,Hampton,737,610,Yes under Community Eligibility Option (CEO),true
510189000792,Chamberlayne Elementary,Henrico County Public Schools,Richmond,389,347,Yes under Community Eligibility Option (CEO),false
510364001587,Chancellor Elementary,Spotsylvania County Public Schools,Fredericksburg,440,99,Yes participating without using any Provision or the CEO,false
510364002134,Chancellor High,Spotsylvania County Public Schools,Fredericksburg,1321,936,Yes under Community Eligibility Option (CEO),false
510364002165,Chancellor Middle,Spotsylvania County Public Schools,Fredericksburg,799,576,Yes under Community Eligibility Option (CEO),false
510126000059,Chantilly High,Fairfax County Public Schools,Chantilly,2937,608,Yes participating without using any Provision or the CEO,false
510012000038,Charles Barrett Elementary,Alexandria City Public Schools,Alexandria,547,281,Yes participating without using any Provision or the CEO,false
510072000260,Charles City County Elementary,Charles City County Public Schools,Charles City,302,306,Yes under Community Eligibility Option (CEO),false
510072000258,Charles City County High,Charles City County Public Schools,Charles City,221,222,Yes under Community Eligibility Option (CEO),false
510313003025,Charles J. Colgan Sr. High,Prince William County Public Schools,Manassas,2956,847,Yes participating without using any Provision or the CEO,false
510189000789,Charles M. Johnson Elementary,Henrico County Public Schools,Richmond,423,380,Yes under Community Eligibility Option (CEO),false
510078000273,Charlottesville High,Charlottesville City Public Schools,Charlottesville,1438,949,Yes under Community Eligibility Option (CEO),false
510246001002,Chase City Elementary,Mecklenburg County Public Schools,Chase City,396,376,Yes under Community Eligibility Option (CEO),false
510294001209,Chatham Elementary,Pittsylvania County Public Schools,Chatham,236,203,Yes under Community Eligibility Option (CEO),false
510294001210,Chatham High,Pittsylvania County Public Schools,Chatham,609,515,Yes under Community Eligibility Option (CEO),false
510294001208,Chatham Middle,Pittsylvania County Public Schools,Chatham,406,346,Yes under Community Eligibility Option (CEO),true
510135000617,Check Elementary,Floyd County Public Schools,Check,277,227,Yes under Community Eligibility Option (CEO),false
510126001992,Cherry Run Elementary,Fairfax County Public Schools,Burke,481,38,Yes participating without using any Provision or the CEO,false
510084003085,Chester Early Childhood Learning Academy,Chesterfield County Public Schools,Chester,326,264,Yes under Community Eligibility Option (CEO),false
510126000448,Chesterbrook Elementary,Fairfax County Public Schools,McLean,557,14,Yes participating without using any Provision or the CEO,false
510267001088,Chesterfield Elementary,Norfolk City Public Schools,Norfolk,325,327,Yes under Community Eligibility Option (CEO),false
510084003097,Chesterfield Virtual School,Chesterfield County Public Schools,Chesterfield,440,,No,false
510183002191,Chickahominy Middle,Hanover County Public Schools,Mechanicsville,1199,247,Yes participating without using any Provision or the CEO,false
510352001557,Chilhowie Elementary,Smyth County Public Schools,Chiilhowie,589,589,Yes under Community Eligibility Option (CEO),false
510352001558,Chilhowie High,Smyth County Public Schools,Chilhowie,384,388,Yes under Community Eligibility Option (CEO),false
510352001441,Chilhowie Middle,Smyth County Public Schools,Chilhowie,273,277,Yes under Community Eligibility Option (CEO),false
510324001359,Chimborazo Elementary,Richmond City Public Schools,Richmond,403,401,Yes under Community Eligibility Option (CEO),false
510006000006,Chincoteague Elementary,Accomack County Public Schools,Chincoteague,241,239,Yes under Community Eligibility Option (CEO),false
510006000007,Chincoteague High,Accomack County Public Schools,Chincoteague,271,261,Yes under Community Eligibility Option (CEO),false
510313003021,Chris Yung Elementary,Prince William County Public Schools,Bristow,719,509,Yes under Community Eligibility Option (CEO),false
510252002126,Christiansburg Elementary,Montgomery County Public Schools,Christiansburg,401,171,Yes participating without using any Provision or the CEO,false
510252001019,Christiansburg High,Montgomery County Public Schools,Christiansburg,1072,397,Yes participating without using any Provision or the CEO,false
510252001020,Christiansburg Middle,Montgomery County Public Schools,Christiansburg,778,303,Yes participating without using any Provision or the CEO,false
510252001021,Christiansburg Primary,Montgomery County Public Schools,Christiansburg,346,175,Yes participating without using any Provision or the CEO,false
510180000737,Christopher C. Kraft Elementary,Hampton City Public Schools,Hampton,452,417,Yes under Community Eligibility Option (CEO),false
510384001656,Christopher Farms Elementary,Virginia Beach City Public Schools,Virginia Beach,626,230,Yes participating without using any Provision or the CEO,false
510126000449,Churchill Road Elementary,Fairfax County Public Schools,McLean,635,13,Yes participating without using any Provision or the CEO,false
510300002069,Churchland Academy Elementary,Portsmouth City Public Schools,Portsmouth,626,739,Yes under Community Eligibility Option (CEO),false
510300001239,Churchland Elementary,Portsmouth City Public Schools,Portsmouth,721,718,Yes under Community Eligibility Option (CEO),false
510300000375,Churchland High,Portsmouth City Public Schools,Portsmouth,1453,1459,Yes under Community Eligibility Option (CEO),false
510300001241,Churchland Middle,Portsmouth City Public Schools,Portsmouth,798,802,Yes under Community Eligibility Option (CEO),false
510300002829,Churchland Preschool Center,Portsmouth City Public Schools,Portsmouth,112,,No,false
510300001242,Churchland Primary & Intermediate,Portsmouth City Public Schools,Portsmouth,503,505,Yes under Community Eligibility Option (CEO),false
510030000119,Churchville Elementary,Augusta County Public Schools,Churchville,448,299,Yes under Community Eligibility Option (CEO),false
510402002170,Clara Byrd Baker Elementary,Williamsburg-James City County Public Schools,Williamsburg,457,205,Yes participating without using any Provision or the CEO,false
510027002404,Claremont Immersion,Arlington County Public Schools,Arlington,595,225,Yes participating without using any Provision or the CEO,false
510087002100,Clarke County High,Clarke County Public Schools,Berryville,683,179,Yes participating without using any Provision or the CEO,false
510246001004,Clarksville Elementary,Mecklenburg County Public Schools,Skipwith,432,411,Yes under Community Eligibility Option (CEO),false
510132000610,Claude Thompson Elementary,Fauquier County Public Schools,Marshall,254,191,Yes under Community Eligibility Option (CEO),false
510177000710,Clays Mill Elementary,Halifax County Public Schools,Scottsburg,236,236,Yes under Community Eligibility Option (CEO),false
510333001449,Clearbrook Elementary,Roanoke County Public Schools,Roanoke,320,128,Yes participating without using any Provision or the CEO,false
510240002618,Clearview Early Learning Center,Martinsville City Public Schools,Martinsville,110,110,Yes under Community Eligibility Option (CEO),false
510126001836,Clearview Elementary,Fairfax County Public Schools,Herndon,580,349,Yes participating without using any Provision or the CEO,false
510126000450,Clermont Elementary,Fairfax County Public Schools,Alexandria,549,83,Yes participating without using any Provision or the CEO,false
510084002055,Clover Hill Elementary,Chesterfield County Public Schools,Midlothian,866,284,Yes participating without using any Provision or the CEO,false
510084000324,Clover Hill High,Chesterfield County Public Schools,Midlothian,1742,564,Yes participating without using any Provision or the CEO,false
510042000168,Cloverdale Elementary,Botetourt County Public Schools,Cloverdale,234,77,Yes participating without using any Provision or the CEO,false
510177002745,Cluster Springs Elementary,Halifax County Public Schools,Alton,572,576,Yes under Community Eligibility Option (CEO),false
510126002800,Coates Elementary,Fairfax County Public Schools,Herndon,996,714,Yes under Community Eligibility Option (CEO),false
510408001787,Coeburn Middle,Wise County Public Schools,Coeburn,304,282,Yes under Community Eligibility Option (CEO),false
510408001788,Coeburn Primary,Wise County Public Schools,Coeburn,420,368,Yes under Community Eligibility Option (CEO),false
510183001995,Cold Harbor Elementary,Hanover County Public Schools,Mechanicsville,495,219,Yes participating without using any Provision or the CEO,false
510267001089,Coleman Place Elementary,Norfolk City Public Schools,Norfolk,551,549,Yes under Community Eligibility Option (CEO),false
510313001290,Coles Elementary,Prince William County Public Schools,Manassas,431,313,Yes under Community Eligibility Option (CEO),false
510384001680,College Park Elementary,Virginia Beach City Public Schools,Virginia Beach,496,498,Yes under Community Eligibility Option (CEO),false
510371003058,Colonel Fred Cherry Middle,Suffolk City Public Schools,Suffolk,736,506,Yes under Community Eligibility Option (CEO),false
510093001956,Colonial Beach Elementary,Colonial Beach Public Schools,Colonial Beach,367,338,Yes under Community Eligibility Option (CEO),false
510093001957,Colonial Beach High,Colonial Beach Public Schools,Colonial Beach,226,203,Yes under Community Eligibility Option (CEO),true
510042000169,Colonial Elementary,Botetourt County Public Schools,Troutville,439,158,Yes participating without using any Provision or the CEO,false
510366001923,Colonial Forge High,Stafford County Public Schools,Stafford,2122,654,Yes participating without using any Provision or the CEO,false
510096000361,Colonial Heights High,Colonial Heights City Public Schools,Colonial Heights,886,861,Yes under Community Eligibility Option (CEO),false
510096000362,Colonial Heights Middle,Colonial Heights City Public Schools,Colonial Heights,700,689,Yes under Community Eligibility Option (CEO),false
510189002756,Colonial Trail Elementary,Henrico County Public Schools,Glen Allen,710,153,Yes participating without using any Provision or the CEO,false
510126000452,Columbia Elementary,Fairfax County Public Schools,Annandale,377,157,Yes participating without using any Provision or the CEO,false
510126002333,Colvin Run Elementary,Fairfax County Public Schools,Vienna,750,22,Yes participating without using any Provision or the CEO,false
510009000030,Community Lab School,Albemarle County Public Schools,Charlottesville,177,9,Yes participating without using any Provision or the CEO,false
510060000226,Concord Elementary,Campbell County Public Schools,Concord,406,320,Yes under Community Eligibility Option (CEO),false
510366002465,Conway Elementary,Stafford County Public Schools,Fredericksburg,904,427,Yes participating without using any Provision or the CEO,false
510225002154,Cool Spring Elementary,Loudoun County Public Schools,Leesburg,591,317,Yes participating without using any Provision or the CEO,false
510183001617,Cool Spring Elementary,Hanover County Public Schools,Mechanicsville,852,118,Yes participating without using any Provision or the CEO,false
510291001202,Cool Spring Elementary,Petersburg City Public Schools,Petersburg,540,509,Yes under Community Eligibility Option (CEO),false
510212002339,Cool Spring Primary,King William County Public Schools,King William,512,230,Yes participating without using any Provision or the CEO,false
510126000453,Cooper Middle,Fairfax County Public Schools,McLean,997,31,Yes participating without using any Provision or the CEO,false
510398001765,Cople Elementary,Westmoreland County Public Schools,Hague,337,365,Yes under Community Eligibility Option (CEO),false
510012001826,Cora Kelly School for Math Science and Technology,Alexandria City Public Schools,Alexandria,337,277,Yes under Community Eligibility Option (CEO),false
510384000675,Corporate Landing Elementary,Virginia Beach City Public Schools,Virginia Beach,415,295,Yes under Community Eligibility Option (CEO),false
510384001639,Corporate Landing Middle,Virginia Beach City Public Schools,Virginia Beach,995,447,Yes participating without using any Provision or the CEO,false
510084002661,Cosby High,Chesterfield County Public Schools,Midlothian,2507,402,Yes participating without using any Provision or the CEO,false
510239002292,Cougar Elementary,Manassas Park City Public Schools,Manassas Park,857,706,Yes under Community Eligibility Option (CEO),false
510051001897,Council Elementary/Middle,Buchanan County Public Schools,Honaker,194,201,Yes under Community Eligibility Option (CEO),false
510051000193,Council High,Buchanan County Public Schools,Honaker,115,113,Yes under Community Eligibility Option (CEO),true
510225002413,Countryside Elementary,Loudoun County Public Schools,Sterling,648,333,Yes participating without using any Provision or the CEO,false
510364000969,Courthouse Road Elementary,Spotsylvania County Public Schools,Spotsylvania,762,558,Yes under Community Eligibility Option (CEO),false
510364002133,Courtland Elementary,Spotsylvania County Public Schools,Spotsylvania,548,223,Yes participating without using any Provision or the CEO,false
510364001873,Courtland High,Spotsylvania County Public Schools,Fredericksburg,1497,504,Yes participating without using any Provision or the CEO,false
510415002172,Coventry Elementary,York County Public Schools,Yorktown,630,219,Yes participating without using any Provision or the CEO,false
510015201888,Covington Middle,Alleghany Highlands Public Schools,Covington,594,489,Yes under Community Eligibility Option (CEO),false
510313003044,Covington-Harper Elementary,Prince William County Public Schools,Dumfries,1025,720,Yes under Community Eligibility Option (CEO),false
510300001252,Cradock Elementary,Portsmouth City Public Schools,Portsmouth,616,616,Yes under Community Eligibility Option (CEO),false
510300001234,Cradock Middle,Portsmouth City Public Schools,Portsmouth,516,534,Yes under Community Eligibility Option (CEO),false
510102002111,Craig County High,Craig County Public Schools,New Castle,278,226,Yes under Community Eligibility Option (CEO),false
510030000120,Craigsville Elementary,Augusta County Public Schools,Craigsville,117,117,Yes under Community Eligibility Option (CEO),false
510384001682,Creeds Elementary,Virginia Beach City Public Schools,Virginia Beach,333,69,Yes participating without using any Provision or the CEO,false
510371002630,Creekside Elementary,Suffolk City Public Schools,Suffolk,764,530,Yes under Community Eligibility Option (CEO),false
510225002773,Creighton's Corner Elementary,Loudoun County Public Schools,Ashburn,824,164,Yes participating without using any Provision or the CEO,false
510189000793,Crestview Elementary,Henrico County Public Schools,Richmond,388,346,Yes under Community Eligibility Option (CEO),false
510084000325,Crestwood Elementary,Chesterfield County Public Schools,Richmond,635,488,Yes under Community Eligibility Option (CEO),false
510126000454,Crestwood Elementary,Fairfax County Public Schools,Springfield,582,443,Yes under Community Eligibility Option (CEO),false
510081000286,Crestwood Intermediate,Chesapeake City Public Schools,Chesapeake,736,541,Yes under Community Eligibility Option (CEO),false
510081000287,Crestwood Middle,Chesapeake City Public Schools,Chesapeake,557,407,Yes under Community Eligibility Option (CEO),false
510279001169,Crewe Primary,Nottoway County Public Schools,Crewe,370,372,Yes under Community Eligibility Option (CEO),false
510264001237,Crittenden Middle,Newport News City Public Schools,Newport News,781,768,Yes under Community Eligibility Option (CEO),false
510315001330,Critzer Elementary,Pulaski County Public Schools,Pulaski,416,380,Yes under Community Eligibility Option (CEO),false
510126002118,Crossfield Elementary,Fairfax County Public Schools,Herndon,513,42,Yes participating without using any Provision or the CEO,false
510267001090,Crossroads Prek-8 School,Norfolk City Public Schools,Norfolk,790,792,Yes under Community Eligibility Option (CEO),true
510009000020,Crozet Elementary,Albemarle County Public Schools,Crozet,571,86,Yes participating without using any Provision or the CEO,false
510330000385,Crystal Spring Elementary,Roanoke City Public Schools,Roanoke,323,326,Yes under Community Eligibility Option (CEO),false
510126002061,Cub Run Elementary,Fairfax County Public Schools,Centreville,620,148,Yes participating without using any Provision or the CEO,false
510339002782,Cub Run Elementary,Rockingham County Public Schools,Penn Laird,614,410,Yes under Community Eligibility Option (CEO),false
510105000376,Culpeper County High,Culpeper County Public Schools,Culpeper,1204,653,Yes under Community Eligibility Option (CEO),false
510105000377,Culpeper Middle,Culpeper County Public Schools,Culpeper,1040,677,Yes under Community Eligibility Option (CEO),false
510108000383,Cumberland Elementary,Cumberland County Public Schools,Cumberland,530,533,Yes under Community Eligibility Option (CEO),false
510108000057,Cumberland High,Cumberland County Public Schools,Cumberland,374,374,Yes under Community Eligibility Option (CEO),false
510108000058,Cumberland Middle,Cumberland County Public Schools,Cumberland,374,375,Yes under Community Eligibility Option (CEO),false
510126000455,Cunningham Park Elementary,Fairfax County Public Schools,Vienna,412,144,Yes participating without using any Provision or the CEO,false
510087000354,D.g. Cooley Elementary,Clarke County Public Schools,Berryville,504,158,Yes participating without using any Provision or the CEO,false
510402002171,D.j. Montague Elementary,Williamsburg-James City County Public Schools,Williamsburg,515,343,Yes under Community Eligibility Option (CEO),false
510313001291,Dale City Elementary,Prince William County Public Schools,Woodbridge,443,315,Yes under Community Eligibility Option (CEO),false
510390001984,Damascus Middle,Washington County Public Schools,Damascus,188,142,Yes under Community Eligibility Option (CEO),false
510294001214,Dan River High,Pittsylvania County Public Schools,Ringgold,583,499,Yes under Community Eligibility Option (CEO),false
510294001213,Dan River Middle,Pittsylvania County Public Schools,Ringgold,438,374,Yes under Community Eligibility Option (CEO),true
510405003042,Daniel Morgan Intermediate,Winchester City Public Schools,Winchester,575,493,Yes under Community Eligibility Option (CEO),false
510405001777,Daniel Morgan Middle,Winchester City Public Schools,Winchester,642,542,Yes under Community Eligibility Option (CEO),false
510126002530,Daniels Run Elementary,Fairfax County Public Schools,Fairfax,811,314,Yes participating without using any Provision or the CEO,false
510415001813,Dare Elementary,York County Public Schools,Yorktown,399,151,Yes participating without using any Provision or the CEO,false
510264001044,David A. Dutrow Elementary,Newport News City Public Schools,Newport News,341,340,Yes under Community Eligibility Option (CEO),false
510309001275,David A. Harrison Elementary,Prince George County Public Schools,Disputanta,630,403,Yes participating without using any Provision or the CEO,false
510189002953,David A. Kaechele Elementary,Henrico County Public Schools,Glen Allen,455,54,Yes participating without using any Provision or the CEO,false
510234002205,Dearington Elementary/Innovation,Lynchburg City Public Schools,Lynchburg,180,177,Yes under Community Eligibility Option (CEO),false
510081002223,Deep Creek Central Elementary,Chesapeake City Public Schools,Chesapeake,888,200,Yes participating without using any Provision or the CEO,false
510081000288,Deep Creek Elementary,Chesapeake City Public Schools,Chesapeake,767,567,Yes under Community Eligibility Option (CEO),false
510081001832,Deep Creek High,Chesapeake City Public Schools,Chesapeake,1691,1222,Yes under Community Eligibility Option (CEO),false
510081000289,Deep Creek Middle,Chesapeake City Public Schools,Chesapeake,764,556,Yes under Community Eligibility Option (CEO),false
510189002278,Deep Run High,Henrico County Public Schools,Glen Allen,1992,267,Yes participating without using any Provision or the CEO,false
510126000768,Deer Park Elementary,Fairfax County Public Schools,Centreville,522,198,Yes participating without using any Provision or the CEO,false
510264001637,Deer Park Elementary,Newport News City Public Schools,Newport News,433,437,Yes under Community Eligibility Option (CEO),false
510264002296,Denbigh Early Childhood Center,Newport News City Public Schools,Newport News,397,402,Yes under Community Eligibility Option (CEO),false
510264001047,Denbigh High,Newport News City Public Schools,Newport News,1269,1208,Yes under Community Eligibility Option (CEO),true
510384002770,Diamond Springs Elementary,Virginia Beach City Public Schools,Virginia Beach,467,470,Yes under Community Eligibility Option (CEO),false
510117000410,Dinwiddie County High,Dinwiddie County Public Schools,Dinwiddie,1260,1188,Yes under Community Eligibility Option (CEO),false
510117000409,Dinwiddie County Middle,Dinwiddie County Public Schools,Dinwiddie,919,863,Yes under Community Eligibility Option (CEO),false
510117000411,Dinwiddie Elementary,Dinwiddie County Public Schools,Dinwiddie,341,324,Yes under Community Eligibility Option (CEO),false
510027003006,Discovery Elementary,Arlington County Public Schools,Arlington,489,21,Yes participating without using any Provision or the CEO,false
510225002955,Discovery Elementary,Loudoun County Public Schools,Ashburn,639,216,Yes participating without using any Provision or the CEO,false
510264001062,Discovery STEM Academy,Newport News City Public Schools,Newport News,561,555,Yes under Community Eligibility Option (CEO),false
510126000458,Dogwood Elementary,Fairfax County Public Schools,Reston,745,734,Yes under Community Eligibility Option (CEO),false
510324001356,Dogwood Middle,Richmond City Public Schools,Richmond,371,367,Yes under Community Eligibility Option (CEO),true
510225002411,Dominion High,Loudoun County Public Schools,Sterling,1453,720,Yes participating without using any Provision or the CEO,false
510225001632,Dominion Trail Elementary,Loudoun County Public Schools,Ashburn,566,249,Yes participating without using any Provision or the CEO,false
510366002600,Donald B. Dixon-Lyle R. Smith Middle,Stafford County Public Schools,Fredericksburg,887,319,Yes participating without using any Provision or the CEO,false
510027003062,Dorothy Hamm Middle,Arlington County Public Schools,Arlington,989,187,Yes participating without using any Provision or the CEO,false
510012000039,Douglas Macarthur Elementary,Alexandria City Public Schools,Alexandria,680,290,Yes participating without using any Provision or the CEO,false
510189000795,Douglas S. Freeman High,Henrico County Public Schools,Richmond,1881,819,Yes participating without using any Provision or the CEO,false
510300001245,Douglass Park Elementary,Portsmouth City Public Schools,Portsmouth,510,525,Yes under Community Eligibility Option (CEO),false
510027000087,Dr. Charles R. Drew Elementary,Arlington County Public Schools,Arlington,417,242,Yes under Community Eligibility Option (CEO),false
510126002117,Dranesville Elementary,Fairfax County Public Schools,Herndon,610,289,Yes participating without using any Provision or the CEO,false
510192000855,Drewry Mason Elementary,Henry County Public Schools,Ridgeway,382,378,Yes under Community Eligibility Option (CEO),false
510219000890,Dryden Elementary,Lee County Public Schools,Dryden,237,204,Yes under Community Eligibility Option (CEO),false
510315001332,Dublin Elementary,Pulaski County Public Schools,Dublin,411,,No,false
510144000635,Dudley Elementary,Franklin County Public Schools,Wirtz,317,279,Yes under Community Eligibility Option (CEO),false
510381001650,Dudley Primary,Tazewell County Public Schools,Bluefield,208,183,Yes under Community Eligibility Option (CEO),false
510348001528,Duffield-Pattonsville Primary,Scott County Public Schools,Duffield,308,216,Yes under Community Eligibility Option (CEO),false
510189000796,Dumbarton Elementary,Henrico County Public Schools,Richmond,684,617,Yes under Community Eligibility Option (CEO),false
510313001292,Dumfries Elementary,Prince William County Public Schools,Dumfries,441,317,Yes under Community Eligibility Option (CEO),false
510348001529,Dungannon Elementary,Scott County Public Schools,Dungannon,131,97,Yes under Community Eligibility Option (CEO),false
510126002406,Dunn Loring Early Childhood Resource Center,Fairfax County Public Schools,Dunn Loring,266,,No,false
510198000866,Dupont Elementary,Hopewell City Public Schools,Hopewell,589,590,Yes under Community Eligibility Option (CEO),false
510387001730,E. Wilson Morrison Elementary,Warren County Public Schools,Front Royal,458,338,Yes under Community Eligibility Option (CEO),false
510390001739,E.b. Stanley Middle,Washington County Public Schools,Abingdon,659,492,Yes under Community Eligibility Option (CEO),false
510234000956,E.c. Glass High,Lynchburg City Public Schools,Lynchburg,1220,1156,Yes under Community Eligibility Option (CEO),false
510313001293,E.h. Marsteller Middle,Prince William County Public Schools,Bristow,1153,276,Yes participating without using any Provision or the CEO,false
510225002282,Eagle Ridge Middle,Loudoun County Public Schools,Ashburn,1258,156,Yes participating without using any Provision or the CEO,false
510042000170,Eagle Rock Elementary,Botetourt County Public Schools,Eagle Rock,121,85,Yes under Community Eligibility Option (CEO),false
510126002496,Eagle View Elementary,Fairfax County Public Schools,Fairfax,665,314,Yes participating without using any Provision or the CEO,false
510012003057,Early Childhood Center,Alexandria City Public Schools,Alexandria,198,,No,false
510339002803,East Rockingham High,Rockingham County Public Schools,Elkton,821,339,Yes participating without using any Provision or the CEO,false
510346002047,East Salem Elementary,Salem City Public Schools,Salem,378,333,Yes under Community Eligibility Option (CEO),false
510159001920,Eastern Elementary/Middle,Giles County Public Schools,Pembroke,433,291,Yes under Community Eligibility Option (CEO),false
510252002818,Eastern Montgomery Elementary,Montgomery County Public Schools,Elliston,376,331,Yes under Community Eligibility Option (CEO),false
510252002541,Eastern Montgomery High,Montgomery County Public Schools,Elliston,254,215,Yes under Community Eligibility Option (CEO),false
510105002758,Eastern View High,Culpeper County Public Schools,Culpeper,1529,830,Yes under Community Eligibility Option (CEO),false
510267001094,Easton Preschool at Fairlawn,Norfolk City Public Schools,Norfolk,123,127,Yes under Community Eligibility Option (CEO),false
510408001786,Eastside High,Wise County Public Schools,Coeburn,418,369,Yes under Community Eligibility Option (CEO),false
510189001912,Echo Lake Elementary,Henrico County Public Schools,Glen Allen,506,145,Yes participating without using any Provision or the CEO,false
510084002177,Ecoff Elementary,Chesterfield County Public Schools,Chester,764,585,Yes under Community Eligibility Option (CEO),false
510126000461,Edison High,Fairfax County Public Schools,Alexandria,2294,886,Yes participating without using any Provision or the CEO,false
510366001595,Edward E. Drew Jr. Middle,Stafford County Public Schools,Falmouth,625,465,Yes under Community Eligibility Option (CEO),false
510030001080,Edward G. Clymore Elementary,Augusta County Public Schools,Fort Defiance,803,547,Yes under Community Eligibility Option (CEO),false
510174000707,Edward W. Wyatt Middle,Greensville County Public Schools,Emporia,448,446,Yes under Community Eligibility Option (CEO),false
510111002960,Edwin A. Gibson Elementary,Danville City Public Schools,Danville,466,442,Yes under Community Eligibility Option (CEO),false
510081000291,Edwin W. Chittum Elementary,Chesapeake City Public Schools,Chesapeake,762,153,Yes participating without using any Provision or the CEO,false
510225003091,Elaine E. Thompson Elementary,Loudoun County Public Schools,Sterling,756,138,Yes participating without using any Provision or the CEO,false
510371001876,Elephant's Fork Elementary,Suffolk City Public Schools,Suffolk,653,451,Yes under Community Eligibility Option (CEO),false
510324001363,Elizabeth D. Redd Elementary,Richmond City Public Schools,Richmond,355,354,Yes under Community Eligibility Option (CEO),false
510084002767,Elizabeth Davis Middle,Chesterfield County Public Schools,Chester,1364,1027,Yes under Community Eligibility Option (CEO),false
510189000797,Elizabeth Holladay Elementary,Henrico County Public Schools,Richmond,859,772,Yes under Community Eligibility Option (CEO),false
510084002779,Elizabeth Scott Elementary,Chesterfield County Public Schools,Chester,729,563,Yes under Community Eligibility Option (CEO),false
510313001294,Elizabeth Vaughan Elementary,Prince William County Public Schools,Woodbridge,601,420,Yes under Community Eligibility Option (CEO),false
510219000891,Elk Knob Elementary,Lee County Public Schools,Pennington Gap,291,255,Yes under Community Eligibility Option (CEO),false
510189002757,Elko Middle,Henrico County Public Schools,Sandston,695,620,Yes under Community Eligibility Option (CEO),false
510339001494,Elkton Elementary,Rockingham County Public Schools,Elkton,269,198,Yes under Community Eligibility Option (CEO),false
510339001495,Elkton Middle,Rockingham County Public Schools,Elkton,561,372,Yes under Community Eligibility Option (CEO),false
510264001056,Ella J. Fitzgerald Middle,Newport News City Public Schools,Newport News,988,970,Yes under Community Eligibility Option (CEO),false
510183000769,Elmont Elementary,Hanover County Public Schools,Ashland,383,263,Yes under Community Eligibility Option (CEO),false
510021000069,Elon Elementary,Amherst County Public Schools,Madison Heights,288,239,Yes under Community Eligibility Option (CEO),false
510219000892,Elydale Middle,Lee County Public Schools,Ewing,133,131,Yes under Community Eligibility Option (CEO),false
510105001612,Emerald Hill Elementary,Culpeper County Public Schools,Culpeper,702,387,Yes under Community Eligibility Option (CEO),false
510225000917,Emerick Elementary,Loudoun County Public Schools,Purcellville,416,52,Yes participating without using any Provision or the CEO,false
510056000215,Enderly Heights Elementary,Buena Vista City Public Schools,Buena Vista,268,247,Yes under Community Eligibility Option (CEO),false
510084000326,Enon Elementary,Chesterfield County Public Schools,Chester,691,520,Yes under Community Eligibility Option (CEO),false
510313001295,Enterprise Elementary,Prince William County Public Schools,Woodbridge,414,292,Yes under Community Eligibility Option (CEO),false
510027000090,Escuela Key Elementary,Arlington County Public Schools,Arlington,572,161,Yes participating without using any Provision or the CEO,false
510120000419,Essex High,Essex County Public Schools,Tappahannock,393,395,Yes under Community Eligibility Option (CEO),false
510264002208,Ethel M. Gildersleeve Middle,Newport News City Public Schools,Newport News,1087,1062,Yes under Community Eligibility Option (CEO),false
510084000327,Ettrick Elementary,Chesterfield County Public Schools,Ettrick,560,421,Yes under Community Eligibility Option (CEO),false
510075002005,Eureka Elementary,Charlotte County Public Schools,Keysville,471,414,Yes under Community Eligibility Option (CEO),false
510147002501,Evendale Elementary,Frederick County Public Schools,Winchester,618,487,Yes under Community Eligibility Option (CEO),false
510084002097,Evergreen Elementary,Chesterfield County Public Schools,Midlothian,797,262,Yes participating without using any Provision or the CEO,false
510225001845,Evergreen Mill Elementary,Loudoun County Public Schools,Leesburg,569,192,Yes participating without using any Provision or the CEO,false
510056000216,F.w. Kling Jr. Elementary,Buena Vista City Public Schools,Buena Vista,177,168,Yes under Community Eligibility Option (CEO),false
510189000798,Fair Oaks Elementary,Henrico County Public Schools,Highland Springs,330,291,Yes under Community Eligibility Option (CEO),false
510126000422,Fairfax County Adult High,Fairfax County Public Schools,Springfield,226,,No,false
510126000463,Fairfax High,Fairfax County Public Schools,Fairfax,2404,851,Yes participating without using any Provision or the CEO,false
510126000464,Fairfax Villa Elementary,Fairfax County Public Schools,Fairfax,514,165,Yes participating without using any Provision or the CEO,false
510324001365,Fairfield Court Elementary,Richmond City Public Schools,Richmond,222,221,Yes under Community Eligibility Option (CEO),false
510337001481,Fairfield Elementary,Rockbridge County Public Schools,Fairfield,241,192,Yes under Community Eligibility Option (CEO),false
510384001683,Fairfield Elementary,Virginia Beach City Public Schools,Virginia Beach,478,188,Yes participating without using any Provision or the CEO,false
510189000799,Fairfield Middle,Henrico County Public Schools,Richmond,936,852,Yes under Community Eligibility Option (CEO),false
510126000466,Fairhill Elementary,Fairfax County Public Schools,Fairfax,566,200,Yes participating without using any Provision or the CEO,false
510126000467,Fairview Elementary,Fairfax County Public Schools,Fairfax Station,751,81,Yes participating without using any Provision or the CEO,false
510169000693,Fairview Elementary,Grayson County Public Schools,Galax,146,138,Yes under Community Eligibility Option (CEO),false
510330001415,Fairview Elementary,Roanoke City Public Schools,Roanoke,479,476,Yes under Community Eligibility Option (CEO),false
510252000178,Falling Branch Elementary,Montgomery County Public Schools,Christiansburg,535,474,Yes under Community Eligibility Option (CEO),false
510084000328,Falling Creek Elementary,Chesterfield County Public Schools,Richmond,823,638,Yes under Community Eligibility Option (CEO),false
510084000329,Falling Creek Middle,Chesterfield County Public Schools,North Chesterfield,1443,1093,Yes under Community Eligibility Option (CEO),true
510330001416,Fallon Park Elementary,Roanoke City Public Schools,Roanoke,591,587,Yes under Community Eligibility Option (CEO),false
510126000468,Falls Church High,Fairfax County Public Schools,Falls Church,2170,1429,Yes under Community Eligibility Option (CEO),false
510366001596,Falmouth Elementary,Stafford County Public Schools,Falmouth,724,570,Yes under Community Eligibility Option (CEO),false
510069000244,Fancy Gap Elementary,Carroll County Public Schools,Fancy Gap,130,123,Yes under Community Eligibility Option (CEO),false
510313002783,Fannie W. Fitzgerald Elementary,Prince William County Public Schools,Woodbridge,829,591,Yes under Community Eligibility Option (CEO),false
510105000378,Farmington Elementary,Culpeper County Public Schools,Culpeper,453,427,Yes under Community Eligibility Option (CEO),false
510225001131,Farmwell Station Middle,Loudoun County Public Schools,Ashburn,981,318,Yes participating without using any Provision or the CEO,false
510132000607,Fauquier High,Fauquier County Public Schools,Warrenton,1156,345,Yes participating without using any Provision or the CEO,false
510313001296,Featherstone Elementary,Prince William County Public Schools,Woodbridge,452,319,Yes under Community Eligibility Option (CEO),false
510012003053,Ferdinand T. Day Elementary,Alexandria City Public Schools,Alexandria,589,525,Yes under Community Eligibility Option (CEO),false
510144000636,Ferrum Elementary,Franklin County Public Schools,Ferrum,281,250,Yes under Community Eligibility Option (CEO),false
510366001597,Ferry Farm Elementary,Stafford County Public Schools,Fredericksburg,555,247,Yes participating without using any Provision or the CEO,false
510192000847,Fieldale-Collinsville Middle,Henry County Public Schools,Collinsville,792,821,Yes under Community Eligibility Option (CEO),false
510384001684,First Colonial High,Virginia Beach City Public Schools,Virginia Beach,1727,535,Yes participating without using any Provision or the CEO,false
510330001417,Fishburn Park Elementary,Roanoke City Public Schools,Roanoke,279,284,Yes under Community Eligibility Option (CEO),false
510303002789,Flat Rock Elementary,Powhatan County Public Schools,Powhatan,654,171,Yes participating without using any Provision or the CEO,false
510219000894,Flatwoods Elementary,Lee County Public Schools,Jonesville,336,283,Yes under Community Eligibility Option (CEO),false
510126000469,Flint Hill Elementary,Fairfax County Public Schools,Vienna,614,41,Yes participating without using any Provision or the CEO,false
510371001615,Florence Bowser Elementary,Suffolk City Public Schools,Suffolk,926,642,Yes under Community Eligibility Option (CEO),false
510126000470,Floris Elementary,Fairfax County Public Schools,Herndon,666,79,Yes participating without using any Provision or the CEO,false
510135000618,Floyd County High,Floyd County Public Schools,Floyd,668,545,Yes under Community Eligibility Option (CEO),false
510135000619,Floyd Elementary,Floyd County Public Schools,Floyd,448,362,Yes under Community Eligibility Option (CEO),false
510384001685,Floyd Kellam High,Virginia Beach City Public Schools,Virginia Beach,1842,249,Yes participating without using any Provision or the CEO,false
510105001958,Floyd T. Binns Middle,Culpeper County Public Schools,Culpeper,825,537,Yes under Community Eligibility Option (CEO),false
510138000625,Fluvanna County High,Fluvanna County Public Schools,Palmyra,1362,822,Yes under Community Eligibility Option (CEO),false
510138000089,Fluvanna Middle,Fluvanna County Public Schools,Palmyra,745,454,Yes under Community Eligibility Option (CEO),false
510126000471,Forest Edge Elementary,Fairfax County Public Schools,Reston,454,356,Yes under Community Eligibility Option (CEO),false
510036002142,Forest Elementary,Bedford County Public Schools,Forest,384,69,Yes participating without using any Provision or the CEO,false
510371001619,Forest Glen Middle,Suffolk City Public Schools,Suffolk,433,291,Yes under Community Eligibility Option (CEO),false
510225002283,Forest Grove Elementary,Loudoun County Public Schools,Sterling,529,526,Yes under Community Eligibility Option (CEO),false
510111000388,Forest Hills Elementary,Danville City Public Schools,Danville,200,180,Yes under Community Eligibility Option (CEO),false
510036002174,Forest Middle,Bedford County Public Schools,Forest,854,175,Yes participating without using any Provision or the CEO,false
510313002542,Forest Park High,Prince William County Public Schools,Woodbridge,2343,998,Yes participating without using any Provision or the CEO,false
510126000472,Forestdale Elementary,Fairfax County Public Schools,Springfield,537,397,Yes under Community Eligibility Option (CEO),false
510126001837,Forestville Elementary,Fairfax County Public Schools,Great Falls,571,35,Yes participating without using any Provision or the CEO,false
510126001767,Fort Belvoir Elementary,Fairfax County Public Schools,Fort Belvoir,707,236,Yes participating without using any Provision or the CEO,false
510126003032,Fort Belvoir Upper Elementary,Fairfax County Public Schools,Fort Belvoir,761,243,Yes participating without using any Provision or the CEO,false
510411001800,Fort Chiswell High,Wythe County Public Schools,Max Meadows,411,333,Yes under Community Eligibility Option (CEO),false
510411002327,Fort Chiswell Middle,Wythe County Public Schools,Max Meadows,319,257,Yes under Community Eligibility Option (CEO),false
510030000124,Fort Defiance High,Augusta County Public Schools,Fort Defiance,731,455,Yes under Community Eligibility Option (CEO),false
510126000473,Fort Hunt Elementary,Fairfax County Public Schools,Alexandria,551,165,Yes participating without using any Provision or the CEO,false
510333001998,Fort Lewis Elementary,Roanoke County Public Schools,Salem,250,54,Yes participating without using any Provision or the CEO,false
510126001838,Fox Mill Elementary,Fairfax County Public Schools,Herndon,650,60,Yes participating without using any Provision or the CEO,false
510225002412,Frances Hazel Reid Elementary,Loudoun County Public Schools,Leesburg,647,316,Yes participating without using any Provision or the CEO,false
510324001372,Frances W. McClenney Elementary,Richmond City Public Schools,Richmond,302,303,Yes under Community Eligibility Option (CEO),false
510180000739,Francis Asbury Elementary,Hampton City Public Schools,Hampton,409,366,Yes under Community Eligibility Option (CEO),false
510012003016,Francis C. Hammond Middle,Alexandria City Public Schools,Alexandria,1597,1338,Yes under Community Eligibility Option (CEO),true
510180001890,Francis W. Jones Magnet Middle,Hampton City Public Schools,Hampton,613,578,Yes under Community Eligibility Option (CEO),false
510126000476,Franconia Elementary,Fairfax County Public Schools,Alexandria,492,152,Yes participating without using any Provision or the CEO,false
510384002049,Frank W. Cox High,Virginia Beach City Public Schools,Virginia Beach,1631,428,Yes participating without using any Provision or the CEO,false
510144000637,Franklin County High,Franklin County Public Schools,Rocky Mount,1880,1619,Yes under Community Eligibility Option (CEO),false
510141000628,Franklin High,Franklin City Public Schools,Franklin,504,504,Yes under Community Eligibility Option (CEO),true
510126002007,Franklin Middle,Fairfax County Public Schools,Chantilly,798,169,Yes participating without using any Provision or the CEO,false
510324002214,Franklin Military Academy,Richmond City Public Schools,Richmond,335,334,Yes under Community Eligibility Option (CEO),true
510313001297,Fred M. Lynn Middle,Prince William County Public Schools,Woodbridge,973,668,Yes under Community Eligibility Option (CEO),true
510147000649,Frederick County Middle,Frederick County Public Schools,Winchester,732,275,Yes participating without using any Provision or the CEO,false
510225002864,Frederick Douglass Elementary,Loudoun County Public Schools,Leesburg,581,322,Yes participating without using any Provision or the CEO,false
510405001778,Frederick Douglass Elementary,Winchester City Public Schools,Winchester,376,312,Yes under Community Eligibility Option (CEO),false
510225002447,Freedom High,Loudoun County Public Schools,South Riding,1885,337,Yes participating without using any Provision or the CEO,false
510313002458,Freedom High,Prince William County Public Schools,Woodbridge,2303,1548,Yes under Community Eligibility Option (CEO),true
510126000478,Freedom Hill Elementary,Fairfax County Public Schools,Vienna,500,227,Yes participating without using any Provision or the CEO,false
510364002420,Freedom Middle,Spotsylvania County Public Schools,Fredericksburg,763,497,Yes under Community Eligibility Option (CEO),false
510169002747,Fries Elementary,Grayson County Public Schools,Fries,231,221,Yes under Community Eligibility Option (CEO),false
510126000479,Frost Middle,Fairfax County Public Schools,Fairfax,1272,202,Yes participating without using any Provision or the CEO,false
510339001496,Fulks Run Elementary,Rockingham County Public Schools,Fulks Run,198,151,Yes under Community Eligibility Option (CEO),false
510081000292,G.a. Treakle Elementary,Chesapeake City Public Schools,Chesapeake,440,318,Yes under Community Eligibility Option (CEO),false
510324001369,G.h. Reid Elementary,Richmond City Public Schools,Richmond,671,665,Yes under Community Eligibility Option (CEO),false
510111000389,G.l.h. Johnson Elementary,Danville City Public Schools,Danville,571,659,Yes under Community Eligibility Option (CEO),false
510192000859,G.w. Carver Elementary,Henry County Public Schools,Martinsville,460,469,Yes under Community Eligibility Option (CEO),false
510346002044,G.w. Carver Elementary,Salem City Public Schools,Salem,404,357,Yes under Community Eligibility Option (CEO),false
510147000095,Gainesboro Elementary,Frederick County Public Schools,Winchester,483,201,Yes participating without using any Provision or the CEO,false
510313003083,Gainesville High,Prince William County Public Schools,Gainesville,2648,745,Yes participating without using any Provision or the CEO,false
510313002753,Gainesville Middle,Prince William County Public Schools,Gainesville,1403,344,Yes participating without using any Provision or the CEO,false
510156000665,Galax Elementary,Galax City Public Schools,Galax,667,665,Yes under Community Eligibility Option (CEO),false
510156000301,Galax High,Galax City Public Schools,Galax,432,384,Yes under Community Eligibility Option (CEO),true
510156000356,Galax Middle,Galax City Public Schools,Galax,335,333,Yes under Community Eligibility Option (CEO),false
510105001959,Galbreath-Marshall Building,Culpeper County Public Schools,Culpeper,9,,No,false
510111002261,Galileo Magnet High,Danville City Public Schools,Danville,260,263,Yes under Community Eligibility Option (CEO),true
510313001299,Gar-Field High,Prince William County Public Schools,Woodbridge,2524,1711,Yes under Community Eligibility Option (CEO),true
510330001419,Garden City Elementary,Roanoke City Public Schools,Roanoke,302,298,Yes under Community Eligibility Option (CEO),false
510126000480,Garfield Elementary,Fairfax County Public Schools,Springfield,315,250,Yes under Community Eligibility Option (CEO),false
510405001779,Garland R. Quarles Elementary,Winchester City Public Schools,Winchester,410,340,Yes participating without using any Provision or the CEO,false
510366002084,Garrisonville Elementary,Stafford County Public Schools,Stafford,735,276,Yes participating without using any Provision or the CEO,false
510348001532,Gate City High,Scott County Public Schools,Gate City,592,476,Yes under Community Eligibility Option (CEO),false
510348002132,Gate City Middle,Scott County Public Schools,Gate City,276,216,Yes under Community Eligibility Option (CEO),false
510189002123,Gayton Elementary,Henrico County Public Schools,Richmond,605,94,Yes participating without using any Provision or the CEO,false
510264002422,General Stanford Elementary,Newport News City Public Schools,Ft. Eustis,430,428,Yes under Community Eligibility Option (CEO),false
510236002067,George Carr Round Elementary,Manassas City Public Schools,Manassas,512,455,Yes under Community Eligibility Option (CEO),false
510189000788,George F. Baker Elementary,Henrico County Public Schools,Richmond,462,401,Yes under Community Eligibility Option (CEO),false
510313001300,George G. Tyler Elementary,Prince William County Public Schools,Gainesville,490,345,Yes under Community Eligibility Option (CEO),false
510189000800,George H. Moody Middle,Henrico County Public Schools,Richmond,1086,394,Yes participating without using any Provision or the CEO,false
510264001049,George J. McIntosh Elementary,Newport News City Public Schools,Newport News,446,449,Yes under Community Eligibility Option (CEO),false
510313001307,George M. Hampton Middle,Prince William County Public Schools,Woodbridge,893,623,Yes under Community Eligibility Option (CEO),true
510012000041,George Mason Elementary,Alexandria City Public Schools,Alexandria,332,138,Yes participating without using any Provision or the CEO,false
510313002200,George P. Mullen Elementary,Prince William County Public Schools,Manassas,667,465,Yes under Community Eligibility Option (CEO),false
510180002816,George P. Phenix Elementary,Hampton City Public Schools,Hampton,1438,1252,Yes under Community Eligibility Option (CEO),false
510324001862,George W. Carver Elementary,Richmond City Public Schools,Richmond,404,403,Yes under Community Eligibility Option (CEO),false
510081000293,George W. Carver Intermediate,Chesapeake City Public Schools,Chesapeake,535,390,Yes under Community Eligibility Option (CEO),false
510261001038,George W. Watkins Elementary,New Kent County Public Schools,Quinton,510,138,Yes participating without using any Provision or the CEO,false
510111000390,George Washington High,Danville City Public Schools,Danville,1248,1170,Yes under Community Eligibility Option (CEO),true
510012002999,George Washington Middle,Alexandria City Public Schools,Alexandria,1458,665,Yes participating without using any Provision or the CEO,false
510411001801,George Wythe High,Wythe County Public Schools,Wytheville,421,340,Yes under Community Eligibility Option (CEO),false
510081000294,Georgetown Primary,Chesapeake City Public Schools,Chesapeake,804,584,Yes under Community Eligibility Option (CEO),false
510201000906,Georgie D. Tyler Middle,Isle of Wight County Public Schools,Windsor,368,253,Yes under Community Eligibility Option (CEO),false
510267001096,Ghent K-8,Norfolk City Public Schools,Norfolk,501,498,Yes under Community Eligibility Option (CEO),false
510252001023,Gilbert Linkous Elementary,Montgomery County Public Schools,Blacksburg,292,84,Yes participating without using any Provision or the CEO,false
510159003123,Giles County K-12 Virtual School,Giles County Public Schools,Pearisburg,1358,,No,false
510159000669,Giles High,Giles County Public Schools,Pearisburg,530,354,Yes under Community Eligibility Option (CEO),false
510144000639,Glade Hill Elementary,Franklin County Public Schools,Glade Hill,227,198,Yes under Community Eligibility Option (CEO),false
510390001740,Glade Spring Middle,Washington County Public Schools,Glade Spring,228,173,Yes under Community Eligibility Option (CEO),false
510069000245,Gladesboro Elementary,Carroll County Public Schools,Hillsville,108,100,Yes under Community Eligibility Option (CEO),false
510069000246,Gladeville Elementary,Carroll County Public Schools,Galax,259,236,Yes under Community Eligibility Option (CEO),false
510126000481,Glasgow Middle,Fairfax County Public Schools,Alexandria,1702,1461,Yes under Community Eligibility Option (CEO),false
510027000092,Glebe Elementary,Arlington County Public Schools,Arlington,574,88,Yes participating without using any Provision or the CEO,false
510189000801,Glen Allen Elementary,Henrico County Public Schools,Glen Allen,578,133,Yes participating without using any Provision or the CEO,false
510189002837,Glen Allen High,Henrico County Public Schools,Glen Allen,1939,589,Yes participating without using any Provision or the CEO,false
510333001455,Glen Cove Elementary,Roanoke County Public Schools,Roanoke,425,287,Yes under Community Eligibility Option (CEO),false
510126000482,Glen Forest Elementary,Fairfax County Public Schools,Falls Church,779,760,Yes under Community Eligibility Option (CEO),false
510189000802,Glen Lea Elementary,Henrico County Public Schools,Richmond,461,409,Yes under Community Eligibility Option (CEO),false
510313002585,Glenkirk Elementary,Prince William County Public Schools,Gainesville,554,101,Yes participating without using any Provision or the CEO,false
510333001456,Glenvar Elementary,Roanoke County Public Schools,Salem,372,159,Yes participating without using any Provision or the CEO,false
510333001457,Glenvar High,Roanoke County Public Schools,Salem,620,222,Yes participating without using any Provision or the CEO,false
510333001408,Glenvar Middle,Roanoke County Public Schools,Salem,433,165,Yes participating without using any Provision or the CEO,false
510384002220,Glenwood Elementary,Virginia Beach City Public Schools,Virginia Beach,896,406,Yes participating without using any Provision or the CEO,false
510162000680,Gloucester High,Gloucester County Public Schools,Gloucester,1547,1009,Yes under Community Eligibility Option (CEO),false
510165000685,Goochland Elementary,Goochland County Public Schools,Goochland,509,144,Yes participating without using any Provision or the CEO,false
510165000686,Goochland High,Goochland County Public Schools,Goochland,850,235,Yes participating without using any Provision or the CEO,false
510165000687,Goochland Middle,Goochland County Public Schools,Goochland,616,187,Yes participating without using any Provision or the CEO,false
510036002526,Goodview Elementary,Bedford County Public Schools,Goodview,504,418,Yes under Community Eligibility Option (CEO),false
510282001172,Gordon-Barbour Elementary,Orange County Public Schools,Gordonsville,326,230,Yes under Community Eligibility Option (CEO),false
510225003046,Goshen Post Elementary,Loudoun County Public Schools,Aldie,851,79,Yes participating without using any Provision or the CEO,false
510236002226,Grace E. Metz Middle,Manassas City Public Schools,Manassas,1111,864,Yes under Community Eligibility Option (CEO),false
510132002184,Grace Miller Elementary,Fauquier County Public Schools,Bealeton,528,247,Yes participating without using any Provision or the CEO,false
510415001814,Grafton Bethel Elementary,York County Public Schools,Grafton,653,228,Yes participating without using any Provision or the CEO,false
510415001443,Grafton High,York County Public Schools,Yorktown,1235,546,Yes participating without using any Provision or the CEO,false
510415001445,Grafton Middle,York County Public Schools,Yorktown,937,,No,false
510366001598,Grafton Village Elementary,Stafford County Public Schools,Falmouth,737,270,Yes participating without using any Provision or the CEO,false
510381001653,Graham High,Tazewell County Public Schools,Bluefield,489,438,Yes under Community Eligibility Option (CEO),false
510381001652,Graham Intermediate,Tazewell County Public Schools,Bluefield,404,361,Yes under Community Eligibility Option (CEO),false
510381001654,Graham Middle,Tazewell County Public Schools,Bluefield,339,304,Yes under Community Eligibility Option (CEO),false
510313001301,Graham Park Middle,Prince William County Public Schools,Triangle,713,491,Yes under Community Eligibility Option (CEO),false
510126000483,Graham Road Elementary,Fairfax County Public Schools,Falls Church,438,406,Yes under Community Eligibility Option (CEO),false
510267001097,Granby Elementary,Norfolk City Public Schools,Norfolk,464,462,Yes under Community Eligibility Option (CEO),false
510267001098,Granby High,Norfolk City Public Schools,Norfolk,1980,1931,Yes under Community Eligibility Option (CEO),false
510330001420,Grandin Court Elementary,Roanoke City Public Schools,Roanoke,331,329,Yes under Community Eligibility Option (CEO),false
510084000330,Grange Hall Elementary,Chesterfield County Public Schools,Moseley,724,115,Yes participating without using any Provision or the CEO,false
510081002432,Grassfield Elementary,Chesapeake City Public Schools,Chesapeake,1306,200,Yes participating without using any Provision or the CEO,false
510081002765,Grassfield High,Chesapeake City Public Schools,Chesapeake,2345,307,Yes participating without using any Provision or the CEO,false
510169000697,Grayson County High,Grayson County Public Schools,Independence,461,426,Yes under Community Eligibility Option (CEO),false
510169002806,Grayson Highlands,Grayson County Public Schools,Troutdale,156,149,Yes under Community Eligibility Option (CEO),false
510081002031,Great Bridge High,Chesapeake City Public Schools,Chesapeake,1491,301,Yes participating without using any Provision or the CEO,false
510081000456,Great Bridge Intermediate,Chesapeake City Public Schools,Chesapeake,728,117,Yes participating without using any Provision or the CEO,false
510081000296,Great Bridge Middle,Chesapeake City Public Schools,Chesapeake,1309,190,Yes participating without using any Provision or the CEO,false
510081000295,Great Bridge Primary,Chesapeake City Public Schools,Chesapeake,610,131,Yes participating without using any Provision or the CEO,false
510126000484,Great Falls Elementary,Fairfax County Public Schools,Great Falls,513,38,Yes participating without using any Provision or the CEO,false
510384001686,Great Neck Middle,Virginia Beach City Public Schools,Virginia Beach,1039,313,Yes participating without using any Provision or the CEO,false
510384002957,Green Run Collegiate,Virginia Beach City Public Schools,Virginia Beach,390,335,Yes under Community Eligibility Option (CEO),false
510384001687,Green Run Elementary,Virginia Beach City Public Schools,Virginia Beach,350,353,Yes under Community Eligibility Option (CEO),false
510384001879,Green Run High,Virginia Beach City Public Schools,Virginia Beach,1465,1199,Yes under Community Eligibility Option (CEO),false
510333001458,Green Valley Elementary,Roanoke County Public Schools,Roanoke,483,214,Yes participating without using any Provision or the CEO,false
510126000486,Greenbriar East Elementary,Fairfax County Public Schools,Fairfax,922,362,Yes participating without using any Provision or the CEO,false
510126000487,Greenbriar West Elementary,Fairfax County Public Schools,Fairfax,630,131,Yes participating without using any Provision or the CEO,false
510078000275,Greenbrier Elementary,Charlottesville City Public Schools,Charlottesville,267,193,Yes under Community Eligibility Option (CEO),false
510081000459,Greenbrier Intermediate,Chesapeake City Public Schools,Chesapeake,657,476,Yes under Community Eligibility Option (CEO),false
510081002557,Greenbrier Middle,Chesapeake City Public Schools,Chesapeake,788,582,Yes under Community Eligibility Option (CEO),false
510081002054,Greenbrier Primary,Chesapeake City Public Schools,Chesapeake,679,494,Yes under Community Eligibility Option (CEO),false
510390001741,Greendale Elementary,Washington County Public Schools,Abingdon,257,196,Yes under Community Eligibility Option (CEO),false
510084000331,Greenfield Elementary,Chesterfield County Public Schools,North Chesterfield,519,162,Yes participating without using any Provision or the CEO,false
510042002527,Greenfield Elementary,Botetourt County Public Schools,Troutville,435,156,Yes participating without using any Provision or the CEO,false
510174000706,Greensville County High,Greensville County Public Schools,Emporia,584,589,Yes under Community Eligibility Option (CEO),true
510174001827,Greensville Elementary,Greensville County Public Schools,Emporia,985,989,Yes under Community Eligibility Option (CEO),false
510132002786,Greenville Elementary,Fauquier County Public Schools,Nokesville,449,52,Yes participating without using any Provision or the CEO,false
510189002441,Greenwood Elementary,Henrico County Public Schools,Glen Allen,649,589,Yes under Community Eligibility Option (CEO),false
510147002808,Greenwood Mill Elementary,Frederick County Public Schools,Winchester,599,235,Yes participating without using any Provision or the CEO,false
510294001216,Gretna Elementary,Pittsylvania County Public Schools,Gretna,493,409,Yes under Community Eligibility Option (CEO),false
510294001218,Gretna High,Pittsylvania County Public Schools,Gretna,507,433,Yes under Community Eligibility Option (CEO),false
510294001217,Gretna Middle,Pittsylvania County Public Schools,Gretna,385,327,Yes under Community Eligibility Option (CEO),true
510111000391,Grove Park Preschool,Danville City Public Schools,Danville,122,124,Yes under Community Eligibility Option (CEO),false
510126000488,Groveton Elementary,Fairfax County Public Schools,Alexandria,764,639,Yes under Community Eligibility Option (CEO),false
510051000198,Grundy High,Buchanan County Public Schools,Grundy,352,346,Yes under Community Eligibility Option (CEO),true
510225000918,Guilford Elementary,Loudoun County Public Schools,Sterling,504,501,Yes participating without using any Provision or the CEO,false
510126000490,Gunston Elementary,Fairfax County Public Schools,Lorton,530,209,Yes participating without using any Provision or the CEO,false
510027000752,Gunston Middle,Arlington County Public Schools,Arlington,1072,343,Yes participating without using any Provision or the CEO,false
510030001901,Guy K. Stump Elementary,Augusta County Public Schools,Stuarts Draft,457,305,Yes under Community Eligibility Option (CEO),false
510366001199,H.h. Poole Middle,Stafford County Public Schools,Stafford,995,395,Yes participating without using any Provision or the CEO,false
510132000608,H.m. Pearson Elementary,Fauquier County Public Schools,Catlett,388,171,Yes participating without using any Provision or the CEO,false
510177001848,Halifax County High,Halifax County Public Schools,South Boston,1282,1269,Yes under Community Eligibility Option (CEO),true
510177000714,Halifax County Middle,Halifax County Public Schools,South Boston,847,835,Yes under Community Eligibility Option (CEO),false
510126001093,Halley Elementary,Fairfax County Public Schools,Fairfax Station,608,250,Yes participating without using any Provision or the CEO,false
510225000919,Hamilton Elementary,Loudoun County Public Schools,Hamilton,170,23,Yes participating without using any Provision or the CEO,false
510212000885,Hamilton Holmes Middle,King William County Public Schools,King William,445,181,Yes participating without using any Provision or the CEO,false
510180000742,Hampton High,Hampton City Public Schools,Hampton,1301,1199,Yes under Community Eligibility Option (CEO),true
510366000265,Hampton Oaks Elementary,Stafford County Public Schools,Stafford,887,295,Yes participating without using any Provision or the CEO,false
510183002338,Hanover High,Hanover County Public Schools,Mechanicsville,1349,279,Yes participating without using any Provision or the CEO,false
510288001186,Hardin Reynolds Memorial School,Patrick County Public Schools,Critz,203,200,Yes under Community Eligibility Option (CEO),false
510252001024,Harding Avenue Elementary,Montgomery County Public Schools,Blacksburg,279,66,Yes participating without using any Provision or the CEO,false
510201000873,Hardy Elementary,Isle of Wight County Public Schools,Smithfield,649,455,Yes under Community Eligibility Option (CEO),false
510225002831,Harmony Middle,Loudoun County Public Schools,Hamilton,1115,136,Yes participating without using any Provision or the CEO,false
510189000822,Harold Macon Ratcliffe Elementary,Henrico County Public Schools,Richmond,417,374,Yes under Community Eligibility Option (CEO),false
510225001913,Harper Park Middle,Loudoun County Public Schools,Leesburg,858,298,Yes participating without using any Provision or the CEO,false
510222000905,Harrington Waddell Elementary,Lexington City Public Schools,Lexington,350,89,Yes participating without using any Provision or the CEO,false
510364002317,Harrison Road Elementary,Spotsylvania County Public Schools,Fredericksburg,732,533,Yes under Community Eligibility Option (CEO),false
510186000782,Harrisonburg High,Harrisonburg City Public Schools,Harrisonburg,998,866,Yes under Community Eligibility Option (CEO),true
510084000332,Harrowgate Elementary,Chesterfield County Public Schools,Chester,486,370,Yes under Community Eligibility Option (CEO),false
510198000357,Harry E. James Elementary,Hopewell City Public Schools,Hopewell,535,543,Yes under Community Eligibility Option (CEO),false
510366001599,Hartwood Elementary,Stafford County Public Schools,Hartwood,627,188,Yes participating without using any Provision or the CEO,false
510189002788,Harvie Elementary,Henrico County Public Schools,Richmond,497,443,Yes under Community Eligibility Option (CEO),false
510126000491,Haycock Elementary,Fairfax County Public Schools,Falls Church,838,37,Yes participating without using any Provision or the CEO,false
510126000492,Hayfield Elementary,Fairfax County Public Schools,Alexandria,600,120,Yes participating without using any Provision or the CEO,false
510126000493,Hayfield Secondary,Fairfax County Public Schools,Alexandria,3256,1084,Yes participating without using any Provision or the CEO,false
510313002968,Haymarket Elementary,Prince William County Public Schools,Haymarket,963,217,Yes participating without using any Provision or the CEO,false
510189000804,Henrico High,Henrico County Public Schools,Richmond,1300,1128,Yes under Community Eligibility Option (CEO),false
510189003098,Henrico Virtual Academy,Henrico County Public Schools,Henrico,526,,No,false
510225003136,Henrietta Lacks Elementary,Loudoun County Public Schools,Aldie,780,67,Yes participating without using any Provision or the CEO,false
510189001128,Henry D. Ward Elementary,Henrico County Public Schools,Richmond,526,470,Yes under Community Eligibility Option (CEO),false
510324001370,Henry Marsh III Elementary,Richmond City Public Schools,Richmond,512,500,Yes under Community Eligibility Option (CEO),false
510313001951,Herbert J. Saunders Middle,Prince William County Public Schools,Manassas,1198,833,Yes under Community Eligibility Option (CEO),false
510234000959,Heritage Elementary,Lynchburg City Public Schools,Lynchburg,448,386,Yes under Community Eligibility Option (CEO),false
510225002285,Heritage High,Loudoun County Public Schools,Leesburg,1475,542,Yes participating without using any Provision or the CEO,false
510234000960,Heritage High,Lynchburg City Public Schools,Lynchburg,1113,1056,Yes under Community Eligibility Option (CEO),true
510264001451,Heritage High,Newport News City Public Schools,Newport News,1106,1051,Yes under Community Eligibility Option (CEO),true
510333001452,Herman L. Horn Elementary,Roanoke County Public Schools,Vinton,399,329,Yes under Community Eligibility Option (CEO),false
510384001688,Hermitage Elementary,Virginia Beach City Public Schools,Virginia Beach,552,236,Yes participating without using any Provision or the CEO,false
510189000806,Hermitage High,Henrico County Public Schools,Richmond,1719,1547,Yes under Community Eligibility Option (CEO),false
510126000494,Herndon Elementary,Fairfax County Public Schools,Herndon,792,589,Yes under Community Eligibility Option (CEO),false
510126000495,Herndon High,Fairfax County Public Schools,Herndon,2261,1119,Yes participating without using any Provision or the CEO,false
510126000496,Herndon Middle,Fairfax County Public Schools,Herndon,895,583,Yes under Community Eligibility Option (CEO),false
510081000298,Hickory Elementary,Chesapeake City Public Schools,Chesapeake,695,109,Yes participating without using any Provision or the CEO,false
510081001482,Hickory High,Chesapeake City Public Schools,Chesapeake,1600,185,Yes participating without using any Provision or the CEO,false
510081000297,Hickory Middle,Chesapeake City Public Schools,Chesapeake,1285,181,Yes participating without using any Provision or the CEO,false
510333002308,Hidden Valley High,Roanoke County Public Schools,Roanoke,832,217,Yes participating without using any Provision or the CEO,false
510333001460,Hidden Valley Middle,Roanoke County Public Schools,Roanoke,581,176,Yes participating without using any Provision or the CEO,false
510264001051,Hidenwood Elementary,Newport News City Public Schools,Newport News,476,476,Yes under Community Eligibility Option (CEO),false
510390001744,High Point Elementary,Washington County Public Schools,Bristol,582,443,Yes under Community Eligibility Option (CEO),false
510195000861,Highland Elementary,Highland County Public Schools,Monterey,105,50,Yes participating without using any Provision or the CEO,false
510195000862,Highland High,Highland County Public Schools,Monterey,103,42,Yes participating without using any Provision or the CEO,true
510330002161,Highland Park Elementary,Roanoke City Public Schools,Roanoke,362,368,Yes under Community Eligibility Option (CEO),false
510189000808,Highland Springs Elementary,Henrico County Public Schools,Highland Springs,469,419,Yes under Community Eligibility Option (CEO),false
510189000809,Highland Springs High,Henrico County Public Schools,Highland Springs,1928,1672,Yes under Community Eligibility Option (CEO),true
510387001636,Hilda J. Barbour Elementary,Warren County Public Schools,Front Royal,453,338,Yes under Community Eligibility Option (CEO),false
510371002777,Hillpoint Elementary,Suffolk City Public Schools,Suffolk,780,540,Yes under Community Eligibility Option (CEO),false
510225003028,Hillsboro Charter Academy,Loudoun County Public Schools,Purcellville,144,15,Yes participating without using any Provision or the CEO,false
510225001855,Hillside Elementary,Loudoun County Public Schools,Ashburn,656,109,Yes participating without using any Provision or the CEO,false
510069000247,Hillsville Elementary,Carroll County Public Schools,Hillsville,461,426,Yes under Community Eligibility Option (CEO),false
510348001533,Hilton Elementary,Scott County Public Schools,Hiltons,159,122,Yes under Community Eligibility Option (CEO),false
510264001052,Hilton Elementary,Newport News City Public Schools,Newport News,368,365,Yes under Community Eligibility Option (CEO),false
510300001249,Hodges Manor Elementary,Portsmouth City Public Schools,Portsmouth,466,472,Yes under Community Eligibility Option (CEO),false
510027001900,Hoffman-Boston Elementary,Arlington County Public Schools,Arlington,592,259,Yes participating without using any Provision or the CEO,false
510384001689,Holland Elementary,Virginia Beach City Public Schools,Virginia Beach,435,439,Yes under Community Eligibility Option (CEO),false
510126000499,Hollin Meadows Elementary,Fairfax County Public Schools,Alexandria,594,453,Yes under Community Eligibility Option (CEO),false
510009000022,Hollymead Elementary,Albemarle County Public Schools,Charlottesville,452,101,Yes participating without using any Provision or the CEO,false
510189002833,Holman Middle,Henrico County Public Schools,Glen Allen,862,334,Yes participating without using any Provision or the CEO,false
510126000500,Holmes Middle,Fairfax County Public Schools,Alexandria,881,634,Yes under Community Eligibility Option (CEO),false
510390001745,Holston High,Washington County Public Schools,Damascus,254,190,Yes under Community Eligibility Option (CEO),false
510264001050,Homer L. Hines Middle,Newport News City Public Schools,Newport News,846,823,Yes under Community Eligibility Option (CEO),false
510342001521,Honaker Elementary,Russell County Public Schools,Honaker,712,649,Yes under Community Eligibility Option (CEO),false
510342001522,Honaker High,Russell County Public Schools,Honaker,422,376,Yes under Community Eligibility Option (CEO),false
510198000867,Hopewell High,Hopewell City Public Schools,Hopewell,1136,1150,Yes under Community Eligibility Option (CEO),true
510084000333,Hopkins Road Elementary,Chesterfield County Public Schools,North Chesterfield,776,595,Yes under Community Eligibility Option (CEO),false
510225001914,Horizon Elementary,Loudoun County Public Schools,Sterling,510,163,Yes participating without using any Provision or the CEO,false
510225003086,Hovatter Elementary,Loudoun County Public Schools,Aldie,810,30,Yes participating without using any Provision or the CEO,false
510036000149,Huddleston Elementary,Bedford County Public Schools,Huddleston,221,225,Yes under Community Eligibility Option (CEO),false
510151000660,Hugh Mercer Elementary,Fredericksburg City Public Schools,Fredericksburg,859,776,Yes under Community Eligibility Option (CEO),false
510126001839,Hughes Middle,Fairfax County Public Schools,Reston,1012,419,Yes participating without using any Provision or the CEO,false
510081001672,Hugo A. Owens Middle,Chesapeake City Public Schools,Chesapeake,1286,324,Yes participating without using any Provision or the CEO,false
510324002083,Huguenot High,Richmond City Public Schools,Richmond,1469,1380,Yes under Community Eligibility Option (CEO),true
510189002440,Hungary Creek Middle,Henrico County Public Schools,Glen Allen,834,753,Yes under Community Eligibility Option (CEO),false
510126000501,Hunt Valley Elementary,Fairfax County Public Schools,Springfield,735,86,Yes participating without using any Provision or the CEO,false
510180002811,Hunter B. Andrews,Hampton City Public Schools,Hampton,1081,915,Yes under Community Eligibility Option (CEO),true
510126000502,Hunters Woods Elementary School for the Arts and Sciences,Fairfax County Public Schools,Reston,726,166,Yes participating without using any Provision or the CEO,false
510264001055,Huntington Middle,Newport News City Public Schools,Newport News,292,289,Yes under Community Eligibility Option (CEO),false
510051002052,Hurley Elementary/Middle,Buchanan County Public Schools,Hurley,323,326,Yes under Community Eligibility Option (CEO),false
510051000200,Hurley High,Buchanan County Public Schools,Hurley,194,188,Yes under Community Eligibility Option (CEO),true
510330001423,Hurt Park Elementary,Roanoke City Public Schools,Roanoke,321,325,Yes under Community Eligibility Option (CEO),false
510126000460,Hutchison Elementary,Fairfax County Public Schools,Herndon,970,896,Yes under Community Eligibility Option (CEO),false
510225002286,Hutchison Farm Elementary,Loudoun County Public Schools,South Riding,672,205,Yes participating without using any Provision or the CEO,false
510126000503,Hybla Valley Elementary,Fairfax County Public Schools,Alexandria,878,870,Yes under Community Eligibility Option (CEO),false
510300001250,I.c. Norcom High,Portsmouth City Public Schools,Portsmouth,1009,1016,Yes under Community Eligibility Option (CEO),true
510169000696,Independence Elementary,Grayson County Public Schools,Independence,287,267,Yes under Community Eligibility Option (CEO),false
510225003061,Independence High,Loudoun County Public Schools,Ashburn,2166,230,Yes participating without using any Provision or the CEO,false
510169002189,Independence Middle,Grayson County Public Schools,Independence,280,260,Yes under Community Eligibility Option (CEO),false
510384001690,Independence Middle,Virginia Beach City Public Schools,Virginia Beach,1193,564,Yes participating without using any Provision or the CEO,false
510147002121,Indian Hollow Elementary,Frederick County Public Schools,Winchester,398,303,Yes under Community Eligibility Option (CEO),false
510384001880,Indian Lakes Elementary,Virginia Beach City Public Schools,Virginia Beach,516,204,Yes participating without using any Provision or the CEO,false
510081000299,Indian River High,Chesapeake City Public Schools,Chesapeake,1634,1187,Yes under Community Eligibility Option (CEO),false
510081000300,Indian River Middle,Chesapeake City Public Schools,Chesapeake,743,536,Yes under Community Eligibility Option (CEO),false
510135000620,Indian Valley Elementary,Floyd County Public Schools,Radford,110,90,Yes under Community Eligibility Option (CEO),false
510267001100,Ingleside Elementary,Norfolk City Public Schools,Norfolk,574,580,Yes under Community Eligibility Option (CEO),false
510027001067,Innovation Elementary,Arlington County Public Schools,Arlington,483,206,Yes participating without using any Provision or the CEO,false
510313003125,Innovation Elementary,Prince William County Public Schools,Manassas,565,400,Yes under Community Eligibility Option (CEO),false
510027003068,Integration Station,Arlington County Public Schools,Arlington,34,,No,false
510126000504,Irving Middle,Fairfax County Public Schools,Springfield,1204,188,Yes participating without using any Provision or the CEO,false
510126002334,Island Creek Elementary,Fairfax County Public Schools,Alexandria,686,97,Yes participating without using any Provision or the CEO,false
510009000028,Ivy Elementary,Albemarle County Public Schools,Charlottesville,358,30,Yes participating without using any Provision or the CEO,false
510402002815,J. Blaine Blayton Elementary,Williamsburg-James City County Public Schools,Williamsburg,481,211,Yes participating without using any Provision or the CEO,false
510339001498,J. Frank Hillyard Middle,Rockingham County Public Schools,Broadway,726,480,Yes under Community Eligibility Option (CEO),false
510225000921,J. Lupton Simpson Middle,Loudoun County Public Schools,Leesburg,874,263,Yes participating without using any Provision or the CEO,false
510225002853,J. Michael Lunsford Middle,Loudoun County Public Schools,Chantilly,1182,218,Yes participating without using any Provision or the CEO,false
510084000334,J.a. Chalkley Elementary,Chesterfield County Public Schools,Chesterfield,835,649,Yes under Community Eligibility Option (CEO),false
510324001863,J.b. Fisher Elementary,Richmond City Public Schools,Richmond,285,287,Yes under Community Eligibility Option (CEO),false
510084000335,J.b. Watkins Elementary,Chesterfield County Public Schools,Midlothian,913,160,Yes participating without using any Provision or the CEO,false
510309001276,J.e.j. Moore Middle,Prince George County Public Schools,Disputanta,1387,549,Yes participating without using any Provision or the CEO,false
510084000336,J.g. Hening Elementary,Chesterfield County Public Schools,North Chesterfield,877,679,Yes under Community Eligibility Option (CEO),false
510276001162,J.i. Burton High,Norton City Public Schools,Norton,328,325,Yes under Community Eligibility Option (CEO),true
510324001378,J.l. Francis Elementary,Richmond City Public Schools,Richmond,526,522,Yes under Community Eligibility Option (CEO),false
510408001790,J.w. Adams Combined,Wise County Public Schools,Pound,523,448,Yes under Community Eligibility Option (CEO),true
510313002417,J.w. Alvey Elementary,Prince William County Public Schools,Haymarket,523,50,Yes participating without using any Provision or the CEO,false
510189000812,Jackson Davis Elementary,Henrico County Public Schools,Richmond,535,473,Yes under Community Eligibility Option (CEO),false
510411001799,Jackson Memorial Elementary,Wythe County Public Schools,Austinville,229,187,Yes under Community Eligibility Option (CEO),false
510126000530,Jackson Middle,Fairfax County Public Schools,Falls Church,991,524,Yes participating without using any Provision or the CEO,false
510009000024,Jackson P. Burley Middle,Albemarle County Public Schools,Charlottesville,534,337,Yes under Community Eligibility Option (CEO),false
510078000276,Jackson-Via Elementary,Charlottesville City Public Schools,Charlottesville,370,374,Yes under Community Eligibility Option (CEO),false
510189000813,Jacob L. Adams Elementary,Henrico County Public Schools,Richmond,453,403,Yes under Community Eligibility Option (CEO),false
510084002098,Jacobs Road Elementary,Chesterfield County Public Schools,Chesterfield,716,552,Yes under Community Eligibility Option (CEO),false
510267001101,Jacox Elementary,Norfolk City Public Schools,Norfolk,596,592,Yes under Community Eligibility Option (CEO),false
510402003054,James Blair Middle,Williamsburg-James City County Public Schools,Williamsburg,505,329,Yes under Community Eligibility Option (CEO),false
510132002533,James G. Brumfield Elementary,Fauquier County Public Schools,Warrenton,496,173,Yes participating without using any Provision or the CEO,false
510120000420,James H. Cary Intermediate,Essex County Public Schools,Tappahannock,299,298,Yes under Community Eligibility Option (CEO),false
510012000043,James K. Polk Elementary,Alexandria City Public Schools,Alexandria,804,609,Yes under Community Eligibility Option (CEO),false
510330001424,James Madison Middle,Roanoke City Public Schools,Roanoke,598,596,Yes under Community Eligibility Option (CEO),false
510267002211,James Monroe Elementary,Norfolk City Public Schools,Norfolk,299,298,Yes under Community Eligibility Option (CEO),false
510151000661,James Monroe High,Fredericksburg City Public Schools,Fredericksburg,1013,935,Yes under Community Eligibility Option (CEO),false
510402000705,James River Elementary,Williamsburg-James City County Public Schools,Williamsburg,449,289,Yes under Community Eligibility Option (CEO),false
510042000171,James River High,Botetourt County Public Schools,Buchanan,464,169,Yes participating without using any Provision or the CEO,false
510084000766,James River High,Chesterfield County Public Schools,Midlothian,1842,581,Yes participating without using any Provision or the CEO,false
510048000182,James S. Russell Middle,Brunswick County Public Schools,Lawrenceville,288,290,Yes under Community Eligibility Option (CEO),true
510147000652,James Wood High,Frederick County Public Schools,Winchester,1462,471,Yes participating without using any Provision or the CEO,false
510147000523,James Wood Middle,Frederick County Public Schools,Winchester,873,612,Yes under Community Eligibility Option (CEO),false
510027000097,Jamestown Elementary,Arlington County Public Schools,Arlington,456,13,Yes participating without using any Provision or the CEO,false
510402001665,Jamestown High,Williamsburg-James City County Public Schools,Williamsburg,1243,310,Yes participating without using any Provision or the CEO,false
510180000743,Jane H. Bryan Elementary,Hampton City Public Schools,Hampton,367,335,Yes under Community Eligibility Option (CEO),false
510036002175,Jefferson Forest High,Bedford County Public Schools,Forest,1282,285,Yes participating without using any Provision or the CEO,false
510027000098,Jefferson Middle,Arlington County Public Schools,Arlington,1120,482,Yes participating without using any Provision or the CEO,false
510012000044,Jefferson-Houston PK-8 School,Alexandria City Public Schools,Alexandria,506,430,Yes under Community Eligibility Option (CEO),true
510236000977,Jennie Dean Elementary,Manassas City Public Schools,Manassas,579,516,Yes under Community Eligibility Option (CEO),false
510129002971,Jessie Thackrey Preschool,Falls Church City Public Schools,Falls Church,73,21,Yes participating without using any Provision or the CEO,false
510015200369,Jeter-Watson Elementary,Alleghany Highlands Public Schools,Covington,491,409,Yes under Community Eligibility Option (CEO),false
510012000045,John Adams Elementary,Alexandria City Public Schools,Alexandria,743,823,Yes under Community Eligibility Option (CEO),false
510384001691,John B. Dey Elementary,Virginia Beach City Public Schools,Virginia Beach,744,155,Yes participating without using any Provision or the CEO,false
510339001869,John C. Myers Elementary,Rockingham County Public Schools,Broadway,473,314,Yes under Community Eligibility Option (CEO),false
510225002865,John Champe High,Loudoun County Public Schools,Aldie,1851,417,Yes participating without using any Provision or the CEO,false
510313003065,John D. Jenkins Elementary,Prince William County Public Schools,Woodbridge,634,445,Yes under Community Eligibility Option (CEO),false
510371001621,John F. Kennedy Middle,Suffolk City Public Schools,Suffolk,498,342,Yes under Community Eligibility Option (CEO),false
510313001303,John F. Pattie Sr. Elementary,Prince William County Public Schools,Dumfries,906,674,Yes under Community Eligibility Option (CEO),false
510405001780,John Handley High,Winchester City Public Schools,Winchester,1361,1150,Yes under Community Eligibility Option (CEO),false
510405003024,John Kerr Elementary,Winchester City Public Schools,Winchester,583,486,Yes under Community Eligibility Option (CEO),false
510294001219,John L. Hurt Elementary,Pittsylvania County Public Schools,Hurt,257,225,Yes under Community Eligibility Option (CEO),false
510264002857,John Marshall Early Childhood Center,Newport News City Public Schools,Newport News,213,213,Yes under Community Eligibility Option (CEO),false
510324002080,John Marshall High,Richmond City Public Schools,Richmond,645,863,Yes under Community Eligibility Option (CEO),true
510318001858,John N. Dalton Intermediate,Radford City Public Schools,Radford,265,216,Yes under Community Eligibility Option (CEO),false
510330001434,John P. Fishwick Middle,Roanoke City Public Schools,Roanoke,456,445,Yes under Community Eligibility Option (CEO),true
510189000811,John Randolph Tucker High,Henrico County Public Schools,Richmond,2132,1885,Yes under Community Eligibility Option (CEO),true
510189001850,John Rolfe Middle,Henrico County Public Schools,Richmond,874,779,Yes under Community Eligibility Option (CEO),false
510390001746,John S. Battle High,Washington County Public Schools,Bristol,613,463,Yes under Community Eligibility Option (CEO),false
510225002287,John W. Tolbert Jr. Elementary,Loudoun County Public Schools,Leesburg,617,165,Yes participating without using any Provision or the CEO,false
510339001499,John W. Wayland Elementary,Rockingham County Public Schools,Bridgewater,526,223,Yes participating without using any Provision or the CEO,false
510371001623,John Yeates Middle,Suffolk City Public Schools,Suffolk,509,354,Yes under Community Eligibility Option (CEO),false
510078000266,Johnson Elementary,Charlottesville City Public Schools,Charlottesville,327,258,Yes under Community Eligibility Option (CEO),false
510126000518,Johnson Middle,Fairfax County Public Schools,Fairfax,1165,420,Yes participating without using any Provision or the CEO,false
510087000353,Johnson-Williams Middle,Clarke County Public Schools,Berryville,415,139,Yes participating without using any Provision or the CEO,false
510081001954,Jolliff Middle,Chesapeake City Public Schools,Chesapeake,753,556,Yes under Community Eligibility Option (CEO),false
510219000896,Jonesville Middle,Lee County Public Schools,Jonesville,231,231,Yes under Community Eligibility Option (CEO),false
510147003071,Jordan Springs Elementary,Frederick County Public Schools,Stephenson,668,264,Yes participating without using any Provision or the CEO,false
510264001059,Joseph H. Saunders Elementary,Newport News City Public Schools,Newport News,660,666,Yes under Community Eligibility Option (CEO),false
510009000025,Joseph T. Henley Middle,Albemarle County Public Schools,Crozet,847,114,Yes participating without using any Provision or the CEO,false
510228002036,Jouett Elementary,Louisa County Public Schools,Mineral,647,505,Yes under Community Eligibility Option (CEO),false
510009000023,Journey Middle,Albemarle County Public Schools,Charlottesville,646,494,Yes under Community Eligibility Option (CEO),false
510126000505,Justice High,Fairfax County Public Schools,Falls Church,2357,1825,Yes under Community Eligibility Option (CEO),false
510393001755,Kate Collins Middle,Waynesboro City Public Schools,Waynesboro,602,568,Yes under Community Eligibility Option (CEO),false
510366002320,Kate Waller Barrett Elementary,Stafford County Public Schools,Stafford,838,739,Yes under Community Eligibility Option (CEO),false
510264001061,Katherine Johnson Elementary,Newport News City Public Schools,Newport News,553,545,Yes under Community Eligibility Option (CEO),false
510180000747,Kecoughtan High,Hampton City Public Schools,Hampton,1553,1448,Yes under Community Eligibility Option (CEO),false
510126000508,Keene Mill Elementary,Fairfax County Public Schools,Springfield,813,167,Yes participating without using any Provision or the CEO,false
510006000009,Kegotank Elementary,Accomack County Public Schools,Mappsville,501,491,Yes under Community Eligibility Option (CEO),false
510186000783,Keister Elementary,Harrisonburg City Public Schools,Harrisonburg,475,404,Yes under Community Eligibility Option (CEO),false
510384001693,Kempsville Elementary,Virginia Beach City Public Schools,Virginia Beach,498,187,Yes participating without using any Provision or the CEO,false
510384001694,Kempsville High,Virginia Beach City Public Schools,Virginia Beach,2046,838,Yes participating without using any Provision or the CEO,false
510384001696,Kempsville Meadows Elementary,Virginia Beach City Public Schools,Virginia Beach,438,192,Yes participating without using any Provision or the CEO,false
510384001695,Kempsville Middle,Virginia Beach City Public Schools,Virginia Beach,727,309,Yes participating without using any Provision or the CEO,false
510231000946,Kenbridge Elementary,Lunenburg County Public Schools,Kenbridge,372,349,Yes under Community Eligibility Option (CEO),false
510027000099,Kenmore Middle,Arlington County Public Schools,Arlington,1053,578,Yes under Community Eligibility Option (CEO),false
510225002809,Kenneth W.culbert Elementary,Loudoun County Public Schools,Hamilton,417,42,Yes participating without using any Provision or the CEO,false
510126000509,Kent Gardens Elementary,Fairfax County Public Schools,McLean,918,37,Yes participating without using any Provision or the CEO,false
510294001220,Kentuck Elementary,Pittsylvania County Public Schools,Ringgold,478,417,Yes under Community Eligibility Option (CEO),false
510313001304,Kerrydale Elementary,Prince William County Public Schools,Woodbridge,298,217,Yes under Community Eligibility Option (CEO),false
510183002506,Kersey Creek Elementary,Hanover County Public Schools,Mechanicsville,672,108,Yes participating without using any Provision or the CEO,false
510132002785,Kettle Run High,Fauquier County Public Schools,Nokesville,1175,159,Yes participating without using any Provision or the CEO,false
510126000510,Key Center,Fairfax County Public Schools,Springfield,43,33,Yes participating without using any Provision or the CEO,false
510126000511,Key Middle,Fairfax County Public Schools,Springfield,700,524,Yes under Community Eligibility Option (CEO),false
510371001877,Kilby Shores Elementary,Suffolk City Public Schools,Suffolk,494,342,Yes under Community Eligibility Option (CEO),false
510126000512,Kilmer Center,Fairfax County Public Schools,Vienna,57,,No,false
510126000513,Kilmer Middle,Fairfax County Public Schools,Vienna,1199,,Yes participating without using any Provision or the CEO,false
510264000358,Kiln Creek Elementary,Newport News City Public Schools,Newport News,553,568,Yes under Community Eligibility Option (CEO),false
510207000879,King & Queen Elementary,King and Queen County Public Schools,King and Queen Courthouse,168,163,Yes under Community Eligibility Option (CEO),false
510210000881,King George Elementary,King George County Public Schools,King George,683,454,Yes under Community Eligibility Option (CEO),false
510210000882,King George High,King George County Public Schools,King George,1492,451,Yes participating without using any Provision or the CEO,false
510210000883,King George Middle,King George County Public Schools,King George,1097,363,Yes participating without using any Provision or the CEO,false
510212000886,King William High,King William County Public Schools,King William,685,283,Yes participating without using any Provision or the CEO,false
510371002426,King's Fork High,Suffolk City Public Schools,Suffolk,1686,1137,Yes under Community Eligibility Option (CEO),false
510371002321,King's Fork Middle,Suffolk City Public Schools,Suffolk,986,678,Yes under Community Eligibility Option (CEO),false
510384001697,King's Grant Elementary,Virginia Beach City Public Schools,Virginia Beach,475,395,Yes under Community Eligibility Option (CEO),false
510126001840,Kings Glen Elementary,Fairfax County Public Schools,Springfield,476,129,Yes participating without using any Provision or the CEO,false
510126000514,Kings Park Elementary,Fairfax County Public Schools,Springfield,653,148,Yes participating without using any Provision or the CEO,false
510384001698,Kingston Elementary,Virginia Beach City Public Schools,Virginia Beach,518,56,Yes participating without using any Provision or the CEO,false
510252000916,Kipps Elementary,Montgomery County Public Schools,Blacksburg,358,83,Yes participating without using any Provision or the CEO,false
510271000555,Kiptopeke Elementary,Northampton County Public Schools,Cape Charles,300,295,Yes under Community Eligibility Option (CEO),false
510264001068,Knollwood Meadows Elementary,Newport News City Public Schools,Newport News,460,458,Yes under Community Eligibility Option (CEO),false
510313003037,Kyle R. Wilson Elementary,Prince William County Public Schools,Woodbridge,875,625,Yes under Community Eligibility Option (CEO),false
510189001622,L. Douglas Wilder Middle,Henrico County Public Schools,Richmond,758,679,Yes under Community Eligibility Option (CEO),false
510408001797,L.f. Addington Middle,Wise County Public Schools,Wise,387,455,Yes under Community Eligibility Option (CEO),false
510264001060,L.f. Palmer Elementary,Newport News City Public Schools,Newport News,465,457,Yes under Community Eligibility Option (CEO),false
510309001277,L.l. Beazley Elementary,Prince George County Public Schools,Prince George,507,334,Yes participating without using any Provision or the CEO,false
510189000814,Laburnum Elementary,Henrico County Public Schools,Richmond,466,416,Yes under Community Eligibility Option (CEO),false
510339002163,Lacey Spring Elementary,Rockingham County Public Schools,Harrisonburg,350,256,Yes under Community Eligibility Option (CEO),false
510246001006,Lacrosse Elementary,Mecklenburg County Public Schools,La Crosse,353,326,Yes under Community Eligibility Option (CEO),false
510151002468,Lafayette Elementary,Fredericksburg City Public Schools,Fredericksburg,812,737,Yes under Community Eligibility Option (CEO),false
510402001773,Lafayette High,Williamsburg-James City County Public Schools,Williamsburg,1247,806,Yes under Community Eligibility Option (CEO),false
510126000515,Lake Anne Elementary,Fairfax County Public Schools,Reston,616,304,Yes participating without using any Provision or the CEO,false
510126000516,Lake Braddock Secondary,Fairfax County Public Schools,Burke,4411,927,Yes participating without using any Provision or the CEO,false
510313001997,Lake Ridge Elementary,Prince William County Public Schools,Woodbridge,671,472,Yes under Community Eligibility Option (CEO),false
510313002158,Lake Ridge Middle,Prince William County Public Schools,Woodbridge,1487,1031,Yes under Community Eligibility Option (CEO),false
510267001105,Lake Taylor,Norfolk City Public Schools,Norfolk,664,656,Yes under Community Eligibility Option (CEO),true
510267001104,Lake Taylor High,Norfolk City Public Schools,Norfolk,1107,1030,Yes under Community Eligibility Option (CEO),true
510371002219,Lakeland High,Suffolk City Public Schools,Suffolk,1045,722,Yes under Community Eligibility Option (CEO),false
510291001200,Lakemont Elementary,Petersburg City Public Schools,Petersburg,393,368,Yes under Community Eligibility Option (CEO),false
510189000815,Lakeside Elementary,Henrico County Public Schools,Richmond,397,357,Yes under Community Eligibility Option (CEO),false
510009000751,Lakeside Middle,Albemarle County Public Schools,Charlottesville,574,155,Yes participating without using any Provision or the CEO,false
510096000364,Lakeview Elementary,Colonial Heights City Public Schools,Colonial Heights,422,404,Yes under Community Eligibility Option (CEO),false
510300001254,Lakeview Elementary,Portsmouth City Public Schools,Portsmouth,439,440,Yes under Community Eligibility Option (CEO),false
510216003099,Lancaster Early Childhood Education Center,Lancaster County Public Schools,Kilmarnock,74,,No,false
510216000888,Lancaster Elementary,Lancaster County Public Schools,Kilmarnock,542,632,Yes under Community Eligibility Option (CEO),false
510216000887,Lancaster High,Lancaster County Public Schools,Lancaster,402,402,Yes under Community Eligibility Option (CEO),false
510384000674,Landstown Elementary,Virginia Beach City Public Schools,Virginia Beach,632,262,Yes participating without using any Provision or the CEO,false
510384002323,Landstown High,Virginia Beach City Public Schools,Virginia Beach,2152,810,Yes participating without using any Provision or the CEO,false
510384000436,Landstown Middle,Virginia Beach City Public Schools,Virginia Beach,1272,500,Yes participating without using any Provision or the CEO,false
510126001091,Lane Elementary,Fairfax County Public Schools,Alexandria,716,187,Yes participating without using any Provision or the CEO,false
510126000517,Langley High,Fairfax County Public Schools,McLean,2181,95,Yes participating without using any Provision or the CEO,false
510267001108,Larchmont Elementary,Norfolk City Public Schools,Norfolk,455,454,Yes under Community Eligibility Option (CEO),false
510384001057,Larkspur Middle,Virginia Beach City Public Schools,Virginia Beach,1488,1136,Yes under Community Eligibility Option (CEO),false
510267001109,Larrymore Elementary,Norfolk City Public Schools,Norfolk,584,581,Yes under Community Eligibility Option (CEO),false
510069000250,Laurel Elementary,Carroll County Public Schools,Austinville,199,182,Yes under Community Eligibility Option (CEO),false
510126002802,Laurel Hill Elementary,Fairfax County Public Schools,Lorton,743,222,Yes participating without using any Provision or the CEO,false
510402001776,Laurel Lane Elementary,Williamsburg-James City County Public Schools,Williamsburg,526,387,Yes under Community Eligibility Option (CEO),false
510183002772,Laurel Meadow Elementary,Hanover County Public Schools,Mechanicsville,591,260,Yes participating without using any Provision or the CEO,false
510192000840,Laurel Park Middle,Henry County Public Schools,Martinsville,734,735,Yes under Community Eligibility Option (CEO),false
510126000519,Laurel Ridge Elementary,Fairfax County Public Schools,Fairfax,835,81,Yes participating without using any Provision or the CEO,false
510207000880,Lawson-Marriott Elementary,King and Queen County Public Schools,St Stephens Church,178,182,Yes under Community Eligibility Option (CEO),false
510342001524,Lebanon Elementary,Russell County Public Schools,Lebanon,292,262,Yes under Community Eligibility Option (CEO),false
510342002042,Lebanon High,Russell County Public Schools,Lebanon,571,519,Yes under Community Eligibility Option (CEO),false
510342002461,Lebanon Middle,Russell County Public Schools,Lebanon,301,278,Yes under Community Eligibility Option (CEO),false
510342001523,Lebanon Primary,Russell County Public Schools,Lebanon,267,252,Yes under Community Eligibility Option (CEO),false
510219002152,Lee High,Lee County Public Schools,Jonesville,803,807,Yes under Community Eligibility Option (CEO),true
510364001589,Lee Hill Elementary,Spotsylvania County Public Schools,Fredericksburg,680,449,Yes under Community Eligibility Option (CEO),false
510144000641,Lee M. Waid Elementary,Franklin County Public Schools,Rocky Mount,386,330,Yes under Community Eligibility Option (CEO),false
510126002063,Lees Corner Elementary,Fairfax County Public Schools,Fairfax,547,96,Yes participating without using any Provision or the CEO,false
510225001852,Leesburg Elementary,Loudoun County Public Schools,Leesburg,428,205,Yes participating without using any Provision or the CEO,false
510060000230,Leesville Road Elementary,Campbell County Public Schools,Lynchburg,646,508,Yes under Community Eligibility Option (CEO),false
510313001399,Leesylvania Elementary,Prince William County Public Schools,Woodbridge,759,537,Yes under Community Eligibility Option (CEO),false
510225002452,Legacy Elementary,Loudoun County Public Schools,Ashburn,627,105,Yes participating without using any Provision or the CEO,false
510126000522,Lemon Road Elementary,Fairfax County Public Schools,Falls Church,595,113,Yes participating without using any Provision or the CEO,false
510387001731,Leslie Fox Keyser Elementary,Warren County Public Schools,Front Royal,474,351,Yes under Community Eligibility Option (CEO),false
510009000026,Leslie H. Walton Middle,Albemarle County Public Schools,Charlottesville,339,193,Yes under Community Eligibility Option (CEO),false
510066002784,Lewis and Clark Elementary,Caroline County Public Schools,Ruther Glen,1009,807,Yes under Community Eligibility Option (CEO),false
510126000521,Lewis High,Fairfax County Public Schools,Springfield,1658,1137,Yes under Community Eligibility Option (CEO),false
510225002774,Liberty Elementary,Loudoun County Public Schools,South Riding,813,150,Yes participating without using any Provision or the CEO,false
510132000854,Liberty High,Fauquier County Public Schools,Bealeton,1313,554,Yes participating without using any Provision or the CEO,false
510036000151,Liberty High,Bedford County Public Schools,Bedford,708,513,Yes under Community Eligibility Option (CEO),false
510183000773,Liberty Middle,Hanover County Public Schools,Ashland,910,408,Yes participating without using any Provision or the CEO,false
510036000143,Liberty Middle,Bedford County Public Schools,Bedford,518,450,Yes under Community Eligibility Option (CEO),false
510126002271,Liberty Middle,Fairfax County Public Schools,Clifton,913,345,Yes participating without using any Provision or the CEO,false
510282001173,Lightfoot Elementary,Orange County Public Schools,Unionville,224,157,Yes under Community Eligibility Option (CEO),false
510225003079,Lightridge High,Loudoun County Public Schools,Aldie,2030,209,Yes participating without using any Provision or the CEO,false
510225000922,Lincoln Elementary,Loudoun County Public Schools,Purcellville,91,8,Yes participating without using any Provision or the CEO,false
510330001425,Lincoln Terrace Elementary,Roanoke City Public Schools,Roanoke,287,294,Yes under Community Eligibility Option (CEO),false
510267001112,Lindenwood Elementary,Norfolk City Public Schools,Norfolk,243,242,Yes under Community Eligibility Option (CEO),false
510384001699,Linkhorn Park Elementary,Virginia Beach City Public Schools,Virginia Beach,514,352,Yes under Community Eligibility Option (CEO),false
510234000961,Linkhorne Elementary,Lynchburg City Public Schools,Lynchburg,378,367,Yes under Community Eligibility Option (CEO),false
510234000962,Linkhorne Middle,Lynchburg City Public Schools,Lynchburg,519,491,Yes under Community Eligibility Option (CEO),false
510339001501,Linville-Edom Elementary,Rockingham County Public Schools,Linville,209,132,Yes under Community Eligibility Option (CEO),false
510324001927,Linwood Holton Elementary,Richmond City Public Schools,Richmond,433,449,Yes under Community Eligibility Option (CEO),false
510267001113,Little Creek Elementary,Norfolk City Public Schools,Norfolk,583,590,Yes under Community Eligibility Option (CEO),false
510225002539,Little River Elementary,Loudoun County Public Schools,South Riding,701,117,Yes participating without using any Provision or the CEO,false
510126000525,Little Run Elementary,Fairfax County Public Schools,Fairfax,264,81,Yes participating without using any Provision or the CEO,false
510364001590,Livingston Elementary,Spotsylvania County Public Schools,Spotsylvania,479,312,Yes under Community Eligibility Option (CEO),false
510084000337,Lloyd C. Bird High,Chesterfield County Public Schools,Chesterfield,2131,1577,Yes under Community Eligibility Option (CEO),false
510313001305,Loch Lomond Elementary,Prince William County Public Schools,Manassas,480,336,Yes under Community Eligibility Option (CEO),false
510282002196,Locust Grove Elementary,Orange County Public Schools,Locust Grove,519,361,Yes under Community Eligibility Option (CEO),false
510282002340,Locust Grove Middle,Orange County Public Schools,Locust Grove,685,485,Yes under Community Eligibility Option (CEO),false
510282002854,Locust Grove Primary,Orange County Public Schools,Locust Grove,500,347,Yes under Community Eligibility Option (CEO),false
510324001379,Lois Harrison-Jones Elementary,Richmond City Public Schools,Richmond,262,262,Yes under Community Eligibility Option (CEO),false
510402002830,Lois Hornsby Middle,Williamsburg-James City County Public Schools,Williamsburg,805,276,Yes participating without using any Provision or the CEO,false
510126000526,London Towne Elementary,Fairfax County Public Schools,Centreville,658,455,Yes under Community Eligibility Option (CEO),false
510027000100,Long Branch Elementary,Arlington County Public Schools,Arlington,442,149,Yes participating without using any Provision or the CEO,false
510189000816,Longdale Elementary,Henrico County Public Schools,Glen Allen,476,425,Yes under Community Eligibility Option (CEO),false
510126000527,Longfellow Middle,Fairfax County Public Schools,Falls Church,1226,130,Yes participating without using any Provision or the CEO,false
510042000172,Lord Botetourt High,Botetourt County Public Schools,Daleville,963,277,Yes participating without using any Provision or the CEO,false
510126002335,Lorton Station Elementary,Fairfax County Public Schools,Lorton,745,523,Yes under Community Eligibility Option (CEO),false
510225000923,Loudoun County High,Loudoun County Public Schools,Leesburg,1334,341,Yes participating without using any Provision or the CEO,false
510225000924,Loudoun Valley High,Loudoun County Public Schools,Purcellville,1149,184,Yes participating without using any Provision or the CEO,false
510228000939,Louisa County High,Louisa County Public Schools,Mineral,1601,1053,Yes under Community Eligibility Option (CEO),false
510228001930,Louisa County Middle,Louisa County Public Schools,Mineral,1231,819,Yes under Community Eligibility Option (CEO),false
510313002543,Louise A. Benton Middle,Prince William County Public Schools,Manassas,1339,335,Yes participating without using any Provision or the CEO,false
510225000925,Lovettsville Elementary,Loudoun County Public Schools,Lovettsville,510,81,Yes participating without using any Provision or the CEO,false
510225001633,Lowes Island Elementary,Loudoun County Public Schools,Sterling,528,113,Yes participating without using any Provision or the CEO,false
510324001894,Lucille M. Brown Middle,Richmond City Public Schools,Richmond,605,606,Yes under Community Eligibility Option (CEO),true
510225000926,Lucketts Elementary,Loudoun County Public Schools,Leesburg,242,76,Yes participating without using any Provision or the CEO,false
510231000947,Lunenburg Middle,Lunenburg County Public Schools,Victoria,341,316,Yes under Community Eligibility Option (CEO),false
510285001179,Luray Elementary,Page County Public Schools,Luray,474,443,Yes under Community Eligibility Option (CEO),false
510285001180,Luray High,Page County Public Schools,Luray,452,366,Yes under Community Eligibility Option (CEO),false
510285002799,Luray Middle,Page County Public Schools,Luray,315,310,Yes under Community Eligibility Option (CEO),false
510375001201,Luther P. Jackson Middle,Surry County Public Schools,Dendron,201,186,Yes under Community Eligibility Option (CEO),false
510180000748,Luther W. Machen Elementary,Hampton City Public Schools,Hampton,430,409,Yes under Community Eligibility Option (CEO),false
510384001700,Luxford Elementary,Virginia Beach City Public Schools,Virginia Beach,476,372,Yes under Community Eligibility Option (CEO),false
510222000907,Lylburn Downing Middle,Lexington City Public Schools,Lexington,187,58,Yes participating without using any Provision or the CEO,false
510012000047,Lyles-Crouch Elementary,Alexandria City Public Schools,Alexandria,378,83,Yes participating without using any Provision or the CEO,false
510126000531,Lynbrook Elementary,Fairfax County Public Schools,Springfield,595,556,Yes under Community Eligibility Option (CEO),false
510384001701,Lynnhaven Elementary,Virginia Beach City Public Schools,Virginia Beach,339,341,Yes under Community Eligibility Option (CEO),false
510384001702,Lynnhaven Middle,Virginia Beach City Public Schools,Virginia Beach,727,682,Yes under Community Eligibility Option (CEO),false
510371001895,Mack Benn Jr. Elementary,Suffolk City Public Schools,Suffolk,713,494,Yes under Community Eligibility Option (CEO),false
510159000671,Macy McClaugherty Elementary/Middle,Giles County Public Schools,Pearisburg,440,290,Yes under Community Eligibility Option (CEO),false
510237000972,Madison County High,Madison County Public Schools,Madison,530,351,Yes under Community Eligibility Option (CEO),false
510066000241,Madison Elementary,Caroline County Public Schools,Ruther Glen,456,377,Yes under Community Eligibility Option (CEO),false
510021000010,Madison Heights Elementary,Amherst County Public Schools,Madison Heights,449,377,Yes under Community Eligibility Option (CEO),false
510126000532,Madison High,Fairfax County Public Schools,Vienna,2090,231,Yes participating without using any Provision or the CEO,false
510237000973,Madison Primary,Madison County Public Schools,Madison,365,293,Yes under Community Eligibility Option (CEO),false
510225003026,Madison's Trust Elementary,Loudoun County Public Schools,Ashburn,1004,151,Yes participating without using any Provision or the CEO,false
510192002125,Magna Vista High,Henry County Public Schools,Ridgeway,1147,1125,Yes under Community Eligibility Option (CEO),true
510415001815,Magruder Elementary,York County Public Schools,Williamsburg,610,228,Yes participating without using any Provision or the CEO,false
510384001703,Malibu Elementary,Virginia Beach City Public Schools,Virginia Beach,398,271,Yes under Community Eligibility Option (CEO),false
510239000982,Manassas Park Elementary,Manassas Park City Public Schools,Manassas Park,712,583,Yes under Community Eligibility Option (CEO),false
510239000983,Manassas Park High,Manassas Park City Public Schools,Manassas Park,1070,875,Yes under Community Eligibility Option (CEO),false
510239002227,Manassas Park Middle,Manassas Park City Public Schools,Manassas Park,753,613,Yes under Community Eligibility Option (CEO),false
510084000056,Manchester High,Chesterfield County Public Schools,Midlothian,2236,1654,Yes under Community Eligibility Option (CEO),false
510084000338,Manchester Middle,Chesterfield County Public Schools,North Chesterfield,1109,834,Yes under Community Eligibility Option (CEO),false
510300001255,Manor High,Portsmouth City Public Schools,Portsmouth,1149,1153,Yes under Community Eligibility Option (CEO),true
510126000533,Mantua Elementary,Fairfax County Public Schools,Fairfax,909,143,Yes participating without using any Provision or the CEO,false
510252001025,Margaret Beeks Elementary,Montgomery County Public Schools,Blacksburg,346,138,Yes participating without using any Provision or the CEO,false
510366002463,Margaret Brent Elementary,Stafford County Public Schools,Stafford,796,181,Yes participating without using any Provision or the CEO,false
510132000612,Margaret M. Pierce Elementary,Fauquier County Public Schools,Remington,543,242,Yes participating without using any Provision or the CEO,false
510084001086,Marguerite F. Christian Elementary,Chesterfield County Public Schools,Colonial Heights,642,489,Yes under Community Eligibility Option (CEO),false
510352001561,Marion Elementary,Smyth County Public Schools,Marion,298,299,Yes under Community Eligibility Option (CEO),false
510352001560,Marion Middle,Smyth County Public Schools,Marion,401,401,Yes under Community Eligibility Option (CEO),false
510352001562,Marion Senior High,Smyth County Public Schools,Marion,563,562,Yes under Community Eligibility Option (CEO),false
510126000535,Marshall High,Fairfax County Public Schools,Falls Church,2200,541,Yes participating without using any Provision or the CEO,false
510132000609,Marshall Middle,Fauquier County Public Schools,Marshall,426,142,Yes participating without using any Provision or the CEO,false
510126000536,Marshall Road Elementary,Fairfax County Public Schools,Vienna,691,234,Yes participating without using any Provision or the CEO,false
510313001952,Martin Luther King Jr. Elementary,Prince William County Public Schools,Woodbridge,454,314,Yes under Community Eligibility Option (CEO),false
510324001385,Martin Luther King Jr. Middle,Richmond City Public Schools,Richmond,500,491,Yes under Community Eligibility Option (CEO),true
510324003023,Martin Luther King Jr. Preschool,Richmond City Public Schools,Richmond,185,183,Yes under Community Eligibility Option (CEO),false
510240000988,Martinsville High,Martinsville City Public Schools,Martinsville,540,541,Yes under Community Eligibility Option (CEO),true
510240000989,Martinsville Middle,Martinsville City Public Schools,Martinsville,387,389,Yes under Community Eligibility Option (CEO),true
510313001306,Marumsco Hills Elementary,Prince William County Public Schools,Woodbridge,564,395,Yes under Community Eligibility Option (CEO),false
510267001116,Mary Calcott Elementary,Norfolk City Public Schools,Norfolk,404,403,Yes under Community Eligibility Option (CEO),false
510009000027,Mary Carr Greer Elementary,Albemarle County Public Schools,Charlottesville,520,444,Yes under Community Eligibility Option (CEO),false
510129000284,Mary Ellen Henderson Middle,Falls Church City Public Schools,Falls Church,632,64,Yes participating without using any Provision or the CEO,false
510313002798,Mary G. Porter Traditional,Prince William County Public Schools,Woodbridge,679,252,Yes participating without using any Provision or the CEO,false
510324001383,Mary Munford Elementary,Richmond City Public Schools,Richmond,476,478,Yes under Community Eligibility Option (CEO),false
510264002298,Mary Passage Middle,Newport News City Public Schools,Newport News,931,911,Yes under Community Eligibility Option (CEO),false
510180000746,Mary S. Peake Elementary,Hampton City Public Schools,Hampton,404,373,Yes under Community Eligibility Option (CEO),false
510180000745,Mary T. Christian Elementary,Hampton City Public Schools,Hampton,313,283,Yes under Community Eligibility Option (CEO),false
510180000761,Mary W. Jackson Elementary,Hampton City Public Schools,Hampton,343,328,Yes under Community Eligibility Option (CEO),false
510132001846,Mary Walter Elementary,Fauquier County Public Schools,Bealeton,397,209,Yes participating without using any Provision or the CEO,false
510313002455,Mary Williams Elementary,Prince William County Public Schools,Dumfries,669,474,Yes under Community Eligibility Option (CEO),false
510126002873,Mason Crest Elementary,Fairfax County Public Schools,Annandale,684,405,Yes participating without using any Provision or the CEO,false
510333001461,Mason's Cove Elementary,Roanoke County Public Schools,Salem,204,142,Yes under Community Eligibility Option (CEO),false
510364001881,Massaponax High,Spotsylvania County Public Schools,Fredericksburg,1692,1063,Yes under Community Eligibility Option (CEO),false
510243001388,Mathews Elementary,Mathews County Public Schools,Mathews,281,211,Yes under Community Eligibility Option (CEO),false
510243000993,Mathews High,Mathews County Public Schools,Mathews,333,244,Yes under Community Eligibility Option (CEO),false
510084000339,Matoaca Elementary,Chesterfield County Public Schools,South Chesterfield,676,517,Yes under Community Eligibility Option (CEO),false
510084000340,Matoaca High,Chesterfield County Public Schools,Chesterfield,1624,1205,Yes under Community Eligibility Option (CEO),false
510084000341,Matoaca Middle,Chesterfield County Public Schools,Matoaca,775,591,Yes under Community Eligibility Option (CEO),false
510402002656,Matoaka Elementary,Williamsburg-James City County Public Schools,Williamsburg,595,140,Yes participating without using any Provision or the CEO,false
510267001117,Matthew Fontaine Maury High,Norfolk City Public Schools,Norfolk,1713,1649,Yes under Community Eligibility Option (CEO),false
510402001774,Matthew Whaley Elementary,Williamsburg-James City County Public Schools,Williamsburg,485,310,Yes under Community Eligibility Option (CEO),false
510189000830,Maude Trevvett Elementary,Henrico County Public Schools,Richmond,578,515,Yes under Community Eligibility Option (CEO),false
510337001871,Maury River Middle,Rockbridge County Public Schools,Lexington,481,361,Yes under Community Eligibility Option (CEO),false
510411001803,Max Meadows Elementary,Wythe County Public Schools,Max Meadows,201,166,Yes under Community Eligibility Option (CEO),false
510189000817,Maybeury Elementary,Henrico County Public Schools,Richmond,691,618,Yes under Community Eligibility Option (CEO),false
510236002637,Mayfield Intermediate,Manassas City Public Schools,Manassas,839,661,Yes under Community Eligibility Option (CEO),false
510324001865,Maymont Preschool,Richmond City Public Schools,Richmond,143,143,Yes under Community Eligibility Option (CEO),false
510102000372,McCleary Elementary,Craig County Public Schools,New Castle,229,186,Yes under Community Eligibility Option (CEO),false
510339001503,McGaheysville Elementary,Rockingham County Public Schools,McGaheysville,262,107,Yes participating without using any Provision or the CEO,false
510318001344,McHarg Elementary,Radford City Public Schools,Radford,383,340,Yes under Community Eligibility Option (CEO),false
510126000538,McLean High,Fairfax County Public Schools,McLean,2428,315,Yes participating without using any Provision or the CEO,false
510126002272,McNair Elementary,Fairfax County Public Schools,Herndon,520,254,Yes participating without using any Provision or the CEO,false
510126003078,McNair Upper Elementary,Fairfax County Public Schools,Herndon,605,210,Yes participating without using any Provision or the CEO,false
510192000848,Meadow View Elementary,Henry County Public Schools,Martinsville,659,664,Yes under Community Eligibility Option (CEO),false
510084000342,Meadowbrook High,Chesterfield County Public Schools,North Chesterfield,1953,1439,Yes under Community Eligibility Option (CEO),false
510225001853,Meadowland Elementary,Loudoun County Public Schools,Sterling,403,342,Yes under Community Eligibility Option (CEO),false
510288001187,Meadows of Dan Elementary,Patrick County Public Schools,Meadows of Dan,300,98,Yes under Community Eligibility Option (CEO),false
510390001748,Meadowview Elementary,Washington County Public Schools,Meadowview,544,409,Yes under Community Eligibility Option (CEO),false
510177000716,Meadville Elementary,Halifax County Public Schools,Nathalie,173,174,Yes under Community Eligibility Option (CEO),false
510183000774,Mechanicsville Elementary,Hanover County Public Schools,Mechanicsville,572,577,Yes under Community Eligibility Option (CEO),false
510183000772,Mechanicsville High,Hanover County Public Schools,Mechanicsville,1245,233,Yes participating without using any Provision or the CEO,false
510246003090,Mecklenburg County High,Mecklenburg County Public Schools,Baskerville,1140,1073,Yes under Community Eligibility Option (CEO),false
510246003089,Mecklenburg County Middle,Mecklenburg County Public Schools,Baskerville,819,771,Yes under Community Eligibility Option (CEO),false
510360002312,Meherrin Elementary,Southampton County Public Schools,Newsoms,218,194,Yes under Community Eligibility Option (CEO),false
510048000184,Meherrin Powellton Elementary,Brunswick County Public Schools,Lawrenceville,177,179,Yes under Community Eligibility Option (CEO),false
510264001063,Menchville High,Newport News City Public Schools,Newport News,1707,1634,Yes under Community Eligibility Option (CEO),false
510225002450,Mercer Middle,Loudoun County Public Schools,Aldie,1459,297,Yes participating without using any Provision or the CEO,false
510129000283,Meridian High,Falls Church City Public Schools,Falls Church,893,122,Yes participating without using any Provision or the CEO,false
510006001738,Metompkin Elementary,Accomack County Public Schools,Parksley,435,440,Yes under Community Eligibility Option (CEO),false
510309001283,Middle Road Elementary,Prince George County Public Schools,Prince George,769,473,Yes participating without using any Provision or the CEO,false
510225002970,Middleburg Community Charter,Loudoun County Public Schools,Middleburg,145,,No,false
510249002293,Middlesex Elementary,Middlesex County Public Schools,Locust Hill,620,576,Yes under Community Eligibility Option (CEO),false
510249001012,Middlesex High,Middlesex County Public Schools,Saluda,370,361,Yes under Community Eligibility Option (CEO),false
510147002149,Middletown Elementary,Frederick County Public Schools,Middletown,648,422,Yes under Community Eligibility Option (CEO),false
510084002006,Midlothian High,Chesterfield County Public Schools,Midlothian,2048,308,Yes participating without using any Provision or the CEO,false
510084000343,Midlothian Middle,Chesterfield County Public Schools,Midlothian,1330,185,Yes participating without using any Provision or the CEO,false
510117000414,Midway Elementary,Dinwiddie County Public Schools,Church Road,352,333,Yes under Community Eligibility Option (CEO),false
510324001928,Miles Jones Elementary,Richmond City Public Schools,Richmond,505,500,Yes under Community Eligibility Option (CEO),false
510225002540,Mill Run Elementary,Loudoun County Public Schools,Ashburn,636,67,Yes participating without using any Provision or the CEO,false
510033000140,Millboro Elementary,Bath County Public Schools,Millboro,143,141,Yes under Community Eligibility Option (CEO),false
510147002337,Millbrook High,Frederick County Public Schools,Winchester,1550,734,Yes participating without using any Provision or the CEO,false
510189001851,Mills E. Godwin High,Henrico County Public Schools,Richmond,1702,461,Yes participating without using any Provision or the CEO,false
510313001308,Minnieville Elementary,Prince William County Public Schools,Woodbridge,584,412,Yes under Community Eligibility Option (CEO),false
510084001833,Monacan High,Chesterfield County Public Schools,Richmond,1644,1215,Yes under Community Eligibility Option (CEO),false
510021000072,Monelison Middle,Amherst County Public Schools,Madison Heights,469,387,Yes under Community Eligibility Option (CEO),false
510036000152,Moneta Elementary,Bedford County Public Schools,Moneta,218,190,Yes under Community Eligibility Option (CEO),false
510313000192,Montclair Elementary,Prince William County Public Schools,Dumfries,588,415,Yes under Community Eligibility Option (CEO),false
510330001426,Monterey Elementary,Roanoke City Public Schools,Roanoke,508,511,Yes under Community Eligibility Option (CEO),false
510027003063,Montessori Public School of Arlington,Arlington County Public Schools,Arlington,528,149,Yes participating without using any Provision or the CEO,false
510339001975,Montevideo Middle,Rockingham County Public Schools,Penn Laird,593,221,Yes participating without using any Provision or the CEO,false
510009001747,Monticello High,Albemarle County Public Schools,Charlottesville,1184,376,Yes participating without using any Provision or the CEO,false
510189000818,Montrose Elementary,Henrico County Public Schools,Richmond,341,297,Yes under Community Eligibility Option (CEO),false
510398001764,Montross Middle,Westmoreland County Public Schools,Montross,334,337,Yes under Community Eligibility Option (CEO),false
510036000153,Montvale Elementary,Bedford County Public Schools,Montvale,252,258,Yes under Community Eligibility Option (CEO),false
510225002954,Moorefield Station Elementary,Loudoun County Public Schools,Ashburn,963,230,Yes participating without using any Provision or the CEO,false
510330001045,Morningside Elementary,Roanoke City Public Schools,Roanoke,278,282,Yes under Community Eligibility Option (CEO),false
510126000539,Mosaic Elementary,Fairfax County Public Schools,Fairfax,927,247,Yes participating without using any Provision or the CEO,false
510084003092,Moseley Elementary,Chesterfield County Public Schools,Moseley,972,81,Yes participating without using any Provision or the CEO,false
510228002838,Moss-Nuckols Elementary,Louisa County Public Schools,Louisa,637,428,Yes under Community Eligibility Option (CEO),false
510180000757,Moton Early Childhood Center,Hampton City Public Schools,Hampton,226,223,Yes under Community Eligibility Option (CEO),false
510294001221,Mount Airy Elementary,Pittsylvania County Public Schools,Gretna,141,121,Yes under Community Eligibility Option (CEO),false
510129002204,Mount Daniel Elementary,Falls Church City Public Schools,Falls Church,486,76,Yes participating without using any Provision or the CEO,false
510126000540,Mount Eagle Elementary,Fairfax County Public Schools,Alexandria,361,284,Yes under Community Eligibility Option (CEO),false
510300002474,Mount Hermon Preschool Center,Portsmouth City Public Schools,Portsmouth,208,202,Yes under Community Eligibility Option (CEO),false
510192002443,Mount Olivet Elementary,Henry County Public Schools,Martinsville,271,272,Yes under Community Eligibility Option (CEO),false
510333001464,Mount Pleasant Elementary,Roanoke County Public Schools,Roanoke,246,206,Yes under Community Eligibility Option (CEO),false
510012000050,Mount Vernon Elementary,Alexandria City Public Schools,Alexandria,933,384,Yes participating without using any Provision or the CEO,false
510415001816,Mount Vernon Elementary,York County Public Schools,Yorktown,573,143,Yes participating without using any Provision or the CEO,false
510126000542,Mount Vernon High,Fairfax County Public Schools,Alexandria,1858,1060,Yes participating without using any Provision or the CEO,false
510126000543,Mount Vernon Woods Elementary,Fairfax County Public Schools,Alexandria,507,495,Yes under Community Eligibility Option (CEO),false
510337001485,Mountain View Elementary,Rockbridge County Public Schools,Buena Vista,154,150,Yes under Community Eligibility Option (CEO),false
510009002173,Mountain View Elementary,Albemarle County Public Schools,Charlottesville,769,497,Yes under Community Eligibility Option (CEO),false
510015201938,Mountain View Elementary,Alleghany Highlands Public Schools,Covington,415,343,Yes under Community Eligibility Option (CEO),false
510339002545,Mountain View Elementary,Rockingham County Public Schools,Harrisonburg,411,262,Yes under Community Eligibility Option (CEO),false
510313001168,Mountain View Elementary,Prince William County Public Schools,Haymarket,418,62,Yes participating without using any Provision or the CEO,false
510225002415,Mountain View Elementary,Loudoun County Public Schools,Purcellville,649,102,Yes participating without using any Provision or the CEO,false
510333001463,Mountain View Elementary,Roanoke County Public Schools,Roanoke,377,271,Yes under Community Eligibility Option (CEO),false
510126001099,Mountain View High,Fairfax County Public Schools,Centreville,145,68,Yes participating without using any Provision or the CEO,false
510366002464,Mountain View High,Stafford County Public Schools,Stafford,2233,571,Yes participating without using any Provision or the CEO,false
510006002003,Nandua High,Accomack County Public Schools,Onley,621,605,Yes under Community Eligibility Option (CEO),false
510006002433,Nandua Middle,Accomack County Public Schools,Onley,454,445,Yes under Community Eligibility Option (CEO),true
510371001878,Nansemond Parkway Elementary,Suffolk City Public Schools,Suffolk,456,316,Yes under Community Eligibility Option (CEO),false
510371002218,Nansemond River High,Suffolk City Public Schools,Suffolk,1683,1159,Yes under Community Eligibility Option (CEO),false
510012000048,Naomi L. Brooks Elementary,Alexandria City Public Schools,Alexandria,319,120,Yes participating without using any Provision or the CEO,false
510159000672,Narrows Elementary/Middle,Giles County Public Schools,Narrows,514,331,Yes under Community Eligibility Option (CEO),false
510159000673,Narrows High,Giles County Public Schools,Narrows,300,208,Yes under Community Eligibility Option (CEO),false
510171002190,Nathanael Greene Elementary,Greene County Public Schools,Stanardsville,326,225,Yes under Community Eligibility Option (CEO),false
510171000700,Nathanael Greene Primary,Greene County Public Schools,Stanardsville,367,251,Yes under Community Eligibility Option (CEO),false
510337001486,Natural Bridge Elementary,Rockbridge County Public Schools,Natural Bridge Station,230,226,Yes under Community Eligibility Option (CEO),false
510126000544,Navy Elementary,Fairfax County Public Schools,Fairfax,848,50,Yes participating without using any Provision or the CEO,false
510313001309,Neabsco Elementary,Prince William County Public Schools,Woodbridge,635,450,Yes under Community Eligibility Option (CEO),false
510258001032,Nelson County High,Nelson County Public Schools,Lovingston,486,405,Yes under Community Eligibility Option (CEO),false
510258001033,Nelson Middle,Nelson County Public Schools,Lovingston,328,279,Yes under Community Eligibility Option (CEO),false
510384001931,New Castle Elementary,Virginia Beach City Public Schools,Virginia Beach,728,168,Yes participating without using any Provision or the CEO,false
510261001039,New Kent Elementary,New Kent County Public Schools,New Kent,601,201,Yes participating without using any Provision or the CEO,false
510261002156,New Kent High,New Kent County Public Schools,New Kent,1073,266,Yes participating without using any Provision or the CEO,false
510261001037,New Kent Middle,New Kent County Public Schools,New Kent,829,234,Yes participating without using any Provision or the CEO,false
510036002109,New London Academy Elementary,Bedford County Public Schools,Forest,330,105,Yes participating without using any Provision or the CEO,false
510126001993,Newington Forest Elementary,Fairfax County Public Schools,Springfield,579,149,Yes participating without using any Provision or the CEO,false
510264001065,Newsome Park Elementary,Newport News City Public Schools,Newport News,386,380,Yes under Community Eligibility Option (CEO),false
510225002448,Newton-Lee Elementary,Loudoun County Public Schools,Ashburg,505,114,Yes participating without using any Provision or the CEO,false
510384001704,Newtown Elementary,Virginia Beach City Public Schools,Virginia Beach,409,396,Yes under Community Eligibility Option (CEO),false
510364001922,Ni River Middle,Spotsylvania County Public Schools,Spotsylvania,692,159,Yes participating without using any Provision or the CEO,false
510348001534,Nickelsville Elementary,Scott County Public Schools,Nickelsville,302,223,Yes under Community Eligibility Option (CEO),false
510081000302,Norfolk Highlands Primary,Chesapeake City Public Schools,Chesapeake,294,216,Yes under Community Eligibility Option (CEO),false
510402001775,Norge Elementary,Williamsburg-James City County Public Schools,Williamsburg,578,443,Yes under Community Eligibility Option (CEO),false
510096000365,North Elementary,Colonial Heights City Public Schools,Colonial Heights,311,308,Yes under Community Eligibility Option (CEO),false
510309001279,North Elementary,Prince George County Public Schools,Prince George,720,451,Yes participating without using any Provision or the CEO,false
510351000581,North Fork Middle,Shenandoah County Public Schools,Quicksburg,362,304,Yes under Community Eligibility Option (CEO),false
510384001705,North Landing Elementary,Virginia Beach City Public Schools,Virginia Beach,463,88,Yes participating without using any Provision or the CEO,false
510030000127,North River Elementary,Augusta County Public Schools,Mount Solon,222,196,Yes under Community Eligibility Option (CEO),false
510126000546,North Springfield Elementary,Fairfax County Public Schools,Springfield,465,253,Yes participating without using any Provision or the CEO,false
510366001979,North Stafford High,Stafford County Public Schools,Stafford,1982,947,Yes participating without using any Provision or the CEO,false
510366003064,North Star Early Childhood Education Center,Stafford County Public Schools,Stafford,264,261,Yes under Community Eligibility Option (CEO),false
510271001155,Northampton High,Northampton County Public Schools,Eastville,401,402,Yes under Community Eligibility Option (CEO),true
510271002963,Northampton Middle,Northampton County Public Schools,Eastville,214,213,Yes under Community Eligibility Option (CEO),false
510371001475,Northern Shores Elementary,Suffolk City Public Schools,Suffolk,798,551,Yes under Community Eligibility Option (CEO),false
510333001465,Northside High,Roanoke County Public Schools,Roanoke,919,627,Yes under Community Eligibility Option (CEO),false
510267001120,Northside Middle,Norfolk City Public Schools,Norfolk,732,657,Yes under Community Eligibility Option (CEO),false
510333001466,Northside Middle,Roanoke County Public Schools,Roanoke,648,466,Yes under Community Eligibility Option (CEO),false
510273001392,Northumberland Elementary,Northumberland County Public Schools,Heathsville,503,499,Yes under Community Eligibility Option (CEO),false
510273001159,Northumberland High,Northumberland County Public Schools,Heathsville,380,364,Yes under Community Eligibility Option (CEO),false
510273001941,Northumberland Middle,Northumberland County Public Schools,Heathsville,279,269,Yes under Community Eligibility Option (CEO),false
510352001563,Northwood High,Smyth County Public Schools,Saltville,204,202,Yes under Community Eligibility Option (CEO),true
510352001411,Northwood Middle,Smyth County Public Schools,Saltville,158,157,Yes under Community Eligibility Option (CEO),false
510276001163,Norton Elementary,Norton City Public Schools,Norton,527,526,Yes under Community Eligibility Option (CEO),false
510267001121,Norview Elementary,Norfolk City Public Schools,Norfolk,412,413,Yes under Community Eligibility Option (CEO),false
510267001122,Norview High,Norfolk City Public Schools,Norfolk,1585,1713,Yes under Community Eligibility Option (CEO),false
510267001123,Norview Middle,Norfolk City Public Schools,Norfolk,1196,1063,Yes under Community Eligibility Option (CEO),true
510027000102,Nottingham Elementary,Arlington County Public Schools,Arlington,382,18,Yes participating without using any Provision or the CEO,false
510360002313,Nottoway Elementary,Southampton County Public Schools,Sedley,235,215,Yes under Community Eligibility Option (CEO),false
510279001942,Nottoway High,Nottoway County Public Schools,Crewe,510,508,Yes under Community Eligibility Option (CEO),true
510279001165,Nottoway Intermediate,Nottoway County Public Schools,Crewe,272,273,Yes under Community Eligibility Option (CEO),false
510279001943,Nottoway Middle,Nottoway County Public Schools,Crewe,269,266,Yes under Community Eligibility Option (CEO),false
510189001624,Nuckols Farm Elementary,Henrico County Public Schools,Richmond,627,68,Yes participating without using any Provision or the CEO,false
510111000394,O. Trent Bonner Middle,Danville City Public Schools,Danville,501,432,Yes under Community Eligibility Option (CEO),false
510084001989,O.b. Gates Elementary,Chesterfield County Public Schools,Chesterfield,620,477,Yes under Community Eligibility Option (CEO),false
510333001467,Oak Grove Elementary,Roanoke County Public Schools,Roanoke,400,185,Yes participating without using any Provision or the CEO,false
510324001387,Oak Grove/Bellemeade Elementary,Richmond City Public Schools,Richmond,551,540,Yes under Community Eligibility Option (CEO),false
510126001994,Oak Hill Elementary,Fairfax County Public Schools,Herndon,628,52,Yes participating without using any Provision or the CEO,false
510183002277,Oak Knoll Middle,Hanover County Public Schools,Mechanicsville,862,145,Yes participating without using any Provision or the CEO,false
510352001559,Oak Point Elementary,Smyth County Public Schools,Marion,352,416,Yes under Community Eligibility Option (CEO),false
510129001844,Oak Street Elementary,Falls Church City Public Schools,Falls Church,587,69,Yes participating without using any Provision or the CEO,false
510126000548,Oak View Elementary,Fairfax County Public Schools,Fairfax,776,85,Yes participating without using any Provision or the CEO,false
510069000253,Oakland Elementary,Carroll County Public Schools,Galax,196,182,Yes under Community Eligibility Option (CEO),false
510371001626,Oakland Elementary,Suffolk City Public Schools,Suffolk,464,319,Yes under Community Eligibility Option (CEO),false
510027000103,Oakridge Elementary,Arlington County Public Schools,Arlington,636,203,Yes participating without using any Provision or the CEO,false
510126000549,Oakton Elementary,Fairfax County Public Schools,Oakton,795,105,Yes participating without using any Provision or the CEO,false
510126000550,Oakton High,Fairfax County Public Schools,Vienna,2621,401,Yes participating without using any Provision or the CEO,false
510271000554,Occohannock Elementary,Northampton County Public Schools,Exmore,385,386,Yes under Community Eligibility Option (CEO),false
510313001312,Occoquan Elementary,Prince William County Public Schools,Woodbridge,571,399,Yes under Community Eligibility Option (CEO),false
510384002167,Ocean Lakes Elementary,Virginia Beach City Public Schools,Virginia Beach,530,170,Yes participating without using any Provision or the CEO,false
510384001046,Ocean Lakes High,Virginia Beach City Public Schools,Virginia Beach,1834,551,Yes participating without using any Provision or the CEO,false
510267001125,Ocean View Elementary,Norfolk City Public Schools,Norfolk,512,503,Yes under Community Eligibility Option (CEO),false
510267001126,Oceanair Elementary,Norfolk City Public Schools,Norfolk,400,406,Yes under Community Eligibility Option (CEO),false
510313001170,Old Bridge Elementary,Prince William County Public Schools,Woodbridge,505,198,Yes participating without using any Provision or the CEO,false
510384001353,Old Donation School,Virginia Beach City Public Schools,Virginia Beach,1377,197,Yes participating without using any Provision or the CEO,false
510084003066,Old Hundred Elementary,Chesterfield County Public Schools,Midlothian,981,136,Yes participating without using any Provision or the CEO,false
510126000551,Olde Creek Elementary,Fairfax County Public Schools,Fairfax,359,60,Yes participating without using any Provision or the CEO,false
510300002859,Olive Branch Preschool Center,Portsmouth City Public Schools,Portsmouth,171,173,Yes under Community Eligibility Option (CEO),false
510264002068,Oliver C. Greenwood Elementary,Newport News City Public Schools,Newport News,549,549,Yes under Community Eligibility Option (CEO),false
510324001373,Open High,Richmond City Public Schools,Richmond,171,173,Yes under Community Eligibility Option (CEO),true
510282001174,Orange County High,Orange County Public Schools,Orange,1477,1012,Yes under Community Eligibility Option (CEO),false
510282001175,Orange Elementary,Orange County Public Schools,Orange,621,375,Yes under Community Eligibility Option (CEO),false
510126000552,Orange Hunt Elementary,Fairfax County Public Schools,Springfield,874,84,Yes participating without using any Provision or the CEO,false
510147002534,Orchard View Elementary,Frederick County Public Schools,Winchester,469,195,Yes participating without using any Provision or the CEO,false
510236000978,Osbourn High,Manassas City Public Schools,Manassas,2301,1784,Yes under Community Eligibility Option (CEO),false
510313001313,Osbourn Park High,Prince William County Public Schools,Manassas,2661,1839,Yes under Community Eligibility Option (CEO),false
510081000303,Oscar F. Smith High,Chesapeake City Public Schools,Chesapeake,2264,1617,Yes under Community Eligibility Option (CEO),true
510081000310,Oscar Smith Middle,Chesapeake City Public Schools,Chesapeake,967,695,Yes under Community Eligibility Option (CEO),true
510036000155,Otter River Elementary,Bedford County Public Schools,Goode,167,61,Yes participating without using any Provision or the CEO,false
510339001507,Ottobine Elementary,Rockingham County Public Schools,Dayton,248,184,Yes under Community Eligibility Option (CEO),false
510324001389,Overby-Sheppard Elementary,Richmond City Public Schools,Richmond,256,249,Yes participating without using any Provision or the CEO,false
510132000611,P.b. Smith Elementary,Fauquier County Public Schools,Warrenton,440,56,Yes participating without using any Provision or the CEO,false
510267001147,P.b. Young Sr. Elementary,Norfolk City Public Schools,Norfolk,241,244,Yes under Community Eligibility Option (CEO),false
510285001181,Page County High,Page County Public Schools,Shenandoah,473,355,Yes under Community Eligibility Option (CEO),false
510285002801,Page County Middle,Page County Public Schools,Shenandoah,318,260,Yes under Community Eligibility Option (CEO),false
510162003022,Page Middle,Gloucester County Public Schools,Gloucester,573,373,Yes under Community Eligibility Option (CEO),false
510111000395,Park Avenue Elementary,Danville City Public Schools,Danville,361,343,Yes under Community Eligibility Option (CEO),false
510366002201,Park Ridge Elementary,Stafford County Public Schools,Stafford,908,306,Yes participating without using any Provision or the CEO,false
510300001258,Park View Elementary,Portsmouth City Public Schools,Portsmouth,400,404,Yes under Community Eligibility Option (CEO),false
510225000928,Park View High,Loudoun County Public Schools,Sterling,1409,1159,Yes under Community Eligibility Option (CEO),true
510126000553,Parklawn Elementary,Fairfax County Public Schools,Alexandria,963,945,Yes under Community Eligibility Option (CEO),false
510364002318,Parkside Elementary,Spotsylvania County Public Schools,Fredericksburg,946,615,Yes under Community Eligibility Option (CEO),false
510313001315,Parkside Middle,Prince William County Public Schools,Manassas,1352,938,Yes under Community Eligibility Option (CEO),false
510384002107,Parkway Elementary,Virginia Beach City Public Schools,Virginia Beach,465,396,Yes under Community Eligibility Option (CEO),false
510056000217,Parry McCluer High,Buena Vista City Public Schools,Buena Vista,315,290,Yes under Community Eligibility Option (CEO),false
510056000218,Parry McCluer Middle,Buena Vista City Public Schools,Buena Vista,126,114,Yes under Community Eligibility Option (CEO),false
510198000870,Patrick Copeland Elementary,Hopewell City Public Schools,Hopewell,579,579,Yes under Community Eligibility Option (CEO),false
510288001188,Patrick County High,Patrick County Public Schools,Stuart,795,631,Yes under Community Eligibility Option (CEO),false
510240002617,Patrick Henry Elementary,Martinsville City Public Schools,Martinsville,357,359,Yes under Community Eligibility Option (CEO),false
510183000776,Patrick Henry High,Hanover County Public Schools,Ashland,1294,506,Yes participating without using any Provision or the CEO,false
510390001749,Patrick Henry High,Washington County Public Schools,Glade Spring,390,292,Yes under Community Eligibility Option (CEO),false
510330001430,Patrick Henry High,Roanoke City Public Schools,Roanoke,2030,1774,Yes under Community Eligibility Option (CEO),true
510012000052,Patrick Henry K-8 School,Alexandria City Public Schools,Alexandria,1075,1041,Yes under Community Eligibility Option (CEO),true
510324002807,Patrick Henry School of Science and Arts,Richmond City Public Schools,Richmond,310,310,Yes under Community Eligibility Option (CEO),false
510288001189,Patrick Springs Primary,Patrick County Public Schools,Patrick Springs,241,240,Yes under Community Eligibility Option (CEO),false
510313002850,Patriot High,Prince William County Public Schools,Nokesville,2020,493,Yes participating without using any Provision or the CEO,false
510180000750,Paul Burbank Elementary,Hampton City Public Schools,Hampton,432,392,Yes under Community Eligibility Option (CEO),false
510234000955,Paul Laurence Dunbar Middle for Innovation,Lynchburg City Public Schools,Lynchburg,531,516,Yes under Community Eligibility Option (CEO),false
510234000963,Paul Munro Elementary,Lynchburg City Public Schools,Lynchburg,356,346,Yes under Community Eligibility Option (CEO),false
510339002310,Peak View Elementary,Rockingham County Public Schools,Penn Laird,538,241,Yes participating without using any Provision or the CEO,false
510105000380,Pearl Sample Elementary,Culpeper County Public Schools,Culpeper,680,560,Yes under Community Eligibility Option (CEO),false
510183000777,Pearson's Corner Elementary,Hanover County Public Schools,Mechanicsville,571,86,Yes participating without using any Provision or the CEO,false
510162002188,Peasley Middle,Gloucester County Public Schools,Gloucester,565,369,Yes under Community Eligibility Option (CEO),false
510189000819,Pemberton Elementary,Henrico County Public Schools,Richmond,344,83,Yes participating without using any Provision or the CEO,false
510384001707,Pembroke Elementary,Virginia Beach City Public Schools,Virginia Beach,529,424,Yes under Community Eligibility Option (CEO),false
510384001708,Pembroke Meadows Elementary,Virginia Beach City Public Schools,Virginia Beach,485,333,Yes participating without using any Provision or the CEO,false
510333001468,Penn Forest Elementary,Roanoke County Public Schools,Roanoke,408,117,Yes participating without using any Provision or the CEO,false
510219000900,Pennington Middle,Lee County Public Schools,Pennington Gap,278,277,Yes under Community Eligibility Option (CEO),false
510313002418,Pennington Traditional,Prince William County Public Schools,Manassas,651,207,Yes participating without using any Provision or the CEO,false
510234000964,Perrymont Elementary,Lynchburg City Public Schools,Lynchburg,377,352,Yes under Community Eligibility Option (CEO),false
510351000958,Peter Muhlenberg Middle,Shenandoah County Public Schools,Woodstock,535,446,Yes under Community Eligibility Option (CEO),false
510291001198,Petersburg High,Petersburg City Public Schools,Petersburg,1215,1071,Yes under Community Eligibility Option (CEO),true
510162002065,Petsworth Elementary,Gloucester County Public Schools,Gloucester,381,256,Yes under Community Eligibility Option (CEO),false
510075000267,Phenix Elementary,Charlotte County Public Schools,Phenix,226,205,Yes under Community Eligibility Option (CEO),false
510180000754,Phillips Elementary,Hampton City Public Schools,Hampton,435,390,Yes under Community Eligibility Option (CEO),false
510180000755,Phoebus High,Hampton City Public Schools,Hampton,1391,1304,Yes under Community Eligibility Option (CEO),true
510126002874,Pimmit Early Childhood Resource Center,Fairfax County Public Schools,Falls Church,33,,No,false
510189000820,Pinchbeck Elementary,Henrico County Public Schools,Richmond,538,486,Yes under Community Eligibility Option (CEO),false
510126000556,Pine Spring Elementary,Fairfax County Public Schools,Falls Church,607,453,Yes under Community Eligibility Option (CEO),false
510225002514,Pinebrook Elementary,Loudoun County Public Schools,Aldie,699,153,Yes participating without using any Provision or the CEO,false
510313002851,Piney Branch Elementary,Prince William County Public Schools,Bristow,760,163,Yes participating without using any Provision or the CEO,false
510339001508,Plains Elementary,Rockingham County Public Schools,Timberville,460,336,Yes under Community Eligibility Option (CEO),false
510384001710,Plaza Middle,Virginia Beach City Public Schools,Virginia Beach,1033,461,Yes participating without using any Provision or the CEO,false
510339001509,Pleasant Valley Elementary,Rockingham County Public Schools,Harrisonburg,282,211,Yes under Community Eligibility Option (CEO),false
510291001196,Pleasants Lane Elementary,Petersburg City Public Schools,Petersburg,493,459,Yes under Community Eligibility Option (CEO),false
510303001398,Pocahontas Elementary,Powhatan County Public Schools,Powhatan,668,204,Yes participating without using any Provision or the CEO,false
510189001911,Pocahontas Middle,Henrico County Public Schools,Richmond,914,279,Yes participating without using any Provision or the CEO,false
510126000557,Poe Middle,Fairfax County Public Schools,Annandale,879,675,Yes under Community Eligibility Option (CEO),true
510384001711,Point O' View Elementary,Virginia Beach City Public Schools,Virginia Beach,692,697,Yes under Community Eligibility Option (CEO),false
510183002535,Pole Green Elementary,Hanover County Public Schools,Mechanicsville,527,110,Yes participating without using any Provision or the CEO,false
510126002182,Poplar Tree Elementary,Fairfax County Public Schools,Chantilly,683,70,Yes participating without using any Provision or the CEO,false
510298001230,Poquoson Elementary,Poquoson City Public Schools,Poquoson,475,123,Yes participating without using any Provision or the CEO,false
510298001231,Poquoson High,Poquoson City Public Schools,Poquoson,647,130,Yes participating without using any Provision or the CEO,false
510298001232,Poquoson Middle,Poquoson City Public Schools,Poquoson,491,99,Yes participating without using any Provision or the CEO,false
510298002157,Poquoson Primary,Poquoson City Public Schools,Poquoson,417,129,Yes participating without using any Provision or the CEO,false
510081000305,Portlock Primary,Chesapeake City Public Schools,Chesapeake,518,385,Yes under Community Eligibility Option (CEO),false
510364001588,Post Oak Middle,Spotsylvania County Public Schools,Spotsylvania,679,432,Yes under Community Eligibility Option (CEO),false
510210000884,Potomac Elementary,King George County Public Schools,Dahlgren,566,211,Yes participating without using any Provision or the CEO,false
510225001627,Potomac Falls High,Loudoun County Public Schools,Potomac Falls,1662,630,Yes participating without using any Provision or the CEO,false
510313001857,Potomac High,Prince William County Public Schools,Dumfries,2197,1486,Yes under Community Eligibility Option (CEO),false
510313002584,Potomac Middle,Prince William County Public Schools,Dumfries,931,650,Yes under Community Eligibility Option (CEO),false
510313003077,Potomac Shores Middle,Prince William County Public Schools,Dumfries,1229,856,Yes under Community Eligibility Option (CEO),false
510313001316,Potomac View Elementary,Prince William County Public Schools,Woodbridge,557,394,Yes under Community Eligibility Option (CEO),false
510225001158,Potowmack Elementary,Loudoun County Public Schools,Sterling,568,484,Yes under Community Eligibility Option (CEO),false
510126002336,Powell Elementary,Fairfax County Public Schools,Centreville,872,189,Yes participating without using any Provision or the CEO,false
510303002105,Powhatan Elementary,Powhatan County Public Schools,Powhatan,477,130,Yes participating without using any Provision or the CEO,false
510303001268,Powhatan High,Powhatan County Public Schools,Powhatan,1328,292,Yes participating without using any Provision or the CEO,false
510303001269,Powhatan Middle,Powhatan County Public Schools,Powhatan,950,260,Yes participating without using any Provision or the CEO,false
510330002217,Preston Park Elementary,Roanoke City Public Schools,Roanoke,535,526,Yes under Community Eligibility Option (CEO),false
510252001026,Prices Fork Elementary,Montgomery County Public Schools,Blacksburg,457,397,Yes under Community Eligibility Option (CEO),false
510306001271,Prince Edward County High,Prince Edward County Public Schools,Farmville,502,504,Yes under Community Eligibility Option (CEO),true
510306001272,Prince Edward Elementary,Prince Edward County Public Schools,Farmville,823,831,Yes under Community Eligibility Option (CEO),false
510306002130,Prince Edward Middle,Prince Edward County Public Schools,Farmville,520,530,Yes under Community Eligibility Option (CEO),true
510309001280,Prince George High,Prince George County Public Schools,Prince George,1789,633,Yes participating without using any Provision or the CEO,false
510384001712,Princess Anne Elementary,Virginia Beach City Public Schools,Virginia Beach,654,73,Yes participating without using any Provision or the CEO,false
510384000412,Princess Anne High,Virginia Beach City Public Schools,Virginia Beach,1621,523,Yes participating without using any Provision or the CEO,false
510384001714,Princess Anne Middle,Virginia Beach City Public Schools,Virginia Beach,1358,199,Yes participating without using any Provision or the CEO,false
510282001176,Prospect Heights Middle,Orange County Public Schools,Orange,466,327,Yes under Community Eligibility Option (CEO),false
510126002531,Providence Elementary,Fairfax County Public Schools,Fairfax,954,464,Yes participating without using any Provision or the CEO,false
510084002056,Providence Elementary,Chesterfield County Public Schools,North Chesterfield,682,521,Yes under Community Eligibility Option (CEO),false
510384001982,Providence Elementary,Virginia Beach City Public Schools,Virginia Beach,547,222,Yes participating without using any Provision or the CEO,false
510084000344,Providence Middle,Chesterfield County Public Schools,North Chesterfield,1033,775,Yes under Community Eligibility Option (CEO),false
510315003076,Pulaski County Middle,Pulaski County Public Schools,Pulaski,825,754,Yes under Community Eligibility Option (CEO),false
510315003126,Pulaski County Public Schools Virtual School K-12,Pulaski County Public Schools,Pulaski,521,,No,false
510315001338,Pulaski County Senior High,Pulaski County Public Schools,Dublin,1159,1055,Yes under Community Eligibility Option (CEO),false
510315002460,Pulaski Elementary,Pulaski County Public Schools,Pulaski,472,433,Yes under Community Eligibility Option (CEO),false
510006000012,Pungoteague Elementary,Accomack County Public Schools,Melfa,452,457,Yes under Community Eligibility Option (CEO),false
510415001817,Queens Lake Middle,York County Public Schools,Williamsburg,554,177,Yes participating without using any Provision or the CEO,false
510261003094,Quinton Elementary,New Kent County Public Schools,Quinton,559,188,Yes participating without using any Provision or the CEO,false
510189000803,Quioccasin Middle,Henrico County Public Schools,Richmond,1053,947,Yes under Community Eligibility Option (CEO),false
510313001317,R. Dean Kilby Elementary,Prince William County Public Schools,Woodbridge,613,440,Yes under Community Eligibility Option (CEO),false
510189000821,R.c. Longan Elementary,Henrico County Public Schools,Richmond,491,439,Yes under Community Eligibility Option (CEO),false
510111002750,R.i.s.e Academy at the John M. Langston Campus,Danville City Public Schools,Danville,163,101,Yes under Community Eligibility Option (CEO),false
510318003095,Radford City Virtual,Radford City Public Schools,Radford,1694,,No,false
510318001345,Radford High,Radford City Public Schools,Radford,506,333,Yes under Community Eligibility Option (CEO),false
510027000013,Randolph Elementary,Arlington County Public Schools,Arlington,430,249,Yes under Community Eligibility Option (CEO),false
510165000689,Randolph Elementary,Goochland County Public Schools,Crozier,387,101,Yes participating without using any Provision or the CEO,false
510075000270,Randolph-Henry High,Charlotte County Public Schools,Charlotte C H,460,409,Yes under Community Eligibility Option (CEO),false
510321001347,Rappahannock County Elementary,Rappahannock County Public Schools,Washington,457,297,Yes under Community Eligibility Option (CEO),false
510321001346,Rappahannock County High,Rappahannock County Public Schools,Washington,316,167,Yes under Community Eligibility Option (CEO),false
510327001409,Rappahannock High,Richmond County Public Schools,Warsaw,544,470,Yes under Community Eligibility Option (CEO),true
510126000559,Ravensworth Elementary,Fairfax County Public Schools,Springfield,568,103,Yes participating without using any Provision or the CEO,false
510042001354,Read Mountain Middle,Botetourt County Public Schools,Cloverdale,670,235,Yes participating without using any Provision or the CEO,false
510084000345,Reams Road Elementary,Chesterfield County Public Schools,North Chesterfield,612,472,Yes under Community Eligibility Option (CEO),false
510009000029,Red Hill Elementary,Albemarle County Public Schools,North Garden,210,142,Yes under Community Eligibility Option (CEO),false
510384002168,Red Mill Elementary,Virginia Beach City Public Schools,Virginia Beach,586,86,Yes participating without using any Provision or the CEO,false
510048000185,Red Oak-Sturgeon Elementary,Brunswick County Public Schools,Alberta,205,205,Yes under Community Eligibility Option (CEO),false
510147001381,Redbud Run Elementary,Frederick County Public Schools,Winchester,614,447,Yes under Community Eligibility Option (CEO),false
510081000306,Rena B. Wright Primary,Chesapeake City Public Schools,Chesapeake,300,224,Yes under Community Eligibility Option (CEO),false
510387001732,Ressie Jeffries Elementary,Warren County Public Schools,Front Royal,649,481,Yes under Community Eligibility Option (CEO),false
510390001985,Rhea Valley Elementary,Washington County Public Schools,Meadowview,404,307,Yes under Community Eligibility Option (CEO),false
510192000853,Rich Acres Elementary,Henry County Public Schools,Martinsville,253,257,Yes under Community Eligibility Option (CEO),false
510352001564,Rich Valley Elementary,Smyth County Public Schools,Saltville,126,128,Yes under Community Eligibility Option (CEO),false
510267001083,Richard Bowling Elementary,Norfolk City Public Schools,Norfolk,492,491,Yes under Community Eligibility Option (CEO),false
510236001854,Richard C. Haydon Elementary,Manassas City Public Schools,Manassas,556,484,Yes under Community Eligibility Option (CEO),false
510264001070,Richard T. Yates Elementary,Newport News City Public Schools,Newport News,448,438,Yes under Community Eligibility Option (CEO),false
510381001660,Richlands Elementary,Tazewell County Public Schools,Richlands,576,521,Yes under Community Eligibility Option (CEO),false
510381001661,Richlands High,Tazewell County Public Schools,Richlands,557,493,Yes under Community Eligibility Option (CEO),false
510381001662,Richlands Middle,Tazewell County Public Schools,Richlands,447,394,Yes under Community Eligibility Option (CEO),false
510324002307,Richmond Alternative School,Richmond City Public Schools,Richmond,277,,No,false
510324002966,Richmond Career Education and Employment Charter School,Richmond City Public Schools,Richmond,32,,No,true
510324002075,Richmond Community High,Richmond City Public Schools,Richmond,211,210,Yes under Community Eligibility Option (CEO),true
510327001974,Richmond County Elementary,Richmond County Public Schools,Warsaw,854,732,Yes under Community Eligibility Option (CEO),false
510324002081,Richmond High School for the Arts,Richmond City Public Schools,Richmond,1116,1053,Yes under Community Eligibility Option (CEO),true
510324003101,Richmond Virtual Academy,Richmond City Public Schools,Richmond,136,,No,false
510264001071,Richneck Elementary,Newport News City Public Schools,Newport News,502,500,Yes under Community Eligibility Option (CEO),false
510189000823,Ridge Elementary,Henrico County Public Schools,Richmond,512,449,Yes under Community Eligibility Option (CEO),false
510114003102,Ridgeview Elementary,Dickenson County Public Schools,Clintwood,667,640,Yes under Community Eligibility Option (CEO),false
510114002981,Ridgeview High,Dickenson County Public Schools,Clintwood,548,536,Yes under Community Eligibility Option (CEO),true
510114002982,Ridgeview Middle,Dickenson County Public Schools,Clintwood,586,568,Yes under Community Eligibility Option (CEO),false
510313001319,Rippon Middle,Prince William County Public Schools,Woodbridge,1200,831,Yes under Community Eligibility Option (CEO),false
510366003069,Rising Star Early Childhood Education Center at Melchers,Stafford County Public Schools,Fredericksburg,280,,No,false
510339002804,River Bend Elementary,Rockingham County Public Schools,Elkton,341,250,Yes under Community Eligibility Option (CEO),false
510225002288,River Bend Middle,Loudoun County Public Schools,Sterling,1137,535,Yes participating without using any Provision or the CEO,false
510324003019,River City Middle,Richmond City Public Schools,Richmond,1150,1138,Yes under Community Eligibility Option (CEO),true
510313002198,River Oaks Elementary,Prince William County Public Schools,Woodbridge,662,475,Yes under Community Eligibility Option (CEO),false
510364002462,Riverbend High,Spotsylvania County Public Schools,Fredericksburg,1913,505,Yes participating without using any Provision or the CEO,false
510360001577,Riverdale Elementary,Southampton County Public Schools,Courtland,533,486,Yes under Community Eligibility Option (CEO),false
510030000128,Riverheads Elementary,Augusta County Public Schools,Staunton,714,520,Yes under Community Eligibility Option (CEO),false
510030000129,Riverheads High,Augusta County Public Schools,Staunton,467,254,Yes under Community Eligibility Option (CEO),false
510030003142,Riverheads Middle,Augusta County Public Schools,Staunton,366,220,Yes under Community Eligibility Option (CEO),false
510315001340,Riverlawn Elementary,Pulaski County Public Schools,Fairlawn,380,348,Yes under Community Eligibility Option (CEO),false
510189002410,Rivers Edge Elementary,Henrico County Public Schools,Glen Allen,735,83,Yes participating without using any Provision or the CEO,false
510126000560,Riverside Elementary,Fairfax County Public Schools,Alexandria,741,595,Yes under Community Eligibility Option (CEO),false
510264001072,Riverside Elementary,Newport News City Public Schools,Newport News,506,501,Yes under Community Eligibility Option (CEO),false
510225003001,Riverside High,Loudoun County Public Schools,Leesburg,1710,314,Yes participating without using any Provision or the CEO,false
510364000987,Riverview Elementary,Spotsylvania County Public Schools,Spotsylvania,691,457,Yes under Community Eligibility Option (CEO),false
510051001945,Riverview Elementary/Middle,Buchanan County Public Schools,Grundy,719,727,Yes under Community Eligibility Option (CEO),true
510330001428,Roanoke Academy for Mathematics & Science Elementary,Roanoke City Public Schools,Roanoke,464,461,Yes under Community Eligibility Option (CEO),false
510147000656,Robert E. Aylor Middle,Frederick County Public Schools,White Post,861,320,Yes participating without using any Provision or the CEO,false
510234000965,Robert S. Payne Elementary,Lynchburg City Public Schools,Lynchburg,435,423,Yes under Community Eligibility Option (CEO),false
510126000561,Robinson Secondary,Fairfax County Public Schools,Fairfax,3710,519,Yes participating without using any Provision or the CEO,false
510084000346,Robious Elementary,Chesterfield County Public Schools,Midlothian,660,157,Yes participating without using any Provision or the CEO,false
510084000347,Robious Middle,Chesterfield County Public Schools,Midlothian,1081,284,Yes participating without using any Provision or the CEO,false
510225002969,Rock Ridge High,Loudoun County Public Schools,Ashburn,1599,338,Yes participating without using any Provision or the CEO,false
510337000204,Rockbridge County High,Rockbridge County Public Schools,Lexington,916,552,Yes under Community Eligibility Option (CEO),false
510258001917,Rockfish River Elementary,Nelson County Public Schools,Afton,318,270,Yes under Community Eligibility Option (CEO),false
510366002135,Rockhill Elementary,Stafford County Public Schools,Stafford,639,272,Yes participating without using any Provision or the CEO,false
510313001320,Rockledge Elementary,Prince William County Public Schools,Woodbridge,495,344,Yes under Community Eligibility Option (CEO),false
510186003156,Rocktown High,Harrisonburg City Public Schools,Harrisonburg,1011,857,Yes under Community Eligibility Option (CEO),false
510144000642,Rocky Mount Elementary,Franklin County Public Schools,Rocky Mount,296,259,Yes under Community Eligibility Option (CEO),false
510366002547,Rocky Run Elementary,Stafford County Public Schools,Fredericksburg,911,685,Yes under Community Eligibility Option (CEO),false
510126001841,Rocky Run Middle,Fairfax County Public Schools,Chantilly,882,173,Yes participating without using any Provision or the CEO,false
510366002548,Rodney E. Thompson Middle,Stafford County Public Schools,Stafford,1063,262,Yes participating without using any Provision or the CEO,false
510225000929,Rolling Ridge Elementary,Loudoun County Public Schools,Sterling,562,559,Yes under Community Eligibility Option (CEO),false
510126000562,Rolling Valley Elementary,Fairfax County Public Schools,Springfield,521,125,Yes participating without using any Provision or the CEO,false
510313002858,Ronald Wilson Reagan Middle,Prince William County Public Schools,Haymarket,1436,242,Yes participating without using any Provision or the CEO,false
510225002751,Rosa Lee Carter Elementary,Loudoun County Public Schools,Ashburn,792,108,Yes participating without using any Provision or the CEO,false
510313002587,Rosa Parks Elementary,Prince William County Public Schools,Woodbridge,547,385,Yes under Community Eligibility Option (CEO),false
510126000563,Rose Hill Elementary,Fairfax County Public Schools,Alexandria,671,286,Yes participating without using any Provision or the CEO,false
510219000901,Rose Hill Elementary,Lee County Public Schools,Rose Hill,256,220,Yes under Community Eligibility Option (CEO),false
510384001983,Rosemont Elementary,Virginia Beach City Public Schools,Virginia Beach,387,296,Yes under Community Eligibility Option (CEO),false
510384002108,Rosemont Forest Elementary,Virginia Beach City Public Schools,Virginia Beach,497,151,Yes participating without using any Provision or the CEO,false
510330001422,Round Hill Elementary,Roanoke City Public Schools,Roanoke,720,729,Yes under Community Eligibility Option (CEO),false
510225000930,Round Hill Elementary,Loudoun County Public Schools,Round Hill,521,54,Yes participating without using any Provision or the CEO,false
510189000824,Ruby F. Carver Elementary,Henrico County Public Schools,Richmond,509,448,Yes under Community Eligibility Option (CEO),false
510171001802,Ruckersville Elementary,Greene County Public Schools,Ruckersville,540,374,Yes under Community Eligibility Option (CEO),false
510267001134,Ruffner School,Norfolk City Public Schools,Norfolk,576,538,Yes under Community Eligibility Option (CEO),true
510183000779,Rural Point Elementary,Hanover County Public Schools,Mechanicsville,627,91,Yes participating without using any Provision or the CEO,false
510411001804,Rural Retreat Elementary,Wythe County Public Schools,Rural Retreat,350,283,Yes under Community Eligibility Option (CEO),false
510411001805,Rural Retreat High,Wythe County Public Schools,Rural Retreat,300,239,Yes under Community Eligibility Option (CEO),false
510411002328,Rural Retreat Middle,Wythe County Public Schools,Rural Retreat,236,187,Yes under Community Eligibility Option (CEO),false
510060002528,Rustburg Elementary,Campbell County Public Schools,Rustburg,450,348,Yes under Community Eligibility Option (CEO),false
510060000231,Rustburg High,Campbell County Public Schools,Rustburg,836,608,Yes under Community Eligibility Option (CEO),false
510060002771,Rustburg Middle,Campbell County Public Schools,Rustburg,626,488,Yes under Community Eligibility Option (CEO),false
510348001536,Rye Cove High,Scott County Public Schools,Duffield,292,229,Yes under Community Eligibility Option (CEO),false
510348001535,Rye Cove Intermediate,Scott County Public Schools,Clinchport,138,109,Yes under Community Eligibility Option (CEO),false
510030001830,S. Gordon Stewart Middle,Augusta County Public Schools,Fort Defiance,516,354,Yes under Community Eligibility Option (CEO),false
510141000631,S.p. Morton Elementary,Franklin City Public Schools,Franklin,620,629,Yes under Community Eligibility Option (CEO),false
510084000348,Salem Church Elementary,Chesterfield County Public Schools,North Chesterfield,574,438,Yes under Community Eligibility Option (CEO),false
510084000349,Salem Church Middle,Chesterfield County Public Schools,North Chesterfield,876,660,Yes under Community Eligibility Option (CEO),false
510364001874,Salem Elementary,Spotsylvania County Public Schools,Fredericksburg,573,372,Yes under Community Eligibility Option (CEO),false
510384002139,Salem Elementary,Virginia Beach City Public Schools,Virginia Beach,541,183,Yes participating without using any Provision or the CEO,false
510346002043,Salem High,Salem City Public Schools,Salem,1202,485,Yes participating without using any Provision or the CEO,false
510384002166,Salem High,Virginia Beach City Public Schools,Virginia Beach,1690,586,Yes participating without using any Provision or the CEO,false
510384002138,Salem Middle,Virginia Beach City Public Schools,Virginia Beach,1072,387,Yes participating without using any Provision or the CEO,false
510352001566,Saltville Elementary,Smyth County Public Schools,Saltville,189,192,Yes under Community Eligibility Option (CEO),false
510313002787,Samuel L. Gravely Jr. Elementary,Prince William County Public Schools,Haymarket,813,123,Yes participating without using any Provision or the CEO,false
510180000758,Samuel P. Langley Elementary,Hampton City Public Schools,Hampton,429,396,Yes under Community Eligibility Option (CEO),false
510012002549,Samuel W. Tucker Elementary,Alexandria City Public Schools,Alexandria,735,566,Yes under Community Eligibility Option (CEO),false
510126000474,Sandburg Middle,Fairfax County Public Schools,Alexandria,1401,701,Yes participating without using any Provision or the CEO,false
510225001148,Sanders Corner Elementary,Loudoun County Public Schools,Ashburn,503,131,Yes participating without using any Provision or the CEO,false
510189000825,Sandston Elementary,Henrico County Public Schools,Sandston,201,178,Yes under Community Eligibility Option (CEO),false
510234000966,Sandusky Elementary,Lynchburg City Public Schools,Lynchburg,316,295,Yes under Community Eligibility Option (CEO),false
510234000967,Sandusky Middle,Lynchburg City Public Schools,Lynchburg,583,565,Yes under Community Eligibility Option (CEO),false
510351001547,Sandy Hook Elementary,Shenandoah County Public Schools,Strasburg,828,693,Yes under Community Eligibility Option (CEO),false
510126002119,Sangster Elementary,Fairfax County Public Schools,Springfield,928,34,Yes participating without using any Provision or the CEO,false
510192000857,Sanville Elementary,Henry County Public Schools,Bassett,250,252,Yes under Community Eligibility Option (CEO),false
510126002144,Saratoga Elementary,Fairfax County Public Schools,Springfield,612,258,Yes participating without using any Provision or the CEO,false
510111000268,Schoolfield Elementary,Danville City Public Schools,Danville,516,532,Yes under Community Eligibility Option (CEO),false
510411002329,Scott Memorial Middle,Wythe County Public Schools,Wytheville,305,245,Yes under Community Eligibility Option (CEO),false
510177000717,Scottsburg Elementary,Halifax County Public Schools,Scottsburg,187,188,Yes under Community Eligibility Option (CEO),false
510009001882,Scottsville Elementary,Albemarle County Public Schools,Scottsville,216,157,Yes under Community Eligibility Option (CEO),false
510415001818,Seaford Elementary,York County Public Schools,Seaford,552,197,Yes participating without using any Provision or the CEO,false
510210002445,Sealston Elementary,King George County Public Schools,King George,753,221,Yes participating without using any Provision or the CEO,false
510384001715,Seatack Elementary an Achievable Dream Academy,Virginia Beach City Public Schools,Virginia Beach,393,341,Yes under Community Eligibility Option (CEO),false
510264001074,Sedgefield Elementary,Newport News City Public Schools,Newport News,425,427,Yes under Community Eligibility Option (CEO),false
510225002289,Seldens Landing Elementary,Loudoun County Public Schools,Leesburg,508,80,Yes participating without using any Provision or the CEO,false
510225000931,Seneca Ridge Middle,Loudoun County Public Schools,Sterling,862,480,Yes participating without using any Provision or the CEO,false
510189000826,Seven Pines Elementary,Henrico County Public Schools,Sandston,399,361,Yes under Community Eligibility Option (CEO),false
510267001135,Sewells Point Elementary,Norfolk City Public Schools,Norfolk,495,494,Yes under Community Eligibility Option (CEO),false
510189000133,Shady Grove Elementary,Henrico County Public Schools,Glen Allen,600,68,Yes participating without using any Provision or the CEO,false
510313002159,Sharon C. McAuliffe Elementary,Prince William County Public Schools,Woodbridge,379,265,Yes under Community Eligibility Option (CEO),false
510015201891,Sharon Elementary,Alleghany Highlands Public Schools,Clifton Forge,216,182,Yes under Community Eligibility Option (CEO),false
510252001029,Shawsville Middle,Montgomery County Public Schools,Shawsville,193,164,Yes under Community Eligibility Option (CEO),false
510411001807,Sheffey Elementary,Wythe County Public Schools,Wytheville,224,177,Yes under Community Eligibility Option (CEO),false
510234000968,Sheffield Elementary,Lynchburg City Public Schools,Lynchburg,443,411,Yes under Community Eligibility Option (CEO),false
510369001607,Shelburne Middle,Staunton City Public Schools,Staunton,583,490,Yes under Community Eligibility Option (CEO),false
510384001716,Shelton Park Elementary,Virginia Beach City Public Schools,Virginia Beach,416,198,Yes participating without using any Provision or the CEO,false
510285001182,Shenandoah Elementary,Page County Public Schools,Shenandoah,351,330,Yes under Community Eligibility Option (CEO),false
510147000524,Sherando High,Frederick County Public Schools,Stephens City,1631,572,Yes participating without using any Provision or the CEO,false
510126000477,Sherman Elementary,Fairfax County Public Schools,McLean,290,23,Yes participating without using any Provision or the CEO,false
510267001136,Sherwood Forest Elementary,Norfolk City Public Schools,Norfolk,406,408,Yes under Community Eligibility Option (CEO),false
510366002781,Shirley C. Heim Middle,Stafford County Public Schools,Stafford,953,515,Yes participating without using any Provision or the CEO,false
510348001538,Shoemaker Elementary,Scott County Public Schools,Gate City,419,283,Yes under Community Eligibility Option (CEO),false
510189000827,Short Pump Elementary,Henrico County Public Schools,Richmond,545,101,Yes participating without using any Provision or the CEO,false
510189000123,Short Pump Middle,Henrico County Public Schools,Glen Allen,1056,173,Yes participating without using any Provision or the CEO,false
510126000564,Shrevewood Elementary,Fairfax County Public Schools,Falls Church,579,220,Yes participating without using any Provision or the CEO,false
510313001314,Signal Hill Elementary,Prince William County Public Schools,Manassas,807,563,Yes under Community Eligibility Option (CEO),false
510351000221,Signal Knob Middle,Shenandoah County Public Schools,Strasburg,413,346,Yes under Community Eligibility Option (CEO),false
510126002115,Silverbrook Elementary,Fairfax County Public Schools,Fairfax Station,799,65,Yes participating without using any Provision or the CEO,false
510300001257,Simonsdale Elementary,Portsmouth City Public Schools,Portsmouth,613,610,Yes under Community Eligibility Option (CEO),false
510177002769,Sinai Elementary,Halifax County Public Schools,Halifax,243,241,Yes under Community Eligibility Option (CEO),false
510189000828,Skipwith Elementary,Henrico County Public Schools,Richmond,603,531,Yes under Community Eligibility Option (CEO),false
510387002657,Skyline High,Warren County Public Schools,Front Royal,848,627,Yes under Community Eligibility Option (CEO),false
510387003039,Skyline Middle,Warren County Public Schools,Front Royal,536,397,Yes under Community Eligibility Option (CEO),false
510186002766,Skyline Middle,Harrisonburg City Public Schools,Harrisonburg,738,632,Yes under Community Eligibility Option (CEO),false
510126000565,Sleepy Hollow Elementary,Fairfax County Public Schools,Falls Church,475,343,Yes under Community Eligibility Option (CEO),false
510225002446,Smart's Mill Middle,Loudoun County Public Schools,Leesburg,885,335,Yes participating without using any Provision or the CEO,false
510364000227,Smith Station Elementary,Spotsylvania County Public Schools,Fredericksburg,715,519,Yes under Community Eligibility Option (CEO),false
510201000875,Smithfield High,Isle of Wight County Public Schools,Smithfield,1322,422,Yes participating without using any Provision or the CEO,false
510201000874,Smithfield Middle,Isle of Wight County Public Schools,Smithfield,565,170,Yes participating without using any Provision or the CEO,false
510186002761,Smithland Elementary,Harrisonburg City Public Schools,Harrisonburg,514,567,Yes under Community Eligibility Option (CEO),false
510352003148,Smyth County Virtual,Smyth County Public Schools,Marion,339,,No,false
510144000643,Snow Creek Elementary,Franklin County Public Schools,Penhook,226,196,Yes under Community Eligibility Option (CEO),false
510315001341,Snowville Elementary,Pulaski County Public Schools,Hiwassee,201,185,Yes under Community Eligibility Option (CEO),false
510313001864,Sonnie Penn Elementary,Prince William County Public Schools,Woodbridge,744,520,Yes under Community Eligibility Option (CEO),false
510144000644,Sontag Elementary,Franklin County Public Schools,Rocky Mount,248,217,Yes under Community Eligibility Option (CEO),false
510183001996,South Anna Elementary,Hanover County Public Schools,Montpelier,439,162,Yes participating without using any Provision or the CEO,false
510177002759,South Boston Elementary,Halifax County Public Schools,South Boston,683,686,Yes under Community Eligibility Option (CEO),false
510177002836,South Boston/Halifax Early Learning Center,Halifax County Public Schools,South Boston,116,119,Yes under Community Eligibility Option (CEO),false
510126002436,South County High,Fairfax County Public Schools,Lorton,2106,486,Yes participating without using any Provision or the CEO,false
510126002871,South County Middle,Fairfax County Public Schools,Lorton,943,219,Yes participating without using any Provision or the CEO,false
510309001282,South Elementary,Prince George County Public Schools,Disputanta,418,221,Yes participating without using any Provision or the CEO,false
510246001009,South Hill Elementary,Mecklenburg County Public Schools,South Hill,767,733,Yes under Community Eligibility Option (CEO),false
510126000566,South Lakes High,Fairfax County Public Schools,Reston,2434,834,Yes participating without using any Provision or the CEO,false
510339000954,South River Elementary,Rockingham County Public Schools,Grottoes,316,208,Yes under Community Eligibility Option (CEO),false
510346002048,South Salem Elementary,Salem City Public Schools,Salem,371,149,Yes participating without using any Provision or the CEO,false
510324001400,Southampton Elementary,Richmond City Public Schools,Richmond,473,465,Yes under Community Eligibility Option (CEO),false
510360001582,Southampton High,Southampton County Public Schools,Courtland,704,639,Yes under Community Eligibility Option (CEO),false
510360001583,Southampton Middle,Southampton County Public Schools,Courtland,497,457,Yes under Community Eligibility Option (CEO),false
510081000307,Southeastern Elementary,Chesapeake City Public Schools,Chesapeake,828,110,Yes participating without using any Provision or the CEO,false
510294001224,Southside Elementary,Pittsylvania County Public Schools,Blairs,428,358,Yes under Community Eligibility Option (CEO),false
510117000417,Southside Elementary,Dinwiddie County Public Schools,Dinwiddie,446,416,Yes under Community Eligibility Option (CEO),false
510267001085,Southside STEM Academy at Campostella,Norfolk City Public Schools,Norfolk,686,675,Yes participating without using any Provision or the CEO,true
510081000308,Southwestern Elementary,Chesapeake City Public Schools,Chesapeake,549,407,Yes under Community Eligibility Option (CEO),false
510371001629,Southwestern Elementary,Suffolk City Public Schools,Suffolk,579,402,Yes under Community Eligibility Option (CEO),false
510081000309,Sparrow Road Intermediate,Chesapeake City Public Schools,Chesapeake,413,301,Yes under Community Eligibility Option (CEO),false
510411001808,Speedwell Elementary,Wythe County Public Schools,Speedwell,123,101,Yes under Community Eligibility Option (CEO),false
510411001809,Spiller Elementary,Wythe County Public Schools,Wytheville,615,507,Yes under Community Eligibility Option (CEO),false
510364001592,Spotswood Elementary,Spotsylvania County Public Schools,Fredericksburg,526,344,Yes under Community Eligibility Option (CEO),false
510186000785,Spotswood Elementary,Harrisonburg City Public Schools,Harrisonburg,468,392,Yes under Community Eligibility Option (CEO),false
510339001872,Spotswood High,Rockingham County Public Schools,Penn Laird,880,345,Yes participating without using any Provision or the CEO,false
510364001591,Spotsylvania Elementary,Spotsylvania County Public Schools,Spotsylvania,623,405,Yes under Community Eligibility Option (CEO),false
510364001593,Spotsylvania High,Spotsylvania County Public Schools,Spotsylvania,1394,885,Yes under Community Eligibility Option (CEO),false
510364001999,Spotsylvania Middle,Spotsylvania County Public Schools,Spotsylvania,1009,658,Yes under Community Eligibility Option (CEO),false
510126000567,Spring Hill Elementary,Fairfax County Public Schools,McLean,980,109,Yes participating without using any Provision or the CEO,false
510084001903,Spring Run Elementary,Chesterfield County Public Schools,Midlothian,848,214,Yes participating without using any Provision or the CEO,false
510285001183,Springfield Elementary,Page County Public Schools,Rileyville,208,157,Yes under Community Eligibility Option (CEO),false
510126000568,Springfield Estates Elementary,Fairfax County Public Schools,Springfield,596,244,Yes participating without using any Provision or the CEO,false
510189001384,Springfield Park Elementary,Henrico County Public Schools,Glen Allen,652,590,Yes under Community Eligibility Option (CEO),false
510313002038,Springwoods Elementary,Prince William County Public Schools,Woodbridge,842,592,Yes under Community Eligibility Option (CEO),false
510219000902,St. Charles Elementary,Lee County Public Schools,St Charles,110,91,Yes under Community Eligibility Option (CEO),false
510249002195,St. Clare Walker Middle,Middlesex County Public Schools,Locust Hill,259,255,Yes under Community Eligibility Option (CEO),false
510267001137,St. Helena Elementary,Norfolk City Public Schools,Norfolk,229,228,Yes under Community Eligibility Option (CEO),false
510069000254,St. Paul,Carroll County Public Schools,Cana,304,286,Yes under Community Eligibility Option (CEO),false
510408001794,St. Paul Elementary,Wise County Public Schools,St Paul,514,446,Yes under Community Eligibility Option (CEO),true
510366001600,Stafford Elementary,Stafford County Public Schools,Stafford,879,376,Yes participating without using any Provision or the CEO,false
510366001601,Stafford Middle,Stafford County Public Schools,Stafford,961,463,Yes participating without using any Provision or the CEO,false
510366001602,Stafford Senior High,Stafford County Public Schools,Fredericksburg,2198,855,Yes participating without using any Provision or the CEO,false
510285001184,Stanley Elementary,Page County Public Schools,Stanley,337,305,Yes under Community Eligibility Option (CEO),false
510192000860,Stanleytown Elementary,Henry County Public Schools,Stanleytown,250,250,Yes under Community Eligibility Option (CEO),false
510369002828,Staunton City School Preschool Programs,Staunton City Public Schools,Staunton,149,131,Yes under Community Eligibility Option (CEO),false
510369001606,Staunton High,Staunton City Public Schools,Staunton,766,651,Yes under Community Eligibility Option (CEO),false
510036000156,Staunton River High,Bedford County Public Schools,Moneta,816,593,Yes under Community Eligibility Option (CEO),false
510036002029,Staunton River Middle,Bedford County Public Schools,Moneta,612,535,Yes under Community Eligibility Option (CEO),false
510126000569,Stenwood Elementary,Fairfax County Public Schools,Vienna,538,58,Yes participating without using any Provision or the CEO,false
510225000932,Sterling Elementary,Loudoun County Public Schools,Sterling,430,427,Yes participating without using any Provision or the CEO,false
510225000933,Sterling Middle,Loudoun County Public Schools,Sterling,967,818,Yes participating without using any Provision or the CEO,true
510225002776,Steuart W. Weller Elementary,Loudoun County Public Schools,Ashburn,710,278,Yes participating without using any Provision or the CEO,false
510036000157,Stewartsville Elementary,Bedford County Public Schools,Goodview,292,298,Yes under Community Eligibility Option (CEO),false
510225002538,Stone Bridge High,Loudoun County Public Schools,Ashburn,1629,327,Yes participating without using any Provision or the CEO,false
510225002764,Stone Hill Middle,Loudoun County Public Schools,Ashburn,1146,223,Yes participating without using any Provision or the CEO,false
510126000086,Stone Middle,Fairfax County Public Schools,Centreville,718,280,Yes participating without using any Provision or the CEO,false
510009000032,Stone Robinson Elementary,Albemarle County Public Schools,Charlottesville,476,144,Yes participating without using any Provision or the CEO,false
510186000602,Stone Spring Elementary,Harrisonburg City Public Schools,Harrisonburg,554,470,Yes under Community Eligibility Option (CEO),false
510402002556,Stonehouse Elementary,Williamsburg-James City County Public Schools,Williamsburg,838,212,Yes participating without using any Provision or the CEO,false
510147000659,Stonewall Elementary,Frederick County Public Schools,Clear Brook,391,302,Yes under Community Eligibility Option (CEO),false
510351001548,Stonewall Jackson High,Shenandoah County Public Schools,Quicksburg,496,418,Yes under Community Eligibility Option (CEO),false
510264001054,Stoney Run Elementary,Newport News City Public Schools,Newport News,453,451,Yes under Community Eligibility Option (CEO),false
510294001226,Stony Mill Elementary,Pittsylvania County Public Schools,Danville,440,368,Yes under Community Eligibility Option (CEO),false
510009000033,Stony Point Elementary,Albemarle County Public Schools,Keswick,217,58,Yes participating without using any Provision or the CEO,false
510351001549,Strasburg High,Shenandoah County Public Schools,Strasburg,614,512,Yes under Community Eligibility Option (CEO),false
510126000570,Stratford Landing Elementary,Fairfax County Public Schools,Alexandria,669,180,Yes participating without using any Provision or the CEO,false
510384000443,Strawbridge Elementary,Virginia Beach City Public Schools,Virginia Beach,610,127,Yes participating without using any Provision or the CEO,false
510288001191,Stuart Elementary,Patrick County Public Schools,Stuart,361,324,Yes under Community Eligibility Option (CEO),false
510313000190,Stuart M. Beville Middle,Prince William County Public Schools,Woodbridge,1181,817,Yes under Community Eligibility Option (CEO),false
510030000131,Stuarts Draft Elementary,Augusta County Public Schools,Stuarts Draft,646,448,Yes under Community Eligibility Option (CEO),false
510030000132,Stuarts Draft High,Augusta County Public Schools,Stuarts Draft,668,415,Yes under Community Eligibility Option (CEO),false
510030000130,Stuarts Draft Middle,Augusta County Public Schools,Stuarts Draft,513,332,Yes under Community Eligibility Option (CEO),false
510267001140,Suburban Park Elementary,Norfolk City Public Schools,Norfolk,415,417,Yes under Community Eligibility Option (CEO),false
510313001323,Sudley Elementary,Prince William County Public Schools,Manassas,623,443,Yes under Community Eligibility Option (CEO),false
510313002456,Suella G. Ellis Elementary,Prince William County Public Schools,Manassas,403,287,Yes under Community Eligibility Option (CEO),false
510352003011,Sugar Grove Elementary,Smyth County Public Schools,Sugar Grove,88,84,Yes under Community Eligibility Option (CEO),false
510225000934,Sugarland Elementary,Loudoun County Public Schools,Sterling,502,506,Yes under Community Eligibility Option (CEO),false
510225000935,Sully Elementary,Loudoun County Public Schools,Sterling,476,473,Yes participating without using any Provision or the CEO,false
510324003035,Summer Hill Preschool Center,Richmond City Public Schools,Richmond,192,190,Yes under Community Eligibility Option (CEO),false
510078002110,Summit Elementary,Charlottesville City Public Schools,Charlottesville,285,291,Yes under Community Eligibility Option (CEO),false
510117000418,Sunnyside Elementary,Dinwiddie County Public Schools,Mckenney,281,263,Yes under Community Eligibility Option (CEO),false
510126000571,Sunrise Valley Elementary,Fairfax County Public Schools,Reston,558,88,Yes participating without using any Provision or the CEO,false
510375001635,Surry County High,Surry County Public Schools,Dendron,198,190,Yes under Community Eligibility Option (CEO),false
510375002002,Surry Elementary,Surry County Public Schools,Dendron,292,279,Yes under Community Eligibility Option (CEO),false
510378002959,Sussex Central Elementary,Sussex County Public Schools,Stony Creek,478,475,Yes participating without using any Provision or the CEO,false
510378001643,Sussex Central High,Sussex County Public Schools,Sussex,331,331,Yes under Community Eligibility Option (CEO),true
510378002962,Sussex Central Middle,Sussex County Public Schools,Sussex,238,237,Yes under Community Eligibility Option (CEO),true
510117000416,Sutherland Elementary,Dinwiddie County Public Schools,Sutherland,548,516,Yes under Community Eligibility Option (CEO),false
510313002305,Swans Creek Elementary,Prince William County Public Schools,Dumfries,619,439,Yes under Community Eligibility Option (CEO),false
510324001367,Swansboro Elementary,Richmond City Public Schools,Richmond,172,169,Yes under Community Eligibility Option (CEO),false
510027000107,Swanson Middle,Arlington County Public Schools,Arlington,993,198,Yes participating without using any Provision or the CEO,false
510084001990,Swift Creek Elementary,Chesterfield County Public Schools,Midlothian,724,199,Yes participating without using any Provision or the CEO,false
510084001834,Swift Creek Middle,Chesterfield County Public Schools,Midlothian,1180,334,Yes participating without using any Provision or the CEO,false
510105000382,Sycamore Park Elementary,Culpeper County Public Schools,Culpeper,689,601,Yes under Community Eligibility Option (CEO),false
510225002755,Sycolin Creek Elementary,Loudoun County Public Schools,Leesburg,452,45,Yes participating without using any Provision or the CEO,false
510177000720,Sydnor Jennings Elementary,Halifax County Public Schools,Nathalie,157,151,Yes under Community Eligibility Option (CEO),false
510366001603,T. Benton Gayle Middle,Stafford County Public Schools,Fredericksburg,939,386,Yes participating without using any Provision or the CEO,false
510313002852,T. Clay Wood Elementary,Prince William County Public Schools,Nokesville,754,163,Yes participating without using any Provision or the CEO,false
510264001075,T. Ryland Sanford Elementary,Newport News City Public Schools,Newport News,498,493,Yes under Community Eligibility Option (CEO),false
510234000603,T.c. Miller Elementary School for Innovation,Lynchburg City Public Schools,Lynchburg,168,165,Yes under Community Eligibility Option (CEO),false
510415001819,Tabb Elementary,York County Public Schools,Yorktown,707,204,Yes participating without using any Provision or the CEO,false
510415001820,Tabb High,York County Public Schools,Yorktown,1153,251,Yes participating without using any Provision or the CEO,false
510415001821,Tabb Middle,York County Public Schools,Yorktown,968,269,Yes participating without using any Provision or the CEO,false
510384002169,Tallwood Elementary,Virginia Beach City Public Schools,Virginia Beach,601,264,Yes participating without using any Provision or the CEO,false
510384000434,Tallwood High,Virginia Beach City Public Schools,Virginia Beach,1890,824,Yes participating without using any Provision or the CEO,false
510006000014,Tangier Combined,Accomack County Public Schools,Tangier,38,37,Yes under Community Eligibility Option (CEO),false
510267002210,Tanners Creek Elementary,Norfolk City Public Schools,Norfolk,517,528,Yes under Community Eligibility Option (CEO),false
510120000421,Tappahannock Elementary,Essex County Public Schools,Tappahannock,400,410,Yes under Community Eligibility Option (CEO),false
510267001141,Tarrallton Elementary,Norfolk City Public Schools,Norfolk,286,285,Yes under Community Eligibility Option (CEO),false
510027000108,Taylor Elementary,Arlington County Public Schools,Arlington,530,48,Yes participating without using any Provision or the CEO,false
510381001668,Tazewell High,Tazewell County Public Schools,Tazewell,509,452,Yes under Community Eligibility Option (CEO),true
510381001657,Tazewell Intermediate,Tazewell County Public Schools,North Tazewell,371,328,Yes under Community Eligibility Option (CEO),false
510381001669,Tazewell Middle,Tazewell County Public Schools,Tazewell,377,336,Yes under Community Eligibility Option (CEO),false
510381001667,Tazewell Primary,Tazewell County Public Schools,Tazewell,405,363,Yes under Community Eligibility Option (CEO),false
510021000075,Temperance Elementary,Amherst County Public Schools,Amherst,93,77,Yes under Community Eligibility Option (CEO),false
510126001842,Terra Centre Elementary,Fairfax County Public Schools,Burke,594,87,Yes participating without using any Provision or the CEO,false
510126000573,Terraset Elementary,Fairfax County Public Schools,Reston,598,204,Yes participating without using any Provision or the CEO,false
510384001717,Thalia Elementary,Virginia Beach City Public Schools,Virginia Beach,590,458,Yes under Community Eligibility Option (CEO),false
510313001311,The Nokesville School,Prince William County Public Schools,Nokesville,1202,345,Yes participating without using any Provision or the CEO,false
510111002872,The Northside Preschool,Danville City Public Schools,Danville,137,,No,false
510084002099,Thelma Crenshaw Elementary,Chesterfield County Public Schools,Midlothian,708,552,Yes under Community Eligibility Option (CEO),false
510324002078,Thomas C. Boushall Middle,Richmond City Public Schools,Richmond,621,617,Yes under Community Eligibility Option (CEO),true
510369001608,Thomas C. McSwain Elementary,Staunton City Public Schools,Staunton,449,381,Yes under Community Eligibility Option (CEO),false
510084000350,Thomas Dale High,Chesterfield County Public Schools,Chester,2582,1916,Yes under Community Eligibility Option (CEO),false
510180000760,Thomas Eaton Middle,Hampton City Public Schools,Hampton,581,548,Yes under Community Eligibility Option (CEO),false
510324001374,Thomas H. Henderson Middle,Richmond City Public Schools,Richmond,430,424,Yes under Community Eligibility Option (CEO),false
510186002150,Thomas Harrison Middle,Harrisonburg City Public Schools,Harrisonburg,771,669,Yes under Community Eligibility Option (CEO),false
510243000994,Thomas Hunter Middle,Mathews County Public Schools,Mathews,176,127,Yes under Community Eligibility Option (CEO),false
510036002525,Thomas Jefferson Elementary,Bedford County Public Schools,Forest,567,139,Yes participating without using any Provision or the CEO,false
510228000942,Thomas Jefferson Elementary,Louisa County Public Schools,Louisa,672,597,Yes under Community Eligibility Option (CEO),false
510324002070,Thomas Jefferson High,Richmond City Public Schools,Richmond,749,586,Yes under Community Eligibility Option (CEO),true
510126002034,Thomas Jefferson High for Science and Technology,Fairfax County Public Schools,Alexandria,2108,313,Yes participating without using any Provision or the CEO,false
510219000904,Thomas Walker High,Lee County Public Schools,Ewing,291,290,Yes under Community Eligibility Option (CEO),true
510126000574,Thoreau Middle,Fairfax County Public Schools,Vienna,1239,233,Yes participating without using any Provision or the CEO,false
510364000981,Thornburg Middle,Spotsylvania County Public Schools,Spotsylvania,755,489,Yes under Community Eligibility Option (CEO),false
510384001718,Thoroughgood Elementary,Virginia Beach City Public Schools,Virginia Beach,767,141,Yes participating without using any Provision or the CEO,false
510189000829,Three Chopt Elementary,Henrico County Public Schools,Richmond,306,276,Yes under Community Eligibility Option (CEO),false
510384002475,Three Oaks Elementary,Virginia Beach City Public Schools,Virginia Beach,706,123,Yes participating without using any Provision or the CEO,false
510081000304,Thurgood Marshall Elementary,Chesapeake City Public Schools,Chesapeake,395,296,Yes under Community Eligibility Option (CEO),false
510313000938,Thurgood Marshall Elementary,Prince William County Public Schools,Manassas,642,165,Yes participating without using any Provision or the CEO,false
510126000575,Timber Lane Elementary,Fairfax County Public Schools,Falls Church,584,356,Yes participating without using any Provision or the CEO,false
510402000446,Toano Middle,Williamsburg-James City County Public Schools,Toano,704,225,Yes participating without using any Provision or the CEO,false
510084002754,Tomahawk Creek Middle,Chesterfield County Public Schools,Midlothian,1650,230,Yes participating without using any Provision or the CEO,false
510060000232,Tomahawk Elementary,Campbell County Public Schools,Lynchburg,667,513,Yes under Community Eligibility Option (CEO),false
510048000188,Totaro Elementary,Brunswick County Public Schools,Lawrenceville,295,302,Yes under Community Eligibility Option (CEO),false
510078002143,Trailblazer Elementary,Charlottesville City Public Schools,Charlottesville,320,210,Yes under Community Eligibility Option (CEO),false
510225002965,Trailside Middle,Loudoun County Public Schools,Ashburn,1131,245,Yes participating without using any Provision or the CEO,false
510384001719,Trantwood Elementary,Virginia Beach City Public Schools,Virginia Beach,561,130,Yes participating without using any Provision or the CEO,false
510228002066,Trevilians Elementary,Louisa County Public Schools,Louisa,546,433,Yes under Community Eligibility Option (CEO),false
510313001324,Triangle Elementary,Prince William County Public Schools,Triangle,795,563,Yes under Community Eligibility Option (CEO),false
510042000173,Troutville Elementary,Botetourt County Public Schools,Troutville,247,82,Yes participating without using any Provision or the CEO,false
510081001899,Truitt Intermediate,Chesapeake City Public Schools,Chesapeake,256,192,Yes under Community Eligibility Option (CEO),false
510027000110,Tuckahoe Elementary,Arlington County Public Schools,Arlington,448,14,Yes participating without using any Provision or the CEO,false
510189000831,Tuckahoe Elementary,Henrico County Public Schools,Richmond,682,61,Yes participating without using any Provision or the CEO,false
510189000832,Tuckahoe Middle,Henrico County Public Schools,Richmond,1114,1007,Yes under Community Eligibility Option (CEO),false
510294001227,Tunstall High,Pittsylvania County Public Schools,Dry Fork,800,687,Yes under Community Eligibility Option (CEO),false
510294001206,Tunstall Middle,Pittsylvania County Public Schools,Dry Fork,609,524,Yes under Community Eligibility Option (CEO),false
510339002164,Turner Ashby High,Rockingham County Public Schools,Bridgewater,998,383,Yes participating without using any Provision or the CEO,false
510225002817,Tuscarora High,Loudoun County Public Schools,Leesburg,1377,530,Yes participating without using any Provision or the CEO,false
510096000366,Tussing Elementary,Colonial Heights City Public Schools,Colonial Heights,652,648,Yes under Community Eligibility Option (CEO),false
510126000576,Twain Middle,Fairfax County Public Schools,Alexandria,1026,362,Yes participating without using any Provision or the CEO,false
510189002536,Twin Hickory Elementary,Henrico County Public Schools,Glen Allen,516,107,Yes participating without using any Provision or the CEO,false
510294001395,Twin Springs Elementary,Pittsylvania County Public Schools,Danville,618,520,Yes under Community Eligibility Option (CEO),false
510348001539,Twin Springs High,Scott County Public Schools,Nickelsville,242,190,Yes under Community Eligibility Option (CEO),true
510051001946,Twin Valley Elementary/Middle,Buchanan County Public Schools,Oakwood,240,250,Yes under Community Eligibility Option (CEO),false
510051001947,Twin Valley High,Buchanan County Public Schools,Pilgrim Knob,179,174,Yes under Community Eligibility Option (CEO),true
510258001160,Tye River Elementary,Nelson County Public Schools,Arrington,360,307,Yes under Community Eligibility Option (CEO),false
510294001228,Union Hall Elementary,Pittsylvania County Public Schools,Chatham,183,157,Yes under Community Eligibility Option (CEO),false
510408001792,Union High,Wise County Public Schools,Big Stone Gap,564,511,Yes under Community Eligibility Option (CEO),true
510408002050,Union Middle,Wise County Public Schools,Big Stone Gap,561,526,Yes under Community Eligibility Option (CEO),false
510126002060,Union Mill Elementary,Fairfax County Public Schools,Clifton,874,109,Yes participating without using any Provision or the CEO,false
510408001793,Union Primary,Wise County Public Schools,Big Stone Gap,809,729,Yes under Community Eligibility Option (CEO),false
510282001177,Unionville Elementary,Orange County Public Schools,Unionville,256,178,Yes under Community Eligibility Option (CEO),false
510313001322,Unity Braxton Middle,Prince William County Public Schools,Manassas,1055,730,Yes under Community Eligibility Option (CEO),true
510313001321,Unity Reed High,Prince William County Public Schools,Manassas,2042,1352,Yes under Community Eligibility Option (CEO),false
510033000141,Valley Elementary,Bath County Public Schools,Hot Springs,184,185,Yes under Community Eligibility Option (CEO),false
510390001750,Valley Institute Elementary,Washington County Public Schools,Bristol,250,189,Yes under Community Eligibility Option (CEO),false
510189000834,Varina Elementary,Henrico County Public Schools,Richmond,274,242,Yes under Community Eligibility Option (CEO),false
510189000835,Varina High,Henrico County Public Schools,Richmond,1420,1225,Yes under Community Eligibility Option (CEO),false
510291002794,Vernon Johns Middle,Petersburg City Public Schools,Petersburg,949,877,Yes under Community Eligibility Option (CEO),true
510231000949,Victoria Elementary,Lunenburg County Public Schools,Victoria,400,373,Yes under Community Eligibility Option (CEO),false
510313002586,Victory Elementary,Prince William County Public Schools,Bristow,661,461,Yes under Community Eligibility Option (CEO),false
510300002625,Victory Elementary,Portsmouth City Public Schools,Portsmouth,586,589,Yes under Community Eligibility Option (CEO),false
510126000577,Vienna Elementary,Fairfax County Public Schools,Vienna,357,26,Yes participating without using any Provision or the CEO,false
510405001782,Virginia Avenue Charlotte Dehart Elementary,Winchester City Public Schools,Winchester,415,347,Yes under Community Eligibility Option (CEO),false
510384001721,Virginia Beach Middle,Virginia Beach City Public Schools,Virginia Beach,685,421,Yes under Community Eligibility Option (CEO),false
510348003096,Virginia Connections Academy,Scott County Public Schools,Gate City,728,,No,false
510330000667,Virginia Heights Elementary,Roanoke City Public Schools,Roanoke,245,251,Yes under Community Eligibility Option (CEO),false
510045000179,Virginia High,Bristol City Public Schools,Bristol,638,639,Yes under Community Eligibility Option (CEO),false
510126002819,Virginia Hills Early Childhood Resource Center,Fairfax County Public Schools,Alexandria,249,,No,false
510045003104,Virginia Intermediate School,Bristol City Public Schools,Bristol,655,654,Yes under Community Eligibility Option (CEO),false
510009000003,Virginia L. Murray Elementary,Albemarle County Public Schools,Charlottesville,273,32,Yes participating without using any Provision or the CEO,false
510045000180,Virginia Middle,Bristol City Public Schools,Bristol,452,456,Yes under Community Eligibility Option (CEO),false
510045003153,Virginia Primary School,Bristol City Public Schools,Bristol,422,,No,false
510126002146,Virginia Run Elementary,Fairfax County Public Schools,Centreville,724,299,Yes participating without using any Provision or the CEO,false
510005803050,Virginia School for the Deaf and the Blind,Virginia School for the Deaf and Blind-Staunton,Staunton,65,26,Yes participating without using any Provision or the CEO,false
510346003134,Virginia Virtual Academy at Salem,Salem City Public Schools,Salem,415,,No,false
510132000614,W.c. Taylor Middle,Fauquier County Public Schools,Warrenton,623,152,Yes participating without using any Provision or the CEO,false
510333001459,W.e. Cundiff Elementary,Roanoke County Public Schools,Vinton,486,395,Yes under Community Eligibility Option (CEO),false
510132000615,W.g. Coleman Elementary,Fauquier County Public Schools,The Plains,355,140,Yes participating without using any Provision or the CEO,false
510225003084,W.o. Robey High,Loudoun County Public Schools,Sterling,59,,No,false
510384001723,W.t. Cooke Elementary,Virginia Beach City Public Schools,Virginia Beach,555,425,Yes under Community Eligibility Option (CEO),false
510084001835,W.w. Gordon Elementary,Chesterfield County Public Schools,North Chesterfield,628,111,Yes participating without using any Provision or the CEO,false
510351001554,W.w. Robinson Elementary,Shenandoah County Public Schools,Woodstock,1035,873,Yes under Community Eligibility Option (CEO),false
510126000580,Wakefield Forest Elementary,Fairfax County Public Schools,Fairfax,626,52,Yes participating without using any Provision or the CEO,false
510027000111,Wakefield High,Arlington County Public Schools,Arlington,2646,1271,Yes under Community Eligibility Option (CEO),false
510078000279,Walker Upper Elementary,Charlottesville City Public Schools,Charlottesville,570,451,Yes under Community Eligibility Option (CEO),false
510151002274,Walker-Grant Early Childhood Center,Fredericksburg City Public Schools,Fredericksburg,149,167,Yes under Community Eligibility Option (CEO),false
510151002612,Walker-Grant Middle,Fredericksburg City Public Schools,Fredericksburg,796,728,Yes under Community Eligibility Option (CEO),true
510390001752,Wallace Middle,Washington County Public Schools,Bristol,443,330,Yes under Community Eligibility Option (CEO),false
510415001822,Waller Mill Elementary,York County Public Schools,Williamsburg,445,172,Yes participating without using any Provision or the CEO,false
510291001203,Walnut Hill Elementary,Petersburg City Public Schools,Petersburg,574,538,Yes under Community Eligibility Option (CEO),false
510267001144,Walter Herron Taylor Elementary,Norfolk City Public Schools,Norfolk,403,409,Yes under Community Eligibility Option (CEO),false
510126000088,Waples Mill Elementary,Fairfax County Public Schools,Oakton,750,94,Yes participating without using any Provision or the CEO,false
510402002658,Warhill High,Williamsburg-James City County Public Schools,Williamsburg,1277,418,Yes participating without using any Provision or the CEO,false
510387001733,Warren County High,Warren County Public Schools,Front Royal,772,566,Yes under Community Eligibility Option (CEO),false
510387003038,Warren County Middle,Warren County Public Schools,Front Royal,569,419,Yes under Community Eligibility Option (CEO),false
510264001076,Warwick High,Newport News City Public Schools,Newport News,1622,1515,Yes under Community Eligibility Option (CEO),true
510330001349,Wasena Elementary,Roanoke City Public Schools,Roanoke,247,247,Yes under Community Eligibility Option (CEO),false
510390003152,Washington County Virtual School,Washington County Public Schools,Abingdon,537,,No,false
510398001769,Washington District Elementary,Westmoreland County Public Schools,Colonial Beach,415,427,Yes under Community Eligibility Option (CEO),false
510126000582,Washington Mill Elementary,Fairfax County Public Schools,Alexandria,592,467,Yes under Community Eligibility Option (CEO),false
510183000781,Washington-Henry Elementary,Hanover County Public Schools,Mechanicsville,386,138,Yes participating without using any Provision or the CEO,false
510027000112,Washington-Liberty High,Arlington County Public Schools,Arlington,3044,767,Yes participating without using any Provision or the CEO,false
510390001986,Watauga Elementary,Washington County Public Schools,Abingdon,581,435,Yes under Community Eligibility Option (CEO),false
510225000936,Waterford Elementary,Loudoun County Public Schools,Waterford,243,13,Yes participating without using any Provision or the CEO,false
510186000787,Waterman Elementary,Harrisonburg City Public Schools,Harrisonburg,557,485,Yes under Community Eligibility Option (CEO),false
510300001253,Waterview Elementary,Portsmouth City Public Schools,Portsmouth,576,574,Yes under Community Eligibility Option (CEO),false
510264002471,Watkins Early Childhood Center,Newport News City Public Schools,Newport News,326,328,Yes under Community Eligibility Option (CEO),false
510225003137,Watson Mountain Middle,Loudoun County Public Schools,Leesburg,533,74,Yes participating without using any Provision or the CEO,false
510237000974,Waverly Yowell Elementary,Madison County Public Schools,Madison,334,235,Yes under Community Eligibility Option (CEO),false
510225003060,Waxpool Elementary,Loudoun County Public Schools,Ashburn,678,113,Yes participating without using any Provision or the CEO,false
510393002855,Wayne Hills Center,Waynesboro City Public Schools,Waynesboro,184,230,Yes under Community Eligibility Option (CEO),false
510393001759,Waynesboro High,Waynesboro City Public Schools,Waynesboro,926,877,Yes under Community Eligibility Option (CEO),false
510126000583,Waynewood Elementary,Fairfax County Public Schools,Alexandria,738,30,Yes participating without using any Provision or the CEO,false
510348001540,Weber City Elementary,Scott County Public Schools,Weber City,380,288,Yes under Community Eligibility Option (CEO),false
510236000979,Weems Elementary,Manassas City Public Schools,Manassas,556,480,Yes under Community Eligibility Option (CEO),false
510393001760,Wenonah Elementary,Waynesboro City Public Schools,Waynesboro,246,230,Yes under Community Eligibility Option (CEO),false
510313001325,West Gate Elementary,Prince William County Public Schools,Manassas,482,346,Yes under Community Eligibility Option (CEO),false
510395001762,West Point Elementary,West Point Public Schools,West Point,409,200,Yes under Community Eligibility Option (CEO),false
510395001763,West Point Middle/High,West Point Public Schools,West Point,434,212,Yes under Community Eligibility Option (CEO),false
510126000489,West Potomac High,Fairfax County Public Schools,Alexandria,2710,1316,Yes participating without using any Provision or the CEO,false
510346002046,West Salem Elementary,Salem City Public Schools,Salem,375,133,Yes participating without using any Provision or the CEO,false
510126000584,West Springfield Elementary,Fairfax County Public Schools,Springfield,524,70,Yes participating without using any Provision or the CEO,false
510126000585,West Springfield High,Fairfax County Public Schools,Springfield,2799,457,Yes participating without using any Provision or the CEO,false
510126000586,Westbriar Elementary,Fairfax County Public Schools,Vienna,840,75,Yes participating without using any Provision or the CEO,false
510009000035,Western Albemarle High,Albemarle County Public Schools,Crozet,1273,159,Yes participating without using any Provision or the CEO,false
510081000312,Western Branch High,Chesapeake City Public Schools,Chesapeake,2138,1557,Yes under Community Eligibility Option (CEO),false
510081000311,Western Branch Intermediate,Chesapeake City Public Schools,Chesapeake,795,586,Yes under Community Eligibility Option (CEO),false
510081000313,Western Branch Middle,Chesapeake City Public Schools,Chesapeake,855,627,Yes under Community Eligibility Option (CEO),false
510081001910,Western Branch Primary,Chesapeake City Public Schools,Chesapeake,801,590,Yes under Community Eligibility Option (CEO),false
510126002529,Westfield High,Fairfax County Public Schools,Chantilly,2737,976,Yes participating without using any Provision or the CEO,false
510126000587,Westgate Elementary,Fairfax County Public Schools,Falls Church,614,229,Yes participating without using any Provision or the CEO,false
510300001264,Westhaven Elementary,Portsmouth City Public Schools,Portsmouth,401,401,Yes under Community Eligibility Option (CEO),false
510126000588,Westlawn Elementary,Fairfax County Public Schools,Falls Church,789,608,Yes under Community Eligibility Option (CEO),false
510398001768,Westmoreland High,Westmoreland County Public Schools,Montross,488,488,Yes under Community Eligibility Option (CEO),true
510324001404,Westover Hills Elementary,Richmond City Public Schools,Richmond,375,372,Yes under Community Eligibility Option (CEO),false
510313002160,Westridge Elementary,Prince William County Public Schools,Woodbridge,642,451,Yes under Community Eligibility Option (CEO),false
510330001437,Westside Elementary,Roanoke City Public Schools,Roanoke,624,617,Yes under Community Eligibility Option (CEO),false
510201002444,Westside Elementary,Isle of Wight County Public Schools,Smithfield,682,264,Yes participating without using any Provision or the CEO,false
510291001204,Westview Early Childhood Education Center,Petersburg City Public Schools,Petersburg,418,393,Yes under Community Eligibility Option (CEO),false
510393001761,Westwood Hills Elementary,Waynesboro City Public Schools,Waynesboro,382,361,Yes under Community Eligibility Option (CEO),false
510111001233,Westwood Middle,Danville City Public Schools,Danville,642,592,Yes under Community Eligibility Option (CEO),false
510126000590,Weyanoke Elementary,Fairfax County Public Schools,Alexandria,590,573,Yes under Community Eligibility Option (CEO),false
510126001843,White Oaks Elementary,Fairfax County Public Schools,Burke,699,171,Yes participating without using any Provision or the CEO,false
510384001724,White Oaks Elementary,Virginia Beach City Public Schools,Virginia Beach,653,356,Yes participating without using any Provision or the CEO,false
510126000475,Whitman Middle,Fairfax County Public Schools,Alexandria,828,561,Yes under Community Eligibility Option (CEO),false
510366002106,Widewater Elementary,Stafford County Public Schools,Stafford,698,513,Yes under Community Eligibility Option (CEO),false
510339001511,Wilbur S. Pence Middle,Rockingham County Public Schools,Dayton,671,289,Yes participating without using any Provision or the CEO,false
510364001870,Wilderness Elementary,Spotsylvania County Public Schools,Spotsylvania,647,468,Yes under Community Eligibility Option (CEO),false
510267001087,Willard Elementary,Norfolk City Public Schools,Norfolk,441,449,Yes under Community Eligibility Option (CEO),false
510225003059,Willard Middle,Loudoun County Public Schools,Aldie,1684,148,Yes participating without using any Provision or the CEO,false
510333001476,William Byrd High,Roanoke County Public Schools,Vinton,1134,427,Yes participating without using any Provision or the CEO,false
510333001477,William Byrd Middle,Roanoke County Public Schools,Vinton,802,538,Yes under Community Eligibility Option (CEO),false
510060000233,William Campbell High,Campbell County Public Schools,Naruna,384,283,Yes under Community Eligibility Option (CEO),false
510300001265,William E. Waters Middle,Portsmouth City Public Schools,Portsmouth,549,543,Yes under Community Eligibility Option (CEO),false
510330001438,William Fleming High,Roanoke City Public Schools,Roanoke,1957,1793,Yes under Community Eligibility Option (CEO),true
510324001406,William Fox Elementary,Richmond City Public Schools,Richmond,367,367,Yes under Community Eligibility Option (CEO),false
510237000975,William H. Wetsel Middle,Madison County Public Schools,Madison,356,237,Yes under Community Eligibility Option (CEO),false
510234000970,William M. Bass Elementary,Lynchburg City Public Schools,Lynchburg,188,178,Yes under Community Eligibility Option (CEO),false
510180000763,William Mason Cooper Elementary,Hampton City Public Schools,Hampton,386,368,Yes under Community Eligibility Option (CEO),false
510171000702,William Monroe High,Greene County Public Schools,Stanardsville,952,660,Yes under Community Eligibility Option (CEO),false
510171000106,William Monroe Middle,Greene County Public Schools,Stanardsville,596,414,Yes under Community Eligibility Option (CEO),false
510393001064,William Perry Elementary,Waynesboro City Public Schools,Waynesboro,447,423,Yes under Community Eligibility Option (CEO),false
510012000055,William Ramsay Elementary,Alexandria City Public Schools,Alexandria,689,611,Yes under Community Eligibility Option (CEO),false
510384001725,Williams Elementary,Virginia Beach City Public Schools,Virginia Beach,443,379,Yes under Community Eligibility Option (CEO),false
510027000113,Williamsburg Middle,Arlington County Public Schools,Arlington,856,24,Yes participating without using any Provision or the CEO,false
510264001077,Willis A. Jenkins Elementary,Newport News City Public Schools,Newport News,507,507,Yes under Community Eligibility Option (CEO),false
510135000621,Willis Elementary,Floyd County Public Schools,Willis,163,130,Yes under Community Eligibility Option (CEO),false
510267001146,Willoughby Early Childhood Center,Norfolk City Public Schools,Norfolk,181,178,Yes under Community Eligibility Option (CEO),false
510126002147,Willow Springs Elementary,Fairfax County Public Schools,Fairfax,818,123,Yes participating without using any Provision or the CEO,false
510030000137,Wilson Elementary,Augusta County Public Schools,Fishersville,655,537,Yes under Community Eligibility Option (CEO),false
510030000138,Wilson Memorial High,Augusta County Public Schools,Fishersville,837,461,Yes under Community Eligibility Option (CEO),false
510030002435,Wilson Middle,Augusta County Public Schools,Fishersville,641,428,Yes under Community Eligibility Option (CEO),false
510366001634,Winding Creek Elementary,Stafford County Public Schools,Stafford,840,294,Yes participating without using any Provision or the CEO,false
510201000876,Windsor Elementary,Isle of Wight County Public Schools,Windsor,624,449,Yes under Community Eligibility Option (CEO),false
510201000877,Windsor High,Isle of Wight County Public Schools,Windsor,508,315,Yes under Community Eligibility Option (CEO),false
510384001726,Windsor Oaks Elementary,Virginia Beach City Public Schools,Virginia Beach,497,381,Yes under Community Eligibility Option (CEO),false
510384001727,Windsor Woods Elementary,Virginia Beach City Public Schools,Virginia Beach,487,360,Yes under Community Eligibility Option (CEO),false
510144002763,Windy Gap Elementary,Franklin County Public Schools,Hardy,391,340,Yes under Community Eligibility Option (CEO),false
510084002780,Winterpock Elementary,Chesterfield County Public Schools,Chesterfield,834,133,Yes participating without using any Provision or the CEO,false
510408001798,Wise Primary,Wise County Public Schools,Wise,603,526,Yes under Community Eligibility Option (CEO),false
510126000594,Wolftrap Elementary,Fairfax County Public Schools,Vienna,529,8,Yes participating without using any Provision or the CEO,false
510111000398,Woodberry Hills Elementary,Danville City Public Schools,Danville,377,348,Yes under Community Eligibility Option (CEO),false
510313001327,Woodbridge High,Prince William County Public Schools,Woodbridge,2898,1969,Yes under Community Eligibility Option (CEO),false
510313001326,Woodbridge Middle,Prince William County Public Schools,Woodbridge,873,607,Yes under Community Eligibility Option (CEO),false
510009000036,Woodbrook Elementary,Albemarle County Public Schools,Charlottesville,522,470,Yes under Community Eligibility Option (CEO),false
510126000597,Woodburn Elementary,Fairfax County Public Schools,Falls Church,483,328,Yes participating without using any Provision or the CEO,false
510225002812,Woodgrove High,Loudoun County Public Schools,Purcellville,1562,199,Yes participating without using any Provision or the CEO,false
510126000598,Woodlawn Elementary,Fairfax County Public Schools,Alexandria,447,373,Yes under Community Eligibility Option (CEO),false
510198002279,Woodlawn Pre-School Learning Center,Hopewell City Public Schools,Hopewell,307,308,Yes under Community Eligibility Option (CEO),false
510126000599,Woodley Hills Elementary,Fairfax County Public Schools,Alexandria,495,414,Yes under Community Eligibility Option (CEO),false
510330001440,Woodrow Wilson Middle,Roanoke City Public Schools,Roanoke,601,597,Yes under Community Eligibility Option (CEO),false
510264001453,Woodside High,Newport News City Public Schools,Newport News,1723,1666,Yes under Community Eligibility Option (CEO),false
510126000600,Woodson High,Fairfax County Public Schools,Fairfax,2436,346,Yes participating without using any Provision or the CEO,false
510384001728,Woodstock Elementary,Virginia Beach City Public Schools,Virginia Beach,689,471,Yes under Community Eligibility Option (CEO),false
510324001407,Woodville Elementary,Richmond City Public Schools,Richmond,217,214,Yes under Community Eligibility Option (CEO),false
510084002176,Woolridge Elementary,Chesterfield County Public Schools,Midlothian,813,90,Yes participating without using any Provision or the CEO,false
510288001192,Woolwine Elementary,Patrick County Public Schools,Woolwine,153,117,Yes under Community Eligibility Option (CEO),false
510060000234,Yellow Branch Elementary,Campbell County Public Schools,Rustburg,584,461,Yes under Community Eligibility Option (CEO),false
510415001823,York High,York County Public Schools,Yorktown,947,285,Yes participating without using any Provision or the CEO,false
510415002330,York River Academy,York County Public Schools,Yorktown,72,,No,false
510313001328,Yorkshire Elementary,Prince William County Public Schools,Manassas,851,600,Yes under Community Eligibility Option (CEO),false
510415001824,Yorktown Elementary,York County Public Schools,Yorktown,599,316,Yes participating without using any Provision or the CEO,false
510027000115,Yorktown High,Arlington County Public Schools,Arlington,2593,349,Yes participating without using any Provision or the CEO,false
510415001825,Yorktown Middle,York County Public Schools,Yorktown,717,266,Yes participating without using any Provision or the CEO,false
510105002748,Yowell Elementary,Culpeper County Public Schools,Culpeper,687,439,Yes under Community Eligibility Option (CEO),false
510348001541,Yuma Elementary,Scott County Public Schools,Gate City,199,160,Yes under Community Eligibility Option (CEO),false
