nces_id,school_name,district_name,city_name,total_students,frl_eligible_students,national_school_lunch_program,admin_approved,min_grade,max_grade
530486002475,10th Street School,Marysville School District,Marysville,217,75,Yes under Community Eligibility Option (CEO),false,6th Grade,8th Grade
530910002602,A G West Black Hills High School,Tumwater School District,Tumwater,753,235,Yes participating without using any Provision or the CEO,false,9th Grade,12th Grade
530003000001,A J West Elementary,Aberdeen School District,Aberdeen,281,241,Yes under Community Eligibility Option (CEO),false,Prekindergarten,5th Grade
530825002361,A-3 Multiagency Adolescent Prog,Spokane School District,Spokane,29,19,Yes under Community Eligibility Option (CEO),true,6th Grade,12th Grade
530966001632,Abraham Lincoln Elementary,Wenatchee School District,Wenatchee,604,487,Yes under Community Eligibility Option (CEO),false,Kindergarten,5th Grade
530048003466,Acceleration Academy,Bethel School District,Spanaway,450,218,Yes under Community Eligibility Option (CEO),false,9th Grade,12th Grade
530543002063,Aces High School,Mukilteo School District,Everett,130,91,Yes under Community Eligibility Option (CEO),true,9th Grade,12th Grade
530531000799,Acme Elementary,Mount Baker School District,Acme,168,88,Yes under Community Eligibility Option (CEO),false,Kindergarten,6th Grade
530825001361,Adams Elementary,Spokane School District,Spokane,312,223,Yes under Community Eligibility Option (CEO),false,Prekindergarten,6th Grade
530111000187,Adams Elementary,Central Valley School District,Spokane Valley,376,232,Yes under Community Eligibility Option (CEO),false,Prekindergarten,5th Grade
530948002611,Adams Elementary,Wapato School District,Wapato,394,359,Yes under Community Eligibility Option (CEO),false,3rd Grade,5th Grade
530771001127,Adams Elementary School,Seattle School District No. 1,Seattle,285,53,Yes participating without using any Provision or the CEO,false,Kindergarten,5th Grade
531011001685,Adams Elementary School,Yakima School District,Yakima,643,607,Yes under Community Eligibility Option (CEO),false,Prekindergarten,5th Grade
530282000430,Adelaide Elementary School,Federal Way School District,Federal Way,321,232,Yes under Community Eligibility Option (CEO),false,Prekindergarten,5th Grade
530006000012,Adna Elementary School,Adna School District,Chehalis,265,81,Yes participating without using any Provision or the CEO,false,Prekindergarten,5th Grade
530006000013,Adna Middle/High School,Adna School District,Chehalis,369,92,Yes participating without using any Provision or the CEO,false,6th Grade,12th Grade
530972001649,Ahtanum Valley Elementary,West Valley School District (Yakima),Yakima,381,245,Yes under Community Eligibility Option (CEO),false,Kindergarten,5th Grade
530802002068,Aim High School,Snohomish School District,Snohomish,174,72,No,false,9th Grade,12th Grade
530771001249,Aki Kurose Middle School,Seattle School District No. 1,Seattle,817,464,Yes under Community Eligibility Option (CEO),true,6th Grade,8th Grade
530771001234,Alan T. Sugiyama High School,Seattle School District No. 1,Seattle,48,34,Yes under Community Eligibility Option (CEO),true,9th Grade,12th Grade
530423002648,Albert Einstein Elementary,Lake Washington School District,Redmond,448,93,Yes participating without using any Provision or the CEO,false,Kindergarten,5th Grade
530792001297,Albert Einstein Middle School,Shoreline School District,Shoreline,1032,343,Yes participating without using any Provision or the CEO,false,6th Grade,8th Grade
530042000098,Alderwood Elementary School,Bellingham School District,Bellingham,305,200,Yes under Community Eligibility Option (CEO),false,Prekindergarten,5th Grade
530240000329,Alderwood Middle School,Edmonds School District,Lynnwood,679,372,Yes under Community Eligibility Option (CEO),true,7th Grade,8th Grade
530423000656,Alexander Graham Bell Elementary,Lake Washington School District,Kirkland,503,148,Yes participating without using any Provision or the CEO,false,Prekindergarten,5th Grade
530141002839,Alfaretta House,Clover Park School District,Lakewood,26,19,No,false,11th Grade,12th Grade
530771001129,Alki Elementary School,Seattle School District No. 1,Seattle,269,38,Yes participating without using any Provision or the CEO,false,Prekindergarten,5th Grade
530927000578,Alki Middle School,Vancouver School District,Vancouver,594,174,Yes under Community Eligibility Option (CEO),false,6th Grade,8th Grade
530486001191,Allen Creek Elementary School,Marysville School District,Marysville,437,215,Yes under Community Eligibility Option (CEO),false,Prekindergarten,5th Grade
530078000154,Allen Elementary,Burlington-Edison School District,Bow,386,305,Yes under Community Eligibility Option (CEO),true,Kindergarten,8th Grade
530344000514,Almira Coulee Hartline High School,Coulee-Hartline School District,Coulee City,102,43,Yes participating without using any Provision or the CEO,false,9th Grade,12th Grade
530009000179,Almira Elementary School,Almira School District,Almira,129,52,Yes participating without using any Provision or the CEO,false,Kindergarten,8th Grade
530030000029,Alpac Elementary School,Auburn School District,Pacific,534,331,Yes under Community Eligibility Option (CEO),false,Prekindergarten,5th Grade
530095001934,Alpine Lakes Elementary,Cascade School District,Leavenworth,252,126,Yes participating without using any Provision or the CEO,false,3rd Grade,5th Grade
530502002807,Alternative Educational Experience,Methow Valley School District,Winthrop,26,16,No,false,Kindergarten,12th Grade
530825002362,Alternative Northeast Community Center Preschool,Spokane School District,Spokane,37,29,No,false,Prekindergarten,Prekindergarten
530825000074,Alternative Tamarack School,Spokane School District,Spokane,10,3,No,false,7th Grade,12th Grade
530038000048,Amboy Middle School,Battle Ground School District,Amboy,500,222,Yes participating without using any Provision or the CEO,false,5th Grade,8th Grade
530393000701,Amistad Elementary School,Kennewick School District,Kennewick,878,783,Yes under Community Eligibility Option (CEO),false,Prekindergarten,5th Grade
530393003663,Amon Creek Elementary,Kennewick School District,Richland,594,131,Yes under Community Eligibility Option (CEO),false,Prekindergarten,5th Grade
530015000016,Anacortes High School,Anacortes School District,Anacortes,766,193,Yes participating without using any Provision or the CEO,false,9th Grade,12th Grade
530015000015,Anacortes Middle School,Anacortes School District,Anacortes,617,202,Yes participating without using any Provision or the CEO,false,6th Grade,8th Grade
530708003717,Ancient Lakes Elementary,Quincy School District,Quincy,385,298,Yes under Community Eligibility Option (CEO),false,Kindergarten,5th Grade
530846001430,Anderson Island Elementary,Steilacoom Hist. School District,Anderson Island,19,11,Yes under Provision 2,false,Prekindergarten,3rd Grade
530870003155,Angelo Giaudrone Middle School,Tacoma School District,Tacoma,449,323,Yes under Community Eligibility Option (CEO),true,6th Grade,8th Grade
530375000570,Apollo Elementary,Issaquah School District,Renton,496,84,Yes participating without using any Provision or the CEO,false,Prekindergarten,5th Grade
530972001650,Apple Valley Elementary,West Valley School District (Yakima),Yakima,447,189,Yes participating without using any Provision or the CEO,false,Kindergarten,5th Grade
530771001135,Arbor Heights Elementary School,Seattle School District No. 1,Seattle,495,116,Yes participating without using any Provision or the CEO,false,Prekindergarten,5th Grade
530207000306,Arcadia Elementary,Deer Park School District,Deer Park,455,246,Yes under Community Eligibility Option (CEO),false,3rd Grade,5th Grade
530039000058,Ardmore Elementary School,Bellevue School District,Bellevue,415,222,Yes under Community Eligibility Option (CEO),false,Prekindergarten,5th Grade
530825001362,Arlington Elementary,Spokane School District,Spokane,379,316,Yes under Community Eligibility Option (CEO),false,Prekindergarten,5th Grade
530870001453,Arlington Elementary School,Tacoma School District,Tacoma,390,296,Yes under Community Eligibility Option (CEO),false,Prekindergarten,5th Grade
530024000023,Arlington High School,Arlington School District,Arlington,1650,611,Yes participating without using any Provision or the CEO,false,9th Grade,12th Grade
530024003594,Arlington Open Doors,Arlington School District,Arlington,64,32,No,true,9th Grade,12th Grade
530024003065,Arlington Special Educ School,Arlington School District,Arlington,0,,No,true,Prekindergarten,12th Grade
530066000135,Armin Jahr Elementary,Bremerton School District,Bremerton,495,324,Yes under Community Eligibility Option (CEO),false,Kindergarten,5th Grade
530591000875,Arrowhead Elementary,Northshore School District,Kenmore,332,105,Yes participating without using any Provision or the CEO,false,Prekindergarten,5th Grade
530030003174,Arthur Jacobsen Elementary,Auburn School District,Auburn,367,220,Yes under Community Eligibility Option (CEO),false,Prekindergarten,5th Grade
530669000980,Artondale Elementary School,Peninsula School District,Gig Harbor,413,69,Yes participating without using any Provision or the CEO,false,Prekindergarten,5th Grade
530465000723,Artz Fox Elementary,Mabton School District,Mabton,375,339,Yes under Community Eligibility Option (CEO),false,Kindergarten,6th Grade
530028000027,Asotin Elementary,Asotin-Anatone School District,Asotin,311,125,Yes participating without using any Provision or the CEO,false,Prekindergarten,5th Grade
530028000028,Asotin Jr Sr High,Asotin-Anatone School District,Asotin,346,108,Yes participating without using any Provision or the CEO,false,6th Grade,12th Grade
530540003763,Aspire Academy,Mount Vernon School District,Mount Vernon,154,125,Yes under Community Eligibility Option (CEO),false,Kindergarten,12th Grade
530585003280,Aspire Middle School,North Thurston Public Schools,Lacey,323,114,Yes participating without using any Provision or the CEO,false,6th Grade,8th Grade
530810003934,Astravo Online Academy,South Bend School District,South Bend,100,63,No,false,Kindergarten,12th Grade
530030002978,Auburn Mountainview High School,Auburn School District,Auburn,1560,912,Yes under Community Eligibility Option (CEO),true,9th Grade,12th Grade
530030003668,Auburn Opportunity Project,Auburn School District,Auburn,92,60,No,false,9th Grade,12th Grade
530030002445,Auburn Riverside High School,Auburn School District,Auburn,1852,905,Yes under Community Eligibility Option (CEO),false,9th Grade,12th Grade
530030000032,Auburn Senior High School,Auburn School District,Auburn,1918,1213,Yes under Community Eligibility Option (CEO),true,9th Grade,12th Grade
530825001363,Audubon Elementary,Spokane School District,Spokane,398,339,Yes under Community Eligibility Option (CEO),false,Prekindergarten,5th Grade
530618002689,Avanti High School,Olympia School District,Olympia,167,52,Yes participating without using any Provision or the CEO,false,9th Grade,12th Grade
530696001022,Aylen Jr High,Puyallup School District,Puyallup,720,316,Yes participating without using any Provision or the CEO,true,7th Grade,9th Grade
530771001157,B F Day Elementary School,Seattle School District No. 1,Seattle,394,73,Yes participating without using any Provision or the CEO,false,Prekindergarten,5th Grade
530732001090,Badger Mountain Elementary,Richland School District,Richland,605,226,Yes under Community Eligibility Option (CEO),false,Kindergarten,5th Grade
530771001173,Bailey Gatzert Elementary School,Seattle School District No. 1,Seattle,402,320,Yes under Community Eligibility Option (CEO),false,Prekindergarten,5th Grade
530033000043,Bainbridge High School,Bainbridge Island School District,Bainbridge Island,1208,130,Yes participating without using any Provision or the CEO,false,9th Grade,12th Grade
530033003113,Bainbridge Special Education Services,Bainbridge Island School District,Bainbridge Island,27,3,No,false,Prekindergarten,12th Grade
530870001454,Baker Middle School,Tacoma School District,Tacoma,687,491,Yes under Community Eligibility Option (CEO),true,6th Grade,8th Grade
530825001364,Balboa Elementary,Spokane School District,Spokane,248,124,Yes under Community Eligibility Option (CEO),false,Prekindergarten,5th Grade
530771001138,Ballard High School,Seattle School District No. 1,Seattle,1697,216,Yes participating without using any Provision or the CEO,false,9th Grade,12th Grade
530696001026,Ballou Jr High,Puyallup School District,Puyallup,852,421,Yes participating without using any Provision or the CEO,true,7th Grade,9th Grade
530657003520,Barbara McClintock STEM Elementary,Pasco School District,Pasco,570,307,Yes under Community Eligibility Option (CEO),false,Prekindergarten,5th Grade
531011001686,Barge-Lincoln Elementary School,Yakima School District,Yakima,518,481,Yes under Community Eligibility Option (CEO),false,Prekindergarten,5th Grade
530108003622,Barker Creek Community School,Central Kitsap School District,Bremerton,551,233,Yes under Community Eligibility Option (CEO),false,Kindergarten,12th Grade
530000300587,Barnes Elementary,Kelso School District,Kelso,343,269,Yes under Community Eligibility Option (CEO),false,Kindergarten,5th Grade
530573000846,Basin City Elem,North Franklin School District,Mesa,330,262,Yes under Community Eligibility Option (CEO),false,Kindergarten,6th Grade
530001403082,Bates Technical High School,Bates Technical College,Tacoma,343,,No,false,9th Grade,12th Grade
530038000049,Battle Ground High School,Battle Ground School District,Battle Ground,1759,602,Yes participating without using any Provision or the CEO,false,9th Grade,12th Grade
530038003918,Battle Ground Virtual Academy,Battle Ground School District,Battle Ground,357,153,No,false,Kindergarten,12th Grade
530078000689,Bay View Elementary,Burlington-Edison School District,Burlington,418,218,Yes under Community Eligibility Option (CEO),false,Kindergarten,8th Grade
530285000457,Beach Elem,Ferndale School District,Lummi Island,30,16,Yes under Community Eligibility Option (CEO),false,Kindergarten,5th Grade
530141000246,Beachwood Elementary School,Clover Park School District,JBLM Lewis North,397,194,Yes under Community Eligibility Option (CEO),false,Prekindergarten,5th Grade
530516000779,Beacon Avenue Elementary School,Montesano School District,Montesano,333,155,Yes participating without using any Provision or the CEO,false,Prekindergarten,2nd Grade
530771001140,Beacon Hill International School,Seattle School District No. 1,Seattle,348,176,Yes participating without using any Provision or the CEO,false,Kindergarten,5th Grade
530375001495,Beaver Lake Middle School,Issaquah School District,Issaquah,699,67,Yes participating without using any Provision or the CEO,false,6th Grade,8th Grade
530095002937,Beaver Valley School,Cascade School District,Leavenworth,24,8,No,false,Kindergarten,4th Grade
530078001722,Becc,Burlington-Edison School District,Burlington,47,32,No,false,Prekindergarten,Prekindergarten
530261002934,Beezley Springs Elementary,Ephrata School District,Ephrata,11,7,No,false,Prekindergarten,1st Grade
530579000857,Belfair Elementary,North Mason School District,Belfair,392,225,Yes under Community Eligibility Option (CEO),false,Prekindergarten,5th Grade
530039003354,Bellevue Big Picture School,Bellevue School District,Bellevue,346,86,Yes participating without using any Provision or the CEO,false,6th Grade,12th Grade
530039003883,Bellevue Digital Discovery,Bellevue School District,Bellevue,229,25,No,false,Kindergarten,12th Grade
530039000060,Bellevue High School,Bellevue School District,Bellevue,1683,313,Yes participating without using any Provision or the CEO,false,9th Grade,12th Grade
530039003462,Bellevue Open Doors Reengagement,Bellevue School District,Bellevue,24,3,No,false,10th Grade,12th Grade
530042003476,Bellingham Family Partnership Program,Bellingham School District,Bellingham,258,90,No,false,Kindergarten,12th Grade
530042000099,Bellingham High School,Bellingham School District,Bellingham,1165,413,Yes participating without using any Provision or the CEO,false,9th Grade,12th Grade
530042003488,Bellingham Re-Engagement Program,Bellingham School District,Bellingham,110,69,No,false,9th Grade,12th Grade
530825001366,Bemiss Elementary,Spokane School District,Spokane,368,325,Yes under Community Eligibility Option (CEO),false,Prekindergarten,5th Grade
530045000118,Benge Elementary,Benge School District,Benge,14,,No,false,Kindergarten,6th Grade
530423000658,Benjamin Franklin Elementary,Lake Washington School District,Kirkland,452,45,Yes participating without using any Provision or the CEO,false,Kindergarten,5th Grade
530927001556,Benjamin Franklin Elementary,Vancouver School District,Vancouver,325,83,Yes under Community Eligibility Option (CEO),false,Kindergarten,5th Grade
530423000659,Benjamin Rush Elementary,Lake Washington School District,Redmond,631,61,Yes participating without using any Provision or the CEO,false,Kindergarten,5th Grade
530039000062,Bennett Elementary School,Bellevue School District,Bellevue,513,40,Yes participating without using any Provision or the CEO,false,Prekindergarten,5th Grade
530723001064,Benson Hill Elementary School,Renton School District,Renton,477,239,Yes under Community Eligibility Option (CEO),false,Kindergarten,5th Grade
530393002546,Benton/Franklin Juvenile Justice Center,Kennewick School District,Kennewick,34,24,No,true,6th Grade,12th Grade
530945001599,Berney Elementary School,Walla Walla Public Schools,Walla Walla,324,215,Yes under Community Eligibility Option (CEO),false,Kindergarten,5th Grade
530192000296,Bess Herian Elementary,Cusick School District,Cusick,134,96,Yes under Community Eligibility Option (CEO),false,Kindergarten,5th Grade
530048000119,Bethel High School,Bethel School District,Spanaway,1688,858,Yes under Community Eligibility Option (CEO),true,9th Grade,12th Grade
530048003786,Bethel Hope Early Learning Center,Bethel School District,Spanaway,163,121,Yes under Community Eligibility Option (CEO),false,Prekindergarten,Kindergarten
530048000120,Bethel Middle School,Bethel School District,Spanaway,661,420,Yes under Community Eligibility Option (CEO),true,6th Grade,8th Grade
530048003762,Bethel Virtual Academy,Bethel School District,Spanaway,482,298,No,false,Kindergarten,12th Grade
530123000221,Betz Elementary,Cheney School District,Cheney,535,327,Yes under Community Eligibility Option (CEO),false,Prekindergarten,5th Grade
530240000330,Beverly Elementary,Edmonds School District,Lynnwood,413,197,Yes participating without using any Provision or the CEO,false,Kindergarten,6th Grade
530354000519,Beverly Park Elem at Glendale,Highline School District,Seattle,411,317,Yes under Community Eligibility Option (CEO),false,Prekindergarten,5th Grade
530051000129,Bickleton Elementary & High Schl,Bickleton School District,Bickleton,91,,No,false,Kindergarten,12th Grade
530774001272,Big Lake Elementary School,Sedro-Woolley School District,Mount Vernon,288,87,Yes under Community Eligibility Option (CEO),false,Kindergarten,6th Grade
530354002976,Big Picture School,Highline School District,Burien,233,117,Yes under Community Eligibility Option (CEO),true,6th Grade,12th Grade
530042000100,Birchwood Elementary School,Bellingham School District,Bellingham,335,196,Yes under Community Eligibility Option (CEO),false,Prekindergarten,5th Grade
530870001455,Birney Elementary School,Tacoma School District,Tacoma,476,341,Yes under Community Eligibility Option (CEO),false,Prekindergarten,5th Grade
530000100376,Black Diamond Elementary,Enumclaw School District,Black Diamond,414,142,Yes participating without using any Provision or the CEO,false,Kindergarten,5th Grade
530910001889,Black Lake Elementary,Tumwater School District,Olympia,382,129,Yes participating without using any Provision or the CEO,false,Kindergarten,5th Grade
530057000130,Blaine Elementary School,Blaine School District,Blaine,469,221,Yes participating without using any Provision or the CEO,false,3rd Grade,5th Grade
530057000132,Blaine High School,Blaine School District,Blaine,566,233,Yes participating without using any Provision or the CEO,true,9th Grade,12th Grade
530057003020,Blaine Home Connection,Blaine School District,Blaine,39,17,No,false,Kindergarten,8th Grade
530057000131,Blaine Middle School,Blaine School District,Blaine,471,217,Yes participating without using any Provision or the CEO,true,6th Grade,8th Grade
530057001741,Blaine Primary School,Blaine School District,Blaine,419,192,Yes participating without using any Provision or the CEO,false,Prekindergarten,2nd Grade
530057003574,Blaine Re-Engagement,Blaine School District,Bellingham,14,9,No,false,10th Grade,12th Grade
530870001496,Blix Elementary School,Tacoma School District,Tacoma,442,318,Yes under Community Eligibility Option (CEO),false,Prekindergarten,5th Grade
530684001305,Blue Heron Middle School,Port Townsend School District,Port Townsend,222,119,Yes participating without using any Provision or the CEO,true,6th Grade,8th Grade
530063000133,Boistfort Elem,Boistfort School District,Curtis,87,37,Yes participating without using any Provision or the CEO,true,Prekindergarten,8th Grade
530063003917,Boistfort Online School,Boistfort School District,Curtis,197,3,No,false,3rd Grade,12th Grade
530861001441,Bonney Lake Elementary,Sumner-Bonney Lake School District,Bonney Lake,435,168,Yes participating without using any Provision or the CEO,false,Prekindergarten,5th Grade
530861002998,Bonney Lake High School,Sumner-Bonney Lake School District,Bonney Lake,1643,551,Yes participating without using any Provision or the CEO,false,9th Grade,12th Grade
530790001292,Bordeaux Elementary School,Shelton School District,Shelton,528,366,Yes under Community Eligibility Option (CEO),false,Kindergarten,4th Grade
530618000922,Boston Harbor Elementary,Olympia School District,Olympia,178,32,Yes participating without using any Provision or the CEO,false,Prekindergarten,5th Grade
530591000876,Bothell High School,Northshore School District,Bothell,1740,405,Yes participating without using any Provision or the CEO,false,9th Grade,12th Grade
530354000521,Bow Lake Elementary,Highline School District,SeaTac,524,396,Yes under Community Eligibility Option (CEO),false,Prekindergarten,5th Grade
530111000189,Bowdish Middle School,Central Valley School District,Spokane Valley,359,229,Yes under Community Eligibility Option (CEO),true,6th Grade,8th Grade
530030003744,Bowman Creek Elementary,Auburn School District,Auburn,440,154,Yes under Community Eligibility Option (CEO),false,Prekindergarten,5th Grade
530870001456,Boze Elementary School,Tacoma School District,Tacoma,485,328,Yes under Community Eligibility Option (CEO),false,Prekindergarten,5th Grade
530066000139,Bremerton High School,Bremerton School District,Bremerton,1263,706,Yes under Community Eligibility Option (CEO),true,9th Grade,12th Grade
530066002652,Bremerton Homelink Program,Bremerton School District,Bremerton,72,24,No,false,Kindergarten,8th Grade
530492000743,Brentwood Elementary School,Mead School District,Spokane,468,208,Yes participating without using any Provision or the CEO,false,Kindergarten,5th Grade
530069003381,Brewster Alternative School,Brewster School District,Brewster,13,10,No,true,9th Grade,12th Grade
530069000148,Brewster Elementary School,Brewster School District,Brewster,425,390,Yes under Community Eligibility Option (CEO),false,Prekindergarten,5th Grade
530069000149,Brewster High School,Brewster School District,Brewster,339,285,Yes under Community Eligibility Option (CEO),true,9th Grade,12th Grade
530069002284,Brewster Middle School,Brewster School District,Brewster,224,202,Yes under Community Eligibility Option (CEO),true,6th Grade,8th Grade
530792001299,Briarcrest Elementary,Shoreline School District,Shoreline,454,163,Yes participating without using any Provision or the CEO,false,Kindergarten,5th Grade
530375000571,Briarwood Elementary,Issaquah School District,Renton,630,99,Yes participating without using any Provision or the CEO,false,Prekindergarten,5th Grade
530072002890,Bridgeport Aurora High School,Bridgeport School District,Bridgeport,33,30,No,true,9th Grade,12th Grade
530072000150,Bridgeport Elementary,Bridgeport School District,Bridgeport,347,312,Yes under Community Eligibility Option (CEO),false,Prekindergarten,5th Grade
530072000151,Bridgeport High School,Bridgeport School District,Bridgeport,238,224,Yes under Community Eligibility Option (CEO),true,9th Grade,12th Grade
530072001271,Bridgeport Middle School,Bridgeport School District,Bridgeport,154,140,Yes under Community Eligibility Option (CEO),true,6th Grade,8th Grade
530771003555,Bridges Transition,Seattle School District No. 1,Seattle,109,39,Yes under Community Eligibility Option (CEO),false,Prekindergarten,12th Grade
530240000331,Brier Elementary,Edmonds School District,Brier,389,87,Yes participating without using any Provision or the CEO,false,Kindergarten,6th Grade
530240000332,Brier Terrace Middle School,Edmonds School District,Brier,649,215,Yes participating without using any Provision or the CEO,false,7th Grade,8th Grade
530282000431,Brigadoon Elementary School,Federal Way School District,Federal Way,366,241,Yes under Community Eligibility Option (CEO),false,Prekindergarten,5th Grade
530075000153,Brinnon Elementary,Brinnon School District,Brinnon,72,51,Yes under Community Eligibility Option (CEO),true,Kindergarten,8th Grade
530594000898,Broad View Elementary,Oak Harbor School District,Oak Harbor,369,178,Yes participating without using any Provision or the CEO,false,Kindergarten,4th Grade
530771001145,Broadview-Thomson K-8 School,Seattle School District No. 1,Seattle,581,328,Yes under Community Eligibility Option (CEO),true,Prekindergarten,8th Grade
530111000190,Broadway Elementary,Central Valley School District,Spokane Valley,282,201,Yes under Community Eligibility Option (CEO),false,Prekindergarten,5th Grade
530447002217,Broadway Learning Center,Longview School District,Longview,135,86,Yes under Community Eligibility Option (CEO),false,Prekindergarten,Kindergarten
530294000470,Brookdale Elementary,Franklin Pierce School District,Tacoma,483,334,Yes under Community Eligibility Option (CEO),false,Kindergarten,5th Grade
530792001300,Brookside Elementary,Shoreline School District,Lake Forest Park,372,126,Yes participating without using any Provision or the CEO,false,Kindergarten,5th Grade
530825001368,Browne Elementary,Spokane School District,Spokane,316,193,Yes under Community Eligibility Option (CEO),false,Prekindergarten,5th Grade
530870001457,Browns Point Elementary School,Tacoma School District,Tacoma,445,91,Yes under Community Eligibility Option (CEO),false,Kindergarten,5th Grade
530108000176,Brownsville Elementary,Central Kitsap School District,Silverdale,422,137,Yes participating without using any Provision or the CEO,false,Prekindergarten,5th Grade
530825002764,Bryant Center,Spokane School District,Spokane,330,117,Yes under Community Eligibility Option (CEO),false,Prekindergarten,12th Grade
530771001146,Bryant Elementary School,Seattle School District No. 1,Seattle,470,25,Yes participating without using any Provision or the CEO,false,Kindergarten,5th Grade
530870003757,Bryant Montessori Middle School,Tacoma School District,Tacoma,135,65,No,false,6th Grade,8th Grade
530870001458,Bryant Montessori School,Tacoma School District,Tacoma,313,156,Yes under Community Eligibility Option (CEO),true,Prekindergarten,5th Grade
530723001065,Bryn Mawr Elementary School,Renton School District,Seattle,415,258,Yes under Community Eligibility Option (CEO),false,Kindergarten,5th Grade
530816001345,Burley Glenwood Elementary,South Kitsap School District,Port Orchard,452,190,Yes participating without using any Provision or the CEO,false,Prekindergarten,5th Grade
530078000155,Burlington Edison High School,Burlington-Edison School District,Burlington,1047,551,Yes under Community Eligibility Option (CEO),true,9th Grade,12th Grade
530078003103,Burlington-Edison Alternative School,Burlington-Edison School District,Burlington,4,,No,true,9th Grade,12th Grade
530270002211,Burnt Bridge Creek Elementary Sch,Evergreen School District (Clark),Vancouver,312,160,Yes under Community Eligibility Option (CEO),false,Prekindergarten,5th Grade
530270000413,Burton Elementary School,Evergreen School District (Clark),Vancouver,452,263,Yes under Community Eligibility Option (CEO),false,Prekindergarten,5th Grade
530000300589,Butler Acres Elementary,Kelso School District,Kelso,426,270,Yes under Community Eligibility Option (CEO),false,Kindergarten,5th Grade
530000100377,Byron Kibler Elementary School,Enumclaw School District,Enumclaw,442,155,Yes participating without using any Provision or the CEO,false,Kindergarten,5th Grade
530591000877,C O Sorenson,Northshore School District,Bothell,257,51,No,false,Prekindergarten,Kindergarten
530038002782,Cam Academy,Battle Ground School District,Battle Ground,510,171,Yes participating without using any Provision or the CEO,false,3rd Grade,12th Grade
530081003823,Camas Connect Academy,Camas School District,Camas,155,56,No,false,Kindergarten,12th Grade
530948003637,Camas Elementary,Wapato School District,Wapato,452,368,Yes under Community Eligibility Option (CEO),false,Prekindergarten,2nd Grade
530081003152,Camas High School,Camas School District,Camas,2026,367,Yes participating without using any Provision or the CEO,false,9th Grade,12th Grade
530048002202,Camas Prairie Elementary,Bethel School District,Spanaway,529,359,Yes under Community Eligibility Option (CEO),false,Kindergarten,5th Grade
530282000432,Camelot Elementary School,Federal Way School District,Auburn,292,203,Yes under Community Eligibility Option (CEO),false,Prekindergarten,5th Grade
530723001066,Campbell Hill Elementary School,Renton School District,Seattle,345,244,Yes under Community Eligibility Option (CEO),false,Kindergarten,5th Grade
530591000878,Canyon Creek Elementary,Northshore School District,Bothell,866,132,Yes participating without using any Provision or the CEO,false,Prekindergarten,5th Grade
530954002709,Canyon Creek Middle School,Washougal School District,Washougal,168,49,Yes participating without using any Provision or the CEO,false,6th Grade,8th Grade
530591000879,Canyon Park Middle School,Northshore School District,Bothell,907,174,Yes participating without using any Provision or the CEO,false,6th Grade,8th Grade
530396003907,Canyon Ridge Middle School,Kent School District,Kent,821,599,Yes under Community Eligibility Option (CEO),false,6th Grade,8th Grade
530393000597,Canyon View Elementary School,Kennewick School District,Kennewick,347,200,Yes under Community Eligibility Option (CEO),false,Kindergarten,5th Grade
530231002913,Canyon View Group Home,Eastmont School District,East Wenatchee,1,,No,false,10th Grade,11th Grade
530015003303,Cap Sante High School,Anacortes School District,Anacortes,50,21,Yes under Community Eligibility Option (CEO),true,9th Grade,12th Grade
530084003030,Cape Flattery Preschool,Cape Flattery School District,Sekiu,4,,No,false,Prekindergarten,Prekindergarten
530954001621,Cape Horn Skye Elementary,Washougal School District,Washougal,284,97,Yes participating without using any Provision or the CEO,false,Prekindergarten,5th Grade
530618000923,Capital High School,Olympia School District,Olympia,1322,498,Yes participating without using any Provision or the CEO,false,9th Grade,12th Grade
530033000045,Capt Johnston Blakely Elem Sch,Bainbridge Island School District,Bainbridge Island,356,46,Yes participating without using any Provision or the CEO,false,Prekindergarten,4th Grade
530657003552,Captain Gray STEM Elementary,Pasco School District,Pasco,408,377,Yes under Community Eligibility Option (CEO),false,Prekindergarten,5th Grade
530038002278,Captain Strong,Battle Ground School District,Battle Ground,649,267,Yes participating without using any Provision or the CEO,false,Prekindergarten,4th Grade
530087000166,Carbonado Historical School 19,Carbonado School District,Carbonado,176,61,Yes participating without using any Provision or the CEO,false,Kindergarten,8th Grade
530282003306,Career Academy at Truman High School,Federal Way School District,Federal Way,83,68,Yes under Community Eligibility Option (CEO),true,9th Grade,12th Grade
530042000101,Carl Cozier Elementary School,Bellingham School District,Bellingham,325,173,Yes under Community Eligibility Option (CEO),false,Prekindergarten,5th Grade
530423000660,Carl Sandburg Elementary,Lake Washington School District,Kirkland,391,34,Yes participating without using any Provision or the CEO,false,Prekindergarten,5th Grade
530825003899,Carla Peperzak Middle School,Spokane School District,Spokane,754,347,Yes under Community Eligibility Option (CEO),false,6th Grade,8th Grade
530732001091,Carmichael Middle School,Richland School District,Richland,791,392,Yes under Community Eligibility Option (CEO),true,6th Grade,8th Grade
530456000714,Carnation Elementary School,Riverview School District,Carnation,388,110,Yes participating without using any Provision or the CEO,false,Prekindergarten,5th Grade
530396002308,Carriage Crest Elementary School,Kent School District,Renton,324,106,Yes under Community Eligibility Option (CEO),false,Prekindergarten,5th Grade
530000300167,Carrolls Elementary,Kelso School District,Kelso,107,56,Yes under Community Eligibility Option (CEO),false,Kindergarten,5th Grade
530852003930,Carson Elementary School,Stevenson-Carson School District,Carson,290,189,Yes under Community Eligibility Option (CEO),false,Kindergarten,5th Grade
530141000247,Carter Lake Elementary School,Clover Park School District,JBLM McChord Field,420,196,Yes under Community Eligibility Option (CEO),false,Prekindergarten,5th Grade
530231000317,Cascade Elementary,Eastmont School District,East Wenatchee,568,303,Yes under Community Eligibility Option (CEO),false,Kindergarten,6th Grade
530486000733,Cascade Elementary,Marysville School District,Marysville,382,246,Yes under Community Eligibility Option (CEO),false,Kindergarten,5th Grade
530393001839,Cascade Elementary School,Kennewick School District,Kennewick,509,264,Yes under Community Eligibility Option (CEO),false,Kindergarten,5th Grade
530723001067,Cascade Elementary School,Renton School District,Renton,434,277,Yes under Community Eligibility Option (CEO),false,Kindergarten,5th Grade
530267000391,Cascade High School,Everett School District,Everett,1651,1010,Yes under Community Eligibility Option (CEO),true,9th Grade,12th Grade
530095001935,Cascade High School,Cascade School District,Leavenworth,403,195,Yes participating without using any Provision or the CEO,true,9th Grade,12th Grade
530095003528,Cascade Home-Link,Cascade School District,Leavenworth,37,18,No,false,Kindergarten,8th Grade
530792003116,Cascade K-8 Community School,Shoreline School District,Shoreline,197,34,No,false,Kindergarten,8th Grade
530030000033,Cascade Middle School,Auburn School District,Auburn,966,630,Yes under Community Eligibility Option (CEO),true,6th Grade,8th Grade
530447000699,Cascade Middle School,Longview School District,Longview,463,279,Yes under Community Eligibility Option (CEO),true,6th Grade,8th Grade
530354000522,Cascade Middle School,Highline School District,Seattle,671,492,Yes under Community Eligibility Option (CEO),true,6th Grade,8th Grade
530774001273,Cascade Middle School,Sedro-Woolley School District,Sedro-Woolley,670,374,Yes under Community Eligibility Option (CEO),true,7th Grade,8th Grade
530270000414,Cascade Middle School,Evergreen School District (Clark),Vancouver,815,485,Yes under Community Eligibility Option (CEO),true,6th Grade,8th Grade
530771002635,Cascade Parent Partnership Program,Seattle School District No. 1,Seattle,375,173,Yes participating without using any Provision or the CEO,false,Kindergarten,12th Grade
530034903783,Cascade Public Schools,Why Not You Academy,Des Moines,126,26,No,false,9th Grade,12th Grade
530375002881,Cascade Ridge Elementary,Issaquah School District,Sammamish,391,15,Yes participating without using any Provision or the CEO,false,Kindergarten,5th Grade
530802002354,Cascade View Elementary,Snohomish School District,Snohomish,412,110,Yes participating without using any Provision or the CEO,false,Kindergarten,6th Grade
530813002032,Cascade View Elementary,Tukwila School District,Tukwila,481,388,Yes under Community Eligibility Option (CEO),false,Prekindergarten,5th Grade
530804002980,Cascade View Elementary School,Snoqualmie Valley School District,Snoqualmie,493,17,Yes participating without using any Provision or the CEO,false,Kindergarten,5th Grade
530285003339,Cascadia Elementary,Ferndale School District,Ferndale,440,261,Yes under Community Eligibility Option (CEO),false,Kindergarten,5th Grade
530771003390,Cascadia Elementary,Seattle School District No. 1,Seattle,531,41,Yes participating without using any Provision or the CEO,false,Kindergarten,5th Grade
530910002688,Cascadia High School,Tumwater School District,Tumwater,134,75,No,true,8th Grade,12th Grade
530270002097,Cascadia Technical Academy Skills Center,Evergreen School District (Clark),Vancouver,14,3,No,false,9th Grade,12th Grade
530096000168,Cashmere High School,Cashmere School District,Cashmere,543,242,Yes participating without using any Provision or the CEO,false,9th Grade,12th Grade
530096000169,Cashmere Middle School,Cashmere School District,Cashmere,496,244,Yes participating without using any Provision or the CEO,true,5th Grade,8th Grade
530099000171,Castle Rock Elementary,Castle Rock School District,Castle Rock,733,418,Yes under Community Eligibility Option (CEO),false,Prekindergarten,5th Grade
530099000172,Castle Rock High School,Castle Rock School District,Castle Rock,422,201,Yes under Community Eligibility Option (CEO),true,9th Grade,12th Grade
530099000173,Castle Rock Middle School,Castle Rock School District,Castle Rock,316,176,Yes under Community Eligibility Option (CEO),true,6th Grade,8th Grade
530099003787,Castle Rock Virtual Academy,Castle Rock School District,Castle Rock,13,9,No,false,Kindergarten,12th Grade
530034703723,Catalyst Public Schools,Catalyst Public Schools,Bremerton,504,190,Yes participating without using any Provision or the CEO,false,Kindergarten,9th Grade
530771002017,Catharine Blaine K-8 School,Seattle School District No. 1,Seattle,438,30,Yes participating without using any Provision or the CEO,false,Kindergarten,8th Grade
530802001322,Cathcart Elementary,Snohomish School District,Snohomish,497,141,Yes participating without using any Provision or the CEO,false,Kindergarten,6th Grade
530420003190,Cavelero Mid High School,Lake Stevens School District,Lake Stevens,1490,442,Yes participating without using any Provision or the CEO,false,8th Grade,9th Grade
530396001142,Cedar Heights Middle School,Kent School District,Covington,876,443,Yes under Community Eligibility Option (CEO),true,6th Grade,8th Grade
530816001346,Cedar Heights Middle School,South Kitsap School District,Port Orchard,689,295,Yes under Community Eligibility Option (CEO),true,6th Grade,8th Grade
530790003753,Cedar High School,Shelton School District,Shelton,100,51,Yes under Community Eligibility Option (CEO),false,9th Grade,12th Grade
530771003613,Cedar Park Elementary School,Seattle School District No. 1,Seattle,254,85,Yes participating without using any Provision or the CEO,false,Prekindergarten,5th Grade
530876003605,Cedar River Elementary,Tahoma School District,Maple Valley,593,91,Yes participating without using any Provision or the CEO,false,Prekindergarten,5th Grade
530375003794,Cedar Trails Elementary,Issaquah School District,Sammamish,374,58,Yes participating without using any Provision or the CEO,false,Kindergarten,5th Grade
530240000333,Cedar Valley Elementary,Edmonds School District,Lynnwood,427,315,Yes under Community Eligibility Option (CEO),false,Kindergarten,6th Grade
530396000612,Cedar Valley Elementary School,Kent School District,Covington,318,136,Yes under Community Eligibility Option (CEO),false,Prekindergarten,5th Grade
530240000334,Cedar Way Elementary,Edmonds School District,Mtlk Terrace,522,316,Yes under Community Eligibility Option (CEO),false,Kindergarten,6th Grade
530267002431,Cedar Wood Elementary,Everett School District,Bothell,682,154,Yes participating without using any Provision or the CEO,false,Prekindergarten,5th Grade
530456000716,Cedarcrest High School,Riverview School District,Duvall,889,173,Yes participating without using any Provision or the CEO,false,9th Grade,12th Grade
530048001819,Cedarcrest Middle School,Bethel School District,Spanaway,765,479,Yes under Community Eligibility Option (CEO),true,6th Grade,8th Grade
530486002425,Cedarcrest School,Marysville School District,Marysville,704,351,Yes under Community Eligibility Option (CEO),true,6th Grade,8th Grade
530834002596,Cedarhome Elementary School,Stanwood-Camano School District,Stanwood,433,143,Yes participating without using any Provision or the CEO,false,Kindergarten,5th Grade
530354000523,Cedarhurst Elementary,Highline School District,Burien,399,279,Yes under Community Eligibility Option (CEO),false,Prekindergarten,5th Grade
530048002250,Centennial Elementary,Bethel School District,Graham,540,362,Yes under Community Eligibility Option (CEO),false,Kindergarten,5th Grade
530618002334,Centennial Elementary,Olympia School District,Olympia,434,94,Yes participating without using any Provision or the CEO,false,Prekindergarten,5th Grade
530540002262,Centennial Elementary School,Mount Vernon School District,Mount Vernon,430,342,Yes under Community Eligibility Option (CEO),false,Kindergarten,5th Grade
530802000540,Centennial Middle School,Snohomish School District,Snohomish,734,207,Yes participating without using any Provision or the CEO,true,7th Grade,8th Grade
530969001645,Centennial Middle School,West Valley School District (Spokane),Spokane,536,319,Yes under Community Eligibility Option (CEO),true,6th Grade,8th Grade
530105000175,Centerville Elementary,Centerville School District,Centerville,91,36,Yes participating without using any Provision or the CEO,false,Kindergarten,8th Grade
530294000471,Central Avenue Elementary,Franklin Pierce School District,Tacoma,355,210,Yes under Community Eligibility Option (CEO),false,Kindergarten,5th Grade
530039003434,Central Educational Services,Bellevue School District,Bellevue,66,30,No,false,Prekindergarten,12th Grade
530285000458,Central Elementary,Ferndale School District,Ferndale,315,205,Yes under Community Eligibility Option (CEO),false,Prekindergarten,5th Grade
530366000562,Central Elementary School,Hoquiam School District,Hoquiam,232,180,Yes under Community Eligibility Option (CEO),false,2nd Grade,5th Grade
530774000141,Central Elementary School,Sedro-Woolley School District,Sedro-Woolley,476,268,Yes under Community Eligibility Option (CEO),false,Kindergarten,6th Grade
530802001324,Central Emerson Elementary,Snohomish School District,Snohomish,477,233,Yes under Community Eligibility Option (CEO),false,Kindergarten,6th Grade
530108000177,Central Kitsap High School,Central Kitsap School District,Silverdale,1564,481,Yes participating without using any Provision or the CEO,false,9th Grade,12th Grade
530108000178,Central Kitsap Middle School,Central Kitsap School District,Silverdale,564,186,Yes participating without using any Provision or the CEO,false,6th Grade,8th Grade
530003000005,Central Park Elementary,Aberdeen School District,Aberdeen,111,65,Yes under Community Eligibility Option (CEO),false,Kindergarten,5th Grade
530802003881,Central Primary Center,Snohomish School District,Snohomish,69,51,Yes under Community Eligibility Option (CEO),false,Prekindergarten,Prekindergarten
530111003059,Central Valley Early Learning Center,Central Valley School District,Spokane Valley,325,208,Yes participating without using any Provision or the CEO,false,Prekindergarten,Prekindergarten
530111000191,Central Valley High School,Central Valley School District,Spokane Valley,1380,585,Yes participating without using any Provision or the CEO,false,9th Grade,12th Grade
530111003788,Central Valley Virtual Learning,Central Valley School District,Spokane Valley,166,83,No,false,Kindergarten,8th Grade
530111003932,Central Valley Virtual Learning High School,Central Valley School District,Spokane Valley,108,60,No,false,9th Grade,12th Grade
530114000206,Centralia High School,Centralia School District,Centralia,941,654,Yes under Community Eligibility Option (CEO),true,9th Grade,12th Grade
530114000205,Centralia Middle School,Centralia School District,Centralia,479,359,Yes under Community Eligibility Option (CEO),true,7th Grade,8th Grade
530114003580,Centralia School District SPED Pre-School,Centralia School District,Centralia,59,48,No,false,Prekindergarten,Prekindergarten
530513002316,Chain Lake Elementary School,Monroe School District,Snohomish,434,112,Yes participating without using any Provision or the CEO,false,Prekindergarten,5th Grade
530240001189,Challenge Elementary,Edmonds School District,Mtlk Terrace,414,51,No,false,Kindergarten,6th Grade
530543002128,Challenger Elementary,Mukilteo School District,Everett,658,447,Yes under Community Eligibility Option (CEO),false,Prekindergarten,5th Grade
530375002214,Challenger Elementary,Issaquah School District,Issaquah,350,59,Yes participating without using any Provision or the CEO,false,Kindergarten,5th Grade
530048002200,Challenger High School,Bethel School District,Spanaway,318,198,Yes under Community Eligibility Option (CEO),true,7th Grade,12th Grade
530918001552,Chambers Elementary,University Place School District,University Pla,493,197,Yes participating without using any Provision or the CEO,false,Kindergarten,4th Grade
530585003308,Chambers Prairie Elementary School,North Thurston Public Schools,Lacey,490,283,Yes under Community Eligibility Option (CEO),false,Kindergarten,5th Grade
530132000234,Charles Francis Adams High School,Clarkston School District,Clarkston,670,321,Yes under Community Eligibility Option (CEO),true,9th Grade,12th Grade
530240000335,Chase Lake Elementary,Edmonds School District,Edmonds,413,236,Yes under Community Eligibility Option (CEO),false,Prekindergarten,6th Grade
530825001732,Chase Middle School,Spokane School District,Spokane,685,380,Yes under Community Eligibility Option (CEO),true,6th Grade,8th Grade
530744001112,Chattaroy Elementary,Riverside School District,Chattaroy,320,196,Yes under Community Eligibility Option (CEO),false,Prekindergarten,4th Grade
530930001394,Chautauqua Elementary,Vashon Island School District,Vashon,480,168,Yes participating without using any Provision or the CEO,false,Prekindergarten,5th Grade
530117002252,Chehalis Middle School,Chehalis School District,Chehalis,692,341,Yes under Community Eligibility Option (CEO),true,6th Grade,8th Grade
530966002706,Chelan County Juvenile Detention Center,Wenatchee School District,Wenatchee,12,4,No,false,3rd Grade,12th Grade
530120002058,Chelan High School,Lake Chelan School District,Chelan,439,274,Yes under Community Eligibility Option (CEO),true,9th Grade,12th Grade
530120000218,Chelan Middle School,Lake Chelan School District,Chelan,285,175,Yes under Community Eligibility Option (CEO),true,6th Grade,8th Grade
530120003114,Chelan School of Innovation,Lake Chelan School District,Chelan,50,32,Yes under Community Eligibility Option (CEO),true,9th Grade,12th Grade
530123000223,Cheney High School,Cheney School District,Cheney,1491,740,Yes under Community Eligibility Option (CEO),true,9th Grade,12th Grade
530123000224,Cheney Middle School,Cheney School District,Cheney,637,342,Yes under Community Eligibility Option (CEO),true,6th Grade,8th Grade
530123003507,Cheney Open Doors,Cheney School District,Cheney,10,7,No,false,7th Grade,12th Grade
530039000063,Cherry Crest Elementary School,Bellevue School District,Bellevue,553,26,Yes participating without using any Provision or the CEO,false,Prekindergarten,5th Grade
530456000715,Cherry Valley Elementary School,Riverview School District,Duvall,445,77,Yes participating without using any Provision or the CEO,false,Kindergarten,5th Grade
530846001429,Cherrydale Elementary,Steilacoom Hist. School District,Steilacoom,348,154,Yes participating without using any Provision or the CEO,false,Prekindergarten,3rd Grade
530111000192,Chester Elementary School,Central Valley School District,Spokane Valley,410,124,Yes participating without using any Provision or the CEO,false,Prekindergarten,5th Grade
530048000121,Chester H Thompson Elementary,Bethel School District,Tacoma,688,462,Yes under Community Eligibility Option (CEO),false,Prekindergarten,5th Grade
530126003649,Chewelah Open Doors Reengagement Program,Chewelah School District,Chewelah,40,26,Yes under Community Eligibility Option (CEO),false,10th Grade,12th Grade
530657003292,Chiawana Senior High School,Pasco School District,Pasco,3127,1930,Yes under Community Eligibility Option (CEO),true,8th Grade,12th Grade
530732001250,Chief Joseph Middle School,Richland School District,Richland,659,385,Yes under Community Eligibility Option (CEO),true,6th Grade,8th Grade
530867001450,Chief Kamiakin Elementary School,Sunnyside School District,Sunnyside,575,504,Yes under Community Eligibility Option (CEO),false,Prekindergarten,5th Grade
530804002439,Chief Kanim Middle School,Snoqualmie Valley School District,Fall City,520,78,Yes participating without using any Provision or the CEO,false,6th Grade,8th Grade
530032803493,Chief Kitsap Academy,Suquamish Tribal Education Department,Poulsbo,74,48,No,true,Kindergarten,12th Grade
530771001149,Chief Sealth International High School,Seattle School District No. 1,Seattle,1184,611,Yes under Community Eligibility Option (CEO),true,9th Grade,12th Grade
530038003262,Chief Umtuch Middle,Battle Ground School District,Battle Ground,522,195,Yes participating without using any Provision or the CEO,false,5th Grade,8th Grade
530129002790,Chimacum Creek Primary School,Chimacum School District,Port Hadlock,147,82,Yes under Community Eligibility Option (CEO),false,Prekindergarten,1st Grade
530129000232,Chimacum Elementary School,Chimacum School District,Chimacum,257,160,Yes under Community Eligibility Option (CEO),false,2nd Grade,6th Grade
530129000233,Chimacum Junior/Senior High School,Chimacum School District,Chimacum,251,128,Yes under Community Eligibility Option (CEO),true,7th Grade,12th Grade
530030000034,Chinook Elementary School,Auburn School District,Auburn,700,439,Yes under Community Eligibility Option (CEO),false,Prekindergarten,5th Grade
530927000572,Chinook Elementary School,Vancouver School District,Vancouver,440,142,Yes under Community Eligibility Option (CEO),false,Kindergarten,5th Grade
530039000064,Chinook Middle School,Bellevue School District,Bellevue,752,181,Yes participating without using any Provision or the CEO,false,6th Grade,8th Grade
530393003586,Chinook Middle School,Kennewick School District,Kennewick,950,392,Yes under Community Eligibility Option (CEO),false,6th Grade,8th Grade
530585000862,Chinook Middle School,North Thurston Public Schools,Lacey,746,414,Yes under Community Eligibility Option (CEO),true,6th Grade,8th Grade
530354000524,Chinook Middle School,Highline School District,SeaTac,620,452,Yes under Community Eligibility Option (CEO),true,6th Grade,8th Grade
530846002879,Chloe Clark Elementary,Steilacoom Hist. School District,DuPont,475,128,Yes participating without using any Provision or the CEO,false,Prekindergarten,3rd Grade
530456003375,Choice,Riverview School District,Carnation,0,,Yes participating without using any Provision or the CEO,true,7th Grade,10th Grade
530576003627,Choice Academy,North Kitsap School District,Kingston,54,24,No,true,9th Grade,12th Grade
530354002640,Choice Academy,Highline School District,Seattle,176,87,No,true,6th Grade,12th Grade
530790002151,Choice Middle and High School,Shelton School District,Shelton,217,129,Yes under Community Eligibility Option (CEO),true,7th Grade,12th Grade
530423002311,Christa McAuliffe Elementary,Lake Washington School District,Sammamish,472,7,Yes participating without using any Provision or the CEO,false,Kindergarten,5th Grade
530294000472,Christensen Elementary,Franklin Pierce School District,Tacoma,346,257,Yes under Community Eligibility Option (CEO),false,Kindergarten,5th Grade
530084000164,Clallam Bay High & Elementary,Cape Flattery School District,Clallam Bay,100,73,Yes under Community Eligibility Option (CEO),true,Kindergarten,12th Grade
530423003640,Clara Barton Elementary School,Lake Washington School District,Redmond,452,75,Yes participating without using any Provision or the CEO,false,Kindergarten,5th Grade
530000503407,Clark County Juvenile Detention School,Educational Service District 112,Vancouver,15,,No,false,3rd Grade,12th Grade
530375002107,Clark Elementary,Issaquah School District,Issaquah,586,166,Yes participating without using any Provision or the CEO,false,Kindergarten,5th Grade
530135000241,Cle Elum Roslyn Elementary,Cle Elum-Roslyn School District,Cle Elum,489,204,Yes participating without using any Provision or the CEO,false,Prekindergarten,5th Grade
530135000240,Cle Elum Roslyn High School,Cle Elum-Roslyn School District,Cle Eum,311,135,Yes participating without using any Provision or the CEO,false,9th Grade,12th Grade
530108000180,Clear Creek Elementary School,Central Kitsap School District,Silverdale,448,220,Yes participating without using any Provision or the CEO,false,Prekindergarten,5th Grade
530774001274,Clear Lake Elementary School,Sedro-Woolley School District,Clear Lake,314,127,Yes under Community Eligibility Option (CEO),false,Kindergarten,6th Grade
530771001150,Cleveland High School STEM,Seattle School District No. 1,Seattle,875,438,Yes under Community Eligibility Option (CEO),true,9th Grade,12th Grade
530456002644,Clip,Riverview School District,Carnation,64,21,Yes participating without using any Provision or the CEO,true,9th Grade,12th Grade
530048000122,Clover Creek Elementary,Bethel School District,Tacoma,617,318,Yes under Community Eligibility Option (CEO),false,Kindergarten,5th Grade
530141003549,Clover Park Early Learning Program,Clover Park School District,Lakewood,213,162,Yes under Community Eligibility Option (CEO),false,Prekindergarten,Prekindergarten
530141000250,Clover Park High School,Clover Park School District,Lakewood,1161,898,Yes under Community Eligibility Option (CEO),true,9th Grade,12th Grade
530231003821,Clovis Point Elementary School,Eastmont School District,East Wenatchee,511,321,Yes under Community Eligibility Option (CEO),false,Kindergarten,6th Grade
530039000065,Clyde Hill Elementary,Bellevue School District,Bellevue,594,124,Yes participating without using any Provision or the CEO,false,Prekindergarten,5th Grade
530492000744,Colbert Elementary School,Mead School District,Colbert,364,134,Yes participating without using any Provision or the CEO,false,Kindergarten,5th Grade
530144000273,Colfax High School,Colfax School District,Colfax,263,78,Yes participating without using any Provision or the CEO,false,7th Grade,12th Grade
530240000336,College Place Elementary,Edmonds School District,Lynnwood,473,356,Yes under Community Eligibility Option (CEO),false,Kindergarten,6th Grade
530147003489,College Place High School,College Place School District,College Place,486,247,Yes under Community Eligibility Option (CEO),true,9th Grade,12th Grade
530240000337,College Place Middle School,Edmonds School District,Lynnwood,479,229,Yes under Community Eligibility Option (CEO),true,7th Grade,8th Grade
530147003684,College Place Open Doors Program,College Place School District,College Place,13,10,No,false,9th Grade,12th Grade
530294000473,Collins Elementary,Franklin Pierce School District,Tacoma,466,258,Yes under Community Eligibility Option (CEO),false,Kindergarten,5th Grade
530150000277,Colton School,Colton School District,Colton,166,49,Yes participating without using any Provision or the CEO,false,Prekindergarten,12th Grade
530522003392,Columbia Basin Technical Skills Center,Moses Lake School District,Moses Lake,53,3,Yes under Community Eligibility Option (CEO),false,10th Grade,12th Grade
530237000325,Columbia Crest a-STEM Academy,Eatonville School District,Ashford,209,122,Yes under Community Eligibility Option (CEO),true,Kindergarten,8th Grade
530159000279,Columbia Elementary,Columbia (Walla Walla) School District,Burbank,367,195,Yes under Community Eligibility Option (CEO),false,Kindergarten,5th Grade
530543002263,Columbia Elementary,Mukilteo School District,Mukilteo,596,198,Yes under Community Eligibility Option (CEO),false,Prekindergarten,5th Grade
530042000103,Columbia Elementary School,Bellingham School District,Bellingham,187,46,Yes participating without using any Provision or the CEO,false,Prekindergarten,5th Grade
531005003711,Columbia Elementary School,Woodland School District,Woodland,365,203,Yes under Community Eligibility Option (CEO),false,Prekindergarten,4th Grade
530447000700,Columbia Heights Elementary,Longview School District,Longview,331,191,Yes under Community Eligibility Option (CEO),false,Kindergarten,5th Grade
530156000278,Columbia High and Elementary,Columbia (Stevens) School District,Hunters,121,92,Yes under Community Eligibility Option (CEO),true,Prekindergarten,12th Grade
530159001758,Columbia High School,Columbia (Walla Walla) School District,Burbank,235,122,Yes under Community Eligibility Option (CEO),true,9th Grade,12th Grade
530981001664,Columbia High School,White Salmon Valley School District,White Salmon,361,159,Yes participating without using any Provision or the CEO,false,9th Grade,12th Grade
530288003161,Columbia Junior High School,Fife School District,Tacoma,619,351,Yes participating without using any Provision or the CEO,true,8th Grade,9th Grade
530159000280,Columbia Middle School,Columbia (Walla Walla) School District,Burbank,174,103,Yes under Community Eligibility Option (CEO),true,6th Grade,8th Grade
530522000785,Columbia Middle School,Moses Lake School District,Moses Lake,875,515,Yes under Community Eligibility Option (CEO),true,6th Grade,8th Grade
530261000384,Columbia Ridge Elementary,Ephrata School District,Ephrata,480,301,Yes under Community Eligibility Option (CEO),false,Kindergarten,4th Grade
530657003734,Columbia River Elementary,Pasco School District,Pasco,618,299,Yes under Community Eligibility Option (CEO),false,Prekindergarten,5th Grade
530954003608,Columbia River Gorge Elementary School,Washougal School District,Washougal,340,145,Yes participating without using any Provision or the CEO,false,Prekindergarten,5th Grade
530927001557,Columbia River High,Vancouver School District,Vancouver,1138,371,Yes under Community Eligibility Option (CEO),false,9th Grade,12th Grade
530270002946,Columbia Valley Elementary,Evergreen School District (Clark),Vancouver,360,155,Yes under Community Eligibility Option (CEO),false,Kindergarten,5th Grade
530447001845,Columbia Valley Garden Elem Schl,Longview School District,Longview,362,203,Yes under Community Eligibility Option (CEO),false,Kindergarten,5th Grade
530924003107,Columbia Virtual Academy,Valley School District,Valley,863,272,No,false,Kindergarten,8th Grade
530399003270,Columbia Virtual Academy - Kettle Falls,Kettle Falls School District,Kettle Falls,419,164,No,false,9th Grade,12th Grade
530163000283,Colville Junior High School,Colville School District,Colville,401,265,Yes under Community Eligibility Option (CEO),true,6th Grade,8th Grade
530163000282,Colville Senior High School,Colville School District,Colville,506,270,Yes under Community Eligibility Option (CEO),true,9th Grade,12th Grade
530870002413,Comm Based Trans Program,Tacoma School District,Tacoma,71,32,No,false,12th Grade,12th Grade
530423000673,Community School,Lake Washington School District,Kirkland,67,8,No,false,1st Grade,5th Grade
530897002378,Computer Academy Toppenish High School,Toppenish School District,Toppenish,185,163,Yes under Community Eligibility Option (CEO),true,6th Grade,12th Grade
530771001154,Concord International School,Seattle School District No. 1,Seattle,268,137,Yes under Community Eligibility Option (CEO),false,Prekindergarten,5th Grade
530166000285,Concrete Elementary,Concrete School District,Concrete,308,206,Yes under Community Eligibility Option (CEO),false,Kindergarten,6th Grade
530166000286,Concrete High School,Concrete School District,Concrete,219,176,Yes under Community Eligibility Option (CEO),true,7th Grade,12th Grade
530573000847,Connell Elem,North Franklin School District,Connell,491,375,Yes under Community Eligibility Option (CEO),false,Kindergarten,6th Grade
530573000848,Connell High School,North Franklin School District,Connell,615,439,Yes under Community Eligibility Option (CEO),true,9th Grade,12th Grade
530573003366,Connell Preschool,North Franklin School District,Connell,20,13,No,false,Prekindergarten,Prekindergarten
530228002600,Continuous Curriculum School,East Valley School District (Spokane),Spokane Valley,385,160,Yes under Community Eligibility Option (CEO),false,Kindergarten,8th Grade
530315002701,Contract Learning Center,Grandview School District,Grandview,34,29,Yes under Community Eligibility Option (CEO),true,9th Grade,12th Grade
530240002821,Contracted Schools,Edmonds School District,Lynnwood,18,6,No,false,Prekindergarten,12th Grade
530423001598,Contractual Schools,Lake Washington School District,Redmond,10,3,No,false,Prekindergarten,12th Grade
530168000287,Conway School District 317,Conway School District,Mount Vernon,421,126,Yes participating without using any Provision or the CEO,false,Kindergarten,8th Grade
530825001370,Cooper Elementary,Spokane School District,Spokane,385,268,Yes under Community Eligibility Option (CEO),false,Prekindergarten,5th Grade
530042003358,Cordata Elementary School,Bellingham School District,Bellingham,357,244,Yes under Community Eligibility Option (CEO),false,Prekindergarten,5th Grade
530171000288,Cosmopolis Elementary School,Cosmopolis School District,Cosmopolis,175,100,Yes participating without using any Provision or the CEO,false,Kindergarten,6th Grade
530591000880,Cottage Lake Elementary,Northshore School District,Woodinville,258,37,Yes participating without using any Provision or the CEO,false,Prekindergarten,5th Grade
530393003330,Cottonwood Elementary,Kennewick School District,Kennewick,474,100,Yes under Community Eligibility Option (CEO),false,Kindergarten,5th Grade
530108000181,Cottonwood Elementary School,Central Kitsap School District,Silverdale,362,156,Yes participating without using any Provision or the CEO,false,Prekindergarten,5th Grade
530972001238,Cottonwood Elementary School,West Valley School District (Yakima),Yakima,362,142,Yes participating without using any Provision or the CEO,false,Kindergarten,5th Grade
530426003156,Cougar Creek Elementary School,Lakewood School District,Arlington,422,212,Yes under Community Eligibility Option (CEO),false,Kindergarten,5th Grade
530048003158,Cougar Mountain Middle School,Bethel School District,Graham,605,305,Yes under Community Eligibility Option (CEO),true,6th Grade,8th Grade
530375003795,Cougar Mountain Middle School,Issaquah School District,Issaquah,616,76,Yes participating without using any Provision or the CEO,false,6th Grade,8th Grade
530375000482,Cougar Ridge Elementary,Issaquah School District,Bellevue,458,49,Yes participating without using any Provision or the CEO,false,Kindergarten,5th Grade
530108002251,Cougar Valley Elementary,Central Kitsap School District,Silverdale,397,150,Yes participating without using any Provision or the CEO,false,Prekindergarten,5th Grade
530344000513,Coulee City Elementary,Coulee-Hartline School District,Coulee City,68,37,Yes under Community Eligibility Option (CEO),false,Kindergarten,5th Grade
530180000289,Coupeville Elementary School,Coupeville School District,Coupeville,492,216,Yes participating without using any Provision or the CEO,false,Prekindergarten,5th Grade
530180000290,Coupeville High School,Coupeville School District,Coupeville,256,87,Yes participating without using any Provision or the CEO,false,9th Grade,12th Grade
530180002049,Coupeville Middle School,Coupeville School District,Coupeville,158,59,Yes participating without using any Provision or the CEO,false,6th Grade,8th Grade
530180003514,Coupeville Open Academy,Coupeville School District,Coupeville,46,19,No,false,9th Grade,12th Grade
530396000613,Covington Elementary School,Kent School District,Covington,456,237,Yes under Community Eligibility Option (CEO),false,Prekindergarten,5th Grade
530270000415,Covington Middle School,Evergreen School District (Clark),Vancouver,830,482,Yes under Community Eligibility Option (CEO),true,6th Grade,8th Grade
530000300591,Coweeman Middle School,Kelso School District,Kelso,501,312,Yes under Community Eligibility Option (CEO),true,6th Grade,8th Grade
530000502917,Cowlitz County Youth Services Center,Educational Service District 112,Longview,14,3,Yes participating without using any Provision or the CEO,false,6th Grade,12th Grade
530891003310,Cowlitz Prairie Academy,Toledo School District,Toledo,38,24,Yes under Community Eligibility Option (CEO),true,7th Grade,12th Grade
530141003535,Cpsd Open Doors Program,Clover Park School District,Lakewood,276,222,Yes under Community Eligibility Option (CEO),true,9th Grade,12th Grade
530573003621,Crcc-Open Doors,North Franklin School District,Connell,7,,No,false,9th Grade,12th Grade
530375003331,Creekside Elementary,Issaquah School District,Sammamish,555,32,Yes participating without using any Provision or the CEO,false,Kindergarten,5th Grade
530492003768,Creekside Elementary School,Mead School District,Mead,355,226,Yes under Community Eligibility Option (CEO),false,Prekindergarten,5th Grade
530594000900,Crescent Harbor Elem,Oak Harbor School District,Oak Harbor,419,202,Yes participating without using any Provision or the CEO,false,Kindergarten,4th Grade
530870002742,Crescent Heights Elementary School,Tacoma School District,Tacoma,451,220,Yes under Community Eligibility Option (CEO),false,Kindergarten,5th Grade
530183000292,Crescent School,Crescent School District,Port Angeles,228,117,Yes participating without using any Provision or the CEO,true,Kindergarten,12th Grade
530270000416,Crestline Elementary School,Evergreen School District (Clark),Vancouver,446,234,Yes under Community Eligibility Option (CEO),false,Prekindergarten,5th Grade
530186000293,Creston Elementary,Creston School District,Creston,39,18,Yes under Community Eligibility Option (CEO),false,Kindergarten,6th Grade
530186000294,Creston Jr-Sr High School,Creston School District,Creston,34,13,Yes participating without using any Provision or the CEO,false,7th Grade,12th Grade
530861002665,Crestwood Elementary,Sumner-Bonney Lake School District,Bonney Lake,393,152,Yes participating without using any Provision or the CEO,false,Prekindergarten,5th Grade
530396001779,Crestwood Elementary School,Kent School District,Covington,386,150,Yes under Community Eligibility Option (CEO),false,Prekindergarten,5th Grade
530321003300,Crossroads High School,Granite Falls School District,Granite Falls,188,115,Yes under Community Eligibility Option (CEO),true,9th Grade,12th Grade
530066000137,Crownhill Elementary School,Bremerton School District,Bremerton,317,184,Yes under Community Eligibility Option (CEO),false,Prekindergarten,5th Grade
530591000881,Crystal Springs Elementary,Northshore School District,Bothell,500,175,Yes participating without using any Provision or the CEO,false,Prekindergarten,5th Grade
530189000295,Curlew Elem & High School,Curlew School District,Curlew,234,129,Yes under Community Eligibility Option (CEO),true,Prekindergarten,12th Grade
530918001548,Curtis Junior High,University Place School District,University Place,904,356,Yes participating without using any Provision or the CEO,false,8th Grade,9th Grade
530918001549,Curtis Senior High,University Place School District,University Place,1321,486,Yes participating without using any Provision or the CEO,false,10th Grade,12th Grade
530192000297,Cusick Jr Sr High School,Cusick School District,Cusick,147,99,Yes under Community Eligibility Option (CEO),true,6th Grade,12th Grade
530285000459,Custer Elem,Ferndale School District,Custer,392,213,Yes under Community Eligibility Option (CEO),false,Kindergarten,5th Grade
530141000251,Custer Elementary School,Clover Park School District,Lakewood,358,265,Yes under Community Eligibility Option (CEO),false,Prekindergarten,5th Grade
530111003437,Cvsd Open Doors Programs,Central Valley School District,Liberty Lake,102,44,No,false,10th Grade,12th Grade
530861002744,Daffodil Valley Elementary,Sumner-Bonney Lake School District,Sumner,524,280,Yes under Community Eligibility Option (CEO),false,Prekindergarten,5th Grade
530459000717,Dallesport Elementary,Lyle School District,Dallesport,91,59,Yes under Community Eligibility Option (CEO),false,Kindergarten,5th Grade
530195000299,Damman Elementary,Damman School District,Ellensburg,48,,No,false,Kindergarten,5th Grade
530771001137,Daniel Bagley Elementary School,Seattle School District No. 1,Seattle,337,86,Yes participating without using any Provision or the CEO,false,Kindergarten,5th Grade
530198000300,Darrington Elementary School,Darrington School District,Darrington,351,217,Yes under Community Eligibility Option (CEO),true,Prekindergarten,8th Grade
530198000301,Darrington High School,Darrington School District,Darrington,113,66,Yes under Community Eligibility Option (CEO),false,9th Grade,12th Grade
530201000302,Davenport Elementary,Davenport School District,Davenport,351,195,Yes participating without using any Provision or the CEO,false,Prekindergarten,5th Grade
530201000303,Davenport Senior High School,Davenport School District,Davenport,313,157,No,true,6th Grade,12th Grade
530771001913,David T. Denny International Middle School,Seattle School District No. 1,Seattle,722,421,Yes under Community Eligibility Option (CEO),true,6th Grade,8th Grade
530576000856,David Wolfle Elementary,North Kitsap School District,Kingston,288,180,Yes participating without using any Provision or the CEO,false,Prekindergarten,5th Grade
530147000275,Davis Elementary,College Place School District,College Place,698,417,Yes under Community Eligibility Option (CEO),false,Prekindergarten,5th Grade
531011001689,Davis High School,Yakima School District,Yakima,2359,2025,Yes under Community Eligibility Option (CEO),true,9th Grade,12th Grade
530038003176,Daybreak Middle,Battle Ground School District,Battle Ground,480,222,Yes participating without using any Provision or the CEO,true,5th Grade,8th Grade
530038003194,Daybreak Primary,Battle Ground School District,Battle Ground,548,257,Yes participating without using any Provision or the CEO,false,Prekindergarten,4th Grade
530204000304,Dayton Elementary School,Dayton School District,Dayton,185,105,Yes under Community Eligibility Option (CEO),false,Prekindergarten,5th Grade
530204000305,Dayton High School,Dayton School District,Dayton,88,37,Yes under Community Eligibility Option (CEO),true,9th Grade,12th Grade
530204002513,Dayton Middle School,Dayton School District,Dayton,93,46,Yes under Community Eligibility Option (CEO),true,6th Grade,8th Grade
530204003732,Dayton School District Alternative Program,Dayton School District,Dayton,13,7,No,false,9th Grade,12th Grade
530771001158,Dearborn Park International School,Seattle School District No. 1,Seattle,340,176,Yes under Community Eligibility Option (CEO),false,Prekindergarten,5th Grade
530453001846,Decatur Elementary,Lopez School District,Anacortes,3,,No,false,Kindergarten,8th Grade
530282000434,Decatur High School,Federal Way School District,Federal Way,1352,876,Yes under Community Eligibility Option (CEO),true,9th Grade,12th Grade
530207003903,Deer Park Achievement High School,Deer Park School District,Deer Park,94,58,Yes under Community Eligibility Option (CEO),false,9th Grade,12th Grade
530207003423,Deer Park Early Learning Center,Deer Park School District,Deer Park,77,76,Yes under Community Eligibility Option (CEO),false,Prekindergarten,Prekindergarten
530207000307,Deer Park Elementary,Deer Park School District,Deer Park,400,223,Yes under Community Eligibility Option (CEO),false,Kindergarten,2nd Grade
530207001759,Deer Park High School,Deer Park School District,Deer Park,637,315,Yes participating without using any Provision or the CEO,true,9th Grade,12th Grade
530207002827,Deer Park Home Link Program,Deer Park School District,Deer Park,617,303,No,false,Kindergarten,12th Grade
530207000308,Deer Park Middle School,Deer Park School District,Deer Park,503,265,Yes under Community Eligibility Option (CEO),true,6th Grade,8th Grade
530870001460,Delong Elementary School,Tacoma School District,Tacoma,349,219,Yes under Community Eligibility Option (CEO),false,Prekindergarten,5th Grade
530825003816,Denny Yasuhara Middle School,Spokane School District,Spokane,596,499,Yes under Community Eligibility Option (CEO),false,6th Grade,8th Grade
530354000525,Des Moines Elementary,Highline School District,Des Moines,500,313,Yes under Community Eligibility Option (CEO),false,Prekindergarten,5th Grade
530393000598,Desert Hills Middle School,Kennewick School District,Kennewick,906,223,Yes under Community Eligibility Option (CEO),false,6th Grade,8th Grade
530648003470,Desert Oasis High School,Othello School District,Othello,117,108,Yes under Community Eligibility Option (CEO),true,9th Grade,12th Grade
530732003901,Desert Sky Elementary,Richland School District,West Richland,441,89,Yes participating without using any Provision or the CEO,false,Kindergarten,5th Grade
530696003690,Dessie F Evans Elementary,Puyallup School District,Puyallup,919,459,Yes participating without using any Provision or the CEO,false,Prekindergarten,6th Grade
530936002952,Developmental Pre-School,Wahluke School District,Mattawa,10,7,No,false,Prekindergarten,Prekindergarten
530030000037,Dick Scobee Elementary School,Auburn School District,Auburn,675,542,Yes under Community Eligibility Option (CEO),false,Prekindergarten,5th Grade
530213002812,Dieringer Heights Elementary,Dieringer School District,Lake Tapps,441,106,Yes participating without using any Provision or the CEO,false,Kindergarten,5th Grade
530522003800,Digital Learning Center,Moses Lake School District,Moses Lake,359,239,No,false,6th Grade,12th Grade
530723002564,Dimmitt Middle School,Renton School District,Seattle,605,377,Yes under Community Eligibility Option (CEO),true,6th Grade,8th Grade
530816001355,Discovery,South Kitsap School District,Port Orchard,224,148,Yes under Community Eligibility Option (CEO),true,9th Grade,12th Grade
530423002448,Discovery Community School,Lake Washington School District,Kirkland,71,5,No,false,Kindergarten,5th Grade
531011003026,Discovery Early Learning Center,Yakima School District,Yakima,303,266,Yes under Community Eligibility Option (CEO),false,Prekindergarten,Prekindergarten
530543002218,Discovery Elementary,Mukilteo School District,Everett,648,411,Yes under Community Eligibility Option (CEO),false,Kindergarten,5th Grade
530375002426,Discovery Elementary,Issaquah School District,Issaquah,508,25,Yes participating without using any Provision or the CEO,false,Prekindergarten,5th Grade
530669000981,Discovery Elementary School,Peninsula School District,Gig Harbor,380,96,Yes participating without using any Provision or the CEO,false,Kindergarten,5th Grade
530081003662,Discovery High School,Camas School District,Camas,201,32,Yes participating without using any Provision or the CEO,false,9th Grade,12th Grade
530447003454,Discovery High School,Longview School District,Longview,57,46,No,true,9th Grade,12th Grade
530447003511,Discovery High School-Achieve,Longview School District,Longview,57,47,No,true,9th Grade,12th Grade
530927002018,Discovery Middle School,Vancouver School District,Vancouver,525,352,Yes under Community Eligibility Option (CEO),true,6th Grade,8th Grade
530288000464,Discovery Primary School,Fife School District,Milton,506,253,Yes participating without using any Provision or the CEO,false,Prekindergarten,2nd Grade
530132003725,Discovery Virtual School,Clarkston School District,Clarkston,98,33,No,false,Kindergarten,12th Grade
530969002244,Dishman Hills High School,West Valley School District (Spokane),Spokane,296,232,Yes under Community Eligibility Option (CEO),true,8th Grade,12th Grade
530702002507,District Run Home School,Quillayute Valley School District,Forks,42,25,No,true,Kindergarten,12th Grade
530216000311,Dixie Elementary School,Dixie School District,Dixie,14,5,Yes under Community Eligibility Option (CEO),false,Prekindergarten,5th Grade
530861001445,Donald Eismann Elementary,Sumner-Bonney Lake School District,Bonney Lake,648,163,Yes participating without using any Provision or the CEO,false,Prekindergarten,5th Grade
530696001178,Doris Stahl Junior High,Puyallup School District,Puyallup,846,388,Yes participating without using any Provision or the CEO,true,6th Grade,10th Grade
530081001823,Dorothy Fox,Camas School District,Camas,497,85,Yes participating without using any Provision or the CEO,false,Kindergarten,5th Grade
530141000252,Dower Elementary School,Clover Park School District,Lakewood,337,251,Yes under Community Eligibility Option (CEO),false,Prekindergarten,5th Grade
530870001461,Downing Elementary School,Tacoma School District,Tacoma,298,159,Yes under Community Eligibility Option (CEO),false,Prekindergarten,5th Grade
530870001513,Dr. Dolores Silas High School,Tacoma School District,Tacoma,1160,486,Yes under Community Eligibility Option (CEO),false,9th Grade,12th Grade
530918002383,Drum Intermediate,University Place School District,University Pla,639,275,Yes participating without using any Provision or the CEO,false,5th Grade,7th Grade
530682002505,Dry Creek Elementary,Port Angeles School District,Port Angeles,393,249,Yes under Community Eligibility Option (CEO),false,Prekindergarten,6th Grade
530783003729,Dungeness Virtual School,Sequim School District,Sequim,97,45,No,false,Kindergarten,12th Grade
530771001161,Dunlap Elementary School,Seattle School District No. 1,Seattle,261,201,Yes under Community Eligibility Option (CEO),false,Prekindergarten,5th Grade
530802002029,Dutch Hill Elementary,Snohomish School District,Snohomish,694,154,Yes participating without using any Provision or the CEO,false,Kindergarten,6th Grade
530927001558,Dwight D Eisenhower Elementary,Vancouver School District,Vancouver,386,193,Yes under Community Eligibility Option (CEO),false,Kindergarten,5th Grade
530282003430,Dynamic Family Services,Federal Way School District,Kent,0,,No,true,Prekindergarten,12th Grade
530696001023,E B Walker High School,Puyallup School District,Puyallup,120,76,Yes under Community Eligibility Option (CEO),true,8th Grade,12th Grade
530622000938,E Omak Elementary,Omak School District,Omak,327,254,Yes under Community Eligibility Option (CEO),false,3rd Grade,5th Grade
530024002248,Eagle Creek Elementary,Arlington School District,Arlington,665,290,Yes participating without using any Provision or the CEO,false,Kindergarten,5th Grade
530033003110,Eagle Harbor High School,Bainbridge Island School District,Bainbridge Island,81,23,Yes participating without using any Provision or the CEO,false,9th Grade,12th Grade
530249003884,Eagle Virtual Sky Academy,Elma School District,Elma,41,33,No,false,Kindergarten,12th Grade
530285002495,Eagleridge Elementary,Ferndale School District,Ferndale,457,268,Yes under Community Eligibility Option (CEO),false,Kindergarten,5th Grade
530240002420,Early Childhood Center,Edmonds School District,Lynnwood,397,204,Yes under Community Eligibility Option (CEO),false,Prekindergarten,Kindergarten
530648003658,Early Childhood Center,Othello School District,Othello,146,101,Yes under Community Eligibility Option (CEO),false,Prekindergarten,Prekindergarten
530270002299,Early Childhood Center,Evergreen School District (Clark),Vancouver,33,20,No,false,Prekindergarten,Prekindergarten
530927003147,Early Childhood Education Center,Vancouver School District,Vancouver,217,108,No,false,Prekindergarten,Prekindergarten
530246003099,Early Learning Center,Ellensburg School District,Ellensburg,54,38,Yes under Community Eligibility Option (CEO),false,Prekindergarten,Prekindergarten
530420003561,Early Learning Center,Lake Stevens School District,Lake Stevens,259,177,Yes under Community Eligibility Option (CEO),false,Prekindergarten,Prekindergarten
530228001760,East Farms STEAM School,East Valley School District (Spokane),Newman Lake,387,253,Yes under Community Eligibility Option (CEO),false,Prekindergarten,6th Grade
530249001298,East Grays Harbor High School,Elma School District,Elma,4,,No,true,9th Grade,12th Grade
530249003530,East Grays Harbor Open Doors,Elma School District,Elma,42,28,No,true,9th Grade,12th Grade
530396000614,East Hill Elementary School,Kent School District,Kent,383,276,Yes under Community Eligibility Option (CEO),false,Prekindergarten,5th Grade
530910002379,East Olympia Elementary,Tumwater School District,Olympia,579,206,Yes participating without using any Provision or the CEO,false,Prekindergarten,5th Grade
530816001347,East Port Orchard Elementary,South Kitsap School District,Port Orchard,423,282,Yes under Community Eligibility Option (CEO),false,Prekindergarten,5th Grade
530591002428,East Ridge Elementary,Northshore School District,Woodinville,427,32,Yes participating without using any Provision or the CEO,false,Prekindergarten,5th Grade
530537000806,East Valley Central Middle School,East Valley School District (Yakima),Yakima,792,494,Yes under Community Eligibility Option (CEO),true,6th Grade,8th Grade
530537002543,East Valley Elementary,East Valley School District (Yakima),Yakima,562,389,Yes under Community Eligibility Option (CEO),false,Prekindergarten,5th Grade
530228000312,East Valley High School,East Valley School District (Spokane),Spokane Valley,912,540,Yes under Community Eligibility Option (CEO),true,9th Grade,12th Grade
530537000805,East Valley High School,East Valley School District (Yakima),Yakima,1064,595,Yes under Community Eligibility Option (CEO),true,9th Grade,12th Grade
530228003494,East Valley Middle School,East Valley School District (Spokane),Spokane Valley,394,275,Yes under Community Eligibility Option (CEO),true,7th Grade,8th Grade
530393000599,Eastgate Elementary School,Kennewick School District,Kennewick,468,368,Yes under Community Eligibility Option (CEO),false,Prekindergarten,5th Grade
530423001141,Eastlake High School,Lake Washington School District,Sammamish,2481,142,Yes participating without using any Provision or the CEO,false,9th Grade,12th Grade
530231003789,Eastmont Academy,Eastmont School District,East Wenatchee,10,6,No,false,Kindergarten,6th Grade
530231000323,Eastmont Junior High,Eastmont School District,East Wenatchee,687,430,Yes under Community Eligibility Option (CEO),true,7th Grade,9th Grade
530231003236,Eastmont Preschools,Eastmont School District,East Wenatchee,69,21,No,false,Prekindergarten,Prekindergarten
530231000318,Eastmont Senior High,Eastmont School District,East Wenatchee,1534,842,Yes under Community Eligibility Option (CEO),false,10th Grade,12th Grade
530234000324,Easton School,Easton School District,Easton,81,60,Yes under Community Eligibility Option (CEO),true,Kindergarten,12th Grade
530237000326,Eatonville Elementary School,Eatonville School District,Eatonville,406,179,Yes participating without using any Provision or the CEO,false,Kindergarten,5th Grade
530237000327,Eatonville High School,Eatonville School District,Eatonville,573,244,Yes participating without using any Provision or the CEO,true,9th Grade,12th Grade
530237001899,Eatonville Middle School,Eatonville School District,Eatonville,425,197,Yes participating without using any Provision or the CEO,true,6th Grade,8th Grade
530237003645,Eatonville Online Academy,Eatonville School District,Eatonville,7,,No,true,6th Grade,10th Grade
530486003058,Eceap,Marysville School District,Marysville,151,132,Yes under Community Eligibility Option (CEO),false,Prekindergarten,Prekindergarten
530543003133,Eceap,Mukilteo School District,Mukilteo,118,113,Yes under Community Eligibility Option (CEO),false,Prekindergarten,Prekindergarten
530375001773,Echo Glen School,Issaquah School District,Snoqualmie,104,70,No,true,5th Grade,12th Grade
530792001302,Echo Lake Elementary School,Shoreline School District,Shoreline,416,193,Yes participating without using any Provision or the CEO,false,Kindergarten,5th Grade
530771001162,Eckstein Middle School,Seattle School District No. 1,Seattle,1024,158,Yes participating without using any Provision or the CEO,false,6th Grade,8th Grade
530696001024,Edgemont Jr High,Puyallup School District,Edgewood,590,259,Yes participating without using any Provision or the CEO,true,6th Grade,9th Grade
530114000207,Edison Elementary,Centralia School District,Centralia,313,241,Yes under Community Eligibility Option (CEO),false,Kindergarten,6th Grade
530078000156,Edison Elementary,Burlington-Edison School District,Edison,390,151,Yes under Community Eligibility Option (CEO),false,Kindergarten,8th Grade
530393000600,Edison Elementary School,Kennewick School District,Kennewick,378,283,Yes under Community Eligibility Option (CEO),false,Prekindergarten,5th Grade
530870001462,Edison Elementary School,Tacoma School District,Tacoma,413,293,Yes under Community Eligibility Option (CEO),false,Prekindergarten,5th Grade
530945001600,Edison Elementary School,Walla Walla Public Schools,Walla Walla,464,335,Yes under Community Eligibility Option (CEO),false,Kindergarten,5th Grade
530240003490,Edmonds Career Access Program,Edmonds School District,Lynnwood,383,196,No,false,9th Grade,12th Grade
530240002205,Edmonds Elearning Academy,Edmonds School District,Lynnwood,234,135,No,true,7th Grade,12th Grade
530240002293,Edmonds Elementary,Edmonds School District,Edmonds,310,47,Yes participating without using any Provision or the CEO,false,Prekindergarten,6th Grade
530240003139,Edmonds Heights K-12,Edmonds School District,Edmonds,599,158,Yes participating without using any Provision or the CEO,false,Kindergarten,12th Grade
530771003612,Edmonds S. Meany Middle School,Seattle School District No. 1,Seattle,504,244,Yes under Community Eligibility Option (CEO),true,6th Grade,8th Grade
530240002673,Edmonds Woodway High School,Edmonds School District,Edmonds,1605,635,Yes participating without using any Provision or the CEO,false,9th Grade,12th Grade
530870001484,Edna Travis Elementary School,Tacoma School District,Tacoma,337,264,Yes under Community Eligibility Option (CEO),false,Prekindergarten,5th Grade
530132000990,Educational Opportunity Center,Clarkston School District,Clarkston,88,75,Yes under Community Eligibility Option (CEO),true,7th Grade,12th Grade
530132003506,Educational Opportunity Center Reengagement,Clarkston School District,Clarkston,9,7,Yes under Community Eligibility Option (CEO),false,11th Grade,12th Grade
530531003025,Educational Resource Center,Mount Baker School District,Deming,18,7,No,false,Prekindergarten,Prekindergarten
530696002530,Edward Zeiger Elem,Puyallup School District,Puyallup,500,287,Yes participating without using any Provision or the CEO,false,Prekindergarten,6th Grade
530657000963,Edwin Markham Elementary,Pasco School District,Pasco,227,107,Yes under Community Eligibility Option (CEO),false,Prekindergarten,5th Grade
530792003688,Edwin Pratt Learning Center,Shoreline School District,Shoreline,318,195,Yes under Community Eligibility Option (CEO),false,Prekindergarten,Prekindergarten
530804002239,Edwin R Opstad Elementary,Snoqualmie Valley School District,North Bend,581,76,Yes participating without using any Provision or the CEO,false,Kindergarten,5th Grade
531011001690,Eisenhower High School,Yakima School District,Yakima,2258,1772,Yes under Community Eligibility Option (CEO),true,9th Grade,12th Grade
530267000393,Eisenhower Middle School,Everett School District,Everett,914,506,Yes under Community Eligibility Option (CEO),true,6th Grade,8th Grade
530834002825,Elger Bay Elementary,Stanwood-Camano School District,Camano Island,376,155,Yes participating without using any Provision or the CEO,false,Kindergarten,5th Grade
530423002649,Elizabeth Blackwell Elementary,Lake Washington School District,Sammamish,478,25,Yes participating without using any Provision or the CEO,false,Kindergarten,5th Grade
530048000123,Elk Plain School of Choice,Bethel School District,Spanaway,574,228,Yes participating without using any Provision or the CEO,false,Kindergarten,8th Grade
530978001661,Elk Ridge Elementary,White River School District,Buckley,564,176,Yes participating without using any Provision or the CEO,false,Kindergarten,5th Grade
530423003628,Ella Baker Elementary School,Lake Washington School District,Redmond,401,57,Yes participating without using any Provision or the CEO,false,Kindergarten,5th Grade
530657002936,Ellen Ochoa Middle School,Pasco School District,Pasco,831,756,Yes under Community Eligibility Option (CEO),true,6th Grade,8th Grade
530246003168,Ellensburg Choice Schools,Ellensburg School District,Ellensburg,148,68,Yes under Community Eligibility Option (CEO),false,Kindergarten,12th Grade
530246000365,Ellensburg High School,Ellensburg School District,Ellensburg,957,366,Yes participating without using any Provision or the CEO,false,9th Grade,12th Grade
530246003935,Ellensburg Open Doors,Ellensburg School District,Ellensburg,38,30,No,false,11th Grade,12th Grade
530270000417,Ellsworth Elementary School,Evergreen School District (Clark),Vancouver,401,233,Yes under Community Eligibility Option (CEO),false,Prekindergarten,5th Grade
530249000371,Elma Elementary School,Elma School District,Elma,688,443,Yes under Community Eligibility Option (CEO),false,Prekindergarten,5th Grade
530249000372,Elma High School,Elma School District,Elma,578,361,Yes under Community Eligibility Option (CEO),true,9th Grade,12th Grade
530249002060,Elma Middle School,Elma School District,Elma,324,213,Yes under Community Eligibility Option (CEO),true,6th Grade,8th Grade
530294000474,Elmhurst Elementary School,Franklin Pierce School District,Tacoma,335,230,Yes under Community Eligibility Option (CEO),false,Kindergarten,5th Grade
530270003731,Emerald Elementary School,Evergreen School District (Clark),Vancouver,440,167,Yes under Community Eligibility Option (CEO),false,Kindergarten,5th Grade
530108000757,Emerald Heights Elementary,Central Kitsap School District,Silverdale,466,150,Yes participating without using any Provision or the CEO,false,Prekindergarten,5th Grade
530861002169,Emerald Hills Elementary,Sumner-Bonney Lake School District,Bonney Lake,551,159,Yes participating without using any Provision or the CEO,false,Kindergarten,5th Grade
530396002729,Emerald Park Elementary School,Kent School District,Kent,318,185,Yes under Community Eligibility Option (CEO),false,Kindergarten,5th Grade
530696002809,Emerald Ridge High School,Puyallup School District,Puyallup,1599,698,Yes participating without using any Provision or the CEO,true,10th Grade,12th Grade
530366002105,Emerson Elementary,Hoquiam School District,Hoquiam,212,157,Yes under Community Eligibility Option (CEO),false,Prekindergarten,1st Grade
530657000964,Emerson Elementary,Pasco School District,Pasco,447,397,Yes under Community Eligibility Option (CEO),false,Prekindergarten,5th Grade
530267000394,Emerson Elementary School,Everett School District,Everett,662,493,Yes under Community Eligibility Option (CEO),false,Prekindergarten,5th Grade
530771001163,Emerson Elementary School,Seattle School District No. 1,Seattle,398,293,Yes under Community Eligibility Option (CEO),false,Prekindergarten,5th Grade
530423001784,Emerson High School,Lake Washington School District,Kirkland,67,22,Yes participating without using any Provision or the CEO,false,9th Grade,12th Grade
530423002725,Emerson K-12,Lake Washington School District,Kirkland,67,12,No,false,Kindergarten,12th Grade
530423000661,Emily Dickinson Elementary,Lake Washington School District,Redmond,294,39,Yes participating without using any Provision or the CEO,false,Kindergarten,5th Grade
530696003192,Emma L Carson Elementary,Puyallup School District,Puyallup,676,357,Yes participating without using any Provision or the CEO,false,Prekindergarten,6th Grade
530282003124,Employment Transition Program,Federal Way School District,Federal Way,62,46,Yes under Community Eligibility Option (CEO),true,9th Grade,12th Grade
530039000067,Enatai Elementary School,Bellevue School District,Bellevue,518,111,Yes participating without using any Provision or the CEO,false,Prekindergarten,5th Grade
530393003896,Endeavor High School,Kennewick School District,Kennewick,93,47,No,false,9th Grade,12th Grade
530522003482,Endeavor Middle School,Moses Lake School District,Moses Lake,270,223,Yes under Community Eligibility Option (CEO),true,6th Grade,8th Grade
530543001727,Endeavour Elementary,Mukilteo School District,Mukilteo,436,105,Yes under Community Eligibility Option (CEO),false,Kindergarten,5th Grade
530375002518,Endeavour Elementary School,Issaquah School District,Issaquah,473,49,Yes participating without using any Provision or the CEO,false,Kindergarten,5th Grade
530270003241,Endeavour Elementary School,Evergreen School District (Clark),Vancouver,471,292,Yes under Community Eligibility Option (CEO),false,Prekindergarten,5th Grade
530252000373,Endicott/St John Elem and Middle,Endicott School District,Endicott,83,56,Yes under Community Eligibility Option (CEO),true,Prekindergarten,8th Grade
530426002478,English Crossing Elementary,Lakewood School District,Marysville,331,179,Yes under Community Eligibility Option (CEO),false,Kindergarten,5th Grade
530282001380,Enterprise Elementary School,Federal Way School District,Federal Way,450,305,Yes under Community Eligibility Option (CEO),false,Prekindergarten,5th Grade
530732002504,Enterprise Middle School,Richland School District,West Richland,745,253,Yes under Community Eligibility Option (CEO),false,6th Grade,8th Grade
530255000374,Entiat Middle and High School,Entiat School District,Entiat,205,120,Yes under Community Eligibility Option (CEO),true,6th Grade,12th Grade
530000102054,Enumclaw Middle School,Enumclaw School District,Enumclaw,522,199,Yes participating without using any Provision or the CEO,false,6th Grade,8th Grade
530000100379,Enumclaw Sr High School,Enumclaw School District,Enumclaw,1333,421,Yes participating without using any Provision or the CEO,false,9th Grade,12th Grade
530423002726,Environmental & Adventure School,Lake Washington School District,Kirkland,138,8,No,false,6th Grade,8th Grade
530585003771,Envision Career Academy,North Thurston Public Schools,Lacey,139,82,Yes under Community Eligibility Option (CEO),false,9th Grade,12th Grade
530261000386,Ephrata High School,Ephrata School District,Ephrata,886,535,Yes under Community Eligibility Option (CEO),true,9th Grade,12th Grade
530261000387,Ephrata Middle School,Ephrata School District,Ephrata,461,265,Yes under Community Eligibility Option (CEO),true,7th Grade,8th Grade
530001303670,ESD 105 Open Doors,Educational Service District 105,Yakima,120,,No,false,9th Grade,12th Grade
530000503538,ESD 112 Open Doors Reengagement,Educational Service District 112,Vancouver,46,,No,false,9th Grade,12th Grade
530001103422,ESD 113 Consortium Reengagement Program,Capital Region ESD 113,Tumwater,344,,No,false,11th Grade,12th Grade
530237003461,ESD New Beginnings,Eatonville School District,Eatonville,31,11,No,false,9th Grade,12th Grade
530108000182,Esquire Hills Elementary,Central Kitsap School District,Bremerton,288,163,Yes under Community Eligibility Option (CEO),false,Prekindergarten,5th Grade
530228003581,Ev Online,East Valley School District (Spokane),Spokane Valley,50,31,No,false,Kindergarten,12th Grade
530228003582,Ev Parent Partnership,East Valley School District (Spokane),Spokane Valley,221,90,Yes under Community Eligibility Option (CEO),false,Kindergarten,12th Grade
530264000390,Evaline Elementary School,Evaline School District,Winlock,55,28,No,false,Kindergarten,6th Grade
530267000395,Everett High School,Everett School District,Everett,1643,984,Yes under Community Eligibility Option (CEO),true,9th Grade,12th Grade
530267003452,Everett Reengagement Academy,Everett School District,Everett,183,106,No,true,9th Grade,12th Grade
530267003904,Everett Virtual Academy,Everett School District,Everett,45,30,No,false,6th Grade,12th Grade
530669000982,Evergreen Elementary,Peninsula School District,Lakebay,336,195,Yes participating without using any Provision or the CEO,false,Prekindergarten,5th Grade
530048001748,Evergreen Elementary,Bethel School District,Spanaway,530,352,Yes under Community Eligibility Option (CEO),false,Kindergarten,5th Grade
530141002438,Evergreen Elementary School,Clover Park School District,JBLM Lewis Main,442,248,Yes under Community Eligibility Option (CEO),false,Prekindergarten,5th Grade
530774001275,Evergreen Elementary School,Sedro-Woolley School District,Sedro-Woolley,511,291,Yes under Community Eligibility Option (CEO),false,Kindergarten,6th Grade
530790001293,Evergreen Elementary School,Shelton School District,Shelton,378,309,Yes under Community Eligibility Option (CEO),false,Prekindergarten,4th Grade
530492000745,Evergreen Elementary School,Mead School District,Spokane,433,248,Yes under Community Eligibility Option (CEO),false,Kindergarten,5th Grade
530585000863,Evergreen Forest Elementary,North Thurston Public Schools,Lacey,442,191,Yes participating without using any Provision or the CEO,false,Kindergarten,5th Grade
530030000035,Evergreen Heights Elementary,Auburn School District,Auburn,457,247,Yes under Community Eligibility Option (CEO),false,Prekindergarten,5th Grade
530354000526,Evergreen High School,Highline School District,Seattle,1080,809,Yes under Community Eligibility Option (CEO),true,9th Grade,12th Grade
530270000418,Evergreen High School,Evergreen School District (Clark),Vancouver,1427,722,Yes under Community Eligibility Option (CEO),true,9th Grade,12th Grade
530267000397,Evergreen Middle School,Everett School District,Everett,890,600,Yes under Community Eligibility Option (CEO),true,6th Grade,8th Grade
530282000452,Evergreen Middle School,Federal Way School District,Kent,810,644,Yes under Community Eligibility Option (CEO),true,6th Grade,8th Grade
530423001841,Evergreen Middle School,Lake Washington School District,Redmond,761,70,Yes participating without using any Provision or the CEO,false,6th Grade,8th Grade
530111000193,Evergreen Middle School,Central Valley School District,Spokane Valley,668,239,Yes participating without using any Provision or the CEO,false,6th Grade,8th Grade
530918001179,Evergreen Primary,University Place School District,University Place,516,200,Yes participating without using any Provision or the CEO,false,Prekindergarten,4th Grade
530273000429,Evergreen School,Evergreen School District (Stevens),Gifford,39,29,Yes participating without using any Provision or the CEO,false,Kindergarten,6th Grade
530567001220,Everson Elementary,Nooksack Valley School District,Everson,288,170,Yes under Community Eligibility Option (CEO),false,Prekindergarten,5th Grade
530048003925,Expedition Elementary,Bethel School District,Puyallup,530,272,Yes under Community Eligibility Option (CEO),false,Kindergarten,5th Grade
530816002575,Explorer Academy,South Kitsap School District,Port Orchard,286,133,No,false,Kindergarten,12th Grade
530423002519,Explorer Community School,Lake Washington School District,Redmond,60,3,No,false,1st Grade,5th Grade
530543001910,Explorer Middle School,Mukilteo School District,Everett,777,504,Yes under Community Eligibility Option (CEO),true,6th Grade,8th Grade
530042000104,Fairhaven Middle School,Bellingham School District,Bellingham,588,240,Yes under Community Eligibility Option (CEO),false,6th Grade,8th Grade
530543000816,Fairmount Elementary,Mukilteo School District,Everett,510,313,Yes under Community Eligibility Option (CEO),false,Kindergarten,5th Grade
530771003497,Fairmount Park Elementary School,Seattle School District No. 1,Seattle,357,82,Yes participating without using any Provision or the CEO,false,Prekindergarten,5th Grade
530108000183,Fairview Middle School,Central Kitsap School District,Bremerton,620,313,Yes under Community Eligibility Option (CEO),true,6th Grade,8th Grade
530396000615,Fairwood Elementary School,Kent School District,Renton,355,147,Yes under Community Eligibility Option (CEO),false,Prekindergarten,5th Grade
530804001329,Fall City Elementary,Snoqualmie Valley School District,Fall City,456,77,Yes participating without using any Provision or the CEO,false,Kindergarten,5th Grade
530930002720,Family Link,Vashon Island School District,Vashon,72,19,No,false,Kindergarten,12th Grade
530492000746,Farwell Elementary School,Mead School District,Spokane,471,225,Yes under Community Eligibility Option (CEO),false,Kindergarten,5th Grade
530870001464,Fawcett Elementary School,Tacoma School District,Tacoma,426,278,Yes under Community Eligibility Option (CEO),false,Prekindergarten,5th Grade
530282000435,Federal Way High School,Federal Way School District,Federal Way,1665,1229,Yes under Community Eligibility Option (CEO),true,9th Grade,12th Grade
530282002719,Federal Way Public Academy,Federal Way School District,Federal Way,309,134,Yes under Community Eligibility Option (CEO),false,6th Grade,10th Grade
530282003321,Federal Way Public School Eceap,Federal Way School District,Federal Way,348,281,No,false,Prekindergarten,Prekindergarten
530282003232,Federal Way Running Start Home School,Federal Way School District,Federal Way,17,6,No,false,11th Grade,12th Grade
530927001559,Felida Elementary School,Vancouver School District,Vancouver,561,74,Yes under Community Eligibility Option (CEO),false,Kindergarten,5th Grade
530870001465,Fern Hill Elementary School,Tacoma School District,Tacoma,311,221,Yes under Community Eligibility Option (CEO),false,Prekindergarten,5th Grade
530285000460,Ferndale High School,Ferndale School District,Ferndale,1325,603,Yes under Community Eligibility Option (CEO),false,9th Grade,12th Grade
530285003576,Ferndale Re-Engagement,Ferndale School District,Ferndale,33,25,No,true,9th Grade,12th Grade
530285003199,Ferndale Special Services,Ferndale School District,Ferndale,20,8,No,false,Prekindergarten,Prekindergarten
530285003703,Ferndale Virtual Academy,Ferndale School District,Ferndale,154,93,No,false,Kindergarten,12th Grade
530591002222,Fernwood Elementary,Northshore School District,Bothell,714,43,Yes participating without using any Provision or the CEO,false,Prekindergarten,5th Grade
530825001385,Ferris High School,Spokane School District,Spokane,1644,737,Yes under Community Eligibility Option (CEO),false,9th Grade,12th Grade
530696001865,Ferrucci Jr High,Puyallup School District,Puyallup,815,410,Yes participating without using any Provision or the CEO,true,7th Grade,9th Grade
530189003648,Ferry County Open Doors - Youth Reengagement,Curlew School District,Curlew,58,15,No,false,8th Grade,12th Grade
530015000017,Fidalgo Elementary,Anacortes School District,Anacortes,339,124,Yes participating without using any Provision or the CEO,false,Kindergarten,5th Grade
530288003792,Fife Elementary School,Fife School District,Tacoma,866,522,Yes under Community Eligibility Option (CEO),false,Kindergarten,5th Grade
530288000465,Fife High School,Fife School District,Tacoma,885,442,Yes participating without using any Provision or the CEO,false,10th Grade,12th Grade
530288003718,Fife Open Doors,Fife School District,Tacoma,25,19,No,false,10th Grade,12th Grade
530825001373,Finch Elementary,Spokane School District,Spokane,375,230,Yes under Community Eligibility Option (CEO),false,Prekindergarten,5th Grade
530291000468,Finley Elementary,Finley School District,Kennewick,367,294,Yes under Community Eligibility Option (CEO),false,Prekindergarten,5th Grade
530291002100,Finley Middle School,Finley School District,Kennewick,204,148,Yes under Community Eligibility Option (CEO),true,6th Grade,8th Grade
530423000663,Finn Hill Middle School,Lake Washington School District,Kirkland,664,155,Yes participating without using any Provision or the CEO,false,6th Grade,8th Grade
530270000419,Fircrest Elementary School,Evergreen School District (Clark),Vancouver,341,242,Yes under Community Eligibility Option (CEO),false,Prekindergarten,5th Grade
530792002912,Fircrest Residential Habilitation,Shoreline School District,Shoreline,1,,No,false,Kindergarten,12th Grade
530696001025,Firgrove Elementary,Puyallup School District,Puyallup,593,405,Yes under Community Eligibility Option (CEO),false,Kindergarten,6th Grade
530870003299,First Creek Middle School,Tacoma School District,Tacoma,584,456,Yes under Community Eligibility Option (CEO),true,6th Grade,8th Grade
530141000271,Firwood,Clover Park School District,Steilacoom,45,14,No,false,4th Grade,12th Grade
530462000720,Fisher Elementary School,Lynden School District,Lynden,546,277,Yes participating without using any Provision or the CEO,false,Kindergarten,5th Grade
530270002511,Fishers Landing Elementary School,Evergreen School District (Clark),Vancouver,402,72,Yes under Community Eligibility Option (CEO),false,Kindergarten,5th Grade
530978002245,Foothills Elementary,White River School District,Buckley,470,234,Yes participating without using any Provision or the CEO,false,1st Grade,5th Grade
530966001006,Foothills Middle School,Wenatchee School District,Wenatchee,567,330,Yes under Community Eligibility Option (CEO),true,6th Grade,8th Grade
530114000208,Fords Prairie Elementary,Centralia School District,Centralia,443,334,Yes under Community Eligibility Option (CEO),false,Kindergarten,6th Grade
530267003195,Forest View Elementary School,Everett School District,Everett,634,94,Yes participating without using any Provision or the CEO,false,Prekindergarten,5th Grade
530702001048,Forks Elementary School,Quillayute Valley School District,Forks,368,230,Yes under Community Eligibility Option (CEO),false,Kindergarten,4th Grade
530702001047,Forks High School,Quillayute Valley School District,Forks,264,155,Yes under Community Eligibility Option (CEO),true,9th Grade,12th Grade
530702001046,Forks Middle School,Quillayute Valley School District,Forks,237,156,Yes under Community Eligibility Option (CEO),false,5th Grade,8th Grade
530163001898,Fort Colville Elementary,Colville School District,Colville,355,248,Yes under Community Eligibility Option (CEO),false,3rd Grade,5th Grade
531014002393,Fort Stevens Elementary,Yelm School District,Yelm,462,269,Yes under Community Eligibility Option (CEO),false,Prekindergarten,5th Grade
530927001560,Fort Vancouver High School,Vancouver School District,Vancouver,1507,1155,Yes under Community Eligibility Option (CEO),true,9th Grade,12th Grade
530870001466,Foss High School,Tacoma School District,Tacoma,599,416,Yes under Community Eligibility Option (CEO),true,9th Grade,12th Grade
530813001341,Foster Senior High School,Tukwila School District,Tukwila,910,626,Yes under Community Eligibility Option (CEO),true,9th Grade,12th Grade
530141003516,Four Heroes Elementary,Clover Park School District,Lakewood,541,458,Yes under Community Eligibility Option (CEO),false,Prekindergarten,5th Grade
530825001409,Frances Scott Elementary,Spokane School District,Spokane,372,303,Yes under Community Eligibility Option (CEO),false,Prekindergarten,6th Grade
530696002340,Frank Brouillet Elem,Puyallup School District,Puyallup,541,229,Yes participating without using any Provision or the CEO,false,Kindergarten,6th Grade
530591002329,Frank Love Elementary,Northshore School District,Bothell,492,116,Yes participating without using any Provision or the CEO,false,Prekindergarten,5th Grade
530513000773,Frank Wagner Elementary,Monroe School District,Monroe,545,406,Yes under Community Eligibility Option (CEO),false,Prekindergarten,5th Grade
530682000998,Franklin Elementary,Port Angeles School District,Port Angeles,318,178,Yes under Community Eligibility Option (CEO),false,Prekindergarten,6th Grade
530693001017,Franklin Elementary,Pullman School District,Pullman,274,83,Yes participating without using any Provision or the CEO,false,Prekindergarten,5th Grade
530825001374,Franklin Elementary,Spokane School District,Spokane,428,224,Yes under Community Eligibility Option (CEO),false,Prekindergarten,6th Grade
530870001467,Franklin Elementary School,Tacoma School District,Tacoma,260,159,Yes under Community Eligibility Option (CEO),false,Prekindergarten,5th Grade
530771001168,Franklin High School,Seattle School District No. 1,Seattle,1277,731,Yes under Community Eligibility Option (CEO),true,9th Grade,12th Grade
531011001691,Franklin Middle School,Yakima School District,Yakima,848,721,Yes under Community Eligibility Option (CEO),true,6th Grade,8th Grade
530294000475,Franklin Pierce High School,Franklin Pierce School District,Tacoma,977,629,Yes under Community Eligibility Option (CEO),true,9th Grade,12th Grade
530771001151,Frantz Coe Elementary School,Seattle School District No. 1,Seattle,467,52,Yes participating without using any Provision or the CEO,false,Kindergarten,5th Grade
530048003272,Frederickson Elementary,Bethel School District,Puyallup,527,311,Yes participating without using any Provision or the CEO,false,Kindergarten,5th Grade
530297000484,Freeman Elementary School,Freeman School District,Rockford,385,90,Yes participating without using any Provision or the CEO,false,Prekindergarten,5th Grade
530297000485,Freeman High School,Freeman School District,Rockford,301,65,Yes participating without using any Provision or the CEO,false,9th Grade,12th Grade
530297003013,Freeman Middle School,Freeman School District,Rockford,201,50,Yes participating without using any Provision or the CEO,false,6th Grade,8th Grade
530765001798,Friday Harbor Elementary School,San Juan Island School District,Friday Harbor,329,143,Yes participating without using any Provision or the CEO,false,Kindergarten,5th Grade
530765001125,Friday Harbor High School,San Juan Island School District,Friday Harbor,255,105,Yes participating without using any Provision or the CEO,false,9th Grade,12th Grade
530765002666,Friday Harbor Middle School,San Juan Island School District,Friday Harbor,157,65,Yes participating without using any Provision or the CEO,true,6th Grade,8th Grade
530048000595,Frontier Middle School,Bethel School District,Graham,620,304,Yes under Community Eligibility Option (CEO),true,6th Grade,8th Grade
530522002625,Frontier Middle School,Moses Lake School District,Moses Lake,690,419,Yes under Community Eligibility Option (CEO),true,6th Grade,8th Grade
530270002510,Frontier Middle School,Evergreen School District (Clark),Vancouver,767,334,Yes under Community Eligibility Option (CEO),true,6th Grade,8th Grade
530927001561,Fruit Valley Elementary School,Vancouver School District,Vancouver,188,150,Yes under Community Eligibility Option (CEO),false,Kindergarten,5th Grade
530696001027,Fruitland Elementary,Puyallup School District,Puyallup,566,168,Yes participating without using any Provision or the CEO,false,Kindergarten,6th Grade
530513003009,Fryelands Elementary,Monroe School District,Monroe,414,202,Yes participating without using any Provision or the CEO,false,Prekindergarten,5th Grade
530393003647,Fuerza Elementary,Kennewick School District,Kennewick,629,420,Yes under Community Eligibility Option (CEO),false,Prekindergarten,5th Grade
530114003492,Futurus High School,Centralia School District,Centralia,110,86,Yes under Community Eligibility Option (CEO),true,9th Grade,12th Grade
530696003191,G W Edgerton Elementary,Puyallup School District,Puyallup,753,283,Yes participating without using any Provision or the CEO,false,Prekindergarten,6th Grade
530927001562,Gaiser Middle School,Vancouver School District,Vancouver,750,507,Yes under Community Eligibility Option (CEO),true,6th Grade,8th Grade
530522000787,Garden Heights Elementary,Moses Lake School District,Moses Lake,324,183,Yes under Community Eligibility Option (CEO),false,Kindergarten,5th Grade
530300003135,Garfield at Palouse High School,Garfield School District,Palouse,45,22,No,true,9th Grade,12th Grade
530300000486,Garfield Elementary,Garfield School District,Garfield,51,33,Yes under Community Eligibility Option (CEO),false,Prekindergarten,5th Grade
530825001375,Garfield Elementary,Spokane School District,Spokane,314,247,Yes under Community Eligibility Option (CEO),false,Prekindergarten,5th Grade
530267000398,Garfield Elementary School,Everett School District,Everett,393,281,Yes under Community Eligibility Option (CEO),false,Prekindergarten,5th Grade
530618000924,Garfield Elementary School,Olympia School District,Olympia,314,190,Yes under Community Eligibility Option (CEO),false,Prekindergarten,5th Grade
530897001531,Garfield Elementary School,Toppenish School District,Toppenish,310,290,Yes under Community Eligibility Option (CEO),false,Kindergarten,5th Grade
531011001692,Garfield Elementary School,Yakima School District,Yakima,507,471,Yes under Community Eligibility Option (CEO),false,Kindergarten,5th Grade
530771001171,Garfield High School,Seattle School District No. 1,Seattle,1507,621,Yes under Community Eligibility Option (CEO),false,9th Grade,12th Grade
530300000487,Garfield Middle School,Garfield School District,Garfield,31,17,Yes participating without using any Provision or the CEO,true,6th Grade,8th Grade
530945001601,Garrison Middle School,Walla Walla Public Schools,Walla Walla,546,365,Yes under Community Eligibility Option (CEO),true,6th Grade,8th Grade
530825001411,Garry Middle School,Spokane School District,Spokane,410,336,Yes under Community Eligibility Option (CEO),true,6th Grade,8th Grade
530927002554,Gate Work Study Program,Vancouver School District,Vancouver,51,33,Yes under Community Eligibility Option (CEO),false,12th Grade,12th Grade
530294001769,Gates Secondary School,Franklin Pierce School District,Tacoma,104,80,Yes under Community Eligibility Option (CEO),true,10th Grade,12th Grade
530267001725,Gateway Middle School,Everett School District,Everett,1057,186,Yes participating without using any Provision or the CEO,false,6th Grade,8th Grade
530282003374,Gateway to College,Federal Way School District,Federal Way,23,15,No,false,9th Grade,12th Grade
530771001172,Gatewood Elementary School,Seattle School District No. 1,Seattle,400,50,Yes participating without using any Provision or the CEO,false,Kindergarten,5th Grade
530954001623,Gause Elementary,Washougal School District,Washougal,224,106,Yes participating without using any Provision or the CEO,false,Prekindergarten,5th Grade
530870001469,Geiger Montessori School,Tacoma School District,Tacoma,521,207,Yes under Community Eligibility Option (CEO),false,Prekindergarten,5th Grade
530141003000,General William H. Harrison Preparatory School,Clover Park School District,Lakewood,738,466,Yes under Community Eligibility Option (CEO),true,6th Grade,12th Grade
530771001245,Genesee Hill Elementary,Seattle School District No. 1,Seattle,451,50,Yes participating without using any Provision or the CEO,false,Kindergarten,5th Grade
530042000105,Geneva Elementary School,Bellingham School District,Bellingham,412,132,Yes participating without using any Provision or the CEO,false,Prekindergarten,5th Grade
530910001734,George Bush Middle School,Tumwater School District,Tumwater,762,297,Yes participating without using any Provision or the CEO,false,6th Grade,8th Grade
530927001563,George C Marshall Elementary,Vancouver School District,Vancouver,313,210,Yes under Community Eligibility Option (CEO),false,Kindergarten,5th Grade
530708001052,George Elementary,Quincy School District,Quincy,163,127,Yes under Community Eligibility Option (CEO),false,Kindergarten,5th Grade
530396000690,George T. Daniel Elementary School,Kent School District,Kent,292,206,Yes under Community Eligibility Option (CEO),false,Prekindergarten,5th Grade
530126000229,Gess Elementary,Chewelah School District,Chewelah,324,187,Yes under Community Eligibility Option (CEO),false,Kindergarten,6th Grade
530375003588,Gibson Ek High School,Issaquah School District,Issaquah,198,29,Yes participating without using any Provision or the CEO,false,9th Grade,12th Grade
530669001793,Gig Harbor High,Peninsula School District,Gig Harbor,1375,206,Yes participating without using any Provision or the CEO,false,9th Grade,12th Grade
531011001693,Gilbert Elementary School,Yakima School District,Yakima,415,323,Yes under Community Eligibility Option (CEO),false,Kindergarten,5th Grade
530030000040,Gildo Rey Elementary School,Auburn School District,Auburn,416,302,Yes under Community Eligibility Option (CEO),false,Prekindergarten,5th Grade
530978003005,Glacier Middle School,White River School District,Buckley,999,369,Yes participating without using any Provision or the CEO,true,6th Grade,8th Grade
530354003674,Glacier Middle School,Highline School District,SeaTac,803,606,Yes under Community Eligibility Option (CEO),true,6th Grade,8th Grade
530876001463,Glacier Park Elementary,Tahoma School District,Maple Valley,803,157,Yes participating without using any Provision or the CEO,false,Prekindergarten,5th Grade
530802003217,Glacier Peak High School,Snohomish School District,Snohomish,1642,297,Yes participating without using any Provision or the CEO,false,9th Grade,12th Grade
530696003260,Glacier View Junior High,Puyallup School District,Puyallup,843,381,Yes participating without using any Provision or the CEO,true,7th Grade,9th Grade
530396002522,Glenridge Elementary,Kent School District,Kent,298,156,Yes under Community Eligibility Option (CEO),false,Prekindergarten,5th Grade
530303000248,Glenwood Elementary,Glenwood School District,Glenwood,33,17,Yes under Community Eligibility Option (CEO),false,Prekindergarten,6th Grade
530420000520,Glenwood Elementary,Lake Stevens School District,Lake Stevens,641,184,Yes participating without using any Provision or the CEO,false,Kindergarten,5th Grade
530038000051,Glenwood Heights Primary,Battle Ground School District,Vancouver,638,329,Yes under Community Eligibility Option (CEO),false,Prekindergarten,4th Grade
530303000489,Glenwood Secondary,Glenwood School District,Glenwood,26,13,Yes under Community Eligibility Option (CEO),false,7th Grade,12th Grade
530825001377,Glover Middle School,Spokane School District,Spokane,537,392,Yes under Community Eligibility Option (CEO),true,6th Grade,8th Grade
530855000541,Gold Bar Elementary,Sultan School District,Gold Bar,313,177,Yes participating without using any Provision or the CEO,false,Kindergarten,5th Grade
530309000490,Goldendale High School,Goldendale School District,Goldendale,322,209,Yes under Community Eligibility Option (CEO),true,9th Grade,12th Grade
530309000491,Goldendale Middle School,Goldendale School District,Goldendale,255,174,Yes under Community Eligibility Option (CEO),true,5th Grade,8th Grade
530309000492,Goldendale Primary School,Goldendale School District,Goldendale,302,195,Yes under Community Eligibility Option (CEO),false,Kindergarten,4th Grade
530309002988,Goldendale Support Service Center,Goldendale School District,Goldendale,13,9,No,false,Prekindergarten,Prekindergarten
530774003084,Good Beginnings Center,Sedro-Woolley School District,Sedro-Woolley,86,52,Yes under Community Eligibility Option (CEO),false,Prekindergarten,Prekindergarten
530669000983,Goodman Middle School,Peninsula School District,Gig Harbor,519,109,Yes participating without using any Provision or the CEO,false,6th Grade,8th Grade
530696001028,Gov John Rogers High School,Puyallup School District,Puyallup,1788,835,Yes participating without using any Provision or the CEO,true,9th Grade,12th Grade
530048002203,Graham Elementary,Bethel School District,Graham,428,223,Yes participating without using any Provision or the CEO,false,Kindergarten,5th Grade
530771001175,Graham Hill Elementary School,Seattle School District No. 1,Seattle,266,126,Yes under Community Eligibility Option (CEO),false,Prekindergarten,5th Grade
530048003003,Graham Kapowsin High School,Bethel School District,Graham,2087,1000,Yes under Community Eligibility Option (CEO),false,9th Grade,12th Grade
530615000917,Grainger Elementary,Okanogan School District,Okanogan,404,265,Yes under Community Eligibility Option (CEO),false,Kindergarten,5th Grade
530747001116,Grand Mound Elementary,Rochester School District,Rochester,507,337,Yes under Community Eligibility Option (CEO),false,3rd Grade,5th Grade
530375003067,Grand Ridge Elementary,Issaquah School District,Issaquah,558,48,Yes participating without using any Provision or the CEO,false,Kindergarten,5th Grade
530315000499,Grandview High School,Grandview School District,Grandview,1160,941,Yes under Community Eligibility Option (CEO),true,9th Grade,12th Grade
530315000498,Grandview Middle School,Grandview School District,Grandview,815,691,Yes under Community Eligibility Option (CEO),true,6th Grade,8th Grade
530318000502,Granger High School,Granger School District,Granger,433,384,Yes under Community Eligibility Option (CEO),true,9th Grade,12th Grade
530318000504,Granger Middle School,Granger School District,Granger,425,394,Yes under Community Eligibility Option (CEO),true,5th Grade,8th Grade
530321000506,Granite Falls High School,Granite Falls School District,Granite Falls,614,264,Yes participating without using any Provision or the CEO,false,9th Grade,12th Grade
530321001770,Granite Falls Middle School,Granite Falls School District,Granite Falls,448,216,Yes under Community Eligibility Option (CEO),false,6th Grade,8th Grade
530321003485,Granite Falls Open Doors,Granite Falls School District,Granite Falls,47,37,Yes under Community Eligibility Option (CEO),true,9th Grade,12th Grade
530261000388,Grant Elementary,Ephrata School District,Ephrata,466,319,Yes under Community Eligibility Option (CEO),false,Prekindergarten,4th Grade
530825001378,Grant Elementary,Spokane School District,Spokane,289,227,Yes under Community Eligibility Option (CEO),false,Prekindergarten,6th Grade
530231000319,Grant Elementary School,Eastmont School District,East Wenatchee,534,335,Yes under Community Eligibility Option (CEO),false,Kindergarten,6th Grade
530870001470,Grant Elementary School,Tacoma School District,Tacoma,378,117,Yes under Community Eligibility Option (CEO),false,Kindergarten,5th Grade
530132000235,Grantham Elementary,Clarkston School District,Clarkston,252,216,Yes under Community Eligibility Option (CEO),false,Kindergarten,6th Grade
530324000507,Grapeview Elementary & Middle School,Grapeview School District,Grapeview,224,112,Yes participating without using any Provision or the CEO,true,Kindergarten,8th Grade
530396000617,Grass Lake Elementary School,Kent School District,Kent,337,116,Yes under Community Eligibility Option (CEO),false,Prekindergarten,5th Grade
530081003312,Grass Valley Elementary,Camas School District,Camas,445,74,Yes participating without using any Provision or the CEO,false,Kindergarten,5th Grade
530141003920,Gravelly Lake K-12 Academy,Clover Park School District,Lakewood,162,120,No,true,Kindergarten,12th Grade
530870001471,Gray Middle School,Tacoma School District,Tacoma,510,376,Yes under Community Eligibility Option (CEO),true,6th Grade,8th Grade
530003003633,Grays Harbor Academy,Aberdeen School District,Aberdeen,64,41,No,true,Kindergarten,12th Grade
530003002055,Grays Harbor Juvenile Detention,Aberdeen School District,Aberdeen,11,5,No,true,6th Grade,12th Grade
530327000508,Great Northern Elementary,Great Northern School District,Spokane,44,28,Yes participating without using any Provision or the CEO,false,Kindergarten,6th Grade
530282001120,Green Gables Elementary School,Federal Way School District,Federal Way,281,163,Yes under Community Eligibility Option (CEO),false,Prekindergarten,5th Grade
530117000213,Green Hill Academic School,Chehalis School District,Chehalis,163,86,No,false,9th Grade,12th Grade
530771001176,Green Lake Elementary School,Seattle School District No. 1,Seattle,367,133,Yes participating without using any Provision or the CEO,false,Prekindergarten,5th Grade
530108000530,Green Mountain Elementary,Central Kitsap School District,Bremerton,360,139,Yes participating without using any Provision or the CEO,false,Prekindergarten,5th Grade
530330000509,Green Mountain School,Green Mountain School District,Woodland,163,39,Yes participating without using any Provision or the CEO,false,Kindergarten,8th Grade
530945001602,Green Park Elementary School,Walla Walla Public Schools,Walla Walla,526,391,Yes under Community Eligibility Option (CEO),false,Kindergarten,5th Grade
530111000194,Greenacres Elementary,Central Valley School District,Spokane Valley,637,339,Yes under Community Eligibility Option (CEO),false,Kindergarten,5th Grade
530111000195,Greenacres Middle School,Central Valley School District,Spokane Valley,555,214,Yes under Community Eligibility Option (CEO),false,6th Grade,8th Grade
530771001177,Greenwood Elementary School,Seattle School District No. 1,Seattle,339,35,Yes participating without using any Provision or the CEO,false,Prekindergarten,5th Grade
530354000528,Gregory Heights Elementary,Highline School District,Burien,488,249,Yes under Community Eligibility Option (CEO),false,Prekindergarten,5th Grade
530783002427,Greywolf Elementary School,Sequim School District,Sequim,506,261,Yes under Community Eligibility Option (CEO),false,Prekindergarten,2nd Grade
530765003136,Griffin Bay School,San Juan Island School District,Friday Harbor,47,16,Yes participating without using any Provision or the CEO,false,Kindergarten,12th Grade
530765003700,Griffin Bay School Open Doors,San Juan Island School District,Friday Harbor,6,,No,false,10th Grade,12th Grade
530723002343,Griffin Home,Renton School District,Renton,0,,No,true,6th Grade,12th Grade
530333000510,Griffin School,Griffin School District,Olympia,585,184,Yes participating without using any Provision or the CEO,true,Prekindergarten,8th Grade
530486003235,Grove Elementary,Marysville School District,Marysville,392,182,Yes under Community Eligibility Option (CEO),false,Kindergarten,5th Grade
530747002830,H.e.a.r.t. High School,Rochester School District,Rochester,37,23,Yes under Community Eligibility Option (CEO),true,9th Grade,12th Grade
530723002721,H.o.m.e. Program,Renton School District,Renton,136,31,Yes participating without using any Provision or the CEO,false,Kindergarten,12th Grade
530033000044,Halilts Elementary School,Bainbridge Island School District,Bainbridge Island,353,45,Yes participating without using any Provision or the CEO,false,Prekindergarten,4th Grade
530024003008,Haller Middle School,Arlington School District,Arlington,576,213,Yes participating without using any Provision or the CEO,false,6th Grade,8th Grade
530495002487,Hallett Elementary School,Medical Lake School District,Medical Lake,496,248,Yes participating without using any Provision or the CEO,false,Prekindergarten,5th Grade
530825001379,Hamblen Elementary,Spokane School District,Spokane,508,222,Yes under Community Eligibility Option (CEO),false,Prekindergarten,6th Grade
530682000999,Hamilton Elementary,Port Angeles School District,Port Angeles,338,179,Yes under Community Eligibility Option (CEO),false,Prekindergarten,6th Grade
530771001180,Hamilton International Middle School,Seattle School District No. 1,Seattle,983,118,Yes participating without using any Provision or the CEO,false,6th Grade,8th Grade
530792002447,Handicapped Contractual Services,Shoreline School District,Shoreline,155,34,No,false,Prekindergarten,12th Grade
530732001095,Hanford High School,Richland School District,Richland,1959,640,Yes participating without using any Provision or the CEO,false,9th Grade,12th Grade
530042000106,Happy Valley Elementary School,Bellingham School District,Bellingham,455,207,Yes under Community Eligibility Option (CEO),false,Prekindergarten,5th Grade
530669000984,Harbor Heights Elementary School,Peninsula School District,Gig Harbor,397,83,Yes participating without using any Provision or the CEO,false,Prekindergarten,5th Grade
530003000002,Harbor Junior/Senior High School,Aberdeen School District,Aberdeen,128,105,Yes under Community Eligibility Option (CEO),true,7th Grade,12th Grade
530003003784,Harbor Open Doors,Aberdeen School District,Aberdeen,49,34,No,false,10th Grade,12th Grade
530669002436,Harbor Ridge Middle School,Peninsula School District,Gig Harbor,627,116,Yes participating without using any Provision or the CEO,false,6th Grade,8th Grade
530543001185,Harbour Pointe Middle School,Mukilteo School District,Mukilteo,803,283,Yes under Community Eligibility Option (CEO),false,6th Grade,8th Grade
530531000801,Harmony Elementary,Mount Baker School District,Bellingham,288,134,Yes under Community Eligibility Option (CEO),false,Kindergarten,6th Grade
530270002429,Harmony Elementary School,Evergreen School District (Clark),Vancouver,467,176,Yes under Community Eligibility Option (CEO),false,Prekindergarten,5th Grade
530927001564,Harney Elementary School,Vancouver School District,Vancouver,538,371,Yes under Community Eligibility Option (CEO),false,Kindergarten,5th Grade
530528000797,Harrah Elementary School,Mount Adams School District,Harrah,451,427,Yes under Community Eligibility Option (CEO),false,Prekindergarten,6th Grade
530540003683,Harriet Rowley,Mount Vernon School District,Mount Vernon,440,316,Yes under Community Eligibility Option (CEO),false,Kindergarten,5th Grade
530336000511,Harrington Elementary School,Harrington School District,Harrington,70,49,Yes under Community Eligibility Option (CEO),false,Kindergarten,6th Grade
530336000512,Harrington High School,Harrington School District,Harrington,44,26,Yes under Community Eligibility Option (CEO),false,7th Grade,12th Grade
530867001451,Harrison Middle School,Sunnyside School District,Sunnyside,820,681,Yes under Community Eligibility Option (CEO),true,6th Grade,8th Grade
530927001565,Harry S Truman Elementary School,Vancouver School District,Vancouver,480,309,Yes under Community Eligibility Option (CEO),false,Kindergarten,5th Grade
530294000476,Harvard Elementary,Franklin Pierce School District,Tacoma,445,337,Yes under Community Eligibility Option (CEO),false,Kindergarten,5th Grade
530954001622,Hathaway Elementary,Washougal School District,Washougal,272,165,Yes participating without using any Provision or the CEO,false,Prekindergarten,5th Grade
530579000860,Hawkins Middle School,North Mason School District,Belfair,485,280,Yes under Community Eligibility Option (CEO),true,6th Grade,8th Grade
530267000400,Hawthorne Elementary School,Everett School District,Everett,446,374,Yes under Community Eligibility Option (CEO),false,Prekindergarten,5th Grade
530393000602,Hawthorne Elementary School,Kennewick School District,Kennewick,417,305,Yes under Community Eligibility Option (CEO),false,Kindergarten,5th Grade
530771002269,Hawthorne Elementary School,Seattle School District No. 1,Seattle,393,103,Yes participating without using any Provision or the CEO,false,Prekindergarten,5th Grade
530081003200,Hayes Freedom High School,Camas School District,Camas,161,56,Yes participating without using any Provision or the CEO,false,9th Grade,12th Grade
530927001566,Hazel Dell Elementary School,Vancouver School District,Vancouver,370,242,Yes under Community Eligibility Option (CEO),false,Kindergarten,5th Grade
530354000529,Hazel Valley Elementary,Highline School District,Burien,469,314,Yes under Community Eligibility Option (CEO),false,Prekindergarten,5th Grade
530771003271,Hazel Wolf K-8,Seattle School District No. 1,Seattle,660,151,Yes participating without using any Provision or the CEO,false,Kindergarten,8th Grade
530240000341,Hazelwood Elementary,Edmonds School District,Lynnwood,419,206,Yes participating without using any Provision or the CEO,false,Kindergarten,6th Grade
530030002277,Hazelwood Elementary School,Auburn School District,Auburn,502,262,Yes under Community Eligibility Option (CEO),false,Kindergarten,5th Grade
530723001071,Hazelwood Elementary School,Renton School District,Newcastle,478,97,Yes under Community Eligibility Option (CEO),false,Kindergarten,5th Grade
530723001080,Hazen Senior High School,Renton School District,Renton,1796,686,Yes participating without using any Provision or the CEO,false,9th Grade,12th Grade
530945003311,Head Start,Walla Walla Public Schools,Walla Walla,112,109,No,false,Prekindergarten,Prekindergarten
530270001833,Hearthwood Elementary School,Evergreen School District (Clark),Vancouver,360,185,Yes under Community Eligibility Option (CEO),false,Prekindergarten,5th Grade
530267002253,Heatherwood Middle School,Everett School District,Mill Creek,1031,328,Yes participating without using any Provision or the CEO,false,6th Grade,8th Grade
530288002875,Hedden Elementary School,Fife School District,Edgewood,469,244,Yes participating without using any Provision or the CEO,false,3rd Grade,5th Grade
530132002433,Heights Elementary,Clarkston School District,Clarkston,358,156,Yes under Community Eligibility Option (CEO),false,Kindergarten,6th Grade
530081002083,Helen Baller Elem,Camas School District,Camas,487,106,Yes participating without using any Provision or the CEO,false,Kindergarten,5th Grade
530783001288,Helen Haller Elementary School,Sequim School District,Sequim,508,288,Yes under Community Eligibility Option (CEO),false,2nd Grade,5th Grade
530423000666,Helen Keller Elementary,Lake Washington School District,Kirkland,300,94,Yes participating without using any Provision or the CEO,false,Kindergarten,5th Grade
530870003064,Helen Stafford Elementary School,Tacoma School District,Tacoma,453,337,Yes under Community Eligibility Option (CEO),false,Prekindergarten,5th Grade
530669002463,Henderson Bay Alt High School,Peninsula School District,Gig Harbor,139,60,Yes participating without using any Provision or the CEO,true,9th Grade,12th Grade
530270003463,Henrietta Lacks Health and Bioscience High School,Evergreen School District (Clark),Vancouver,467,204,Yes under Community Eligibility Option (CEO),true,9th Grade,12th Grade
530423000684,Henry David Thoreau Elementary,Lake Washington School District,Kirkland,404,65,Yes participating without using any Provision or the CEO,false,Kindergarten,5th Grade
530267001726,Henry M. Jackson High School,Everett School District,Mill Creek,2148,548,Yes participating without using any Provision or the CEO,false,9th Grade,12th Grade
530270002711,Heritage High School,Evergreen School District (Clark),Vancouver,1569,814,Yes under Community Eligibility Option (CEO),true,9th Grade,12th Grade
530486002476,Heritage School,Marysville School District,Marysville,130,111,Yes under Community Eligibility Option (CEO),true,9th Grade,12th Grade
530294003589,Hewins Early Learning Center,Franklin Pierce School District,Tacoma,266,219,Yes under Community Eligibility Option (CEO),false,Prekindergarten,Prekindergarten
530648000954,Hiawatha Elementary School,Othello School District,Othello,579,484,Yes under Community Eligibility Option (CEO),false,Kindergarten,6th Grade
530816002357,Hidden Creek Elementary School,South Kitsap School District,Port Orchard,439,211,Yes participating without using any Provision or the CEO,false,Prekindergarten,5th Grade
530513002761,Hidden River Middle School,Monroe School District,Snohomish,313,110,Yes participating without using any Provision or the CEO,false,6th Grade,8th Grade
530802001801,High School Re Entry,Snohomish School District,Snohomish,40,22,No,false,9th Grade,12th Grade
530132000236,Highland Elementary,Clarkston School District,Clarkston,290,197,Yes under Community Eligibility Option (CEO),false,Kindergarten,6th Grade
530420002756,Highland Elementary,Lake Stevens School District,Lake Stevens,557,159,Yes participating without using any Provision or the CEO,false,Prekindergarten,5th Grade
530351002876,Highland High School,Highland School District,Cowiche,366,246,Yes under Community Eligibility Option (CEO),true,9th Grade,12th Grade
530039000068,Highland Middle School,Bellevue School District,Bellevue,589,357,Yes under Community Eligibility Option (CEO),true,6th Grade,8th Grade
530351003148,Highland Middle School,Highland School District,Cowiche,243,186,Yes under Community Eligibility Option (CEO),true,6th Grade,8th Grade
530492003767,Highland Middle School,Mead School District,Spokane,704,231,Yes participating without using any Provision or the CEO,false,6th Grade,8th Grade
530771001183,Highland Park Elementary School,Seattle School District No. 1,Seattle,300,146,Yes under Community Eligibility Option (CEO),false,Prekindergarten,5th Grade
530792001304,Highland Terrace Elementary,Shoreline School District,Shoreline,322,64,Yes participating without using any Provision or the CEO,false,Kindergarten,5th Grade
530622003915,Highlands,Omak School District,Omak,78,68,No,false,Kindergarten,12th Grade
530723001072,Highlands Elementary School,Renton School District,Renton,386,271,Yes under Community Eligibility Option (CEO),false,Kindergarten,5th Grade
530393000603,Highlands Middle School,Kennewick School District,Kennewick,745,570,Yes under Community Eligibility Option (CEO),true,6th Grade,8th Grade
530354000531,Highline High School,Highline School District,Burien,1423,954,Yes under Community Eligibility Option (CEO),true,9th Grade,12th Grade
530354003496,Highline Home School Center,Highline School District,Burien,10,,No,false,Kindergarten,12th Grade
530354003484,Highline Open Doors 1418,Highline School District,Burien,240,117,No,false,9th Grade,12th Grade
530354003742,Highline Public Schools Virtual Academy,Highline School District,Seattle,208,135,No,false,Prekindergarten,12th Grade
530576000853,Hilder Pearson Elementary,North Kitsap School District,Poulsbo,286,96,Yes participating without using any Provision or the CEO,false,Prekindergarten,5th Grade
530594002264,Hillcrest Elementary,Oak Harbor School District,Oak Harbor,460,157,Yes participating without using any Provision or the CEO,false,Kindergarten,4th Grade
530420000651,Hillcrest Elementary School,Lake Stevens School District,Lake Stevens,842,257,Yes participating without using any Provision or the CEO,false,Prekindergarten,5th Grade
530141000256,Hillside Elementary School,Clover Park School District,JBLM Lewis Main,567,365,Yes under Community Eligibility Option (CEO),false,Prekindergarten,5th Grade
530240000342,Hilltop Elementary,Edmonds School District,Lynnwood,562,110,Yes participating without using any Provision or the CEO,false,Kindergarten,6th Grade
530354000532,Hilltop Elementary,Highline School District,Seattle,519,395,Yes under Community Eligibility Option (CEO),false,Prekindergarten,5th Grade
530606000911,Hilltop Elementary School,Ocean Beach School District,Ilwaco,188,118,Yes under Community Eligibility Option (CEO),true,6th Grade,8th Grade
530723003910,Hilltop Heritage Elementary School,Renton School District,Renton,576,279,Yes under Community Eligibility Option (CEO),false,Kindergarten,5th Grade
530870001473,Hilltop Heritage Middle School,Tacoma School District,Tacoma,447,279,Yes under Community Eligibility Option (CEO),true,6th Grade,8th Grade
531017001718,Hilton Elementary School,Zillah School District,Zillah,305,207,Yes under Community Eligibility Option (CEO),false,Prekindergarten,2nd Grade
530357003440,Hockinson Heights Elementary School,Hockinson School District,Brush Prairie,912,300,Yes participating without using any Provision or the CEO,false,Kindergarten,5th Grade
530357002938,Hockinson High School,Hockinson School District,Brush Prairie,669,154,Yes participating without using any Provision or the CEO,false,9th Grade,12th Grade
530357000559,Hockinson Middle School,Hockinson School District,Brush Prairie,480,146,Yes participating without using any Provision or the CEO,false,6th Grade,8th Grade
530163000284,Hofstetter Elementary,Colville School District,Colville,407,251,Yes under Community Eligibility Option (CEO),false,Kindergarten,2nd Grade
530120000219,Holden Village Community School,Lake Chelan School District,Chelan,4,,No,false,Kindergarten,12th Grade
530270001270,Hollingsworth Academy,Evergreen School District (Clark),Vancouver,101,47,Yes under Community Eligibility Option (CEO),true,Kindergarten,12th Grade
530375003707,Holly Street Early Learning Center,Issaquah School District,Issaquah,89,59,No,false,Prekindergarten,Prekindergarten
530591001791,Hollywood Hill Elementary,Northshore School District,Woodinville,331,63,Yes participating without using any Provision or the CEO,false,Prekindergarten,5th Grade
530825001381,Holmes Elementary,Spokane School District,Spokane,378,318,Yes under Community Eligibility Option (CEO),false,Prekindergarten,5th Grade
530270003101,Home Choice Academy,Evergreen School District (Clark),Vancouver,204,90,Yes under Community Eligibility Option (CEO),false,Kindergarten,12th Grade
530792002646,Home Education Exchange,Shoreline School District,Shoreline,125,22,Yes participating without using any Provision or the CEO,false,Kindergarten,8th Grade
530192003642,Home Pride,Cusick School District,Cusick,111,63,No,false,Kindergarten,12th Grade
530594002628,Homeconnection,Oak Harbor School District,Oak Harbor,385,142,Yes participating without using any Provision or the CEO,false,Kindergarten,12th Grade
530420002670,Homelink,Lake Stevens School District,Lake Stevens,31,17,No,false,Kindergarten,12th Grade
530945002690,Homelink,Walla Walla Public Schools,Walla Walla,47,23,No,false,Kindergarten,12th Grade
530038002857,Homelink River,Battle Ground School District,Battle Ground,901,314,Yes participating without using any Provision or the CEO,false,Kindergarten,12th Grade
530123003014,Homeworks,Cheney School District,Cheney,145,75,No,false,Kindergarten,12th Grade
530723003351,Honey Dew Elementary,Renton School District,Renton,276,196,Yes under Community Eligibility Option (CEO),false,Kindergarten,5th Grade
530360000561,Hood Canal Elementary School,Hood Canal School District,Shelton,337,254,Yes under Community Eligibility Option (CEO),true,Prekindergarten,8th Grade
531011001694,Hoover Elementary School,Yakima School District,Yakima,582,549,Yes under Community Eligibility Option (CEO),false,Prekindergarten,5th Grade
530003002271,Hopkins Elementary,Aberdeen School District,Aberdeen,103,100,No,false,Prekindergarten,Prekindergarten
530366000564,Hoquiam High School,Hoquiam School District,Hoquiam,410,277,Yes under Community Eligibility Option (CEO),true,9th Grade,12th Grade
530366003290,Hoquiam Homelink School,Hoquiam School District,Hoquiam,107,69,Yes under Community Eligibility Option (CEO),true,Kindergarten,12th Grade
530366000565,Hoquiam Middle School,Hoquiam School District,Hoquiam,372,258,Yes under Community Eligibility Option (CEO),true,6th Grade,8th Grade
530423000667,Horace Mann Elementary,Lake Washington School District,Redmond,387,23,Yes participating without using any Provision or the CEO,false,Kindergarten,5th Grade
530543002320,Horizon Elementary,Mukilteo School District,Everett,550,410,Yes under Community Eligibility Option (CEO),false,Kindergarten,5th Grade
530396002310,Horizon Elementary School,Kent School District,Kent,408,236,Yes under Community Eligibility Option (CEO),false,Prekindergarten,5th Grade
530285002832,Horizon Middle School,Ferndale School District,Ferndale,433,240,Yes under Community Eligibility Option (CEO),true,6th Grade,8th Grade
530111001826,Horizon Middle School,Central Valley School District,Spokane Valley,472,143,Yes participating without using any Provision or the CEO,false,6th Grade,8th Grade
530585000601,Horizons Elementary,North Thurston Public Schools,Lacey,580,225,Yes participating without using any Provision or the CEO,false,Kindergarten,5th Grade
530393000750,Horse Heaven Hills Middle School,Kennewick School District,Kennewick,856,471,Yes under Community Eligibility Option (CEO),true,6th Grade,8th Grade
530927001568,Hough Elementary School,Vancouver School District,Vancouver,238,157,Yes under Community Eligibility Option (CEO),false,Kindergarten,5th Grade
530690001013,Housel Middle School,Prosser School District,Prosser,529,401,Yes under Community Eligibility Option (CEO),true,6th Grade,8th Grade
530927001569,Hudson's Bay High School,Vancouver School District,Vancouver,1197,738,Yes under Community Eligibility Option (CEO),true,9th Grade,12th Grade
530141000257,Hudtloff Middle School,Clover Park School District,Lakewood,555,422,Yes under Community Eligibility Option (CEO),true,6th Grade,8th Grade
530981001665,Hulan L Whitson Elem,White Salmon Valley School District,White Salmon,352,161,Yes participating without using any Provision or the CEO,false,Kindergarten,4th Grade
530870003818,Hunt Middle School,Tacoma School District,Tacoma,519,251,Yes under Community Eligibility Option (CEO),false,6th Grade,8th Grade
530000300592,Huntington Middle School,Kelso School District,Kelso,559,357,Yes under Community Eligibility Option (CEO),true,6th Grade,8th Grade
530825001382,Hutton Elementary,Spokane School District,Spokane,492,146,Yes under Community Eligibility Option (CEO),false,Prekindergarten,6th Grade
530095000553,Icicle River Middle School,Cascade School District,Leavenworth,258,126,Yes participating without using any Provision or the CEO,true,6th Grade,8th Grade
530246003887,Ida Nason Aronica Elementary,Ellensburg School District,Ellensburg,361,201,Yes under Community Eligibility Option (CEO),false,Kindergarten,5th Grade
530141000258,Idlewild Elementary School,Clover Park School District,Lakewood,380,196,Yes under Community Eligibility Option (CEO),false,Prekindergarten,5th Grade
530585003803,Ignite Family Academy,North Thurston Public Schools,Lacey,100,12,No,false,Kindergarten,8th Grade
530594003474,Igrad Academy,Oak Harbor School District,Oak Harbor,11,6,No,true,9th Grade,12th Grade
530030000698,Ilalko Elementary School,Auburn School District,Auburn,468,295,Yes under Community Eligibility Option (CEO),false,Prekindergarten,5th Grade
530270002877,Illahee Elementary School,Evergreen School District (Clark),Camas,367,100,Yes under Community Eligibility Option (CEO),false,Kindergarten,5th Grade
530282000437,Illahee Middle School,Federal Way School District,Federal Way,655,500,Yes under Community Eligibility Option (CEO),true,5th Grade,8th Grade
530606002528,Ilwaco High School,Ocean Beach School District,Ilwaco,297,162,Yes under Community Eligibility Option (CEO),true,9th Grade,12th Grade
530270000420,Image Elementary School,Evergreen School District (Clark),Vancouver,446,274,Yes under Community Eligibility Option (CEO),false,Prekindergarten,5th Grade
530035403782,Impact Public Schools,Impact | Commencement Bay Elementary,Tacoma,232,153,Yes under Community Eligibility Option (CEO),false,Prekindergarten,5th Grade
530034503653,Impact Public Schools,Impact | Puget Sound Elementary,Tukwila,505,352,Yes under Community Eligibility Option (CEO),false,Kindergarten,5th Grade
531017203905,Impact | Black River Elementary,Impact | Black River Elementary,Renton,209,131,Yes under Community Eligibility Option (CEO),false,Kindergarten,5th Grade
530034803749,Impact | Salish Sea Elementary,Impact | Salish Sea Elementary,Seattle,385,257,Yes under Community Eligibility Option (CEO),false,Kindergarten,5th Grade
530000202871,Inchelium Elementary School,Inchelium School District,Inchelium,79,58,Yes under Community Eligibility Option (CEO),false,Kindergarten,5th Grade
530000200568,Inchelium High School,Inchelium School District,Inchelium,62,49,Yes under Community Eligibility Option (CEO),true,9th Grade,12th Grade
530000202870,Inchelium Middle School,Inchelium School District,Inchelium,47,39,Yes under Community Eligibility Option (CEO),true,6th Grade,8th Grade
530744002908,Independent Scholar,Riverside School District,Chattaroy,113,50,Yes under Provision 2,true,Kindergarten,12th Grade
530372000569,Index Elementary School District 63,Index Elementary School District 63,Index,36,18,Yes participating without using any Provision or the CEO,false,Prekindergarten,8th Grade
530825001383,Indian Trail Elementary,Spokane School District,Spokane,303,115,Yes under Community Eligibility Option (CEO),false,Prekindergarten,5th Grade
530396003382,Individualized Graduation & Degree Program,Kent School District,Kent,370,227,Yes under Community Eligibility Option (CEO),false,9th Grade,12th Grade
530870003575,Industrial Design Engineering and Arts,Tacoma School District,Tacoma,392,183,Yes under Community Eligibility Option (CEO),false,9th Grade,12th Grade
530591000884,Inglemoor HS,Northshore School District,Kenmore,1441,317,Yes participating without using any Provision or the CEO,false,9th Grade,12th Grade
530423002435,Inglewood Middle School,Lake Washington School District,Sammamish,1229,53,Yes participating without using any Provision or the CEO,false,6th Grade,8th Grade
530771001187,Ingraham High School,Seattle School District No. 1,Seattle,1391,433,Yes participating without using any Provision or the CEO,false,9th Grade,12th Grade
530354002967,Innovation Heights Academy,Highline School District,Burien,142,113,Yes under Community Eligibility Option (CEO),true,9th Grade,12th Grade
530033903495,Innovation High School,PRIDE Prep Charter School District,Spokane,232,95,Yes under Community Eligibility Option (CEO),false,9th Grade,12th Grade
530591003747,Innovation Lab High School,Northshore School District,Bothell,252,36,Yes participating without using any Provision or the CEO,false,9th Grade,12th Grade
530702003665,Insight School of Wa Open Doors Program,Quillayute Valley School District,Tacoma,8,,No,false,9th Grade,12th Grade
530702003078,Insight School of Washington,Quillayute Valley School District,Forks,2841,2050,No,true,Kindergarten,12th Grade
530771002928,Interagency Detention School,Seattle School District No. 1,Seattle,47,13,No,false,6th Grade,12th Grade
530771003505,Interagency Open Doors,Seattle School District No. 1,Seattle,132,67,Yes under Community Eligibility Option (CEO),true,9th Grade,12th Grade
530771001365,Interagency Programs,Seattle School District No. 1,Seattle,211,144,Yes under Community Eligibility Option (CEO),true,6th Grade,12th Grade
530035103831,Intergenerational High School,Intergenerational High School,Bellingham,107,25,No,false,9th Grade,12th Grade
530039000072,Interlake Senior High School,Bellevue School District,Bellevue,1611,428,Yes participating without using any Provision or the CEO,false,9th Grade,12th Grade
530423002568,International Community School,Lake Washington School District,Kirkland,421,14,Yes participating without using any Provision or the CEO,false,6th Grade,12th Grade
530039003149,International School,Bellevue School District,Bellevue,600,48,Yes participating without using any Provision or the CEO,false,6th Grade,12th Grade
530282002638,Internet Academy,Federal Way School District,Federal Way,370,215,No,false,Prekindergarten,12th Grade
530657003547,Internet Pasco Academy of Learning,Pasco School District,Pasco,50,31,No,true,Kindergarten,8th Grade
530501000766,Irene Reither Elementary School,Meridian School District,Everson,765,381,Yes participating without using any Provision or the CEO,false,Prekindergarten,5th Grade
530498000758,Island Park Elementary,Mercer Island School District,Mercer Island,364,8,Yes participating without using any Provision or the CEO,false,Kindergarten,5th Grade
530015000018,Island View Elementary,Anacortes School District,Anacortes,453,154,Yes participating without using any Provision or the CEO,false,Kindergarten,5th Grade
530498000764,Islander Middle School,Mercer Island School District,Mercer Island,960,75,Yes participating without using any Provision or the CEO,false,6th Grade,8th Grade
530462002260,Isom Elementary School,Lynden School District,Lynden,413,192,Yes participating without using any Provision or the CEO,false,Kindergarten,5th Grade
530375000574,Issaquah High School,Issaquah School District,Issaquah,2419,399,Yes participating without using any Provision or the CEO,false,9th Grade,12th Grade
530375000573,Issaquah Middle School,Issaquah School District,Issaquah,808,234,Yes participating without using any Provision or the CEO,false,6th Grade,8th Grade
530375003167,Issaquah Preschool Academy,Issaquah School District,Issaquah,42,,No,false,Prekindergarten,Prekindergarten
530375001490,Issaquah Special Services,Issaquah School District,Issaquah,67,11,No,false,Prekindergarten,12th Grade
530375000575,Issaquah Valley Elementary,Issaquah School District,Issaquah,646,169,Yes participating without using any Provision or the CEO,false,Kindergarten,5th Grade
530003000007,J M Weatherwax High School,Aberdeen School District,Aberdeen,919,556,Yes under Community Eligibility Option (CEO),true,9th Grade,12th Grade
530267000401,Jackson Elementary School,Everett School District,Everett,322,218,Yes under Community Eligibility Option (CEO),false,Prekindergarten,5th Grade
530579002577,James A. Taylor High School,North Mason School District,Belfair,61,38,Yes under Community Eligibility Option (CEO),true,9th Grade,12th Grade
530771001225,James Baldwin Elementary School,Seattle School District No. 1,Seattle,262,140,Yes under Community Eligibility Option (CEO),false,Prekindergarten,5th Grade
530657001860,James McGee Elementary,Pasco School District,Pasco,499,281,Yes under Community Eligibility Option (CEO),false,Prekindergarten,5th Grade
530294000477,James Sales Elementary,Franklin Pierce School District,Tacoma,387,291,Yes under Community Eligibility Option (CEO),false,Kindergarten,5th Grade
530117003654,James W Lintott Elementary School,Chehalis School District,Chehalis,634,363,Yes under Community Eligibility Option (CEO),false,Prekindergarten,2nd Grade
530771003467,Jane Addams Middle School,Seattle School District No. 1,Seattle,824,286,Yes participating without using any Provision or the CEO,false,6th Grade,8th Grade
530732001096,Jason Lee Elementary School,Richland School District,Richland,518,322,Yes under Community Eligibility Option (CEO),false,Prekindergarten,5th Grade
530927001570,Jason Lee Middle School,Vancouver School District,Vancouver,568,275,Yes under Community Eligibility Option (CEO),true,6th Grade,8th Grade
530267000402,Jefferson Elementary,Everett School District,Everett,503,232,Yes under Community Eligibility Option (CEO),false,Prekindergarten,5th Grade
530540000809,Jefferson Elementary,Mount Vernon School District,Mount Vernon,445,316,Yes under Community Eligibility Option (CEO),false,Kindergarten,5th Grade
530682001000,Jefferson Elementary,Port Angeles School District,Port Angeles,245,145,Yes under Community Eligibility Option (CEO),false,Prekindergarten,6th Grade
530693001018,Jefferson Elementary,Pullman School District,Pullman,335,190,Yes under Community Eligibility Option (CEO),false,Prekindergarten,5th Grade
530732001097,Jefferson Elementary,Richland School District,Richland,418,256,Yes under Community Eligibility Option (CEO),false,Prekindergarten,5th Grade
530825001384,Jefferson Elementary,Spokane School District,Spokane,359,118,Yes under Community Eligibility Option (CEO),false,Prekindergarten,6th Grade
530870001474,Jefferson Elementary School,Tacoma School District,Tacoma,358,136,Yes under Community Eligibility Option (CEO),false,Prekindergarten,5th Grade
530114000209,Jefferson Lincoln Elementary,Centralia School District,Centralia,357,293,Yes under Community Eligibility Option (CEO),false,Kindergarten,6th Grade
530618000925,Jefferson Middle School,Olympia School District,Olympia,462,198,Yes under Community Eligibility Option (CEO),true,6th Grade,8th Grade
530954001892,Jemtegaard Middle School,Washougal School District,Washougal,408,194,Yes participating without using any Provision or the CEO,true,6th Grade,8th Grade
530396002113,Jenkins Creek Elementary School,Kent School District,Covington,340,200,Yes under Community Eligibility Option (CEO),false,Prekindergarten,5th Grade
530126000230,Jenkins Junior/Senior High,Chewelah School District,Chewelah,322,164,Yes under Community Eligibility Option (CEO),true,7th Grade,12th Grade
530927002408,Jim Tangeman Center,Vancouver School District,Vancouver,72,49,Yes under Community Eligibility Option (CEO),true,Kindergarten,12th Grade
530039003455,Jing Mei Elementary School,Bellevue School District,Bellevue,577,58,Yes participating without using any Provision or the CEO,false,Prekindergarten,5th Grade
530000103598,Jj Smith Elementary,Enumclaw School District,Enumclaw,176,105,Yes under Community Eligibility Option (CEO),false,Prekindergarten,Kindergarten
530777003513,John Campbell Primary School,Selah School District,Selah,492,279,Yes under Community Eligibility Option (CEO),false,1st Grade,2nd Grade
530108000184,John D. Bud Hawk Elementary at Jackson Park,Central Kitsap School District,Bremerton,464,176,Yes participating without using any Provision or the CEO,false,Prekindergarten,5th Grade
530771001192,John Hay Elementary School,Seattle School District No. 1,Seattle,257,77,Yes participating without using any Provision or the CEO,false,Kindergarten,5th Grade
530423000657,John J. Audubon Elementary,Lake Washington School District,Redmond,431,34,Yes participating without using any Provision or the CEO,false,Kindergarten,5th Grade
530423000668,John Muir Elementary,Lake Washington School District,Kirkland,321,98,Yes participating without using any Provision or the CEO,false,Prekindergarten,5th Grade
530771001221,John Muir Elementary School,Seattle School District No. 1,Seattle,308,174,Yes under Community Eligibility Option (CEO),false,Kindergarten,5th Grade
530966000991,John Newbery Elementary,Wenatchee School District,Wenatchee,437,254,Yes under Community Eligibility Option (CEO),false,Kindergarten,5th Grade
530771001193,John Rogers Elementary School,Seattle School District No. 1,Seattle,248,137,Yes participating without using any Provision or the CEO,false,Kindergarten,5th Grade
530147000276,John Sager Middle School,College Place School District,College Place,334,164,Yes under Community Eligibility Option (CEO),true,6th Grade,8th Grade
530816001877,John Sedgwick Middle School,South Kitsap School District,Port Orchard,731,291,Yes participating without using any Provision or the CEO,false,6th Grade,8th Grade
530771001197,John Stanford International School,Seattle School District No. 1,Seattle,422,36,Yes participating without using any Provision or the CEO,false,Kindergarten,5th Grade
530423000669,Juanita Elementary,Lake Washington School District,Kirkland,394,89,Yes participating without using any Provision or the CEO,false,Prekindergarten,5th Grade
530423000670,Juanita High School,Lake Washington School District,Kirkland,1778,469,Yes participating without using any Provision or the CEO,false,9th Grade,12th Grade
530618001736,Julia Butler Hansen Elementary,Olympia School District,Olympia,412,221,Yes under Community Eligibility Option (CEO),false,Prekindergarten,5th Grade
530933001593,Julius a Wendt Elementary/John C Thomas Middle School,Wahkiakum School District,Cathlamet,272,157,Yes under Community Eligibility Option (CEO),true,Kindergarten,8th Grade
531011002932,Juvenile Detention Center,Yakima School District,Yakima,23,18,Yes participating without using any Provision or the CEO,true,5th Grade,12th Grade
531011002609,K-8 Learning Lab,Yakima School District,Yakima,122,107,No,true,1st Grade,8th Grade
530378000583,Kahlotus Elem & High,Kahlotus School District,Kahlotus,59,38,Yes under Community Eligibility Option (CEO),true,Prekindergarten,12th Grade
530381000584,Kalama Elem School,Kalama School District,Kalama,525,198,Yes participating without using any Provision or the CEO,false,Kindergarten,5th Grade
530381003659,Kalama High School,Kalama School District,Kalama,347,131,Yes participating without using any Provision or the CEO,true,9th Grade,12th Grade
530381000585,Kalama Middle School,Kalama School District,Kalama,266,107,Yes participating without using any Provision or the CEO,false,6th Grade,8th Grade
530696001032,Kalles Junior High,Puyallup School District,Puyallup,762,306,Yes participating without using any Provision or the CEO,true,7th Grade,9th Grade
530693003694,Kamiak Elementary,Pullman School District,Pullman,315,171,Yes under Community Eligibility Option (CEO),false,Prekindergarten,5th Grade
530543001188,Kamiak High School,Mukilteo School District,Mukilteo,2384,880,Yes under Community Eligibility Option (CEO),false,9th Grade,12th Grade
530393000604,Kamiakin High School,Kennewick School District,Kennewick,1956,753,Yes under Community Eligibility Option (CEO),false,9th Grade,12th Grade
530423000671,Kamiakin Middle School,Lake Washington School District,Kirkland,573,163,Yes participating without using any Provision or the CEO,false,6th Grade,8th Grade
530048000124,Kapowsin Elementary,Bethel School District,Graham,321,153,Yes participating without using any Provision or the CEO,false,Kindergarten,5th Grade
530696001033,Karshner Elementary,Puyallup School District,Puyallup,405,218,Yes participating without using any Provision or the CEO,false,Prekindergarten,6th Grade
530048003778,Katherine G. Johnson Elementary School,Bethel School District,Tacoma,592,325,Yes under Community Eligibility Option (CEO),false,Kindergarten,5th Grade
530690001014,Keene-Riverview Elementary,Prosser School District,Prosser,407,306,Yes under Community Eligibility Option (CEO),false,Prekindergarten,2nd Grade
530393002109,Keewaydin Discovery Center,Kennewick School District,Kennewick,143,7,No,false,Prekindergarten,Prekindergarten
530387000586,Keller Elementary School,Keller School District,Keller,40,30,Yes under Community Eligibility Option (CEO),false,Kindergarten,6th Grade
530486002261,Kellogg Marsh Elementary School,Marysville School District,Marysville,468,253,Yes under Community Eligibility Option (CEO),false,Prekindergarten,5th Grade
530792001308,Kellogg Middle School,Shoreline School District,Shoreline,991,342,Yes participating without using any Provision or the CEO,false,6th Grade,8th Grade
530000303667,Kelso Goal Oriented Learning Design,Kelso School District,Kelso,12,8,No,true,9th Grade,12th Grade
530000300593,Kelso High School,Kelso School District,Kelso,1390,753,Yes under Community Eligibility Option (CEO),false,9th Grade,12th Grade
530000303314,Kelso Virtual Academy,Kelso School District,Kelso,216,133,No,true,Kindergarten,12th Grade
530531002776,Kendall Elementary,Mount Baker School District,Maple Falls,317,232,Yes under Community Eligibility Option (CEO),false,Kindergarten,6th Grade
530591000885,Kenmore Elementary,Northshore School District,Kenmore,396,163,Yes participating without using any Provision or the CEO,false,Prekindergarten,5th Grade
530591000886,Kenmore Middle School,Northshore School District,Kenmore,733,194,Yes participating without using any Provision or the CEO,false,6th Grade,8th Grade
530393000605,Kennewick High School,Kennewick School District,Kennewick,1921,1209,Yes under Community Eligibility Option (CEO),true,9th Grade,12th Grade
530723001075,Kennydale Elementary School,Renton School District,Renton,511,201,Yes under Community Eligibility Option (CEO),false,Kindergarten,5th Grade
530231000320,Kenroy Elementary,Eastmont School District,East Wenatchee,530,330,Yes under Community Eligibility Option (CEO),false,Kindergarten,6th Grade
530396000619,Kent Elementary School,Kent School District,Kent,438,357,Yes under Community Eligibility Option (CEO),false,Kindergarten,5th Grade
530396003797,Kent Laboratory Academy,Kent School District,Kent,291,119,Yes under Community Eligibility Option (CEO),false,3rd Grade,12th Grade
530024001190,Kent Prairie Elementary,Arlington School District,Arlington,621,267,Yes participating without using any Provision or the CEO,false,Kindergarten,5th Grade
530396003898,Kent Virtual Academy,Kent School District,Kent,130,71,No,false,6th Grade,12th Grade
530396000621,Kent-Meridian High School,Kent School District,Kent,1639,1130,Yes under Community Eligibility Option (CEO),true,9th Grade,12th Grade
530396002570,Kentlake High School,Kent School District,Kent,1561,747,Yes under Community Eligibility Option (CEO),false,9th Grade,12th Grade
530396000622,Kentridge High School,Kent School District,Kent,2186,929,Yes under Community Eligibility Option (CEO),false,9th Grade,12th Grade
530396001840,Kentwood High School,Kent School District,Covington,1995,1002,Yes under Community Eligibility Option (CEO),false,9th Grade,12th Grade
530447000702,Kessler Elementary School,Longview School District,Longview,349,289,Yes under Community Eligibility Option (CEO),false,Kindergarten,5th Grade
530399003631,Kettle Falls Early Learning Center,Kettle Falls School District,Kettle Falls,20,14,No,false,Prekindergarten,Prekindergarten
530399000637,Kettle Falls Elementary School,Kettle Falls School District,Kettle Falls,242,157,Yes under Community Eligibility Option (CEO),false,Prekindergarten,4th Grade
530399001967,Kettle Falls High School,Kettle Falls School District,Kettle Falls,230,137,Yes under Community Eligibility Option (CEO),true,9th Grade,12th Grade
530399001904,Kettle Falls Middle School,Kettle Falls School District,Kettle Falls,205,127,Yes under Community Eligibility Option (CEO),true,5th Grade,8th Grade
530669001863,Key Peninsula Middle School,Peninsula School District,Lakebay,444,186,Yes participating without using any Provision or the CEO,true,6th Grade,8th Grade
530282000438,Kilo Middle School,Federal Way School District,Auburn,669,493,Yes under Community Eligibility Option (CEO),true,6th Grade,8th Grade
530771001169,Kimball Elementary School,Seattle School District No. 1,Seattle,384,171,Yes under Community Eligibility Option (CEO),false,Kindergarten,5th Grade
530576003201,Kingston High School,North Kitsap School District,Kingston,602,267,Yes participating without using any Provision or the CEO,false,9th Grade,12th Grade
530576002324,Kingston Middle School,North Kitsap School District,Kingston,455,222,Yes participating without using any Provision or the CEO,true,6th Grade,8th Grade
530402003888,Kiona-Benton City Elementary,Kiona-Benton City School District,Benton City,620,113,No,false,Prekindergarten,5th Grade
530402000639,Kiona-Benton City High School,Kiona-Benton City School District,Benton City,435,58,Yes under Community Eligibility Option (CEO),true,9th Grade,12th Grade
530402000640,Kiona-Benton City Middle School,Kiona-Benton City School District,Benton City,340,46,Yes under Community Eligibility Option (CEO),true,6th Grade,8th Grade
530423000672,Kirkland Middle School,Lake Washington School District,Kirkland,746,92,Yes participating without using any Provision or the CEO,false,6th Grade,8th Grade
530897001812,Kirkwood Elementary School,Toppenish School District,Toppenish,387,349,Yes under Community Eligibility Option (CEO),false,Kindergarten,5th Grade
530000702927,Kitsap Co Detention Ctr,Olympic Educational Service District 114,Port Orchard,2,,No,true,8th Grade,12th Grade
530066000708,Kitsap Lake Elementary,Bremerton School District,Bremerton,336,157,Yes under Community Eligibility Option (CEO),false,Kindergarten,5th Grade
530405003188,Kittitas B-5 Special Ed Program,Kittitas School District,Kittitas,2,,No,false,Prekindergarten,Prekindergarten
530405000642,Kittitas Elementary School,Kittitas School District,Kittitas,246,132,Yes under Provision 2,false,Kindergarten,5th Grade
530405000643,Kittitas High School,Kittitas School District,Kittitas,318,176,Yes under Provision 2,true,6th Grade,12th Grade
530108002524,Klahowya Secondary,Central Kitsap School District,Silverdale,1016,325,Yes participating without using any Provision or the CEO,false,6th Grade,12th Grade
530408000644,Klickitat Elem & High,Klickitat School District,Klickitat,71,37,Yes under Community Eligibility Option (CEO),true,Kindergarten,12th Grade
530522000788,Knolls Vista Elementary,Moses Lake School District,Moses Lake,282,209,Yes under Community Eligibility Option (CEO),false,Kindergarten,5th Grade
530095003726,Kodiak Virtual Academy,Cascade School District,Leavenworth,1,,No,false,6th Grade,12th Grade
530591001612,Kokanee Elementary,Northshore School District,Woodinville,651,44,Yes participating without using any Provision or the CEO,false,Kindergarten,5th Grade
530585000606,Komachin Middle School,North Thurston Public Schools,Lacey,640,312,Yes under Community Eligibility Option (CEO),true,6th Grade,8th Grade
530669001862,Kopachuck Middle School,Peninsula School District,Gig Harbor,516,88,Yes participating without using any Provision or the CEO,false,6th Grade,8th Grade
530042001739,Kulshan Middle School,Bellingham School District,Bellingham,575,165,Yes participating without using any Provision or the CEO,true,6th Grade,8th Grade
530417003451,La Center Academy,La Center School District,La Center,38,13,No,false,Kindergarten,12th Grade
530417000650,La Center Elementary,La Center School District,La Center,789,259,Yes participating without using any Provision or the CEO,false,Prekindergarten,5th Grade
530417001049,La Center High School,La Center School District,La Center,555,153,Yes participating without using any Provision or the CEO,false,9th Grade,12th Grade
530417000649,La Center Middle School,La Center School District,La Center,441,148,Yes participating without using any Provision or the CEO,false,6th Grade,8th Grade
530411000645,La Conner Elementary,La Conner School District,La Conner,185,110,Yes under Community Eligibility Option (CEO),false,Kindergarten,5th Grade
530411000646,La Conner High School,La Conner School District,La Conner,177,123,Yes under Community Eligibility Option (CEO),false,9th Grade,12th Grade
530411001905,La Conner Middle,La Conner School District,La Conner,123,69,Yes under Community Eligibility Option (CEO),true,6th Grade,8th Grade
530540000810,La Venture Middle School,Mount Vernon School District,Mount Vernon,663,463,Yes under Community Eligibility Option (CEO),true,6th Grade,8th Grade
530081000163,Lacamas Lake Elementary,Camas School District,Camas,348,69,Yes participating without using any Provision or the CEO,false,Kindergarten,5th Grade
530585000864,Lacey Elementary,North Thurston Public Schools,Lacey,368,251,Yes under Community Eligibility Option (CEO),false,Kindergarten,5th Grade
531014003016,Lackamas Elementary,Yelm School District,Yelm,290,152,Yes participating without using any Provision or the CEO,false,Prekindergarten,5th Grade
530415000647,Lacrosse Elementary School,LaCrosse School District,LaCrosse,33,15,No,true,Kindergarten,8th Grade
530415000648,Lacrosse High School,LaCrosse School District,LaCrosse,28,11,No,false,9th Grade,12th Grade
530771001195,Lafayette Elementary School,Seattle School District No. 1,Seattle,532,85,Yes participating without using any Provision or the CEO,false,Prekindergarten,5th Grade
530120002016,Lake Chelan Preschool,Lake Chelan School District,Chelan,49,39,Yes under Community Eligibility Option (CEO),false,Prekindergarten,Prekindergarten
530282000439,Lake Dolloff Elementary School,Federal Way School District,Auburn,543,441,Yes under Community Eligibility Option (CEO),false,Prekindergarten,5th Grade
530792001309,Lake Forest Park Elementary,Shoreline School District,Lake Forest Park,378,101,Yes participating without using any Provision or the CEO,false,Kindergarten,5th Grade
530282000440,Lake Grove Elementary School,Federal Way School District,Federal Way,390,304,Yes under Community Eligibility Option (CEO),false,Prekindergarten,5th Grade
530039000075,Lake Hills Elementary,Bellevue School District,Bellevue,498,330,Yes under Community Eligibility Option (CEO),false,Prekindergarten,5th Grade
530141000260,Lake Louise Elementary School,Clover Park School District,Lakewood,450,313,Yes under Community Eligibility Option (CEO),false,Prekindergarten,5th Grade
530705001050,Lake Quinault School,Lake Quinault School District,Amanda Park,207,197,Yes under Community Eligibility Option (CEO),true,Kindergarten,12th Grade
530313003448,Lake Roosevelt Alternative School,Grand Coulee Dam School District,Grand Coulee,33,30,No,true,9th Grade,12th Grade
530313000494,Lake Roosevelt Elementary,Grand Coulee Dam School District,Coulee Dam,354,266,Yes under Community Eligibility Option (CEO),false,Prekindergarten,6th Grade
530313000496,Lake Roosevelt Jr/Sr High School,Grand Coulee Dam School District,Coulee Dam,308,211,Yes under Community Eligibility Option (CEO),true,7th Grade,12th Grade
530927001572,Lake Shore Elementary,Vancouver School District,Vancouver,300,94,Yes under Community Eligibility Option (CEO),false,Kindergarten,5th Grade
530564000836,Lake Spokane Elementary,Nine Mile Falls School District,Nine Mile Falls,461,159,Yes participating without using any Provision or the CEO,false,Prekindergarten,5th Grade
530420000652,Lake Stevens Middle School,Lake Stevens School District,Lake Stevens,709,232,Yes participating without using any Provision or the CEO,false,6th Grade,7th Grade
530420000653,Lake Stevens Sr High School,Lake Stevens School District,Lake Stevens,2205,698,Yes participating without using any Provision or the CEO,false,10th Grade,12th Grade
530543003577,Lake Stickney Elementary School,Mukilteo School District,Lynnwood,628,374,Yes under Community Eligibility Option (CEO),false,Kindergarten,5th Grade
530213000310,Lake Tapps Elementary,Dieringer School District,Lake Tapps,460,102,Yes participating without using any Provision or the CEO,false,1st Grade,3rd Grade
530030001744,Lake View Elementary School,Auburn School District,Auburn,413,206,Yes under Community Eligibility Option (CEO),false,Prekindergarten,5th Grade
530423000674,Lake Washington High School,Lake Washington School District,Kirkland,2081,281,Yes participating without using any Provision or the CEO,false,9th Grade,12th Grade
530031303265,Lake Washington Technical Academy,Lake Washington Institute of Technology,Kirkland,138,,No,false,11th Grade,12th Grade
530876001516,Lake Wilderness Elementary,Tahoma School District,Maple Valley,923,195,Yes participating without using any Provision or the CEO,false,Prekindergarten,5th Grade
530396000623,Lake Youngs Elementary School,Kent School District,Kent,416,141,Yes under Community Eligibility Option (CEO),false,Prekindergarten,5th Grade
530282000441,Lakeland Elementary School,Federal Way School District,Auburn,418,255,Yes under Community Eligibility Option (CEO),false,Prekindergarten,5th Grade
530030003063,Lakeland Hills Elementary,Auburn School District,Auburn,512,183,Yes under Community Eligibility Option (CEO),false,Prekindergarten,5th Grade
530498000759,Lakeridge Elementary School,Mercer Island School District,Mercer Island,401,14,Yes participating without using any Provision or the CEO,false,Kindergarten,5th Grade
530723001076,Lakeridge Elementary School,Renton School District,Seattle,287,180,Yes under Community Eligibility Option (CEO),false,Kindergarten,5th Grade
530861001808,Lakeridge Middle School,Sumner-Bonney Lake School District,Bonney Lake,763,288,Yes participating without using any Provision or the CEO,false,6th Grade,8th Grade
530585000865,Lakes Elementary School,North Thurston Public Schools,Lacey,495,205,Yes participating without using any Provision or the CEO,false,Kindergarten,5th Grade
530141000261,Lakes High School,Clover Park School District,Lakewood,1158,652,Yes under Community Eligibility Option (CEO),true,9th Grade,12th Grade
530564002321,Lakeside High School,Nine Mile Falls School District,Nine Mile Falls,494,149,Yes participating without using any Provision or the CEO,false,9th Grade,12th Grade
530564002680,Lakeside Middle School,Nine Mile Falls School District,Nine Mile Falls,293,103,Yes participating without using any Provision or the CEO,false,6th Grade,8th Grade
530423000675,Lakeview Elementary,Lake Washington School District,Kirkland,602,73,Yes participating without using any Provision or the CEO,false,Kindergarten,5th Grade
530141000262,Lakeview Hope Academy,Clover Park School District,Lakewood,540,454,Yes under Community Eligibility Option (CEO),false,Prekindergarten,5th Grade
530522000789,Lakeview Terrace Elementary,Moses Lake School District,Moses Lake,303,217,Yes under Community Eligibility Option (CEO),false,Kindergarten,5th Grade
530426000685,Lakewood Elementary School,Lakewood School District,Marysville,458,248,Yes under Community Eligibility Option (CEO),false,Prekindergarten,5th Grade
530426002117,Lakewood High School,Lakewood School District,Arlington,834,376,Yes participating without using any Provision or the CEO,false,9th Grade,12th Grade
530426000686,Lakewood Middle School,Lakewood School District,Marysville,668,335,Yes participating without using any Provision or the CEO,false,6th Grade,8th Grade
530282000442,Lakota Middle School,Federal Way School District,Federal Way,645,459,Yes under Community Eligibility Option (CEO),true,6th Grade,8th Grade
530429000687,Lamont Middle School,Lamont School District,Lamont,29,15,Yes under Community Eligibility Option (CEO),true,5th Grade,8th Grade
530870001475,Larchmont Elementary School,Tacoma School District,Tacoma,303,217,Yes under Community Eligibility Option (CEO),false,Prekindergarten,5th Grade
530522000790,Larson Heights Elementary,Moses Lake School District,Moses Lake,292,234,Yes under Community Eligibility Option (CEO),false,Kindergarten,5th Grade
530423002257,Laura Ingalls Wilder Elementary,Lake Washington School District,Woodinville,315,13,Yes participating without using any Provision or the CEO,false,Prekindergarten,5th Grade
530771001198,Laurelhurst Elementary School,Seattle School District No. 1,Seattle,272,81,Yes participating without using any Provision or the CEO,false,Kindergarten,5th Grade
530038000052,Laurin Middle School,Battle Ground School District,Vancouver,745,407,Yes participating without using any Provision or the CEO,false,5th Grade,8th Grade
530771001199,Lawton Elementary School,Seattle School District No. 1,Seattle,309,42,Yes participating without using any Provision or the CEO,false,Kindergarten,5th Grade
530030000036,Lea Hill Elementary School,Auburn School District,Auburn,593,393,Yes under Community Eligibility Option (CEO),false,Prekindergarten,5th Grade
530513002759,Leaders in Learning,Monroe School District,Monroe,39,21,Yes under Community Eligibility Option (CEO),true,9th Grade,12th Grade
530231000321,Lee Elementary,Eastmont School District,East Wenatchee,522,331,Yes under Community Eligibility Option (CEO),false,Kindergarten,6th Grade
530393003258,Legacy High School,Kennewick School District,Kennewick,193,122,Yes under Community Eligibility Option (CEO),true,6th Grade,12th Grade
530486003102,Legacy High School,Marysville School District,Marysville,143,81,Yes under Community Eligibility Option (CEO),true,9th Grade,12th Grade
530270000412,Legacy High School,Evergreen School District (Clark),Vancouver,341,176,Yes under Community Eligibility Option (CEO),true,6th Grade,12th Grade
530618000927,Leland P Brown Elementary,Olympia School District,Olympia,328,199,Yes under Community Eligibility Option (CEO),false,Kindergarten,5th Grade
530732003606,Leona Libby Middle School,Richland School District,West Richland,805,166,Yes participating without using any Provision or the CEO,false,6th Grade,8th Grade
530144000274,Leonard M Jennings Elementary,Colfax School District,Colfax,270,100,Yes participating without using any Provision or the CEO,false,Kindergarten,6th Grade
530591000887,Leota Middle School,Northshore School District,Woodinville,858,149,Yes participating without using any Provision or the CEO,false,6th Grade,8th Grade
530771001201,Leschi Elementary School,Seattle School District No. 1,Seattle,240,107,Yes under Community Eligibility Option (CEO),false,Kindergarten,5th Grade
530732001098,Lewis & Clark Elementary School,Richland School District,Richland,471,252,Yes under Community Eligibility Option (CEO),false,Prekindergarten,5th Grade
530825001388,Lewis & Clark High School,Spokane School District,Spokane,1673,582,Yes under Community Eligibility Option (CEO),false,9th Grade,12th Grade
531011001698,Lewis & Clark Middle School,Yakima School District,Yakima,815,735,Yes under Community Eligibility Option (CEO),true,6th Grade,8th Grade
530966001631,Lewis and Clark Elementary Sch,Wenatchee School District,Wenatchee,424,361,Yes under Community Eligibility Option (CEO),false,Kindergarten,5th Grade
530927001579,Lewis and Clark High School,Vancouver School District,Vancouver,96,46,Yes under Community Eligibility Option (CEO),true,9th Grade,12th Grade
530117003486,Lewis County Alternative School,Chehalis School District,Chehalis,38,26,Yes under Community Eligibility Option (CEO),true,6th Grade,12th Grade
530117003464,Lewis County Jail,Chehalis School District,Chehalis,2,,No,false,9th Grade,12th Grade
530117002883,Lewis County Juvenile Detention,Chehalis School District,Chehalis,16,5,No,true,5th Grade,12th Grade
531005003371,Lewis River Academy,Woodland School District,Woodland,43,13,No,false,Kindergarten,12th Grade
530000303796,Lexington Elementary,Kelso School District,Kelso,854,544,Yes under Community Eligibility Option (CEO),false,Kindergarten,5th Grade
530825002484,Libby Center,Spokane School District,Spokane,305,80,Yes under Community Eligibility Option (CEO),false,Kindergarten,8th Grade
530502000770,Liberty Bell Jr Sr High,Methow Valley School District,Winthrop,356,141,Yes participating without using any Provision or the CEO,true,6th Grade,12th Grade
530111003596,Liberty Creek Elementary School,Central Valley School District,Liberty Lake,453,137,Yes participating without using any Provision or the CEO,false,Kindergarten,2nd Grade
530486000734,Liberty Elementary,Marysville School District,Marysville,398,274,Yes under Community Eligibility Option (CEO),false,Prekindergarten,5th Grade
530438000693,Liberty High School,Liberty School District,Spangle,168,72,Yes participating without using any Provision or the CEO,false,9th Grade,12th Grade
530438001908,Liberty Jr High & Elementary,Liberty School District,Spangle,437,161,Yes participating without using any Provision or the CEO,false,Prekindergarten,8th Grade
530111002681,Liberty Lake Elementary,Central Valley School District,Liberty Lake,524,149,Yes participating without using any Provision or the CEO,false,3rd Grade,5th Grade
530081003066,Liberty Middle School,Camas School District,Camas,708,185,Yes participating without using any Provision or the CEO,false,6th Grade,8th Grade
530048003343,Liberty Middle School,Bethel School District,Spanaway,857,463,Yes under Community Eligibility Option (CEO),true,6th Grade,8th Grade
530861000552,Liberty Ridge Elementary,Sumner-Bonney Lake School District,Sumner,515,237,Yes participating without using any Provision or the CEO,false,Prekindergarten,5th Grade
530375000576,Liberty Sr High School,Issaquah School District,Renton,1495,273,Yes participating without using any Provision or the CEO,false,9th Grade,12th Grade
530771001132,Licton Springs K-8,Seattle School District No. 1,Seattle,90,31,Yes under Community Eligibility Option (CEO),true,Prekindergarten,8th Grade
530825001390,Lidgerwood Elementary,Spokane School District,Spokane,278,246,Yes under Community Eligibility Option (CEO),false,Prekindergarten,5th Grade
530834003223,Lincoln Academy,Stanwood-Camano School District,Stanwood,20,10,No,true,6th Grade,8th Grade
530201003897,Lincoln County Pathways Academy,Davenport School District,Davenport,18,13,Yes participating without using any Provision or the CEO,false,9th Grade,12th Grade
530201003752,Lincoln County Virtual Academy,Davenport School District,Davenport,5,,No,false,Kindergarten,12th Grade
530246000366,Lincoln Elementary,Ellensburg School District,Ellensburg,334,162,Yes under Community Eligibility Option (CEO),false,Kindergarten,5th Grade
530366000566,Lincoln Elementary,Hoquiam School District,Hoquiam,233,176,Yes under Community Eligibility Option (CEO),false,2nd Grade,5th Grade
530393001903,Lincoln Elementary School,Kennewick School District,Kennewick,427,224,Yes under Community Eligibility Option (CEO),false,Kindergarten,5th Grade
530618001735,Lincoln Elementary School,Olympia School District,Olympia,300,100,Yes participating without using any Provision or the CEO,false,Kindergarten,5th Grade
530897001532,Lincoln Elementary School,Toppenish School District,Toppenish,244,217,Yes under Community Eligibility Option (CEO),false,Kindergarten,5th Grade
530927001575,Lincoln Elementary School,Vancouver School District,Vancouver,280,169,Yes under Community Eligibility Option (CEO),false,Kindergarten,5th Grade
530825001391,Lincoln Heights Elementary,Spokane School District,Spokane,435,264,Yes under Community Eligibility Option (CEO),false,Prekindergarten,6th Grade
530682000995,Lincoln High School,Port Angeles School District,Port Angeles,59,46,Yes under Community Eligibility Option (CEO),true,9th Grade,12th Grade
530771003719,Lincoln High School,Seattle School District No. 1,Seattle,1770,205,Yes participating without using any Provision or the CEO,false,9th Grade,12th Grade
530870001476,Lincoln High School,Tacoma School District,Tacoma,1556,1131,Yes under Community Eligibility Option (CEO),true,9th Grade,12th Grade
530945001607,Lincoln High School,Walla Walla Public Schools,Walla Walla,186,165,Yes under Community Eligibility Option (CEO),true,6th Grade,12th Grade
530834002594,Lincoln Hill High School,Stanwood-Camano School District,Stanwood,130,67,No,true,9th Grade,12th Grade
530132000237,Lincoln Middle School,Clarkston School District,Clarkston,346,197,Yes under Community Eligibility Option (CEO),true,7th Grade,8th Grade
530693001019,Lincoln Middle School,Pullman School District,Pullman,643,242,Yes participating without using any Provision or the CEO,false,6th Grade,8th Grade
530441000695,Lind Elementary School,Lind School District,Lind,82,52,Yes under Community Eligibility Option (CEO),false,Prekindergarten,5th Grade
530738003418,Lind Ritzville Middle School,Ritzville School District,Lind,89,38,Yes under Community Eligibility Option (CEO),true,6th Grade,8th Grade
530441000696,Lind-Ritzville High School,Lind School District,Ritzville,47,38,Yes under Community Eligibility Option (CEO),true,9th Grade,12th Grade
530441003416,Lind-Ritzville Middle School,Lind School District,Lind,41,29,Yes under Community Eligibility Option (CEO),true,6th Grade,8th Grade
530723001077,Lindbergh Senior High School,Renton School District,Renton,1201,600,Yes under Community Eligibility Option (CEO),true,9th Grade,12th Grade
530825001392,Linwood Elementary,Spokane School District,Spokane,503,364,Yes under Community Eligibility Option (CEO),false,Prekindergarten,5th Grade
530870001477,Lister Elementary School,Tacoma School District,Tacoma,376,296,Yes under Community Eligibility Option (CEO),false,Prekindergarten,5th Grade
530802003184,Little Cedars Elementary School,Snohomish School District,Snohomish,646,86,Yes participating without using any Provision or the CEO,false,Kindergarten,6th Grade
530540002584,Little Mountain Elementary,Mount Vernon School District,Mount Vernon,381,279,Yes under Community Eligibility Option (CEO),false,Kindergarten,5th Grade
530910001541,Littlerock Elementary School,Tumwater School District,Olympia,343,116,Yes participating without using any Provision or the CEO,false,Prekindergarten,5th Grade
530141000263,Lochburn Middle School,Clover Park School District,Lakewood,497,411,Yes under Community Eligibility Option (CEO),true,6th Grade,8th Grade
530591000888,Lockwood Elementary,Northshore School District,Bothell,525,87,Yes participating without using any Provision or the CEO,false,Prekindergarten,5th Grade
530825001393,Logan Elementary,Spokane School District,Spokane,336,294,Yes under Community Eligibility Option (CEO),false,Prekindergarten,5th Grade
530606000912,Long Beach Elementary School,Ocean Beach School District,Long Beach,189,114,Yes under Community Eligibility Option (CEO),false,Kindergarten,2nd Grade
530657000965,Longfellow Elementary,Pasco School District,Pasco,312,284,Yes under Community Eligibility Option (CEO),false,Prekindergarten,5th Grade
530825001395,Longfellow Elementary,Spokane School District,Spokane,417,330,Yes under Community Eligibility Option (CEO),false,Prekindergarten,5th Grade
530522000791,Longview Elementary,Moses Lake School District,Moses Lake,368,252,Yes under Community Eligibility Option (CEO),false,Kindergarten,5th Grade
530447003733,Longview Virtual Academy,Longview School District,Longview,88,64,No,false,6th Grade,12th Grade
530450000712,Loon Lake Elementary School,Loon Lake School District,Loon Lake,113,95,Yes under Community Eligibility Option (CEO),false,Prekindergarten,6th Grade
530450003098,Loon Lake Homelink Program,Loon Lake School District,Loon Lake,138,59,Yes participating without using any Provision or the CEO,false,Kindergarten,8th Grade
530000303109,Loowit High School,Kelso School District,Kelso,14,11,No,true,6th Grade,12th Grade
530453001787,Lopez Elementary School,Lopez School District,Lopez Island,91,52,Yes participating without using any Provision or the CEO,false,Kindergarten,6th Grade
530453000713,Lopez Middle High School,Lopez School District,Lopez Island,111,65,Yes participating without using any Provision or the CEO,true,7th Grade,12th Grade
530771003426,Louisa Boren STEM K-8,Seattle School District No. 1,Seattle,437,160,Yes participating without using any Provision or the CEO,false,Prekindergarten,8th Grade
530423002062,Louisa May Alcott Elementary,Lake Washington School District,Redmond,615,33,Yes participating without using any Provision or the CEO,false,Kindergarten,5th Grade
530267000403,Lowell Elementary,Everett School District,Everett,531,368,Yes under Community Eligibility Option (CEO),false,Prekindergarten,5th Grade
530042000108,Lowell Elementary School,Bellingham School District,Bellingham,338,116,Yes participating without using any Provision or the CEO,false,Prekindergarten,5th Grade
530771001205,Lowell Elementary School,Seattle School District No. 1,Seattle,392,282,Yes under Community Eligibility Option (CEO),false,Prekindergarten,5th Grade
530870001478,Lowell Elementary School,Tacoma School District,Tacoma,331,100,Yes under Community Eligibility Option (CEO),false,Kindergarten,5th Grade
530771001206,Loyal Heights Elementary School,Seattle School District No. 1,Seattle,527,60,Yes participating without using any Provision or the CEO,false,Kindergarten,5th Grade
530420003911,Lssd Open Doors,Lake Stevens School District,Lake Stevens,15,3,No,false,9th Grade,12th Grade
530078000157,Lucille Umbarger Elementary,Burlington-Edison School District,Burlington,619,412,Yes under Community Eligibility Option (CEO),true,Kindergarten,8th Grade
530035003770,Lumen High School,Lumen Public School,Spokane,32,25,Yes under Community Eligibility Option (CEO),false,9th Grade,12th Grade
530648000955,Lutacaga Elementary,Othello School District,Othello,541,455,Yes under Community Eligibility Option (CEO),false,Kindergarten,6th Grade
530585000866,Lydia Hawk Elementary,North Thurston Public Schools,Lacey,496,332,Yes under Community Eligibility Option (CEO),false,Kindergarten,5th Grade
530459000718,Lyle High School,Lyle School District,Lyle,48,26,Yes under Community Eligibility Option (CEO),true,9th Grade,12th Grade
530459002931,Lyle Middle School,Lyle School District,Lyle,57,33,Yes participating without using any Provision or the CEO,true,6th Grade,8th Grade
530774001276,Lyman Elementary School,Sedro-Woolley School District,Lyman,185,102,Yes under Community Eligibility Option (CEO),false,Kindergarten,6th Grade
530462003022,Lynden Academy,Lynden School District,Lynden,419,20,No,false,Kindergarten,12th Grade
530462002259,Lynden High School,Lynden School District,Lynden,1002,436,Yes participating without using any Provision or the CEO,false,9th Grade,12th Grade
530462000721,Lynden Middle School,Lynden School District,Lynden,705,335,Yes participating without using any Provision or the CEO,true,6th Grade,8th Grade
530462002903,Lynden Student Services,Lynden School District,Lynden,93,,No,false,Prekindergarten,Prekindergarten
530240000343,Lynndale Elementary,Edmonds School District,Edmonds,442,238,Yes under Community Eligibility Option (CEO),false,Prekindergarten,6th Grade
530240000344,Lynnwood Elementary,Edmonds School District,Lynnwood,578,292,Yes participating without using any Provision or the CEO,false,Kindergarten,6th Grade
530240000346,Lynnwood High School,Edmonds School District,Bothell,1335,696,Yes under Community Eligibility Option (CEO),true,9th Grade,12th Grade
530870001479,Lyon Elementary School,Tacoma School District,Tacoma,381,258,Yes under Community Eligibility Option (CEO),false,Prekindergarten,5th Grade
530465003406,Mabton Jr. Sr. High,Mabton School District,Mabton,359,333,Yes under Community Eligibility Option (CEO),true,7th Grade,12th Grade
530465003558,Mabton Step Up to College,Mabton School District,Grandview,1,,No,false,9th Grade,12th Grade
530802001325,Machias Elementary,Snohomish School District,Snohomish,615,138,Yes participating without using any Provision or the CEO,false,Kindergarten,6th Grade
530267000405,Madison Elementary,Everett School District,Everett,405,307,Yes under Community Eligibility Option (CEO),false,Prekindergarten,5th Grade
530540000812,Madison Elementary,Mount Vernon School District,Mount Vernon,498,340,Yes under Community Eligibility Option (CEO),false,Kindergarten,5th Grade
530825001396,Madison Elementary,Spokane School District,Spokane,250,191,Yes under Community Eligibility Option (CEO),false,Kindergarten,5th Grade
530618000929,Madison Elementary School,Olympia School District,Olympia,203,89,Yes participating without using any Provision or the CEO,false,Prekindergarten,5th Grade
530771001207,Madison Middle School,Seattle School District No. 1,Seattle,1017,170,Yes participating without using any Provision or the CEO,false,6th Grade,8th Grade
530354000533,Madrona Elementary,Highline School District,SeaTac,317,244,Yes under Community Eligibility Option (CEO),false,Prekindergarten,5th Grade
530816003080,Madrona Heights,South Kitsap School District,Port Orchard,56,18,No,false,Prekindergarten,Prekindergarten
530771001216,Madrona K-5 School,Seattle School District No. 1,Seattle,213,83,Yes under Community Eligibility Option (CEO),false,Kindergarten,5th Grade
530240000348,Madrona K-8 School,Edmonds School District,Edmonds,636,113,Yes participating without using any Provision or the CEO,false,Prekindergarten,8th Grade
530771003714,Magnolia Elementary School,Seattle School District No. 1,Seattle,320,41,Yes participating without using any Provision or the CEO,false,Kindergarten,5th Grade
530513000774,Maltby Elementary,Monroe School District,Snohomish,334,86,Yes participating without using any Provision or the CEO,false,Kindergarten,5th Grade
530816001350,Manchester Elementary School,South Kitsap School District,Port Orchard,458,216,Yes participating without using any Provision or the CEO,false,Prekindergarten,5th Grade
530870001481,Manitou Park Elementary School,Tacoma School District,Tacoma,429,326,Yes under Community Eligibility Option (CEO),false,Prekindergarten,5th Grade
530870001482,Mann Elementary School,Tacoma School District,Tacoma,340,225,Yes under Community Eligibility Option (CEO),false,Prekindergarten,5th Grade
530471000726,Mansfield Elem and High School,Mansfield School District,Mansfield,107,69,Yes participating without using any Provision or the CEO,true,Prekindergarten,12th Grade
530474000727,Manson Elementary,Manson School District,Manson,289,176,Yes under Community Eligibility Option (CEO),false,Kindergarten,5th Grade
530474000728,Manson High School,Manson School District,Manson,220,136,Yes under Community Eligibility Option (CEO),true,9th Grade,12th Grade
530474003427,Manson Middle School,Manson School District,Manson,128,87,Yes under Community Eligibility Option (CEO),true,6th Grade,8th Grade
530771001209,Maple Elementary School,Seattle School District No. 1,Seattle,401,204,Yes under Community Eligibility Option (CEO),false,Kindergarten,5th Grade
530038003681,Maple Grove Primary,Battle Ground School District,Battle Ground,497,249,Yes participating without using any Provision or the CEO,false,Prekindergarten,4th Grade
530375000577,Maple Hills Elementary,Issaquah School District,Renton,460,60,Yes participating without using any Provision or the CEO,false,Kindergarten,5th Grade
530861001444,Maple Lawn Elementary,Sumner-Bonney Lake School District,Sumner,628,231,Yes participating without using any Provision or the CEO,false,Prekindergarten,5th Grade
530876001515,Maple View Middle School,Tahoma School District,Covington,1046,247,Yes participating without using any Provision or the CEO,false,6th Grade,8th Grade
530696001034,Maplewood Elementary,Puyallup School District,Puyallup,371,138,Yes participating without using any Provision or the CEO,false,Prekindergarten,6th Grade
530723001078,Maplewood Heights Elementary School,Renton School District,Renton,395,77,Yes under Community Eligibility Option (CEO),false,Kindergarten,5th Grade
530240002474,Maplewood Parent Coop,Edmonds School District,Edmonds,476,80,Yes participating without using any Provision or the CEO,false,Prekindergarten,8th Grade
530732001099,Marcus Whitman Elementary,Richland School District,Richland,467,279,Yes under Community Eligibility Option (CEO),false,Kindergarten,5th Grade
530816001351,Marcus Whitman Middle School,South Kitsap School District,Port Orchard,623,373,Yes under Community Eligibility Option (CEO),true,6th Grade,8th Grade
530351000518,Marcus Whitman-Cowiche Elementary,Highland School District,Cowiche,249,159,Yes under Community Eligibility Option (CEO),false,Prekindergarten,2nd Grade
530423001785,Margaret Mead Elementary,Lake Washington School District,Sammamish,580,28,Yes participating without using any Provision or the CEO,false,Kindergarten,5th Grade
530657003542,Marie Curie STEM Elementary,Pasco School District,Pasco,376,344,Yes under Community Eligibility Option (CEO),false,3rd Grade,5th Grade
530543000818,Mariner High School,Mukilteo School District,Everett,2106,1316,Yes under Community Eligibility Option (CEO),true,9th Grade,12th Grade
530354003793,Maritime High School,Highline School District,Des Moines,126,48,No,false,9th Grade,12th Grade
530447000703,Mark Morris High School,Longview School District,Longview,912,487,Yes under Community Eligibility Option (CEO),true,9th Grade,12th Grade
530423000676,Mark Twain Elementary,Lake Washington School District,Kirkland,550,92,Yes participating without using any Provision or the CEO,false,Kindergarten,5th Grade
530657000966,Mark Twain Elementary,Pasco School District,Pasco,579,378,Yes under Community Eligibility Option (CEO),false,Prekindergarten,5th Grade
530282001835,Mark Twain Elementary School,Federal Way School District,Federal Way,531,470,Yes under Community Eligibility Option (CEO),false,Prekindergarten,5th Grade
530270000421,Marrion Elementary School,Evergreen School District (Clark),Vancouver,528,262,Yes under Community Eligibility Option (CEO),false,Kindergarten,5th Grade
530486001847,Marshall Elementary,Marysville School District,Marysville,331,195,Yes under Community Eligibility Option (CEO),false,Prekindergarten,5th Grade
530240002089,Martha Lake Elementary,Edmonds School District,Lynnwood,545,277,Yes participating without using any Provision or the CEO,false,Kindergarten,6th Grade
530001002919,Martin Hall Detention Ctr,Educational Service District 101,Medical Lake,8,,No,true,8th Grade,12th Grade
530927001576,Martin Luther King Elementary,Vancouver School District,Vancouver,514,377,Yes under Community Eligibility Option (CEO),false,Prekindergarten,5th Grade
531011001814,Martin Luther King Jr Elementary,Yakima School District,Yakima,485,449,Yes under Community Eligibility Option (CEO),false,Kindergarten,5th Grade
530771001143,Martin Luther King Jr. Elementary School,Seattle School District No. 1,Seattle,289,211,Yes under Community Eligibility Option (CEO),false,Prekindergarten,5th Grade
530396002112,Martin Sortun Elementary School,Kent School District,Kent,450,230,Yes under Community Eligibility Option (CEO),false,Prekindergarten,5th Grade
530354000535,Marvista Elementary,Highline School District,Normandy Park,532,217,Yes under Community Eligibility Option (CEO),false,Prekindergarten,5th Grade
530579003644,Mary E. Theler Early Learning Center,North Mason School District,Belfair,54,31,Yes under Community Eligibility Option (CEO),false,Prekindergarten,Kindergarten
530480003571,Mary M. Knight School,Mary M Knight School District,Elma,184,121,Yes under Community Eligibility Option (CEO),true,Prekindergarten,12th Grade
530774001277,Mary Purcell Elementary School,Sedro-Woolley School District,Sedro-Woolley,465,301,Yes under Community Eligibility Option (CEO),false,Kindergarten,6th Grade
530483003591,Mary Walker Alternative Learning Experience,Mary Walker School District,Springdale,68,54,No,true,Kindergarten,12th Grade
530483000730,Mary Walker High School,Mary Walker School District,Springdale,151,104,Yes under Community Eligibility Option (CEO),true,9th Grade,12th Grade
530486002848,Marysville Coop Program,Marysville School District,Marysville,150,44,Yes under Community Eligibility Option (CEO),false,Kindergarten,5th Grade
530486003607,Marysville Getchell High School,Marysville School District,Marysville,1381,610,Yes under Community Eligibility Option (CEO),false,9th Grade,12th Grade
530486000736,Marysville Middle School,Marysville School District,Marysville,656,400,Yes under Community Eligibility Option (CEO),true,6th Grade,8th Grade
530486003534,Marysville Nwesd 189 Youth Engagement,Marysville School District,Marysville,205,128,No,false,10th Grade,12th Grade
530486003317,Marysville Pilchuck High School,Marysville School District,Marysville,1182,649,Yes under Community Eligibility Option (CEO),true,9th Grade,12th Grade
530486002900,Marysville SD Special,Marysville School District,Marysville,197,81,No,false,Prekindergarten,12th Grade
530790002865,Mason County Detention Center,Shelton School District,Shelton,1,,No,false,7th Grade,12th Grade
530870001483,Mason Middle School,Tacoma School District,Tacoma,639,189,Yes under Community Eligibility Option (CEO),false,6th Grade,8th Grade
530936001595,Mattawa Elementary,Wahluke School District,Mattawa,199,171,Yes under Community Eligibility Option (CEO),false,Kindergarten,Kindergarten
530936003227,Mattawa Elementary Pre-School,Wahluke School District,Mattawa,119,86,No,false,Prekindergarten,Prekindergarten
530396001780,Mattson Middle School,Kent School District,Covington,719,331,Yes under Community Eligibility Option (CEO),true,6th Grade,8th Grade
530657002950,Maya Angelou Elementary,Pasco School District,Pasco,579,347,Yes under Community Eligibility Option (CEO),false,Prekindergarten,5th Grade
530591000889,Maywood Hills Elementary,Northshore School District,Bothell,467,101,Yes participating without using any Provision or the CEO,false,Prekindergarten,5th Grade
530375000579,Maywood Middle School,Issaquah School District,Renton,826,151,Yes participating without using any Provision or the CEO,false,6th Grade,8th Grade
530489000742,McCleary Elem,McCleary School District,McCleary,332,150,Yes participating without using any Provision or the CEO,true,Prekindergarten,8th Grade
530315000501,McClure Elementary School,Grandview School District,Grandview,543,450,Yes under Community Eligibility Option (CEO),false,Prekindergarten,5th Grade
531011001699,McClure Elementary School,Yakima School District,Yakima,559,468,Yes under Community Eligibility Option (CEO),false,Prekindergarten,5th Grade
530771001212,McClure Middle School,Seattle School District No. 1,Seattle,474,103,Yes participating without using any Provision or the CEO,false,6th Grade,8th Grade
530003000008,McDermoth Elementary,Aberdeen School District,Aberdeen,288,197,Yes under Community Eligibility Option (CEO),false,Kindergarten,5th Grade
530111000197,McDonald Elementary School,Central Valley School District,Spokane Valley,282,158,Yes under Community Eligibility Option (CEO),false,Prekindergarten,5th Grade
530771003332,McDonald International School,Seattle School District No. 1,Seattle,443,27,Yes participating without using any Provision or the CEO,false,Kindergarten,5th Grade
530648000956,McFarland Middle School,Othello School District,Othello,702,588,Yes under Community Eligibility Option (CEO),true,6th Grade,8th Grade
530771001214,McGilvra Elementary School,Seattle School District No. 1,Seattle,194,20,Yes participating without using any Provision or the CEO,false,Kindergarten,5th Grade
531014001714,McKenna Elementary,Yelm School District,McKenna,418,206,Yes under Community Eligibility Option (CEO),false,Prekindergarten,5th Grade
530618001210,McKenny Elementary,Olympia School District,Olympia,322,96,Yes participating without using any Provision or the CEO,false,Prekindergarten,5th Grade
531011001700,McKinley Elementary School,Yakima School District,Yakima,403,365,Yes under Community Eligibility Option (CEO),false,Kindergarten,5th Grade
530723001079,McKnight Middle School,Renton School District,Renton,811,397,Yes under Community Eligibility Option (CEO),true,6th Grade,8th Grade
530618000931,McLane Elementary School,Olympia School District,Olympia,407,166,Yes participating without using any Provision or the CEO,false,Prekindergarten,5th Grade
530657000967,McLoughlin Middle School,Pasco School District,Pasco,1171,690,Yes under Community Eligibility Option (CEO),true,6th Grade,8th Grade
530927001577,McLoughlin Middle School,Vancouver School District,Vancouver,849,689,Yes under Community Eligibility Option (CEO),true,6th Grade,8th Grade
530354000536,McMicken Heights Elementary,Highline School District,SeaTac,484,368,Yes under Community Eligibility Option (CEO),false,Prekindergarten,5th Grade
530930001589,McMurray Middle School,Vashon Island School District,Vashon,355,82,Yes participating without using any Provision or the CEO,false,6th Grade,8th Grade
530492002844,Mead Learning Options,Mead School District,Spokane,790,276,Yes participating without using any Provision or the CEO,false,Kindergarten,12th Grade
530492003515,Mead Open Doors,Mead School District,Mead,9,,No,false,11th Grade,12th Grade
530492000749,Mead Senior High School,Mead School District,Spokane,1827,596,Yes participating without using any Provision or the CEO,false,9th Grade,12th Grade
530723003447,Meadow Crest Early Childhood Education Center,Renton School District,Renton,490,257,Yes under Community Eligibility Option (CEO),false,Prekindergarten,Prekindergarten
530492000545,Meadow Ridge Elementary,Mead School District,Mead,453,159,Yes participating without using any Provision or the CEO,false,Prekindergarten,5th Grade
530396001603,Meadow Ridge Elementary School,Kent School District,Kent,423,309,Yes under Community Eligibility Option (CEO),false,Prekindergarten,5th Grade
530240000350,Meadowdale Elementary,Edmonds School District,Lynnwood,430,210,Yes participating without using any Provision or the CEO,false,Kindergarten,6th Grade
530240000352,Meadowdale High School,Edmonds School District,Lynnwood,1491,747,Yes participating without using any Provision or the CEO,false,9th Grade,12th Grade
530240000351,Meadowdale Middle School,Edmonds School District,Lynnwood,740,390,Yes participating without using any Provision or the CEO,true,7th Grade,8th Grade
530585002064,Meadows Elementary,North Thurston Public Schools,Lacey,765,299,Yes participating without using any Provision or the CEO,false,Prekindergarten,5th Grade
530495000755,Medical Lake High School,Medical Lake School District,Medical Lake,506,204,Yes participating without using any Provision or the CEO,false,9th Grade,12th Grade
530495000756,Medical Lake Middle School,Medical Lake School District,Medical Lake,381,183,Yes participating without using any Provision or the CEO,false,6th Grade,8th Grade
530039000076,Medina Elementary School,Bellevue School District,Medina,591,33,Yes participating without using any Provision or the CEO,false,Prekindergarten,5th Grade
530696001035,Meeker Elementary,Puyallup School District,Puyallup,366,183,Yes participating without using any Provision or the CEO,false,Kindergarten,6th Grade
530396000624,Meeker Middle School,Kent School District,Renton,779,458,Yes under Community Eligibility Option (CEO),true,6th Grade,8th Grade
530870001487,Meeker Middle School,Tacoma School District,Tacoma,567,247,Yes under Community Eligibility Option (CEO),false,6th Grade,8th Grade
530792001310,Melvin G Syre Elementary,Shoreline School District,Shoreline,444,71,Yes participating without using any Provision or the CEO,false,Kindergarten,5th Grade
530771001136,Mercer International Middle School,Seattle School District No. 1,Seattle,753,450,Yes under Community Eligibility Option (CEO),true,6th Grade,8th Grade
530498000761,Mercer Island High School,Mercer Island School District,Mercer Island,1439,102,No,false,9th Grade,12th Grade
530282002298,Meredith Hill Elementary School,Federal Way School District,Auburn,456,311,Yes under Community Eligibility Option (CEO),false,Prekindergarten,5th Grade
530396000625,Meridian Elementary School,Kent School District,Kent,390,158,Yes under Community Eligibility Option (CEO),false,Prekindergarten,5th Grade
530501000768,Meridian High School,Meridian School District,Bellingham,534,193,Yes participating without using any Provision or the CEO,true,9th Grade,12th Grade
530501003563,Meridian Impact Re-Engagement,Meridian School District,Bellingham,21,7,No,true,9th Grade,12th Grade
530396000626,Meridian Middle School,Kent School District,Kent,647,360,Yes under Community Eligibility Option (CEO),true,6th Grade,8th Grade
530501000767,Meridian Middle School,Meridian School District,Lynden,350,186,Yes participating without using any Provision or the CEO,true,6th Grade,8th Grade
530501003036,Meridian Parent Partnership Program,Meridian School District,Bellingham,208,51,Yes participating without using any Provision or the CEO,false,Kindergarten,8th Grade
530792000404,Meridian Park Elementary School,Shoreline School District,Shoreline,589,202,Yes participating without using any Provision or the CEO,false,Kindergarten,5th Grade
530501002697,Meridian Special Programs,Meridian School District,Bellingham,26,14,No,false,Prekindergarten,Prekindergarten
530141003473,Meriwether Elementary School,Clover Park School District,JBLM Lewis North,240,110,Yes under Community Eligibility Option (CEO),false,Prekindergarten,5th Grade
530573000849,Mesa Elem,North Franklin School District,Mesa,220,152,Yes under Community Eligibility Option (CEO),false,Kindergarten,6th Grade
530502002526,Methow Valley Elementary,Methow Valley School District,Winthrop,368,157,Yes participating without using any Provision or the CEO,false,Prekindergarten,5th Grade
530502001170,Methow Valley Independent Learning Center,Methow Valley School District,Twisp,35,21,Yes participating without using any Provision or the CEO,true,9th Grade,12th Grade
530111000202,Mica Peak High School,Central Valley School District,Spokane Valley,107,60,Yes under Community Eligibility Option (CEO),true,9th Grade,12th Grade
530495003157,Michael Anderson Elementary School,Medical Lake School District,Fairchild AFB,459,152,Yes participating without using any Provision or the CEO,false,Prekindergarten,5th Grade
530910001542,Michael T Simmons Elementary,Tumwater School District,Tumwater,457,199,Yes participating without using any Provision or the CEO,false,Prekindergarten,5th Grade
530393003115,Mid-Columbia Parent Partnership,Kennewick School District,Kennewick,503,143,Yes under Community Eligibility Option (CEO),false,Kindergarten,12th Grade
530771002349,Middle College High School,Seattle School District No. 1,Seattle,93,44,Yes under Community Eligibility Option (CEO),false,9th Grade,12th Grade
530294003145,Midland Elementary,Franklin Pierce School District,Tacoma,399,277,Yes under Community Eligibility Option (CEO),false,Kindergarten,5th Grade
530492001804,Midway Elementary,Mead School District,Colbert,418,115,Yes participating without using any Provision or the CEO,false,Kindergarten,5th Grade
530354000537,Midway Elementary,Highline School District,Des Moines,548,428,Yes under Community Eligibility Option (CEO),false,Prekindergarten,5th Grade
530522001982,Midway Elementary,Moses Lake School District,Moses Lake,222,168,Yes under Community Eligibility Option (CEO),false,Kindergarten,5th Grade
530810001336,Mike Morris Elementary,South Bend School District,South Bend,286,207,Yes under Community Eligibility Option (CEO),false,Kindergarten,6th Grade
530504000772,Mill a Elementary School,Mill A School District,Cook,43,18,Yes participating without using any Provision or the CEO,true,Kindergarten,8th Grade
530267002209,Mill Creek Elementary,Everett School District,Mill Creek,694,175,Yes participating without using any Provision or the CEO,false,Prekindergarten,5th Grade
530396002986,Mill Creek Middle School,Kent School District,Kent,866,632,Yes under Community Eligibility Option (CEO),true,6th Grade,8th Grade
530270000422,Mill Plain Elementary School,Evergreen School District (Clark),Vancouver,354,211,Yes under Community Eligibility Option (CEO),false,Prekindergarten,5th Grade
531014001204,Mill Pond Elementary School,Yelm School District,Yelm,374,184,Yes under Community Eligibility Option (CEO),false,Prekindergarten,5th Grade
530396002799,Millennium Elementary School,Kent School District,Kent,482,325,Yes under Community Eligibility Option (CEO),false,Prekindergarten,5th Grade
530003000009,Miller Junior High,Aberdeen School District,Aberdeen,656,458,Yes under Community Eligibility Option (CEO),true,6th Grade,8th Grade
530969001643,Millwood Kindergarten Center,West Valley School District (Spokane),Spokane,178,94,Yes under Community Eligibility Option (CEO),false,Kindergarten,Kindergarten
530927001578,Minnehaha Elementary School,Vancouver School District,Vancouver,474,300,Yes under Community Eligibility Option (CEO),false,Kindergarten,5th Grade
530447000704,Mint Valley Elementary,Longview School District,Longview,366,269,Yes under Community Eligibility Option (CEO),false,Kindergarten,5th Grade
530669002007,Minter Creek Elementary,Peninsula School District,Gig Harbor,272,110,Yes participating without using any Provision or the CEO,false,Kindergarten,5th Grade
530282000443,Mirror Lake Elementary School,Federal Way School District,Federal Way,491,404,Yes under Community Eligibility Option (CEO),false,Prekindergarten,5th Grade
530966001633,Mission View Elementary School,Wenatchee School District,Wenatchee,484,399,Yes under Community Eligibility Option (CEO),false,Kindergarten,5th Grade
530522003443,Mlsd Open Doors Re-Engagement Program,Moses Lake School District,Moses Lake,67,49,No,true,9th Grade,12th Grade
530267000406,Monroe Elementary,Everett School District,Everett,487,265,Yes under Community Eligibility Option (CEO),false,Prekindergarten,5th Grade
530513002760,Monroe High School,Monroe School District,Monroe,1515,607,Yes participating without using any Provision or the CEO,false,9th Grade,12th Grade
530513002757,Monroe Special Ed Preschool,Monroe School District,Monroe,6,,No,false,Prekindergarten,Prekindergarten
530321002482,Monte Cristo Elementary,Granite Falls School District,Granite Falls,502,219,Yes participating without using any Provision or the CEO,false,3rd Grade,6th Grade
530516000780,Montesano Jr-Sr High,Montesano School District,Montesano,698,266,Yes participating without using any Provision or the CEO,false,7th Grade,12th Grade
530447000705,Monticello Middle School,Longview School District,Longview,525,384,Yes under Community Eligibility Option (CEO),true,6th Grade,8th Grade
530771001219,Montlake Elementary School,Seattle School District No. 1,Seattle,170,17,Yes participating without using any Provision or the CEO,false,Kindergarten,5th Grade
530708002714,Monument Elementary,Quincy School District,Quincy,289,213,Yes under Community Eligibility Option (CEO),false,Kindergarten,5th Grade
530591000890,Moorlands Elementary,Northshore School District,Kenmore,579,62,Yes participating without using any Provision or the CEO,false,Prekindergarten,5th Grade
530825002366,Moran Prairie Elementary,Spokane School District,Spokane,462,167,Yes under Community Eligibility Option (CEO),false,Prekindergarten,6th Grade
530246000367,Morgan Middle School,Ellensburg School District,Ellensburg,772,325,Yes participating without using any Provision or the CEO,false,6th Grade,8th Grade
530120000220,Morgen Owings Elementary School,Lake Chelan School District,Chelan,472,277,Yes under Community Eligibility Option (CEO),false,Kindergarten,5th Grade
530294000479,Morris Ford Middle School,Franklin Pierce School District,Tacoma,831,537,Yes under Community Eligibility Option (CEO),true,6th Grade,8th Grade
530936001890,Morris Schott Elementary,Wahluke School District,Mattawa,317,293,Yes under Community Eligibility Option (CEO),false,4th Grade,5th Grade
530519000783,Morton Elementary School,Morton School District,Morton,194,115,Yes under Community Eligibility Option (CEO),false,Prekindergarten,4th Grade
530519000784,Morton Junior-Senior High,Morton School District,Morton,205,113,Yes under Community Eligibility Option (CEO),true,7th Grade,12th Grade
530033002802,Mosaic Home Education Partnership,Bainbridge Island School District,Bainbridge Island,57,6,No,false,Kindergarten,8th Grade
530522003739,Moses Lake Early Learning Center,Moses Lake School District,Moses Lake,221,189,No,false,Prekindergarten,Prekindergarten
530522000792,Moses Lake High School,Moses Lake School District,Moses Lake,1856,1069,Yes under Community Eligibility Option (CEO),true,9th Grade,12th Grade
530525003537,Mossyrock Academy,Mossyrock School District,Mossyrock,16,14,Yes under Community Eligibility Option (CEO),true,7th Grade,12th Grade
530525000795,Mossyrock Elementary School,Mossyrock School District,Mossyrock,347,234,Yes under Community Eligibility Option (CEO),false,Kindergarten,6th Grade
530525000796,Mossyrock Jr./Sr. High School,Mossyrock School District,Mossyrock,281,174,Yes under Community Eligibility Option (CEO),true,7th Grade,12th Grade
530528001851,Mount Adams Middle School,Mount Adams School District,White Swan,136,130,Yes under Community Eligibility Option (CEO),true,7th Grade,8th Grade
530531003211,Mount Baker Academy,Mount Baker School District,Deming,32,20,No,false,Kindergarten,12th Grade
530531002608,Mount Baker Junior High,Mount Baker School District,Deming,244,147,Yes under Community Eligibility Option (CEO),true,7th Grade,8th Grade
530540002585,Mount Baker Middle School,Mount Vernon School District,Mount Vernon,569,403,Yes under Community Eligibility Option (CEO),true,6th Grade,8th Grade
530531000803,Mount Baker Senior High,Mount Baker School District,Deming,513,249,Yes under Community Eligibility Option (CEO),true,9th Grade,12th Grade
530015000019,Mount Erie Elementary,Anacortes School District,Anacortes,327,153,Yes participating without using any Provision or the CEO,false,Kindergarten,5th Grade
530534000804,Mount Pleasant School,Mount Pleasant School District,Washougal,69,21,No,false,Kindergarten,8th Grade
530354000538,Mount Rainier High School,Highline School District,Des Moines,1846,1086,Yes under Community Eligibility Option (CEO),true,9th Grade,12th Grade
530804001330,Mount Si High School,Snoqualmie Valley School District,Snoqualmie,2152,283,Yes participating without using any Provision or the CEO,false,9th Grade,12th Grade
530870001488,Mount Tahoma High School,Tacoma School District,Tacoma,1410,982,Yes under Community Eligibility Option (CEO),true,9th Grade,12th Grade
530540000813,Mount Vernon High School,Mount Vernon School District,Mount Vernon,1849,1094,Yes under Community Eligibility Option (CEO),true,9th Grade,12th Grade
530540003579,Mount Vernon Open Doors,Mount Vernon School District,Mount Vernon,84,67,No,false,10th Grade,12th Grade
530540001724,Mount Vernon Special Ed,Mount Vernon School District,Mount Vernon,152,95,No,false,Prekindergarten,12th Grade
530354000539,Mount View Elementary,Highline School District,Seattle,460,292,Yes under Community Eligibility Option (CEO),false,Prekindergarten,5th Grade
530978001720,Mountain Meadow Elementary,White River School District,Buckley,443,120,Yes participating without using any Provision or the CEO,false,1st Grade,5th Grade
530285003916,Mountain View Elementary,Ferndale School District,Ferndale,101,62,Yes under Community Eligibility Option (CEO),false,Prekindergarten,8th Grade
530585000867,Mountain View Elementary,North Thurston Public Schools,Lacey,776,504,Yes under Community Eligibility Option (CEO),false,Prekindergarten,5th Grade
530708001053,Mountain View Elementary,Quincy School District,Quincy,280,243,Yes under Community Eligibility Option (CEO),false,Kindergarten,5th Grade
530790001294,Mountain View Elementary,Shelton School District,Shelton,671,458,Yes under Community Eligibility Option (CEO),false,Prekindergarten,4th Grade
530270001834,Mountain View High School,Evergreen School District (Clark),Vancouver,1523,652,Yes under Community Eligibility Option (CEO),false,9th Grade,12th Grade
530861002580,Mountain View Middle School,Sumner-Bonney Lake School District,Bonney Lake,937,276,Yes participating without using any Provision or the CEO,false,6th Grade,8th Grade
530066001144,Mountain View Middle School,Bremerton School District,Bremerton,856,532,Yes under Community Eligibility Option (CEO),true,6th Grade,8th Grade
530321002303,Mountain Way Elementary,Granite Falls School District,Granite Falls,556,304,Yes participating without using any Provision or the CEO,false,Prekindergarten,2nd Grade
530492000747,Mountainside Middle School,Mead School District,Colbert,824,370,Yes under Community Eligibility Option (CEO),false,6th Grade,8th Grade
530972001651,Mountainview Elementary,West Valley School District (Yakima),Yakima,238,131,Yes under Community Eligibility Option (CEO),false,Kindergarten,5th Grade
530240000354,Mountlake Terrace Elementary,Edmonds School District,Mountlake Terrace,426,236,Yes under Community Eligibility Option (CEO),false,Kindergarten,6th Grade
530240000356,Mountlake Terrace High School,Edmonds School District,Mtlk Terrace,1456,529,Yes participating without using any Provision or the CEO,false,9th Grade,12th Grade
530537000807,Moxee Elementary,East Valley School District (Yakima),Moxee,515,334,Yes under Community Eligibility Option (CEO),false,Kindergarten,5th Grade
530030001443,Mt Baker Middle School,Auburn School District,Auburn,917,503,Yes under Community Eligibility Option (CEO),true,6th Grade,8th Grade
530492002599,Mt Spokane High School,Mead School District,Mead,1482,525,Yes participating without using any Provision or the CEO,false,9th Grade,12th Grade
530696001036,Mt View Elementary,Puyallup School District,Edgewood,279,119,Yes participating without using any Provision or the CEO,false,Kindergarten,6th Grade
530420000654,Mt. Pilchuck Elementary School,Lake Stevens School District,Lake Stevens,554,206,Yes participating without using any Provision or the CEO,false,Kindergarten,5th Grade
530447002947,Mt. Solo Middle School,Longview School District,Longview,401,237,Yes under Community Eligibility Option (CEO),true,6th Grade,8th Grade
530246000368,Mt. Stuart Elementary,Ellensburg School District,Ellensburg,336,168,Yes under Community Eligibility Option (CEO),false,Kindergarten,5th Grade
530543001852,Mukilteo Elementary,Mukilteo School District,Mukilteo,521,113,Yes under Community Eligibility Option (CEO),false,Kindergarten,5th Grade
530543003597,Mukilteo Reengagement Academy Open Doors,Mukilteo School District,Everett,81,57,No,false,9th Grade,12th Grade
530825001398,Mullan Road Elementary,Spokane School District,Spokane,477,169,Yes under Community Eligibility Option (CEO),false,Prekindergarten,6th Grade
530816002359,Mullenix Ridge Elementary School,South Kitsap School District,Port Orchard,372,144,Yes participating without using any Provision or the CEO,false,Prekindergarten,5th Grade
530622000939,N Omak Elementary,Omak School District,Omak,403,313,Yes under Community Eligibility Option (CEO),false,Prekindergarten,2nd Grade
530870001489,N.e. Tacoma Elementary School,Tacoma School District,Tacoma,418,225,Yes under Community Eligibility Option (CEO),false,Prekindergarten,5th Grade
530048001749,Naches Trail Elementary,Bethel School District,Tacoma,519,298,Yes under Community Eligibility Option (CEO),false,Prekindergarten,5th Grade
530546003559,Naches Valley Elementary School,Naches Valley School District,Naches,482,262,Yes under Community Eligibility Option (CEO),false,Kindergarten,4th Grade
530546000825,Naches Valley High School,Naches Valley School District,Naches,399,187,Yes under Community Eligibility Option (CEO),true,9th Grade,12th Grade
530546000824,Naches Valley Middle School,Naches Valley School District,Naches,427,216,Yes under Community Eligibility Option (CEO),true,5th Grade,8th Grade
530549000826,Napavine Elementary,Napavine School District,Napavine,411,185,Yes participating without using any Provision or the CEO,false,Prekindergarten,6th Grade
530549000827,Napavine Jr Sr High School,Napavine School District,Napavine,410,171,Yes participating without using any Provision or the CEO,true,7th Grade,12th Grade
530918001550,Narrows View Intermediate,University Place School District,University Pla,692,291,Yes participating without using any Provision or the CEO,false,5th Grade,7th Grade
530552000829,Naselle-Grays River Valley Elementary,Naselle-Grays River Valley School District,Naselle,127,91,Yes under Community Eligibility Option (CEO),false,Kindergarten,5th Grade
530552000831,Naselle-Grays River Valley Jr Sr High Schools,Naselle-Grays River Valley School District,Naselle,189,124,Yes under Community Eligibility Option (CEO),true,6th Grade,12th Grade
530771001222,Nathan Hale High School,Seattle School District No. 1,Seattle,1052,408,Yes participating without using any Provision or the CEO,false,9th Grade,12th Grade
530282000444,Nautilus K-8 School,Federal Way School District,Federal Way,469,311,Yes under Community Eligibility Option (CEO),true,Kindergarten,8th Grade
530066000143,Naval Avenue Elementary School,Bremerton School District,Bremerton,269,188,Yes under Community Eligibility Option (CEO),false,Prekindergarten,5th Grade
530084003042,Neah Bay Elementary School,Cape Flattery School District,Neah Bay,180,155,Yes under Community Eligibility Option (CEO),false,Kindergarten,5th Grade
530084000165,Neah Bay Junior/ Senior High School,Cape Flattery School District,Neah Bay,206,158,Yes under Community Eligibility Option (CEO),true,6th Grade,12th Grade
530396002309,Neely O Brien Elementary School,Kent School District,Kent,472,316,Yes under Community Eligibility Option (CEO),false,Kindergarten,5th Grade
530723001070,Nelsen Middle School,Renton School District,Renton,913,534,Yes under Community Eligibility Option (CEO),true,6th Grade,8th Grade
530048003288,Nelson Elementary School,Bethel School District,Graham,497,233,Yes participating without using any Provision or the CEO,false,Prekindergarten,5th Grade
530555000832,Nespelem Elementary,Nespelem School District,Nespelem,131,126,Yes under Community Eligibility Option (CEO),true,Prekindergarten,8th Grade
530555003909,Nespelem High School,Nespelem School District,Nespelem,19,19,Yes under Community Eligibility Option (CEO),false,9th Grade,10th Grade
530969001641,Ness Elementary,West Valley School District (Spokane),Spokane,243,183,Yes under Community Eligibility Option (CEO),false,1st Grade,5th Grade
530657000968,New Horizons High School,Pasco School District,Pasco,344,279,Yes under Community Eligibility Option (CEO),true,6th Grade,12th Grade
530910003017,New Market High School,Tumwater School District,Tumwater,61,21,No,false,10th Grade,12th Grade
530910002186,New Market Skills Center,Tumwater School District,Tumwater,86,13,No,false,11th Grade,12th Grade
530375002981,Newcastle Elementary School,Issaquah School District,Newcastle,451,98,Yes participating without using any Provision or the CEO,false,Prekindergarten,5th Grade
530001003583,Newesd 101 Open Doors,Educational Service District 101,Spokane,127,3,Yes participating without using any Provision or the CEO,false,11th Grade,12th Grade
530039000077,Newport Heights Elementary,Bellevue School District,Bellevue,549,146,Yes participating without using any Provision or the CEO,false,Prekindergarten,5th Grade
530561000833,Newport High School,Newport School District,Newport,281,156,Yes under Community Eligibility Option (CEO),true,9th Grade,12th Grade
530561003802,Newport Home Link,Newport School District,Newport,170,98,No,false,Kindergarten,12th Grade
530039000078,Newport Senior High School,Bellevue School District,Bellevue,1850,295,Yes participating without using any Provision or the CEO,false,9th Grade,12th Grade
530423003432,Nikola Tesla STEM High School,Lake Washington School District,Redmond,605,18,Yes participating without using any Provision or the CEO,false,9th Grade,12th Grade
530564000837,Nine Mile Falls Elementary,Nine Mile Falls School District,Nine Mile Falls,136,40,Yes participating without using any Provision or the CEO,false,Kindergarten,5th Grade
530564003921,Nine Mile Family Partnership Program,Nine Mile Falls School District,Nine Mile Falls,51,12,No,false,Kindergarten,8th Grade
530585000868,Nisqually Middle School,North Thurston Public Schools,Lacey,789,405,Yes under Community Eligibility Option (CEO),true,6th Grade,8th Grade
531011001701,Nob Hill Elementary School,Yakima School District,Yakima,339,229,Yes under Community Eligibility Option (CEO),false,Kindergarten,5th Grade
530567002699,Nooksack Elementary,Nooksack Valley School District,Everson,412,227,Yes under Community Eligibility Option (CEO),false,Prekindergarten,5th Grade
530567003691,Nooksack Reengagement,Nooksack Valley School District,Everson,15,10,No,false,11th Grade,12th Grade
530567000839,Nooksack Valley High School,Nooksack Valley School District,Everson,520,290,Yes under Community Eligibility Option (CEO),true,7th Grade,12th Grade
530567000838,Nooksack Valley Middle School,Nooksack Valley School District,Everson,469,274,Yes under Community Eligibility Option (CEO),true,6th Grade,8th Grade
530567002775,Nooksack Valley Special Services,Nooksack Valley School District,Everson,34,17,No,false,Prekindergarten,Prekindergarten
530423001842,Norman Rockwell Elementary,Lake Washington School District,Redmond,423,40,Yes participating without using any Provision or the CEO,false,Kindergarten,5th Grade
530771001223,North Beach Elementary School,Seattle School District No. 1,Seattle,344,48,Yes participating without using any Provision or the CEO,false,Prekindergarten,5th Grade
530570002039,North Beach Junior High School,North Beach School District No. 64,Ocean Shores,95,66,Yes under Community Eligibility Option (CEO),true,7th Grade,8th Grade
530570000842,North Beach Senior High School,North Beach School District No. 64,Ocean Shores,198,118,Yes under Community Eligibility Option (CEO),true,9th Grade,12th Grade
530804001331,North Bend Elementary School,Snoqualmie Valley School District,North Bend,466,64,Yes participating without using any Provision or the CEO,false,Kindergarten,5th Grade
530825001399,North Central High School,Spokane School District,Spokane,1647,1061,Yes under Community Eligibility Option (CEO),false,6th Grade,12th Grade
530591003617,North Creek High School,Northshore School District,Bothell,1910,384,Yes participating without using any Provision or the CEO,false,9th Grade,12th Grade
530522000793,North Elementary,Moses Lake School District,Moses Lake,277,235,Yes under Community Eligibility Option (CEO),false,Kindergarten,5th Grade
531005003715,North Fork Elementary School,Woodland School District,Woodland,473,196,Yes participating without using any Provision or the CEO,false,Kindergarten,4th Grade
530573003736,North Franklin Virtual Academy,North Franklin School District,Connell,44,31,No,false,Kindergarten,12th Grade
530354002304,North Hill Elementary,Highline School District,Des Moines,518,238,Yes under Community Eligibility Option (CEO),false,Prekindergarten,5th Grade
530576000852,North Kitsap High School,North Kitsap School District,Poulsbo,1098,305,Yes participating without using any Provision or the CEO,false,9th Grade,12th Grade
530576002653,North Kitsap Online Academy & Parent Assisted Learning,North Kitsap School District,Kingston,58,22,No,false,Kindergarten,12th Grade
530576003750,North Kitsap Options,North Kitsap School District,Kingston,87,30,No,false,Kindergarten,8th Grade
530420001906,North Lake Middle School,Lake Stevens School District,Lake Stevens,856,276,Yes participating without using any Provision or the CEO,false,6th Grade,7th Grade
530579002847,North Mason Homelink Program,North Mason School District,Belfair,73,38,No,true,Kindergarten,12th Grade
530579000859,North Mason Senior High School,North Mason School District,Belfair,735,375,Yes under Community Eligibility Option (CEO),true,9th Grade,12th Grade
530267000399,North Middle School,Everett School District,Everett,719,440,Yes under Community Eligibility Option (CEO),true,6th Grade,8th Grade
530111000198,North Pines Middle School,Central Valley School District,Spokane Valley,504,374,Yes under Community Eligibility Option (CEO),true,6th Grade,8th Grade
530582000861,North River School,North River School District,Cosmopolis,54,30,Yes under Community Eligibility Option (CEO),false,Prekindergarten,12th Grade
530048002747,North Star Elementary,Bethel School District,Graham,446,232,Yes participating without using any Provision or the CEO,false,Kindergarten,5th Grade
530213000694,North Tapps Middle School,Dieringer School District,Lake Tapps,523,115,Yes participating without using any Provision or the CEO,false,6th Grade,8th Grade
530585000869,North Thurston High School,North Thurston Public Schools,Lacey,1378,692,Yes participating without using any Provision or the CEO,false,9th Grade,12th Grade
530594000901,North Whidbey Middle School,Oak Harbor School District,Oak Harbor,705,298,Yes participating without using any Provision or the CEO,true,7th Grade,8th Grade
530042002939,Northern Heights Elementary Schl,Bellingham School District,Bellingham,396,142,Yes under Community Eligibility Option (CEO),false,Prekindergarten,5th Grade
530447002314,Northlake Elementary School,Longview School District,Longview,315,232,Yes under Community Eligibility Option (CEO),false,Kindergarten,5th Grade
530588000873,Northport Elementary School,Northport School District,Northport,105,87,Yes under Community Eligibility Option (CEO),true,Kindergarten,8th Grade
530588000874,Northport High School,Northport School District,Northport,58,48,Yes under Community Eligibility Option (CEO),true,9th Grade,12th Grade
530588003370,Northport Homelink Program,Northport School District,Northport,22,10,No,false,Kindergarten,12th Grade
530591003922,Northshore Learning Options,Northshore School District,Woodinville,428,84,Yes participating without using any Provision or the CEO,false,Kindergarten,12th Grade
530591000891,Northshore Middle School,Northshore School District,Bothell,753,164,Yes participating without using any Provision or the CEO,false,6th Grade,8th Grade
530591003453,Northshore Online Reengagement Program,Northshore School District,Bothell,12,4,No,false,9th Grade,12th Grade
530591002731,Northshore Special Services,Northshore School District,Bothell,34,12,No,false,Prekindergarten,12th Grade
530423001843,Northstar Middle School,Lake Washington School District,Kirkland,85,3,No,false,6th Grade,8th Grade
530897003385,Northwest Allprep,Toppenish School District,Prosser,112,63,No,true,Kindergarten,12th Grade
530540003297,Northwest Career & Technical Academy/a Wa Skills Center,Mount Vernon School District,Mount Vernon,43,17,No,false,9th Grade,12th Grade
530696001037,Northwood Elementary,Puyallup School District,Edgewood,732,317,Yes participating without using any Provision or the CEO,false,Kindergarten,6th Grade
530498003566,Northwood Elementary School,Mercer Island School District,Mercer Island,398,41,Yes participating without using any Provision or the CEO,false,Prekindergarten,5th Grade
530396002521,Northwood Middle School,Kent School District,Renton,911,316,Yes under Community Eligibility Option (CEO),false,6th Grade,8th Grade
530492000748,Northwood Middle School,Mead School District,Spokane,796,307,Yes participating without using any Provision or the CEO,false,6th Grade,8th Grade
530771001226,Nova High School,Seattle School District No. 1,Seattle,256,86,Yes participating without using any Provision or the CEO,false,9th Grade,12th Grade
530267002469,NW Learning Center,Everett School District,Arlington,2,,No,false,9th Grade,12th Grade
530141001897,Oak Grove,Clover Park School District,Lakewood,11,3,No,false,Kindergarten,6th Grade
530594000902,Oak Harbor Elementary,Oak Harbor School District,Oak Harbor,411,207,Yes participating without using any Provision or the CEO,false,Prekindergarten,4th Grade
530594000903,Oak Harbor High School,Oak Harbor School District,Oak Harbor,1562,603,Yes participating without using any Provision or the CEO,false,9th Grade,12th Grade
530594000904,Oak Harbor Intermediate School,Oak Harbor School District,Oak Harbor,767,343,Yes participating without using any Provision or the CEO,false,5th Grade,6th Grade
530240000357,Oak Heights Elementary,Edmonds School District,Lynnwood,526,254,Yes participating without using any Provision or the CEO,false,Kindergarten,6th Grade
530141000265,Oakbrook Elementary School,Clover Park School District,Lakewood,285,176,Yes under Community Eligibility Option (CEO),false,Prekindergarten,5th Grade
530597000907,Oakesdale Elementary School,Oakesdale School District,Oakesdale,73,22,Yes participating without using any Provision or the CEO,false,Prekindergarten,5th Grade
530597000908,Oakesdale High School,Oakesdale School District,Oakesdale,80,34,Yes participating without using any Provision or the CEO,false,6th Grade,12th Grade
530790002353,Oakland Bay Junior High School,Shelton School District,Shelton,544,357,Yes under Community Eligibility Option (CEO),false,7th Grade,8th Grade
530870001811,Oakland High School,Tacoma School District,Tacoma,112,92,Yes under Community Eligibility Option (CEO),true,9th Grade,12th Grade
530141003402,Oakridge Group Home,Clover Park School District,Lakewood,3,,No,false,9th Grade,12th Grade
530114000210,Oakview Elementary School,Centralia School District,Centralia,317,246,Yes under Community Eligibility Option (CEO),false,Kindergarten,6th Grade
530600001858,Oakville Elementary,Oakville School District,Oakville,157,105,Yes under Community Eligibility Option (CEO),false,Kindergarten,6th Grade
530600000909,Oakville High School,Oakville School District,Oakville,142,92,Yes under Community Eligibility Option (CEO),true,6th Grade,12th Grade
530600003712,Oakville Homelink Alternative School,Oakville School District,Oakville,21,18,No,false,3rd Grade,12th Grade
530630002869,Oasis K-12,Orcas Island School District,Eastsound,331,11,No,false,Kindergarten,12th Grade
530684002791,Ocean,Port Townsend School District,Port Townsend,144,89,Yes under Community Eligibility Option (CEO),false,Kindergarten,12th Grade
530606003756,Ocean Beach Options Academy,Ocean Beach School District,Long Beach,56,37,Yes under Community Eligibility Option (CEO),false,Kindergarten,12th Grade
530606003050,Ocean Park Elementary,Ocean Beach School District,Ocean Park,212,144,Yes under Community Eligibility Option (CEO),false,3rd Grade,5th Grade
530570000844,Ocean Shores Elementary,North Beach School District No. 64,Ocean Shores,254,179,Yes under Community Eligibility Option (CEO),false,Prekindergarten,6th Grade
530609003829,Ocosta Ale,Ocosta School District,Westport,7,,No,false,Kindergarten,12th Grade
530609000913,Ocosta Elementary School,Ocosta School District,Westport,321,261,Yes under Community Eligibility Option (CEO),false,Prekindergarten,6th Grade
530609000914,Ocosta Junior - Senior High,Ocosta School District,Westport,272,178,Yes under Community Eligibility Option (CEO),true,7th Grade,12th Grade
530612000916,Odessa High School,Odessa School District,Odessa,103,56,Yes participating without using any Provision or the CEO,false,7th Grade,12th Grade
530039000079,Odle Middle School,Bellevue School District,Bellevue,974,197,Yes participating without using any Provision or the CEO,false,6th Grade,8th Grade
530543003162,Odyssey Elementary,Mukilteo School District,Everett,526,328,Yes under Community Eligibility Option (CEO),false,Kindergarten,5th Grade
530081003652,Odyssey Middle School,Camas School District,Camas,277,44,Yes participating without using any Provision or the CEO,false,6th Grade,8th Grade
530033002523,Odyssey Multiage Program,Bainbridge Island School District,Bainbridge Island,177,19,No,false,Kindergarten,8th Grade
530615002991,Okanogan Alternative High School,Okanogan School District,Okanogan,14,8,Yes under Community Eligibility Option (CEO),true,9th Grade,12th Grade
530615002915,Okanogan Co Juvenile Detention,Okanogan School District,Okanogan,5,,No,false,8th Grade,12th Grade
530615000920,Okanogan High School,Okanogan School District,Okanogan,308,173,Yes under Community Eligibility Option (CEO),false,9th Grade,12th Grade
530615003144,Okanogan Middle School,Okanogan School District,Okanogan,238,153,Yes under Community Eligibility Option (CEO),true,6th Grade,8th Grade
530615003247,Okanogan Outreach Alternative School,Okanogan School District,Okanogan,72,61,Yes under Community Eligibility Option (CEO),true,6th Grade,12th Grade
530816001352,Olalla Elementary School,South Kitsap School District,Port Orchard,315,125,Yes participating without using any Provision or the CEO,false,Prekindergarten,5th Grade
530423003745,Old Redmond Schoolhouse,Lake Washington School District,Redmond,190,,No,false,Prekindergarten,Prekindergarten
530543000819,Olivia Park Elementary,Mukilteo School District,Everett,559,411,Yes under Community Eligibility Option (CEO),false,Kindergarten,5th Grade
530618000937,Olympia High School,Olympia School District,Olympia,1901,431,Yes participating without using any Provision or the CEO,false,9th Grade,12th Grade
530618003205,Olympia Regional Learning Academy,Olympia School District,Olympia,345,80,Yes participating without using any Provision or the CEO,false,Kindergarten,12th Grade
530447000707,Olympic Elementary School,Longview School District,Longview,381,272,Yes under Community Eligibility Option (CEO),false,Kindergarten,5th Grade
530108001753,Olympic High School,Central Kitsap School District,Bremerton,1162,485,Yes participating without using any Provision or the CEO,true,9th Grade,12th Grade
530771001228,Olympic Hills Elementary School,Seattle School District No. 1,Seattle,486,254,Yes under Community Eligibility Option (CEO),false,Prekindergarten,5th Grade
530030000038,Olympic Middle School,Auburn School District,Auburn,956,650,Yes under Community Eligibility Option (CEO),true,6th Grade,8th Grade
530790002990,Olympic Middle School,Shelton School District,Shelton,601,421,Yes under Community Eligibility Option (CEO),false,5th Grade,6th Grade
530783002552,Olympic Peninsula Academy,Sequim School District,Sequim,117,55,Yes under Provision 2,true,Kindergarten,12th Grade
530183002942,Olympic Peninsula Homeconnection,Crescent School District,Port Angeles,144,71,No,true,Kindergarten,12th Grade
530594000905,Olympic View Elem,Oak Harbor School District,Oak Harbor,411,236,Yes participating without using any Provision or the CEO,false,Kindergarten,4th Grade
530585000870,Olympic View Elementary,North Thurston Public Schools,Lacey,552,258,Yes participating without using any Provision or the CEO,false,Kindergarten,5th Grade
530282000447,Olympic View Elementary School,Federal Way School District,Federal Way,547,452,Yes under Community Eligibility Option (CEO),false,Kindergarten,7th Grade
530771001229,Olympic View Elementary School,Seattle School District No. 1,Seattle,341,134,Yes under Community Eligibility Option (CEO),false,Kindergarten,5th Grade
530543000820,Olympic View Middle School,Mukilteo School District,Mukilteo,851,418,Yes under Community Eligibility Option (CEO),true,6th Grade,8th Grade
530622000940,Omak High School,Omak School District,Omak,442,311,Yes under Community Eligibility Option (CEO),true,9th Grade,12th Grade
530622001912,Omak Middle School,Omak School District,Omak,324,239,Yes under Community Eligibility Option (CEO),true,6th Grade,8th Grade
530825003378,On Track Academy,Spokane School District,Spokane,442,339,Yes under Community Eligibility Option (CEO),true,10th Grade,12th Grade
530624000941,Onalaska Elementary School,Onalaska School District,Onalaska,437,231,Yes under Community Eligibility Option (CEO),false,Prekindergarten,5th Grade
530624000942,Onalaska High School,Onalaska School District,Onalaska,281,133,Yes under Community Eligibility Option (CEO),true,9th Grade,12th Grade
530624003062,Onalaska Middle School,Onalaska School District,Onalaska,195,103,Yes under Community Eligibility Option (CEO),true,6th Grade,8th Grade
530627000943,Onion Creek Elementary,Onion Creek School District,Colville,45,32,Yes under Community Eligibility Option (CEO),true,Prekindergarten,8th Grade
530648003724,Open Door Re-Engagement,Othello School District,Othello,20,17,No,false,9th Grade,12th Grade
530723003450,Open Door Youth Reengagement,Renton School District,Renton,50,32,No,false,11th Grade,12th Grade
530015003704,Open Doors,Anacortes School District,Anacortes,7,,No,false,9th Grade,12th Grade
530078003639,Open Doors,Burlington-Edison School District,Mt. Vernon,12,9,No,true,10th Grade,12th Grade
530825003491,Open Doors,Spokane School District,Spokane,145,116,No,true,9th Grade,12th Grade
530927003477,Open Doors,Vancouver School District,Vancouver,284,193,No,true,11th Grade,12th Grade
530000803609,Open Doors - Youth Reengagement Program,Northwest Educational Service District 189,Anacortes,63,,No,false,9th Grade,12th Grade
530031303403,Open Doors at Lwit,Lake Washington Institute of Technology,Kirkland,5,,No,false,11th Grade,12th Grade
530038003501,Open Doors Battle Ground,Battle Ground School District,Brush Prairie,47,23,No,false,9th Grade,12th Grade
530270003567,Open Doors Evergreen,Evergreen School District (Clark),Vancouver,157,83,No,false,9th Grade,12th Grade
530969003469,Open Doors Re-Engagement,West Valley School District (Spokane),Spokane,3,,No,false,9th Grade,12th Grade
530966003459,Open Doors Re-Engagement,Wenatchee School District,Wenatchee,91,69,No,true,9th Grade,12th Grade
530129003532,Open Doors Reengagement Program,Chimacum School District,Chimacum,0,,No,true,9th Grade,12th Grade
530855003446,Open Doors Youth Reengagement,Sultan School District,Sultan,11,7,No,true,9th Grade,12th Grade
530282003479,Open Doors Youth Reengagement (1418),Federal Way School District,Federal Way,154,127,Yes under Community Eligibility Option (CEO),true,9th Grade,12th Grade
530111000199,Opportunity Elementary,Central Valley School District,Spokane Valley,631,467,Yes under Community Eligibility Option (CEO),false,Prekindergarten,5th Grade
530042001738,Options High School,Bellingham School District,Bellingham,176,95,Yes under Community Eligibility Option (CEO),true,9th Grade,12th Grade
530771002231,Orca K-8 School,Seattle School District No. 1,Seattle,278,108,Yes under Community Eligibility Option (CEO),false,Kindergarten,8th Grade
530630000944,Orcas Island Elementary School,Orcas Island School District,Eastsound,160,64,Yes participating without using any Provision or the CEO,false,Kindergarten,5th Grade
530630000945,Orcas Island High School,Orcas Island School District,Eastsound,177,83,Yes participating without using any Provision or the CEO,false,9th Grade,12th Grade
530630002815,Orcas Island Middle School,Orcas Island School District,Eastsound,110,43,Yes participating without using any Provision or the CEO,true,6th Grade,8th Grade
530630003696,Orcas Island Montessori Public,Orcas Island School District,Eastsound,24,13,No,false,1st Grade,3rd Grade
530969001644,Orchard Center Elementary,West Valley School District (Spokane),Spokane,199,140,Yes under Community Eligibility Option (CEO),false,1st Grade,5th Grade
530732003540,Orchard Elementary,Richland School District,Richland,594,145,Yes participating without using any Provision or the CEO,false,Prekindergarten,5th Grade
530816001353,Orchard Heights Elementary,South Kitsap School District,Port Orchard,529,307,Yes under Community Eligibility Option (CEO),false,Prekindergarten,5th Grade
530966001634,Orchard Middle School,Wenatchee School District,Wenatchee,395,303,Yes under Community Eligibility Option (CEO),true,6th Grade,8th Grade
530633000947,Orchard Prairie Elementary,Orchard Prairie School District,Spokane,79,,No,false,Kindergarten,7th Grade
530270000423,Orchards Elementary School,Evergreen School District (Clark),Vancouver,433,258,Yes under Community Eligibility Option (CEO),false,Prekindergarten,5th Grade
530033000047,Ordway Elementary,Bainbridge Island School District,Bainbridge Island,320,55,Yes participating without using any Provision or the CEO,false,Kindergarten,4th Grade
530636000948,Orient Elementary School,Orient School District,Orient,42,32,Yes under Community Eligibility Option (CEO),true,Kindergarten,8th Grade
530117003655,Orin C Smith Elementary School,Chehalis School District,Chehalis,647,342,Yes under Community Eligibility Option (CEO),false,3rd Grade,5th Grade
530639000949,Orondo Elementary and Middle School,Orondo School District,Orondo,124,103,Yes under Community Eligibility Option (CEO),true,Prekindergarten,8th Grade
530642000950,Oroville Elementary,Oroville School District,Oroville,298,203,Yes under Community Eligibility Option (CEO),false,Prekindergarten,6th Grade
530642000951,Oroville Middle-High School,Oroville School District,Oroville,243,170,Yes under Community Eligibility Option (CEO),true,7th Grade,12th Grade
530645000952,Orting Elementary School,Orting School District,Orting,567,221,Yes participating without using any Provision or the CEO,false,Kindergarten,5th Grade
530645000953,Orting High School,Orting School District,Orting,876,323,Yes participating without using any Provision or the CEO,false,9th Grade,12th Grade
530645002066,Orting Middle School,Orting School District,Orting,643,257,Yes participating without using any Provision or the CEO,false,6th Grade,8th Grade
530648000957,Othello High School,Othello School District,Othello,1338,1094,Yes under Community Eligibility Option (CEO),true,9th Grade,12th Grade
530228000314,Otis Orchards School,East Valley School District (Spokane),Otis Orchards,339,220,Yes under Community Eligibility Option (CEO),false,Prekindergarten,6th Grade
530723001410,Out of District Facility,Renton School District,Renton,10,3,No,false,Prekindergarten,12th Grade
530513001729,Out of District Special Ed,Monroe School District,Monroe,18,8,No,false,Prekindergarten,11th Grade
530867001448,Outlook Elementary School,Sunnyside School District,Outlook,403,365,Yes under Community Eligibility Option (CEO),false,Prekindergarten,5th Grade
530612000915,P C Jantz Elementary,Odessa School District,Odessa,121,52,Yes participating without using any Provision or the CEO,false,Prekindergarten,6th Grade
530948001611,Pace Alternative High School,Wapato School District,Wapato,88,73,Yes under Community Eligibility Option (CEO),true,9th Grade,12th Grade
530570000845,Pacific Beach Elementary School,North Beach School District No. 64,Pacific Beach,91,70,Yes under Community Eligibility Option (CEO),false,Prekindergarten,6th Grade
530375003337,Pacific Cascade Middle School,Issaquah School District,Issaquah,605,65,Yes participating without using any Provision or the CEO,false,6th Grade,8th Grade
530504003616,Pacific Crest Innovation Academy,Mill A School District,cook,25,8,Yes participating without using any Provision or the CEO,false,9th Grade,12th Grade
530732003810,Pacific Crest Online Academy,Richland School District,West Richland,325,169,No,false,Kindergarten,12th Grade
530354000543,Pacific Middle School,Highline School District,Des Moines,604,449,Yes under Community Eligibility Option (CEO),true,6th Grade,8th Grade
530270001901,Pacific Middle School,Evergreen School District (Clark),Vancouver,817,306,Yes under Community Eligibility Option (CEO),false,6th Grade,8th Grade
530924003327,Paideia High School,Valley School District,Valley,23,13,Yes under Community Eligibility Option (CEO),true,9th Grade,12th Grade
530651000959,Palisades Elementary School,Palisades School District,Palisades,32,24,Yes under Community Eligibility Option (CEO),false,Prekindergarten,6th Grade
530654003134,Palouse at Garfield Middle School,Palouse School District,Palouse,34,13,No,false,6th Grade,8th Grade
530654000960,Palouse Elementary,Palouse School District,Palouse,100,47,Yes participating without using any Provision or the CEO,false,Prekindergarten,5th Grade
530654000152,Palouse High School,Palouse School District,Palouse,57,20,Yes participating without using any Provision or the CEO,false,9th Grade,12th Grade
530573002622,Palouse Junction High School,North Franklin School District,Connell,29,26,Yes under Community Eligibility Option (CEO),true,9th Grade,12th Grade
530163003305,Panorama School,Colville School District,Colville,68,49,Yes under Community Eligibility Option (CEO),true,Prekindergarten,12th Grade
530282001767,Panther Lake Elementary School,Federal Way School District,Federal Way,427,358,Yes under Community Eligibility Option (CEO),false,Prekindergarten,5th Grade
530396000628,Panther Lake Elementary School,Kent School District,Kent,396,246,Yes under Community Eligibility Option (CEO),false,Prekindergarten,5th Grade
530456002797,Parade,Riverview School District,Carnation,86,23,Yes participating without using any Provision or the CEO,false,Prekindergarten,12th Grade
530802002894,Parent Partnership,Snohomish School District,Snohomish,90,8,No,true,Kindergarten,12th Grade
530141002581,Park Lodge Elementary School,Clover Park School District,Lakewood,363,285,Yes under Community Eligibility Option (CEO),false,Prekindergarten,5th Grade
530393000607,Park Middle School,Kennewick School District,Kennewick,688,586,Yes under Community Eligibility Option (CEO),true,6th Grade,8th Grade
530396000629,Park Orchard Elementary School,Kent School District,Kent,473,336,Yes under Community Eligibility Option (CEO),false,Prekindergarten,5th Grade
530522003368,Park Orchard Elementary School,Moses Lake School District,Moses Lake,454,292,Yes under Community Eligibility Option (CEO),false,Kindergarten,5th Grade
530513003040,Park Place Middle School,Monroe School District,Monroe,755,353,Yes participating without using any Provision or the CEO,false,6th Grade,8th Grade
530405002916,Parke Creek Treatment Ctr,Kittitas School District,Ellensburg,11,5,No,false,8th Grade,12th Grade
530354000544,Parkside Elementary,Highline School District,Des Moines,535,429,Yes under Community Eligibility Option (CEO),false,Prekindergarten,5th Grade
530882001524,Parkside Elementary,Tenino School District,Tenino,316,166,Yes under Community Eligibility Option (CEO),false,Prekindergarten,2nd Grade
530042000110,Parkview Elementary School,Bellingham School District,Bellingham,422,187,Yes participating without using any Provision or the CEO,false,Prekindergarten,5th Grade
530132000238,Parkway Elementary,Clarkston School District,Clarkston,330,208,Yes under Community Eligibility Option (CEO),false,Kindergarten,6th Grade
530261002559,Parkway School,Ephrata School District,Ephrata,407,241,Yes under Community Eligibility Option (CEO),false,5th Grade,6th Grade
530792001313,Parkwood Elementary,Shoreline School District,Shoreline,390,169,Yes participating without using any Provision or the CEO,false,Kindergarten,5th Grade
530699003353,Partnership for Excellence in Alternative Remote Learning,Quilcene School District,Quilcene,373,56,No,false,Kindergarten,8th Grade
530969001646,Pasadena Park Elementary,West Valley School District (Spokane),Spokane,362,174,Yes under Community Eligibility Option (CEO),false,1st Grade,5th Grade
530657003143,Pasco Early Childhood,Pasco School District,Pasco,60,42,No,false,Prekindergarten,Prekindergarten
530657003626,Pasco Early Learning Center,Pasco School District,Pasco,318,264,Yes under Community Eligibility Option (CEO),false,Prekindergarten,Prekindergarten
530657003832,Pasco Innovative Experiences and E-Learning,Pasco School District,Pasco,70,54,No,false,Kindergarten,8th Grade
530657000969,Pasco Senior High School,Pasco School District,Pasco,2590,1873,Yes under Community Eligibility Option (CEO),true,9th Grade,12th Grade
530660000974,Pateros Elementary,Pateros School District,Pateros,118,77,Yes under Community Eligibility Option (CEO),false,Kindergarten,6th Grade
530660000975,Pateros High School,Pateros School District,Pateros,113,76,Yes under Community Eligibility Option (CEO),true,7th Grade,12th Grade
530663000976,Paterson Elementary School,Paterson School District,Paterson,134,50,Yes under Provision 2,true,Kindergarten,8th Grade
530771001102,Pathfinder K-8 School,Seattle School District No. 1,Seattle,402,66,Yes participating without using any Provision or the CEO,false,Kindergarten,8th Grade
530543003595,Pathfinder Kindergarten Center,Mukilteo School District,Everett,437,269,Yes under Community Eligibility Option (CEO),false,Prekindergarten,Kindergarten
530255000375,Paul Rumburg Elementary,Entiat School District,Entiat,231,162,Yes under Community Eligibility Option (CEO),false,Prekindergarten,5th Grade
530825003814,Pauline Flett Middle School,Spokane School District,Spokane,609,370,Yes under Community Eligibility Option (CEO),false,6th Grade,8th Grade
530666000977,Pe Ell School,Pe Ell School District,Pe Ell,284,157,Yes under Community Eligibility Option (CEO),false,Prekindergarten,12th Grade
530561003234,Pend Oreille River School,Newport School District,Newport,59,47,No,true,8th Grade,12th Grade
530522000794,Peninsula Elementary,Moses Lake School District,Moses Lake,383,220,Yes under Community Eligibility Option (CEO),false,Kindergarten,5th Grade
530669000985,Peninsula High School,Peninsula School District,Gig Harbor,1345,351,Yes participating without using any Provision or the CEO,false,9th Grade,12th Grade
530267002669,Penny Creek Elementary,Everett School District,Everett,791,279,Yes under Community Eligibility Option (CEO),false,Prekindergarten,5th Grade
530294000481,Perry G Keithley Middle School,Franklin Pierce School District,Tacoma,804,553,Yes under Community Eligibility Option (CEO),true,6th Grade,8th Grade
530095001933,Peshastin Dryden Elementary,Cascade School District,Peshastin,283,128,Yes participating without using any Provision or the CEO,false,Prekindergarten,2nd Grade
530910001543,Peter G Schmidt Elementary,Tumwater School District,Tumwater,606,272,Yes participating without using any Provision or the CEO,false,Prekindergarten,5th Grade
530423000677,Peter Kirk Elementary,Lake Washington School District,Kirkland,592,36,Yes participating without using any Provision or the CEO,false,Kindergarten,5th Grade
530927001580,Peter S Ogden Elementary,Vancouver School District,Vancouver,585,417,Yes under Community Eligibility Option (CEO),false,Prekindergarten,5th Grade
530039000082,Phantom Lake Elementary,Bellevue School District,Bellevue,430,151,Yes participating without using any Provision or the CEO,false,Prekindergarten,5th Grade
530123003413,Phil Snowdon Elementary,Cheney School District,Cheney,525,278,Yes under Community Eligibility Option (CEO),false,Prekindergarten,5th Grade
530393003231,Phoenix High School,Kennewick School District,Kennewick,58,37,Yes under Community Eligibility Option (CEO),true,9th Grade,12th Grade
530129002630,Pi Program,Chimacum School District,Chimacum,49,35,No,true,Kindergarten,12th Grade
530543001853,Picnic Point Elementary,Mukilteo School District,Edmonds,454,150,Yes under Community Eligibility Option (CEO),false,Kindergarten,5th Grade
530048003284,Pierce County Skills Center,Bethel School District,Puyallup,355,93,No,false,8th Grade,12th Grade
530375000580,Pine Lake Middle School,Issaquah School District,Sammamish,877,74,Yes participating without using any Provision or the CEO,false,6th Grade,8th Grade
530396000630,Pine Tree Elementary School,Kent School District,Kent,305,222,Yes under Community Eligibility Option (CEO),false,Prekindergarten,5th Grade
530108002655,Pinecrest Elementary,Central Kitsap School District,Bremerton,410,202,Yes under Community Eligibility Option (CEO),false,Prekindergarten,5th Grade
530486000738,Pinewood Elementary,Marysville School District,Marysville,398,226,Yes under Community Eligibility Option (CEO),false,Kindergarten,5th Grade
530035203807,Pinnacles Prep Charter School,Pinnacles Prep Charter School,Wenatchee,234,120,Yes under Community Eligibility Option (CEO),false,6th Grade,10th Grade
530024002940,Pioneer Elementary,Arlington School District,Arlington,501,197,Yes participating without using any Provision or the CEO,false,Kindergarten,5th Grade
530708001054,Pioneer Elementary,Quincy School District,Quincy,291,259,Yes under Community Eligibility Option (CEO),false,Kindergarten,5th Grade
530030000039,Pioneer Elementary School,Auburn School District,Auburn,621,447,Yes under Community Eligibility Option (CEO),false,Prekindergarten,5th Grade
530669003760,Pioneer Elementary School,Peninsula School District,Gig Harbor,481,64,Yes participating without using any Provision or the CEO,false,Kindergarten,5th Grade
530618000932,Pioneer Elementary School,Olympia School District,Olympia,384,76,Yes participating without using any Provision or the CEO,false,Prekindergarten,5th Grade
530675002457,Pioneer Elementary School,Pioneer School District,Shelton,482,323,Yes under Community Eligibility Option (CEO),false,Prekindergarten,5th Grade
530867002544,Pioneer Elementary School,Sunnyside School District,Sunnyside,602,520,Yes under Community Eligibility Option (CEO),false,Prekindergarten,5th Grade
530270000760,Pioneer Elementary School,Evergreen School District (Clark),Vancouver,550,238,Yes under Community Eligibility Option (CEO),false,Kindergarten,5th Grade
530846001431,Pioneer Middle,Steilacoom Hist. School District,DuPont,758,232,Yes participating without using any Provision or the CEO,false,6th Grade,8th Grade
530675000992,Pioneer Middle School,Pioneer School District,Shelton,250,160,Yes under Community Eligibility Option (CEO),true,6th Grade,8th Grade
530945001605,Pioneer Middle School,Walla Walla Public Schools,Walla Walla,601,398,Yes under Community Eligibility Option (CEO),true,6th Grade,8th Grade
530966001635,Pioneer Middle School,Wenatchee School District,Wenatchee,488,389,Yes under Community Eligibility Option (CEO),true,6th Grade,8th Grade
530048002430,Pioneer Valley Elementary,Bethel School District,Spanaway,524,296,Yes participating without using any Provision or the CEO,false,Kindergarten,5th Grade
530585002129,Pleasant Glade Elementary,North Thurston Public Schools,Lacey,559,252,Yes under Community Eligibility Option (CEO),false,Prekindergarten,5th Grade
530038000054,Pleasant Valley Middle,Battle Ground School District,Vancouver,447,220,Yes participating without using any Provision or the CEO,true,5th Grade,8th Grade
530038000055,Pleasant Valley Primary,Battle Ground School District,Vancouver,591,288,Yes participating without using any Provision or the CEO,false,Prekindergarten,4th Grade
530870001493,Point Defiance Elementary School,Tacoma School District,Tacoma,301,102,Yes under Community Eligibility Option (CEO),false,Kindergarten,5th Grade
530057001740,Point Roberts Primary,Blaine School District,Point Roberts,5,,No,false,Kindergarten,2nd Grade
530678000993,Pomeroy Elementary School,Pomeroy School District,Pomeroy,201,93,Yes under Community Eligibility Option (CEO),false,Prekindergarten,6th Grade
530678000994,Pomeroy Jr Sr High School,Pomeroy School District,Pomeroy,142,60,Yes under Community Eligibility Option (CEO),true,7th Grade,12th Grade
530111001756,Ponderosa Elementary,Central Valley School District,Spokane Valley,344,144,Yes under Community Eligibility Option (CEO),false,Prekindergarten,5th Grade
530696001866,Pope Elementary,Puyallup School District,Puyallup,710,348,Yes participating without using any Provision or the CEO,false,Kindergarten,6th Grade
530682001002,Port Angeles High School,Port Angeles School District,Port Angeles,974,466,Yes under Community Eligibility Option (CEO),true,9th Grade,12th Grade
530267002897,Port Gardner,Everett School District,Everett,88,28,No,false,Kindergarten,12th Grade
530834002595,Port Susan Middle School,Stanwood-Camano School District,Stanwood,530,174,Yes participating without using any Provision or the CEO,false,6th Grade,8th Grade
530684001007,Port Townsend High School,Port Townsend School District,Port Townsend,383,166,Yes participating without using any Provision or the CEO,true,9th Grade,12th Grade
530024000024,Post Middle School,Arlington School District,Arlington,645,295,Yes participating without using any Provision or the CEO,false,6th Grade,8th Grade
530576000854,Poulsbo Elementary School,North Kitsap School District,Poulsbo,487,132,Yes participating without using any Provision or the CEO,false,Prekindergarten,5th Grade
530576000851,Poulsbo Middle School,North Kitsap School District,Poulsbo,713,246,Yes participating without using any Provision or the CEO,false,6th Grade,8th Grade
530038001747,Prairie High School,Battle Ground School District,Brush Prairie,1502,653,Yes participating without using any Provision or the CEO,false,9th Grade,12th Grade
530492003193,Prairie View Elementary,Mead School District,Spokane,386,123,Yes participating without using any Provision or the CEO,false,Kindergarten,5th Grade
530825002364,Pratt Academy,Spokane School District,Spokane,0,,Yes under Community Eligibility Option (CEO),true,9th Grade,12th Grade
530852002668,Preschool,Stevenson-Carson School District,Stevenson,8,,No,false,Prekindergarten,Prekindergarten
530687001009,Prescott Elementary School,Prescott School District,Prescott,139,92,Yes under Community Eligibility Option (CEO),false,Kindergarten,5th Grade
530687001010,Prescott High School,Prescott School District,Prescott,48,35,Yes under Community Eligibility Option (CEO),true,9th Grade,12th Grade
530687003808,Prescott Middle School,Prescott School District,Prescott,38,25,No,false,6th Grade,8th Grade
530024001815,Presidents Elementary,Arlington School District,Arlington,578,259,Yes participating without using any Provision or the CEO,false,Prekindergarten,5th Grade
530939002492,Preston Hall Middle School,Waitsburg School District,Waitsburg,74,37,Yes under Community Eligibility Option (CEO),true,6th Grade,8th Grade
530771003046,Private School Services,Seattle School District No. 1,Seattle,184,21,No,false,Prekindergarten,12th Grade
530111000200,Progress Elementary School,Central Valley School District,Spokane Valley,280,216,Yes under Community Eligibility Option (CEO),false,Prekindergarten,5th Grade
530945001606,Prospect Point Elementary,Walla Walla Public Schools,Walla Walla,414,239,Yes under Community Eligibility Option (CEO),false,Kindergarten,5th Grade
530690001011,Prosser Heights Elementary,Prosser School District,Prosser,412,293,Yes under Community Eligibility Option (CEO),false,Kindergarten,5th Grade
530690001012,Prosser High School,Prosser School District,Prosser,877,546,Yes under Community Eligibility Option (CEO),true,9th Grade,12th Grade
530690003664,Prosser Opportunity Academy,Prosser School District,Prosser,48,40,No,false,9th Grade,12th Grade
530081002880,Prune Hill Elem,Camas School District,Camas,406,72,Yes participating without using any Provision or the CEO,false,Kindergarten,5th Grade
530696002995,Psd Special Services,Puyallup School District,Puyallup,52,23,No,false,Prekindergarten,12th Grade
530645002813,Ptarmigan Ridge Elementary School,Orting School District,Orting,723,281,Yes participating without using any Provision or the CEO,false,Prekindergarten,5th Grade
530039000090,Puesta Del Sol Elementary School,Bellevue School District,Bellevue,494,120,Yes participating without using any Provision or the CEO,false,Prekindergarten,5th Grade
530354003283,Puget Sound High School,Highline School District,Burien,0,,No,true,9th Grade,12th Grade
530354002103,Puget Sound Skills Center,Highline School District,Seattle,3,,Yes under Community Eligibility Option (CEO),false,10th Grade,12th Grade
530693001020,Pullman High School,Pullman School District,Pullman,838,274,Yes participating without using any Provision or the CEO,false,9th Grade,12th Grade
530669000986,Purdy Elementary School,Peninsula School District,Gig Harbor,483,100,Yes participating without using any Provision or the CEO,false,Prekindergarten,5th Grade
530696001038,Puyallup High School,Puyallup School District,Puyallup,1815,734,Yes participating without using any Provision or the CEO,true,10th Grade,12th Grade
530696003315,Puyallup Online Academy/Poa,Puyallup School District,Puyallup,199,112,No,true,Kindergarten,12th Grade
530696003442,Puyallup Open Doors/Pod,Puyallup School District,Puyallup,124,79,No,true,9th Grade,12th Grade
530696003449,Puyallup Parent Partnership Program,Puyallup School District,Puyallup,96,50,No,false,Kindergarten,8th Grade
530126002687,Quartzite Learning,Chewelah School District,Chewelah,113,74,Yes under Community Eligibility Option (CEO),true,Kindergarten,12th Grade
530771003318,Queen Anne Elementary,Seattle School District No. 1,Seattle,159,17,Yes participating without using any Provision or the CEO,false,Kindergarten,5th Grade
530138000243,Queets-Clearwater Elementary,Queets-Clearwater School District,Forks,37,29,Yes under Community Eligibility Option (CEO),true,Kindergarten,8th Grade
530486003480,Quil Ceda Tulalip Elementary,Marysville School District,Tulalip,498,355,Yes under Community Eligibility Option (CEO),false,Kindergarten,5th Grade
530699001045,Quilcene High and Elementary,Quilcene School District,Quilcene,207,128,Yes under Community Eligibility Option (CEO),false,Prekindergarten,12th Grade
530708001055,Quincy High School,Quincy School District,Quincy,860,675,Yes under Community Eligibility Option (CEO),true,9th Grade,12th Grade
530708003737,Quincy Innovation Academy,Quincy School District,Quincy,153,130,Yes under Community Eligibility Option (CEO),true,Kindergarten,12th Grade
530708003738,Quincy Innovation Academy Big Picture,Quincy School District,Quincy,24,12,No,false,6th Grade,12th Grade
530708001056,Quincy Middle School,Quincy School District,Quincy,717,573,Yes under Community Eligibility Option (CEO),true,6th Grade,8th Grade
530447000709,R a Long High School,Longview School District,Longview,926,591,Yes under Community Eligibility Option (CEO),true,9th Grade,12th Grade
530423003242,Rachel Carson Elementary,Lake Washington School District,Sammamish,486,12,Yes participating without using any Provision or the CEO,false,Prekindergarten,5th Grade
530771001236,Rainier Beach High School,Seattle School District No. 1,Seattle,854,571,Yes under Community Eligibility Option (CEO),true,9th Grade,12th Grade
530141003472,Rainier Elementary School,Clover Park School District,JBLM Lewis Main,576,282,Yes under Community Eligibility Option (CEO),false,Prekindergarten,5th Grade
530711002537,Rainier Elementary School,Rainier School District,Rainier,493,225,Yes participating without using any Provision or the CEO,false,Prekindergarten,5th Grade
530030002434,Rainier Middle School,Auburn School District,Auburn,907,550,Yes under Community Eligibility Option (CEO),true,6th Grade,8th Grade
530711001057,Rainier Middle School,Rainier School District,Rainier,241,113,Yes participating without using any Provision or the CEO,true,6th Grade,8th Grade
530033503533,Rainier Prep,Rainier Prep Charter School District,Seattle,359,266,Yes under Community Eligibility Option (CEO),true,5th Grade,8th Grade
530711001058,Rainier Senior High School,Rainier School District,Rainier,283,140,Yes participating without using any Provision or the CEO,true,9th Grade,12th Grade
530034203602,Rainier Valley Leadership Academy,Rainier Valley Leadership Academy,Seattle,121,68,Yes under Community Eligibility Option (CEO),true,6th Grade,12th Grade
530282002440,Rainier View Elementary School,Federal Way School District,Federal Way,495,388,Yes under Community Eligibility Option (CEO),false,Prekindergarten,5th Grade
530771003361,Rainier View Elementary School,Seattle School District No. 1,Seattle,167,90,Yes under Community Eligibility Option (CEO),false,Prekindergarten,5th Grade
530354002974,Raisbeck Aviation High School,Highline School District,Tukwila,400,130,Yes under Community Eligibility Option (CEO),false,9th Grade,12th Grade
530657003735,Ray Reynolds Middle School,Pasco School District,Pasco,1294,711,Yes under Community Eligibility Option (CEO),false,6th Grade,8th Grade
530714001059,Raymond Elementary School,Raymond School District,Raymond,245,167,Yes under Community Eligibility Option (CEO),false,Kindergarten,6th Grade
530714001060,Raymond Jr Sr High School,Raymond School District,Raymond,240,161,Yes under Community Eligibility Option (CEO),true,7th Grade,12th Grade
530564003523,Re-Engagement School (Nine Mile Falls),Nine Mile Falls School District,Nine Mile Falls,5,,No,false,9th Grade,12th Grade
530141002860,Re-Entry High School,Clover Park School District,Lakewood,5,,No,false,9th Grade,12th Grade
530141002861,Re-Entry Middle School,Clover Park School District,Lakewood,0,,No,true,6th Grade,8th Grade
530721001062,Reardan Elementary School,Reardan-Edwall School District,Reardan,345,166,Yes participating without using any Provision or the CEO,false,Kindergarten,6th Grade
530721001063,Reardan Middle-Senior High School,Reardan-Edwall School District,Reardan,315,141,Yes participating without using any Provision or the CEO,false,6th Grade,12th Grade
530721003809,Reardan-Edwall School District Options' Program,Reardan-Edwall School District,Reardan,65,34,No,false,Kindergarten,12th Grade
530762001122,Red Rock Elementary,Royal School District,Royal City,513,275,Yes under Community Eligibility Option (CEO),false,Prekindergarten,3rd Grade
530423000678,Redmond Elementary,Lake Washington School District,Redmond,543,161,Yes participating without using any Provision or the CEO,false,Kindergarten,5th Grade
530423000679,Redmond High School,Lake Washington School District,Redmond,2304,336,Yes participating without using any Provision or the CEO,false,9th Grade,12th Grade
530423000680,Redmond Middle School,Lake Washington School District,Redmond,1009,176,Yes participating without using any Provision or the CEO,false,6th Grade,8th Grade
530870001494,Reed Elementary School,Tacoma School District,Tacoma,426,309,Yes under Community Eligibility Option (CEO),false,Prekindergarten,5th Grade
530618000936,Reeves Middle School,Olympia School District,Olympia,394,141,Yes participating without using any Provision or the CEO,false,6th Grade,8th Grade
530825001402,Regal Elementary,Spokane School District,Spokane,381,321,Yes under Community Eligibility Option (CEO),false,Prekindergarten,5th Grade
530396002728,Regional Justice Center,Kent School District,Kent,0,,No,true,9th Grade,12th Grade
530870002171,Remann Hall Juvenile Detention Center,Tacoma School District,Tacoma,21,4,No,true,6th Grade,12th Grade
530066002573,Renaissance Alternative High School,Bremerton School District,Bremerton,81,59,Yes under Community Eligibility Option (CEO),true,9th Grade,12th Grade
530423003070,Renaissance School of Art and Reasoning,Lake Washington School District,Sammamish,80,3,No,false,6th Grade,8th Grade
530723003073,Renton Academy,Renton School District,Renton,24,15,Yes under Community Eligibility Option (CEO),true,Kindergarten,12th Grade
530723001081,Renton Park Elementary School,Renton School District,Renton,393,256,Yes under Community Eligibility Option (CEO),false,Kindergarten,5th Grade
530723001082,Renton Senior High School,Renton School District,Renton,1208,793,Yes under Community Eligibility Option (CEO),true,9th Grade,12th Grade
530032503695,Renton Technical High School,Renton Technical College,Renton,66,,No,false,11th Grade,12th Grade
530726001088,Republic Elementary School,Republic School District,Republic,152,103,Yes under Community Eligibility Option (CEO),false,Kindergarten,5th Grade
530726002949,Republic Middle School,Republic School District,Republic,86,59,Yes under Community Eligibility Option (CEO),false,6th Grade,8th Grade
530726002888,Republic Parent Partner,Republic School District,Republic,199,38,No,false,Kindergarten,12th Grade
530726001089,Republic Senior High School,Republic School District,Republic,103,67,Yes under Community Eligibility Option (CEO),true,9th Grade,12th Grade
530576001627,Richard Gordon Elementary,North Kitsap School District,Kingston,361,129,Yes participating without using any Provision or the CEO,false,Prekindergarten,5th Grade
530732001093,Richland High School,Richland School District,Richland,2218,757,Yes participating without using any Provision or the CEO,false,9th Grade,12th Grade
530732003635,Richland School District Early Learning Center,Richland School District,Richland,301,235,Yes under Community Eligibility Option (CEO),false,Prekindergarten,Prekindergarten
530393000762,Ridge View Elementary School,Kennewick School District,Kennewick,471,133,Yes under Community Eligibility Option (CEO),false,Kindergarten,5th Grade
530696001795,Ridgecrest Elementary,Puyallup School District,Puyallup,456,241,Yes participating without using any Provision or the CEO,false,Kindergarten,6th Grade
530792001314,Ridgecrest Elementary,Shoreline School District,Shoreline,424,161,Yes under Community Eligibility Option (CEO),false,Kindergarten,5th Grade
530735003697,Ridgefield Early Learning Center,Ridgefield School District,Ridgefield,100,31,No,false,Prekindergarten,Prekindergarten
530735001105,Ridgefield High School,Ridgefield School District,Ridgefield,1249,293,Yes participating without using any Provision or the CEO,false,9th Grade,12th Grade
530111003781,Ridgeline High School,Central Valley School District,Liberty Lake,1575,503,Yes participating without using any Provision or the CEO,false,9th Grade,12th Grade
531014003068,Ridgeline Middle School,Yelm School District,Yelm,568,266,Yes participating without using any Provision or the CEO,false,6th Grade,8th Grade
530108002056,Ridgetop Middle School,Central Kitsap School District,Silverdale,784,301,Yes participating without using any Provision or the CEO,false,6th Grade,8th Grade
530825001403,Ridgeview Elementary,Spokane School District,Spokane,301,219,Yes under Community Eligibility Option (CEO),false,Prekindergarten,5th Grade
531011001687,Ridgeview Elementary,Yakima School District,Yakima,533,465,Yes under Community Eligibility Option (CEO),false,Kindergarten,5th Grade
531011003420,Ridgeview Group Home,Yakima School District,Yakima,3,,No,false,7th Grade,12th Grade
530396002111,Ridgewood Elementary School,Kent School District,Renton,412,89,Yes under Community Eligibility Option (CEO),false,Prekindergarten,5th Grade
530807002355,Rise Academy,Soap Lake School District,Soap Lake,0,,No,true,9th Grade,12th Grade
530771001255,Rising Star Elementary School,Seattle School District No. 1,Seattle,324,226,Yes under Community Eligibility Option (CEO),false,Prekindergarten,5th Grade
530738001109,Ritzville Grade School,Ritzville School District,Ritzville,193,112,Yes participating without using any Provision or the CEO,false,Prekindergarten,5th Grade
530738001111,Ritzville High School,Ritzville School District,Ritzville,133,52,Yes under Community Eligibility Option (CEO),false,9th Grade,12th Grade
530396003798,River Ridge Elementary,Kent School District,SeaTac,697,507,Yes under Community Eligibility Option (CEO),false,Prekindergarten,5th Grade
530585001208,River Ridge High School,North Thurston Public Schools,Lacey,1547,725,Yes participating without using any Provision or the CEO,true,9th Grade,12th Grade
530291000469,River View High School,Finley School District,Kennewick,321,208,Yes under Community Eligibility Option (CEO),true,9th Grade,12th Grade
530111003629,Riverbend Elementary School,Central Valley School District,Spokane Valley,600,253,Yes under Community Eligibility Option (CEO),false,Kindergarten,5th Grade
530732002229,Rivers Edge High School,Richland School District,Richland,245,164,Yes under Community Eligibility Option (CEO),true,9th Grade,12th Grade
530744001115,Riverside Elementary,Riverside School District,Chattaroy,380,219,Yes under Community Eligibility Option (CEO),false,Prekindergarten,5th Grade
530744002013,Riverside High School,Riverside School District,Chattaroy,432,202,Yes under Community Eligibility Option (CEO),true,9th Grade,12th Grade
530744001114,Riverside Middle School,Riverside School District,Chattaroy,325,184,Yes under Community Eligibility Option (CEO),true,6th Grade,8th Grade
530802001326,Riverview Elementary,Snohomish School District,Snohomish,489,124,Yes participating without using any Provision or the CEO,false,Kindergarten,6th Grade
530270000424,Riverview Elementary School,Evergreen School District (Clark),Vancouver,322,158,Yes under Community Eligibility Option (CEO),false,Kindergarten,5th Grade
530771003620,Robert Eagle Staff Middle School,Seattle School District No. 1,Seattle,729,234,Yes participating without using any Provision or the CEO,false,6th Grade,8th Grade
530423000681,Robert Frost Elementary,Lake Washington School District,Kirkland,424,137,Yes participating without using any Provision or the CEO,false,Kindergarten,5th Grade
530657000970,Robert Frost Elementary,Pasco School District,Pasco,459,409,Yes under Community Eligibility Option (CEO),false,Prekindergarten,5th Grade
530003000010,Robert Gray Elementary,Aberdeen School District,Aberdeen,210,168,Yes under Community Eligibility Option (CEO),false,Prekindergarten,5th Grade
530447000710,Robert Gray Elementary,Longview School District,Longview,415,210,Yes under Community Eligibility Option (CEO),false,Kindergarten,5th Grade
530573000850,Robert L Olds Junior High School,North Franklin School District,Connell,322,255,Yes under Community Eligibility Option (CEO),true,7th Grade,8th Grade
530777003347,Robert Lince Early Learning Center,Selah School District,Selah,362,225,Yes under Community Eligibility Option (CEO),false,Prekindergarten,Kindergarten
531011001703,Robertson Elementary,Yakima School District,Yakima,473,390,Yes under Community Eligibility Option (CEO),false,Kindergarten,5th Grade
530747002267,Rochester High School,Rochester School District,Rochester,608,338,Yes participating without using any Provision or the CEO,true,9th Grade,12th Grade
530747001118,Rochester Middle School,Rochester School District,Rochester,535,321,Yes participating without using any Provision or the CEO,true,6th Grade,8th Grade
530747001117,Rochester Primary School,Rochester School District,Rochester,488,305,Yes under Community Eligibility Option (CEO),false,Prekindergarten,2nd Grade
530876000692,Rock Creek Elementary,Tahoma School District,Maple Valley,686,117,Yes participating without using any Provision or the CEO,false,Prekindergarten,5th Grade
530231000322,Rock Island Elementary,Eastmont School District,Rock Island,288,210,Yes under Community Eligibility Option (CEO),false,Kindergarten,6th Grade
530048001925,Rocky Ridge Elementary,Bethel School District,Graham,430,262,Yes under Community Eligibility Option (CEO),false,Kindergarten,5th Grade
530825001386,Rogers High School,Spokane School District,Spokane,1498,1164,Yes under Community Eligibility Option (CEO),true,9th Grade,12th Grade
530318002780,Roosevelt Elementary,Granger School District,Granger,580,509,Yes under Community Eligibility Option (CEO),false,Prekindergarten,4th Grade
530825001404,Roosevelt Elementary,Spokane School District,Spokane,402,214,Yes under Community Eligibility Option (CEO),false,Prekindergarten,6th Grade
530042000112,Roosevelt Elementary School,Bellingham School District,Bellingham,348,172,Yes under Community Eligibility Option (CEO),false,Prekindergarten,5th Grade
530618000934,Roosevelt Elementary School,Olympia School District,Olympia,340,121,Yes participating without using any Provision or the CEO,false,Kindergarten,5th Grade
530682003230,Roosevelt Elementary School,Port Angeles School District,Port Angeles,420,259,Yes under Community Eligibility Option (CEO),false,Prekindergarten,6th Grade
530753001119,Roosevelt Elementary School,Roosevelt School District,Roosevelt,25,9,No,false,Kindergarten,6th Grade
530870001497,Roosevelt Elementary School,Tacoma School District,Tacoma,270,205,Yes under Community Eligibility Option (CEO),false,Prekindergarten,5th Grade
530927000638,Roosevelt Elementary School,Vancouver School District,Vancouver,543,437,Yes under Community Eligibility Option (CEO),false,Kindergarten,5th Grade
531011001704,Roosevelt Elementary School,Yakima School District,Yakima,455,411,Yes under Community Eligibility Option (CEO),false,Kindergarten,5th Grade
530771001239,Roosevelt High School,Seattle School District No. 1,Seattle,1542,281,Yes participating without using any Provision or the CEO,false,9th Grade,12th Grade
531017103924,Rooted School Washington,Rooted School Washington,Vancouver,58,34,Yes participating without using any Provision or the CEO,false,9th Grade,12th Grade
530423003077,Rosa Parks Elementary,Lake Washington School District,Redmond,450,26,Yes participating without using any Provision or the CEO,false,Kindergarten,5th Grade
530756002422,Rosalia Elementary & Secondary School,Rosalia School District,Rosalia,163,72,Yes under Community Eligibility Option (CEO),true,Prekindergarten,12th Grade
530657003499,Rosalind Franklin STEM Elementary,Pasco School District,Pasco,543,239,Yes under Community Eligibility Option (CEO),false,Prekindergarten,5th Grade
530423000682,Rose Hill Elementary,Lake Washington School District,Kirkland,570,103,Yes participating without using any Provision or the CEO,false,Kindergarten,5th Grade
530423000683,Rose Hill Middle School,Lake Washington School District,Redmond,901,132,Yes participating without using any Provision or the CEO,false,6th Grade,8th Grade
530000300594,Rose Valley Elementary,Kelso School District,Kelso,186,77,Yes under Community Eligibility Option (CEO),false,Kindergarten,5th Grade
530657002785,Rowena Chess Elementary,Pasco School District,Pasco,436,397,Yes under Community Eligibility Option (CEO),false,Prekindergarten,5th Grade
530771001240,Roxhill Elementary School,Seattle School District No. 1,Seattle,289,173,Yes under Community Eligibility Option (CEO),false,Prekindergarten,5th Grade
530048000126,Roy Elementary,Bethel School District,Roy,285,175,Yes under Community Eligibility Option (CEO),false,Prekindergarten,5th Grade
530762001123,Royal High School,Royal School District,Royal City,592,340,Yes under Community Eligibility Option (CEO),false,9th Grade,12th Grade
530762003526,Royal Intermediate School,Royal School District,Royal City,382,205,Yes under Community Eligibility Option (CEO),false,4th Grade,6th Grade
530762001124,Royal Middle School,Royal School District,Royal City,282,172,Yes under Community Eligibility Option (CEO),true,7th Grade,8th Grade
530825003912,Ruben Trejo Dual Language Academy,Spokane School District,Spokane,275,70,Yes under Community Eligibility Option (CEO),false,Kindergarten,8th Grade
530591003746,Ruby Bridges Elementary,Northshore School District,Woodinville,503,66,Yes participating without using any Provision or the CEO,false,Prekindergarten,5th Grade
530927003913,Ruth Bader Ginsburg Elementary School,Vancouver School District,Vancouver,224,109,Yes under Community Eligibility Option (CEO),false,Kindergarten,5th Grade
530657000971,Ruth Livingston Elementary,Pasco School District,Pasco,541,253,Yes under Community Eligibility Option (CEO),false,Prekindergarten,5th Grade
530732001101,Sacajawea Elementary,Richland School District,Richland,474,235,Yes under Community Eligibility Option (CEO),false,Kindergarten,5th Grade
530771001242,Sacajawea Elementary School,Seattle School District No. 1,Seattle,220,70,Yes participating without using any Provision or the CEO,false,Prekindergarten,5th Grade
530927001581,Sacajawea Elementary School,Vancouver School District,Vancouver,403,176,Yes under Community Eligibility Option (CEO),false,Kindergarten,5th Grade
530282000448,Sacajawea Middle School,Federal Way School District,Federal Way,668,519,Yes under Community Eligibility Option (CEO),true,6th Grade,8th Grade
530825001405,Sacajawea Middle School,Spokane School District,Spokane,855,345,Yes under Community Eligibility Option (CEO),false,6th Grade,8th Grade
530936002514,Saddle Mountain Elementary,Wahluke School District,Mattawa,470,431,Yes under Community Eligibility Option (CEO),false,1st Grade,3rd Grade
530561001911,Sadie Halstead Middle School,Newport School District,Newport,272,182,Yes under Community Eligibility Option (CEO),true,5th Grade,8th Grade
530393003584,Sage Crest Elementary,Kennewick School District,Kennewick,509,147,Yes under Community Eligibility Option (CEO),false,Kindergarten,5th Grade
530261003600,Sage Hills Open Doors Youth Re-Engagement Program,Ephrata School District,Ephrata,39,32,No,false,10th Grade,12th Grade
530522003281,Sage Point Elementary School,Moses Lake School District,Moses Lake,334,136,Yes under Community Eligibility Option (CEO),false,Kindergarten,5th Grade
530447000711,Saint Helens Elementary,Longview School District,Longview,299,253,Yes under Community Eligibility Option (CEO),false,Kindergarten,5th Grade
530513001849,Salem Woods Elementary School,Monroe School District,Monroe,516,152,Yes participating without using any Provision or the CEO,false,Prekindergarten,5th Grade
530684001005,Salish Coast Elementary,Port Townsend School District,Port Townsend,528,270,Yes participating without using any Provision or the CEO,false,Prekindergarten,5th Grade
530585003587,Salish Middle School,North Thurston Public Schools,Lacey,745,360,Yes participating without using any Provision or the CEO,false,6th Grade,8th Grade
530825001406,Salk Middle School,Spokane School District,Spokane,658,409,Yes under Community Eligibility Option (CEO),true,6th Grade,8th Grade
530771002716,Salmon Bay K-8 School,Seattle School District No. 1,Seattle,595,66,Yes participating without using any Provision or the CEO,false,Kindergarten,8th Grade
530927001582,Salmon Creek Elementary,Vancouver School District,Vancouver,409,124,Yes under Community Eligibility Option (CEO),false,Kindergarten,5th Grade
530123000226,Salnave Elementary,Cheney School District,Cheney,347,184,Yes under Community Eligibility Option (CEO),false,Prekindergarten,5th Grade
530846001432,Saltars Point Elementary,Steilacoom Hist. School District,Steilacoom,437,138,Yes participating without using any Provision or the CEO,false,4th Grade,5th Grade
530423002216,Samantha Smith Elementary,Lake Washington School District,Sammamish,545,18,Yes participating without using any Provision or the CEO,false,Kindergarten,5th Grade
530774001278,Samish Elementary School,Sedro-Woolley School District,Sedro-Woolley,166,79,Yes under Community Eligibility Option (CEO),false,Kindergarten,6th Grade
530039000085,Sammamish Senior High,Bellevue School District,Bellevue,1363,590,Yes participating without using any Provision or the CEO,false,9th Grade,12th Grade
530579002220,Sand Hill Elementary,North Mason School District,Belfair,537,341,Yes under Community Eligibility Option (CEO),false,Kindergarten,5th Grade
530771003316,Sand Point Elementary,Seattle School District No. 1,Seattle,173,97,Yes under Community Eligibility Option (CEO),false,Prekindergarten,5th Grade
530771001244,Sanislo Elementary School,Seattle School District No. 1,Seattle,145,97,Yes under Community Eligibility Option (CEO),false,Kindergarten,5th Grade
530927001583,Sarah J Anderson Elementary,Vancouver School District,Vancouver,625,324,Yes under Community Eligibility Option (CEO),false,Kindergarten,5th Grade
530834003011,Saratoga School,Stanwood-Camano School District,Stanwood,218,64,No,false,Kindergarten,12th Grade
530723003651,Sartori Elementary School,Renton School District,Renton,510,145,Yes under Community Eligibility Option (CEO),false,Kindergarten,5th Grade
530768001126,Satsop Elementary,Satsop School District,Satsop,63,35,Yes participating without using any Provision or the CEO,false,Kindergarten,6th Grade
530948001616,Satus Elementary,Wapato School District,Wapato,298,253,Yes under Community Eligibility Option (CEO),false,3rd Grade,5th Grade
530396001610,Sawyer Woods Elementary School,Kent School District,Black Diamond,303,88,Yes under Community Eligibility Option (CEO),false,Prekindergarten,5th Grade
530825002534,Sccp Images,Spokane School District,Spokane,53,24,No,false,12th Grade,12th Grade
530396000631,Scenic Hill Elementary School,Kent School District,Kent,481,355,Yes under Community Eligibility Option (CEO),false,Prekindergarten,5th Grade
530486002590,School Home Partnership Program,Marysville School District,Marysville,18,9,No,true,Kindergarten,8th Grade
530111003012,School to Life,Central Valley School District,Spokane Valley,38,27,No,false,12th Grade,12th Grade
530870003286,Science and Math Institute,Tacoma School District,Tacoma,597,213,Yes under Community Eligibility Option (CEO),false,9th Grade,12th Grade
530648000958,Scootney Springs Elementary,Othello School District,Othello,605,476,Yes under Community Eligibility Option (CEO),false,Kindergarten,6th Grade
530240000338,Scriber Lake High School,Edmonds School District,Edmonds,197,131,Yes under Community Eligibility Option (CEO),true,9th Grade,12th Grade
530945003481,SE Area Technical Skills Center,Walla Walla Public Schools,Walla Walla,6,,No,false,11th Grade,12th Grade
530354000549,Seahurst Elementary School,Highline School District,Burien,405,282,Yes under Community Eligibility Option (CEO),false,Prekindergarten,5th Grade
530802002028,Seattle Hill Elementary,Snohomish School District,Everett,567,115,Yes participating without using any Provision or the CEO,false,Kindergarten,6th Grade
530771001311,Seattle World School,Seattle School District No. 1,Seattle,218,195,Yes under Community Eligibility Option (CEO),true,6th Grade,12th Grade
530682003728,Seaview Academy,Port Angeles School District,Port Angeles,238,155,No,false,Kindergarten,12th Grade
530240000359,Seaview Elementary,Edmonds School District,Edmonds,402,100,Yes participating without using any Provision or the CEO,false,Kindergarten,6th Grade
530591000892,Secondary Academy for Success,Northshore School District,Bothell,76,33,Yes participating without using any Provision or the CEO,false,9th Grade,12th Grade
530774001279,Sedro Woolley Senior High School,Sedro-Woolley School District,Sedro-Woolley,1280,610,Yes under Community Eligibility Option (CEO),true,9th Grade,12th Grade
530042000113,Sehome High School,Bellingham School District,Bellingham,1116,334,Yes participating without using any Provision or the CEO,false,9th Grade,12th Grade
530777003676,Selah Academy Auxiliary,Selah School District,Yakima,13,3,No,false,6th Grade,12th Grade
530777002149,Selah Academy Online,Selah School District,Selah,35,16,No,true,9th Grade,12th Grade
530777001282,Selah High School,Selah School District,Selah,1159,595,Yes under Community Eligibility Option (CEO),true,9th Grade,12th Grade
530777003348,Selah Homelink,Selah School District,Selah,33,19,No,false,Kindergarten,8th Grade
530777003546,Selah Intermediate School,Selah School District,Selah,806,490,Yes under Community Eligibility Option (CEO),false,3rd Grade,5th Grade
530777003554,Selah Middle School,Selah School District,Selah,871,450,Yes under Community Eligibility Option (CEO),true,6th Grade,8th Grade
530777003710,Selah Open Doors,Selah School District,Selah,13,10,No,false,9th Grade,12th Grade
530780003074,Selkirk Elementary School,Selkirk School District,Metaline Falls,124,87,Yes under Community Eligibility Option (CEO),false,Prekindergarten,5th Grade
530780003344,Selkirk High School,Selkirk School District,Ione,76,40,Yes under Community Eligibility Option (CEO),false,9th Grade,12th Grade
530780003341,Selkirk Middle School,Selkirk School District,Ione,52,37,Yes under Community Eligibility Option (CEO),true,6th Grade,8th Grade
530111003706,Selkirk Middle School,Central Valley School District,Liberty Lake,613,219,Yes participating without using any Provision or the CEO,false,6th Grade,8th Grade
530936002787,Sentinel Tech Alt School,Wahluke School District,Mattawa,36,33,Yes under Community Eligibility Option (CEO),true,6th Grade,12th Grade
530783002617,Sequim Middle School,Sequim School District,Sequim,548,276,Yes under Provision 2,true,6th Grade,8th Grade
530783001289,Sequim Senior High,Sequim School District,Sequim,804,375,Yes under Provision 2,true,9th Grade,12th Grade
530267001765,Sequoia High School,Everett School District,Everett,145,98,Yes under Community Eligibility Option (CEO),true,9th Grade,12th Grade
530282002964,Sequoyah Middle School,Federal Way School District,Auburn,570,435,Yes under Community Eligibility Option (CEO),true,6th Grade,8th Grade
530543000821,Serene Lake Elementary,Mukilteo School District,Edmonds,455,230,Yes under Community Eligibility Option (CEO),false,Kindergarten,5th Grade
530969002419,Seth Woodard Elementary,West Valley School District (Spokane),Spokane,262,176,Yes under Community Eligibility Option (CEO),false,Kindergarten,5th Grade
530585002327,Seven Oaks Elementary,North Thurston Public Schools,Lacey,428,223,Yes participating without using any Provision or the CEO,false,Prekindergarten,5th Grade
530825001407,Shadle Park High School,Spokane School District,Spokane,1445,822,Yes under Community Eligibility Option (CEO),false,9th Grade,12th Grade
530876001517,Shadow Lake Elementary,Tahoma School District,Maple Valley,479,170,Yes participating without using any Provision or the CEO,false,Prekindergarten,5th Grade
530270002878,Shahala Middle School,Evergreen School District (Clark),Vancouver,732,230,Yes under Community Eligibility Option (CEO),false,6th Grade,8th Grade
530945001608,Sharpstein Elementary School,Walla Walla Public Schools,Walla Walla,340,267,Yes under Community Eligibility Option (CEO),false,Kindergarten,5th Grade
530786001291,Shaw Island Elementary School,Shaw Island School District,Shaw Island,8,,No,false,Kindergarten,8th Grade
530825001408,Shaw Middle School,Spokane School District,Spokane,693,549,Yes under Community Eligibility Option (CEO),true,6th Grade,8th Grade
530696000691,Shaw Road Elementary,Puyallup School District,Puyallup,615,216,Yes participating without using any Provision or the CEO,false,Kindergarten,6th Grade
530790001295,Shelton High School,Shelton School District,Shelton,1455,850,Yes under Community Eligibility Option (CEO),true,9th Grade,12th Grade
530790003632,Shelton Open Doors,Shelton School District,Shelton,22,10,No,false,9th Grade,12th Grade
530591000893,Shelton View Elementary,Northshore School District,Bothell,513,85,Yes participating without using any Provision or the CEO,false,Prekindergarten,5th Grade
530870001500,Sheridan Elementary School,Tacoma School District,Tacoma,525,363,Yes under Community Eligibility Option (CEO),false,Prekindergarten,5th Grade
530870001501,Sherman Elementary School,Tacoma School District,Tacoma,432,84,Yes under Community Eligibility Option (CEO),false,Kindergarten,5th Grade
530240000360,Sherwood Elementary,Edmonds School District,Edmonds,491,112,Yes participating without using any Provision or the CEO,false,Kindergarten,6th Grade
530039000086,Sherwood Forest Elementary,Bellevue School District,Bellevue,415,218,Yes under Community Eligibility Option (CEO),false,Prekindergarten,5th Grade
530282002301,Sherwood Forest Elementary School,Federal Way School District,Federal Way,325,224,Yes under Community Eligibility Option (CEO),false,Prekindergarten,5th Grade
530492001789,Shiloh Hills Elementary,Mead School District,Spokane,465,329,Yes under Community Eligibility Option (CEO),false,Kindergarten,5th Grade
530048001750,Shining Mountain Elementary,Bethel School District,Spanaway,613,403,Yes under Community Eligibility Option (CEO),false,Kindergarten,5th Grade
530792001315,Shorecrest High School,Shoreline School District,Shoreline,1565,503,Yes participating without using any Provision or the CEO,false,9th Grade,12th Grade
530354000550,Shorewood Elementary,Highline School District,Burien,400,232,Yes under Community Eligibility Option (CEO),false,Prekindergarten,5th Grade
530792001317,Shorewood High School,Shoreline School District,Shoreline,1544,485,Yes participating without using any Provision or the CEO,false,9th Grade,12th Grade
530486000739,Shoultes Elementary,Marysville School District,Marysville,348,207,Yes under Community Eligibility Option (CEO),false,Kindergarten,5th Grade
530813001342,Showalter Middle School,Tukwila School District,Seattle,651,491,Yes under Community Eligibility Option (CEO),true,6th Grade,8th Grade
530867003504,SHS Graduation Alliance,Sunnyside School District,Sunnyside,4,,No,true,9th Grade,12th Grade
530042000114,Shuksan Middle School,Bellingham School District,Bellingham,606,316,Yes under Community Eligibility Option (CEO),true,6th Grade,8th Grade
530816002360,Sidney Glen Elementary School,South Kitsap School District,Port Orchard,502,212,Yes participating without using any Provision or the CEO,false,Prekindergarten,5th Grade
530723001084,Sierra Heights Elementary School,Renton School District,Renton,323,174,Yes under Community Eligibility Option (CEO),false,Kindergarten,5th Grade
530867003037,Sierra Vista Middle School,Sunnyside School District,Sunnyside,549,499,Yes under Community Eligibility Option (CEO),true,6th Grade,8th Grade
530270000425,Sifton Elementary School,Evergreen School District (Clark),Vancouver,484,240,Yes under Community Eligibility Option (CEO),false,Prekindergarten,5th Grade
530042000115,Silver Beach Elementary School,Bellingham School District,Bellingham,357,85,Yes participating without using any Provision or the CEO,false,Prekindergarten,5th Grade
530267002208,Silver Firs Elementary,Everett School District,Everett,538,119,Yes participating without using any Provision or the CEO,false,Prekindergarten,5th Grade
530267000409,Silver Lake Elementary,Everett School District,Everett,550,393,Yes under Community Eligibility Option (CEO),false,Prekindergarten,5th Grade
530282002255,Silver Lake Elementary School,Federal Way School District,Federal Way,382,285,Yes under Community Eligibility Option (CEO),false,Prekindergarten,5th Grade
530108002287,Silver Ridge Elementary,Central Kitsap School District,Silverdale,430,141,Yes participating without using any Provision or the CEO,false,Prekindergarten,5th Grade
530270000426,Silver Star Elementary School,Evergreen School District (Clark),Vancouver,381,228,Yes under Community Eligibility Option (CEO),false,Prekindergarten,5th Grade
530108001754,Silverdale Elementary,Central Kitsap School District,Silverdale,413,150,Yes participating without using any Provision or the CEO,false,Prekindergarten,5th Grade
530948003641,Simcoe Elementary School,Wapato School District,Wapato,329,302,Yes under Community Eligibility Option (CEO),false,Kindergarten,2nd Grade
530516000781,Simpson Avenue Elementary,Montesano School District,Montesano,402,166,Yes participating without using any Provision or the CEO,false,3rd Grade,6th Grade
530540003006,Skagit Academy,Mount Vernon School District,Mount Vernon,300,135,No,false,Kindergarten,12th Grade
530000802921,Skagit County Detention Center,Northwest Educational Service District 189,Mount Vernon,4,,No,false,8th Grade,12th Grade
530795001319,Skamania Elementary,Skamania School District,Skamania,108,50,Yes under Community Eligibility Option (CEO),true,Kindergarten,8th Grade
530966000097,Skill Source,Wenatchee School District,Wenatchee,3,,No,false,9th Grade,12th Grade
530513002675,Sky Valley Education Center,Monroe School District,Monroe,985,244,No,false,Kindergarten,12th Grade
530855003210,Sky Valley Options,Sultan School District,Sultan,34,15,No,true,9th Grade,12th Grade
530798001320,Skykomish Elementary School,Skykomish School District,Skykomish,39,18,Yes under Community Eligibility Option (CEO),true,Prekindergarten,8th Grade
530798001321,Skykomish High School,Skykomish School District,Skykomish,13,7,Yes under Community Eligibility Option (CEO),true,9th Grade,12th Grade
530420000527,Skyline Elementary,Lake Stevens School District,Lake Stevens,562,198,Yes participating without using any Provision or the CEO,false,Prekindergarten,5th Grade
530492003779,Skyline Elementary,Mead School District,Spokane,412,70,Yes participating without using any Provision or the CEO,false,Kindergarten,5th Grade
530285001768,Skyline Elementary School,Ferndale School District,Ferndale,496,280,Yes under Community Eligibility Option (CEO),false,Kindergarten,5th Grade
530870001506,Skyline Elementary School,Tacoma School District,Tacoma,329,175,Yes under Community Eligibility Option (CEO),false,Prekindergarten,5th Grade
530375002567,Skyline High School,Issaquah School District,Sammamish,2244,199,Yes participating without using any Provision or the CEO,false,9th Grade,12th Grade
530081002512,Skyridge Middle School,Camas School District,Camas,760,125,Yes participating without using any Provision or the CEO,false,6th Grade,8th Grade
530927002555,Skyview High School,Vancouver School District,Vancouver,1869,647,Yes under Community Eligibility Option (CEO),false,9th Grade,12th Grade
530591000480,Skyview Middle School,Northshore School District,Bothell,1215,203,Yes participating without using any Provision or the CEO,false,6th Grade,8th Grade
530315000497,Smith Elementary School,Grandview School District,Grandview,477,412,Yes under Community Eligibility Option (CEO),false,Prekindergarten,5th Grade
530802002593,Snohomish Center,Snohomish School District,Snohomish,37,6,No,true,Prekindergarten,12th Grade
530000802095,Snohomish Detention Center,Northwest Educational Service District 189,Everett,8,,No,false,6th Grade,12th Grade
530802001328,Snohomish High School,Snohomish School District,Snohomish,1496,377,Yes participating without using any Provision or the CEO,false,9th Grade,12th Grade
530804003309,Snoqualmie Access,Snoqualmie Valley School District,Snoqualmie,12,3,No,false,Prekindergarten,12th Grade
530804001332,Snoqualmie Elementary,Snoqualmie Valley School District,Snoqualmie,547,81,Yes participating without using any Provision or the CEO,false,Prekindergarten,5th Grade
530804003693,Snoqualmie Middle School,Snoqualmie Valley School District,Snoqualmie,496,54,Yes participating without using any Provision or the CEO,false,6th Grade,8th Grade
530804003394,Snoqualmie Parent Partnership Program,Snoqualmie Valley School District,Snoqualmie,203,38,No,false,Kindergarten,12th Grade
530807001334,Soap Lake Elementary,Soap Lake School District,Soap Lake,328,252,Yes under Community Eligibility Option (CEO),false,Prekindergarten,6th Grade
530807001335,Soap Lake Middle & High School,Soap Lake School District,Soap Lake,263,217,Yes under Community Eligibility Option (CEO),true,7th Grade,12th Grade
530039000087,Somerset Elementary School,Bellevue School District,Bellevue,741,57,Yes participating without using any Provision or the CEO,false,Kindergarten,5th Grade
530033002734,Sonoji Sakai Intermediate,Bainbridge Island School District,Bainbridge Island,456,62,Yes participating without using any Provision or the CEO,false,5th Grade,6th Grade
530396000633,Soos Creek Elementary School,Kent School District,Kent,290,126,Yes under Community Eligibility Option (CEO),false,Prekindergarten,5th Grade
530585000871,South Bay Elementary,North Thurston Public Schools,Lacey,595,252,Yes participating without using any Provision or the CEO,false,Prekindergarten,5th Grade
530810001337,South Bend High School,South Bend School District,South Bend,258,182,Yes under Community Eligibility Option (CEO),true,7th Grade,12th Grade
530816001356,South Colby Elementary,South Kitsap School District,Port Orchard,276,118,Yes participating without using any Provision or the CEO,false,Prekindergarten,5th Grade
530816001357,South Kitsap High School,South Kitsap School District,Port Orchard,2448,1064,Yes participating without using any Provision or the CEO,false,9th Grade,12th Grade
530111000201,South Pines Elementary,Central Valley School District,Spokane Valley,288,174,Yes under Community Eligibility Option (CEO),false,Prekindergarten,5th Grade
530735001106,South Ridge Elementary,Ridgefield School District,Ridgefield,758,232,Yes participating without using any Provision or the CEO,false,Kindergarten,4th Grade
530771002933,South Shore PK-8 School,Seattle School District No. 1,Seattle,546,350,Yes under Community Eligibility Option (CEO),true,Prekindergarten,8th Grade
530819002050,South Whidbey Academy,South Whidbey School District,Langley,42,18,Yes under Community Eligibility Option (CEO),false,10th Grade,12th Grade
530819002240,South Whidbey Elementary,South Whidbey School District,Langley,485,190,Yes participating without using any Provision or the CEO,false,Kindergarten,5th Grade
530819001878,South Whidbey High School,South Whidbey School District,Langley,390,145,Yes participating without using any Provision or the CEO,false,9th Grade,12th Grade
530819001358,South Whidbey Middle,South Whidbey School District,Langley,290,100,Yes participating without using any Provision or the CEO,false,6th Grade,8th Grade
530393000608,Southgate Elementary School,Kennewick School District,Kennewick,416,227,Yes under Community Eligibility Option (CEO),false,Kindergarten,5th Grade
530393002009,Southridge High School,Kennewick School District,Kennewick,1612,848,Yes under Community Eligibility Option (CEO),false,9th Grade,12th Grade
530822001360,Southside Elementary,Southside School District,Shelton,208,93,Yes participating without using any Provision or the CEO,false,Kindergarten,7th Grade
530000100382,Southwood Elementary School,Enumclaw School District,Enumclaw,358,134,Yes participating without using any Provision or the CEO,false,Kindergarten,5th Grade
531014001715,Southworth Elementary,Yelm School District,Yelm,671,312,Yes participating without using any Provision or the CEO,false,Prekindergarten,5th Grade
530048000127,Spanaway Elementary,Bethel School District,Spanaway,371,263,Yes under Community Eligibility Option (CEO),false,Kindergarten,5th Grade
530048001821,Spanaway Lake High School,Bethel School District,Spanaway,1787,1082,Yes under Community Eligibility Option (CEO),true,9th Grade,12th Grade
530048000128,Spanaway Middle School,Bethel School District,Tacoma,766,519,Yes under Community Eligibility Option (CEO),true,6th Grade,8th Grade
530030002904,Special Ed School,Auburn School District,Auburn,35,11,No,false,Prekindergarten,12th Grade
530000303076,Special Education,Kelso School District,Kelso,19,13,No,false,Prekindergarten,12th Grade
530594002047,Special Education,Oak Harbor School District,Oak Harbor,135,56,No,false,Prekindergarten,Prekindergarten
530682003096,Special Education,Port Angeles School District,Port Angeles,14,8,No,false,Prekindergarten,12th Grade
530966001636,Special Education School,Wenatchee School District,Wenatchee,158,78,No,false,Prekindergarten,9th Grade
530141002862,Special Education Services/Relife,Clover Park School District,Lakewood,4,,No,true,Prekindergarten,12th Grade
530732002941,Special Programs,Richland School District,West Richland,14,3,No,false,Prekindergarten,12th Grade
530066003269,Special Services,Bremerton School District,Bremerton,15,11,No,false,Prekindergarten,Prekindergarten
530132002613,Special Services,Clarkston School District,Clarkston,54,39,No,false,Prekindergarten,12th Grade
530267002818,Special Services,Everett School District,Everett,95,32,No,true,Prekindergarten,12th Grade
530543002820,Special Services,Mukilteo School District,Everett,45,22,No,true,Prekindergarten,12th Grade
530870003275,Special Services,Tacoma School District,Tacoma,9,3,No,true,Prekindergarten,12th Grade
530166003177,Special Services School,Concrete School District,Concrete,1,,No,false,Prekindergarten,Prekindergarten
530696001040,Spinning Elementary,Puyallup School District,Puyallup,299,164,Yes under Community Eligibility Option (CEO),false,Kindergarten,6th Grade
530039000088,Spiritridge Elementary School,Bellevue School District,Bellevue,546,108,Yes participating without using any Provision or the CEO,false,Kindergarten,5th Grade
530825002164,Spokane Area Professional-Technical Skills Center,Spokane School District,Spokane,20,8,No,false,9th Grade,12th Grade
530033703539,Spokane International Academy,Spokane International Academy,Spokane,824,456,Yes participating without using any Provision or the CEO,true,Kindergarten,12th Grade
530001002930,Spokane Juvenile Detention School,Educational Service District 101,Spokane,19,8,No,true,6th Grade,12th Grade
530825003502,Spokane Public Montessori,Spokane School District,Spokane,413,121,Yes under Community Eligibility Option (CEO),false,Prekindergarten,8th Grade
530969003769,Spokane Valley High School,West Valley School District (Spokane),Spokane,229,144,Yes under Community Eligibility Option (CEO),true,9th Grade,12th Grade
530111003387,Spokane Valley Tech Skills Center,Central Valley School District,Spokane Valley,28,3,Yes participating without using any Provision or the CEO,false,9th Grade,12th Grade
530825003815,Spokane Virtual Academy,Spokane School District,Spokane,247,158,No,false,Prekindergarten,12th Grade
530828001418,Sprague Elementary,Sprague School District,Sprague,33,20,Yes under Community Eligibility Option (CEO),false,Prekindergarten,4th Grade
530828001419,Sprague High School,Sprague School District,Sprague,22,10,Yes under Community Eligibility Option (CEO),true,9th Grade,12th Grade
530396000635,Springbrook Elementary School,Kent School District,Kent,350,239,Yes under Community Eligibility Option (CEO),false,Prekindergarten,5th Grade
530483000731,Springdale Elementary,Mary Walker School District,Springdale,227,190,Yes under Community Eligibility Option (CEO),false,Prekindergarten,5th Grade
530483000732,Springdale Middle School,Mary Walker School District,Springdale,112,90,Yes under Community Eligibility Option (CEO),true,6th Grade,8th Grade
530240000362,Spruce Elementary,Edmonds School District,Lynnwood,632,410,Yes under Community Eligibility Option (CEO),false,Kindergarten,6th Grade
530042002693,Squalicum High School,Bellingham School District,Bellingham,1273,550,Yes under Community Eligibility Option (CEO),true,9th Grade,12th Grade
530831001420,St John Elementary,St. John School District,Saint John,85,31,Yes participating without using any Provision or the CEO,false,Prekindergarten,5th Grade
530831001421,St John/Endicott High,St. John School District,Saint John,60,33,Yes under Community Eligibility Option (CEO),true,9th Grade,12th Grade
530870001502,Stadium High School,Tacoma School District,Tacoma,1700,649,Yes under Community Eligibility Option (CEO),false,9th Grade,12th Grade
530870002174,Stanley Elementary School,Tacoma School District,Tacoma,325,215,Yes under Community Eligibility Option (CEO),false,Prekindergarten,5th Grade
531011001713,Stanton Academy,Yakima School District,Yakima,183,170,Yes under Community Eligibility Option (CEO),true,9th Grade,12th Grade
530834001425,Stanwood Elementary School,Stanwood-Camano School District,Stanwood,430,171,Yes participating without using any Provision or the CEO,false,Prekindergarten,5th Grade
530834001423,Stanwood High School,Stanwood-Camano School District,Stanwood,1384,429,Yes participating without using any Provision or the CEO,false,9th Grade,12th Grade
530834001424,Stanwood Middle School,Stanwood-Camano School District,Stanwood,528,195,Yes participating without using any Provision or the CEO,false,6th Grade,8th Grade
530282000449,Star Lake Elementary School,Federal Way School District,Kent,434,304,Yes under Community Eligibility Option (CEO),false,Prekindergarten,5th Grade
530840001427,Starbuck School,Starbuck School District,Starbuck,17,3,Yes under Community Eligibility Option (CEO),true,Kindergarten,8th Grade
530774002148,State Street High School,Sedro-Woolley School District,Sedro-Woolley,159,93,Yes under Community Eligibility Option (CEO),true,9th Grade,12th Grade
530843001428,Stehekin Elementary,Stehekin School District,Stehekin,12,,No,false,Kindergarten,8th Grade
530846001807,Steilacoom High,Steilacoom Hist. School District,Steilacoom,968,263,Yes participating without using any Provision or the CEO,false,9th Grade,12th Grade
530423002983,Stella Schola,Lake Washington School District,Redmond,90,3,No,false,6th Grade,8th Grade
530111003657,STEM Academy at Svt,Central Valley School District,Spokane Valley,190,41,No,false,9th Grade,12th Grade
530315003550,Step to College Open Doors High School,Grandview School District,Grandview,5,,No,true,9th Grade,12th Grade
530771003618,Stephen Decatur Elementary School,Seattle School District No. 1,Seattle,188,13,Yes participating without using any Provision or the CEO,false,Kindergarten,5th Grade
530849001433,Steptoe Elementary School,Steptoe School District,Steptoe,47,,No,false,Prekindergarten,8th Grade
530231003822,Sterling Junior High School,Eastmont School District,East Wenatchee,676,362,Yes under Community Eligibility Option (CEO),false,7th Grade,9th Grade
530420003634,Stevens Creek Elementary,Lake Stevens School District,Lake Stevens,701,240,Yes participating without using any Provision or the CEO,false,Kindergarten,5th Grade
530825001412,Stevens Elementary,Spokane School District,Spokane,438,383,Yes under Community Eligibility Option (CEO),false,Prekindergarten,5th Grade
530003000011,Stevens Elementary School,Aberdeen School District,Aberdeen,332,289,Yes under Community Eligibility Option (CEO),false,Prekindergarten,5th Grade
530771001251,Stevens Elementary School,Seattle School District No. 1,Seattle,150,51,Yes participating without using any Provision or the CEO,false,Kindergarten,5th Grade
530657000973,Stevens Middle School,Pasco School District,Pasco,956,877,Yes under Community Eligibility Option (CEO),true,6th Grade,8th Grade
530682001004,Stevens Middle School,Port Angeles School District,Port Angeles,461,260,Yes under Community Eligibility Option (CEO),true,7th Grade,8th Grade
530039000089,Stevenson Elementary,Bellevue School District,Bellevue,581,324,Yes under Community Eligibility Option (CEO),false,Prekindergarten,5th Grade
530852001436,Stevenson High School,Stevenson-Carson School District,Stevenson,271,145,Yes under Community Eligibility Option (CEO),false,9th Grade,12th Grade
530696001031,Stewart Elementary,Puyallup School District,Puyallup,343,202,Yes under Community Eligibility Option (CEO),false,Prekindergarten,6th Grade
530870001504,Stewart Middle School,Tacoma School District,Tacoma,650,457,Yes under Community Eligibility Option (CEO),true,6th Grade,8th Grade
530024002589,Stillaguamish Valley Learning Center,Arlington School District,Arlington,181,47,Yes under Community Eligibility Option (CEO),false,Kindergarten,8th Grade
530456002258,Stillwater Elementary,Riverview School District,Carnation,491,118,Yes participating without using any Provision or the CEO,false,Kindergarten,5th Grade
530561002462,Stratton Elementary,Newport School District,Newport,399,274,Yes under Community Eligibility Option (CEO),false,Prekindergarten,4th Grade
530001002929,Structural Alt Confinement School,Educational Service District 101,Spokane,14,11,No,true,8th Grade,12th Grade
530765003929,Stuart Island Elementary,San Juan Island School District,Stuart Island,3,,No,false,Kindergarten,8th Grade
530930003112,Student Link,Vashon Island School District,Vashon,50,28,No,true,9th Grade,12th Grade
530855002480,Student Services School,Sultan School District,Sultan,32,14,No,false,Prekindergarten,Prekindergarten
530855001438,Sultan Elementary School,Sultan School District,Sultan,676,274,Yes participating without using any Provision or the CEO,false,Kindergarten,5th Grade
530855001439,Sultan Middle School,Sultan School District,Sultan,462,244,Yes participating without using any Provision or the CEO,true,6th Grade,8th Grade
530855002168,Sultan Senior High School,Sultan School District,Sultan,581,306,Yes participating without using any Provision or the CEO,true,9th Grade,12th Grade
530855003765,Sultan Virtual Academy,Sultan School District,Sultan,30,13,No,false,Kindergarten,12th Grade
530567000840,Sumas Elementary,Nooksack Valley School District,Sumas,295,184,Yes under Community Eligibility Option (CEO),false,Prekindergarten,5th Grade
530034303611,Summit Public School: Atlas,Summit Public School: Atlas,Seattle,566,246,Yes participating without using any Provision or the CEO,false,6th Grade,12th Grade
530033303541,Summit Public School: Olympus,Summit Public School: Olympus,Tacoma,110,64,No,true,9th Grade,12th Grade
530033403510,Summit Public School: Sierra,Summit Public School: Sierra,Seattle,214,82,Yes participating without using any Provision or the CEO,false,9th Grade,12th Grade
530111000188,Summit School,Central Valley School District,Spokane Valley,383,144,Yes participating without using any Provision or the CEO,false,Kindergarten,8th Grade
530876002979,Summit Trail Middle School,Tahoma School District,Ravensdale,1097,164,Yes participating without using any Provision or the CEO,false,6th Grade,8th Grade
530858001203,Summit Valley School,Summit Valley School District,Addy,108,93,Yes under Community Eligibility Option (CEO),true,Prekindergarten,8th Grade
530038001069,Summit View High School,Battle Ground School District,Brush Prairie,319,137,Yes participating without using any Provision or the CEO,false,9th Grade,12th Grade
530585003804,Summit Virtual Academy,North Thurston Public Schools,Lacey,355,200,No,false,Kindergarten,12th Grade
530972001652,Summitview Elementary,West Valley School District (Yakima),Yakima,475,316,Yes under Community Eligibility Option (CEO),false,Kindergarten,5th Grade
530861001446,Sumner High School,Sumner-Bonney Lake School District,Sumner,1857,647,Yes participating without using any Provision or the CEO,false,9th Grade,12th Grade
530861001447,Sumner Middle School,Sumner-Bonney Lake School District,Sumner,674,294,Yes participating without using any Provision or the CEO,true,6th Grade,8th Grade
530861003243,Sumner Special Services,Sumner-Bonney Lake School District,Sumner,35,8,Yes participating without using any Provision or the CEO,false,Prekindergarten,Prekindergarten
530867003250,Sun Valley Elementary School,Sunnyside School District,Sunnyside,474,416,Yes under Community Eligibility Option (CEO),false,Prekindergarten,Kindergarten
530375000581,Sunny Hills Elementary,Issaquah School District,Sammamish,574,65,Yes participating without using any Provision or the CEO,false,Kindergarten,5th Grade
530282000450,Sunnycrest Elementary School,Federal Way School District,Kent,535,434,Yes under Community Eligibility Option (CEO),false,Prekindergarten,5th Grade
530420000655,Sunnycrest Elementary School,Lake Stevens School District,Lake Stevens,695,206,Yes participating without using any Provision or the CEO,false,Prekindergarten,5th Grade
530042000116,Sunnyland Elementary School,Bellingham School District,Bellingham,288,127,Yes under Community Eligibility Option (CEO),false,Prekindergarten,5th Grade
530486000740,Sunnyside Elementary,Marysville School District,Marysville,452,195,Yes under Community Eligibility Option (CEO),false,Kindergarten,5th Grade
530693001021,Sunnyside Elementary,Pullman School District,Pullman,326,98,Yes participating without using any Provision or the CEO,false,Prekindergarten,5th Grade
530867001449,Sunnyside High School,Sunnyside School District,Sunnyside,2122,1760,Yes under Community Eligibility Option (CEO),true,9th Grade,12th Grade
530816001803,Sunnyslope Elementary School,South Kitsap School District,Port Orchard,503,210,Yes participating without using any Provision or the CEO,false,Prekindergarten,5th Grade
530966001637,Sunnyslope Elementary School,Wenatchee School District,Wenatchee,292,91,Yes under Community Eligibility Option (CEO),false,Kindergarten,5th Grade
530000100478,Sunrise Elementary,Enumclaw School District,Enumclaw,382,139,Yes participating without using any Provision or the CEO,false,Kindergarten,5th Grade
530696001041,Sunrise Elementary,Puyallup School District,Puyallup,724,387,Yes under Community Eligibility Option (CEO),false,Prekindergarten,6th Grade
530591001993,Sunrise Elementary,Northshore School District,Redmond,322,20,Yes participating without using any Provision or the CEO,false,Prekindergarten,5th Grade
530111001827,Sunrise Elementary,Central Valley School District,Spokane Valley,644,166,Yes participating without using any Provision or the CEO,false,Prekindergarten,5th Grade
530396000706,Sunrise Elementary School,Kent School District,Kent,512,227,Yes under Community Eligibility Option (CEO),false,Prekindergarten,5th Grade
530123000227,Sunset Elementary,Cheney School District,Airway Heights,634,493,Yes under Community Eligibility Option (CEO),false,Prekindergarten,5th Grade
530375002307,Sunset Elementary,Issaquah School District,Bellevue,499,96,Yes participating without using any Provision or the CEO,false,Prekindergarten,5th Grade
530270000427,Sunset Elementary School,Evergreen School District (Clark),Vancouver,415,232,Yes under Community Eligibility Option (CEO),false,Prekindergarten,5th Grade
530918001551,Sunset Primary,University Place School District,University Place,548,207,Yes participating without using any Provision or the CEO,false,Prekindergarten,4th Grade
530735003660,Sunset Ridge Intermediate School,Ridgefield School District,Ridgefield,616,168,Yes participating without using any Provision or the CEO,false,5th Grade,6th Grade
530393001774,Sunset View Elementary School,Kennewick School District,Kennewick,411,225,Yes under Community Eligibility Option (CEO),false,Kindergarten,5th Grade
530282002961,Support School,Federal Way School District,Federal Way,55,26,No,false,Prekindergarten,12th Grade
530576000855,Suquamish Elementary School,North Kitsap School District,Suquamish,314,175,Yes participating without using any Provision or the CEO,false,Prekindergarten,5th Grade
530288000467,Surprise Lake Middle School,Fife School District,Milton,613,340,Yes under Community Eligibility Option (CEO),false,6th Grade,7th Grade
530669003806,Swift Water Elementary,Peninsula School District,Gig Harbor,519,70,Yes participating without using any Provision or the CEO,false,Kindergarten,5th Grade
530135002987,Swiftwater Alternative High School,Cle Elum-Roslyn School District,Cle Elum,20,13,Yes under Community Eligibility Option (CEO),true,9th Grade,12th Grade
530354000554,Sylvester Middle School,Highline School District,Burien,582,288,Yes under Community Eligibility Option (CEO),true,6th Grade,8th Grade
530870003889,Tacoma Online Elementary School,Tacoma School District,Tacoma,144,95,Yes under Community Eligibility Option (CEO),false,Kindergarten,5th Grade
530870003891,Tacoma Online High School,Tacoma School District,Tacoma,497,335,No,false,9th Grade,12th Grade
530870003890,Tacoma Online Middle School,Tacoma School District,Tacoma,170,110,No,false,6th Grade,8th Grade
530870003444,Tacoma Open Doors,Tacoma School District,Tacoma,392,248,Yes under Community Eligibility Option (CEO),false,9th Grade,12th Grade
530870002846,Tacoma School of the Arts,Tacoma School District,Tacoma,658,301,Yes under Community Eligibility Option (CEO),false,9th Grade,12th Grade
530873002956,Taholah Elementary & Middle School,Taholah School District,Taholah,126,104,No,true,Kindergarten,8th Grade
530873001514,Taholah High School,Taholah School District,Taholah,66,51,Yes under Community Eligibility Option (CEO),false,9th Grade,12th Grade
530876003604,Tahoma Elementary,Tahoma School District,Maple Valley,688,142,Yes participating without using any Provision or the CEO,false,Prekindergarten,5th Grade
530876001519,Tahoma Senior High School,Tahoma School District,Maple Valley,2919,564,Yes participating without using any Provision or the CEO,false,9th Grade,12th Grade
530723001085,Talbot Hill Elementary School,Renton School District,Renton,445,218,Yes under Community Eligibility Option (CEO),false,Kindergarten,5th Grade
530723003400,Talley High School,Renton School District,Seattle,248,160,Yes under Community Eligibility Option (CEO),true,6th Grade,12th Grade
530267003699,Tambark Creek Elementary School,Everett School District,Bothell,740,82,Yes participating without using any Provision or the CEO,false,Prekindergarten,5th Grade
530732001103,Tapteal Elementary School,Richland School District,West Richland,458,245,Yes under Community Eligibility Option (CEO),false,Prekindergarten,5th Grade
530282003610,Technology Access Foundation Academy at Saghalie,Federal Way School District,Federal Way,532,394,Yes under Community Eligibility Option (CEO),true,6th Grade,12th Grade
530861003643,Tehaleh Heights Elementary School,Sumner-Bonney Lake School District,Bonney Lake,627,115,Yes participating without using any Provision or the CEO,false,Prekindergarten,5th Grade
530879001520,Tekoa Elementary School,Tekoa School District,Tekoa,91,39,Yes under Community Eligibility Option (CEO),false,Prekindergarten,5th Grade
530879001521,Tekoa High School,Tekoa School District,Tekoa,115,60,Yes under Community Eligibility Option (CEO),true,6th Grade,12th Grade
530882002241,Tenino Elementary School,Tenino School District,Tenino,293,171,Yes under Community Eligibility Option (CEO),false,3rd Grade,5th Grade
530882001522,Tenino High School,Tenino School District,Tenino,383,174,Yes participating without using any Provision or the CEO,true,9th Grade,12th Grade
530882001523,Tenino Middle School,Tenino School District,Tenino,291,153,Yes under Community Eligibility Option (CEO),true,6th Grade,8th Grade
530030000041,Terminal Park Elementary School,Auburn School District,Auburn,610,423,Yes under Community Eligibility Option (CEO),false,Prekindergarten,5th Grade
530537000808,Terrace Heights Elementary,East Valley School District (Yakima),Yakima,454,301,Yes under Community Eligibility Option (CEO),false,Kindergarten,5th Grade
530240002292,Terrace Park Elementary,Edmonds School District,Mtlk Terrace,295,91,Yes participating without using any Provision or the CEO,false,Kindergarten,6th Grade
530771002842,The Center School,Seattle School District No. 1,Seattle,165,24,Yes participating without using any Provision or the CEO,false,9th Grade,12th Grade
530825003401,The Community School,Spokane School District,Spokane,165,81,Yes under Community Eligibility Option (CEO),false,9th Grade,12th Grade
530825002678,The Healing Lodge,Spokane School District,Spokane,24,3,No,false,8th Grade,12th Grade
530081003689,The Heights Learning Center,Camas School District,Camas,215,18,No,false,Prekindergarten,Prekindergarten
530396003564,The Outreach Program,Kent School District,Kent,62,52,Yes under Community Eligibility Option (CEO),false,12th Grade,12th Grade
530870002177,The School at Pearl Youth Residence,Tacoma School District,Tacoma,21,6,Yes under Community Eligibility Option (CEO),true,6th Grade,12th Grade
530282000451,Thomas Jefferson High School,Federal Way School District,Auburn,1810,1301,Yes under Community Eligibility Option (CEO),true,9th Grade,12th Grade
530927002944,Thomas Jefferson Middle School,Vancouver School District,Vancouver,786,277,Yes under Community Eligibility Option (CEO),false,6th Grade,8th Grade
530141000272,Thomas Middle School,Clover Park School District,Lakewood,934,594,Yes under Community Eligibility Option (CEO),true,6th Grade,8th Grade
530315000500,Thompson Elementary School,Grandview School District,Grandview,549,457,Yes under Community Eligibility Option (CEO),false,Prekindergarten,5th Grade
530048003091,Thompson Preschool,Bethel School District,Tacoma,227,125,Yes under Community Eligibility Option (CEO),false,Prekindergarten,Kindergarten
530813001343,Thorndyke Elementary,Tukwila School District,Seattle,386,334,Yes under Community Eligibility Option (CEO),false,Prekindergarten,5th Grade
530771001253,Thornton Creek Elementary School,Seattle School District No. 1,Seattle,402,63,Yes participating without using any Provision or the CEO,false,Prekindergarten,5th Grade
530885001525,Thorp Elem & Jr Sr High,Thorp School District,Thorp,247,133,Yes participating without using any Provision or the CEO,false,Kindergarten,12th Grade
530657003686,Three Rivers Elementary,Pasco School District,Pasco,657,426,Yes under Community Eligibility Option (CEO),false,Prekindergarten,5th Grade
530732003273,Three Rivers Home Link,Richland School District,Richland,756,163,Yes participating without using any Provision or the CEO,false,Kindergarten,12th Grade
530123002684,Three Springs High School,Cheney School District,Cheney,103,86,Yes under Community Eligibility Option (CEO),true,9th Grade,12th Grade
530000102795,Thunder Mountain Middle School,Enumclaw School District,Enumclaw,506,150,Yes participating without using any Provision or the CEO,false,6th Grade,8th Grade
530771002347,Thurgood Marshall Elementary,Seattle School District No. 1,Seattle,500,195,Yes under Community Eligibility Option (CEO),false,Prekindergarten,5th Grade
530618001737,Thurgood Marshall Middle School,Olympia School District,Olympia,469,187,Yes participating without using any Provision or the CEO,false,6th Grade,8th Grade
530910002380,Thurs Co Juv Det/Tumwater West E,Tumwater School District,Tumwater,5,,No,false,6th Grade,12th Grade
530351000517,Tieton Elementary School,Highland School District,Tieton,202,153,Yes under Community Eligibility Option (CEO),false,3rd Grade,5th Grade
530723001087,Tiffany Park Elementary School,Renton School District,Renton,379,235,Yes under Community Eligibility Option (CEO),false,Kindergarten,5th Grade
530261003671,Tiger Cubs Eceap,Ephrata School District,Ephrata,83,80,No,false,Prekindergarten,Prekindergarten
530141000158,Tillicum Elementary School,Clover Park School District,Lakewood,272,217,Yes under Community Eligibility Option (CEO),false,Prekindergarten,5th Grade
530039000093,Tillicum Middle School,Bellevue School District,Bellevue,676,134,Yes participating without using any Provision or the CEO,false,6th Grade,8th Grade
530804003560,Timber Ridge Elementary School,Snoqualmie Valley School District,Snoqualmie,607,73,Yes participating without using any Provision or the CEO,false,Kindergarten,5th Grade
530591002571,Timbercrest Middle School,Northshore School District,Woodinville,665,64,Yes participating without using any Provision or the CEO,false,6th Grade,8th Grade
530585000872,Timberline High School,North Thurston Public Schools,Lacey,1401,573,Yes participating without using any Provision or the CEO,false,9th Grade,12th Grade
530423003708,Timberline Middle School,Lake Washington School District,Redmond,788,56,Yes participating without using any Provision or the CEO,false,6th Grade,8th Grade
530282003154,Todd Beamer High School,Federal Way School District,Federal Way,1412,1028,Yes under Community Eligibility Option (CEO),true,9th Grade,12th Grade
530891001526,Toledo Elementary School,Toledo School District,Toledo,432,211,Yes under Provision 2,false,Prekindergarten,5th Grade
530891001527,Toledo High School,Toledo School District,Toledo,250,111,Yes under Community Eligibility Option (CEO),true,9th Grade,12th Grade
530891001528,Toledo Middle School,Toledo School District,Toledo,186,90,Yes under Community Eligibility Option (CEO),true,6th Grade,8th Grade
530456002119,Tolt Middle School,Riverview School District,Carnation,633,141,Yes participating without using any Provision or the CEO,false,6th Grade,8th Grade
530894003709,Tonasket Choice High School,Tonasket School District,Tonasket,22,19,No,false,9th Grade,12th Grade
530894001529,Tonasket Elementary School,Tonasket School District,Tonasket,476,354,Yes under Community Eligibility Option (CEO),false,Prekindergarten,5th Grade
530894001530,Tonasket High School,Tonasket School District,Tonasket,280,199,Yes under Community Eligibility Option (CEO),true,9th Grade,12th Grade
530894001647,Tonasket Middle School,Tonasket School District,Tonasket,221,156,Yes under Community Eligibility Option (CEO),true,6th Grade,8th Grade
530894003673,Tonasket Outreach School,Tonasket School District,Tonasket,105,72,No,false,Kindergarten,12th Grade
530897001534,Toppenish High School,Toppenish School District,Toppenish,969,773,Yes under Community Eligibility Option (CEO),true,9th Grade,12th Grade
530897001535,Toppenish Middle School,Toppenish School District,Toppenish,757,679,Yes under Community Eligibility Option (CEO),true,6th Grade,8th Grade
530897002835,Toppenish Pre School,Toppenish School District,Toppenish,198,183,Yes under Community Eligibility Option (CEO),false,Prekindergarten,Prekindergarten
530771001307,Tops K-8 School,Seattle School District No. 1,Seattle,447,130,Yes participating without using any Provision or the CEO,false,Prekindergarten,8th Grade
530802002432,Totem Falls,Snohomish School District,Snohomish,412,45,Yes participating without using any Provision or the CEO,false,Kindergarten,6th Grade
530486000735,Totem Middle School,Marysville School District,Marysville,522,356,Yes under Community Eligibility Option (CEO),true,6th Grade,8th Grade
530900001536,Touchet Elem & High School,Touchet School District,Touchet,251,150,Yes participating without using any Provision or the CEO,false,Kindergarten,12th Grade
530618003386,Touchstone,Olympia School District,Olympia,2,,No,false,6th Grade,12th Grade
530903002069,Toutle Lake Elementary,Toutle Lake School District,Toutle,365,154,Yes participating without using any Provision or the CEO,false,Kindergarten,6th Grade
530903001538,Toutle Lake High School,Toutle Lake School District,Toutle,308,153,Yes participating without using any Provision or the CEO,true,7th Grade,12th Grade
530048003923,Transition 18-21 Program,Bethel School District,Spanaway,58,29,No,false,12th Grade,12th Grade
530141003396,Transition Day Students,Clover Park School District,Lakewood,8,,No,true,5th Grade,12th Grade
530228000315,Trent School,East Valley School District (Spokane),Spokane Valley,511,434,Yes under Community Eligibility Option (CEO),false,Prekindergarten,6th Grade
530228000316,Trentwood School,East Valley School District (Spokane),Spokane Valley,402,261,Yes under Community Eligibility Option (CEO),false,Prekindergarten,6th Grade
530906002657,Trout Lake Elementary,Trout Lake School District,Trout Lake,79,26,No,false,Kindergarten,4th Grade
530906001539,Trout Lake School,Trout Lake School District,Trout Lake,130,59,No,false,5th Grade,12th Grade
530870001507,Truman Middle School,Tacoma School District,Tacoma,438,217,Yes under Community Eligibility Option (CEO),true,6th Grade,8th Grade
530038003214,Tukes Valley Middle School,Battle Ground School District,Battle Ground,449,194,Yes participating without using any Provision or the CEO,false,5th Grade,8th Grade
530038003228,Tukes Valley Primary,Battle Ground School District,Battle Ground,546,234,Yes participating without using any Provision or the CEO,false,Prekindergarten,4th Grade
530813001344,Tukwila Elementary,Tukwila School District,Tukwila,458,327,Yes under Community Eligibility Option (CEO),false,Prekindergarten,5th Grade
530910001544,Tumwater High School,Tumwater School District,Tumwater,1117,342,Yes participating without using any Provision or the CEO,false,9th Grade,12th Grade
530910002381,Tumwater Hill Elementary,Tumwater School District,Tumwater,400,150,Yes participating without using any Provision or the CEO,false,Prekindergarten,5th Grade
530910001545,Tumwater Middle School,Tumwater School District,Tumwater,665,237,Yes participating without using any Provision or the CEO,false,6th Grade,8th Grade
530166000084,Twin Cedars High School,Concrete School District,Concrete,0,,No,true,7th Grade,12th Grade
530834002367,Twin City Elementary,Stanwood-Camano School District,Stanwood,440,150,Yes participating without using any Provision or the CEO,false,Kindergarten,5th Grade
530804003252,Twin Falls Middle School,Snoqualmie Valley School District,North Bend,556,93,Yes participating without using any Provision or the CEO,false,6th Grade,8th Grade
530003003334,Twin Harbors a Branch of New Market Skills Center,Aberdeen School District,Aberdeen,31,7,No,false,9th Grade,12th Grade
530282000453,Twin Lakes Elementary School,Federal Way School District,Federal Way,371,269,Yes under Community Eligibility Option (CEO),false,Prekindergarten,5th Grade
530804002158,Two Rivers School,Snoqualmie Valley School District,Snoqualmie,56,12,Yes participating without using any Provision or the CEO,false,9th Grade,12th Grade
530354000555,Tyee High School,Highline School District,SeaTac,644,488,Yes under Community Eligibility Option (CEO),true,9th Grade,12th Grade
530039000094,Tyee Middle School,Bellevue School District,Bellevue,1007,189,Yes participating without using any Provision or the CEO,false,6th Grade,8th Grade
530141000270,Tyee Park Elementary School,Clover Park School District,Lakewood,381,319,Yes under Community Eligibility Option (CEO),false,Prekindergarten,5th Grade
530001203521,Ugrad Esd123 Re-Engagement Program,Educational Service District 123,Pasco,353,,No,false,9th Grade,12th Grade
530915002382,Union Gap School,Union Gap School District,Union Gap,558,494,Yes under Community Eligibility Option (CEO),true,Prekindergarten,8th Grade
530270003222,Union High School,Evergreen School District (Clark),Camas,1989,618,Yes under Community Eligibility Option (CEO),false,9th Grade,12th Grade
530735001107,Union Ridge Elementary,Ridgefield School District,Ridgefield,708,192,Yes participating without using any Provision or the CEO,false,Kindergarten,4th Grade
530111000203,University Elementary School,Central Valley School District,Spokane Valley,291,186,Yes under Community Eligibility Option (CEO),false,Prekindergarten,5th Grade
530111000204,University High School,Central Valley School District,Spokane Valley,1410,609,Yes participating without using any Provision or the CEO,true,9th Grade,12th Grade
530918001553,University Place Primary,University Place School District,University Pla,522,214,Yes participating without using any Provision or the CEO,false,Prekindergarten,4th Grade
530834002824,Utsalady Elementary,Stanwood-Camano School District,Camano Island,391,127,Yes participating without using any Provision or the CEO,false,Kindergarten,5th Grade
530096000170,Vale Elementary School,Cashmere School District,Cashmere,638,332,Yes participating without using any Provision or the CEO,false,Prekindergarten,4th Grade
530282000454,Valhalla Elementary School,Federal Way School District,Auburn,517,389,Yes under Community Eligibility Option (CEO),false,Prekindergarten,5th Grade
530966003678,Valley Academy of Learning K-8,Wenatchee School District,Wenatchee,188,52,No,false,Kindergarten,8th Grade
530924003475,Valley Early Learning Center,Valley School District,Valley,47,23,No,false,Prekindergarten,Prekindergarten
530966003727,Valley Online Academy,Wenatchee School District,Wenatchee,23,16,No,false,Kindergarten,12th Grade
530924001555,Valley School,Valley School District,Valley,166,102,Yes under Community Eligibility Option (CEO),true,Kindergarten,8th Grade
530354003220,Valley View Early Childhood Center,Highline School District,SeaTac,225,193,Yes under Community Eligibility Option (CEO),false,Prekindergarten,Prekindergarten
530897003027,Valley View Elementary,Toppenish School District,Toppenish,484,441,Yes under Community Eligibility Option (CEO),false,Kindergarten,5th Grade
530246000688,Valley View Elementary School,Ellensburg School District,Ellensburg,408,152,Yes participating without using any Provision or the CEO,false,Kindergarten,5th Grade
530802001790,Valley View Middle School,Snohomish School District,Snohomish,641,136,Yes participating without using any Provision or the CEO,false,7th Grade,8th Grade
530927002943,Vancouver Home Connection,Vancouver School District,Vancouver,159,73,Yes under Community Eligibility Option (CEO),false,Kindergarten,12th Grade
530927003914,Vancouver Innovation Technology and Arts Elementary,Vancouver School District,Vancouver,300,95,Yes under Community Eligibility Option (CEO),false,Kindergarten,5th Grade
530927003415,Vancouver Itech Preparatory,Vancouver School District,Vancouver,600,218,Yes under Community Eligibility Option (CEO),false,6th Grade,12th Grade
530927002508,Vancouver School of Arts and Academics,Vancouver School District,Vancouver,787,247,Yes under Community Eligibility Option (CEO),false,6th Grade,12th Grade
530927003882,Vancouver Success Academy,Vancouver School District,Vancouver,75,58,Yes under Community Eligibility Option (CEO),false,Kindergarten,12th Grade
530927003246,Vancouver Virtual Learning Academy,Vancouver School District,Vancouver,238,132,No,true,Kindergarten,12th Grade
530522003895,Vanguard Academy,Moses Lake School District,Moses Lake,387,233,Yes under Community Eligibility Option (CEO),false,9th Grade,12th Grade
530930001591,Vashon Island High School,Vashon Island School District,Vashon,511,132,Yes participating without using any Provision or the CEO,false,9th Grade,12th Grade
530669000988,Vaughn Elementary School,Peninsula School District,Vaughn,326,150,Yes participating without using any Provision or the CEO,false,Prekindergarten,5th Grade
530723003603,Vera Risdon Middle School,Renton School District,Newcastle,751,295,Yes participating without using any Provision or the CEO,false,6th Grade,8th Grade
530522003801,Vicki I. Groff Elementary School,Moses Lake School District,Moses Lake,413,202,Yes under Community Eligibility Option (CEO),false,Kindergarten,5th Grade
530861001886,Victor Falls Elementary,Sumner-Bonney Lake School District,Bonney Lake,513,169,Yes participating without using any Provision or the CEO,false,Prekindergarten,5th Grade
530267000410,View Ridge Elementary,Everett School District,Everett,497,301,Yes under Community Eligibility Option (CEO),false,Prekindergarten,5th Grade
530066000146,View Ridge Elementary Arts Academy,Bremerton School District,Bremerton,388,255,Yes under Community Eligibility Option (CEO),false,Prekindergarten,5th Grade
530771001256,View Ridge Elementary School,Seattle School District No. 1,Seattle,290,32,Yes participating without using any Provision or the CEO,false,Prekindergarten,5th Grade
530735001108,View Ridge Middle School,Ridgefield School District,Ridgefield,666,197,Yes participating without using any Provision or the CEO,false,7th Grade,8th Grade
530771003356,Viewlands Elementary School,Seattle School District No. 1,Seattle,290,122,Yes under Community Eligibility Option (CEO),false,Prekindergarten,5th Grade
530576001626,Vinland Elementary,North Kitsap School District,Poulsbo,527,166,Yes participating without using any Provision or the CEO,false,Prekindergarten,5th Grade
530657002951,Virgie Robinson Elementary,Pasco School District,Pasco,473,423,Yes under Community Eligibility Option (CEO),false,Prekindergarten,5th Grade
530840003817,Virtual Preparatory Academy of Washington,Starbuck School District,Starbuck,748,73,No,false,Kindergarten,12th Grade
530042002774,Visions (Seamar Youth Center),Bellingham School District,Bellingham,11,7,No,false,6th Grade,12th Grade
530393000609,Vista Elementary School,Kennewick School District,Kennewick,409,257,Yes under Community Eligibility Option (CEO),false,Kindergarten,5th Grade
530285000463,Vista Middle School,Ferndale School District,Ferndale,550,306,Yes under Community Eligibility Option (CEO),true,6th Grade,8th Grade
530462002605,Vossbeck Elementary School,Lynden School District,Lynden,468,241,Yes participating without using any Provision or the CEO,false,Kindergarten,5th Grade
530669002266,Voyager Elementary,Peninsula School District,Gig Harbor,443,54,Yes participating without using any Provision or the CEO,false,Kindergarten,5th Grade
530543000719,Voyager Middle School,Mukilteo School District,Everett,902,535,Yes under Community Eligibility Option (CEO),true,6th Grade,8th Grade
530117000217,W F West High School,Chehalis School District,Chehalis,950,413,Yes participating without using any Provision or the CEO,true,9th Grade,12th Grade
530042003225,Wade King Elementary School,Bellingham School District,Bellingham,297,65,Yes participating without using any Provision or the CEO,false,Prekindergarten,5th Grade
530648003393,Wahitis Elementary School,Othello School District,Othello,606,496,Yes under Community Eligibility Option (CEO),false,Kindergarten,6th Grade
530933001594,Wahkiakum High School,Wahkiakum School District,Cathlamet,127,66,Yes under Community Eligibility Option (CEO),true,9th Grade,12th Grade
530936002070,Wahluke High School,Wahluke School District,Mattawa,750,693,Yes under Community Eligibility Option (CEO),true,9th Grade,12th Grade
530936003264,Wahluke Junior High,Wahluke School District,Mattawa,554,526,Yes under Community Eligibility Option (CEO),true,6th Grade,8th Grade
530870001508,Wainwright Intermediate School,Tacoma School District,Tacoma,368,219,Yes under Community Eligibility Option (CEO),true,4th Grade,8th Grade
530939001596,Waitsburg Elementary School,Waitsburg School District,Waitsburg,148,70,Yes participating without using any Provision or the CEO,false,Prekindergarten,5th Grade
530939001597,Waitsburg High School,Waitsburg School District,Waitsburg,87,42,Yes participating without using any Provision or the CEO,false,9th Grade,12th Grade
530630000946,Waldron Island School,Orcas Island School District,Waldron Island,5,,No,false,1st Grade,8th Grade
530945003773,Walla Walla Center for Children and Families,Walla Walla Public Schools,Walla Walla,108,78,Yes under Community Eligibility Option (CEO),false,Prekindergarten,Kindergarten
530945003826,Walla Walla County Juvenile Detention,Walla Walla Public Schools,Walla Walla,5,,No,false,8th Grade,12th Grade
530945001609,Walla Walla High School,Walla Walla Public Schools,Walla Walla,1554,922,Yes under Community Eligibility Option (CEO),true,9th Grade,12th Grade
530945003774,Walla Walla Online,Walla Walla Public Schools,Walla Walla,72,40,No,false,Kindergarten,12th Grade
530945003590,Walla Walla Open Doors,Walla Walla Public Schools,Walla Walla,105,88,Yes under Community Eligibility Option (CEO),false,11th Grade,12th Grade
530981003500,Wallace & Priscilla Stevenson Intermediate School,White Salmon Valley School District,White Salmon,163,91,Yes participating without using any Provision or the CEO,false,5th Grade,6th Grade
530000300596,Wallace Elementary,Kelso School District,Kelso,333,283,Yes under Community Eligibility Option (CEO),false,Kindergarten,5th Grade
530696001042,Waller Road Elementary,Puyallup School District,Tacoma,306,186,Yes under Community Eligibility Option (CEO),false,Kindergarten,6th Grade
530927001586,Walnut Grove Elementary,Vancouver School District,Vancouver,681,409,Yes under Community Eligibility Option (CEO),false,Kindergarten,5th Grade
530135000242,Walter Strom Middle School,Cle Elum-Roslyn School District,Cle Elum,206,82,Yes participating without using any Provision or the CEO,true,6th Grade,8th Grade
530948001617,Wapato High School,Wapato School District,Wapato,853,691,Yes under Community Eligibility Option (CEO),true,9th Grade,12th Grade
530948001615,Wapato Middle School,Wapato School District,Wapato,737,653,Yes under Community Eligibility Option (CEO),true,6th Grade,8th Grade
530948003893,Wapato Online Academy 6-8,Wapato School District,Wapato,8,,No,false,6th Grade,8th Grade
530948003894,Wapato Online Academy 9-12,Wapato School District,Wapato,33,23,No,false,9th Grade,12th Grade
530948003892,Wapato Online Academy K-5,Wapato School District,Wapato,6,,No,false,Kindergarten,5th Grade
530951001618,Warden Elementary,Warden School District,Warden,416,324,Yes under Community Eligibility Option (CEO),false,Prekindergarten,5th Grade
530951001619,Warden High School,Warden School District,Warden,290,224,Yes under Community Eligibility Option (CEO),true,9th Grade,12th Grade
530951001620,Warden Middle School,Warden School District,Warden,227,186,Yes under Community Eligibility Option (CEO),true,6th Grade,8th Grade
530696002341,Warren Hunt Elem,Puyallup School District,Puyallup,681,333,Yes participating without using any Provision or the CEO,false,Prekindergarten,6th Grade
530480003569,Washington Connections Academy - Mary M. Knight,Mary M Knight School District,Tumwater,600,197,No,false,Kindergarten,8th Grade
530309003751,Washington Connections Academy Goldendale,Goldendale School District,Lacy,2121,889,No,false,Kindergarten,12th Grade
530810003933,Washington Digital Academy,South Bend School District,South Bend,458,227,No,false,Kindergarten,12th Grade
530867001452,Washington Elementary,Sunnyside School District,Sunnyside,602,512,Yes under Community Eligibility Option (CEO),false,Prekindergarten,5th Grade
530927001587,Washington Elementary,Vancouver School District,Vancouver,244,183,Yes under Community Eligibility Option (CEO),false,Kindergarten,5th Grade
530030000042,Washington Elementary School,Auburn School District,Auburn,501,372,Yes under Community Eligibility Option (CEO),false,Prekindergarten,5th Grade
530114000211,Washington Elementary School,Centralia School District,Centralia,294,228,Yes under Community Eligibility Option (CEO),false,Kindergarten,6th Grade
530393000610,Washington Elementary School,Kennewick School District,Kennewick,405,271,Yes under Community Eligibility Option (CEO),false,Kindergarten,5th Grade
530540000814,Washington Elementary School,Mount Vernon School District,Mount Vernon,318,255,Yes under Community Eligibility Option (CEO),false,Kindergarten,5th Grade
530870001509,Washington Elementary School,Tacoma School District,Tacoma,383,80,Yes under Community Eligibility Option (CEO),false,Prekindergarten,5th Grade
530966001638,Washington Elementary School,Wenatchee School District,Wenatchee,554,314,Yes under Community Eligibility Option (CEO),false,Kindergarten,5th Grade
530294000483,Washington High School,Franklin Pierce School District,Tacoma,989,683,Yes under Community Eligibility Option (CEO),true,9th Grade,12th Grade
530618000935,Washington Middle School,Olympia School District,Olympia,702,152,Yes participating without using any Provision or the CEO,false,6th Grade,8th Grade
530771001259,Washington Middle School,Seattle School District No. 1,Seattle,566,324,Yes under Community Eligibility Option (CEO),false,6th Grade,8th Grade
531011001708,Washington Middle School,Yakima School District,Yakima,748,718,Yes under Community Eligibility Option (CEO),true,6th Grade,8th Grade
530423003289,Washington Network for Innovative Careers Skill Center,Lake Washington School District,Redmond,266,6,No,false,9th Grade,12th Grade
530031802385,Washington State School for the Blind,Office of the Governor (Sch for Blind),Vancouver,50,22,Yes participating without using any Provision or the CEO,true,6th Grade,12th Grade
530001501016,Washington State School for the Deaf,Washington Center for Deaf and Hard of Hearing Youth,Vancouver,127,86,Yes participating without using any Provision or the CEO,false,Prekindergarten,12th Grade
530622003282,Washington Virtual Academy Omak Elementary,Omak School District,Omak,1290,979,No,false,Kindergarten,5th Grade
530622003304,Washington Virtual Academy Omak High School,Omak School District,Omak,1841,1285,No,true,9th Grade,12th Grade
530622003307,Washington Virtual Academy Omak Middle School,Omak School District,Omak,1168,875,No,false,6th Grade,8th Grade
530032403412,Washington Youth Academy,Washington Military Department,Bremerton,0,,Yes participating without using any Provision or the CEO,true,9th Grade,12th Grade
530954001624,Washougal High School,Washougal School District,Washougal,942,376,Yes participating without using any Provision or the CEO,false,9th Grade,12th Grade
530954003730,Washougal Learning Academy,Washougal School District,Washougal,13,5,No,false,Kindergarten,12th Grade
530954002889,Washougal Special Services,Washougal School District,Washougal,36,15,No,false,Prekindergarten,Prekindergarten
530957001625,Washtucna Elementary/High School,Washtucna School District,Washtucna,71,52,Yes under Community Eligibility Option (CEO),true,Prekindergarten,12th Grade
530960002192,Waterville Elementary,Waterville School District,Waterville,129,69,Yes participating without using any Provision or the CEO,false,Kindergarten,5th Grade
530960001628,Waterville High School,Waterville School District,Waterville,127,74,Yes under Community Eligibility Option (CEO),true,6th Grade,12th Grade
530981001666,Wayne M Henkle Middle School,White Salmon Valley School District,White Salmon,167,79,Yes participating without using any Provision or the CEO,true,7th Grade,8th Grade
530771001261,Wedgwood Elementary School,Seattle School District No. 1,Seattle,333,41,Yes participating without using any Provision or the CEO,false,Kindergarten,5th Grade
530591000894,Wellington Elementary,Northshore School District,Woodinville,380,49,Yes participating without using any Provision or the CEO,false,Kindergarten,5th Grade
530963003146,Wellpinit Elementary School,Wellpinit School District #49,Wellpinit,136,121,Yes under Community Eligibility Option (CEO),false,Kindergarten,5th Grade
530963001629,Wellpinit High School,Wellpinit School District #49,Wellpinit,108,95,Yes under Community Eligibility Option (CEO),true,9th Grade,12th Grade
530963003150,Wellpinit Middle School,Wellpinit School District #49,Wellpinit W,83,75,Yes under Community Eligibility Option (CEO),true,6th Grade,8th Grade
530963003572,Wellpinit Open Doors High School,Wellpinit School District #49,Wellpinit W,88,30,No,false,9th Grade,12th Grade
530966001639,Wenatchee High School,Wenatchee School District,Wenatchee,2066,1262,Yes under Community Eligibility Option (CEO),false,9th Grade,12th Grade
530966002783,Wenatchee Valley Technical Skills Center,Wenatchee School District,Wenatchee,8,,No,false,9th Grade,12th Grade
530030003902,West Auburn Senior High School,Auburn School District,Auburn,506,353,Yes under Community Eligibility Option (CEO),true,Kindergarten,12th Grade
530066000144,West Hills S.t.e.m. Academy,Bremerton School District,Bremerton,283,200,Yes under Community Eligibility Option (CEO),true,Prekindergarten,5th Grade
530498000765,West Mercer Elementary,Mercer Island School District,Mercer Island,431,34,Yes participating without using any Provision or the CEO,false,Kindergarten,5th Grade
530771001182,West Seattle Elementary School,Seattle School District No. 1,Seattle,376,303,Yes under Community Eligibility Option (CEO),false,Prekindergarten,5th Grade
530771001262,West Seattle High School,Seattle School District No. 1,Seattle,1479,272,Yes participating without using any Provision or the CEO,false,9th Grade,12th Grade
530066002081,West Sound Technical Skills Center,Bremerton School District,Bremerton,8,,No,false,11th Grade,12th Grade
530969002685,West Valley City School,West Valley School District (Spokane),Spokane,200,99,Yes under Community Eligibility Option (CEO),true,5th Grade,8th Grade
530969003570,West Valley Early Learning Center,West Valley School District (Spokane),Spokane Valley,91,67,Yes under Community Eligibility Option (CEO),false,Prekindergarten,Prekindergarten
530969001648,West Valley High School,West Valley School District (Spokane),Spokane,836,421,Yes under Community Eligibility Option (CEO),true,9th Grade,12th Grade
530972001654,West Valley High School,West Valley School District (Yakima),Yakima,1494,720,Yes participating without using any Provision or the CEO,false,9th Grade,12th Grade
530972003820,West Valley Innovation Center,West Valley School District (Yakima),Yakima,195,109,Yes under Community Eligibility Option (CEO),false,7th Grade,12th Grade
530972001653,West Valley Mid-Level Campus,West Valley School District (Yakima),Yakima,1167,638,Yes under Community Eligibility Option (CEO),true,6th Grade,8th Grade
530972003669,West Valley Open Doors,West Valley School District (Yakima),Yakima,14,8,No,false,9th Grade,12th Grade
530972003029,West Valley Preschool,West Valley School District (Yakima),Yakima,56,25,No,false,Prekindergarten,Prekindergarten
530972003619,West Valley Virtual Academy 7-8,West Valley School District (Yakima),Yakima,21,13,No,false,7th Grade,8th Grade
530972003614,West Valley Virtual Academy 9-12,West Valley School District (Yakima),Yakima,167,67,No,false,9th Grade,12th Grade
530972003623,West Valley Virtual Academy K-6,West Valley School District (Yakima),Yakima,28,15,No,false,Kindergarten,6th Grade
530969003819,West Valley Virtual Learning Center,West Valley School District (Spokane),Spokane,40,29,No,false,Kindergarten,8th Grade
530972003776,West Valley Virtual University,West Valley School District (Yakima),Yakima,2,,No,false,9th Grade,12th Grade
530078000159,West View Elementary,Burlington-Edison School District,Burlington,353,267,Yes under Community Eligibility Option (CEO),false,Kindergarten,6th Grade
530771001263,West Woodland Elementary School,Seattle School District No. 1,Seattle,355,30,Yes participating without using any Provision or the CEO,false,Kindergarten,5th Grade
530240000363,Westgate Elementary,Edmonds School District,Edmonds,472,177,Yes participating without using any Provision or the CEO,false,Kindergarten,6th Grade
530393000611,Westgate Elementary School,Kennewick School District,Kennewick,426,359,Yes under Community Eligibility Option (CEO),false,Prekindergarten,5th Grade
530591000895,Westhill Elementary,Northshore School District,Bothell,419,71,Yes participating without using any Provision or the CEO,false,Prekindergarten,5th Grade
530024002074,Weston High School,Arlington School District,Arlington,107,55,Yes under Community Eligibility Option (CEO),true,9th Grade,12th Grade
530966002193,Westside High School,Wenatchee School District,Wenatchee,279,203,Yes under Community Eligibility Option (CEO),true,9th Grade,12th Grade
530825001413,Westview Elementary,Spokane School District,Spokane,328,229,Yes under Community Eligibility Option (CEO),false,Prekindergarten,5th Grade
530000100383,Westwood Elementary School,Enumclaw School District,Enumclaw,409,113,Yes participating without using any Provision or the CEO,false,Kindergarten,5th Grade
530123003428,Westwood Middle School,Cheney School District,Spokane,624,360,Yes under Community Eligibility Option (CEO),true,6th Grade,8th Grade
530237000328,Weyerhaeuser Elementary,Eatonville School District,Eatonville,344,149,Yes participating without using any Provision or the CEO,false,Kindergarten,5th Grade
530000802923,Whatcom Co Detention Center,Northwest Educational Service District 189,Bellingham,4,,No,false,8th Grade,12th Grade
530042000117,Whatcom Middle School,Bellingham School District,Bellingham,637,270,Yes under Community Eligibility Option (CEO),false,6th Grade,8th Grade
530732003171,White Bluffs Elementary School,Richland School District,Richland,653,181,Yes participating without using any Provision or the CEO,false,Prekindergarten,5th Grade
530354000557,White Center Heights Elementary,Highline School District,Seattle,527,396,Yes under Community Eligibility Option (CEO),false,Prekindergarten,5th Grade
530975001658,White Pass Elementary School,White Pass School District,Randle,205,131,Yes under Community Eligibility Option (CEO),false,Kindergarten,6th Grade
530975001659,White Pass Jr. Sr. High School,White Pass School District,Randle,147,90,Yes under Community Eligibility Option (CEO),true,7th Grade,12th Grade
530978003722,White River Early Learning Center,White River School District,Buckley,360,121,Yes participating without using any Provision or the CEO,false,Prekindergarten,Kindergarten
530978003153,White River High School,White River School District,Buckley,1340,419,Yes participating without using any Provision or the CEO,false,9th Grade,12th Grade
530978003465,White River Reengagement Program,White River School District,Buckley,40,26,No,true,9th Grade,12th Grade
530978003054,White River Special Ed Services,White River School District,Buckley,6,,No,false,Prekindergarten,Kindergarten
530981003072,White Salmon Academy,White Salmon Valley School District,White Salmon,35,18,No,true,9th Grade,12th Grade
530528000798,White Swan High School,Mount Adams School District,White Swan,252,238,Yes under Community Eligibility Option (CEO),true,9th Grade,12th Grade
530825001414,Whitman Elementary,Spokane School District,Spokane,362,312,Yes under Community Eligibility Option (CEO),false,Prekindergarten,5th Grade
530870001510,Whitman Elementary School,Tacoma School District,Tacoma,365,260,Yes under Community Eligibility Option (CEO),false,Prekindergarten,5th Grade
530771001264,Whitman Middle School,Seattle School District No. 1,Seattle,633,108,Yes participating without using any Provision or the CEO,false,6th Grade,8th Grade
530015000021,Whitney Early Childhood Education Center,Anacortes School District,Anacortes,36,3,No,false,Prekindergarten,Prekindergarten
531011001709,Whitney Elementary,Yakima School District,Yakima,433,351,Yes under Community Eligibility Option (CEO),false,Prekindergarten,5th Grade
530690001015,Whitstran Elementary,Prosser School District,Prosser,261,205,Yes under Community Eligibility Option (CEO),false,Kindergarten,5th Grade
530267000411,Whittier Elementary,Everett School District,Everett,422,195,Yes under Community Eligibility Option (CEO),false,Prekindergarten,5th Grade
530657002621,Whittier Elementary,Pasco School District,Pasco,378,337,Yes under Community Eligibility Option (CEO),false,Kindergarten,2nd Grade
530771001265,Whittier Elementary School,Seattle School District No. 1,Seattle,346,30,Yes participating without using any Provision or the CEO,false,Kindergarten,5th Grade
530870001511,Whittier Elementary School,Tacoma School District,Tacoma,305,170,Yes under Community Eligibility Option (CEO),false,Prekindergarten,3rd Grade
530972001655,Wide Hollow Elementary,West Valley School District (Yakima),Yakima,433,282,Yes under Community Eligibility Option (CEO),false,Kindergarten,5th Grade
530984001667,Wilbur Elementary School,Wilbur School District,Wilbur,117,51,Yes participating without using any Provision or the CEO,false,Kindergarten,6th Grade
530984001668,Wilbur Secondary School,Wilbur School District,Wilbur,109,52,Yes participating without using any Provision or the CEO,false,7th Grade,12th Grade
530696001043,Wildwood Elementary,Puyallup School District,Puyallup,364,223,Yes under Community Eligibility Option (CEO),false,Prekindergarten,6th Grade
530282000455,Wildwood Elementary School,Federal Way School District,Federal Way,598,473,Yes under Community Eligibility Option (CEO),false,Prekindergarten,5th Grade
530978001894,Wilkeson Elementary School,White River School District,Wilkeson,253,70,Yes participating without using any Provision or the CEO,false,Kindergarten,5th Grade
530987001672,Willapa Elementary,Willapa Valley School District,Raymond,140,63,Yes participating without using any Provision or the CEO,false,Kindergarten,5th Grade
530987001673,Willapa Valley Middle-High,Willapa Valley School District,Raymond,204,81,Yes participating without using any Provision or the CEO,true,6th Grade,12th Grade
530825001415,Willard Elementary,Spokane School District,Spokane,384,301,Yes under Community Eligibility Option (CEO),false,Prekindergarten,5th Grade
530732002704,William Wiley Elementary School,Richland School District,West Richland,493,137,Yes under Community Eligibility Option (CEO),false,Kindergarten,5th Grade
530030003886,Willow Crest Elementary,Auburn School District,Auburn,656,364,Yes under Community Eligibility Option (CEO),false,Prekindergarten,5th Grade
530990001674,Wilson Creek Elementary,Wilson Creek School District,Wilson Creek,60,46,Yes under Community Eligibility Option (CEO),false,Kindergarten,6th Grade
530990001675,Wilson Creek High,Wilson Creek School District,Wilson Creek,58,31,Yes under Community Eligibility Option (CEO),true,7th Grade,12th Grade
530825001416,Wilson Elementary,Spokane School District,Spokane,307,57,Yes under Community Eligibility Option (CEO),false,Prekindergarten,6th Grade
531011001710,Wilson Middle School,Yakima School District,Yakima,840,632,Yes under Community Eligibility Option (CEO),true,6th Grade,8th Grade
530123003919,Win Academy,Cheney School District,Cheney,62,49,Yes participating without using any Provision or the CEO,false,6th Grade,12th Grade
530852001437,Wind River Middle School,Stevenson-Carson School District,Carson,186,99,Yes under Community Eligibility Option (CEO),true,6th Grade,8th Grade
530123000228,Windsor Elementary,Cheney School District,Spokane,549,242,Yes under Community Eligibility Option (CEO),false,Prekindergarten,5th Grade
530771001267,Wing Luke Elementary School,Seattle School District No. 1,Seattle,334,239,Yes under Community Eligibility Option (CEO),false,Prekindergarten,5th Grade
530993002392,Winlock Middle School,Winlock School District,Winlock,160,109,Yes under Community Eligibility Option (CEO),true,6th Grade,8th Grade
530993001677,Winlock Miller Elementary,Winlock School District,Winlock,415,265,Yes under Community Eligibility Option (CEO),false,Prekindergarten,5th Grade
530993001676,Winlock Senior High,Winlock School District,Winlock,226,136,Yes under Community Eligibility Option (CEO),true,9th Grade,12th Grade
530993002804,Winolequa Learning Academy,Winlock School District,Winlock,0,,No,true,6th Grade,12th Grade
530735003811,Wisdom Ridge Academy,Ridgefield School District,Ridgefield,200,61,No,false,Kindergarten,12th Grade
530999001679,Wishkah Valley Elementary/High School,Wishkah Valley School District,Aberdeen,178,108,Yes under Community Eligibility Option (CEO),false,Kindergarten,12th Grade
531002001680,Wishram High and Elementary Schl,Wishram School District,Wishram,91,86,Yes under Community Eligibility Option (CEO),true,Prekindergarten,12th Grade
530081003460,Woodburn Elementary,Camas School District,Camas,553,136,Yes participating without using any Provision or the CEO,false,Prekindergarten,5th Grade
530591000896,Woodin Elementary,Northshore School District,Bothell,469,138,Yes participating without using any Provision or the CEO,false,Prekindergarten,5th Grade
530591002922,Woodinville Community Center,Northshore School District,Bothell,5,,No,false,10th Grade,12th Grade
530591001994,Woodinville HS,Northshore School District,Woodinville,1662,243,Yes participating without using any Provision or the CEO,false,9th Grade,12th Grade
531005002713,Woodland Alternative School,Woodland School District,Woodland,96,43,No,true,9th Grade,12th Grade
530585001857,Woodland Elementary,North Thurston Public Schools,Lacey,458,194,Yes participating without using any Provision or the CEO,false,Prekindergarten,5th Grade
530696001044,Woodland Elementary,Puyallup School District,Puyallup,606,302,Yes participating without using any Provision or the CEO,false,Kindergarten,6th Grade
531005001682,Woodland High School,Woodland School District,Woodland,667,322,Yes participating without using any Provision or the CEO,true,9th Grade,12th Grade
531005003509,Woodland Middle School,Woodland School District,Woodland,739,368,Yes participating without using any Provision or the CEO,true,5th Grade,8th Grade
530108001752,Woodlands Elementary,Central Kitsap School District,Bremerton,379,182,Yes under Community Eligibility Option (CEO),false,Kindergarten,5th Grade
530282000456,Woodmont K-8 School,Federal Way School District,Des Moines,402,285,Yes under Community Eligibility Option (CEO),true,Kindergarten,8th Grade
530591002330,Woodmoor Elementary,Northshore School District,Bothell,643,250,Yes participating without using any Provision or the CEO,false,Prekindergarten,5th Grade
530039000096,Woodridge Elementary,Bellevue School District,Bellevue,554,128,Yes participating without using any Provision or the CEO,false,Prekindergarten,5th Grade
530825001883,Woodridge Elementary,Spokane School District,Spokane,369,144,Yes under Community Eligibility Option (CEO),false,Prekindergarten,5th Grade
530267001792,Woodside Elementary,Everett School District,Bothell,581,269,Yes under Community Eligibility Option (CEO),false,Prekindergarten,5th Grade
530033002452,Woodward Middle School,Bainbridge Island School District,Bainbridge Island,479,59,Yes participating without using any Provision or the CEO,false,7th Grade,8th Grade
530270000428,Wyeast Middle School,Evergreen School District (Clark),Vancouver,747,396,Yes under Community Eligibility Option (CEO),true,6th Grade,8th Grade
530038000056,Yacolt Primary,Battle Ground School District,Yacolt,747,300,Yes participating without using any Provision or the CEO,false,Prekindergarten,4th Grade
531011003263,Yakima Online,Yakima School District,Yakima,355,308,No,true,9th Grade,12th Grade
531011003487,Yakima Open Doors,Yakima School District,Yakima,272,249,No,true,9th Grade,12th Grade
531011003324,Yakima Satellite Alternative Programs,Yakima School District,Yakima,14,9,No,false,6th Grade,12th Grade
531005001684,Yale Elementary,Woodland School District,Ariel,46,17,Yes under Community Eligibility Option (CEO),false,Kindergarten,4th Grade
531014000134,Yelm Extension School,Yelm School District,Yelm,116,65,Yes under Community Eligibility Option (CEO),true,9th Grade,12th Grade
531014001716,Yelm High School 12,Yelm School District,Yelm,1693,727,Yes participating without using any Provision or the CEO,true,9th Grade,12th Grade
531014001717,Yelm Middle School,Yelm School District,Yelm,652,337,Yes participating without using any Provision or the CEO,true,6th Grade,8th Grade
531014001916,Yelm Prairie Elementary,Yelm School District,Yelm,427,213,Yes under Community Eligibility Option (CEO),false,Prekindergarten,5th Grade
530270003159,York Elementary School,Evergreen School District (Clark),Vancouver,338,148,Yes under Community Eligibility Option (CEO),false,Kindergarten,5th Grade
530032503687,Youthsource and Rtc,Renton Technical College,Renton,296,,No,false,11th Grade,12th Grade
531017001719,Zillah High School,Zillah School District,Zillah,455,295,Yes under Community Eligibility Option (CEO),true,9th Grade,12th Grade
531017001896,Zillah Intermediate School,Zillah School District,Zillah,270,178,Yes under Community Eligibility Option (CEO),false,3rd Grade,5th Grade
531017002502,Zillah Middle School,Zillah School District,Zillah,300,216,Yes under Community Eligibility Option (CEO),true,6th Grade,8th Grade
