nces_id,school_name,district_name,city_name,total_students,frl_eligible_students,national_school_lunch_program,admin_approved,min_grade,max_grade
550004502575,21st Century Preparatory School,Racine Charter One Inc,Racine,438,277,Yes under Community Eligibility Option (CEO),true,Prekindergarten,8th Grade
550747003029,4K Center for Literacy,Kimberly Area School District,Kimberly,271,28,No,false,Prekindergarten,Prekindergarten
551266002889,4K Community-Based,Reedsburg School District,Reedsburg,37,3,No,false,Prekindergarten,Prekindergarten
550891002902,4K McFarland,McFarland School District,McFarland,138,21,No,false,Prekindergarten,Prekindergarten
550852002475,4K PK Off Site,Madison Metropolitan School District,Madison,619,25,No,false,Prekindergarten,Prekindergarten
550003000001,Abbotsford Elementary,Abbotsford School District,Abbotsford,374,264,Yes under Community Eligibility Option (CEO),false,Prekindergarten,5th Grade
550003000002,Abbotsford Middle/Senior High,Abbotsford School District,Abbotsford,414,271,Yes under Community Eligibility Option (CEO),true,6th Grade,12th Grade
550984002771,Abraham Lincoln Elementary,Monroe School District,Monroe,267,117,Yes participating without using any Provision or the CEO,false,Prekindergarten,5th Grade
551095001431,Abrams Elementary,Oconto Falls Public School District,Abrams,287,73,Yes participating without using any Provision or the CEO,false,Prekindergarten,5th Grade
550960001239,Academy of Accelerated Learning,Milwaukee School District,Milwaukee,493,380,Yes under Community Eligibility Option (CEO),false,Prekindergarten,5th Grade
551032003366,Ace Alliance Charter Elementary,Neenah Joint School District,Neenah,225,21,Yes participating without using any Provision or the CEO,false,Prekindergarten,6th Grade
550702000756,Adams Elementary,Janesville School District,Janesville,267,205,Yes under Community Eligibility Option (CEO),false,Prekindergarten,5th Grade
550006001433,Adams-Friendship Elementary,Adams-Friendship Area School District,Adams,486,327,Yes under Community Eligibility Option (CEO),false,Prekindergarten,4th Grade
550006000005,Adams-Friendship High,Adams-Friendship Area School District,Adams,446,245,Yes under Community Eligibility Option (CEO),true,9th Grade,12th Grade
550006001454,Adams-Friendship Middle,Adams-Friendship Area School District,Adams,338,211,Yes under Community Eligibility Option (CEO),true,5th Grade,8th Grade
551395002540,Addison Elementary,Slinger School District,Hartford,441,56,Yes participating without using any Provision or the CEO,false,Prekindergarten,5th Grade
550008903150,Adeline Montessori School Inc,Adeline Montessori School Inc,Oconomowoc,211,3,Yes under Community Eligibility Option (CEO),false,Prekindergarten,8th Grade
550081000109,Al Behrman Elementary,Baraboo School District,Baraboo,278,,Yes under Community Eligibility Option (CEO),false,Prekindergarten,5th Grade
550960003371,Alba - Academia De Lenguaje Y Bellas Artes,Milwaukee School District,Milwaukee,593,516,Yes under Community Eligibility Option (CEO),true,Prekindergarten,8th Grade
550012002357,Albany Community Middle,Albany School District,Albany,66,22,Yes participating without using any Provision or the CEO,false,6th Grade,8th Grade
550012000013,Albany Elementary,Albany School District,Albany,159,46,Yes participating without using any Provision or the CEO,false,Prekindergarten,5th Grade
550012000014,Albany High,Albany School District,Albany,75,17,Yes participating without using any Provision or the CEO,false,9th Grade,12th Grade
550960001121,Alcott Elementary,Milwaukee School District,Milwaukee,264,196,Yes under Community Eligibility Option (CEO),true,Prekindergarten,8th Grade
550582000610,Aldo Leopold Community School K-8,Green Bay Area Public School District,Green Bay,500,190,Yes participating without using any Provision or the CEO,false,Prekindergarten,8th Grade
550105000137,Aldrich Intermediate,Beloit School District,Beloit,521,346,Yes under Community Eligibility Option (CEO),true,6th Grade,8th Grade
551038001358,Alexander Middle,Nekoosa School District,Nekoosa,326,200,Yes participating without using any Provision or the CEO,true,4th Grade,8th Grade
550015000015,Algoma Elementary,Algoma School District,Algoma,301,125,Yes participating without using any Provision or the CEO,false,Prekindergarten,6th Grade
550015000016,Algoma High,Algoma School District,Algoma,287,119,Yes participating without using any Provision or the CEO,false,7th Grade,12th Grade
550015003149,Algoma Venture Academy,Algoma School District,Algoma,35,17,Yes participating without using any Provision or the CEO,false,7th Grade,12th Grade
551236002657,All District 4 Year Old Kindergarten,Racine Unified School District,Racine,103,50,No,false,Prekindergarten,Prekindergarten
550960001122,Allen-Field Elementary,Milwaukee School District,Milwaukee,451,403,Yes under Community Eligibility Option (CEO),false,Prekindergarten,5th Grade
551395001818,Allenton Elementary,Slinger School District,Allenton,417,72,Yes participating without using any Provision or the CEO,false,Prekindergarten,5th Grade
550960002603,Alliance School of Milwaukee,Milwaukee School District,Milwaukee,141,119,Yes under Community Eligibility Option (CEO),true,9th Grade,12th Grade
550018000017,Alma Elementary,Alma School District,Alma,184,62,Yes participating without using any Provision or the CEO,true,Prekindergarten,8th Grade
550018000018,Alma High,Alma School District,Alma,80,27,Yes participating without using any Provision or the CEO,false,9th Grade,12th Grade
550024000023,Almond-Bancroft Elementary,Almond-Bancroft School District,Almond,171,84,Yes participating without using any Provision or the CEO,false,Prekindergarten,5th Grade
550024000024,Almond-Bancroft High,Almond-Bancroft School District,Almond,103,50,Yes participating without using any Provision or the CEO,false,9th Grade,12th Grade
550024003076,Almond-Bancroft Middle,Almond-Bancroft School District,Almond,77,33,Yes participating without using any Provision or the CEO,true,6th Grade,8th Grade
550027000028,Altoona Elementary,Altoona School District,Altoona,555,186,Yes participating without using any Provision or the CEO,false,Prekindergarten,3rd Grade
550027000026,Altoona High,Altoona School District,Altoona,551,161,Yes participating without using any Provision or the CEO,false,9th Grade,12th Grade
550027002925,Altoona Intermediate,Altoona School District,Altoona,278,99,Yes participating without using any Provision or the CEO,false,4th Grade,5th Grade
550027000027,Altoona Middle,Altoona School District,Altoona,394,139,Yes participating without using any Provision or the CEO,true,6th Grade,8th Grade
550030000030,Amery High,Amery School District,Amery,418,134,Yes participating without using any Provision or the CEO,false,9th Grade,12th Grade
550030000075,Amery Intermediate,Amery School District,Amery,260,107,Yes participating without using any Provision or the CEO,false,3rd Grade,5th Grade
550030000031,Amery Middle,Amery School District,Amery,275,102,Yes participating without using any Provision or the CEO,false,6th Grade,8th Grade
550033000032,Amherst Elementary,Tomorrow River School District,Amherst,342,91,Yes participating without using any Provision or the CEO,false,Prekindergarten,4th Grade
550033000033,Amherst High,Tomorrow River School District,Amherst,349,76,Yes participating without using any Provision or the CEO,false,9th Grade,12th Grade
550033000034,Amherst Middle,Tomorrow River School District,Amherst,257,72,Yes participating without using any Provision or the CEO,false,5th Grade,8th Grade
550516000549,Amy Belle Elementary,Germantown School District,Colgate,356,58,Yes participating without using any Provision or the CEO,false,Prekindergarten,5th Grade
550960003123,Andrew S Douglas Middle,Milwaukee School District,Milwaukee,106,94,Yes under Community Eligibility Option (CEO),false,6th Grade,8th Grade
550978003132,Anthony Acres School,Mondovi School District,Mondovi,48,15,Yes participating without using any Provision or the CEO,false,6th Grade,12th Grade
550036000037,Antigo High,Antigo Unified School District,Antigo,781,366,Yes under Community Eligibility Option (CEO),false,8th Grade,12th Grade
550036000036,Antigo Middle,Antigo Unified School District,Antigo,451,255,Yes under Community Eligibility Option (CEO),false,4th Grade,7th Grade
550039002880,Appleton Bilingual School,Appleton Area School District,Appleton,139,55,Yes under Community Eligibility Option (CEO),false,Kindergarten,5th Grade
550039002976,Appleton Community 4K,Appleton Area School District,Appleton,672,304,No,false,Prekindergarten,Prekindergarten
550039002549,Appleton Eschool,Appleton Area School District,Appleton,35,18,No,false,7th Grade,12th Grade
550039002583,Appleton Public Montessori,Appleton Area School District,Grand Chute,149,36,Yes participating without using any Provision or the CEO,false,Prekindergarten,6th Grade
550039002964,Appleton Technical Academy,Appleton Area School District,Appleton,68,26,Yes participating without using any Provision or the CEO,false,9th Grade,12th Grade
550039003021,Appleview,Appleton Area School District,Appleton,29,6,No,false,Prekindergarten,12th Grade
551716002227,Arbor Vitae-Woodruff Elementary,Woodruff J1 School District,Arbor Vitae,514,189,Yes participating without using any Provision or the CEO,true,Prekindergarten,8th Grade
551581002648,Arboretum Elementary,Waunakee Community School District,Waunakee,435,14,No,false,Prekindergarten,4th Grade
550042003040,Arcadia Elementary,Arcadia School District,Arcadia,531,439,Yes participating without using any Provision or the CEO,false,Prekindergarten,4th Grade
550042000068,Arcadia High,Arcadia School District,Arcadia,413,265,Yes participating without using any Provision or the CEO,false,9th Grade,12th Grade
550042003041,Arcadia Middle,Arcadia School District,Arcadia,359,274,Yes participating without using any Provision or the CEO,true,5th Grade,8th Grade
550045000069,Argyle Elementary,Argyle School District,Argyle,150,55,Yes participating without using any Provision or the CEO,false,Prekindergarten,5th Grade
550045000070,Argyle High,Argyle School District,Argyle,85,29,Yes participating without using any Provision or the CEO,false,9th Grade,12th Grade
550045003073,Argyle Middle,Argyle School District,Argyle,62,18,Yes participating without using any Provision or the CEO,false,6th Grade,8th Grade
550702002991,Arise Virtual Academy,Janesville School District,Janesville,119,55,No,false,Kindergarten,12th Grade
550618000678,Arrowhead High,Arrowhead UHS School District,Hartland,1950,169,Yes participating without using any Provision or the CEO,true,9th Grade,12th Grade
551164001538,Asa Clark Middle,Pewaukee School District,Pewaukee,623,68,Yes participating without using any Provision or the CEO,false,6th Grade,8th Grade
550051000073,Ashland High,Ashland School District,Ashland,589,319,Yes participating without using any Provision or the CEO,false,9th Grade,12th Grade
550051000074,Ashland Middle,Ashland School District,Ashland,383,225,Yes participating without using any Provision or the CEO,true,6th Grade,8th Grade
550054000081,Ashwaubenon High,Ashwaubenon School District,Green Bay,1024,322,Yes participating without using any Provision or the CEO,false,9th Grade,12th Grade
550960000792,Assata High,Milwaukee School District,Milwaukee,78,72,Yes under Community Eligibility Option (CEO),true,9th Grade,12th Grade
550057000086,Athens Elementary,Athens School District,Athens,136,61,Yes participating without using any Provision or the CEO,false,Prekindergarten,5th Grade
550057000087,Athens High,Athens School District,Athens,108,33,Yes participating without using any Provision or the CEO,false,9th Grade,12th Grade
550057000088,Athens Middle,Athens School District,Athens,79,24,Yes participating without using any Provision or the CEO,true,6th Grade,8th Grade
551380001809,Atwater Elementary,Shorewood School District,Shorewood,474,115,Yes participating without using any Provision or the CEO,false,Prekindergarten,6th Grade
550060000090,Auburndale Elementary,Auburndale School District,Auburndale,421,114,Yes participating without using any Provision or the CEO,false,Prekindergarten,5th Grade
550060000091,Auburndale High,Auburndale School District,Auburndale,400,82,Yes participating without using any Provision or the CEO,false,6th Grade,12th Grade
550960002782,Audubon Technology and Communication High,Milwaukee School District,Milwaukee,436,341,Yes under Community Eligibility Option (CEO),true,9th Grade,12th Grade
550960001123,Audubon Technology and Communication Middle,Milwaukee School District,Milwaukee,345,289,Yes under Community Eligibility Option (CEO),true,6th Grade,8th Grade
550960001124,Auer Avenue Elementary,Milwaukee School District,Milwaukee,151,138,Yes under Community Eligibility Option (CEO),false,Prekindergarten,5th Grade
550063000092,Augusta Elementary,Augusta School District,Augusta,215,93,Yes participating without using any Provision or the CEO,false,Prekindergarten,5th Grade
550063000093,Augusta High,Augusta School District,Augusta,144,77,Yes participating without using any Provision or the CEO,false,9th Grade,12th Grade
550063002585,Augusta Middle,Augusta School District,Augusta,109,57,Yes participating without using any Provision or the CEO,true,6th Grade,8th Grade
551215002508,Ba Kennedy School,Prairie du Chien Area School District,Prairie du Chien,217,128,Yes participating without using any Provision or the CEO,false,Prekindergarten,2nd Grade
550039000049,Badger Elementary,Appleton Area School District,Appleton,258,179,Yes under Community Eligibility Option (CEO),false,Prekindergarten,5th Grade
550765000884,Badger High,Lake Geneva-Genoa City UHS School District,Lake Geneva,1240,331,Yes participating without using any Provision or the CEO,true,9th Grade,12th Grade
551629002125,Badger Middle,West Bend School District,West Bend,714,235,Yes participating without using any Provision or the CEO,false,7th Grade,8th Grade
551533001973,Badger Ridge Middle,Verona Area School District,Verona,776,202,Yes participating without using any Provision or the CEO,true,6th Grade,8th Grade
550852002866,Badger Rock Middle,Madison Metropolitan School District,Madison,92,50,Yes under Community Eligibility Option (CEO),true,6th Grade,8th Grade
550582000611,Baird Elementary,Green Bay Area Public School District,Green Bay,513,326,Yes under Community Eligibility Option (CEO),false,Prekindergarten,5th Grade
550072000094,Baldwin-Woodville High,Baldwin-Woodville Area School District,Baldwin,533,115,Yes participating without using any Provision or the CEO,false,9th Grade,12th Grade
550078000100,Bangor Elementary,Bangor School District,Bangor,313,81,Yes participating without using any Provision or the CEO,false,Prekindergarten,5th Grade
550078000101,Bangor Middle/High,Bangor School District,Bangor,352,111,Yes participating without using any Provision or the CEO,false,6th Grade,12th Grade
551449002452,Bannach Elementary,Stevens Point Area Public School District,Stevens Point,368,107,Yes participating without using any Provision or the CEO,false,Prekindergarten,6th Grade
550960002707,Banner Preparatory School of Milwaukee,Milwaukee School District,Milwaukee,49,44,Yes under Community Eligibility Option (CEO),true,6th Grade,12th Grade
550903000659,Banta Bilingual Elementary,Menasha Joint School District,Menasha,184,115,Yes under Community Eligibility Option (CEO),false,Kindergarten,5th Grade
551578002004,Banting Elementary,Waukesha School District,Waukesha,486,242,Yes participating without using any Provision or the CEO,false,Prekindergarten,5th Grade
550081002803,Baraboo Early Learning Cooperative,Baraboo School District,Baraboo,116,,No,false,Prekindergarten,Prekindergarten
550081000103,Baraboo High,Baraboo School District,Baraboo,885,,Yes participating without using any Provision or the CEO,false,9th Grade,12th Grade
550960001170,Barbee Elementary,Milwaukee School District,Milwaukee,289,249,Yes under Community Eligibility Option (CEO),false,Prekindergarten,7th Grade
551302002978,Barlow Park Elementary School,Ripon Area School District,Ripon,398,178,Yes participating without using any Provision or the CEO,false,Prekindergarten,2nd Grade
550084000111,Barneveld Elementary,Barneveld School District,Barneveld,229,30,Yes participating without using any Provision or the CEO,false,Prekindergarten,5th Grade
550084000112,Barneveld High,Barneveld School District,Barneveld,118,13,Yes participating without using any Provision or the CEO,false,9th Grade,12th Grade
550084003158,Barneveld Middle School,Barneveld School District,Barneveld,96,13,Yes participating without using any Provision or the CEO,false,6th Grade,8th Grade
550474000509,Barrie Elementary,Fort Atkinson School District,Fort Atkinson,212,58,Yes participating without using any Provision or the CEO,false,Kindergarten,5th Grade
550087002717,Barron Area Montessori School,Barron Area School District,Almena,59,34,Yes participating without using any Provision or the CEO,false,Prekindergarten,6th Grade
550087000114,Barron High,Barron Area School District,Barron,310,144,Yes participating without using any Provision or the CEO,false,9th Grade,12th Grade
550960001126,Barton Elementary,Milwaukee School District,Milwaukee,283,256,Yes under Community Eligibility Option (CEO),false,Prekindergarten,5th Grade
550663002709,Bay Harbor Elementary,Howard-Suamico School District,Suamico,344,70,Yes participating without using any Provision or the CEO,false,Prekindergarten,4th Grade
551017001336,Bay Lane Elementary,Muskego-Norway School District,Muskego,912,116,Yes participating without using any Provision or the CEO,false,Prekindergarten,4th Grade
550663000716,Bay Port High,Howard-Suamico School District,Green Bay,1966,365,Yes participating without using any Provision or the CEO,false,9th Grade,12th Grade
550582000612,Bay View,Green Bay Area Public School District,Green Bay,15,3,No,false,Prekindergarten,12th Grade
550960001127,Bay View High,Milwaukee School District,Milwaukee,1021,856,Yes under Community Eligibility Option (CEO),true,9th Grade,12th Grade
550663000717,Bay View Middle,Howard-Suamico School District,Green Bay,820,179,Yes participating without using any Provision or the CEO,true,7th Grade,8th Grade
550960002911,Bay View Montessori School,Milwaukee School District,Milwaukee,449,164,Yes under Community Eligibility Option (CEO),false,Prekindergarten,8th Grade
550090000120,Bayfield Elementary,Bayfield School District,Bayfield,189,121,Yes under Community Eligibility Option (CEO),false,Prekindergarten,5th Grade
550090000121,Bayfield High,Bayfield School District,Bayfield,119,55,Yes under Community Eligibility Option (CEO),true,9th Grade,12th Grade
550090000082,Bayfield Middle,Bayfield School District,Bayfield,96,56,Yes under Community Eligibility Option (CEO),true,6th Grade,8th Grade
550480000517,Bayside Middle,Fox Point J2 School District,Milwaukee,340,30,Yes participating without using any Provision or the CEO,false,5th Grade,8th Grade
550096003082,Bdusd4kids,Beaver Dam Unified School District,Beaver Dam,157,69,No,false,Prekindergarten,Prekindergarten
550582000613,Beaumont Elementary,Green Bay Area Public School District,Green Bay,220,160,Yes under Community Eligibility Option (CEO),false,Prekindergarten,5th Grade
550096000123,Beaver Dam High,Beaver Dam Unified School District,Beaver Dam,1031,415,Yes participating without using any Provision or the CEO,false,9th Grade,12th Grade
550096000122,Beaver Dam Middle,Beaver Dam Unified School District,Beaver Dam,633,313,Yes participating without using any Provision or the CEO,true,6th Grade,8th Grade
550081002802,Belc--Renewal Head Start,Baraboo School District,Baraboo,15,,No,false,Prekindergarten,Prekindergarten
550099001211,Belleville Elementary,Belleville School District,Belleville,550,116,Yes participating without using any Provision or the CEO,false,Prekindergarten,6th Grade
550099000132,Belleville High,Belleville School District,Belleville,275,65,Yes participating without using any Provision or the CEO,false,9th Grade,12th Grade
550099000133,Belleville Middle,Belleville School District,Belleville,111,25,Yes participating without using any Provision or the CEO,false,7th Grade,8th Grade
550102000134,Belmont Elementary,Belmont Community School District,Belmont,213,74,Yes participating without using any Provision or the CEO,false,Prekindergarten,6th Grade
550102000135,Belmont High,Belmont Community School District,Belmont,168,56,Yes participating without using any Provision or the CEO,false,7th Grade,12th Grade
550105002855,Beloit Early Learning,Beloit School District,Beloit,43,39,Yes under Community Eligibility Option (CEO),false,Prekindergarten,Prekindergarten
550105002974,Beloit Learning Academy,Beloit School District,Beloit,153,120,Yes under Community Eligibility Option (CEO),true,6th Grade,12th Grade
550105002799,Beloit Virtual School,Beloit School District,Beloit,46,28,No,false,Prekindergarten,12th Grade
550483000519,Ben Franklin Elementary,Franklin Public School District,Franklin,308,80,Yes participating without using any Provision or the CEO,false,Prekindergarten,5th Grade
550906001061,Benjamin Franklin Elementary and Early Learning Center,Menomonee Falls School District,Menomonee Falls,526,69,Yes participating without using any Provision or the CEO,false,Prekindergarten,2nd Grade
551449001868,Benjamin Franklin Junior High,Stevens Point Area Public School District,Stevens Point,757,245,Yes participating without using any Provision or the CEO,false,7th Grade,9th Grade
550111000160,Benton Elementary,Benton School District,Benton,131,63,Yes participating without using any Provision or the CEO,false,Prekindergarten,6th Grade
550111000161,Benton High,Benton School District,Benton,61,20,Yes participating without using any Provision or the CEO,true,9th Grade,12th Grade
550111003061,Benton Middle,Benton School District,Benton,31,16,Yes participating without using any Provision or the CEO,false,7th Grade,8th Grade
550114000162,Berlin High,Berlin Area School District,Berlin,441,172,Yes participating without using any Provision or the CEO,false,9th Grade,12th Grade
550114000164,Berlin Middle,Berlin Area School District,Berlin,276,146,Yes participating without using any Provision or the CEO,true,6th Grade,8th Grade
550039002427,Berry Elementary,Appleton Area School District,Appleton,368,83,Yes participating without using any Provision or the CEO,false,Prekindergarten,5th Grade
551074001396,Bessie Allen Middle,North Fond du Lac School District,North Fond du Lac,339,165,Yes participating without using any Provision or the CEO,true,6th Grade,8th Grade
551578002006,Bethesda Elementary,Waukesha School District,Waukesha,401,157,Yes participating without using any Provision or the CEO,false,Prekindergarten,5th Grade
550960001256,Bethune Academy,Milwaukee School District,Milwaukee,574,552,Yes under Community Eligibility Option (CEO),true,Prekindergarten,8th Grade
550744003130,Between the Lakes Virtual Academy,Kiel Area School District,Kiel,111,3,No,false,Prekindergarten,8th Grade
551006001315,Big Bend Elementary,Mukwonago School District,Big Bend,455,54,Yes participating without using any Provision or the CEO,false,Prekindergarten,6th Grade
551548001982,Big Foot High,Big Foot UHS School District,Walworth,437,145,Yes participating without using any Provision or the CEO,false,9th Grade,12th Grade
550117000168,Birchwood Elementary,Birchwood School District,Birchwood,86,37,Yes participating without using any Provision or the CEO,false,Prekindergarten,5th Grade
550117000169,Birchwood High,Birchwood School District,Birchwood,59,18,Yes participating without using any Provision or the CEO,false,9th Grade,12th Grade
550117003374,Birchwood Middle,Birchwood School District,Birchwood,36,18,Yes participating without using any Provision or the CEO,true,6th Grade,8th Grade
550117002937,Birchwood Public Montessori,Birchwood School District,Birchwood,25,12,Yes participating without using any Provision or the CEO,false,Prekindergarten,6th Grade
551710002218,Birnamwood Elementary,Wittenberg-Birnamwood School District,Birnamwood,359,135,Yes participating without using any Provision or the CEO,true,Prekindergarten,8th Grade
551353001769,Black Creek Elementary,Seymour Community School District,Black Creek,345,120,Yes participating without using any Provision or the CEO,false,Prekindergarten,8th Grade
550573000608,Black Hawk Elementary,Black Hawk School District,South Wayne,163,76,Yes participating without using any Provision or the CEO,false,Prekindergarten,5th Grade
550573000605,Black Hawk High,Black Hawk School District,South Wayne,96,34,Yes participating without using any Provision or the CEO,true,9th Grade,12th Grade
550852000959,Black Hawk Middle,Madison Metropolitan School District,Madison,300,211,Yes under Community Eligibility Option (CEO),true,6th Grade,8th Grade
550573000606,Black Hawk Middle,Black Hawk School District,South Wayne,76,31,Yes participating without using any Provision or the CEO,true,6th Grade,8th Grade
550126000175,Black River Falls High,Black River Falls School District,Black River Falls,500,249,Yes under Community Eligibility Option (CEO),false,9th Grade,12th Grade
550126000174,Black River Falls Middle,Black River Falls School District,Black River Falls,327,203,Yes under Community Eligibility Option (CEO),true,6th Grade,8th Grade
550001602380,Blair-Taylor Elementary,Blair-Taylor School District,Blair,306,151,Yes participating without using any Provision or the CEO,false,Prekindergarten,5th Grade
550001602378,Blair-Taylor Middle/High,Blair-Taylor School District,Blair,295,127,Yes participating without using any Provision or the CEO,false,6th Grade,12th Grade
551404001826,Blakewood Elementary,South Milwaukee School District,South Milwaukee,314,150,Yes participating without using any Provision or the CEO,false,Prekindergarten,5th Grade
550135000183,Bloomer Elementary,Bloomer School District,Bloomer,521,162,Yes participating without using any Provision or the CEO,false,Prekindergarten,4th Grade
550135000184,Bloomer High,Bloomer School District,Bloomer,400,115,Yes participating without using any Provision or the CEO,false,9th Grade,12th Grade
550135000185,Bloomer Middle,Bloomer School District,Bloomer,350,107,Yes participating without using any Provision or the CEO,false,5th Grade,8th Grade
551215002830,Bluff View Elementary,Prairie du Chien Area School District,Prairie du Chien,190,99,Yes participating without using any Provision or the CEO,false,3rd Grade,5th Grade
551215002844,Bluff View Middle,Prairie du Chien Area School District,Prairie du Chien,200,100,Yes participating without using any Provision or the CEO,true,6th Grade,8th Grade
550117003020,Bobcat Virtual Academy,Birchwood School District,Birchwood,11,8,No,true,Prekindergarten,12th Grade
550147000188,Bonduel Elementary,Bonduel School District,Bonduel,288,99,Yes participating without using any Provision or the CEO,false,Prekindergarten,4th Grade
550147000189,Bonduel High,Bonduel School District,Bonduel,275,62,Yes participating without using any Provision or the CEO,false,9th Grade,12th Grade
550147002383,Bonduel Middle,Bonduel School District,Bonduel,212,80,Yes participating without using any Provision or the CEO,false,5th Grade,8th Grade
550150000192,Boscobel Elementary,Boscobel Area School District,Boscobel,311,183,Yes participating without using any Provision or the CEO,false,Prekindergarten,5th Grade
550150000193,Boscobel High,Boscobel Area School District,Boscobel,182,88,Yes participating without using any Provision or the CEO,false,9th Grade,12th Grade
550150000194,Boscobel Junior High,Boscobel Area School District,Boscobel,158,80,Yes participating without using any Provision or the CEO,true,6th Grade,8th Grade
550732000800,Bose Elementary,Kenosha School District,Kenosha,304,210,Yes under Community Eligibility Option (CEO),false,Prekindergarten,5th Grade
550156000199,Bowler Elementary,Bowler School District,Bowler,156,121,Yes under Community Eligibility Option (CEO),false,Prekindergarten,6th Grade
550156000200,Bowler High,Bowler School District,Bowler,138,100,Yes under Community Eligibility Option (CEO),true,7th Grade,12th Grade
550159000202,Boyceville High,Boyceville Community School District,Boyceville,211,87,Yes participating without using any Provision or the CEO,false,9th Grade,12th Grade
550159002460,Boyceville Middle,Boyceville Community School District,Boyceville,155,65,Yes participating without using any Provision or the CEO,true,6th Grade,8th Grade
551443001864,Boyd Elementary,Stanley-Boyd Area School District,Boyd,68,25,Yes participating without using any Provision or the CEO,false,Prekindergarten,Prekindergarten
550732000801,Bradford High,Kenosha School District,Kenosha,1453,944,Yes under Community Eligibility Option (CEO),true,9th Grade,12th Grade
550960001218,Bradley Technology High,Milwaukee School District,Milwaukee,1048,924,Yes under Community Eligibility Option (CEO),true,9th Grade,12th Grade
551310001727,Brandon Elementary,Rosendale-Brandon School District,Brandon,95,23,Yes participating without using any Provision or the CEO,false,Prekindergarten,5th Grade
550732000816,Brass Community School,Kenosha School District,Kenosha,462,406,Yes under Community Eligibility Option (CEO),false,Prekindergarten,5th Grade
551362001779,Brener Elementary,Shawano School District,Shawano,389,221,Yes participating without using any Provision or the CEO,false,3rd Grade,5th Grade
551341001761,Bridges Elementary,Sauk Prairie School District,Prairie du Sac,458,110,Yes participating without using any Provision or the CEO,false,Prekindergarten,2nd Grade
550921002927,Bridges Virtual Academy,Merrill Area School District,Merrill,674,73,No,false,Prekindergarten,12th Grade
550165000205,Brighton Elementary,Brighton #1 School District,Kansasville,196,40,Yes participating without using any Provision or the CEO,false,Prekindergarten,8th Grade
550168000206,Brillion Elementary,Brillion School District,Brillion,426,151,Yes participating without using any Provision or the CEO,false,Prekindergarten,5th Grade
550168000207,Brillion High,Brillion School District,Brillion,327,63,Yes participating without using any Provision or the CEO,false,9th Grade,12th Grade
550168002384,Brillion Middle,Brillion School District,Brillion,211,70,Yes participating without using any Provision or the CEO,false,6th Grade,8th Grade
550171000209,Bristol Elementary,Bristol #1 School District,Bristol,830,152,Yes participating without using any Provision or the CEO,false,Prekindergarten,8th Grade
550174000212,Brodhead High,Brodhead School District,Brodhead,313,107,Yes participating without using any Provision or the CEO,false,9th Grade,12th Grade
550174000213,Brodhead Middle,Brodhead School District,Brodhead,202,89,Yes participating without using any Provision or the CEO,false,6th Grade,8th Grade
550177000214,Brookfield Central High,Elmbrook School District,Brookfield,1215,121,No,false,9th Grade,12th Grade
550177000215,Brookfield East High,Elmbrook School District,Brookfield,1374,97,No,false,9th Grade,12th Grade
550177000216,Brookfield Elementary,Elmbrook School District,Brookfield,641,28,Yes participating without using any Provision or the CEO,false,Prekindergarten,5th Grade
551110001468,Brooklyn Elementary,Oregon School District,Brooklyn,363,79,Yes participating without using any Provision or the CEO,false,Prekindergarten,4th Grade
550513000547,Brookwood Elementary,Genoa City J2 School District,Genoa City,200,58,Yes participating without using any Provision or the CEO,false,Prekindergarten,3rd Grade
551077001402,Brookwood High,Norwalk-Ontario-Wilton School District,Ontario,264,137,Yes participating without using any Provision or the CEO,false,7th Grade,12th Grade
550513002327,Brookwood Middle,Genoa City J2 School District,Genoa City,213,65,Yes participating without using any Provision or the CEO,false,Prekindergarten,8th Grade
550582003382,Brown County Institute of Learning,Green Bay Area Public School District,Green Bay,15,3,No,false,4th Grade,12th Grade
550180000232,Brown Deer Elementary,Brown Deer School District,Brown Deer,709,411,Yes participating without using any Provision or the CEO,false,Prekindergarten,5th Grade
550180000230,Brown Deer Middle/High,Brown Deer School District,Brown Deer,904,499,Yes participating without using any Provision or the CEO,true,6th Grade,12th Grade
550960002395,Brown Street Academy,Milwaukee School District,Milwaukee,245,235,Yes under Community Eligibility Option (CEO),false,Prekindergarten,5th Grade
550960001132,Browning Elementary,Milwaukee School District,Milwaukee,279,253,Yes under Community Eligibility Option (CEO),false,Prekindergarten,5th Grade
550183000234,Bruce Elementary,Bruce School District,Bruce,199,195,Yes under Community Eligibility Option (CEO),false,Prekindergarten,5th Grade
550960001133,Bruce Elementary,Milwaukee School District,Milwaukee,270,256,Yes under Community Eligibility Option (CEO),false,Prekindergarten,5th Grade
550007700772,Bruce Guadalupe,United Community Center Inc,Milwaukee,1364,995,Yes under Community Eligibility Option (CEO),true,Prekindergarten,8th Grade
550183000235,Bruce High,Bruce School District,Bruce,116,110,Yes under Community Eligibility Option (CEO),false,9th Grade,12th Grade
550183001222,Bruce Middle,Bruce School District,Bruce,73,73,Yes under Community Eligibility Option (CEO),true,6th Grade,8th Grade
550960001134,Bryant Elementary,Milwaukee School District,Milwaukee,212,193,Yes under Community Eligibility Option (CEO),false,Prekindergarten,5th Grade
551467001906,Bryant Elementary,Superior School District,Superior,283,32,Yes participating without using any Provision or the CEO,false,Prekindergarten,5th Grade
551236002708,Bull Early Education Center,Racine Unified School District,Racine,365,234,Yes under Community Eligibility Option (CEO),false,Prekindergarten,Prekindergarten
550732000802,Bullen Middle,Kenosha School District,Kenosha,754,521,Yes under Community Eligibility Option (CEO),true,6th Grade,8th Grade
550960001135,Burbank Elementary,Milwaukee School District,Milwaukee,552,463,Yes under Community Eligibility Option (CEO),true,Prekindergarten,8th Grade
550960001136,Burdick Elementary,Milwaukee School District,Milwaukee,527,306,Yes under Community Eligibility Option (CEO),true,Prekindergarten,8th Grade
550177000218,Burleigh Elementary,Elmbrook School District,Brookfield,927,99,Yes participating without using any Provision or the CEO,false,Prekindergarten,5th Grade
550189003406,Burlington Alternative School,Burlington Area School District,Burlington,65,39,No,false,Kindergarten,12th Grade
550189000237,Burlington High School,Burlington Area School District,Burlington,880,251,Yes participating without using any Provision or the CEO,false,9th Grade,12th Grade
551578002008,Butler Middle,Waukesha School District,Waukesha,786,315,Yes participating without using any Provision or the CEO,false,6th Grade,8th Grade
550903001054,Butte Des Morts Elementary,Menasha Joint School District,Menasha,445,293,Yes under Community Eligibility Option (CEO),false,Prekindergarten,5th Grade
550192000245,Butternut Elementary,Butternut School District,Butternut,84,43,Yes participating without using any Provision or the CEO,false,Prekindergarten,5th Grade
550192000246,Butternut High,Butternut School District,Butternut,92,48,Yes participating without using any Provision or the CEO,false,6th Grade,12th Grade
551464001898,C H Bird Elementary,Sun Prairie Area School District,Sun Prairie,333,147,Yes participating without using any Provision or the CEO,false,Prekindergarten,5th Grade
550384000116,Caddie Woodlawn Elementary,Durand-Arkansaw School District,Durand,457,177,Yes participating without using any Provision or the CEO,false,Prekindergarten,5th Grade
550204000247,Cadott Elementary,Cadott Community School District,Cadott,436,218,Yes participating without using any Provision or the CEO,false,Prekindergarten,6th Grade
550204000248,Cadott High,Cadott Community School District,Cadott,230,104,Yes participating without using any Provision or the CEO,false,9th Grade,12th Grade
550204000249,Cadott Junior High,Cadott Community School District,Cadott,134,70,Yes participating without using any Provision or the CEO,false,7th Grade,8th Grade
550207000253,Cambria Friesland Elementary,Cambria-Friesland School District,Cambria,165,42,Yes participating without using any Provision or the CEO,false,Prekindergarten,5th Grade
550207000250,Cambria Friesland Middle/High,Cambria-Friesland School District,Cambria,163,54,Yes participating without using any Provision or the CEO,false,6th Grade,12th Grade
550210000254,Cambridge Elementary,Cambridge School District,Cambridge,399,88,Yes participating without using any Provision or the CEO,false,Prekindergarten,5th Grade
550210000255,Cambridge High,Cambridge School District,Cambridge,277,58,Yes participating without using any Provision or the CEO,true,9th Grade,12th Grade
550213002851,Cameron Academy of Virtual Education,Cameron School District,Cameron,134,48,No,false,Prekindergarten,12th Grade
550213000256,Cameron Elementary,Cameron School District,Cameron,432,157,Yes participating without using any Provision or the CEO,false,Prekindergarten,4th Grade
550213000257,Cameron High,Cameron School District,Cameron,279,84,Yes participating without using any Provision or the CEO,false,9th Grade,12th Grade
550213002286,Cameron Middle,Cameron School District,Cameron,319,96,Yes participating without using any Provision or the CEO,false,5th Grade,8th Grade
551491001933,Camp Douglas Elementary,Tomah Area School District,Camp Douglas,65,36,Yes participating without using any Provision or the CEO,false,2nd Grade,5th Grade
550216000258,Campbellsport Elementary,Campbellsport School District,Campbellsport,338,89,Yes participating without using any Provision or the CEO,false,Prekindergarten,5th Grade
550216000259,Campbellsport High,Campbellsport School District,Campbellsport,476,91,Yes participating without using any Provision or the CEO,false,9th Grade,12th Grade
550216002484,Campbellsport Middle,Campbellsport School District,Campbellsport,258,63,Yes participating without using any Provision or the CEO,false,6th Grade,8th Grade
550591002252,Canterbury Elementary,Greendale School District,Greendale,350,72,Yes participating without using any Provision or the CEO,false,Kindergarten,5th Grade
550852003095,Capital High,Madison Metropolitan School District,Madison,129,109,Yes under Community Eligibility Option (CEO),true,9th Grade,12th Grade
550429002520,Career and College Academy,Elkhorn Area School District,Elkhorn,246,94,Yes participating without using any Provision or the CEO,false,6th Grade,12th Grade
550960003054,Carmen Hi Southeast Campus,Milwaukee School District,Milwaukee,679,674,Yes under Community Eligibility Option (CEO),true,9th Grade,12th Grade
550960002755,Carmen High School of Science and Technology South Campus,Milwaukee School District,Milwaukee,382,367,Yes under Community Eligibility Option (CEO),true,9th Grade,12th Grade
550960002980,Carmen Mid/Hi Northwest Campus,Milwaukee School District,Milwaukee,526,518,Yes under Community Eligibility Option (CEO),true,6th Grade,12th Grade
550007603157,Carmen Middle School South,Carmen High School of Science and Technology Inc,Milwaukee,191,191,Yes under Community Eligibility Option (CEO),false,6th Grade,8th Grade
551083001406,Carollton Elementary,Oak Creek-Franklin Joint School District,Oak Creek,376,120,Yes participating without using any Provision or the CEO,false,Prekindergarten,5th Grade
550960001829,Carson Academy,Milwaukee School District,Milwaukee,326,308,Yes under Community Eligibility Option (CEO),true,Prekindergarten,8th Grade
550960002602,Carver Academy,Milwaukee School District,Milwaukee,324,306,Yes under Community Eligibility Option (CEO),true,Prekindergarten,8th Grade
551236001621,Case High,Racine Unified School District,Racine,1856,957,Yes under Community Eligibility Option (CEO),false,9th Grade,12th Grade
550234000262,Cashton Elementary,Cashton School District,Cashton,292,118,Yes participating without using any Provision or the CEO,false,Prekindergarten,5th Grade
550234000263,Cashton Middle/High,Cashton School District,Cashton,313,111,Yes participating without using any Provision or the CEO,false,6th Grade,12th Grade
550960001139,Cass Street Elementary,Milwaukee School District,Milwaukee,312,289,Yes under Community Eligibility Option (CEO),true,Prekindergarten,8th Grade
550240000264,Cassville Elementary,Cassville School District,Cassville,92,44,Yes under Community Eligibility Option (CEO),false,Prekindergarten,6th Grade
550240000265,Cassville High,Cassville School District,Cassville,79,35,Yes under Community Eligibility Option (CEO),false,7th Grade,12th Grade
551059002996,Catalyst Academy,New London School District,New London,32,23,Yes participating without using any Provision or the CEO,true,9th Grade,12th Grade
550243000266,Cedar Grove-Belgium Elementary,Cedar Grove-Belgium Area School District,Cedar Grove,310,72,Yes participating without using any Provision or the CEO,false,Prekindergarten,4th Grade
550243000267,Cedar Grove-Belgium High,Cedar Grove-Belgium Area School District,Cedar Grove,265,38,Yes participating without using any Provision or the CEO,false,9th Grade,12th Grade
550243001629,Cedar Grove-Belgium Middle,Cedar Grove-Belgium Area School District,Cedar Grove,252,57,Yes participating without using any Provision or the CEO,false,5th Grade,8th Grade
551083001407,Cedar Hills Elementary,Oak Creek-Franklin Joint School District,Oak Creek,295,119,Yes participating without using any Provision or the CEO,false,Prekindergarten,5th Grade
550246000270,Cedarburg High,Cedarburg School District,Cedarburg,1073,92,Yes participating without using any Provision or the CEO,false,9th Grade,12th Grade
550762000879,Central - Denison Elementary,Lake Geneva J1 School District,Lake Geneva,522,208,Yes participating without using any Provision or the CEO,false,Prekindergarten,3rd Grade
550004102171,Central City Cyberschool,Central City Cyberschool of Milwaukee Inc,Milwaukee,343,321,Yes under Community Eligibility Option (CEO),true,Prekindergarten,12th Grade
551272001674,Central Elementary,Rhinelander School District,Rhinelander,269,166,Yes under Community Eligibility Option (CEO),false,Prekindergarten,5th Grade
551464003161,Central Heights Middle,Sun Prairie Area School District,Sun Prairie,560,190,Yes participating without using any Provision or the CEO,false,6th Grade,8th Grade
550753000854,Central High,La Crosse School District,La Crosse,969,379,Yes participating without using any Provision or the CEO,false,9th Grade,12th Grade
551329001751,Central High,Westosha Central UHS School District,Salem,1309,161,No,false,9th Grade,12th Grade
551365002879,Central High,Sheboygan Area School District,Sheboygan,183,162,Yes under Community Eligibility Option (CEO),true,9th Grade,12th Grade
551626002101,Central High,West Allis-West Milwaukee School District,West Allis,961,702,Yes under Community Eligibility Option (CEO),true,9th Grade,12th Grade
550609000674,Central Middle,Hartford J1 School District,Hartford,419,165,Yes participating without using any Provision or the CEO,false,6th Grade,8th Grade
551707003088,Central Oaks Academy,Wisconsin Rapids School District,Wisconsin Rapids,88,42,Yes under Community Eligibility Option (CEO),true,Prekindergarten,8th Grade
551724503386,Central Sands Community High School,Central Sands Community High School Inc,Amherst,35,,No,false,9th Grade,12th Grade
550003602111,Central Wisconsin Center,Wisconsin Department of Health Services,Madison,1,,No,false,Kindergarten,12th Grade
551038002957,Central Wisconsin STEM Academy,Nekoosa School District,Nekoosa,32,20,Yes participating without using any Provision or the CEO,false,6th Grade,8th Grade
550852002483,Cesar Chavez Elementary,Madison Metropolitan School District,Madison,631,204,Yes participating without using any Provision or the CEO,false,Prekindergarten,5th Grade
551584003091,Chain Exploration Center,Waupaca School District,Waupaca,139,46,Yes participating without using any Provision or the CEO,false,Prekindergarten,8th Grade
550582000614,Chappell Elementary,Green Bay Area Public School District,Green Bay,384,256,Yes under Community Eligibility Option (CEO),false,Prekindergarten,5th Grade
551449001116,Charles F Fernandez Center Alt Learning,Stevens Point Area Public School District,Stevens Point,77,58,Yes participating without using any Provision or the CEO,true,9th Grade,12th Grade
550732000811,Chavez Learning Station,Kenosha School District,Kenosha,149,125,Yes under Community Eligibility Option (CEO),false,Prekindergarten,Prekindergarten
550468000493,Chegwin Elementary,Fond du Lac School District,Fond du Lac,296,223,Yes under Community Eligibility Option (CEO),false,Prekindergarten,5th Grade
550005802763,Chequamegon High,Chequamegon School District,Park Falls,196,81,Yes participating without using any Provision or the CEO,false,9th Grade,12th Grade
550005802766,Chequamegon Middle,Chequamegon School District,Glidden,128,75,Yes participating without using any Provision or the CEO,true,6th Grade,8th Grade
550852000922,Cherokee Heights Middle,Madison Metropolitan School District,Madison,526,254,Yes participating without using any Provision or the CEO,true,6th Grade,8th Grade
550006102807,Chetek-Weyerhaeuser High,Chetek-Weyerhaeuser Area School District,Chetek,254,93,Yes participating without using any Provision or the CEO,true,9th Grade,12th Grade
550006102806,Chetek-Weyerhaeuser Middle,Chetek-Weyerhaeuser Area School District,Chetek,204,84,Yes participating without using any Provision or the CEO,true,6th Grade,8th Grade
550006102805,Chetek-Weyerhaeuser Roselawn Elementary,Chetek-Weyerhaeuser Area School District,Chetek,429,193,Yes participating without using any Provision or the CEO,false,Prekindergarten,5th Grade
550252000278,Chilton Elementary,Chilton School District,Chilton,375,160,Yes participating without using any Provision or the CEO,false,Prekindergarten,4th Grade
550252000279,Chilton High,Chilton School District,Chilton,380,115,Yes participating without using any Provision or the CEO,false,9th Grade,12th Grade
550252002430,Chilton Middle,Chilton School District,Chilton,282,109,Yes participating without using any Provision or the CEO,false,5th Grade,8th Grade
550255000282,Chippewa Falls High,Chippewa Falls Area Unified School District,Chippewa Falls,1451,482,Yes participating without using any Provision or the CEO,false,9th Grade,12th Grade
550255000281,Chippewa Falls Middle,Chippewa Falls Area Unified School District,Chippewa Falls,999,404,Yes participating without using any Provision or the CEO,false,6th Grade,8th Grade
550405002544,Chippewa Valley Montessori Charter School,Eau Claire Area School District,Eau Claire,301,106,Yes participating without using any Provision or the CEO,false,Prekindergarten,5th Grade
551006001316,Clarendon Avenue Elementary,Mukwonago School District,Mukwonago,511,102,Yes participating without using any Provision or the CEO,false,Prekindergarten,6th Grade
550951002882,Clark Street Community School,Middleton-Cross Plains Area School District,Middleton,108,28,No,false,9th Grade,12th Grade
551512001960,Clarke Middle,Two Rivers Public School District,Two Rivers,397,180,Yes under Community Eligibility Option (CEO),true,5th Grade,8th Grade
550960001140,Clarke Street Elementary,Milwaukee School District,Milwaukee,167,158,Yes under Community Eligibility Option (CEO),true,Prekindergarten,8th Grade
550039001619,Classical School,Appleton Area School District,Appleton,487,79,Yes participating without using any Provision or the CEO,false,Kindergarten,8th Grade
550114000163,Clay Lamberton Elementary,Berlin Area School District,Berlin,480,272,Yes participating without using any Provision or the CEO,false,Prekindergarten,5th Grade
550258000289,Clayton Elementary,Clayton School District,Clayton,124,59,Yes under Community Eligibility Option (CEO),false,Prekindergarten,5th Grade
551032001340,Clayton Elementary,Neenah Joint School District,Neenah,206,29,Yes participating without using any Provision or the CEO,false,Kindergarten,4th Grade
550258000290,Clayton High,Clayton School District,Clayton,86,34,Yes under Community Eligibility Option (CEO),false,9th Grade,12th Grade
550258000558,Clayton Middle,Clayton School District,Clayton,46,24,Yes under Community Eligibility Option (CEO),true,6th Grade,8th Grade
550261000292,Clear Lake High,Clear Lake School District,Clear Lake,189,64,Yes participating without using any Provision or the CEO,false,9th Grade,12th Grade
550261000293,Clear Lake Junior High,Clear Lake School District,Clear Lake,72,14,Yes participating without using any Provision or the CEO,false,7th Grade,8th Grade
550960001141,Clemens Elementary,Milwaukee School District,Milwaukee,321,313,Yes under Community Eligibility Option (CEO),false,Prekindergarten,5th Grade
550960001142,Clement Avenue Elementary,Milwaukee School District,Milwaukee,238,185,Yes under Community Eligibility Option (CEO),true,Prekindergarten,8th Grade
551365001781,Cleveland Elementary,Sheboygan Area School District,Cleveland,117,68,Yes under Community Eligibility Option (CEO),false,Prekindergarten,5th Grade
550264000295,Clinton Elementary,Clinton Community School District,Clinton,541,221,Yes participating without using any Provision or the CEO,false,Prekindergarten,6th Grade
550264000297,Clinton Junior High,Clinton Community School District,Clinton,132,48,Yes participating without using any Provision or the CEO,false,7th Grade,8th Grade
550264000296,Clinton Senior High,Clinton Community School District,Clinton,312,102,Yes participating without using any Provision or the CEO,false,9th Grade,12th Grade
550267000305,Clintonville Elementary School,Clintonville School District,Clintonville,505,300,Yes participating without using any Provision or the CEO,false,Prekindergarten,5th Grade
550267000302,Clintonville High,Clintonville School District,Clintonville,392,161,Yes participating without using any Provision or the CEO,true,9th Grade,12th Grade
550267000301,Clintonville Middle,Clintonville School District,Clintonville,224,108,Yes participating without using any Provision or the CEO,true,6th Grade,8th Grade
550903001055,Clovis Grove Elementary,Menasha Joint School District,Menasha,448,253,Yes under Community Eligibility Option (CEO),false,Prekindergarten,5th Grade
550270000306,Cochrane-Fountain City Elementary,Cochrane-Fountain City School District,Fountain City,271,98,Yes participating without using any Provision or the CEO,false,Prekindergarten,6th Grade
550270000307,Cochrane-Fountain City High,Cochrane-Fountain City School District,Fountain City,244,71,Yes participating without using any Provision or the CEO,false,7th Grade,12th Grade
550273000308,Colby Elementary,Colby School District,Colby,354,198,Yes participating without using any Provision or the CEO,false,Kindergarten,5th Grade
550273000309,Colby High,Colby School District,Colby,306,158,Yes participating without using any Provision or the CEO,false,9th Grade,12th Grade
550273001226,Colby Middle,Colby School District,Colby,204,122,Yes participating without using any Provision or the CEO,true,6th Grade,8th Grade
550276000313,Coleman Elementary,Coleman School District,Coleman,387,164,Yes participating without using any Provision or the CEO,false,Prekindergarten,5th Grade
550276000314,Coleman High,Coleman School District,Coleman,212,68,Yes participating without using any Provision or the CEO,false,9th Grade,12th Grade
550276002847,Coleman Middle,Coleman School District,Coleman,142,61,Yes participating without using any Provision or the CEO,false,6th Grade,8th Grade
550279000315,Colfax Elementary,Colfax School District,Colfax,398,182,Yes participating without using any Provision or the CEO,false,Prekindergarten,6th Grade
550279000316,Colfax High,Colfax School District,Colfax,318,99,Yes participating without using any Provision or the CEO,false,7th Grade,12th Grade
550591002253,College Park Elementary,Greendale School District,Greendale,273,92,Yes participating without using any Provision or the CEO,false,Kindergarten,5th Grade
551644002147,Coloma Elementary,Westfield School District,Coloma,100,47,Yes participating without using any Provision or the CEO,false,Prekindergarten,5th Grade
550039000050,Columbus Elementary,Appleton Area School District,Appleton,88,62,Yes under Community Eligibility Option (CEO),false,Prekindergarten,5th Grade
550282000321,Columbus Elementary,Columbus School District,Columbus,425,148,Yes participating without using any Provision or the CEO,false,Prekindergarten,5th Grade
550282000318,Columbus High,Columbus School District,Columbus,383,82,Yes participating without using any Provision or the CEO,false,9th Grade,12th Grade
550282000319,Columbus Middle,Columbus School District,Columbus,241,79,Yes participating without using any Provision or the CEO,true,6th Grade,8th Grade
550960001143,Congress Elementary,Milwaukee School District,Milwaukee,607,542,Yes under Community Eligibility Option (CEO),true,Prekindergarten,8th Grade
550891001034,Conrad Elvehjem Primary School,McFarland School District,McFarland,449,57,Yes participating without using any Provision or the CEO,false,Prekindergarten,2nd Grade
550957001115,Consolidated Elementary,Milton School District,Janesville,82,8,Yes participating without using any Provision or the CEO,false,Kindergarten,3rd Grade
550105000139,Converse Elementary,Beloit School District,Beloit,446,320,Yes under Community Eligibility Option (CEO),false,Prekindergarten,5th Grade
551032001342,Coolidge Elementary,Neenah Joint School District,Neenah,329,130,Yes under Community Eligibility Option (CEO),false,Kindergarten,4th Grade
551641002144,Coon Valley Elementary,Westby Area School District,Coon Valley,125,29,Yes participating without using any Provision or the CEO,false,Prekindergarten,4th Grade
550960001144,Cooper Elementary,Milwaukee School District,Milwaukee,447,248,Yes under Community Eligibility Option (CEO),true,Prekindergarten,8th Grade
551365001782,Cooper Elementary,Sheboygan Area School District,Sheboygan,256,184,Yes under Community Eligibility Option (CEO),false,Prekindergarten,5th Grade
551467001917,Cooper Elementary,Superior School District,Superior,363,42,Yes participating without using any Provision or the CEO,false,Prekindergarten,5th Grade
550189002462,Cooper Montessori,Burlington Area School District,Burlington,225,48,Yes participating without using any Provision or the CEO,false,Prekindergarten,6th Grade
550003502110,Copper Lake School,Wisconsin Department of Corrections,Irma,14,,Yes participating without using any Provision or the CEO,false,7th Grade,12th Grade
551533001153,Core Knowledge Charter School,Verona Area School District,Verona,417,44,Yes participating without using any Provision or the CEO,false,Kindergarten,8th Grade
550600002673,Core4,Whitnall School District,Greenfield,87,22,No,false,Prekindergarten,Prekindergarten
550054000294,Cormier School and Early Learning Center,Ashwaubenon School District,Green Bay,275,115,Yes participating without using any Provision or the CEO,false,Prekindergarten,Kindergarten
550288000323,Cornell Elementary,Cornell School District,Cornell,209,3,Yes participating without using any Provision or the CEO,false,Prekindergarten,5th Grade
550288000324,Cornell High,Cornell School District,Cornell,100,3,Yes participating without using any Provision or the CEO,true,9th Grade,12th Grade
550288002896,Cornell Middle,Cornell School District,Cornell,83,53,Yes participating without using any Provision or the CEO,true,6th Grade,8th Grade
550981001289,Cottage Grove Elementary,Monona Grove School District,Cottage Grove,307,70,Yes participating without using any Provision or the CEO,false,1st Grade,2nd Grade
550753001463,Coulee Montessori Charter School,La Crosse School District,La Crosse,118,78,Yes under Community Eligibility Option (CEO),true,Prekindergarten,6th Grade
550753003156,Coulee Region Virtual Academy,La Crosse School District,La Crosse,102,21,No,false,Kindergarten,12th Grade
550483000520,Country Dale Elementary,Franklin Public School District,Franklin,437,88,Yes participating without using any Provision or the CEO,false,Prekindergarten,5th Grade
551533000242,Country View Elementary,Verona Area School District,Verona,382,112,Yes participating without using any Provision or the CEO,false,Kindergarten,5th Grade
550516000550,County Line Elementary,Germantown School District,Germantown,496,29,Yes participating without using any Provision or the CEO,false,Prekindergarten,5th Grade
550702000757,Craig High,Janesville School District,Janesville,1400,521,Yes participating without using any Provision or the CEO,false,9th Grade,12th Grade
550960001045,Craig Montessori School,Milwaukee School District,Milwaukee,220,134,Yes under Community Eligibility Option (CEO),true,Prekindergarten,8th Grade
550291000326,Crandon Elementary,Crandon School District,Crandon,396,75,Yes under Community Eligibility Option (CEO),false,Prekindergarten,5th Grade
550291000327,Crandon High,Crandon School District,Crandon,226,79,Yes under Community Eligibility Option (CEO),false,9th Grade,12th Grade
550291002388,Crandon Middle,Crandon School District,Crandon,181,74,Yes under Community Eligibility Option (CEO),false,6th Grade,8th Grade
551464002756,Creekside Elementary,Sun Prairie Area School District,Sun Prairie,394,173,Yes participating without using any Provision or the CEO,false,Prekindergarten,5th Grade
551272001675,Crescent Elementary,Rhinelander School District,Rhinelander,384,203,Yes under Community Eligibility Option (CEO),false,Prekindergarten,5th Grade
550852000924,Crestwood Elementary,Madison Metropolitan School District,Madison,293,71,Yes participating without using any Provision or the CEO,false,Prekindergarten,5th Grade
550297000329,Crivitz Elementary,Crivitz School District,Crivitz,470,167,Yes under Community Eligibility Option (CEO),false,Prekindergarten,6th Grade
550297000330,Crivitz High,Crivitz School District,Crivitz,209,72,Yes under Community Eligibility Option (CEO),false,9th Grade,12th Grade
550297000331,Crivitz Middle,Crivitz School District,Crivitz,120,41,Yes under Community Eligibility Option (CEO),true,7th Grade,8th Grade
550303000332,Cuba City Elementary,Cuba City School District,Cuba City,288,89,Yes participating without using any Provision or the CEO,false,Prekindergarten,5th Grade
550303000333,Cuba City High,Cuba City School District,Cuba City,262,60,Yes participating without using any Provision or the CEO,false,9th Grade,12th Grade
550303003103,Cuba City Middle,Cuba City School District,Cuba City,129,37,Yes participating without using any Provision or the CEO,false,6th Grade,8th Grade
550306000336,Cudahy High,Cudahy School District,Cudahy,644,391,Yes under Community Eligibility Option (CEO),true,9th Grade,12th Grade
550306002389,Cudahy Middle,Cudahy School District,Cudahy,247,155,Yes under Community Eligibility Option (CEO),true,7th Grade,8th Grade
550309000343,Cumberland Elementary,Cumberland School District,Cumberland,334,165,Yes participating without using any Provision or the CEO,false,Prekindergarten,4th Grade
551662002166,Cumberland Elementary,Whitefish Bay School District,Whitefish Bay,624,,No,false,Prekindergarten,5th Grade
550309000344,Cumberland High,Cumberland School District,Cumberland,285,106,Yes participating without using any Provision or the CEO,false,9th Grade,12th Grade
550309000304,Cumberland Middle,Cumberland School District,Cumberland,256,108,Yes participating without using any Provision or the CEO,true,5th Grade,8th Grade
550960001146,Curtin Elementary,Milwaukee School District,Milwaukee,301,271,Yes under Community Eligibility Option (CEO),true,Prekindergarten,8th Grade
550351000374,Cushing Elementary,Kettle Moraine School District,Delafield,281,28,Yes participating without using any Provision or the CEO,false,Prekindergarten,5th Grade
551317002963,D C Everest 4K Community Partnership,D C Everest Area School District,Weston,236,3,No,false,Prekindergarten,Prekindergarten
551317001734,D C Everest High,D C Everest Area School District,Weston,1335,416,Yes participating without using any Provision or the CEO,false,10th Grade,12th Grade
551317002885,D C Everest Idea School,D C Everest Area School District,Weston,69,20,Yes participating without using any Provision or the CEO,false,6th Grade,12th Grade
551317001735,D C Everest Junior High,D C Everest Area School District,Weston,848,288,Yes participating without using any Provision or the CEO,false,8th Grade,9th Grade
551317002534,D C Everest Middle,D C Everest Area School District,Weston,844,281,Yes participating without using any Provision or the CEO,false,6th Grade,7th Grade
550582000616,Danz Elementary,Green Bay Area Public School District,Green Bay,542,399,Yes under Community Eligibility Option (CEO),false,Prekindergarten,5th Grade
550364002239,Darien Elementary,Delavan-Darien School District,Darien,223,147,Yes participating without using any Provision or the CEO,false,3rd Grade,4th Grade
550315000704,Darlington Elementary/Middle,Darlington Community School District,Darlington,636,308,Yes participating without using any Provision or the CEO,true,Prekindergarten,8th Grade
550315000348,Darlington High,Darlington Community School District,Darlington,263,108,Yes participating without using any Provision or the CEO,false,9th Grade,12th Grade
550004702536,Darrell Lynn Hines Academy,Darrell L Hines Academy Inc,Milwaukee,180,121,Yes under Community Eligibility Option (CEO),true,Prekindergarten,8th Grade
550405000438,Davey Elementary,Eau Claire Area School District,Eau Claire,332,107,Yes participating without using any Provision or the CEO,false,Kindergarten,5th Grade
550318000355,De Forest High,De Forest Area School District,DeForest,1137,184,Yes participating without using any Provision or the CEO,false,9th Grade,12th Grade
550318000356,De Forest Middle,De Forest Area School District,De Forest,602,119,Yes participating without using any Provision or the CEO,true,7th Grade,8th Grade
550321000361,De Pere High,De Pere School District,De Pere,1466,282,Yes participating without using any Provision or the CEO,false,9th Grade,12th Grade
550321000362,De Pere Middle,De Pere School District,De Pere,690,149,Yes participating without using any Provision or the CEO,false,7th Grade,8th Grade
550324000365,De Soto High,De Soto Area School District,De Soto,133,54,Yes participating without using any Provision or the CEO,false,9th Grade,12th Grade
550324000366,De Soto Middle,De Soto Area School District,De Soto,101,46,Yes participating without using any Provision or the CEO,false,6th Grade,8th Grade
550324003022,De Soto Virtual School,De Soto Area School District,De Soto,9,5,No,false,Kindergarten,12th Grade
551629002127,Decorah Elementary,West Bend School District,West Bend,349,121,Yes participating without using any Provision or the CEO,false,Kindergarten,4th Grade
551626003142,Deeper Learning Virtual Academy,West Allis-West Milwaukee School District,West Allis,88,43,No,false,Prekindergarten,12th Grade
551326001747,Deer Creek Intermediate,Saint Francis School District,Saint Francis,300,140,Yes participating without using any Provision or the CEO,true,4th Grade,8th Grade
550327000370,Deerfield Elementary,Deerfield Community School District,Deerfield,409,93,Yes participating without using any Provision or the CEO,false,Prekindergarten,6th Grade
551083002618,Deerfield Elementary,Oak Creek-Franklin Joint School District,Oak Creek,368,95,Yes participating without using any Provision or the CEO,false,Prekindergarten,5th Grade
550327000371,Deerfield High,Deerfield Community School District,Deerfield,207,44,Yes participating without using any Provision or the CEO,false,9th Grade,12th Grade
550327000372,Deerfield Middle,Deerfield Community School District,Deerfield,114,28,Yes participating without using any Provision or the CEO,false,7th Grade,8th Grade
550364003165,Delavan Darien Technical School Inc,Delavan-Darien School District,Delavan,93,53,Yes participating without using any Provision or the CEO,false,9th Grade,12th Grade
550364000386,Delavan-Darien High,Delavan-Darien School District,Delavan,511,277,Yes participating without using any Provision or the CEO,true,9th Grade,12th Grade
550405000421,Delong Middle,Eau Claire Area School District,Eau Claire,893,389,Yes participating without using any Provision or the CEO,true,6th Grade,8th Grade
550366000387,Denmark Elementary,Denmark School District,Denmark,778,177,Yes participating without using any Provision or the CEO,false,Prekindergarten,5th Grade
550366000388,Denmark High,Denmark School District,Denmark,479,67,Yes participating without using any Provision or the CEO,false,9th Grade,12th Grade
550366000389,Denmark Middle,Denmark School District,Denmark,333,75,Yes participating without using any Provision or the CEO,false,6th Grade,8th Grade
550891003039,Destinations Career Academy of Wisconsin High,McFarland School District,McFarland,423,213,No,false,9th Grade,12th Grade
550003602079,Dhs Winnebago Mental Health Institute,Wisconsin Department of Health Services,Winnebago,3,,No,false,Kindergarten,12th Grade
550321000363,Dickinson Elementary,De Pere School District,De Pere,523,123,Yes participating without using any Provision or the CEO,false,Prekindergarten,4th Grade
550282002734,Discovery Charter School,Columbus School District,Columbus,71,17,Yes participating without using any Provision or the CEO,false,Kindergarten,3rd Grade
551006003024,District 4K,Mukwonago School District,Mukwonago,139,9,No,false,Prekindergarten,Prekindergarten
550177002367,Dixon Elementary,Elmbrook School District,Brookfield,658,75,Yes participating without using any Provision or the CEO,false,Prekindergarten,5th Grade
550003502005,Doc: Columbia Correctional Institution,Wisconsin Department of Corrections,Portage,6,,No,false,11th Grade,12th Grade
550003501945,Doc: Green Bay Correctional Institution,Wisconsin Department of Corrections,Green Bay,19,,No,false,11th Grade,12th Grade
550003502026,Doc: Kettle Moraine Correctional Institu Tion,Wisconsin Department of Corrections,Plymouth,34,,No,false,12th Grade,12th Grade
550003502016,Doc: Lincoln Hills/Copper Lake School,Wisconsin Department of Corrections,Irma,38,,Yes participating without using any Provision or the CEO,false,6th Grade,12th Grade
550003502561,Doc: Milwaukee Secure Detention Facility,Wisconsin Department of Corrections,Milwaukee,4,,No,false,12th Grade,12th Grade
550003502633,Doc: New Lisbon Correctional Facility,Wisconsin Department of Corrections,New Lisbon,1,,No,false,9th Grade,12th Grade
550003501949,Doc: Racine Correctional Institution,Wisconsin Department of Corrections,Sturtevant,2,,No,false,11th Grade,12th Grade
550003501965,Doc: Racine Youthful Offender Correction Al Facility,Wisconsin Department of Corrections,Racine,32,,No,false,11th Grade,12th Grade
550003502118,Doc: Taycheedah Correctional Institution,Wisconsin Department of Corrections,Fond du Lac,1,,No,false,11th Grade,12th Grade
550003502112,Doc: Waupun Correctional Institution,Wisconsin Department of Corrections,Waupun,1,,No,false,12th Grade,12th Grade
550003502581,Doc: Wisconsin Secure Program Facility,Wisconsin Department of Corrections,Boscobel,2,,No,false,12th Grade,12th Grade
550726000791,Dodgeland Elementary,Dodgeland School District,Juneau,315,178,Yes participating without using any Provision or the CEO,false,Prekindergarten,5th Grade
550726000787,Dodgeland High,Dodgeland School District,Juneau,233,102,Yes participating without using any Provision or the CEO,false,9th Grade,12th Grade
550726002983,Dodgeland Middle,Dodgeland School District,Juneau,140,70,Yes participating without using any Provision or the CEO,true,6th Grade,8th Grade
550369000390,Dodgeville Elementary,Dodgeville School District,Dodgeville,385,127,Yes participating without using any Provision or the CEO,false,Prekindergarten,4th Grade
550369000392,Dodgeville High,Dodgeville School District,Dodgeville,367,107,Yes participating without using any Provision or the CEO,false,9th Grade,12th Grade
550369000391,Dodgeville Middle,Dodgeville School District,Dodgeville,283,93,Yes participating without using any Provision or the CEO,false,5th Grade,8th Grade
550960001148,Doerfler Elementary,Milwaukee School District,Milwaukee,609,481,Yes under Community Eligibility Option (CEO),true,Prekindergarten,8th Grade
550913001083,Donges Bay Elementary,Mequon-Thiensville School District,Mequon,539,38,Yes participating without using any Provision or the CEO,false,Prekindergarten,5th Grade
550582000617,Doty Elementary,Green Bay Area Public School District,Green Bay,298,213,Yes under Community Eligibility Option (CEO),false,Prekindergarten,5th Grade
551575001997,Douglas Elementary,Watertown Unified School District,Watertown,311,177,Yes participating without using any Provision or the CEO,false,Kindergarten,5th Grade
550351000375,Dousman Elementary,Kettle Moraine School District,Dousman,311,44,Yes participating without using any Provision or the CEO,false,Prekindergarten,5th Grade
550909001074,Downsville Elementary,Menomonie Area School District,Downsville,86,47,Yes participating without using any Provision or the CEO,false,Kindergarten,5th Grade
550003902153,Downtown Montessori,Downtown Montessori Academy Inc,Milwaukee,218,,No,false,Prekindergarten,8th Grade
550729002433,Dr H B Tanner Elementary,Kaukauna Area School District,Kaukauna,466,117,Yes participating without using any Provision or the CEO,false,Prekindergarten,1st Grade
550006602865,Dr Howard Fuller Collegiate Academy,Dr Howard Fuller Collegiate Academy Inc,Milwaukee,608,480,Yes under Community Eligibility Option (CEO),true,6th Grade,12th Grade
550582003009,Dr Rosa Minoka-Hill School,Green Bay Area Public School District,Green Bay,83,63,Yes under Community Eligibility Option (CEO),true,Kindergarten,12th Grade
550852000931,Dr Virginia Henderson Elementary School,Madison Metropolitan School District,Madison,462,271,Yes under Community Eligibility Option (CEO),false,Prekindergarten,5th Grade
551323001744,Dresser Elementary,Saint Croix Falls School District,Dresser,46,18,Yes participating without using any Provision or the CEO,false,Prekindergarten,Kindergarten
551080001405,Drought Elementary,Norway J7 School District,Franksville,109,20,Yes under Community Eligibility Option (CEO),false,Prekindergarten,8th Grade
550381000398,Drummond Elementary,Drummond Area School District,Drummond,156,70,Yes under Community Eligibility Option (CEO),false,Prekindergarten,6th Grade
550381000396,Drummond High,Drummond Area School District,Drummond,92,28,Yes under Community Eligibility Option (CEO),false,9th Grade,12th Grade
550381000397,Drummond Junior High,Drummond Area School District,Drummond,53,21,Yes under Community Eligibility Option (CEO),true,7th Grade,8th Grade
551200002320,Dunwiddie Elementary,Port Washington-Saukville School District,Port Washington,324,106,Yes participating without using any Provision or the CEO,false,Prekindergarten,4th Grade
550384000136,Durand Middle/High,Durand-Arkansaw School District,Durand,537,192,Yes participating without using any Provision or the CEO,false,6th Grade,12th Grade
550189000239,Dyer Elementary,Burlington Area School District,Burlington,395,155,Yes participating without using any Provision or the CEO,false,Prekindergarten,4th Grade
551119001483,E Cook Elementary,Oshkosh Area School District,Oshkosh,278,179,Yes under Community Eligibility Option (CEO),false,Kindergarten,5th Grade
551404001827,E W Luther Elementary,South Milwaukee School District,South Milwaukee,197,85,Yes participating without using any Provision or the CEO,false,Prekindergarten,5th Grade
551578003380,Eachieve Academy - Wisconsin,Waukesha School District,Waukesha,639,222,No,false,6th Grade,12th Grade
551578003003,Eachieve Elementary,Waukesha School District,Waukesha,111,50,No,false,Prekindergarten,5th Grade
551101001445,Eagle Bluff Elementary,Onalaska School District,Onalaska,471,113,Yes participating without using any Provision or the CEO,false,Prekindergarten,5th Grade
551135001513,Eagle Elementary,Palmyra-Eagle Area School District,Eagle,234,94,Yes participating without using any Provision or the CEO,false,Prekindergarten,5th Grade
550318000354,Eagle Point Elementary,De Forest Area School District,DeForest,389,97,Yes participating without using any Provision or the CEO,false,Kindergarten,3rd Grade
551398003171,Eagles Academy,Solon Springs School District,Solon Springs,23,7,Yes participating without using any Provision or the CEO,false,6th Grade,12th Grade
551398003113,Eagles' Wings Public Montessori Charter,Solon Springs School District,Solon Springs,89,38,Yes participating without using any Provision or the CEO,false,Prekindergarten,6th Grade
551398003092,Eagles' Wings Virtual Charter School,Solon Springs School District,Solon Springs,17,6,No,false,Prekindergarten,12th Grade
551006003354,Eagleville Charter School,Mukwonago School District,Eagle,95,17,Yes participating without using any Provision or the CEO,false,Kindergarten,6th Grade
550246002772,Early Childhood,Cedarburg School District,Cedarburg,13,3,No,false,Prekindergarten,Prekindergarten
551083002659,Early Learning Academy,Oak Creek-Franklin Joint School District,Oak Creek,266,96,No,false,Prekindergarten,Prekindergarten
551074002531,Early Learning Center,North Fond du Lac School District,North Fond du Lac,84,43,No,false,Prekindergarten,Prekindergarten
551365002423,Early Learning Center,Sheboygan Area School District,Sheboygan,521,366,Yes under Community Eligibility Option (CEO),false,Prekindergarten,Prekindergarten
550468003042,Early Learning in Fond Du Lac,Fond du Lac School District,Fond du Lac,231,18,No,false,Prekindergarten,Prekindergarten
550318002368,Early Learning Program,De Forest Area School District,DeForest,297,,No,false,Prekindergarten,Prekindergarten
550036000039,East Elementary,Antigo Unified School District,Antigo,198,96,Yes under Community Eligibility Option (CEO),false,Prekindergarten,3rd Grade
550081000104,East Elementary,Baraboo School District,Baraboo,334,,Yes participating without using any Provision or the CEO,false,Prekindergarten,5th Grade
550705000777,East Elementary,Jefferson School District,Jefferson,283,115,Yes participating without using any Provision or the CEO,false,Prekindergarten,5th Grade
550957001117,East Elementary,Milton School District,Milton,409,117,Yes participating without using any Provision or the CEO,false,Prekindergarten,3rd Grade
550039000047,East High,Appleton Area School District,Appleton,1238,501,Yes participating without using any Provision or the CEO,false,9th Grade,12th Grade
550582000618,East High,Green Bay Area Public School District,Green Bay,1119,745,Yes participating without using any Provision or the CEO,true,9th Grade,12th Grade
550852000925,East High,Madison Metropolitan School District,Madison,1643,951,Yes participating without using any Provision or the CEO,true,9th Grade,12th Grade
551590002063,East High,Wausau School District,Wausau,893,391,Yes participating without using any Provision or the CEO,false,9th Grade,12th Grade
551599002077,East High,Wauwatosa School District,Wauwatosa,1043,237,Yes participating without using any Provision or the CEO,false,9th Grade,12th Grade
551629002128,East High,West Bend School District,West Bend,854,219,Yes participating without using any Provision or the CEO,false,9th Grade,12th Grade
550402000410,East Troy High,East Troy Community School District,East Troy,448,97,Yes participating without using any Provision or the CEO,false,9th Grade,12th Grade
550402000411,East Troy Middle,East Troy Community School District,East Troy,316,73,Yes participating without using any Provision or the CEO,false,6th Grade,8th Grade
551464001899,Eastside Elementary,Sun Prairie Area School District,Sun Prairie,408,97,Yes participating without using any Provision or the CEO,false,Prekindergarten,5th Grade
550762000882,Eastview Elementary,Lake Geneva J1 School District,Lake Geneva,257,94,Yes participating without using any Provision or the CEO,false,4th Grade,5th Grade
550405002778,Eau Claire Community Sites,Eau Claire Area School District,Eau Claire,435,,No,false,Prekindergarten,Prekindergarten
550405003115,Eau Claire Virtual School,Eau Claire Area School District,Eau Claire,147,,No,false,Kindergarten,12th Grade
551575003127,Ecampus Academy Charter School,Watertown Unified School District,Watertown,132,56,No,false,Prekindergarten,12th Grade
550216000260,Eden Elementary,Campbellsport School District,Eden,227,54,Yes participating without using any Provision or the CEO,false,Prekindergarten,5th Grade
550408000440,Edgar Elementary,Edgar School District,Edgar,255,75,Yes participating without using any Provision or the CEO,false,Prekindergarten,5th Grade
550408000441,Edgar High,Edgar School District,Edgar,193,54,Yes participating without using any Provision or the CEO,false,9th Grade,12th Grade
550408002391,Edgar Middle,Edgar School District,Edgar,120,39,Yes participating without using any Provision or the CEO,false,6th Grade,8th Grade
550411000442,Edgerton Community Elementary,Edgerton School District,Edgerton,809,254,Yes participating without using any Provision or the CEO,false,Prekindergarten,5th Grade
550600002392,Edgerton Elementary,Whitnall School District,Hales Corners,378,98,Yes participating without using any Provision or the CEO,false,Prekindergarten,5th Grade
550411000443,Edgerton High,Edgerton School District,Edgerton,593,181,Yes participating without using any Provision or the CEO,false,9th Grade,12th Grade
550411000444,Edgerton Middle,Edgerton School District,Edgerton,413,132,Yes participating without using any Provision or the CEO,true,6th Grade,8th Grade
550594000650,Edgewood Elementary,Greenfield School District,Greenfield,325,204,Yes participating without using any Provision or the CEO,false,Prekindergarten,5th Grade
551083001408,Edgewood Elementary,Oak Creek-Franklin Joint School District,Oak Creek,389,162,Yes participating without using any Provision or the CEO,false,Prekindergarten,5th Grade
550039000051,Edison Elementary,Appleton Area School District,Appleton,242,122,Yes under Community Eligibility Option (CEO),false,Prekindergarten,5th Grade
550582000619,Edison Middle,Green Bay Area Public School District,Green Bay,1121,695,Yes participating without using any Provision or the CEO,true,6th Grade,8th Grade
550702000758,Edison Middle,Janesville School District,Janesville,587,358,Yes under Community Eligibility Option (CEO),true,6th Grade,8th Grade
550960001154,Eighty-First Street Elementary,Milwaukee School District,Milwaukee,357,292,Yes under Community Eligibility Option (CEO),false,Prekindergarten,5th Grade
550039000052,Einstein Middle,Appleton Area School District,Appleton,851,246,Yes participating without using any Provision or the CEO,false,6th Grade,8th Grade
550582000620,Eisenhower Elementary,Green Bay Area Public School District,Green Bay,468,362,Yes under Community Eligibility Option (CEO),false,Prekindergarten,5th Grade
551599002078,Eisenhower Elementary,Wauwatosa School District,Wauwatosa,373,128,Yes participating without using any Provision or the CEO,false,Prekindergarten,5th Grade
551047001366,Eisenhower Middle/High,New Berlin School District,New Berlin,1095,103,Yes participating without using any Provision or the CEO,false,7th Grade,12th Grade
550417000447,Elcho Elementary,Elcho School District,Elcho,127,63,Yes participating without using any Provision or the CEO,false,Prekindergarten,5th Grade
550417000448,Elcho High,Elcho School District,Elcho,68,28,Yes participating without using any Provision or the CEO,false,9th Grade,12th Grade
550417002947,Elcho Middle,Elcho School District,Elcho,48,24,Yes participating without using any Provision or the CEO,false,6th Grade,8th Grade
550420000451,Eleva-Strum Elementary,Eleva-Strum School District,Strum,325,112,Yes participating without using any Provision or the CEO,false,Prekindergarten,5th Grade
550420000450,Eleva-Strum High,Eleva-Strum School District,Strum,195,45,Yes participating without using any Provision or the CEO,false,9th Grade,12th Grade
550420003081,Eleva-Strum Middle,Eleva-Strum School District,Strum,144,50,Yes participating without using any Provision or the CEO,false,6th Grade,8th Grade
550423000453,Elk Mound High,Elk Mound Area School District,Elk Mound,348,94,Yes participating without using any Provision or the CEO,false,9th Grade,12th Grade
550423000452,Elk Mound Middle,Elk Mound Area School District,Elk Mound,368,93,Yes participating without using any Provision or the CEO,false,5th Grade,8th Grade
550426000455,Elkhart Lake Elementary/Middle,Elkhart Lake-Glenbeulah School District,Elkhart Lake,359,76,Yes participating without using any Provision or the CEO,false,Prekindergarten,8th Grade
550426000456,Elkhart Lake High,Elkhart Lake-Glenbeulah School District,Elkhart Lake,155,32,Yes participating without using any Provision or the CEO,false,9th Grade,12th Grade
550429000459,Elkhorn Area High,Elkhorn Area School District,Elkhorn,953,273,Yes participating without using any Provision or the CEO,false,9th Grade,12th Grade
550429000460,Elkhorn Area Middle,Elkhorn Area School District,Elkhorn,659,225,Yes participating without using any Provision or the CEO,false,6th Grade,8th Grade
550429003038,Elkhorn Options Virtual School,Elkhorn Area School District,Elkhorn,335,88,Yes participating without using any Provision or the CEO,false,Prekindergarten,12th Grade
550432000465,Ellsworth Elementary,Ellsworth Community School District,Ellsworth,734,241,Yes participating without using any Provision or the CEO,false,Prekindergarten,5th Grade
550432000464,Ellsworth High,Ellsworth Community School District,Ellsworth,538,139,Yes participating without using any Provision or the CEO,false,9th Grade,12th Grade
550432000463,Ellsworth Middle,Ellsworth Community School District,Ellsworth,325,89,Yes participating without using any Provision or the CEO,false,6th Grade,8th Grade
550960002438,Elm Creative Arts Elementary,Milwaukee School District,Milwaukee,335,316,Yes under Community Eligibility Option (CEO),false,Prekindergarten,5th Grade
550594000651,Elm Dale Elementary,Greenfield School District,Greenfield,477,215,Yes participating without using any Provision or the CEO,false,Prekindergarten,5th Grade
550951001105,Elm Lawn Elementary,Middleton-Cross Plains Area School District,Middleton,313,46,Yes participating without using any Provision or the CEO,false,Prekindergarten,4th Grade
550582000621,Elmore Elementary,Green Bay Area Public School District,Green Bay,246,189,Yes under Community Eligibility Option (CEO),false,Prekindergarten,5th Grade
550435000470,Elmwood Elementary,Elmwood School District,Elmwood,130,51,Yes participating without using any Provision or the CEO,false,Prekindergarten,4th Grade
551047000224,Elmwood Elementary,New Berlin School District,New Berlin,567,55,Yes participating without using any Provision or the CEO,false,Prekindergarten,6th Grade
550435000471,Elmwood High,Elmwood School District,Elmwood,90,33,Yes participating without using any Provision or the CEO,false,9th Grade,12th Grade
550435000347,Elmwood Middle,Elmwood School District,Elmwood,92,27,Yes participating without using any Provision or the CEO,false,5th Grade,8th Grade
550852000926,Elvehjem Elementary,Madison Metropolitan School District,Madison,415,152,Yes participating without using any Provision or the CEO,false,Prekindergarten,5th Grade
550753000855,Emerson Elementary,La Crosse School District,La Crosse,317,85,Yes participating without using any Provision or the CEO,false,Prekindergarten,5th Grade
550852000927,Emerson Elementary,Madison Metropolitan School District,Madison,297,161,Yes participating without using any Provision or the CEO,false,Prekindergarten,5th Grade
550960001157,Emerson Elementary,Milwaukee School District,Milwaukee,187,158,Yes under Community Eligibility Option (CEO),false,Prekindergarten,5th Grade
551575002981,Endeavor Charter School,Watertown Unified School District,Watertown,46,17,Yes participating without using any Provision or the CEO,false,9th Grade,12th Grade
551206002419,Endeavor Elementary,Portage Community School District,Endeavor,57,19,Yes under Community Eligibility Option (CEO),false,Kindergarten,5th Grade
550960001158,Engleburg Elementary,Milwaukee School District,Milwaukee,286,250,Yes under Community Eligibility Option (CEO),false,Prekindergarten,5th Grade
551590002747,Enrich Excel Achieve Learning Academy,Wausau School District,Wausau,38,22,Yes under Community Eligibility Option (CEO),true,6th Grade,12th Grade
550441000476,Erin Elementary,Erin School District,Hartford,399,61,Yes participating without using any Provision or the CEO,false,Prekindergarten,8th Grade
550006902920,Escuela Verde,Trans Center for Youth Inc,Milwaukee,121,97,Yes under Community Eligibility Option (CEO),true,9th Grade,12th Grade
550528003114,Esucceed Charter School,Gilman School District,Gilman,78,,No,false,Kindergarten,12th Grade
550496000535,Ettrick Elementary,Galesville-Ettrick-Trempealeau School District,Ettrick,124,34,Yes participating without using any Provision or the CEO,false,Prekindergarten,5th Grade
551365002716,Etude Elementary,Sheboygan Area School District,Sheboygan,190,98,Yes under Community Eligibility Option (CEO),false,Prekindergarten,5th Grade
551365002859,Etude High,Sheboygan Area School District,Sheboygan,77,48,Yes under Community Eligibility Option (CEO),false,9th Grade,12th Grade
551365002899,Etude Middle,Sheboygan Area School District,Sheboygan,77,51,Yes under Community Eligibility Option (CEO),false,6th Grade,8th Grade
550468000494,Evans Elementary,Fond du Lac School District,Fond du Lac,279,183,Yes participating without using any Provision or the CEO,false,Prekindergarten,5th Grade
550444000478,Evansville High,Evansville Community School District,Evansville,497,109,Yes participating without using any Provision or the CEO,false,9th Grade,12th Grade
550654002259,Evergreen Elementary,Holmen School District,Holmen,317,73,Yes participating without using any Provision or the CEO,false,Kindergarten,5th Grade
551317001737,Evergreen Elementary,D C Everest Area School District,Rothschild,450,129,Yes participating without using any Provision or the CEO,false,Kindergarten,5th Grade
551566002454,Evergreen Elementary,Waterford Graded J1 School District,Waterford,310,34,Yes participating without using any Provision or the CEO,false,Prekindergarten,5th Grade
551074003390,Exploration Charter High School,North Fond du Lac School District,North Fond du Lac,23,8,Yes participating without using any Provision or the CEO,false,9th Grade,11th Grade
550852000938,Ezekiel Gillespie Middle School,Madison Metropolitan School District,Madison,462,246,Yes participating without using any Provision or the CEO,true,6th Grade,8th Grade
551629002129,Fair Park Elementary,West Bend School District,West Bend,345,143,Yes participating without using any Provision or the CEO,false,Kindergarten,4th Grade
551233001596,Fairview Elementary,Pulaski Community School District,Krakow,99,23,Yes participating without using any Provision or the CEO,false,Prekindergarten,5th Grade
550960001159,Fairview Elementary,Milwaukee School District,Milwaukee,603,438,Yes under Community Eligibility Option (CEO),true,Prekindergarten,8th Grade
551194001559,Fairview Elementary,Plymouth Joint School District,Plymouth,213,80,Yes under Community Eligibility Option (CEO),false,Prekindergarten,4th Grade
550177000221,Fairview South,Elmbrook School District,Brookfield,9,3,Yes participating without using any Provision or the CEO,false,5th Grade,12th Grade
550450000480,Fall Creek Elementary,Fall Creek School District,Fall Creek,414,109,Yes participating without using any Provision or the CEO,false,Prekindergarten,4th Grade
550450000481,Fall Creek High,Fall Creek School District,Fall Creek,270,49,Yes participating without using any Provision or the CEO,false,9th Grade,12th Grade
550450000482,Fall Creek Middle,Fall Creek School District,Fall Creek,265,73,Yes participating without using any Provision or the CEO,false,5th Grade,8th Grade
550453000483,Fall River Elementary,Fall River School District,Fall River,231,68,Yes participating without using any Provision or the CEO,false,Prekindergarten,5th Grade
550453000484,Fall River High,Fall River School District,Fall River,253,69,Yes participating without using any Provision or the CEO,false,6th Grade,12th Grade
550738000835,Farmington Elementary,Kewaskum School District,Kewaskum,262,59,Yes participating without using any Provision or the CEO,false,Prekindergarten,5th Grade
551365001783,Farnsworth Middle,Sheboygan Area School District,Sheboygan,443,318,Yes under Community Eligibility Option (CEO),true,6th Grade,8th Grade
550459000485,Fennimore Elementary,Fennimore Community School District,Fennimore,380,177,Yes participating without using any Provision or the CEO,false,Prekindergarten,5th Grade
550459000486,Fennimore High,Fennimore Community School District,Fennimore,255,102,Yes participating without using any Provision or the CEO,false,9th Grade,12th Grade
550459003012,Fennimore Middle,Fennimore Community School District,Fennimore,186,78,Yes participating without using any Provision or the CEO,false,6th Grade,8th Grade
550039002426,Ferber Elementary,Appleton Area School District,Appleton,499,161,Yes participating without using any Provision or the CEO,false,Prekindergarten,5th Grade
550960001160,Fernwood Montessori,Milwaukee School District,Milwaukee,731,150,Yes under Community Eligibility Option (CEO),true,Prekindergarten,8th Grade
550960001162,Fifty-Third Street Elementary,Milwaukee School District,Milwaukee,308,275,Yes under Community Eligibility Option (CEO),true,Prekindergarten,8th Grade
551497001919,Flambeau Elementary,Flambeau School District,Tony,188,134,Yes under Community Eligibility Option (CEO),false,Prekindergarten,5th Grade
551497001951,Flambeau High,Flambeau School District,Tony,129,67,Yes under Community Eligibility Option (CEO),false,9th Grade,12th Grade
551497001952,Flambeau Middle,Flambeau School District,Tony,115,75,Yes under Community Eligibility Option (CEO),true,6th Grade,8th Grade
550816002959,Flex Academy,Little Chute Area School District,Little Chute,87,14,Yes participating without using any Provision or the CEO,false,Kindergarten,8th Grade
550465000489,Florence Elementary,Florence County School District,Florence,197,92,Yes participating without using any Provision or the CEO,false,Prekindergarten,6th Grade
550465000490,Florence High,Florence County School District,Florence,116,41,Yes participating without using any Provision or the CEO,false,9th Grade,12th Grade
550465002360,Florence Middle,Florence County School District,Florence,56,26,Yes participating without using any Provision or the CEO,true,7th Grade,8th Grade
550405000417,Flynn Elementary,Eau Claire Area School District,Eau Claire,198,96,Yes participating without using any Provision or the CEO,false,Kindergarten,5th Grade
550468000498,Fond Du Lac High,Fond du Lac School District,Fond du Lac,1917,819,Yes participating without using any Provision or the CEO,false,9th Grade,12th Grade
550468002966,Fond Du Lac STEM Academy,Fond du Lac School District,Fond du Lac,162,84,Yes participating without using any Provision or the CEO,false,6th Grade,12th Grade
550472000508,Fontana Elementary,Fontana J8 School District,Fontana,197,35,Yes participating without using any Provision or the CEO,false,Prekindergarten,8th Grade
551110003134,Forest Edge Elementary School,Oregon School District,Fitchburg,446,75,Yes participating without using any Provision or the CEO,false,Prekindergarten,6th Grade
550663002409,Forest Glen Elementary,Howard-Suamico School District,Green Bay,446,82,Yes participating without using any Provision or the CEO,false,Prekindergarten,4th Grade
550960001163,Forest Home Elementary,Milwaukee School District,Milwaukee,559,513,Yes under Community Eligibility Option (CEO),false,Prekindergarten,5th Grade
550987001302,Forest Lane Community School,Montello School District,Montello,284,122,Yes under Community Eligibility Option (CEO),false,Prekindergarten,6th Grade
550732000806,Forest Park Elementary,Kenosha School District,Kenosha,391,213,Yes under Community Eligibility Option (CEO),false,Prekindergarten,5th Grade
550483000521,Forest Park Middle,Franklin Public School District,Franklin,1056,221,Yes participating without using any Provision or the CEO,false,6th Grade,8th Grade
551083003043,Forest Ridge Elementary,Oak Creek-Franklin Joint School District,Oak Creek,435,226,Yes participating without using any Provision or the CEO,false,Prekindergarten,5th Grade
550126000176,Forrest Street Elementary School,Black River Falls School District,Black River Falls,289,169,Yes under Community Eligibility Option (CEO),false,Prekindergarten,1st Grade
550474002749,Fort Atkinson 4K,Fort Atkinson School District,Fort Atkinson,100,,No,false,Prekindergarten,Prekindergarten
550474000510,Fort Atkinson High,Fort Atkinson School District,Fort Atkinson,816,216,Yes participating without using any Provision or the CEO,false,9th Grade,12th Grade
550474000512,Fort Atkinson Middle,Fort Atkinson School District,Fort Atkinson,467,159,Yes participating without using any Provision or the CEO,true,6th Grade,8th Grade
550582000622,Fort Howard Elementary,Green Bay Area Public School District,Green Bay,241,213,Yes under Community Eligibility Option (CEO),false,Prekindergarten,5th Grade
551467002347,Four Corners Elementary,Superior School District,Superior,200,21,Yes participating without using any Provision or the CEO,false,Prekindergarten,5th Grade
550039002724,Fox Cities Leadership Academy,Appleton Area School District,Appleton,78,24,Yes participating without using any Provision or the CEO,false,9th Grade,12th Grade
551455002424,Fox Prairie Elementary,Stoughton Area School District,Stoughton,443,108,Yes participating without using any Provision or the CEO,false,Kindergarten,5th Grade
550039002582,Fox River Academy,Appleton Area School District,Appleton,150,35,Yes participating without using any Provision or the CEO,false,Kindergarten,8th Grade
551566001989,Fox River Middle,Waterford Graded J1 School District,Waterford,510,94,Yes participating without using any Provision or the CEO,false,6th Grade,8th Grade
550903003153,Fox Valley Virtual School,Menasha Joint School District,Menasha,90,54,No,false,Prekindergarten,8th Grade
550660002854,Fox West Academy,Hortonville Area School District,Hortonville,65,8,Yes participating without using any Provision or the CEO,false,6th Grade,8th Grade
550321002488,Foxview Intermediate,De Pere School District,De Pere,673,139,Yes participating without using any Provision or the CEO,false,5th Grade,6th Grade
550105003011,Fran Fruzen Intermediate,Beloit School District,Beloit,490,356,Yes under Community Eligibility Option (CEO),true,6th Grade,8th Grade
550732000807,Frank Elementary,Kenosha School District,Kenosha,457,390,Yes under Community Eligibility Option (CEO),false,Prekindergarten,5th Grade
551626002102,Frank Lloyd Wright Intermediate,West Allis-West Milwaukee School District,West Allis,902,558,Yes under Community Eligibility Option (CEO),true,6th Grade,8th Grade
550039000054,Franklin Elementary,Appleton Area School District,Appleton,277,146,Yes under Community Eligibility Option (CEO),false,Prekindergarten,5th Grade
550852000930,Franklin Elementary,Madison Metropolitan School District,Madison,308,92,Yes participating without using any Provision or the CEO,false,Prekindergarten,2nd Grade
550861000973,Franklin Elementary,Manitowoc School District,Manitowoc,356,230,Yes under Community Eligibility Option (CEO),false,Kindergarten,5th Grade
550960001165,Franklin Elementary,Milwaukee School District,Milwaukee,311,296,Yes under Community Eligibility Option (CEO),true,Prekindergarten,8th Grade
551119002699,Franklin Elementary,Oshkosh Area School District,Oshkosh,308,144,Yes under Community Eligibility Option (CEO),false,Kindergarten,5th Grade
551590002048,Franklin Elementary,Wausau School District,Wausau,181,125,Yes under Community Eligibility Option (CEO),false,Kindergarten,5th Grade
551626002103,Franklin Elementary,West Allis-West Milwaukee School District,West Allis,244,164,Yes under Community Eligibility Option (CEO),false,Prekindergarten,5th Grade
550483000522,Franklin High,Franklin Public School District,Franklin,1605,351,Yes participating without using any Provision or the CEO,false,9th Grade,12th Grade
550582000623,Franklin Middle,Green Bay Area Public School District,Green Bay,560,401,Yes under Community Eligibility Option (CEO),true,6th Grade,8th Grade
550702000759,Franklin Middle,Janesville School District,Janesville,486,323,Yes under Community Eligibility Option (CEO),true,6th Grade,8th Grade
550960001166,Fratney Elementary,Milwaukee School District,Milwaukee,459,286,Yes under Community Eligibility Option (CEO),false,Prekindergarten,5th Grade
551236001611,Fratt Elementary,Racine Unified School District,Racine,435,350,Yes under Community Eligibility Option (CEO),false,Prekindergarten,5th Grade
550486000526,Frederic 6-12 School,Frederic School District,Frederic,214,100,Yes participating without using any Provision or the CEO,false,6th Grade,12th Grade
550486000525,Frederic Elementary,Frederic School District,Frederic,192,102,Yes participating without using any Provision or the CEO,false,Prekindergarten,5th Grade
550492000532,Freedom Elementary,Freedom Area School District,Freedom,691,138,Yes participating without using any Provision or the CEO,false,Prekindergarten,5th Grade
550492000533,Freedom High,Freedom Area School District,Freedom,510,64,Yes participating without using any Provision or the CEO,false,9th Grade,12th Grade
550492000534,Freedom Middle,Freedom Area School District,Freedom,339,63,Yes participating without using any Provision or the CEO,false,6th Grade,8th Grade
551650002157,Fremont Elementary,Weyauwega-Fremont School District,Fremont,97,25,Yes participating without using any Provision or the CEO,false,Kindergarten,5th Grade
551650003172,Fremont STEM Academy Inc.,Weyauwega-Fremont School District,Fremont,34,13,Yes participating without using any Provision or the CEO,false,5th Grade,8th Grade
551074001398,Friendship Learning Elementary,North Fond du Lac School District,North Fond du Lac,612,315,Yes participating without using any Provision or the CEO,false,Kindergarten,5th Grade
550008003077,Friess Lake Elementary,Holy Hill Area School District,Hubertus,279,50,Yes participating without using any Provision or the CEO,false,Prekindergarten,4th Grade
551590002049,G D Jones Elementary,Wausau School District,Wausau,492,259,Yes under Community Eligibility Option (CEO),false,Prekindergarten,5th Grade
550960001169,Gaenslen Elementary,Milwaukee School District,Milwaukee,641,566,Yes under Community Eligibility Option (CEO),true,Prekindergarten,8th Grade
550496000538,Galesville Elementary,Galesville-Ettrick-Trempealeau School District,Galesville,263,81,Yes participating without using any Provision or the CEO,false,Prekindergarten,5th Grade
550496000536,Galesville-Ettrick-Trempealeau High,Galesville-Ettrick-Trempealeau School District,Galesville,411,87,Yes participating without using any Provision or the CEO,false,9th Grade,12th Grade
550496000537,Galesville-Ettrick-Trempealeau Middle,Galesville-Ettrick-Trempealeau School District,Galesville,286,67,Yes participating without using any Provision or the CEO,false,6th Grade,8th Grade
550108003144,Garden Prairie Intermediate School,Beloit Turner School District,Beloit,491,167,Yes participating without using any Provision or the CEO,false,2nd Grade,5th Grade
550960001172,Garland Elementary,Milwaukee School District,Milwaukee,541,480,Yes under Community Eligibility Option (CEO),true,Prekindergarten,8th Grade
550105000141,Gaston Elementary,Beloit School District,Beloit,348,263,Yes under Community Eligibility Option (CEO),false,Prekindergarten,5th Grade
550261000291,Gaylord a Nelson Educational Center,Clear Lake School District,Clear Lake,266,103,Yes participating without using any Provision or the CEO,false,Prekindergarten,6th Grade
550582003128,Gbaps Community 4K Site,Green Bay Area Public School District,Green Bay,122,6,No,false,Prekindergarten,Prekindergarten
550903001057,Gegan Elementary,Menasha Joint School District,Menasha,258,182,Yes under Community Eligibility Option (CEO),false,Prekindergarten,5th Grade
551365002695,George D Warriner High School for Personalized Learning,Sheboygan Area School District,Sheboygan,123,67,Yes under Community Eligibility Option (CEO),false,9th Grade,12th Grade
551365002900,George D Warriner Middle,Sheboygan Area School District,Sheboygan,43,27,Yes under Community Eligibility Option (CEO),false,6th Grade,8th Grade
550516000557,Germantown High,Germantown School District,Germantown,1288,166,Yes participating without using any Provision or the CEO,false,9th Grade,12th Grade
550747000849,Gerritts Middle,Kimberly Area School District,Kimberly,802,138,Yes participating without using any Provision or the CEO,false,7th Grade,8th Grade
550522002245,Gibraltar Elementary,Gibraltar Area School District,Fish Creek,265,71,Yes participating without using any Provision or the CEO,false,Prekindergarten,5th Grade
550522000561,Gibraltar High,Gibraltar Area School District,Fish Creek,175,50,Yes participating without using any Provision or the CEO,false,9th Grade,12th Grade
550522001456,Gibraltar Middle,Gibraltar Area School District,Fish Creek,92,21,Yes participating without using any Provision or the CEO,false,6th Grade,8th Grade
551236002311,Gifford School,Racine Unified School District,Racine,1331,399,Yes under Community Eligibility Option (CEO),false,Prekindergarten,8th Grade
550525000566,Gillett Elementary,Gillett School District,Gillett,277,179,Yes participating without using any Provision or the CEO,false,Prekindergarten,5th Grade
550525000564,Gillett High,Gillett School District,Gillett,152,82,Yes participating without using any Provision or the CEO,false,9th Grade,12th Grade
550525000565,Gillett Middle,Gillett School District,Gillett,120,71,Yes participating without using any Provision or the CEO,true,6th Grade,8th Grade
550528000567,Gilman Elementary,Gilman School District,Gilman,134,69,Yes participating without using any Provision or the CEO,false,Prekindergarten,6th Grade
550528000568,Gilman High,Gilman School District,Gilman,148,63,Yes participating without using any Provision or the CEO,false,7th Grade,12th Grade
550537000573,Gilmanton Elementary,Gilmanton School District,Gilmanton,52,16,Yes participating without using any Provision or the CEO,false,Prekindergarten,4th Grade
550537000574,Gilmanton High,Gilmanton School District,Gilmanton,39,19,Yes participating without using any Provision or the CEO,false,9th Grade,12th Grade
550537002907,Gilmanton Middle,Gilmanton School District,Gilmanton,37,20,Yes participating without using any Provision or the CEO,true,5th Grade,8th Grade
551236001608,Gilmore Fine Arts School,Racine Unified School District,Racine,737,408,Yes under Community Eligibility Option (CEO),true,Kindergarten,8th Grade
550981001293,Glacial Drumlin School,Monona Grove School District,Cottage Grove,766,153,Yes participating without using any Provision or the CEO,true,6th Grade,8th Grade
550951000754,Glacier Creek Middle,Middleton-Cross Plains Area School District,Cross Plains,924,132,Yes participating without using any Provision or the CEO,false,5th Grade,8th Grade
551533002647,Glacier Edge Elementary,Verona Area School District,Verona,462,148,Yes participating without using any Provision or the CEO,false,Kindergarten,5th Grade
550546000575,Glen Hills Middle,Glendale-River Hills School District,Glendale,483,188,Yes participating without using any Provision or the CEO,false,4th Grade,8th Grade
551233001597,Glenbrook Elementary,Pulaski Community School District,Pulaski,519,150,Yes participating without using any Provision or the CEO,false,Prekindergarten,5th Grade
550552000586,Glenwood City Elementary,Glenwood City School District,Glenwood City,307,130,Yes participating without using any Provision or the CEO,false,Prekindergarten,5th Grade
550552000587,Glenwood City High,Glenwood City School District,Glenwood City,186,51,Yes participating without using any Provision or the CEO,false,9th Grade,12th Grade
550552000588,Glenwood City Middle,Glenwood City School District,Glenwood City,143,57,Yes participating without using any Provision or the CEO,false,6th Grade,8th Grade
550594000652,Glenwood Elementary,Greenfield School District,Greenfield,307,200,Yes participating without using any Provision or the CEO,false,Prekindergarten,5th Grade
550005800590,Glidden Elementary,Chequamegon School District,Glidden,25,15,Yes under Community Eligibility Option (CEO),false,Prekindergarten,2nd Grade
550960001164,Golda Meir School,Milwaukee School District,Milwaukee,1192,565,Yes under Community Eligibility Option (CEO),true,3rd Grade,12th Grade
550852000958,Gompers Elementary,Madison Metropolitan School District,Madison,217,107,Yes participating without using any Provision or the CEO,false,Prekindergarten,5th Grade
551236003044,Goodland Montessori,Racine Unified School District,Racine,375,123,Yes under Community Eligibility Option (CEO),false,Prekindergarten,7th Grade
550558000592,Goodman High,Goodman-Armstrong Creek School District,Goodman,37,21,Yes participating without using any Provision or the CEO,true,7th Grade,12th Grade
550558000593,Goodman-Armstrong Elementary,Goodman-Armstrong Creek School District,Goodman,36,17,Yes participating without using any Provision or the CEO,false,Prekindergarten,6th Grade
550960001173,Goodrich Elementary,Milwaukee School District,Milwaukee,312,289,Yes under Community Eligibility Option (CEO),false,Prekindergarten,5th Grade
550561002248,Grafton High,Grafton School District,Grafton,727,111,Yes participating without using any Provision or the CEO,false,9th Grade,12th Grade
551341001756,Grand Avenue Elementary,Sauk Prairie School District,Prairie du Sac,396,92,Yes participating without using any Provision or the CEO,false,3rd Grade,5th Grade
550960002577,Grandview High,Milwaukee School District,Milwaukee,219,188,Yes under Community Eligibility Option (CEO),true,9th Grade,12th Grade
550981003139,Granite Ridge School,Monona Grove School District,Cottage Grove,470,101,Yes participating without using any Provision or the CEO,false,3rd Grade,5th Grade
550732000808,Grant Elementary,Kenosha School District,Kenosha,289,213,Yes under Community Eligibility Option (CEO),false,Prekindergarten,5th Grade
550882001016,Grant Elementary,Marshfield Unified School District,Marshfield,554,187,Yes participating without using any Provision or the CEO,false,Kindergarten,6th Grade
551365001784,Grant Elementary,Sheboygan Area School District,Sheboygan,337,281,Yes under Community Eligibility Option (CEO),false,Prekindergarten,5th Grade
551590002050,Grant Elementary,Wausau School District,Wausau,189,111,Yes under Community Eligibility Option (CEO),false,Kindergarten,5th Grade
551707002205,Grant Elementary,Wisconsin Rapids School District,Wisconsin Rapids,267,71,Yes participating without using any Provision or the CEO,false,Prekindergarten,5th Grade
550960003058,Grant Gordon Learning Center,Milwaukee School District,Milwaukee,1,,Yes under Community Eligibility Option (CEO),false,Prekindergarten,Prekindergarten
550564000599,Granton Elementary,Granton Area School District,Granton,132,66,Yes under Community Eligibility Option (CEO),false,Prekindergarten,5th Grade
550564000600,Granton High,Granton Area School District,Granton,112,55,Yes under Community Eligibility Option (CEO),true,6th Grade,12th Grade
550960001176,Grantosa Drive Elementary,Milwaukee School District,Milwaukee,506,464,Yes under Community Eligibility Option (CEO),true,Prekindergarten,8th Grade
550567000601,Grantsburg Elementary,Grantsburg School District,Grantsburg,250,121,Yes participating without using any Provision or the CEO,false,Prekindergarten,3rd Grade
550567000602,Grantsburg High,Grantsburg School District,Grantsburg,273,103,Yes participating without using any Provision or the CEO,false,9th Grade,12th Grade
550567000603,Grantsburg Middle,Grantsburg School District,Grantsburg,278,111,Yes participating without using any Provision or the CEO,true,4th Grade,8th Grade
550885002574,Grayside Elementary,Mauston School District,Mauston,244,136,Yes participating without using any Provision or the CEO,false,3rd Grade,5th Grade
551467000687,Great Lakes Elementary,Superior School District,Superior,348,48,Yes participating without using any Provision or the CEO,false,Prekindergarten,5th Grade
550582002589,Green Bay Head Start,Green Bay Area Public School District,Green Bay,183,157,Yes under Community Eligibility Option (CEO),false,Prekindergarten,Prekindergarten
550588000646,Green Lake Elementary,Green Lake School District,Green Lake,137,39,Yes participating without using any Provision or the CEO,false,Prekindergarten,6th Grade
550588000647,Green Lake High,Green Lake School District,Green Lake,139,51,Yes participating without using any Provision or the CEO,false,7th Grade,12th Grade
551629002130,Green Tree Elementary,West Bend School District,West Bend,334,142,Yes participating without using any Provision or the CEO,false,Kindergarten,4th Grade
550960003111,Green Tree Preparatory Academy,Milwaukee School District,Milwaukee,535,458,Yes under Community Eligibility Option (CEO),false,6th Grade,12th Grade
550591002254,Greendale High,Greendale School District,Greendale,882,249,Yes participating without using any Provision or the CEO,false,9th Grade,12th Grade
550591002255,Greendale Middle,Greendale School District,Greendale,617,167,Yes participating without using any Provision or the CEO,false,6th Grade,8th Grade
550960001179,Greenfield Bilingual,Milwaukee School District,Milwaukee,556,476,Yes under Community Eligibility Option (CEO),true,Prekindergarten,8th Grade
550072000095,Greenfield Elementary,Baldwin-Woodville Area School District,Baldwin,770,235,Yes participating without using any Provision or the CEO,false,Prekindergarten,5th Grade
550594000653,Greenfield High,Greenfield School District,Greenfield,1140,532,Yes participating without using any Provision or the CEO,false,9th Grade,12th Grade
550594000654,Greenfield Middle,Greenfield School District,Greenfield,704,376,Yes participating without using any Provision or the CEO,true,6th Grade,8th Grade
551089001418,Greenland Elementary,Oconomowoc Area School District,Oconomowoc,263,54,Yes participating without using any Provision or the CEO,false,Prekindergarten,4th Grade
550660002407,Greenville Elementary,Hortonville Area School District,Greenville,605,93,Yes participating without using any Provision or the CEO,false,Prekindergarten,4th Grade
550660002573,Greenville Middle,Hortonville Area School District,Greenville,754,90,Yes participating without using any Provision or the CEO,false,5th Grade,8th Grade
550597000656,Greenwood Elementary,Greenwood School District,Greenwood,176,72,Yes under Community Eligibility Option (CEO),false,Prekindergarten,6th Grade
551305001722,Greenwood Elementary,River Falls School District,River Falls,409,81,Yes participating without using any Provision or the CEO,false,Kindergarten,5th Grade
550597000657,Greenwood High,Greenwood School District,Greenwood,155,60,Yes under Community Eligibility Option (CEO),false,7th Grade,12th Grade
550005602748,Gresham Elementary,Gresham School District,Gresham,132,76,Yes participating without using any Provision or the CEO,false,Prekindergarten,5th Grade
550005602740,Gresham High,Gresham School District,Gresham,155,94,Yes participating without using any Provision or the CEO,true,6th Grade,12th Grade
550732002260,Grewenow Elementary,Kenosha School District,Kenosha,310,212,Yes under Community Eligibility Option (CEO),false,Prekindergarten,5th Grade
550960000963,Groppi High,Milwaukee School District,Milwaukee,105,94,Yes under Community Eligibility Option (CEO),true,9th Grade,12th Grade
551707002206,Grove Elementary,Wisconsin Rapids School District,Wisconsin Rapids,178,121,Yes under Community Eligibility Option (CEO),false,Prekindergarten,5th Grade
550003503005,Grow Academy,Wisconsin Department of Corrections,Fitchburg,5,,No,false,6th Grade,12th Grade
550105000142,Hackett Elementary,Beloit School District,Beloit,434,322,Yes under Community Eligibility Option (CEO),false,Prekindergarten,5th Grade
551578002011,Hadfield Elementary,Waukesha School District,Waukesha,338,249,Yes participating without using any Provision or the CEO,false,Prekindergarten,5th Grade
550729000797,Haen Elementary,Kaukauna Area School District,Kaukauna,323,166,Yes participating without using any Provision or the CEO,false,1st Grade,4th Grade
550600000658,Hales Corners Elementary,Whitnall School District,Hales Corners,520,158,Yes participating without using any Provision or the CEO,false,Prekindergarten,5th Grade
550255000284,Halmstad Elementary,Chippewa Falls Area Unified School District,Chippewa Falls,355,183,Yes participating without using any Provision or the CEO,false,Kindergarten,5th Grade
550753000858,Hamilton Elementary School,La Crosse School District,La Crosse,151,121,Yes under Community Eligibility Option (CEO),false,Prekindergarten,5th Grade
550960001180,Hamilton High,Milwaukee School District,Milwaukee,1472,1157,Yes under Community Eligibility Option (CEO),true,9th Grade,12th Grade
550603000664,Hamilton High,Hamilton School District,Sussex,1577,197,Yes participating without using any Provision or the CEO,false,9th Grade,12th Grade
550852000966,Hamilton Middle,Madison Metropolitan School District,Madison,790,153,Yes participating without using any Provision or the CEO,false,6th Grade,8th Grade
550960001181,Hampton Elementary,Milwaukee School District,Milwaukee,194,181,Yes under Community Eligibility Option (CEO),false,Prekindergarten,5th Grade
550960002979,Hapa-Hmong American Peace Academy K3-12,Milwaukee School District,Milwaukee,1974,1757,Yes under Community Eligibility Option (CEO),true,Prekindergarten,12th Grade
550732002754,Harborside Academy,Kenosha School District,Kenosha,572,266,Yes under Community Eligibility Option (CEO),false,6th Grade,12th Grade
550957002600,Harmony Elementary,Milton School District,Janesville,288,43,Yes participating without using any Provision or the CEO,false,Prekindergarten,3rd Grade
550960002272,Harold S Vincent School of Agricultural Science,Milwaukee School District,Milwaukee,611,567,Yes under Community Eligibility Option (CEO),true,9th Grade,12th Grade
550702000761,Harrison Elementary,Janesville School District,Janesville,266,86,Yes participating without using any Provision or the CEO,false,Prekindergarten,5th Grade
550960001183,Hartford Avenue Elementary,Milwaukee School District,Milwaukee,256,238,Yes under Community Eligibility Option (CEO),true,Prekindergarten,8th Grade
550612000677,Hartford High,Hartford UHS School District,Hartford,1324,309,Yes participating without using any Provision or the CEO,false,9th Grade,12th Grade
550318003152,Harvest Intermediate School,De Forest Area School District,DeForest,966,168,Yes participating without using any Provision or the CEO,false,4th Grade,6th Grade
550732000810,Harvey Elementary,Kenosha School District,Kenosha,322,177,Yes under Community Eligibility Option (CEO),false,Prekindergarten,5th Grade
551317001738,Hatley Elementary,D C Everest Area School District,Hatley,136,26,Yes participating without using any Provision or the CEO,false,Prekindergarten,5th Grade
551281001693,Haugen Elementary,Rice Lake Area School District,Haugen,83,38,Yes participating without using any Provision or the CEO,false,Prekindergarten,4th Grade
550960001184,Hawley Environmental School,Milwaukee School District,Milwaukee,299,253,Yes under Community Eligibility Option (CEO),false,Prekindergarten,5th Grade
551590002365,Hawthorn Hills Elementary,Wausau School District,Wausau,227,161,Yes under Community Eligibility Option (CEO),false,Prekindergarten,5th Grade
550852002410,Hawthorne Elementary,Madison Metropolitan School District,Madison,360,240,Yes under Community Eligibility Option (CEO),false,Prekindergarten,5th Grade
550960001185,Hawthorne Elementary,Milwaukee School District,Milwaukee,259,251,Yes under Community Eligibility Option (CEO),false,Prekindergarten,5th Grade
551578003126,Hawthorne Elementary,Waukesha School District,Waukesha,321,207,Yes participating without using any Provision or the CEO,false,Prekindergarten,5th Grade
550960000680,Hayes Bilingual School,Milwaukee School District,Milwaukee,670,576,Yes under Community Eligibility Option (CEO),true,Prekindergarten,8th Grade
550627003339,Hayward Ctr for Individualized Learning,Hayward Community School District,Hayward,250,65,No,false,Prekindergarten,12th Grade
550627000690,Hayward High,Hayward Community School District,Hayward,522,242,Yes participating without using any Provision or the CEO,true,9th Grade,12th Grade
550627002417,Hayward Intermediate,Hayward Community School District,Hayward,327,164,Yes participating without using any Provision or the CEO,false,3rd Grade,5th Grade
550627000691,Hayward Middle,Hayward Community School District,Hayward,340,170,Yes participating without using any Provision or the CEO,true,6th Grade,8th Grade
550627000689,Hayward Primary,Hayward Community School District,Hayward,403,194,Yes participating without using any Provision or the CEO,false,Prekindergarten,2nd Grade
551632002726,Hemlock Creek Elementary,West De Pere School District,De Pere,822,113,Yes participating without using any Provision or the CEO,false,Prekindergarten,4th Grade
550321001254,Heritage Elementary,De Pere School District,De Pere,608,84,Yes participating without using any Provision or the CEO,false,Prekindergarten,4th Grade
551416003110,Herrman Elementary,Sparta Area School District,Sparta,616,325,Yes participating without using any Provision or the CEO,false,1st Grade,4th Grade
551590002051,Hewitt-Texas Elementary,Wausau School District,Wausau,85,27,Yes participating without using any Provision or the CEO,false,Kindergarten,5th Grade
551578002013,Heyer Elementary,Waukesha School District,Waukesha,328,177,Yes participating without using any Provision or the CEO,false,Prekindergarten,5th Grade
550960001187,Hi-Mount Elementary,Milwaukee School District,Milwaukee,166,155,Yes under Community Eligibility Option (CEO),true,Prekindergarten,8th Grade
550987002821,High Marq Environmental Charter School,Montello School District,Montello,33,13,Yes under Community Eligibility Option (CEO),false,7th Grade,12th Grade
550351002988,High School of Health Sciences,Kettle Moraine School District,Wales,176,11,Yes participating without using any Provision or the CEO,false,9th Grade,12th Grade
550642000698,Highland Community Elementary,Highland School District,Highland,124,51,Yes participating without using any Provision or the CEO,false,Prekindergarten,5th Grade
550642000699,Highland Community High,Highland School District,Highland,94,26,Yes participating without using any Provision or the CEO,false,9th Grade,12th Grade
550642002829,Highland Community Middle,Highland School District,Highland,58,26,Yes participating without using any Provision or the CEO,false,6th Grade,8th Grade
550960001847,Highland Community School,Milwaukee School District,Milwaukee,387,157,Yes under Community Eligibility Option (CEO),true,Prekindergarten,8th Grade
550591002256,Highland View Elementary,Greendale School District,Greendale,336,89,Yes participating without using any Provision or the CEO,false,Prekindergarten,5th Grade
550039000055,Highlands Elementary,Appleton Area School District,Appleton,417,252,Yes under Community Eligibility Option (CEO),false,Prekindergarten,5th Grade
550645000700,Hilbert Elementary,Hilbert School District,Hilbert,177,71,Yes participating without using any Provision or the CEO,false,Prekindergarten,4th Grade
550645000701,Hilbert High,Hilbert School District,Hilbert,157,53,Yes participating without using any Provision or the CEO,false,9th Grade,12th Grade
550645001458,Hilbert Middle,Hilbert School District,Hilbert,147,42,Yes participating without using any Provision or the CEO,false,5th Grade,8th Grade
550255000285,Hillcrest Elementary,Chippewa Falls Area Unified School District,Chippewa Falls,344,133,Yes participating without using any Provision or the CEO,false,Kindergarten,5th Grade
551233001598,Hillcrest Elementary,Pulaski Community School District,Oneida,434,80,Yes participating without using any Provision or the CEO,false,Prekindergarten,5th Grade
551578002014,Hillcrest Elementary,Waukesha School District,Waukesha,239,70,Yes participating without using any Provision or the CEO,false,Prekindergarten,5th Grade
551362002819,Hillcrest Primary School,Shawano School District,Shawano,472,285,Yes participating without using any Provision or the CEO,false,Prekindergarten,2nd Grade
550732002317,Hillcrest School,Kenosha School District,Kenosha,108,78,Yes under Community Eligibility Option (CEO),true,6th Grade,12th Grade
550648000702,Hillsboro Elementary,Hillsboro School District,Hillsboro,220,98,Yes under Community Eligibility Option (CEO),false,Prekindergarten,5th Grade
550648000703,Hillsboro High,Hillsboro School District,Hillsboro,252,94,Yes under Community Eligibility Option (CEO),true,6th Grade,12th Grade
551281002526,Hilltop Day Care and Preschool,Rice Lake Area School District,Rice Lake,21,3,No,false,Prekindergarten,Prekindergarten
551281001694,Hilltop Elementary,Rice Lake Area School District,Rice Lake,251,104,Yes participating without using any Provision or the CEO,false,Kindergarten,4th Grade
550753000862,Hintgen Elementary,La Crosse School District,La Crosse,210,166,Yes under Community Eligibility Option (CEO),false,Prekindergarten,5th Grade
550768000885,Holcombe Elementary,Lake Holcombe School District,Holcombe,106,60,Yes participating without using any Provision or the CEO,true,Prekindergarten,5th Grade
550768000886,Holcombe High,Lake Holcombe School District,Holcombe,86,34,Yes participating without using any Provision or the CEO,false,9th Grade,12th Grade
550654000706,Holmen High,Holmen School District,Holmen,1242,306,Yes participating without using any Provision or the CEO,false,9th Grade,12th Grade
550654000707,Holmen Middle,Holmen School District,Holmen,868,201,Yes participating without using any Provision or the CEO,false,6th Grade,8th Grade
550654000709,Holmen Public Preschool,Holmen School District,Holmen,176,42,No,false,Prekindergarten,Prekindergarten
550960001188,Holmes Elementary,Milwaukee School District,Milwaukee,260,256,Yes under Community Eligibility Option (CEO),true,Prekindergarten,8th Grade
550913001085,Homestead High,Mequon-Thiensville School District,Mequon,1204,145,Yes participating without using any Provision or the CEO,true,9th Grade,12th Grade
550960001246,Honey Creek Elementary,Milwaukee School District,Milwaukee,393,289,Yes under Community Eligibility Option (CEO),false,Prekindergarten,5th Grade
550007503033,Honor Elementary,Herman-Neosho-Rubicon School District,Neosho,186,28,Yes participating without using any Provision or the CEO,false,Prekindergarten,4th Grade
550007503034,Honor Intermediate,Herman-Neosho-Rubicon School District,Rubicon,128,22,Yes participating without using any Provision or the CEO,true,5th Grade,8th Grade
551626002105,Hoover Elementary,West Allis-West Milwaukee School District,New Berlin,335,188,Yes under Community Eligibility Option (CEO),false,Prekindergarten,5th Grade
550960001208,Hopkins Lloyd Community School,Milwaukee School District,Milwaukee,143,140,Yes under Community Eligibility Option (CEO),false,Prekindergarten,5th Grade
551032001355,Horace Mann Elementary,Neenah Joint School District,Neenah,401,201,Yes under Community Eligibility Option (CEO),false,Kindergarten,4th Grade
551626002377,Horace Mann Elementary,West Allis-West Milwaukee School District,West Allis,384,277,Yes under Community Eligibility Option (CEO),false,Prekindergarten,5th Grade
551074001399,Horace Mann High,North Fond du Lac School District,North Fond du Lac,453,198,Yes participating without using any Provision or the CEO,false,9th Grade,12th Grade
551365001785,Horace Mann Middle,Sheboygan Area School District,Sheboygan,617,380,Yes under Community Eligibility Option (CEO),true,6th Grade,8th Grade
551590000544,Horace Mann Middle,Wausau School District,Wausau,635,293,Yes participating without using any Provision or the CEO,true,6th Grade,8th Grade
550657000711,Horicon Elementary School,Horicon School District,Horicon,372,173,Yes under Community Eligibility Option (CEO),false,Prekindergarten,5th Grade
550657000712,Horicon High School,Horicon School District,Horicon,248,80,Yes under Community Eligibility Option (CEO),false,9th Grade,12th Grade
550657000713,Horicon Middle School,Horicon School District,Horicon,152,62,Yes under Community Eligibility Option (CEO),false,6th Grade,8th Grade
551194002445,Horizon Elementary,Plymouth Joint School District,Plymouth,245,88,Yes under Community Eligibility Option (CEO),false,Prekindergarten,4th Grade
551464002624,Horizon Elementary,Sun Prairie Area School District,Sun Prairie,345,88,Yes participating without using any Provision or the CEO,false,Prekindergarten,5th Grade
551164000226,Horizon School,Pewaukee School District,Pewaukee,647,73,Yes participating without using any Provision or the CEO,false,3rd Grade,5th Grade
550039002350,Horizons Elementary,Appleton Area School District,Appleton,264,147,Yes under Community Eligibility Option (CEO),false,Prekindergarten,5th Grade
551236001620,Horlick High,Racine Unified School District,Racine,1212,810,Yes under Community Eligibility Option (CEO),true,9th Grade,12th Grade
551578002015,Horning Middle,Waukesha School District,Waukesha,534,293,Yes participating without using any Provision or the CEO,true,6th Grade,8th Grade
550660002848,Hortonville Area K4 School,Hortonville Area School District,Greenville,119,6,No,false,Prekindergarten,Prekindergarten
550660000714,Hortonville Elementary,Hortonville Area School District,Hortonville,461,91,Yes participating without using any Provision or the CEO,false,Prekindergarten,4th Grade
550660000715,Hortonville High,Hortonville Area School District,Hortonville,1323,142,Yes participating without using any Provision or the CEO,false,9th Grade,12th Grade
550660002408,Hortonville Middle,Hortonville Area School District,Hortonville,464,88,Yes participating without using any Provision or the CEO,false,5th Grade,8th Grade
550039002366,Houdini Elementary,Appleton Area School District,Appleton,501,171,Yes participating without using any Provision or the CEO,false,Prekindergarten,5th Grade
550669000725,Houlton Elementary,Hudson School District,Houlton,217,19,Yes participating without using any Provision or the CEO,false,Kindergarten,5th Grade
550663002814,Howard and Suamico 4K Collaborative,Howard-Suamico School District,Green Bay,281,67,No,false,Prekindergarten,Prekindergarten
550663000719,Howard Elementary,Howard-Suamico School District,Green Bay,262,144,Yes participating without using any Provision or the CEO,false,Prekindergarten,4th Grade
550666000721,Howards Grove High,Howards Grove School District,Howards Grove,282,33,Yes participating without using any Provision or the CEO,false,9th Grade,12th Grade
550666000563,Howards Grove Middle,Howards Grove School District,Howards Grove,256,38,Yes participating without using any Provision or the CEO,false,5th Grade,8th Grade
550582000624,Howe Elementary,Green Bay Area Public School District,Green Bay,350,306,Yes under Community Eligibility Option (CEO),false,Prekindergarten,5th Grade
551707002207,Howe Elementary,Wisconsin Rapids School District,Wisconsin Rapids,336,222,Yes under Community Eligibility Option (CEO),false,Kindergarten,5th Grade
550669003069,Hudson 4K,Hudson School District,Hudson,320,29,No,false,Prekindergarten,Prekindergarten
550669000729,Hudson High,Hudson School District,Hudson,1697,229,Yes participating without using any Provision or the CEO,false,9th Grade,12th Grade
550669000728,Hudson Middle,Hudson School District,Hudson,1089,131,Yes participating without using any Provision or the CEO,false,6th Grade,8th Grade
550669001460,Hudson Prairie Elementary,Hudson School District,Hudson,481,48,Yes participating without using any Provision or the CEO,false,Kindergarten,5th Grade
550669003129,Hudson Virtual Charter School,Hudson School District,Hudson,12,3,No,false,9th Grade,12th Grade
550852000956,Huegel Elementary,Madison Metropolitan School District,Madison,417,158,Yes participating without using any Provision or the CEO,false,Prekindergarten,5th Grade
550960001190,Humboldt Park Elementary,Milwaukee School District,Milwaukee,604,502,Yes under Community Eligibility Option (CEO),true,Prekindergarten,8th Grade
551038002344,Humke Elementary,Nekoosa School District,Nekoosa,313,188,Yes participating without using any Provision or the CEO,false,Prekindergarten,3rd Grade
550039000056,Huntley Elementary,Appleton Area School District,Appleton,570,189,Yes participating without using any Provision or the CEO,false,Prekindergarten,5th Grade
550675000734,Hurley Elementary,Hurley School District,Hurley,235,94,Yes participating without using any Provision or the CEO,false,Prekindergarten,5th Grade
550675000733,Hurley High,Hurley School District,Hurley,309,83,Yes participating without using any Provision or the CEO,true,6th Grade,12th Grade
550678000738,Hustisford High,Hustisford School District,Hustisford,158,52,Yes participating without using any Provision or the CEO,false,6th Grade,12th Grade
550960002493,Ideal,Milwaukee School District,Milwaukee,210,186,Yes under Community Eligibility Option (CEO),true,Prekindergarten,8th Grade
550567002704,Iforward,Grantsburg School District,Grantsburg,1030,621,No,false,Kindergarten,12th Grade
550885002863,Ilead Charter Sch,Mauston School District,Mauston,65,34,Yes participating without using any Provision or the CEO,false,6th Grade,12th Grade
550681000739,Independence Elementary,Independence School District,Independence,182,140,Yes participating without using any Provision or the CEO,false,Prekindergarten,5th Grade
550681000740,Independence High,Independence School District,Independence,142,71,Yes participating without using any Provision or the CEO,false,9th Grade,12th Grade
550681002990,Independence Middle,Independence School District,Independence,101,61,Yes participating without using any Provision or the CEO,true,6th Grade,8th Grade
550477000515,Indian Hill School,Maple Dale-Indian Hill School District,River Hills,223,3,Yes participating without using any Provision or the CEO,false,Prekindergarten,3rd Grade
550891001036,Indian Mound Middle,McFarland School District,McFarland,534,96,Yes participating without using any Provision or the CEO,false,6th Grade,8th Grade
550732001461,Indian Trail High School and Academy,Kenosha School District,Kenosha,1902,762,Yes under Community Eligibility Option (CEO),true,9th Grade,12th Grade
551416003001,Innovations STEM Academy,Sparta Area School District,Sparta,90,29,Yes participating without using any Provision or the CEO,false,6th Grade,8th Grade
550852003349,Innovative High,Madison Metropolitan School District,Madison,138,100,No,true,9th Grade,12th Grade
550891003067,Insight School of Wisconsin High,McFarland School District,McFarland,202,124,No,true,9th Grade,12th Grade
550684000741,Iola-Scandinavia Elementary,Iola-Scandinavia School District,Iola,293,108,Yes participating without using any Provision or the CEO,false,Prekindergarten,6th Grade
550684000742,Iola-Scandinavia High,Iola-Scandinavia School District,Iola,284,77,Yes participating without using any Provision or the CEO,false,7th Grade,12th Grade
550687000744,Iowa-Grant Elementary/Middle,Iowa-Grant School District,Livingston,423,192,Yes under Community Eligibility Option (CEO),true,Prekindergarten,8th Grade
550687000745,Iowa-Grant High,Iowa-Grant School District,Livingston,225,95,Yes under Community Eligibility Option (CEO),false,9th Grade,12th Grade
550864000983,Iron River Elementary,Maple School District,Iron River,95,36,Yes participating without using any Provision or the CEO,false,Prekindergarten,5th Grade
551626002107,Irving Elementary,West Allis-West Milwaukee School District,West Allis,375,223,Yes under Community Eligibility Option (CEO),false,Prekindergarten,5th Grade
550309002871,Island City Virtual Academy,Cumberland School District,Cumberland,49,29,No,false,Prekindergarten,12th Grade
550008203085,Isthmus Montessori Academy Public,Isthmus Montessori Academy Inc,Madison,210,37,Yes participating without using any Provision or the CEO,false,Prekindergarten,12th Grade
550696000751,Ithaca Elementary,Ithaca School District,Richland Center,145,71,Yes participating without using any Provision or the CEO,false,Prekindergarten,5th Grade
550696000752,Ithaca High,Ithaca School District,Richland Center,105,44,Yes participating without using any Provision or the CEO,false,9th Grade,12th Grade
550696000753,Ithaca Middle,Ithaca School District,Richland Center,69,30,Yes participating without using any Provision or the CEO,false,6th Grade,8th Grade
551089001419,Ixonia Elementary,Oconomowoc Area School District,Ixonia,256,44,Yes participating without using any Provision or the CEO,false,Prekindergarten,4th Grade
550444000479,J C McKenna Middle,Evansville Community School District,Evansville,362,65,Yes participating without using any Provision or the CEO,false,6th Grade,8th Grade
550081000102,Jack Young Middle,Baraboo School District,Baraboo,548,,Yes participating without using any Provision or the CEO,true,6th Grade,8th Grade
550429002529,Jackson Elementary,Elkhorn Area School District,Elkhorn,485,187,Yes participating without using any Provision or the CEO,false,Prekindergarten,5th Grade
550582000625,Jackson Elementary,Green Bay Area Public School District,Green Bay,382,220,Yes under Community Eligibility Option (CEO),false,Prekindergarten,5th Grade
551629002131,Jackson Elementary,West Bend School District,Jackson,306,82,Yes participating without using any Provision or the CEO,false,Kindergarten,4th Grade
550702000763,Jackson Elementary,Janesville School District,Janesville,339,264,Yes under Community Eligibility Option (CEO),false,Prekindergarten,5th Grade
550861000974,Jackson Elementary,Manitowoc School District,Manitowoc,336,139,Yes under Community Eligibility Option (CEO),false,Kindergarten,5th Grade
550960001261,Jackson Elementary,Milwaukee School District,Milwaukee,206,202,Yes under Community Eligibility Option (CEO),false,Prekindergarten,5th Grade
551365001786,Jackson Elementary,Sheboygan Area School District,Sheboygan,295,180,Yes under Community Eligibility Option (CEO),false,Prekindergarten,5th Grade
551626002490,James E Dottke Project-Based Learning High School,West Allis-West Milwaukee School District,West Allis,168,106,Yes under Community Eligibility Option (CEO),true,9th Grade,12th Grade
550960002700,James Madison Academic Campus,Milwaukee School District,Milwaukee,468,401,Yes under Community Eligibility Option (CEO),true,9th Grade,12th Grade
551365001792,James Madison Elementary,Sheboygan Area School District,Sheboygan,327,244,Yes under Community Eligibility Option (CEO),false,Prekindergarten,5th Grade
551272001677,James Williams Middle,Rhinelander School District,Rhinelander,454,211,Yes under Community Eligibility Option (CEO),true,6th Grade,8th Grade
550852000373,James Wright Middle,Madison Metropolitan School District,Madison,245,167,Yes under Community Eligibility Option (CEO),true,6th Grade,8th Grade
550747000847,Janssen Elementary,Kimberly Area School District,Combined Locks,339,74,Yes participating without using any Provision or the CEO,false,Kindergarten,4th Grade
550879002901,Jedi Virtual K-12,Marshall School District,Whitewater,188,52,No,false,Prekindergarten,12th Grade
550039000057,Jefferson Elementary,Appleton Area School District,Appleton,212,139,Yes under Community Eligibility Option (CEO),false,Prekindergarten,5th Grade
550096000125,Jefferson Elementary,Beaver Dam Unified School District,Beaver Dam,328,201,Yes participating without using any Provision or the CEO,false,Prekindergarten,5th Grade
550702000764,Jefferson Elementary,Janesville School District,Janesville,293,183,Yes under Community Eligibility Option (CEO),false,Prekindergarten,5th Grade
550861000975,Jefferson Elementary,Manitowoc School District,Manitowoc,344,251,Yes under Community Eligibility Option (CEO),false,Kindergarten,5th Grade
551119001487,Jefferson Elementary,Oshkosh Area School District,Oshkosh,260,168,Yes under Community Eligibility Option (CEO),false,Kindergarten,5th Grade
551365001787,Jefferson Elementary,Sheboygan Area School District,Sheboygan,252,226,Yes under Community Eligibility Option (CEO),false,Prekindergarten,5th Grade
551449001872,Jefferson Elementary,Stevens Point Area Public School District,Stevens Point,276,148,Yes participating without using any Provision or the CEO,false,Prekindergarten,6th Grade
551599002081,Jefferson Elementary,Wauwatosa School District,Wauwatosa,222,65,Yes participating without using any Provision or the CEO,false,Prekindergarten,5th Grade
551626002108,Jefferson Elementary,West Allis-West Milwaukee School District,West Allis,393,254,Yes under Community Eligibility Option (CEO),false,Prekindergarten,5th Grade
550582003138,Jefferson Head Start Learning Center,Green Bay Area Public School District,Green Bay,161,135,Yes under Community Eligibility Option (CEO),false,Prekindergarten,Prekindergarten
550705000778,Jefferson High,Jefferson School District,Jefferson,603,211,Yes participating without using any Provision or the CEO,false,9th Grade,12th Grade
550705000779,Jefferson Middle,Jefferson School District,Jefferson,349,144,Yes participating without using any Provision or the CEO,true,6th Grade,8th Grade
550732000814,Jeffery Elementary,Kenosha School District,Kenosha,338,156,Yes under Community Eligibility Option (CEO),false,Prekindergarten,5th Grade
551236001624,Jerstad-Agerholm School,Racine Unified School District,Racine,870,725,Yes under Community Eligibility Option (CEO),true,Prekindergarten,8th Grade
550255000286,Jim Falls Elementary,Chippewa Falls Area Unified School District,Jim Falls,117,32,Yes participating without using any Provision or the CEO,false,Kindergarten,5th Grade
550582002857,John Dewey Academy of Learning,Green Bay Area Public School District,Green Bay,134,71,Yes under Community Eligibility Option (CEO),false,6th Grade,12th Grade
551197001564,John Edwards High,Port Edwards School District,Port Edwards,144,70,Yes participating without using any Provision or the CEO,false,9th Grade,12th Grade
551197000580,John Edwards Middle,Port Edwards School District,Port Edwards,89,45,Yes participating without using any Provision or the CEO,true,6th Grade,8th Grade
550678000737,John Hustis Elementary,Hustisford School District,Hustisford,117,41,Yes participating without using any Provision or the CEO,false,Prekindergarten,5th Grade
550561002249,John Long Middle,Grafton School District,Grafton,452,65,Yes participating without using any Provision or the CEO,true,6th Grade,8th Grade
551590002053,John Marshall Elementary,Wausau School District,Wausau,231,136,Yes under Community Eligibility Option (CEO),false,Kindergarten,5th Grade
551590002054,John Muir Middle,Wausau School District,Wausau,967,434,Yes participating without using any Provision or the CEO,false,6th Grade,8th Grade
550717000783,Johnson Creek Public School,Johnson Creek School District,Johnson Creek,634,160,Yes participating without using any Provision or the CEO,false,Prekindergarten,12th Grade
551236001626,Johnson Elementary,Racine Unified School District,Racine,557,416,Yes under Community Eligibility Option (CEO),false,Prekindergarten,5th Grade
550039000058,Johnston Elementary,Appleton Area School District,Appleton,286,165,Yes under Community Eligibility Option (CEO),false,Prekindergarten,5th Grade
550306000339,Jones Elementary,Cudahy School District,Cudahy,171,87,Yes under Community Eligibility Option (CEO),false,Prekindergarten,6th Grade
550723000784,Juda Elementary,Juda School District,Juda,178,95,Yes participating without using any Provision or the CEO,true,Prekindergarten,8th Grade
550723000785,Juda High,Juda School District,Juda,80,41,Yes participating without using any Provision or the CEO,false,9th Grade,12th Grade
551236003337,Julian Thomas Elementary,Racine Unified School District,Racine,574,469,Yes under Community Eligibility Option (CEO),false,Prekindergarten,5th Grade
551449001125,Juvenile Detention,Stevens Point Area Public School District,Stevens Point,8,,No,false,Kindergarten,12th Grade
550907003168,Kaehkenawapahtaeq,Menominee Indian School District,Keshena,30,21,Yes under Community Eligibility Option (CEO),false,Kindergarten,2nd Grade
550960001195,Kagel Elementary,Milwaukee School District,Milwaukee,292,252,Yes under Community Eligibility Option (CEO),false,Prekindergarten,8th Grade
550039002759,Kaleidoscope Academy,Appleton Area School District,Appleton,456,231,Yes under Community Eligibility Option (CEO),false,6th Grade,8th Grade
550375000394,Kansasville Elementary,Dover #1 School District,Kansasville,81,36,Yes under Community Eligibility Option (CEO),false,Prekindergarten,8th Grade
550189000238,Karcher Middle School,Burlington Area School District,Burlington,779,270,Yes participating without using any Provision or the CEO,false,5th Grade,8th Grade
550921001490,Kate Goodrich Elementary,Merrill Area School District,Merrill,337,188,Yes participating without using any Provision or the CEO,false,Kindergarten,2nd Grade
550582003159,Katherine Johnson Academy of Enriched Virtual Learning,Green Bay Area Public School District,Green Bay,66,46,Yes participating without using any Provision or the CEO,false,Prekindergarten,8th Grade
550729000793,Kaukauna High,Kaukauna Area School District,Kaukauna,1210,263,Yes participating without using any Provision or the CEO,false,9th Grade,12th Grade
550960001196,Keefe Avenue Elementary,Milwaukee School District,Milwaukee,125,121,Yes under Community Eligibility Option (CEO),false,Prekindergarten,5th Grade
551455001884,Kegonsa Elementary,Stoughton Area School District,Stoughton,304,81,Yes participating without using any Provision or the CEO,false,Kindergarten,5th Grade
550561002247,Kennedy Elementary,Grafton School District,Grafton,507,73,Yes participating without using any Provision or the CEO,false,Prekindergarten,5th Grade
550582000628,Kennedy Elementary,Green Bay Area Public School District,Green Bay,402,284,Yes under Community Eligibility Option (CEO),false,Prekindergarten,5th Grade
550702001686,Kennedy Elementary,Janesville School District,Janesville,404,211,Yes participating without using any Provision or the CEO,false,Prekindergarten,5th Grade
551449001873,Kennedy Elementary,Stevens Point Area Public School District,Junction City,170,60,Yes participating without using any Provision or the CEO,false,Prekindergarten,6th Grade
550852000939,Kennedy Elementary,Madison Metropolitan School District,Madison,582,358,Yes participating without using any Provision or the CEO,false,Prekindergarten,5th Grade
550516000554,Kennedy Middle,Germantown School District,Germantown,865,120,Yes participating without using any Provision or the CEO,false,6th Grade,8th Grade
550732002779,Kenosha 4 Year Old Kindergarten,Kenosha School District,Kenosha,56,,No,false,Prekindergarten,Prekindergarten
551724603387,Kenosha High School of Technology Enhanced Curriculum,Kenosha Schools of Technology Enhanced Curriculum Inc,Kenosha,80,50,Yes under Community Eligibility Option (CEO),false,9th Grade,12th Grade
550732003051,Kenosha Pike School,Kenosha School District,Kenosha,29,,No,false,Prekindergarten,12th Grade
550732002923,Kenosha School of Language (Ksol),Kenosha School District,Kenosha,330,225,Yes under Community Eligibility Option (CEO),false,Prekindergarten,5th Grade
550907001069,Keshena Primary,Menominee Indian School District,Keshena,394,357,Yes under Community Eligibility Option (CEO),false,Prekindergarten,5th Grade
550351002852,Kettle Moraine 4K,Kettle Moraine School District,Delafield,53,3,No,false,Prekindergarten,Prekindergarten
550351002914,Kettle Moraine Explore,Kettle Moraine School District,Wales,137,14,Yes participating without using any Provision or the CEO,false,Kindergarten,5th Grade
550351000376,Kettle Moraine High,Kettle Moraine School District,Wales,869,100,Yes participating without using any Provision or the CEO,false,9th Grade,12th Grade
550351000377,Kettle Moraine Middle,Kettle Moraine School District,Dousman,726,81,Yes participating without using any Provision or the CEO,false,6th Grade,8th Grade
550738000836,Kewaskum Elementary,Kewaskum School District,Kewaskum,497,133,Yes participating without using any Provision or the CEO,false,Prekindergarten,5th Grade
550738000837,Kewaskum High,Kewaskum School District,Kewaskum,626,117,Yes participating without using any Provision or the CEO,false,9th Grade,12th Grade
550738000838,Kewaskum Middle,Kewaskum School District,Kewaskum,418,110,Yes participating without using any Provision or the CEO,false,6th Grade,8th Grade
550741002592,Kewaunee Elementary,Kewaunee School District,Kewaunee,392,158,Yes participating without using any Provision or the CEO,false,Prekindergarten,5th Grade
550741000841,Kewaunee High,Kewaunee School District,Kewaunee,284,94,Yes participating without using any Provision or the CEO,false,9th Grade,12th Grade
550741001726,Kewaunee Middle,Kewaunee School District,Kewaunee,185,70,Yes participating without using any Provision or the CEO,false,6th Grade,8th Grade
551254001660,Kickapoo Elementary,Kickapoo Area School District,Viola,204,107,Yes participating without using any Provision or the CEO,false,Prekindergarten,5th Grade
551254001658,Kickapoo High,Kickapoo Area School District,Viola,260,109,Yes participating without using any Provision or the CEO,false,6th Grade,12th Grade
550756003155,Kickapoo Valley Forest School,La Farge School District,La Farge,66,29,Yes participating without using any Provision or the CEO,false,Prekindergarten,3rd Grade
550744002554,Kiel Eschool,Kiel Area School District,Kiel,63,19,No,false,9th Grade,12th Grade
550744000844,Kiel High,Kiel Area School District,Kiel,375,70,Yes participating without using any Provision or the CEO,false,9th Grade,12th Grade
550744000845,Kiel Middle,Kiel Area School District,Kiel,338,64,Yes participating without using any Provision or the CEO,false,5th Grade,8th Grade
550960001197,Kilbourn Elementary,Milwaukee School District,Milwaukee,218,199,Yes under Community Eligibility Option (CEO),false,Prekindergarten,5th Grade
550747000850,Kimberly High,Kimberly Area School District,Kimberly,1587,210,Yes participating without using any Provision or the CEO,false,9th Grade,12th Grade
550582000166,King Elementary,Green Bay Area Public School District,Green Bay,288,131,Yes under Community Eligibility Option (CEO),false,Prekindergarten,5th Grade
550960001199,King International,Milwaukee School District,Milwaukee,1308,877,Yes under Community Eligibility Option (CEO),true,9th Grade,12th Grade
550960002961,King International Baccalaureate Middle,Milwaukee School District,Milwaukee,159,145,Yes under Community Eligibility Option (CEO),true,6th Grade,8th Grade
550960001178,King Jr Elementary,Milwaukee School District,Milwaukee,277,255,Yes under Community Eligibility Option (CEO),true,Prekindergarten,8th Grade
550960001200,Kluge Elementary,Milwaukee School District,Milwaukee,301,279,Yes under Community Eligibility Option (CEO),false,Prekindergarten,5th Grade
550351003164,Km Connect,Kettle Moraine School District,Wales,35,3,No,false,6th Grade,12th Grade
550351002876,Km Global Sch,Kettle Moraine School District,Wales,71,5,Yes participating without using any Provision or the CEO,false,9th Grade,12th Grade
550909000197,Knapp Elementary,Menomonie Area School District,Knapp,91,31,Yes participating without using any Provision or the CEO,false,Kindergarten,5th Grade
551236001628,Knapp Elementary,Racine Unified School District,Racine,462,396,Yes under Community Eligibility Option (CEO),false,Prekindergarten,5th Grade
551512001959,Koenig Elementary,Two Rivers Public School District,Two Rivers,326,218,Yes under Community Eligibility Option (CEO),false,Prekindergarten,4th Grade
550750000852,Kohler Elementary,Kohler School District,Kohler,337,3,No,false,Prekindergarten,5th Grade
550750000853,Kohler High,Kohler School District,Kohler,242,4,No,false,9th Grade,12th Grade
550750002946,Kohler Middle,Kohler School District,Kohler,168,,No,false,6th Grade,8th Grade
550255002784,Korger-Chestnut,Chippewa Falls Area Unified School District,Chippewa Falls,307,59,No,false,Prekindergarten,Prekindergarten
550306001228,Kosciuszko Elementary,Cudahy School District,Cudahy,208,144,Yes under Community Eligibility Option (CEO),false,Prekindergarten,6th Grade
550210003093,Koshkonong Trails School,Cambridge School District,Cambridge,28,5,Yes participating without using any Provision or the CEO,false,7th Grade,12th Grade
550951001104,Kromrey Middle,Middleton-Cross Plains Area School District,Middleton,1230,254,Yes participating without using any Provision or the CEO,false,5th Grade,8th Grade
550007303031,La Casa De Esperanza Charter School,La Casa De Esperanza Inc,Waukesha,310,224,Yes under Community Eligibility Option (CEO),true,Prekindergarten,8th Grade
550960001317,La Causa Charter School,Milwaukee School District,Milwaukee,558,486,Yes under Community Eligibility Option (CEO),true,Prekindergarten,8th Grade
550753002467,La Crosse Offsite Preschool,La Crosse School District,La Crosse,104,13,No,false,Prekindergarten,Prekindergarten
550753002887,La Crosse Polytechnic School,La Crosse School District,La Crosse,86,27,Yes participating without using any Provision or the CEO,false,6th Grade,12th Grade
550756000872,La Farge Elementary,La Farge School District,La Farge,83,38,Yes under Community Eligibility Option (CEO),false,Prekindergarten,5th Grade
550756000873,La Farge High,La Farge School District,La Farge,66,41,Yes under Community Eligibility Option (CEO),false,9th Grade,12th Grade
550756001757,La Farge Middle,La Farge School District,La Farge,47,21,Yes under Community Eligibility Option (CEO),true,6th Grade,8th Grade
551491002425,La Grange Elementary,Tomah Area School District,Tomah,400,190,Yes participating without using any Provision or the CEO,false,Prekindergarten,5th Grade
550090002358,La Pointe Elementary,Bayfield School District,La Pointe,11,3,Yes under Community Eligibility Option (CEO),false,Kindergarten,6th Grade
550462000488,Lac Du Flambeau Elementary,Lac du Flambeau #1 School District,Lac du Flambeau,499,461,Yes under Community Eligibility Option (CEO),true,Prekindergarten,8th Grade
551310001729,Laconia High,Rosendale-Brandon School District,Rosendale,318,52,Yes participating without using any Provision or the CEO,false,9th Grade,12th Grade
550960002567,Lad Lake Synergy School,Milwaukee School District,Milwaukee,22,18,Yes under Community Eligibility Option (CEO),true,6th Grade,12th Grade
550759000876,Ladysmith Elementary,Ladysmith School District,Ladysmith,328,218,Yes under Community Eligibility Option (CEO),false,Prekindergarten,5th Grade
550759000877,Ladysmith High,Ladysmith School District,Ladysmith,255,129,Yes under Community Eligibility Option (CEO),false,9th Grade,12th Grade
550759000878,Ladysmith Middle,Ladysmith School District,Ladysmith,144,97,Yes under Community Eligibility Option (CEO),true,6th Grade,8th Grade
550960001202,Lafollette Elementary,Milwaukee School District,Milwaukee,216,205,Yes under Community Eligibility Option (CEO),true,Prekindergarten,8th Grade
550852000941,Lafollette High,Madison Metropolitan School District,Madison,1541,898,Yes participating without using any Provision or the CEO,false,9th Grade,12th Grade
551380001810,Lake Bluff Elementary,Shorewood School District,Shorewood,531,88,Yes participating without using any Provision or the CEO,false,Prekindergarten,6th Grade
551365002733,Lake Country Academy - Charter,Sheboygan Area School District,Sheboygan,447,168,Yes under Community Eligibility Option (CEO),false,Prekindergarten,8th Grade
550008703141,Lake Country Classical Academy Inc,Lake Country Classical Academy Inc,Oconomowoc,562,48,No,false,Kindergarten,12th Grade
550001300578,Lake Country School,Lake Country School District,Hartland,447,34,Yes participating without using any Provision or the CEO,false,Prekindergarten,8th Grade
551704002198,Lake Delton Elementary,Wisconsin Dells School District,Lake Delton,203,146,Yes participating without using any Provision or the CEO,false,Prekindergarten,5th Grade
551017001850,Lake Denoon Middle,Muskego-Norway School District,Muskego,673,70,Yes participating without using any Provision or the CEO,true,5th Grade,8th Grade
550762000881,Lake Geneva Middle,Lake Geneva J1 School District,Lake Geneva,551,205,Yes participating without using any Provision or the CEO,true,6th Grade,8th Grade
550768003166,Lake Holcombe Middle,Lake Holcombe School District,Holcombe,52,29,Yes participating without using any Provision or the CEO,false,6th Grade,8th Grade
550771000889,Lake Mills Elementary,Lake Mills Area School District,Lake Mills,613,135,Yes participating without using any Provision or the CEO,false,Prekindergarten,4th Grade
550771000887,Lake Mills High,Lake Mills Area School District,Lake Mills,447,113,Yes participating without using any Provision or the CEO,false,9th Grade,12th Grade
550771000888,Lake Mills Middle,Lake Mills Area School District,Lake Mills,413,111,Yes participating without using any Provision or the CEO,false,5th Grade,8th Grade
550913001086,Lake Shore Middle,Mequon-Thiensville School District,Mequon,335,32,Yes participating without using any Provision or the CEO,false,6th Grade,8th Grade
550051000077,Lake Superior Elementary,Ashland School District,Ashland,603,345,Yes participating without using any Provision or the CEO,false,Prekindergarten,5th Grade
550852000942,Lake View Elementary,Madison Metropolitan School District,Madison,292,215,Yes under Community Eligibility Option (CEO),false,Kindergarten,5th Grade
550963001274,Lakeland High,Lakeland UHS School District,Minocqua,696,299,Yes participating without using any Provision or the CEO,false,9th Grade,12th Grade
550963003090,Lakeland Star Acad (Lsa),Lakeland UHS School District,Minocqua,21,15,Yes participating without using any Provision or the CEO,true,9th Grade,12th Grade
550969003083,Lakeland Star School--Strong Talented Adventurous Remarkable,Minocqua J1 School District,Minocqua,2,,No,false,6th Grade,8th Grade
551506003032,Laker Online,Turtle Lake School District,Turtle Lake,15,10,No,false,Kindergarten,12th Grade
550405000708,Lakeshore Elementary,Eau Claire Area School District,Eau Claire,314,169,Yes participating without using any Provision or the CEO,false,Kindergarten,5th Grade
550468000499,Lakeshore Elementary,Fond du Lac School District,Fond du Lac,354,57,Yes participating without using any Provision or the CEO,false,Prekindergarten,5th Grade
551119001488,Lakeside Elementary,Oshkosh Area School District,Oshkosh,229,70,Yes under Community Eligibility Option (CEO),false,Kindergarten,5th Grade
551032002373,Lakeview Elementary,Neenah Joint School District,Neenah,317,47,Yes participating without using any Provision or the CEO,false,Kindergarten,4th Grade
551404001828,Lakeview Elementary,South Milwaukee School District,South Milwaukee,274,162,Yes participating without using any Provision or the CEO,false,Prekindergarten,5th Grade
551668002179,Lakeview Elementary,Whitewater Unified School District,Whitewater,209,102,Yes participating without using any Provision or the CEO,false,Prekindergarten,5th Grade
551017001332,Lakeview Elementary,Muskego-Norway School District,Wind Lake,290,45,Yes participating without using any Provision or the CEO,false,Kindergarten,4th Grade
550732002758,Lakeview K-8 Academy,Kenosha School District,Kenosha,988,462,Yes under Community Eligibility Option (CEO),false,Prekindergarten,8th Grade
550732001462,Lakeview Technology Academy,Kenosha School District,Pleasant Prairie,391,113,Yes under Community Eligibility Option (CEO),false,9th Grade,12th Grade
551509001957,Lakewood Elementary,Twin Lakes #4 School District,Twin Lakes,263,89,Yes under Community Eligibility Option (CEO),true,Prekindergarten,8th Grade
550960001204,Lancaster Elementary,Milwaukee School District,Milwaukee,316,286,Yes under Community Eligibility Option (CEO),true,Prekindergarten,8th Grade
550777000891,Lancaster High,Lancaster Community School District,Lancaster,325,104,Yes participating without using any Provision or the CEO,false,9th Grade,12th Grade
550777000890,Lancaster Middle,Lancaster Community School District,Lancaster,231,89,Yes participating without using any Provision or the CEO,false,6th Grade,8th Grade
550732000815,Lance Middle,Kenosha School District,Kenosha,899,413,Yes under Community Eligibility Option (CEO),true,6th Grade,8th Grade
550582000629,Langlade Elementary,Green Bay Area Public School District,Green Bay,266,104,Yes participating without using any Provision or the CEO,false,Prekindergarten,5th Grade
550603000665,Lannon Elementary,Hamilton School District,Lannon,350,36,Yes participating without using any Provision or the CEO,false,Kindergarten,4th Grade
551233001599,Lannoye Elementary,Pulaski Community School District,Green Bay,288,50,Yes participating without using any Provision or the CEO,false,Prekindergarten,5th Grade
550783000893,Laona High,Laona School District,Laona,146,54,Yes under Community Eligibility Option (CEO),false,6th Grade,12th Grade
550852002412,Lapham Elementary,Madison Metropolitan School District,Madison,182,80,Yes participating without using any Provision or the CEO,false,Prekindergarten,2nd Grade
551536001936,Laurel High,Viroqua Area School District,Viroqua,43,9,Yes participating without using any Provision or the CEO,false,9th Grade,12th Grade
551362002908,Leads Primary Charter School,Shawano School District,Shawano,80,27,Yes participating without using any Provision or the CEO,false,Prekindergarten,2nd Grade
551575001998,Leap Elementary,Watertown Unified School District,Watertown,60,21,Yes participating without using any Provision or the CEO,false,Prekindergarten,5th Grade
551509003394,Learning by Design Academy,Twin Lakes #4 School District,Twin Lakes,4,,Yes under Community Eligibility Option (CEO),false,Prekindergarten,8th Grade
550885003167,Lemonweir Academy,Mauston School District,Mauston,83,60,Yes participating without using any Provision or the CEO,false,6th Grade,12th Grade
551491001934,Lemonweir Elementary,Tomah Area School District,Tomah,249,168,Yes under Community Eligibility Option (CEO),false,Prekindergarten,5th Grade
550786000895,Lena Elementary,Lena School District,Lena,180,72,Yes participating without using any Provision or the CEO,false,Prekindergarten,4th Grade
550786000896,Lena High,Lena School District,Lena,124,36,Yes participating without using any Provision or the CEO,false,9th Grade,12th Grade
550582002955,Leonardo Da Vinci School for Gifted Learners,Green Bay Area Public School District,Green Bay,334,49,Yes participating without using any Provision or the CEO,false,Kindergarten,8th Grade
550852000944,Leopold Elementary,Madison Metropolitan School District,Madison,626,352,Yes under Community Eligibility Option (CEO),false,Prekindergarten,5th Grade
551578002009,Les Paul Middle,Waukesha School District,Waukesha,547,197,Yes participating without using any Provision or the CEO,false,6th Grade,8th Grade
550444000477,Levi Leonard Elementary,Evansville Community School District,Evansville,424,103,Yes participating without using any Provision or the CEO,false,Prekindergarten,2nd Grade
551206002280,Lewiston Elementary,Portage Community School District,Portage,84,22,Yes under Community Eligibility Option (CEO),false,Kindergarten,5th Grade
550030000029,Lien Elementary,Amery School District,Amery,299,122,Yes participating without using any Provision or the CEO,false,Prekindergarten,3rd Grade
551365003407,Lighthouse Academy,Sheboygan Area School District,Sheboygan,2,,No,false,6th Grade,12th Grade
551512003037,Lighthouse Learning Academy,Two Rivers Public School District,Two Rivers,229,76,No,false,Prekindergarten,12th Grade
550960001206,Lincoln Avenue Elementary,Milwaukee School District,Milwaukee,427,393,Yes under Community Eligibility Option (CEO),false,Prekindergarten,5th Grade
550096000126,Lincoln Elementary,Beaver Dam Unified School District,Beaver Dam,201,133,Yes participating without using any Provision or the CEO,false,Kindergarten,5th Grade
550306000340,Lincoln Elementary,Cudahy School District,Cudahy,312,199,Yes under Community Eligibility Option (CEO),false,Prekindergarten,6th Grade
550582000562,Lincoln Elementary,Green Bay Area Public School District,Green Bay,260,216,Yes under Community Eligibility Option (CEO),false,Prekindergarten,5th Grade
550609000675,Lincoln Elementary,Hartford J1 School District,Hartford,460,224,Yes participating without using any Provision or the CEO,false,Prekindergarten,5th Grade
550702000766,Lincoln Elementary,Janesville School District,Janesville,291,222,Yes under Community Eligibility Option (CEO),false,Prekindergarten,5th Grade
550852002263,Lincoln Elementary,Madison Metropolitan School District,Madison,393,184,Yes participating without using any Provision or the CEO,false,Prekindergarten,5th Grade
550882001018,Lincoln Elementary,Marshfield Unified School District,Marshfield,281,165,Yes participating without using any Provision or the CEO,false,Prekindergarten,6th Grade
550021000022,Lincoln Elementary,Alma Center School District,Merrillan,339,199,Yes participating without using any Provision or the CEO,false,Prekindergarten,6th Grade
551059001383,Lincoln Elementary,New London School District,New London,283,161,Yes participating without using any Provision or the CEO,false,Prekindergarten,4th Grade
551200001567,Lincoln Elementary,Port Washington-Saukville School District,Port Washington,302,63,Yes participating without using any Provision or the CEO,false,Prekindergarten,4th Grade
551575001999,Lincoln Elementary,Watertown Unified School District,Watertown,140,70,Yes participating without using any Provision or the CEO,false,Kindergarten,5th Grade
551590002056,Lincoln Elementary,Wausau School District,Wausau,204,153,Yes under Community Eligibility Option (CEO),false,Kindergarten,5th Grade
551599002082,Lincoln Elementary,Wauwatosa School District,Wauwatosa,336,39,Yes participating without using any Provision or the CEO,false,Prekindergarten,5th Grade
551668002180,Lincoln Elementary,Whitewater Unified School District,Whitewater,358,200,Yes participating without using any Provision or the CEO,false,Prekindergarten,5th Grade
550861000976,Lincoln High,Manitowoc School District,Manitowoc,1385,601,Yes under Community Eligibility Option (CEO),false,9th Grade,12th Grade
551707002209,Lincoln High,Wisconsin Rapids School District,Wisconsin Rapids,1337,535,Yes participating without using any Provision or the CEO,false,9th Grade,12th Grade
550021000020,Lincoln Jr/Sr High School,Alma Center School District,Alma Center,250,122,Yes participating without using any Provision or the CEO,true,7th Grade,12th Grade
550960002302,Lincoln Middle,Milwaukee School District,Milwaukee,309,288,Yes under Community Eligibility Option (CEO),true,6th Grade,8th Grade
551365001789,Lincoln-Erdman Elementary,Sheboygan Area School District,Sheboygan,394,181,Yes under Community Eligibility Option (CEO),false,Prekindergarten,5th Grade
550852000921,Lindbergh Elementary,Madison Metropolitan School District,Madison,180,139,Yes under Community Eligibility Option (CEO),false,Prekindergarten,5th Grade
550663002456,Lineville Intermediate,Howard-Suamico School District,Green Bay,815,179,Yes participating without using any Provision or the CEO,false,5th Grade,6th Grade
550006102897,Link2learn Virtual Charter School,Chetek-Weyerhaeuser Area School District,Chetek,37,15,No,false,Prekindergarten,12th Grade
550816002905,Little Chute Career Pathways Academy,Little Chute Area School District,Little Chute,93,19,Yes participating without using any Provision or the CEO,false,9th Grade,12th Grade
550816000900,Little Chute Elementary,Little Chute Area School District,Little Chute,590,231,Yes participating without using any Provision or the CEO,false,Prekindergarten,4th Grade
550816000901,Little Chute High,Little Chute Area School District,Little Chute,387,122,Yes participating without using any Provision or the CEO,false,9th Grade,12th Grade
550816002858,Little Chute Intermediate,Little Chute Area School District,Little Chute,215,81,Yes participating without using any Provision or the CEO,false,5th Grade,6th Grade
550816000902,Little Chute Middle,Little Chute Area School District,Little Chute,214,81,Yes participating without using any Provision or the CEO,false,7th Grade,8th Grade
550402000409,Little Prairie Primary,East Troy Community School District,East Troy,328,92,Yes participating without using any Provision or the CEO,false,Prekindergarten,2nd Grade
550273000312,Little Stars Pre-School,Colby School District,Colby,37,23,Yes participating without using any Provision or the CEO,false,Prekindergarten,Prekindergarten
550855000968,Little Wolf High,Manawa School District,Manawa,195,66,Yes participating without using any Provision or the CEO,false,9th Grade,12th Grade
550405000424,Locust Lane Elementary,Eau Claire Area School District,Eau Claire,296,118,Yes participating without using any Provision or the CEO,false,Kindergarten,5th Grade
550819000904,Lodi Elementary,Lodi School District,Lodi,234,30,Yes participating without using any Provision or the CEO,false,3rd Grade,5th Grade
550819000905,Lodi High,Lodi School District,Lodi,444,66,Yes participating without using any Provision or the CEO,false,9th Grade,12th Grade
550819000906,Lodi Middle,Lodi School District,Lodi,324,58,Yes participating without using any Provision or the CEO,false,6th Grade,8th Grade
550819000903,Lodi Primary,Lodi School District,Lodi,385,39,Yes participating without using any Provision or the CEO,false,Prekindergarten,2nd Grade
550753000865,Logan High,La Crosse School District,La Crosse,729,361,Yes participating without using any Provision or the CEO,false,9th Grade,12th Grade
550753000864,Logan Middle,La Crosse School District,La Crosse,424,226,Yes participating without using any Provision or the CEO,true,6th Grade,8th Grade
550582000631,Lombardi Middle,Green Bay Area Public School District,Green Bay,664,369,Yes participating without using any Provision or the CEO,true,6th Grade,8th Grade
550822000907,Lomira Elementary,Lomira School District,Lomira,241,83,Yes participating without using any Provision or the CEO,false,Prekindergarten,5th Grade
550822000908,Lomira High,Lomira School District,Lomira,300,80,Yes participating without using any Provision or the CEO,false,9th Grade,12th Grade
550822000909,Lomira Middle,Lomira School District,Lomira,223,65,Yes participating without using any Provision or the CEO,false,6th Grade,8th Grade
550405000425,Longfellow Elementary,Eau Claire Area School District,Eau Claire,290,188,Yes participating without using any Provision or the CEO,false,Kindergarten,5th Grade
550960001209,Longfellow Elementary,Milwaukee School District,Milwaukee,773,693,Yes under Community Eligibility Option (CEO),true,Prekindergarten,8th Grade
551365001790,Longfellow Elementary,Sheboygan Area School District,Sheboygan,234,220,Yes under Community Eligibility Option (CEO),false,Prekindergarten,5th Grade
550753000866,Longfellow Middle,La Crosse School District,La Crosse,631,296,Yes participating without using any Provision or the CEO,true,6th Grade,8th Grade
551599002083,Longfellow Middle,Wauwatosa School District,Wauwatosa,782,143,Yes participating without using any Provision or the CEO,false,6th Grade,8th Grade
550852000946,Lowell Elementary,Madison Metropolitan School District,Madison,329,147,Yes participating without using any Provision or the CEO,false,Prekindergarten,5th Grade
551578002017,Lowell Elementary,Waukesha School District,Waukesha,347,193,Yes participating without using any Provision or the CEO,false,Prekindergarten,5th Grade
550960001210,Lowell International Elementary,Milwaukee School District,Milwaukee,209,168,Yes under Community Eligibility Option (CEO),false,Prekindergarten,5th Grade
550825000911,Loyal Elementary,Loyal School District,Loyal,183,78,Yes participating without using any Provision or the CEO,false,Prekindergarten,5th Grade
550825000912,Loyal High,Loyal School District,Loyal,168,68,Yes participating without using any Provision or the CEO,false,9th Grade,12th Grade
550825000913,Loyal Middle School,Loyal School District,Loyal,108,46,Yes participating without using any Provision or the CEO,true,6th Grade,8th Grade
550828000914,Luck Elementary,Luck School District,Luck,174,77,Yes under Community Eligibility Option (CEO),false,Prekindergarten,5th Grade
550828000915,Luck High,Luck School District,Luck,102,37,Yes under Community Eligibility Option (CEO),false,9th Grade,12th Grade
550828003124,Luck Middle,Luck School District,Luck,82,25,Yes under Community Eligibility Option (CEO),false,6th Grade,8th Grade
550474002416,Luther Elementary,Fort Atkinson School District,Fort Atkinson,238,106,Yes participating without using any Provision or the CEO,false,Kindergarten,5th Grade
550834000918,Luxemburg-Casco High,Luxemburg-Casco School District,Luxemburg,661,106,Yes participating without using any Provision or the CEO,false,9th Grade,12th Grade
550834000916,Luxemburg-Casco Intermediate,Luxemburg-Casco School District,Luxemburg,552,94,Yes participating without using any Provision or the CEO,false,3rd Grade,6th Grade
550834000917,Luxemburg-Casco Middle,Luxemburg-Casco School District,Luxemburg,300,41,Yes participating without using any Provision or the CEO,false,7th Grade,8th Grade
550834002525,Luxemburg-Casco Primary,Luxemburg-Casco School District,Luxemburg,508,90,Yes participating without using any Provision or the CEO,false,Prekindergarten,2nd Grade
550885001024,Lyndon Station Elementary,Mauston School District,Lyndon Station,29,20,Yes participating without using any Provision or the CEO,false,1st Grade,4th Grade
550516000555,Macarthur Elementary,Germantown School District,Germantown,486,107,Yes participating without using any Provision or the CEO,false,Prekindergarten,5th Grade
550582000632,Macarthur Elementary,Green Bay Area Public School District,Green Bay,223,126,Yes under Community Eligibility Option (CEO),false,Prekindergarten,5th Grade
550960002931,Macdowell Montessori School K3-12,Milwaukee School District,Milwaukee,823,458,Yes under Community Eligibility Option (CEO),true,Prekindergarten,12th Grade
550702000767,Madison Elementary,Janesville School District,Janesville,307,234,Yes under Community Eligibility Option (CEO),false,Prekindergarten,5th Grade
550861000977,Madison Elementary,Manitowoc School District,Manitowoc,202,131,Yes under Community Eligibility Option (CEO),false,Kindergarten,5th Grade
550882001019,Madison Elementary,Marshfield Unified School District,Marshfield,295,167,Yes participating without using any Provision or the CEO,false,Prekindergarten,6th Grade
551449001874,Madison Elementary,Stevens Point Area Public School District,Stevens Point,360,181,Yes participating without using any Provision or the CEO,false,Prekindergarten,6th Grade
551599002085,Madison Elementary,Wauwatosa School District,Wauwatosa,257,81,Yes participating without using any Provision or the CEO,false,Prekindergarten,5th Grade
550039000060,Madison Middle,Appleton Area School District,Appleton,929,406,Yes under Community Eligibility Option (CEO),false,6th Grade,8th Grade
550351000378,Magee Elementary,Kettle Moraine School District,Genesee Depot,255,40,Yes participating without using any Provision or the CEO,false,Prekindergarten,5th Grade
551512002627,Magee Elementary,Two Rivers Public School District,Two Rivers,317,122,Yes under Community Eligibility Option (CEO),false,Prekindergarten,4th Grade
550732002538,Mahone Middle,Kenosha School District,Kenosha,1025,383,Yes under Community Eligibility Option (CEO),false,6th Grade,8th Grade
551590002058,Maine Elementary,Wausau School District,Wausau,229,82,Yes participating without using any Provision or the CEO,false,Kindergarten,5th Grade
551224001591,Malone Elementary,Prescott School District,Prescott,457,101,Yes participating without using any Provision or the CEO,false,Prekindergarten,5th Grade
550855000969,Manawa Elementary,Manawa School District,Manawa,221,115,Yes participating without using any Provision or the CEO,false,Prekindergarten,5th Grade
550855000970,Manawa Middle,Manawa School District,Manawa,112,48,Yes participating without using any Provision or the CEO,false,6th Grade,8th Grade
550960001213,Manitoba Elementary,Milwaukee School District,Milwaukee,469,390,Yes under Community Eligibility Option (CEO),true,Prekindergarten,8th Grade
550405000427,Manz Elementary,Eau Claire Area School District,Eau Claire,342,134,Yes participating without using any Provision or the CEO,false,Kindergarten,5th Grade
550603000666,Maple Avenue Elementary,Hamilton School District,Sussex,457,82,Yes participating without using any Provision or the CEO,false,Kindergarten,4th Grade
550477000516,Maple Dale School,Maple Dale-Indian Hill School District,Fox Point,224,3,Yes participating without using any Provision or the CEO,false,4th Grade,8th Grade
550057003145,Maple Grove Charter School,Athens School District,Athens,94,36,Yes participating without using any Provision or the CEO,false,Kindergarten,5th Grade
550594000655,Maple Grove Elementary,Greenfield School District,Greenfield,427,212,Yes participating without using any Provision or the CEO,false,Prekindergarten,5th Grade
550762003107,Maple Park Charter School,Lake Geneva J1 School District,Lake Geneva,14,8,Yes participating without using any Provision or the CEO,false,Prekindergarten,8th Grade
550960001214,Maple Tree Elementary,Milwaukee School District,Milwaukee,235,223,Yes under Community Eligibility Option (CEO),false,Prekindergarten,5th Grade
550747002642,Mapleview Intermediate,Kimberly Area School District,Kimberly,413,108,Yes participating without using any Provision or the CEO,false,5th Grade,6th Grade
550903001053,Maplewood Middle,Menasha Joint School District,Menasha,676,378,Yes under Community Eligibility Option (CEO),true,6th Grade,8th Grade
550867000991,Marathon Elementary,Marathon City School District,Marathon,323,88,Yes participating without using any Provision or the CEO,false,Prekindergarten,5th Grade
550867000992,Marathon High,Marathon City School District,Marathon,274,45,Yes participating without using any Provision or the CEO,false,9th Grade,12th Grade
550867002893,Marathon Venture Academy,Marathon City School District,Marathon,173,46,Yes participating without using any Provision or the CEO,false,6th Grade,8th Grade
550603000667,Marcy Elementary,Hamilton School District,Menomonee Falls,488,54,Yes participating without using any Provision or the CEO,false,Kindergarten,4th Grade
550051000079,Marengo Valley Elementary,Ashland School District,Ashland,184,125,Yes participating without using any Provision or the CEO,false,Prekindergarten,5th Grade
550870000995,Marinette High,Marinette School District,Marinette,618,285,Yes participating without using any Provision or the CEO,true,9th Grade,12th Grade
550870000999,Marinette Intermediate,Marinette School District,Marinette,372,196,Yes participating without using any Provision or the CEO,false,2nd Grade,4th Grade
550870000996,Marinette Middle,Marinette School District,Marinette,534,265,Yes participating without using any Provision or the CEO,true,5th Grade,8th Grade
550870000998,Marinette Primary,Marinette School District,Marinette,390,203,Yes participating without using any Provision or the CEO,false,Prekindergarten,1st Grade
550873001004,Marion Elementary,Marion School District,Marion,255,128,Yes under Community Eligibility Option (CEO),false,Prekindergarten,6th Grade
550873001005,Marion High,Marion School District,Marion,227,101,Yes under Community Eligibility Option (CEO),false,7th Grade,12th Grade
550876001011,Markesan High,Markesan School District,Markesan,244,84,Yes participating without using any Provision or the CEO,false,9th Grade,12th Grade
550876002597,Markesan Intermediate,Markesan School District,Markesan,153,63,Yes participating without using any Provision or the CEO,false,3rd Grade,5th Grade
550876002414,Markesan Middle,Markesan School District,Markesan,161,61,Yes participating without using any Provision or the CEO,true,6th Grade,8th Grade
550876001010,Markesan Primary,Markesan School District,Markesan,163,62,Yes participating without using any Provision or the CEO,false,Prekindergarten,2nd Grade
550852000948,Marquette Elementary,Madison Metropolitan School District,Madison,169,61,Yes participating without using any Provision or the CEO,false,3rd Grade,5th Grade
550879000569,Marshall Early Learning Center,Marshall School District,Marshall,251,109,Yes participating without using any Provision or the CEO,false,Prekindergarten,2nd Grade
550879001012,Marshall Elementary,Marshall School District,Marshall,246,113,Yes participating without using any Provision or the CEO,false,Prekindergarten,6th Grade
550879001013,Marshall High,Marshall School District,Marshall,281,98,Yes participating without using any Provision or the CEO,false,9th Grade,12th Grade
550960001215,Marshall High,Milwaukee School District,Milwaukee,639,522,Yes under Community Eligibility Option (CEO),true,9th Grade,12th Grade
550702000768,Marshall Middle,Janesville School District,Janesville,747,337,Yes participating without using any Provision or the CEO,false,6th Grade,8th Grade
550879001014,Marshall Middle,Marshall School District,Marshall,128,51,Yes participating without using any Provision or the CEO,false,7th Grade,8th Grade
550882001021,Marshfield High,Marshfield Unified School District,Marshfield,1181,358,Yes participating without using any Provision or the CEO,false,9th Grade,12th Grade
550882002672,Marshfield K4,Marshfield Unified School District,Marshfield,158,56,No,false,Prekindergarten,Prekindergarten
550882001020,Marshfield Middle,Marshfield Unified School District,Marshfield,537,189,Yes participating without using any Provision or the CEO,false,7th Grade,8th Grade
550582000633,Martin Elementary,Green Bay Area Public School District,Green Bay,363,164,Yes participating without using any Provision or the CEO,false,Prekindergarten,5th Grade
550960001216,Maryland Montessori,Milwaukee School District,Milwaukee,470,117,Yes under Community Eligibility Option (CEO),true,Prekindergarten,8th Grade
550885001025,Mauston High,Mauston School District,Mauston,365,147,Yes participating without using any Provision or the CEO,false,9th Grade,12th Grade
550885003030,Mauston Montessori Charter School,Mauston School District,Mauston,96,33,Yes participating without using any Provision or the CEO,false,Prekindergarten,5th Grade
550888001029,Mayville Elementary,Mayville School District,Mayville,388,175,Yes participating without using any Provision or the CEO,true,Kindergarten,6th Grade
550888001030,Mayville Junior-Senior High,Mayville School District,Mayville,486,156,Yes participating without using any Provision or the CEO,false,7th Grade,12th Grade
550582002431,McAuliffe Elementary,Green Bay Area Public School District,Green Bay,407,138,Yes participating without using any Provision or the CEO,false,Prekindergarten,5th Grade
551449001875,McDill Elementary,Stevens Point Area Public School District,Stevens Point,360,117,Yes participating without using any Provision or the CEO,false,Prekindergarten,6th Grade
550891001035,McFarland High,McFarland School District,McFarland,727,113,Yes participating without using any Provision or the CEO,false,9th Grade,12th Grade
550861002701,McKinley Academy,Manitowoc School District,Manitowoc,59,41,Yes under Community Eligibility Option (CEO),true,1st Grade,12th Grade
551449001914,McKinley Center,Stevens Point Area Public School District,Stevens Point,373,186,Yes participating without using any Provision or the CEO,false,Prekindergarten,6th Grade
550405000705,McKinley Charter School,Eau Claire Area School District,Eau Claire,74,3,Yes participating without using any Provision or the CEO,true,6th Grade,12th Grade
550039000061,McKinley Elementary,Appleton Area School District,Appleton,380,188,Yes under Community Eligibility Option (CEO),false,Prekindergarten,5th Grade
551599002086,McKinley Elementary,Wauwatosa School District,Wauwatosa,388,52,Yes participating without using any Provision or the CEO,false,Prekindergarten,5th Grade
551629002132,McLane Elementary,West Bend School District,West Bend,340,120,Yes participating without using any Provision or the CEO,false,Kindergarten,4th Grade
551707002781,Mead Elementary,Wisconsin Rapids School District,Wisconsin Rapids,266,208,Yes under Community Eligibility Option (CEO),false,Prekindergarten,5th Grade
551089001420,Meadow View Elementary,Oconomowoc Area School District,Oconomowoc,548,71,Yes participating without using any Provision or the CEO,false,Prekindergarten,4th Grade
551464003075,Meadow View Elementary,Sun Prairie Area School District,Sun Prairie,401,134,Yes participating without using any Provision or the CEO,false,Prekindergarten,5th Grade
551587002044,Meadow View Primary,Waupun School District,Waupun,324,151,Yes participating without using any Provision or the CEO,false,Prekindergarten,1st Grade
550663000718,Meadowbrook Elementary,Howard-Suamico School District,Green Bay,478,111,Yes participating without using any Provision or the CEO,false,Prekindergarten,4th Grade
551578002018,Meadowbrook Elementary,Waukesha School District,Waukesha,243,45,Yes participating without using any Provision or the CEO,false,Prekindergarten,5th Grade
550405002405,Meadowview Elementary,Eau Claire Area School District,Eau Claire,385,132,Yes participating without using any Provision or the CEO,false,Kindergarten,5th Grade
551083001410,Meadowview Elementary,Oak Creek-Franklin Joint School District,Oak Creek,320,82,Yes participating without using any Provision or the CEO,false,Prekindergarten,5th Grade
550894002361,Medford Elementary,Medford Area Public School District,Medford,587,242,Yes participating without using any Provision or the CEO,false,Prekindergarten,4th Grade
550894001043,Medford High,Medford Area Public School District,Medford,667,227,Yes participating without using any Provision or the CEO,false,9th Grade,12th Grade
550894001044,Medford Middle,Medford Area Public School District,Medford,566,234,Yes participating without using any Provision or the CEO,true,5th Grade,8th Grade
550897002941,Mellen Public School,Mellen School District,Mellen,252,115,Yes under Community Eligibility Option (CEO),true,Prekindergarten,12th Grade
550900001050,Melrose-Mindoro Elementary,Melrose-Mindoro School District,Melrose,399,151,Yes participating without using any Provision or the CEO,false,Prekindergarten,6th Grade
550900001051,Melrose-Mindoro Junior/Senior High,Melrose-Mindoro School District,Melrose,327,107,Yes participating without using any Provision or the CEO,false,7th Grade,12th Grade
550105000146,Memorial High,Beloit School District,Beloit,1305,808,Yes under Community Eligibility Option (CEO),true,9th Grade,12th Grade
550405000429,Memorial High,Eau Claire Area School District,Eau Claire,1558,443,Yes participating without using any Provision or the CEO,false,9th Grade,12th Grade
550903001059,Menasha High,Menasha Joint School District,Menasha,1020,512,Yes under Community Eligibility Option (CEO),true,9th Grade,12th Grade
550852000950,Mendota Elementary,Madison Metropolitan School District,Madison,282,205,Yes under Community Eligibility Option (CEO),false,Prekindergarten,5th Grade
550003602122,Mendota Mental Health Institution,Wisconsin Department of Health Services,Madison,18,,No,false,Kindergarten,12th Grade
551119002309,Menominee Elementary School,Oshkosh Area School District,Oshkosh,573,392,Yes under Community Eligibility Option (CEO),false,Kindergarten,5th Grade
550907001070,Menominee Indian High,Menominee Indian School District,Keshena,364,314,Yes under Community Eligibility Option (CEO),true,9th Grade,12th Grade
550907001071,Menominee Indian Middle,Menominee Indian School District,Neopit,206,185,Yes under Community Eligibility Option (CEO),true,6th Grade,8th Grade
550906002338,Menomonee Falls High,Menomonee Falls School District,Menomonee Falls,1261,200,Yes participating without using any Provision or the CEO,false,9th Grade,12th Grade
550909001079,Menomonie High,Menomonie Area School District,Menomonie,966,329,Yes participating without using any Provision or the CEO,false,9th Grade,12th Grade
550909001080,Menomonie Middle,Menomonie Area School District,Menomonie,730,303,Yes participating without using any Provision or the CEO,true,6th Grade,8th Grade
550915001092,Mercer School,Mercer School District,Mercer,92,45,Yes under Community Eligibility Option (CEO),true,Prekindergarten,12th Grade
550921002743,Merrill Adult Diploma Academy,Merrill Area School District,Merrill,31,6,No,false,11th Grade,12th Grade
550105000147,Merrill Elementary,Beloit School District,Beloit,224,188,Yes under Community Eligibility Option (CEO),false,Prekindergarten,5th Grade
550921001099,Merrill High,Merrill Area School District,Merrill,756,275,Yes participating without using any Provision or the CEO,false,9th Grade,12th Grade
551341002663,Merrimac Community,Sauk Prairie School District,Merrimac,134,36,Yes participating without using any Provision or the CEO,false,Prekindergarten,5th Grade
550936002269,Merton Intermediate,Merton Community School District,Hartland,368,21,Yes participating without using any Provision or the CEO,false,5th Grade,8th Grade
550936000750,Merton Primary,Merton Community School District,Hartland,526,30,Yes participating without using any Provision or the CEO,false,Prekindergarten,4th Grade
550960002464,Metcalfe Elementary,Milwaukee School District,Milwaukee,296,275,Yes under Community Eligibility Option (CEO),true,Prekindergarten,8th Grade
550852002670,Metro School,Madison Metropolitan School District,Madison,12,5,No,true,4th Grade,12th Grade
551305001723,Meyer Middle,River Falls School District,River Falls,725,131,Yes participating without using any Provision or the CEO,false,6th Grade,8th Grade
550951001107,Middleton High,Middleton-Cross Plains Area School District,Middleton,2303,411,Yes participating without using any Provision or the CEO,false,9th Grade,12th Grade
550951002888,Middleton-Cross Plains Area School District 4K,Middleton-Cross Plains Area School District,Middleton,286,,No,false,Prekindergarten,Prekindergarten
550852000951,Midvale Elementary,Madison Metropolitan School District,Madison,372,157,Yes participating without using any Provision or the CEO,false,Prekindergarten,2nd Grade
551215002944,Mighty River Academy of Virtual Education,Prairie du Chien Area School District,Prairie du Chien,23,11,No,false,Kindergarten,12th Grade
550852000928,Milele Chikasa Anana Elementary School,Madison Metropolitan School District,Madison,455,231,Yes under Community Eligibility Option (CEO),false,Prekindergarten,5th Grade
551724703395,Mill Creek Academy,Mill Creek Academy Inc,Waukesha,324,116,Yes participating without using any Provision or the CEO,false,Prekindergarten,6th Grade
551017001333,Mill Valley Elementary,Muskego-Norway School District,Muskego,417,55,Yes participating without using any Provision or the CEO,false,Kindergarten,4th Grade
551491001935,Miller Elementary,Tomah Area School District,Tomah,245,128,Yes participating without using any Provision or the CEO,false,Kindergarten,5th Grade
550957001118,Milton High,Milton School District,Milton,1057,214,Yes participating without using any Provision or the CEO,false,9th Grade,12th Grade
550957001119,Milton Middle,Milton School District,Milton,509,111,Yes participating without using any Provision or the CEO,false,7th Grade,8th Grade
550960002720,Milwaukee Academy of Chinese Language,Milwaukee School District,Milwaukee,499,454,Yes under Community Eligibility Option (CEO),true,Prekindergarten,8th Grade
550004202234,Milwaukee Academy of Science,Milwaukee Science Education Consortium Inc,Milwaukee,1711,1573,Yes under Community Eligibility Option (CEO),true,Prekindergarten,12th Grade
550960002537,Milwaukee College Preparatory School -- 36th Street Campus,Milwaukee School District,Milwaukee,486,389,Yes under Community Eligibility Option (CEO),true,Prekindergarten,8th Grade
550960002853,Milwaukee College Preparatory School -- 38th Street,Milwaukee School District,Milwaukee,474,416,Yes under Community Eligibility Option (CEO),true,Prekindergarten,8th Grade
550960002860,Milwaukee College Preparatory School -- Lloyd Street,Milwaukee School District,Milwaukee,492,446,Yes under Community Eligibility Option (CEO),true,Prekindergarten,8th Grade
550960003006,Milwaukee College Preparatory School: Lola Rowe North Campus,Milwaukee School District,Milwaukee,496,419,Yes under Community Eligibility Option (CEO),true,Prekindergarten,8th Grade
550483002685,Milwaukee County Community Reintegration Center,Franklin Public School District,Franklin,31,28,No,false,9th Grade,12th Grade
550960001306,Milwaukee County Youth Education Center,Milwaukee School District,Milwaukee,,39,No,true,6th Grade,12th Grade
550960002949,Milwaukee Environmental Science Academy,Milwaukee School District,Milwaukee,274,260,Yes under Community Eligibility Option (CEO),true,Prekindergarten,8th Grade
550960002340,Milwaukee French Immersion,Milwaukee School District,Milwaukee,426,290,Yes under Community Eligibility Option (CEO),false,Prekindergarten,5th Grade
550960001155,Milwaukee German Immersion,Milwaukee School District,Milwaukee,549,150,Yes under Community Eligibility Option (CEO),false,Prekindergarten,5th Grade
550960002339,Milwaukee High School of the Arts,Milwaukee School District,Milwaukee,959,731,Yes under Community Eligibility Option (CEO),true,9th Grade,12th Grade
550006702898,Milwaukee Math and Science Academy,Milwaukee Math and Science Academy Inc,Milwaukee,241,218,Yes under Community Eligibility Option (CEO),true,Prekindergarten,8th Grade
550960002415,Milwaukee Parkside School,Milwaukee School District,Milwaukee,859,637,Yes under Community Eligibility Option (CEO),true,Prekindergarten,8th Grade
550006502894,Milwaukee Scholars Charter School,Milwaukee Scholars Charter School Inc,Milwaukee,696,578,Yes under Community Eligibility Option (CEO),true,Prekindergarten,8th Grade
550960001273,Milwaukee School of Languages,Milwaukee School District,Milwaukee,964,520,Yes under Community Eligibility Option (CEO),true,6th Grade,12th Grade
550960001191,Milwaukee Sign Language Elementary,Milwaukee School District,Milwaukee,384,354,Yes under Community Eligibility Option (CEO),true,Prekindergarten,8th Grade
550960001161,Milwaukee Spanish Immersion,Milwaukee School District,Milwaukee,605,500,Yes under Community Eligibility Option (CEO),false,Prekindergarten,5th Grade
550966001275,Mineral Point Elementary,Mineral Point Unified School District,Mineral Point,377,77,Yes participating without using any Provision or the CEO,false,Prekindergarten,5th Grade
550966001276,Mineral Point High,Mineral Point Unified School District,Mineral Point,253,54,Yes participating without using any Provision or the CEO,false,9th Grade,12th Grade
550966001277,Mineral Point Middle,Mineral Point Unified School District,Mineral Point,170,47,Yes participating without using any Provision or the CEO,false,6th Grade,8th Grade
550969001278,Minocqua Elementary,Minocqua J1 School District,Minocqua,506,164,Yes participating without using any Provision or the CEO,true,Prekindergarten,8th Grade
550975001283,Mishicot High,Mishicot School District,Mishicot,274,66,Yes participating without using any Provision or the CEO,false,9th Grade,12th Grade
550975001347,Mishicot Middle,Mishicot School District,Mishicot,216,62,Yes participating without using any Provision or the CEO,false,6th Grade,8th Grade
550306000338,Mitchell Elementary,Cudahy School District,Cudahy,403,267,Yes under Community Eligibility Option (CEO),false,Prekindergarten,6th Grade
550960001219,Mitchell Elementary,Milwaukee School District,Milwaukee,597,563,Yes under Community Eligibility Option (CEO),true,Prekindergarten,8th Grade
551626002104,Mitchell Elementary,West Allis-West Milwaukee School District,West Allis,267,118,Yes under Community Eligibility Option (CEO),false,Prekindergarten,5th Grade
551236001632,Mitchell School,Racine Unified School District,Racine,1040,807,Yes under Community Eligibility Option (CEO),true,Prekindergarten,8th Grade
550978001286,Mondovi Elementary,Mondovi School District,Mondovi,491,197,Yes participating without using any Provision or the CEO,false,Prekindergarten,5th Grade
550978001287,Mondovi High,Mondovi School District,Mondovi,255,86,Yes participating without using any Provision or the CEO,false,9th Grade,12th Grade
550978000383,Mondovi Middle,Mondovi School District,Mondovi,197,70,Yes participating without using any Provision or the CEO,false,6th Grade,8th Grade
550981001291,Monona Grove High,Monona Grove School District,Monona,1170,226,Yes participating without using any Provision or the CEO,false,9th Grade,12th Grade
550981002828,Monona Grove Liberal Arts,Monona Grove School District,Monona,93,25,Yes participating without using any Provision or the CEO,false,6th Grade,12th Grade
550702000769,Monroe Elementary,Janesville School District,Janesville,376,197,Yes under Community Eligibility Option (CEO),false,Prekindergarten,5th Grade
550861000978,Monroe Elementary,Manitowoc School District,Manitowoc,232,128,Yes under Community Eligibility Option (CEO),false,Kindergarten,5th Grade
550984001298,Monroe High,Monroe School District,Monroe,686,245,Yes participating without using any Provision or the CEO,false,9th Grade,12th Grade
550984001299,Monroe Middle,Monroe School District,Monroe,483,200,Yes participating without using any Provision or the CEO,false,6th Grade,8th Grade
550987001303,Montello Junior/Senior High,Montello School District,Montello,232,102,Yes under Community Eligibility Option (CEO),false,7th Grade,12th Grade
550987003016,Montello Virtual Charter School,Montello School District,Montello,22,8,No,false,Prekindergarten,12th Grade
550990001304,Monticello Elementary,Monticello School District,Monticello,131,45,Yes participating without using any Provision or the CEO,false,Prekindergarten,5th Grade
550990001305,Monticello High,Monticello School District,Monticello,100,40,Yes participating without using any Provision or the CEO,false,9th Grade,12th Grade
550990000384,Monticello Middle,Monticello School District,Monticello,58,18,Yes participating without using any Provision or the CEO,false,6th Grade,8th Grade
550960001220,Morgandale Elementary,Milwaukee School District,Milwaukee,624,538,Yes under Community Eligibility Option (CEO),true,Prekindergarten,8th Grade
550960001221,Morse Mid,Milwaukee School District,Milwaukee,383,305,Yes under Community Eligibility Option (CEO),true,6th Grade,8th Grade
550996001307,Mosinee Elementary,Mosinee School District,Mosinee,632,159,Yes participating without using any Provision or the CEO,false,Prekindergarten,3rd Grade
550996001308,Mosinee High,Mosinee School District,Mosinee,548,95,Yes participating without using any Provision or the CEO,false,9th Grade,12th Grade
550996001309,Mosinee Middle,Mosinee School District,Mosinee,685,170,Yes participating without using any Provision or the CEO,false,4th Grade,8th Grade
550423000454,Mound View Elementary,Elk Mound Area School District,Elk Mound,456,117,Yes participating without using any Provision or the CEO,false,Prekindergarten,4th Grade
550999002994,Mount Horeb Area Community 4K,Mount Horeb Area School District,Mount Horeb,113,3,No,false,Prekindergarten,Prekindergarten
550999002318,Mount Horeb Early Learning Center,Mount Horeb Area School District,Mount Horeb,160,22,Yes participating without using any Provision or the CEO,false,Prekindergarten,Kindergarten
550999001312,Mount Horeb High,Mount Horeb Area School District,Mount Horeb,745,90,Yes participating without using any Provision or the CEO,false,9th Grade,12th Grade
550999001311,Mount Horeb Intermediate,Mount Horeb Area School District,Mount Horeb,508,73,Yes participating without using any Provision or the CEO,false,3rd Grade,5th Grade
550999000385,Mount Horeb Middle,Mount Horeb Area School District,Mount Horeb,503,74,Yes participating without using any Provision or the CEO,false,6th Grade,8th Grade
550999001313,Mount Horeb Primary Center,Mount Horeb Area School District,Mount Horeb,269,37,Yes participating without using any Provision or the CEO,false,1st Grade,2nd Grade
551317002643,Mountain Bay Elementary,D C Everest Area School District,Weston,451,169,Yes participating without using any Provision or the CEO,false,Kindergarten,5th Grade
550852000940,Muir Elementary,Madison Metropolitan School District,Madison,377,192,Yes participating without using any Provision or the CEO,false,Prekindergarten,5th Grade
551206002310,Muir Elementary,Portage Community School District,Portage,439,209,Yes under Community Eligibility Option (CEO),false,2nd Grade,5th Grade
551006001319,Mukwonago High,Mukwonago School District,Mukwonago,1604,202,Yes participating without using any Provision or the CEO,false,9th Grade,12th Grade
551302000487,Murray Park Elementary,Ripon Area School District,Ripon,156,73,Yes participating without using any Provision or the CEO,false,3rd Grade,5th Grade
551017001335,Muskego High,Muskego-Norway School District,Muskego,1634,88,No,false,9th Grade,12th Grade
551017001330,Muskego Lakes Middle,Muskego-Norway School District,Muskego,676,65,Yes participating without using any Provision or the CEO,true,5th Grade,8th Grade
551023003116,N-Gage Academy,Necedah Area School District,Necedah,32,3,Yes under Community Eligibility Option (CEO),false,6th Grade,12th Grade
551023003112,N-Vision Learning Center,Necedah Area School District,Necedah,70,3,Yes under Community Eligibility Option (CEO),false,1st Grade,5th Grade
550732002653,Nash Elementary,Kenosha School District,Kenosha,576,179,Yes under Community Eligibility Option (CEO),false,Prekindergarten,5th Grade
550882001022,Nasonville Elementary,Marshfield Unified School District,Marshfield,231,71,Yes participating without using any Provision or the CEO,false,Prekindergarten,6th Grade
551626002117,Nathan Hale High,West Allis-West Milwaukee School District,West Allis,1134,648,Yes under Community Eligibility Option (CEO),true,9th Grade,12th Grade
551089002795,Nature Hill Intermediate,Oconomowoc Area School District,Oconomowoc,750,125,Yes participating without using any Provision or the CEO,false,5th Grade,8th Grade
551185001551,Neal Wilkins Early Learning Center,Platteville School District,Platteville,205,98,Yes participating without using any Provision or the CEO,false,Prekindergarten,Kindergarten
551023001337,Necedah Elementary,Necedah Area School District,Necedah,244,,Yes under Community Eligibility Option (CEO),false,Prekindergarten,5th Grade
551023001338,Necedah High,Necedah Area School District,Necedah,199,5,Yes under Community Eligibility Option (CEO),true,9th Grade,12th Grade
551023003099,Necedah Middle,Necedah Area School District,Necedah,117,3,Yes under Community Eligibility Option (CEO),true,6th Grade,8th Grade
551032001348,Neenah High,Neenah Joint School District,Neenah,2013,577,Yes participating without using any Provision or the CEO,false,9th Grade,12th Grade
551032002308,Neenah Middle School,Neenah Joint School District,Neenah,1913,606,Yes participating without using any Provision or the CEO,false,4th Grade,8th Grade
550960001224,Neeskara Elementary,Milwaukee School District,Milwaukee,356,309,Yes under Community Eligibility Option (CEO),false,Prekindergarten,5th Grade
551035001356,Neillsville Elementary,Neillsville School District,Neillsville,399,191,Yes participating without using any Provision or the CEO,false,Prekindergarten,5th Grade
551035001357,Neillsville High,Neillsville School District,Neillsville,246,109,Yes participating without using any Provision or the CEO,true,9th Grade,12th Grade
551035002326,Neillsville Middle,Neillsville School District,Neillsville,180,83,Yes participating without using any Provision or the CEO,false,6th Grade,8th Grade
551038002617,Nekoosa Academy,Nekoosa School District,Nekoosa,23,17,Yes participating without using any Provision or the CEO,true,9th Grade,12th Grade
551038001360,Nekoosa High,Nekoosa School District,Nekoosa,285,144,Yes participating without using any Provision or the CEO,false,9th Grade,12th Grade
551110001469,Netherwood Knoll Elementary,Oregon School District,Oregon,419,55,Yes participating without using any Provision or the CEO,false,Prekindergarten,4th Grade
551044001362,New Auburn Elementary,New Auburn School District,New Auburn,132,3,Yes under Community Eligibility Option (CEO),false,Prekindergarten,5th Grade
551044001363,New Auburn High,New Auburn School District,New Auburn,99,3,Yes under Community Eligibility Option (CEO),false,9th Grade,12th Grade
551044003117,New Auburn Middle,New Auburn School District,New Auburn,49,3,Yes under Community Eligibility Option (CEO),false,6th Grade,8th Grade
551047001372,New Berlin West Middle/High,New Berlin School District,New Berlin,1036,172,Yes participating without using any Provision or the CEO,false,7th Grade,12th Grade
551533001186,New Century School,Verona Area School District,Verona,122,8,Yes participating without using any Provision or the CEO,false,Kindergarten,5th Grade
550729002878,New Directions Learning Community,Kaukauna Area School District,Kaukauna,270,47,Yes participating without using any Provision or the CEO,false,Prekindergarten,4th Grade
551050001375,New Glarus Elementary,New Glarus School District,New Glarus,419,84,Yes participating without using any Provision or the CEO,false,Prekindergarten,5th Grade
551050001376,New Glarus High,New Glarus School District,New Glarus,320,47,Yes participating without using any Provision or the CEO,false,9th Grade,12th Grade
551050002929,New Glarus Middle,New Glarus School District,New Glarus,214,38,Yes participating without using any Provision or the CEO,false,6th Grade,8th Grade
551053001378,New Holstein Elementary,New Holstein School District,New Holstein,437,130,Yes participating without using any Provision or the CEO,false,Prekindergarten,5th Grade
551053001379,New Holstein High,New Holstein School District,New Holstein,309,54,Yes participating without using any Provision or the CEO,false,9th Grade,12th Grade
551053002550,New Holstein Middle,New Holstein School District,New Holstein,235,58,Yes participating without using any Provision or the CEO,false,6th Grade,8th Grade
551380002623,New Horizons for Learning,Shorewood School District,Shorewood,22,4,Yes participating without using any Provision or the CEO,false,9th Grade,12th Grade
550009003143,New Leaf Prep Academy,New Leaf Prep Academy Inc,Green Bay,225,10,No,false,Kindergarten,8th Grade
551056001381,New Lisbon Elementary,New Lisbon School District,New Lisbon,298,,Yes participating without using any Provision or the CEO,false,Prekindergarten,6th Grade
551056001382,New Lisbon Junior High/High,New Lisbon School District,New Lisbon,250,16,Yes participating without using any Provision or the CEO,false,7th Grade,12th Grade
551059001384,New London High,New London School District,New London,660,196,Yes participating without using any Provision or the CEO,false,9th Grade,12th Grade
551059001388,New London Middle,New London School District,New London,540,219,Yes participating without using any Provision or the CEO,false,5th Grade,8th Grade
551062001390,New Richmond High,New Richmond School District,New Richmond,1047,252,Yes participating without using any Provision or the CEO,false,9th Grade,12th Grade
551062002789,New Richmond Hillside Elementary,New Richmond School District,New Richmond,570,200,Yes participating without using any Provision or the CEO,false,Kindergarten,5th Grade
551062001391,New Richmond Middle,New Richmond School District,New Richmond,729,196,Yes participating without using any Provision or the CEO,false,6th Grade,8th Grade
551062000225,New Richmond Paperjack Elementary,New Richmond School District,New Richmond,333,112,Yes participating without using any Provision or the CEO,false,Kindergarten,5th Grade
551062001389,New Richmond Starr Elementary,New Richmond School District,New Richmond,555,165,Yes participating without using any Provision or the CEO,false,Kindergarten,5th Grade
550765003109,New Visions Charter School,Lake Geneva-Genoa City UHS School District,Lake Geneva,31,15,Yes participating without using any Provision or the CEO,false,9th Grade,12th Grade
550960001341,Next Door Charter,Milwaukee School District,Milwaukee,120,93,No,false,Prekindergarten,Prekindergarten
551068001393,Niagara Elementary,Niagara School District,Niagara,271,127,Yes under Community Eligibility Option (CEO),false,Prekindergarten,6th Grade
551068001394,Niagara High,Niagara School District,Niagara,184,78,Yes under Community Eligibility Option (CEO),true,7th Grade,12th Grade
550582000634,Nicolet Elementary Community School,Green Bay Area Public School District,Green Bay,312,276,Yes under Community Eligibility Option (CEO),false,Prekindergarten,5th Grade
550549000584,Nicolet High,Nicolet Union High School School District,Glendale,1043,202,Yes participating without using any Provision or the CEO,false,9th Grade,12th Grade
550210000298,Nikolay Middle,Cambridge School District,Cambridge,203,57,Yes participating without using any Provision or the CEO,true,6th Grade,8th Grade
550960001225,Ninety-Fifth Street Elementary,Milwaukee School District,Milwaukee,428,342,Yes under Community Eligibility Option (CEO),false,Prekindergarten,5th Grade
551071001395,Norris Academy,Norris School District,Mukwonago,10,7,No,true,Kindergarten,12th Grade
551071003072,Norris Academy Virtual School,Norris School District,Mukwonago,21,5,No,false,Kindergarten,12th Grade
551251001657,North Cape Elementary,North Cape School District,Franksville,194,13,Yes participating without using any Provision or the CEO,false,Prekindergarten,8th Grade
550498002244,North Crawford Elementary,North Crawford School District,Soldiers Grove,284,137,Yes participating without using any Provision or the CEO,true,Prekindergarten,8th Grade
550498000543,North Crawford High,North Crawford School District,Soldiers Grove,123,67,Yes participating without using any Provision or the CEO,true,9th Grade,12th Grade
550960002730,North Division High,Milwaukee School District,Milwaukee,346,316,Yes under Community Eligibility Option (CEO),true,9th Grade,12th Grade
550036000042,North Elementary,Antigo Unified School District,Antigo,154,111,Yes under Community Eligibility Option (CEO),false,Prekindergarten,3rd Grade
550614002257,North Elementary,Hartland-Lakeside J3 School District,Hartland,405,63,Yes participating without using any Provision or the CEO,false,Prekindergarten,2nd Grade
550081000107,North Freedom Elementary,Baraboo School District,North Freedom,103,3,Yes participating without using any Provision or the CEO,false,Prekindergarten,5th Grade
550660002958,North Greenville Elementary,Hortonville Area School District,Greenville,423,33,Yes participating without using any Provision or the CEO,false,Prekindergarten,4th Grade
550039000597,North High,Appleton Area School District,Appleton,1635,477,Yes participating without using any Provision or the CEO,false,9th Grade,12th Grade
550405000431,North High,Eau Claire Area School District,Eau Claire,1567,645,Yes participating without using any Provision or the CEO,false,9th Grade,12th Grade
551119001495,North High,Oshkosh Area School District,Oshkosh,1266,695,Yes under Community Eligibility Option (CEO),false,9th Grade,12th Grade
551365001794,North High,Sheboygan Area School District,Sheboygan,1482,758,Yes under Community Eligibility Option (CEO),false,9th Grade,12th Grade
551578002019,North High,Waukesha School District,Waukesha,911,393,Yes participating without using any Provision or the CEO,false,9th Grade,12th Grade
550669000730,North Hudson Elementary,Hudson School District,Hudson,276,41,Yes participating without using any Provision or the CEO,false,Kindergarten,5th Grade
550930002268,North Lake Elementary,North Lake School District,Hartland,365,4,No,false,Prekindergarten,8th Grade
550153000198,North Lakeland Elementary,North Lakeland School District,Manitowish Waters,158,54,Yes participating without using any Provision or the CEO,true,Prekindergarten,8th Grade
550906001068,North Middle,Menomonee Falls School District,Menomonee Falls,804,152,Yes participating without using any Provision or the CEO,false,6th Grade,8th Grade
550614001282,North Shore Middle,Hartland-Lakeside J3 School District,Hartland,354,56,Yes participating without using any Provision or the CEO,false,6th Grade,8th Grade
550213002500,North Star Academy,Cameron School District,Cameron,38,22,Yes participating without using any Provision or the CEO,false,9th Grade,12th Grade
550753000196,North Woods International School,La Crosse School District,La Crosse,255,150,Yes under Community Eligibility Option (CEO),false,Prekindergarten,5th Grade
551092003060,Northeast Wisconsin Learning Academy,Oconto Unified School District,Oconto,13,10,Yes participating without using any Provision or the CEO,true,5th Grade,12th Grade
550582003105,Northeast Wisconsin School of Innovation,Green Bay Area Public School District,Green Bay,228,150,Yes under Community Eligibility Option (CEO),false,7th Grade,12th Grade
551101001446,Northern Hills Elementary,Onalaska School District,Onalaska,463,218,Yes participating without using any Provision or the CEO,false,Prekindergarten,5th Grade
551467002539,Northern Lights Elementary,Superior School District,Superior,453,69,Yes participating without using any Provision or the CEO,false,Prekindergarten,5th Grade
550627002867,Northern Waters Environmental School,Hayward Community School District,Hayward,43,19,Yes participating without using any Provision or the CEO,false,6th Grade,12th Grade
550003601983,Northern Wisconsin Center,Wisconsin Department of Health Services,Chippewa Falls,3,,No,false,Kindergarten,12th Grade
550386000404,Northland Pines Elementary-Eagle River,Northland Pines School District,Eagle River,484,219,Yes participating without using any Provision or the CEO,false,Prekindergarten,6th Grade
550386000405,Northland Pines Elementary-Land O' Lakes,Northland Pines School District,Land O' Lakes,51,23,Yes participating without using any Provision or the CEO,false,Prekindergarten,4th Grade
550386000408,Northland Pines Elementary-St Germain,Northland Pines School District,Saint Germain,87,40,Yes participating without using any Provision or the CEO,false,Prekindergarten,4th Grade
550386000406,Northland Pines Middle and High School,Northland Pines School District,Eagle River,543,205,Yes participating without using any Provision or the CEO,false,7th Grade,12th Grade
550386003008,Northland Pines Montessori Learning Center (Npmlc),Northland Pines School District,Saint Germain,69,16,Yes participating without using any Provision or the CEO,false,Prekindergarten,4th Grade
550753000857,Northside Elementary,La Crosse School District,La Crosse,237,201,Yes under Community Eligibility Option (CEO),false,Prekindergarten,5th Grade
550951001109,Northside Elementary,Middleton-Cross Plains Area School District,Middleton,307,60,Yes participating without using any Provision or the CEO,false,Prekindergarten,4th Grade
550984001300,Northside Elementary,Monroe School District,Monroe,362,145,Yes participating without using any Provision or the CEO,false,Prekindergarten,5th Grade
551464001900,Northside Elementary,Sun Prairie Area School District,Sun Prairie,439,178,Yes participating without using any Provision or the CEO,false,Prekindergarten,5th Grade
550957000382,Northside Intermediate,Milton School District,Milton,794,187,Yes participating without using any Provision or the CEO,false,4th Grade,6th Grade
550972002877,Northstar Community Charter School,Northwood School District,Minong,20,5,Yes under Community Eligibility Option (CEO),false,Prekindergarten,8th Grade
550405000645,Northstar Middle,Eau Claire Area School District,Eau Claire,529,227,Yes participating without using any Provision or the CEO,true,6th Grade,8th Grade
550666000723,Northview Elementary,Howards Grove School District,Howards Grove,336,53,Yes participating without using any Provision or the CEO,false,Prekindergarten,4th Grade
550864001481,Northwestern Elementary,Maple School District,Poplar,515,164,Yes participating without using any Provision or the CEO,false,Prekindergarten,5th Grade
550864000987,Northwestern High,Maple School District,Maple,372,112,Yes participating without using any Provision or the CEO,false,9th Grade,12th Grade
550864000988,Northwestern Middle,Maple School District,Poplar,289,95,Yes participating without using any Provision or the CEO,false,6th Grade,8th Grade
550972003015,Northwood Elementary,Northwood School District,Minong,133,73,Yes under Community Eligibility Option (CEO),false,Prekindergarten,5th Grade
550972002934,Northwood High/Middle,Northwood School District,Minong,140,68,Yes under Community Eligibility Option (CEO),true,6th Grade,12th Grade
550972003018,Northwood Virtual Charter School,Northwood School District,Minong,3,,No,false,Prekindergarten,12th Grade
551272001673,Northwoods Community Elementary,Rhinelander School District,Harshaw,97,24,Yes under Community Eligibility Option (CEO),false,Prekindergarten,5th Grade
550405000559,Northwoods Elementary,Eau Claire Area School District,Eau Claire,304,158,Yes participating without using any Provision or the CEO,false,Kindergarten,5th Grade
551077000683,Norwalk-Ontario-Wilton Elementary,Norwalk-Ontario-Wilton School District,Ontario,322,190,Yes participating without using any Provision or the CEO,false,Prekindergarten,6th Grade
550960000843,Nova-Northwest Opportunities Vocational Academy,Milwaukee School District,Milwaukee,104,98,Yes under Community Eligibility Option (CEO),true,9th Grade,12th Grade
551062002757,Nr4kids,New Richmond School District,New Richmond,268,29,No,false,Prekindergarten,Prekindergarten
550852003356,Nuestro Mundo,Madison Metropolitan School District,Monona,311,127,Yes participating without using any Provision or the CEO,false,Prekindergarten,5th Grade
551236001605,O Brown Elementary,Racine Unified School District,Racine,540,209,Yes under Community Eligibility Option (CEO),false,Prekindergarten,5th Grade
550852000949,O'Keeffe Middle,Madison Metropolitan School District,Madison,434,186,Yes participating without using any Provision or the CEO,true,6th Grade,8th Grade
551083001412,Oak Creek East Middle,Oak Creek-Franklin Joint School District,Oak Creek,935,239,Yes participating without using any Provision or the CEO,false,6th Grade,8th Grade
551083001411,Oak Creek High,Oak Creek-Franklin Joint School District,Oak Creek,2220,705,Yes participating without using any Provision or the CEO,false,9th Grade,12th Grade
551083000419,Oak Creek West Middle,Oak Creek-Franklin Joint School District,Oak Creek,531,241,Yes participating without using any Provision or the CEO,false,6th Grade,8th Grade
551491001937,Oakdale Elementary,Tomah Area School District,Tomah,90,51,Yes under Community Eligibility Option (CEO),false,Prekindergarten,1st Grade
551086001414,Oakfield Elementary,Oakfield School District,Oakfield,254,62,Yes participating without using any Provision or the CEO,false,Prekindergarten,5th Grade
551086001415,Oakfield High,Oakfield School District,Oakfield,166,31,Yes participating without using any Provision or the CEO,false,9th Grade,12th Grade
551086001416,Oakfield Middle,Oakfield School District,Oakfield,131,38,Yes participating without using any Provision or the CEO,false,6th Grade,8th Grade
550909000379,Oaklawn Elementary,Menomonie Area School District,Menomonie,382,122,Yes participating without using any Provision or the CEO,false,Prekindergarten,5th Grade
551119001493,Oaklawn Elementary,Oshkosh Area School District,Oshkosh,416,264,Yes under Community Eligibility Option (CEO),false,Kindergarten,5th Grade
551119003340,Oakwood Elementary,Oshkosh Area School District,Oshkosh,382,56,Yes participating without using any Provision or the CEO,false,Prekindergarten,5th Grade
550960002993,Obama School of Career and Technical Education,Milwaukee School District,Milwaukee,1294,1087,Yes under Community Eligibility Option (CEO),true,Prekindergarten,12th Grade
551089001421,Oconomowoc High,Oconomowoc Area School District,Oconomowoc,1591,257,No,false,9th Grade,12th Grade
551092001429,Oconto Elementary,Oconto Unified School District,Oconto,340,193,Yes participating without using any Provision or the CEO,false,Prekindergarten,4th Grade
551095001066,Oconto Falls Elementary,Oconto Falls Public School District,Oconto Falls,489,208,Yes participating without using any Provision or the CEO,false,Prekindergarten,5th Grade
551095001435,Oconto Falls High,Oconto Falls Public School District,Oconto Falls,511,154,Yes participating without using any Provision or the CEO,false,9th Grade,12th Grade
551092001428,Oconto High,Oconto Unified School District,Oconto,299,124,Yes participating without using any Provision or the CEO,false,9th Grade,12th Grade
551092001430,Oconto Middle,Oconto Unified School District,Oconto,270,141,Yes participating without using any Provision or the CEO,true,5th Grade,8th Grade
551302003102,Odyssey Academy of Virtual Learning,Ripon Area School District,Ripon,266,66,No,false,Prekindergarten,12th Grade
551317003065,Odyssey Elementary,D C Everest Area School District,Weston,64,15,Yes participating without using any Provision or the CEO,false,Kindergarten,5th Grade
550039002277,Odyssey-Magellan,Appleton Area School District,Appleton,214,35,Yes participating without using any Provision or the CEO,false,2nd Grade,8th Grade
550852002775,Olson Elementary,Madison Metropolitan School District,Verona,462,107,Yes participating without using any Provision or the CEO,false,Prekindergarten,5th Grade
550885001026,Olson Middle,Mauston School District,Mauston,240,133,Yes participating without using any Provision or the CEO,true,6th Grade,8th Grade
551098002261,Omro Elementary,Omro School District,Omro,275,88,Yes participating without using any Provision or the CEO,false,2nd Grade,5th Grade
551098001441,Omro High,Omro School District,Omro,317,87,Yes participating without using any Provision or the CEO,false,9th Grade,12th Grade
551098001443,Omro Middle,Omro School District,Omro,223,63,Yes participating without using any Provision or the CEO,false,6th Grade,8th Grade
551101001447,Onalaska High,Onalaska School District,Onalaska,925,250,Yes participating without using any Provision or the CEO,false,9th Grade,12th Grade
551101001448,Onalaska Middle,Onalaska School District,Onalaska,620,185,Yes participating without using any Provision or the CEO,false,6th Grade,8th Grade
551101003133,Onalaska Prekindergarten Partner School,Onalaska School District,Onalaska,68,7,No,false,Prekindergarten,Prekindergarten
550008303087,One City Elementary School,One City Schools Inc,Monona,328,223,Yes under Community Eligibility Option (CEO),false,Prekindergarten,5th Grade
550008303385,One City Preparatory Academy,One City Schools Inc,Monona,99,72,Yes under Community Eligibility Option (CEO),false,6th Grade,8th Grade
551107001465,Oostburg Elementary,Oostburg School District,Oostburg,479,86,Yes participating without using any Provision or the CEO,false,Prekindergarten,5th Grade
551107001466,Oostburg High,Oostburg School District,Oostburg,328,61,Yes participating without using any Provision or the CEO,false,9th Grade,12th Grade
551107001464,Oostburg Middle,Oostburg School District,Oostburg,204,34,Yes participating without using any Provision or the CEO,false,6th Grade,8th Grade
551047001373,Orchard Lane Elementary,New Berlin School District,New Berlin,453,85,Yes participating without using any Provision or the CEO,false,Prekindergarten,6th Grade
550852000952,Orchard Ridge Elementary,Madison Metropolitan School District,Madison,265,138,Yes under Community Eligibility Option (CEO),false,Prekindergarten,5th Grade
551110002841,Oregon 4K,Oregon School District,Oregon,213,27,No,false,Prekindergarten,Prekindergarten
551110001470,Oregon High,Oregon School District,Oregon,1339,226,Yes participating without using any Provision or the CEO,false,9th Grade,12th Grade
551110001471,Oregon Middle,Oregon School District,Oregon,613,110,Yes participating without using any Provision or the CEO,false,7th Grade,8th Grade
550913001087,Oriole Lane Elementary,Mequon-Thiensville School District,Mequon,499,75,Yes participating without using any Provision or the CEO,false,Prekindergarten,5th Grade
551116001479,Osceola Elementary,Osceola School District,Osceola,250,87,Yes participating without using any Provision or the CEO,false,Prekindergarten,1st Grade
551116001480,Osceola High,Osceola School District,Osceola,498,106,Yes participating without using any Provision or the CEO,false,9th Grade,12th Grade
551116001073,Osceola Intermediate,Osceola School District,Osceola,275,95,Yes participating without using any Provision or the CEO,false,2nd Grade,4th Grade
551116002319,Osceola Middle,Osceola School District,Osceola,398,94,Yes participating without using any Provision or the CEO,false,5th Grade,8th Grade
551122001507,Osseo-Fairchild Elementary,Osseo-Fairchild School District,Osseo,367,169,Yes participating without using any Provision or the CEO,false,Prekindergarten,5th Grade
551122001508,Osseo-Fairchild High,Osseo-Fairchild School District,Osseo,219,82,Yes participating without using any Provision or the CEO,false,9th Grade,12th Grade
551122002398,Osseo-Fairchild Middle,Osseo-Fairchild School District,Osseo,161,74,Yes participating without using any Provision or the CEO,false,6th Grade,8th Grade
550819002915,Ouisconsing School of Collaboration,Lodi School District,Lodi,74,20,Yes participating without using any Provision or the CEO,false,3rd Grade,5th Grade
551131001509,Owen-Withee Elementary,Owen-Withee School District,Owen,221,122,Yes participating without using any Provision or the CEO,false,Prekindergarten,5th Grade
551131001510,Owen-Withee High,Owen-Withee School District,Owen,139,76,Yes participating without using any Provision or the CEO,false,9th Grade,12th Grade
551131001511,Owen-Withee Junior High,Owen-Withee School District,Owen,112,66,Yes participating without using any Provision or the CEO,true,6th Grade,8th Grade
551644002149,Oxford Elementary,Westfield School District,Oxford,128,56,Yes participating without using any Provision or the CEO,false,Prekindergarten,5th Grade
550489000529,Ozaukee Elementary,Northern Ozaukee School District,Fredonia,344,96,Yes participating without using any Provision or the CEO,false,Prekindergarten,5th Grade
550489000530,Ozaukee High,Northern Ozaukee School District,Fredonia,199,40,Yes participating without using any Provision or the CEO,false,9th Grade,12th Grade
550489000531,Ozaukee Middle,Northern Ozaukee School District,Fredonia,174,39,Yes participating without using any Provision or the CEO,false,6th Grade,8th Grade
551449001877,P J Jacobs Junior High,Stevens Point Area Public School District,Stevens Point,709,247,Yes participating without using any Provision or the CEO,false,7th Grade,9th Grade
551135003391,Palmyra Eagle Montessori School,Palmyra-Eagle Area School District,Palmyra,26,7,Yes participating without using any Provision or the CEO,false,Prekindergarten,6th Grade
551135002274,Palmyra-Eagle High,Palmyra-Eagle Area School District,Palmyra,165,54,Yes participating without using any Provision or the CEO,false,9th Grade,12th Grade
551135002418,Palmyra-Eagle Middle,Palmyra-Eagle Area School District,Palmyra,96,32,Yes participating without using any Provision or the CEO,false,6th Grade,8th Grade
551137001517,Pardeeville Elementary,Pardeeville Area School District,Pardeeville,331,131,Yes participating without using any Provision or the CEO,false,Prekindergarten,4th Grade
551137001518,Pardeeville High,Pardeeville Area School District,Pardeeville,284,93,Yes participating without using any Provision or the CEO,false,9th Grade,12th Grade
551137001519,Pardeeville Middle,Pardeeville Area School District,Pardeeville,248,88,Yes participating without using any Provision or the CEO,false,5th Grade,8th Grade
551140001520,Paris Elementary,Paris J1 School District,Kenosha,251,36,Yes participating without using any Provision or the CEO,false,Prekindergarten,8th Grade
550729000795,Park Community Charter School,Kaukauna Area School District,Kaukauna,256,73,Yes participating without using any Provision or the CEO,false,Prekindergarten,4th Grade
550951001110,Park Elementary,Middleton-Cross Plains Area School District,Cross Plains,245,36,Yes participating without using any Provision or the CEO,false,Prekindergarten,4th Grade
550005801523,Park Falls Elementary,Chequamegon School District,Park Falls,290,172,Yes participating without using any Provision or the CEO,false,Prekindergarten,5th Grade
551236001635,Park High,Racine Unified School District,Racine,1203,839,Yes under Community Eligibility Option (CEO),true,7th Grade,12th Grade
551089001424,Park Lawn Elementary,Oconomowoc Area School District,Oconomowoc,383,80,Yes participating without using any Provision or the CEO,false,Prekindergarten,4th Grade
551006001320,Park View Middle,Mukwonago School District,Mukwonago,721,95,Yes participating without using any Provision or the CEO,false,7th Grade,8th Grade
550702000770,Parker High,Janesville School District,Janesville,1272,597,Yes participating without using any Provision or the CEO,false,9th Grade,12th Grade
550468000500,Parkside Elementary,Fond du Lac School District,Fond du Lac,325,258,Yes under Community Eligibility Option (CEO),false,Prekindergarten,5th Grade
550984002352,Parkside Elementary,Monroe School District,Monroe,342,171,Yes participating without using any Provision or the CEO,false,Prekindergarten,5th Grade
551596002071,Parkside School,Wautoma Area School District,Wautoma,480,288,Yes participating without using any Provision or the CEO,true,4th Grade,8th Grade
551113003169,Parkview Academy of Virtual Education,Parkview School District,Orfordville,51,23,Yes participating without using any Provision or the CEO,false,6th Grade,12th Grade
550888001031,Parkview Early Learning Center,Mayville School District,Mayville,70,33,Yes participating without using any Provision or the CEO,false,Prekindergarten,Prekindergarten
550246000271,Parkview Elementary,Cedarburg School District,Cedarburg,504,41,Yes participating without using any Provision or the CEO,false,Prekindergarten,5th Grade
550255000637,Parkview Elementary,Chippewa Falls Area Unified School District,Chippewa Falls,377,210,Yes participating without using any Provision or the CEO,false,Kindergarten,5th Grade
550960001231,Parkview Elementary,Milwaukee School District,Milwaukee,335,282,Yes under Community Eligibility Option (CEO),false,Prekindergarten,5th Grade
551059001385,Parkview Elementary,New London School District,New London,264,124,Yes participating without using any Provision or the CEO,false,Prekindergarten,4th Grade
551113001475,Parkview Elementary,Parkview School District,Orfordville,428,157,Yes participating without using any Provision or the CEO,false,Prekindergarten,5th Grade
551194001560,Parkview Elementary,Plymouth Joint School District,Plymouth,252,68,Yes under Community Eligibility Option (CEO),false,Prekindergarten,4th Grade
551113001476,Parkview High,Parkview School District,Orfordville,187,64,Yes participating without using any Provision or the CEO,false,9th Grade,12th Grade
551113001477,Parkview Junior High,Parkview School District,Orfordville,171,63,Yes participating without using any Provision or the CEO,false,6th Grade,8th Grade
550054000083,Parkview Middle,Ashwaubenon School District,Green Bay,747,280,Yes participating without using any Provision or the CEO,false,6th Grade,8th Grade
550546000577,Parkway Elementary,Glendale-River Hills School District,Glendale,490,186,Yes participating without using any Provision or the CEO,false,Prekindergarten,3rd Grade
551296003393,Partner Charter School,Richland School District,Richland Center,21,15,Yes participating without using any Provision or the CEO,false,8th Grade,12th Grade
551098001440,Patch Elementary,Omro School District,Omro,215,71,Yes participating without using any Provision or the CEO,false,Prekindergarten,1st Grade
550007903064,Pathways High,Pathways High Inc,Milwaukee,149,45,Yes under Community Eligibility Option (CEO),true,9th Grade,12th Grade
551464001401,Patrick Marsh Middle,Sun Prairie Area School District,Sun Prairie,581,169,Yes participating without using any Provision or the CEO,false,6th Grade,8th Grade
550131000181,Pecatonica Elementary,Pecatonica Area School District,Hollandale,171,63,Yes participating without using any Provision or the CEO,false,Prekindergarten,5th Grade
550131000182,Pecatonica High,Pecatonica Area School District,Blanchardville,198,64,Yes participating without using any Provision or the CEO,false,6th Grade,12th Grade
551272001680,Pelican Elementary,Rhinelander School District,Rhinelander,263,129,Yes under Community Eligibility Option (CEO),false,Prekindergarten,5th Grade
551155001529,Pembine Elementary,Beecher-Dunbar-Pembine School District,Pembine,139,93,Yes under Community Eligibility Option (CEO),false,Prekindergarten,6th Grade
551155001530,Pembine High,Beecher-Dunbar-Pembine School District,Pembine,87,52,Yes under Community Eligibility Option (CEO),true,7th Grade,12th Grade
551158001531,Pepin Elementary,Pepin Area School District,Pepin,115,39,Yes participating without using any Provision or the CEO,false,Prekindergarten,6th Grade
551158001532,Pepin High,Pepin Area School District,Pepin,110,23,Yes participating without using any Provision or the CEO,false,7th Grade,12th Grade
551626002119,Pershing Elementary,West Allis-West Milwaukee School District,West Milwaukee,250,187,Yes under Community Eligibility Option (CEO),false,Prekindergarten,5th Grade
551101001449,Pertzsch Elementary,Onalaska School District,Onalaska,373,168,Yes participating without using any Provision or the CEO,false,Prekindergarten,5th Grade
551161001533,Peshtigo Elementary,Peshtigo School District,Peshtigo,580,245,Yes participating without using any Provision or the CEO,false,Prekindergarten,6th Grade
551161001534,Peshtigo High,Peshtigo School District,Peshtigo,330,98,Yes participating without using any Provision or the CEO,false,9th Grade,12th Grade
551161003026,Peshtigo Middle,Peshtigo School District,Peshtigo,151,48,Yes participating without using any Provision or the CEO,false,7th Grade,8th Grade
551164001537,Pewaukee High,Pewaukee School District,Pewaukee,889,96,Yes participating without using any Provision or the CEO,false,9th Grade,12th Grade
551164001536,Pewaukee Lake Elementary,Pewaukee School District,Pewaukee,748,87,Yes participating without using any Provision or the CEO,false,Prekindergarten,2nd Grade
551632002752,Phantom Knight School of Opportunity,West De Pere School District,De Pere,22,7,Yes participating without using any Provision or the CEO,false,7th Grade,12th Grade
551171001539,Phelps Elementary,Phelps School District,Phelps,61,27,Yes under Community Eligibility Option (CEO),true,Prekindergarten,8th Grade
551171001540,Phelps High,Phelps School District,Phelps,27,12,Yes under Community Eligibility Option (CEO),false,9th Grade,12th Grade
551173001543,Phillips Elementary,Phillips School District,Phillips,302,3,Yes participating without using any Provision or the CEO,false,Prekindergarten,5th Grade
551173001544,Phillips High,Phillips School District,Phillips,204,3,Yes participating without using any Provision or the CEO,false,9th Grade,12th Grade
551173001545,Phillips Middle,Phillips School District,Phillips,144,3,Yes participating without using any Provision or the CEO,false,6th Grade,8th Grade
550364002241,Phoenix Middle,Delavan-Darien School District,Delavan,474,297,Yes participating without using any Provision or the CEO,true,5th Grade,8th Grade
550468000501,Pier Elementary,Fond du Lac School District,Fond du Lac,274,169,Yes participating without using any Provision or the CEO,false,Prekindergarten,5th Grade
551365001795,Pigeon River Elementary,Sheboygan Area School District,Sheboygan,254,153,Yes under Community Eligibility Option (CEO),false,Prekindergarten,5th Grade
550177002331,Pilgrim Park Middle,Elmbrook School District,Elm Grove,898,75,Yes participating without using any Provision or the CEO,false,6th Grade,8th Grade
550921000746,Pine River School for Young Learners (Prsyl),Merrill Area School District,Merrill,124,64,Yes participating without using any Provision or the CEO,false,Prekindergarten,Prekindergarten
551266001604,Pineview Elementary,Reedsburg School District,Reedsburg,390,145,Yes participating without using any Provision or the CEO,false,Prekindergarten,2nd Grade
550054000084,Pioneer Elementary,Ashwaubenon School District,Green Bay,495,144,Yes participating without using any Provision or the CEO,false,Kindergarten,5th Grade
551179001546,Pittsville Elementary,Pittsville School District,Pittsville,357,165,Yes participating without using any Provision or the CEO,true,Prekindergarten,8th Grade
551179001547,Pittsville High,Pittsville School District,Pittsville,175,57,Yes participating without using any Provision or the CEO,false,9th Grade,12th Grade
551185001553,Platteville High,Platteville School District,Platteville,479,187,Yes participating without using any Provision or the CEO,false,9th Grade,12th Grade
551185001554,Platteville Middle,Platteville School District,Platteville,417,172,Yes participating without using any Provision or the CEO,true,5th Grade,8th Grade
550732000820,Pleasant Prairie Elementary,Kenosha School District,Pleasant Prairie,542,193,Yes under Community Eligibility Option (CEO),false,Prekindergarten,5th Grade
550483000523,Pleasant View Elementary,Franklin Public School District,Franklin,422,104,Yes participating without using any Provision or the CEO,false,Prekindergarten,5th Grade
551449001878,Plover-Whiting Elementary,Stevens Point Area Public School District,Plover,448,172,Yes participating without using any Provision or the CEO,false,Prekindergarten,6th Grade
551188001556,Plum City Elementary,Plum City School District,Plum City,85,24,Yes participating without using any Provision or the CEO,false,Prekindergarten,5th Grade
551188001557,Plum City High,Plum City School District,Plum City,79,29,Yes participating without using any Provision or the CEO,false,9th Grade,12th Grade
551188003404,Plum City Middle School,Plum City School District,Plum City,51,24,No,false,6th Grade,8th Grade
551194001562,Plymouth High,Plymouth Joint School District,Plymouth,735,188,Yes under Community Eligibility Option (CEO),false,9th Grade,12th Grade
551449002739,Point 4 the Future,Stevens Point Area Public School District,Stevens Point,406,161,No,false,Prekindergarten,Prekindergarten
551449003019,Point of Discovery School,Stevens Point Area Public School District,Stevens Point,93,40,Yes participating without using any Provision or the CEO,false,7th Grade,12th Grade
550951003131,Pope Farm Elementary,Middleton-Cross Plains Area School District,Middleton,448,35,Yes participating without using any Provision or the CEO,false,Prekindergarten,4th Grade
551047001365,Poplar Creek Elementary,New Berlin School District,New Berlin,514,115,Yes participating without using any Provision or the CEO,false,Prekindergarten,6th Grade
551197001565,Port Edwards Ed Heuer Elementary School,Port Edwards School District,Port Edwards,202,118,Yes participating without using any Provision or the CEO,false,Prekindergarten,5th Grade
551200001568,Port Washington High,Port Washington-Saukville School District,Port Washington,809,196,Yes participating without using any Provision or the CEO,false,9th Grade,12th Grade
551206002174,Portage Academy of Achievement,Portage Community School District,Portage,24,3,No,false,9th Grade,12th Grade
551206002284,Portage High,Portage Community School District,Portage,600,183,Yes participating without using any Provision or the CEO,false,9th Grade,12th Grade
551206002945,Portage Partnering Preschool,Portage Community School District,Portage,129,,No,false,Prekindergarten,Prekindergarten
551209001575,Potosi Elementary,Potosi School District,Potosi,166,40,Yes participating without using any Provision or the CEO,false,Prekindergarten,5th Grade
551209001576,Potosi High,Potosi School District,Potosi,107,38,Yes participating without using any Provision or the CEO,false,9th Grade,12th Grade
551209001603,Potosi Middle,Potosi School District,Potosi,66,18,Yes participating without using any Provision or the CEO,false,6th Grade,8th Grade
550108000157,Powers Elementary,Beloit Turner School District,Beloit,331,132,Yes participating without using any Provision or the CEO,false,Prekindergarten,1st Grade
551212001579,Poynette Elementary,Poynette School District,Poynette,416,94,Yes participating without using any Provision or the CEO,false,Prekindergarten,4th Grade
551212001580,Poynette High,Poynette School District,Poynette,296,59,Yes participating without using any Provision or the CEO,true,9th Grade,12th Grade
551212001581,Poynette Middle,Poynette School District,Poynette,271,58,Yes participating without using any Provision or the CEO,true,5th Grade,8th Grade
551215001584,Prairie Du Chien High,Prairie du Chien Area School District,Prairie du Chien,287,140,Yes participating without using any Provision or the CEO,true,9th Grade,12th Grade
551578002022,Prairie Elementary,Waukesha School District,Waukesha,348,100,Yes participating without using any Provision or the CEO,false,Prekindergarten,5th Grade
551218001585,Prairie Farm Elementary,Prairie Farm Public School District,Prairie Farm,125,52,Yes participating without using any Provision or the CEO,false,Prekindergarten,5th Grade
551218001586,Prairie Farm High,Prairie Farm Public School District,Prairie Farm,125,40,Yes participating without using any Provision or the CEO,false,9th Grade,12th Grade
551218000445,Prairie Farm Middle,Prairie Farm Public School District,Prairie Farm,73,26,Yes participating without using any Provision or the CEO,true,6th Grade,8th Grade
550732000821,Prairie Lane Elementary,Kenosha School District,Pleasant Prairie,451,128,Yes under Community Eligibility Option (CEO),false,Prekindergarten,5th Grade
551464002625,Prairie Phoenix Academy,Sun Prairie Area School District,Sun Prairie,88,49,Yes under Community Eligibility Option (CEO),false,9th Grade,12th Grade
550405000423,Prairie Ridge Early Learning School,Eau Claire Area School District,Eau Claire,248,158,Yes under Community Eligibility Option (CEO),false,Prekindergarten,Prekindergarten
551266003098,Prairie Ridge Intermediate,Reedsburg School District,Reedsburg,505,251,Yes participating without using any Provision or the CEO,false,3rd Grade,5th Grade
550921001506,Prairie River Middle,Merrill Area School District,Merrill,507,240,Yes participating without using any Provision or the CEO,false,5th Grade,8th Grade
550096001455,Prairie View Elementary,Beaver Dam Unified School District,Beaver Dam,337,142,Yes participating without using any Provision or the CEO,false,Prekindergarten,5th Grade
550324000368,Prairie View Elementary,De Soto Area School District,De Soto,92,42,Yes participating without using any Provision or the CEO,false,Prekindergarten,5th Grade
550402001640,Prairie View Elementary,East Troy Community School District,East Troy,261,77,Yes participating without using any Provision or the CEO,false,3rd Grade,5th Grade
550654002764,Prairie View Elementary,Holmen School District,Holmen,466,97,Yes participating without using any Provision or the CEO,false,Kindergarten,5th Grade
551006001321,Prairie View Elementary,Mukwonago School District,North Prairie,417,69,Yes participating without using any Provision or the CEO,false,Prekindergarten,6th Grade
551110001472,Prairie View Elementary,Oregon School District,Oregon,330,65,Yes participating without using any Provision or the CEO,false,Prekindergarten,4th Grade
551464001400,Prairie View Middle,Sun Prairie Area School District,Sun Prairie,699,251,Yes participating without using any Provision or the CEO,false,6th Grade,8th Grade
550960001243,Pratt Elementary,Milwaukee School District,Milwaukee,288,256,Yes under Community Eligibility Option (CEO),false,Prekindergarten,5th Grade
550582000636,Preble High,Green Bay Area Public School District,Green Bay,2149,1024,Yes participating without using any Provision or the CEO,false,9th Grade,12th Grade
551221001588,Prentice Elementary,Prentice School District,Prentice,133,82,Yes under Community Eligibility Option (CEO),false,Prekindergarten,4th Grade
551221001589,Prentice High,Prentice School District,Prentice,105,30,Yes under Community Eligibility Option (CEO),false,9th Grade,12th Grade
551221002767,Prentice Middle,Prentice School District,Prentice,90,34,Yes under Community Eligibility Option (CEO),false,5th Grade,8th Grade
550702002770,Preschool 4 Janesville,Janesville School District,Janesville,345,75,No,false,Prekindergarten,Prekindergarten
551224002762,Prescott 4K,Prescott School District,Prescott,79,21,No,false,Prekindergarten,Prekindergarten
551224001592,Prescott High,Prescott School District,Prescott,394,72,Yes participating without using any Provision or the CEO,false,9th Grade,12th Grade
551224001593,Prescott Middle,Prescott School District,Prescott,254,42,Yes participating without using any Provision or the CEO,false,6th Grade,8th Grade
551230001595,Princeton School,Princeton School District,Princeton,285,132,Yes under Community Eligibility Option (CEO),false,Prekindergarten,12th Grade
550960001007,Project Stay-Supporting Teachers and Youth,Milwaukee School District,Milwaukee,114,99,Yes under Community Eligibility Option (CEO),true,9th Grade,12th Grade
551233001888,Pulaski Community Middle,Pulaski Community School District,Pulaski,846,182,Yes participating without using any Provision or the CEO,false,6th Grade,8th Grade
550960001235,Pulaski High,Milwaukee School District,Milwaukee,1041,801,Yes under Community Eligibility Option (CEO),true,9th Grade,12th Grade
551233001600,Pulaski High,Pulaski Community School District,Pulaski,1165,218,Yes participating without using any Provision or the CEO,false,9th Grade,12th Grade
550474000513,Purdy Elementary,Fort Atkinson School District,Fort Atkinson,233,79,Yes participating without using any Provision or the CEO,false,Prekindergarten,5th Grade
550405000433,Putnam Heights Elementary,Eau Claire Area School District,Eau Claire,422,166,Yes participating without using any Provision or the CEO,false,Kindergarten,5th Grade
551302002839,Quest Charter School,Ripon Area School District,Ripon,157,66,Yes participating without using any Provision or the CEO,false,3rd Grade,5th Grade
550729000796,Quinney Elementary,Kaukauna Area School District,Kaukauna,359,70,Yes participating without using any Provision or the CEO,false,2nd Grade,4th Grade
551236003045,Racine Alternative Learning,Racine Unified School District,Racine,183,120,Yes under Community Eligibility Option (CEO),true,Kindergarten,12th Grade
551236003384,Racine County Detention Center,Racine Unified School District,Racine,20,10,No,false,1st Grade,12th Grade
551236003383,Racine County Jail,Racine Unified School District,Racine,10,5,No,false,6th Grade,12th Grade
551239001649,Randall Consolidated School,Randall J1 School District,Burlington,560,131,Yes participating without using any Provision or the CEO,false,Prekindergarten,8th Grade
550852000954,Randall Elementary School,Madison Metropolitan School District,Madison,320,81,Yes participating without using any Provision or the CEO,false,3rd Grade,5th Grade
551242001650,Randolph Elementary,Randolph School District,Randolph,195,67,Yes participating without using any Provision or the CEO,true,Prekindergarten,5th Grade
551242001651,Randolph High,Randolph School District,Randolph,161,42,Yes participating without using any Provision or the CEO,false,9th Grade,12th Grade
551242003160,Randolph Middle School,Randolph School District,Randolph,117,38,Yes participating without using any Provision or the CEO,false,6th Grade,8th Grade
551245001654,Random Lake Elementary,Random Lake School District,Random Lake,292,103,Yes participating without using any Provision or the CEO,false,Prekindergarten,5th Grade
551245001655,Random Lake High,Random Lake School District,Random Lake,212,58,Yes participating without using any Provision or the CEO,false,9th Grade,12th Grade
551245002421,Random Lake Middle,Random Lake School District,Random Lake,144,41,Yes participating without using any Provision or the CEO,false,6th Grade,8th Grade
551404001830,Rawson Elementary,South Milwaukee School District,South Milwaukee,371,228,Yes participating without using any Provision or the CEO,false,Prekindergarten,5th Grade
551248001656,Raymond Elementary,Raymond #14 School District,Franksville,385,53,Yes participating without using any Provision or the CEO,false,Prekindergarten,8th Grade
551119001498,Read Elementary,Oshkosh Area School District,Oshkosh,383,266,Yes under Community Eligibility Option (CEO),false,Kindergarten,5th Grade
551059001386,Readfield Elementary,New London School District,Readfield,121,21,Yes participating without using any Provision or the CEO,false,Prekindergarten,4th Grade
551119002723,Ready 4 Learning School,Oshkosh Area School District,Oshkosh,522,248,No,false,Prekindergarten,Prekindergarten
550960003342,Reagan College Preparatory High,Milwaukee School District,Milwaukee,1372,710,Yes under Community Eligibility Option (CEO),true,9th Grade,12th Grade
551236001636,Red Apple School,Racine Unified School District,Racine,354,210,Yes under Community Eligibility Option (CEO),false,Kindergarten,6th Grade
550126002428,Red Creek Elementary,Black River Falls School District,Black River Falls,436,257,Yes under Community Eligibility Option (CEO),false,2nd Grade,5th Grade
551590003408,Red Granite Charter School Inc,Wausau School District,Wausau,51,25,Yes participating without using any Provision or the CEO,false,Prekindergarten,8th Grade
550582001672,Red Smith K-8,Green Bay Area Public School District,Green Bay,924,285,Yes participating without using any Provision or the CEO,false,Prekindergarten,8th Grade
551596002072,Redgranite Elementary,Wautoma Area School District,Redgranite,130,82,Yes participating without using any Provision or the CEO,false,Prekindergarten,5th Grade
551266001664,Reedsburg Area High,Reedsburg School District,Reedsburg,889,343,Yes participating without using any Provision or the CEO,false,9th Grade,12th Grade
551269001669,Reedsville Elementary,Reedsville School District,Reedsville,320,114,Yes participating without using any Provision or the CEO,false,Prekindergarten,6th Grade
551269001670,Reedsville Jr/Sr High School,Reedsville School District,Reedsville,256,54,Yes participating without using any Provision or the CEO,false,7th Grade,12th Grade
550807000899,Reek Elementary,Linn J6 School District,Lake Geneva,176,29,Yes participating without using any Provision or the CEO,false,Prekindergarten,8th Grade
551305001910,Renaissance Charter Academy,River Falls School District,River Falls,49,19,Yes participating without using any Provision or the CEO,true,9th Grade,12th Grade
550039002282,Renaissance School,Appleton Area School District,Appleton,151,38,Yes participating without using any Provision or the CEO,false,9th Grade,12th Grade
550732000822,Reuther Central High,Kenosha School District,Kenosha,358,292,Yes under Community Eligibility Option (CEO),true,9th Grade,12th Grade
551272001682,Rhinelander High,Rhinelander School District,Rhinelander,757,263,Yes participating without using any Provision or the CEO,false,9th Grade,12th Grade
551278002463,Rib Lake Elementary,Rib Lake School District,Rib Lake,239,115,Yes participating without using any Provision or the CEO,false,Prekindergarten,5th Grade
551278001687,Rib Lake High,Rib Lake School District,Rib Lake,149,66,Yes participating without using any Provision or the CEO,false,9th Grade,12th Grade
551278001688,Rib Lake Middle,Rib Lake School District,Rib Lake,93,45,Yes participating without using any Provision or the CEO,true,6th Grade,8th Grade
551590002059,Rib Mountain Elementary,Wausau School District,Wausau,194,50,Yes participating without using any Provision or the CEO,false,Kindergarten,5th Grade
551281001699,Rice Lake High,Rice Lake Area School District,Rice Lake,674,224,Yes participating without using any Provision or the CEO,false,9th Grade,12th Grade
551281001697,Rice Lake Middle,Rice Lake Area School District,Rice Lake,622,269,Yes participating without using any Provision or the CEO,false,5th Grade,8th Grade
551662002169,Richards Elementary,Whitefish Bay School District,Whitefish Bay,680,,No,false,Prekindergarten,5th Grade
550008003078,Richfield Middle,Holy Hill Area School District,Richfield,206,33,Yes participating without using any Provision or the CEO,false,5th Grade,8th Grade
551296001707,Richland Center High,Richland School District,Richland Center,512,271,Yes participating without using any Provision or the CEO,false,7th Grade,12th Grade
551296001708,Richland Center Intermediate School,Richland School District,Richland Center,275,183,Yes participating without using any Provision or the CEO,true,3rd Grade,6th Grade
551296002345,Richland Center Primary School,Richland School District,Richland Center,301,194,Yes participating without using any Provision or the CEO,false,Prekindergarten,2nd Grade
551296002998,Richland Online Academy,Richland School District,Richland Center,12,7,No,false,Kindergarten,12th Grade
550039000062,Richmond Elementary,Appleton Area School District,Appleton,245,115,Yes under Community Eligibility Option (CEO),false,Prekindergarten,5th Grade
550813002262,Richmond Elementary,Richmond School District,Sussex,410,6,No,false,Prekindergarten,8th Grade
550087000117,Ridgeland-Dallas Elementary,Barron Area School District,Ridgeland,68,37,Yes participating without using any Provision or the CEO,false,Prekindergarten,4th Grade
550960001236,Riley Dual Language Montessori School,Milwaukee School District,Milwaukee,239,142,Yes under Community Eligibility Option (CEO),false,Prekindergarten,6th Grade
551299001712,Rio Elementary,Rio Community School District,Rio,169,63,Yes participating without using any Provision or the CEO,false,Prekindergarten,5th Grade
551299001713,Rio Middle/High,Rio Community School District,Rio,183,68,Yes participating without using any Provision or the CEO,false,6th Grade,12th Grade
551302001718,Ripon High,Ripon Area School District,Ripon,426,131,Yes participating without using any Provision or the CEO,false,9th Grade,12th Grade
551302001719,Ripon Middle,Ripon Area School District,Ripon,302,114,Yes participating without using any Provision or the CEO,false,6th Grade,8th Grade
551455001887,River Bluff Middle,Stoughton Area School District,Stoughton,569,161,Yes participating without using any Provision or the CEO,false,6th Grade,8th Grade
551707003365,River Cities High,Wisconsin Rapids School District,Wisconsin Rapids,77,55,Yes under Community Eligibility Option (CEO),true,9th Grade,12th Grade
550669002735,River Crest Elementary,Hudson School District,Hudson,366,66,Yes participating without using any Provision or the CEO,false,Prekindergarten,5th Grade
551305002924,River Falls 4 Children,River Falls School District,River Falls,164,32,No,false,Prekindergarten,Prekindergarten
551305001724,River Falls High,River Falls School District,River Falls,1062,164,Yes participating without using any Provision or the CEO,false,9th Grade,12th Grade
551305002562,River Falls Public Montessori Academy,River Falls School District,River Falls,189,32,Yes participating without using any Provision or the CEO,false,Prekindergarten,6th Grade
550909001082,River Heights Elementary,Menomonie Area School District,Menomonie,403,251,Yes participating without using any Provision or the CEO,false,Prekindergarten,5th Grade
550001700684,River Ridge Elementary,River Ridge School District,Patch Grove,190,89,Yes participating without using any Provision or the CEO,false,Prekindergarten,4th Grade
550001700686,River Ridge High,River Ridge School District,Patch Grove,167,52,Yes participating without using any Provision or the CEO,true,9th Grade,12th Grade
550001700685,River Ridge Middle,River Ridge School District,Patch Grove,124,53,Yes participating without using any Provision or the CEO,true,5th Grade,8th Grade
550960001174,River Trail School of Agricultural Science,Milwaukee School District,Milwaukee,406,333,Yes under Community Eligibility Option (CEO),true,Prekindergarten,8th Grade
551425003062,River Valley Early Learning Center,River Valley School District,Plain,97,43,Yes participating without using any Provision or the CEO,false,Prekindergarten,Kindergarten
551425002346,River Valley Elementary,River Valley School District,Spring Green,258,100,Yes participating without using any Provision or the CEO,false,1st Grade,4th Grade
551425001855,River Valley High,River Valley School District,Spring Green,364,112,Yes participating without using any Provision or the CEO,false,9th Grade,12th Grade
551425001856,River Valley Middle,River Valley School District,Spring Green,324,108,Yes participating without using any Provision or the CEO,false,5th Grade,8th Grade
550729001700,River View School,Kaukauna Area School District,Kaukauna,1160,315,Yes participating without using any Provision or the CEO,false,5th Grade,8th Grade
551014003084,Riverdale Academy,Riverdale School District,Muscoda,14,10,Yes participating without using any Provision or the CEO,true,6th Grade,12th Grade
551014001063,Riverdale Elementary,Riverdale School District,Muscoda,337,190,Yes participating without using any Provision or the CEO,false,Prekindergarten,6th Grade
551014001328,Riverdale High,Riverdale School District,Muscoda,192,85,Yes participating without using any Provision or the CEO,true,9th Grade,12th Grade
551014001064,Riverdale Junior High,Riverdale School District,Muscoda,88,47,Yes participating without using any Provision or the CEO,true,7th Grade,8th Grade
550468000497,Riverside Elementary,Fond du Lac School District,Fond du Lac,273,191,Yes under Community Eligibility Option (CEO),false,Prekindergarten,5th Grade
550906000660,Riverside Elementary,Menomonee Falls School District,Menomonee Falls,455,80,Yes participating without using any Provision or the CEO,false,3rd Grade,5th Grade
551317002288,Riverside Elementary,D C Everest Area School District,Ringle,487,89,Yes participating without using any Provision or the CEO,false,Kindergarten,5th Grade
550960001237,Riverside High,Milwaukee School District,Milwaukee,1240,952,Yes under Community Eligibility Option (CEO),true,9th Grade,12th Grade
551575002000,Riverside Middle,Watertown Unified School District,Watertown,616,274,Yes participating without using any Provision or the CEO,false,6th Grade,8th Grade
550861002436,Riverview Early Learning Center,Manitowoc School District,Manitowoc,237,114,No,false,Prekindergarten,Prekindergarten
550861000979,Riverview Elementary,Manitowoc School District,Manitowoc,257,115,Yes under Community Eligibility Option (CEO),false,Kindergarten,5th Grade
551386001815,Riverview Elementary,Silver Lake J1 School District,Silver Lake,449,147,Yes participating without using any Provision or the CEO,true,Prekindergarten,8th Grade
551590002060,Riverview Elementary,Wausau School District,Wausau,445,197,Yes participating without using any Provision or the CEO,false,Prekindergarten,5th Grade
551596002073,Riverview Elementary,Wautoma Area School District,Wautoma,302,181,Yes participating without using any Provision or the CEO,false,Prekindergarten,3rd Grade
550087000118,Riverview Middle,Barron Area School District,Barron,282,157,Yes participating without using any Provision or the CEO,true,5th Grade,8th Grade
551194001563,Riverview Middle,Plymouth Joint School District,Plymouth,555,162,Yes under Community Eligibility Option (CEO),false,5th Grade,8th Grade
551578003070,Riverview School,Waukesha School District,Waukesha,5,,No,true,6th Grade,12th Grade
550960001233,Riverwest Elementary,Milwaukee School District,Milwaukee,244,216,Yes under Community Eligibility Option (CEO),false,Prekindergarten,5th Grade
550405000436,Robbins Elementary,Eau Claire Area School District,Eau Claire,522,146,Yes participating without using any Provision or the CEO,false,Kindergarten,5th Grade
551491002543,Robert Kupper Learning Center,Tomah Area School District,Tomah,41,28,Yes under Community Eligibility Option (CEO),true,Prekindergarten,12th Grade
550468000502,Roberts Elementary,Fond du Lac School District,Fond du Lac,317,160,Yes participating without using any Provision or the CEO,false,Prekindergarten,5th Grade
550105000150,Robinson Elementary,Beloit School District,Beloit,477,333,Yes under Community Eligibility Option (CEO),false,Prekindergarten,5th Grade
550783000894,Robinson Elementary,Laona School District,Laona,145,66,Yes under Community Eligibility Option (CEO),false,Prekindergarten,5th Grade
550483000524,Robinwood Elementary,Franklin Public School District,Franklin,437,97,Yes participating without using any Provision or the CEO,false,Prekindergarten,5th Grade
550669000731,Rock Elementary,Hudson School District,Hudson,383,83,Yes participating without using any Provision or the CEO,false,Kindergarten,5th Grade
551353001771,Rock Ledge Elementary,Seymour Community School District,Seymour,553,248,Yes participating without using any Provision or the CEO,false,Prekindergarten,5th Grade
550702001698,Rock River Charter School,Janesville School District,Janesville,267,204,Yes under Community Eligibility Option (CEO),true,9th Grade,12th Grade
551587002809,Rock River Intermediate,Waupun School District,Waupun,585,232,Yes participating without using any Provision or the CEO,false,2nd Grade,6th Grade
550702002952,Rock University High,Janesville School District,Janesville,93,35,Yes participating without using any Provision or the CEO,false,9th Grade,12th Grade
550243003389,Rocket Academy,Cedar Grove-Belgium Area School District,Cedar Grove,23,4,Yes participating without using any Provision or the CEO,false,11th Grade,12th Grade
550008102969,Rocketship Southside Community Prep,Rocketship Education Wisconsin Inc,Milwaukee,418,137,Yes under Community Eligibility Option (CEO),false,Prekindergarten,5th Grade
550008103086,Rocketship Transformation Prep,Rocketship Education Wisconsin Inc,Milwaukee,313,74,Yes under Community Eligibility Option (CEO),false,Prekindergarten,5th Grade
550516000556,Rockfield Elementary,Germantown School District,Germantown,344,40,Yes participating without using any Provision or the CEO,false,Prekindergarten,5th Grade
550474000514,Rockwell Elementary,Fort Atkinson School District,Fort Atkinson,197,57,Yes participating without using any Provision or the CEO,false,Kindergarten,5th Grade
551305002448,Rocky Branch Elementary,River Falls School District,River Falls,441,101,Yes participating without using any Provision or the CEO,false,Prekindergarten,5th Grade
550960002601,Rogers Street Academy,Milwaukee School District,Milwaukee,570,530,Yes under Community Eligibility Option (CEO),true,Prekindergarten,8th Grade
551629002912,Rolf's Early Childhood Center,West Bend School District,West Bend,44,,No,false,Prekindergarten,Prekindergarten
551006002251,Rolling Hills Elementary,Mukwonago School District,Mukwonago,455,58,Yes participating without using any Provision or the CEO,false,Prekindergarten,6th Grade
551110002524,Rome Corners Intermediate,Oregon School District,Oregon,463,66,Yes participating without using any Provision or the CEO,false,5th Grade,6th Grade
550039000059,Ronald C Dunlap Elementary School,Appleton Area School District,Appleton,314,206,Yes under Community Eligibility Option (CEO),false,Prekindergarten,5th Grade
550174000211,Ronald R Albrecht Elementary,Brodhead School District,Brodhead,460,204,Yes participating without using any Provision or the CEO,false,Prekindergarten,5th Grade
551047002667,Ronald Reagan Elementary,New Berlin School District,New Berlin,669,64,Yes participating without using any Provision or the CEO,false,Prekindergarten,6th Grade
550405000437,Roosevelt Elementary,Eau Claire Area School District,Eau Claire,215,84,Yes participating without using any Provision or the CEO,false,Kindergarten,5th Grade
550702000773,Roosevelt Elementary,Janesville School District,Janesville,412,209,Yes under Community Eligibility Option (CEO),false,Prekindergarten,5th Grade
550732000823,Roosevelt Elementary,Kenosha School District,Kenosha,491,302,Yes under Community Eligibility Option (CEO),false,Prekindergarten,5th Grade
551119001499,Roosevelt Elementary,Oshkosh Area School District,Oshkosh,235,147,Yes under Community Eligibility Option (CEO),false,Kindergarten,5th Grade
551449001879,Roosevelt Elementary,Stevens Point Area Public School District,Plover,522,228,Yes participating without using any Provision or the CEO,false,Prekindergarten,6th Grade
551236001637,Roosevelt Elementary,Racine Unified School District,Racine,195,154,Yes under Community Eligibility Option (CEO),false,Prekindergarten,5th Grade
551599002087,Roosevelt Elementary,Wauwatosa School District,Wauwatosa,396,104,Yes participating without using any Provision or the CEO,false,Prekindergarten,5th Grade
550960001238,Roosevelt Middle,Milwaukee School District,Milwaukee,270,257,Yes under Community Eligibility Option (CEO),true,6th Grade,8th Grade
551578002290,Rose Glen Elementary,Waukesha School District,Waukesha,490,60,Yes participating without using any Provision or the CEO,false,Prekindergarten,5th Grade
551310001731,Rosendale Intermediate,Rosendale-Brandon School District,Rosendale,83,9,Yes participating without using any Provision or the CEO,false,4th Grade,5th Grade
551310001730,Rosendale Primary,Rosendale-Brandon School District,Rosendale,229,44,Yes participating without using any Provision or the CEO,false,Prekindergarten,3rd Grade
551310001728,Rosendale-Brandon Middle,Rosendale-Brandon School District,Rosendale,179,30,Yes participating without using any Provision or the CEO,false,6th Grade,8th Grade
550468000503,Rosenow Elementary,Fond du Lac School District,Fond du Lac,351,180,Yes participating without using any Provision or the CEO,false,Prekindergarten,5th Grade
551314001732,Rosholt Elementary,Rosholt School District,Rosholt,259,74,Yes participating without using any Provision or the CEO,false,Prekindergarten,6th Grade
551314001733,Rosholt High,Rosholt School District,Rosholt,144,30,Yes participating without using any Provision or the CEO,false,9th Grade,12th Grade
551314002449,Rosholt Middle,Rosholt School District,Rosholt,78,17,Yes participating without using any Provision or the CEO,false,7th Grade,8th Grade
550609000676,Rossman Elementary,Hartford J1 School District,Hartford,422,125,Yes participating without using any Provision or the CEO,false,Prekindergarten,5th Grade
551317001739,Rothschild Elementary,D C Everest Area School District,Rothschild,408,167,Yes participating without using any Provision or the CEO,false,Prekindergarten,5th Grade
551464001901,Royal Oaks Elementary,Sun Prairie Area School District,Sun Prairie,433,139,Yes participating without using any Provision or the CEO,false,Prekindergarten,5th Grade
550438000472,Royall Elementary,Royall School District,Elroy,155,78,Yes participating without using any Provision or the CEO,false,Prekindergarten,3rd Grade
550438000474,Royall High,Royall School District,Elroy,201,73,Yes participating without using any Provision or the CEO,false,7th Grade,12th Grade
550438000473,Royall Intermediate,Royall School District,Elroy,99,50,Yes participating without using any Provision or the CEO,false,4th Grade,6th Grade
550894002598,Rural Virtual Academy,Medford Area Public School District,Medford,2259,699,No,false,Prekindergarten,12th Grade
550732002457,Ruth Harman Academy,Kenosha School District,Kenosha,427,158,Yes under Community Eligibility Option (CEO),false,Kindergarten,8th Grade
550468000504,Sabish Middle,Fond du Lac School District,Fond du Lac,445,255,Yes participating without using any Provision or the CEO,true,6th Grade,8th Grade
550606000671,Saint Croix Central Elementary,Saint Croix Central School District,Roberts,629,146,Yes participating without using any Provision or the CEO,false,Prekindergarten,4th Grade
550606000672,Saint Croix Central High,Saint Croix Central School District,Hammond,486,87,Yes participating without using any Provision or the CEO,false,9th Grade,12th Grade
550606000673,Saint Croix Central Middle,Saint Croix Central School District,Hammond,476,87,Yes participating without using any Provision or the CEO,false,5th Grade,8th Grade
551323001745,Saint Croix Falls Elementary,Saint Croix Falls School District,Saint Croix Falls,303,105,Yes participating without using any Provision or the CEO,false,Prekindergarten,4th Grade
551323001746,Saint Croix Falls High,Saint Croix Falls School District,Saint Croix Falls,345,89,Yes participating without using any Provision or the CEO,false,9th Grade,12th Grade
551323002314,Saint Croix Falls Middle,Saint Croix Falls School District,Saint Croix Falls,297,96,Yes participating without using any Provision or the CEO,false,5th Grade,8th Grade
550606002989,Saint Croix Virtual Academy Inc,Saint Croix Central School District,Hammond,275,105,No,false,Prekindergarten,12th Grade
551326001748,Saint Francis High,Saint Francis School District,Saint Francis,543,276,Yes participating without using any Provision or the CEO,false,9th Grade,12th Grade
551335001753,Salem Elementary,Salem School District,Salem,936,303,Yes participating without using any Provision or the CEO,true,Prekindergarten,8th Grade
550654001678,Sand Lake Elementary,Holmen School District,Holmen,363,101,Yes participating without using any Provision or the CEO,false,Kindergarten,5th Grade
550852000920,Sandburg Elementary,Madison Metropolitan School District,Madison,410,235,Yes under Community Eligibility Option (CEO),false,Prekindergarten,5th Grade
551455002813,Sandhill Elementary,Stoughton Area School District,Stoughton,411,121,Yes participating without using any Provision or the CEO,false,Kindergarten,5th Grade
551455003094,Sasd 4K,Stoughton Area School District,Stoughton,174,45,No,false,Prekindergarten,Prekindergarten
551341001759,Sauk Prairie High,Sauk Prairie School District,Prairie du Sac,862,209,Yes participating without using any Provision or the CEO,false,9th Grade,12th Grade
551341001760,Sauk Prairie Middle,Sauk Prairie School District,Sauk City,595,148,Yes participating without using any Provision or the CEO,true,6th Grade,8th Grade
550951001111,Sauk Trail Elementary,Middleton-Cross Plains Area School District,Middleton,360,151,Yes participating without using any Provision or the CEO,false,Prekindergarten,4th Grade
551200001569,Saukville Elementary,Port Washington-Saukville School District,Saukville,303,66,Yes participating without using any Provision or the CEO,false,Prekindergarten,4th Grade
551533001149,Savanna Oaks Middle,Verona Area School District,Fitchburg,360,96,Yes participating without using any Provision or the CEO,false,6th Grade,8th Grade
551461001392,Sawyer Elementary,Sturgeon Bay School District,Sturgeon Bay,223,118,Yes participating without using any Provision or the CEO,false,Prekindergarten,2nd Grade
550852000935,Schenk Elementary,Madison Metropolitan School District,Madison,394,229,Yes under Community Eligibility Option (CEO),false,Kindergarten,5th Grade
550909002940,School District of the Menomonie Area 4K,Menomonie Area School District,Menomonie,190,77,No,false,Prekindergarten,Prekindergarten
551587002903,School for Agricultural and Environmental Studies,Waupun School District,Fox Lake,128,66,Yes participating without using any Provision or the CEO,false,Prekindergarten,6th Grade
550351002861,School for Arts and Performance,Kettle Moraine School District,Wales,114,18,Yes participating without using any Provision or the CEO,false,9th Grade,12th Grade
550386003013,School of Options and Applied Research High,Northland Pines School District,Eagle River,65,37,Yes participating without using any Provision or the CEO,true,8th Grade,12th Grade
550386002938,School of Options and Applied Research Middle,Northland Pines School District,Land O' Lakes,43,22,Yes participating without using any Provision or the CEO,true,5th Grade,8th Grade
550753000648,School of Technology and Arts I,La Crosse School District,La Crosse,104,24,Yes participating without using any Provision or the CEO,false,Prekindergarten,5th Grade
550753001295,School of Technology and Arts II,La Crosse School District,La Crosse,39,12,Yes participating without using any Provision or the CEO,false,6th Grade,8th Grade
551236001638,Schulte School,Racine Unified School District,Sturtevant,479,273,Yes under Community Eligibility Option (CEO),false,Prekindergarten,7th Grade
550975002273,Schultz Elementary,Mishicot School District,Mishicot,455,127,Yes participating without using any Provision or the CEO,false,Prekindergarten,5th Grade
551575002001,Schurz Elementary,Watertown Unified School District,Watertown,223,150,Yes participating without using any Provision or the CEO,false,Kindergarten,5th Grade
550405002658,Second Avenue School,Eau Claire Area School District,Eau Claire,16,,No,false,4th Grade,12th Grade
551006002307,Section Elementary,Mukwonago School District,Mukwonago,438,31,Yes participating without using any Provision or the CEO,false,Prekindergarten,6th Grade
550007402692,Seeds of Health Elementary Program,Seeds of Health Inc,Milwaukee,380,347,Yes under Community Eligibility Option (CEO),true,Prekindergarten,8th Grade
551347001764,Seneca Elementary,Seneca Area School District,Seneca,109,55,Yes participating without using any Provision or the CEO,false,Prekindergarten,5th Grade
551347001765,Seneca High,Seneca Area School District,Seneca,92,32,Yes participating without using any Provision or the CEO,false,9th Grade,12th Grade
551347002399,Seneca Junior High,Seneca Area School District,Seneca,54,28,Yes participating without using any Provision or the CEO,true,6th Grade,8th Grade
550852000955,Sennett Middle,Madison Metropolitan School District,Madison,570,300,Yes participating without using any Provision or the CEO,true,6th Grade,8th Grade
551350001767,Sevastopol Elementary,Sevastopol School District,Sturgeon Bay,230,81,Yes participating without using any Provision or the CEO,false,Prekindergarten,5th Grade
551350001768,Sevastopol High,Sevastopol School District,Sturgeon Bay,209,54,Yes participating without using any Provision or the CEO,true,9th Grade,12th Grade
551350000496,Sevastopol Middle,Sevastopol School District,Sturgeon Bay,140,41,Yes participating without using any Provision or the CEO,true,6th Grade,8th Grade
551350000229,Sevastopol Pre-School,Sevastopol School District,Sturgeon Bay,27,6,Yes participating without using any Provision or the CEO,false,Prekindergarten,Prekindergarten
551353001773,Seymour High,Seymour Community School District,Seymour,590,172,Yes participating without using any Provision or the CEO,false,9th Grade,12th Grade
551353001772,Seymour Middle,Seymour Community School District,Seymour,284,120,Yes participating without using any Provision or the CEO,false,6th Grade,8th Grade
550852002265,Shabazz-City High,Madison Metropolitan School District,Madison,106,50,Yes participating without using any Provision or the CEO,false,9th Grade,12th Grade
550906001067,Shady Lane Elementary,Menomonee Falls School District,Menomonee Falls,461,52,Yes participating without using any Provision or the CEO,false,Prekindergarten,2nd Grade
550960000856,Shalom High,Milwaukee School District,Milwaukee,101,89,Yes under Community Eligibility Option (CEO),true,9th Grade,12th Grade
551119002719,Shapiro STEM Academy,Oshkosh Area School District,Oshkosh,204,91,Yes under Community Eligibility Option (CEO),false,Prekindergarten,5th Grade
551356001774,Sharon Community,Sharon J11 School District,Sharon,197,115,Yes participating without using any Provision or the CEO,true,Prekindergarten,8th Grade
551362001775,Shawano Community Middle,Shawano School District,Shawano,436,244,Yes participating without using any Provision or the CEO,true,6th Grade,8th Grade
551362001780,Shawano High,Shawano School District,Shawano,702,284,Yes participating without using any Provision or the CEO,false,9th Grade,12th Grade
551368001801,Sheboygan Falls Elementary,Sheboygan Falls School District,Sheboygan Falls,568,218,Yes participating without using any Provision or the CEO,false,Prekindergarten,4th Grade
551368001802,Sheboygan Falls High,Sheboygan Falls School District,Sheboygan Falls,511,141,Yes participating without using any Provision or the CEO,false,9th Grade,12th Grade
551368002289,Sheboygan Falls Middle,Sheboygan Falls School District,Sheboygan Falls,415,121,Yes participating without using any Provision or the CEO,true,5th Grade,8th Grade
551365002872,Sheboygan Leadership Academy,Sheboygan Area School District,Sheboygan,213,154,Yes under Community Eligibility Option (CEO),false,Prekindergarten,8th Grade
551371001804,Shell Lake Elementary (3-6),Shell Lake School District,Shell Lake,153,81,Yes participating without using any Provision or the CEO,false,3rd Grade,6th Grade
551371001805,Shell Lake Junior/Senior High,Shell Lake School District,Shell Lake,300,122,Yes participating without using any Provision or the CEO,false,7th Grade,12th Grade
551371000507,Shell Lake Primary (K-2),Shell Lake School District,Shell Lake,131,70,Yes participating without using any Provision or the CEO,false,Prekindergarten,2nd Grade
551083001413,Shepard Hills Elementary,Oak Creek-Franklin Joint School District,Oak Creek,419,164,Yes participating without using any Provision or the CEO,false,Prekindergarten,5th Grade
551365001796,Sheridan Elementary,Sheboygan Area School District,Sheboygan,286,223,Yes under Community Eligibility Option (CEO),false,Prekindergarten,5th Grade
550405000439,Sherman Elementary,Eau Claire Area School District,Eau Claire,502,182,Yes participating without using any Provision or the CEO,false,Kindergarten,5th Grade
550960001240,Sherman Elementary,Milwaukee School District,Milwaukee,147,133,Yes under Community Eligibility Option (CEO),true,Prekindergarten,8th Grade
550852002435,Sherman Middle,Madison Metropolitan School District,Madison,400,240,Yes under Community Eligibility Option (CEO),true,6th Grade,8th Grade
551377001807,Shiocton Elementary,Shiocton School District,Shiocton,517,157,Yes participating without using any Provision or the CEO,true,Prekindergarten,8th Grade
551377001808,Shiocton High,Shiocton School District,Shiocton,208,58,Yes participating without using any Provision or the CEO,false,9th Grade,12th Grade
551380001811,Shorewood High,Shorewood School District,Shorewood,589,99,Yes participating without using any Provision or the CEO,false,9th Grade,12th Grade
550852000962,Shorewood Hills Elementary,Madison Metropolitan School District,Madison,368,89,Yes participating without using any Provision or the CEO,false,Prekindergarten,5th Grade
551380001812,Shorewood Intermediate,Shorewood School District,Shorewood,300,51,Yes participating without using any Provision or the CEO,false,7th Grade,8th Grade
551383001813,Shullsburg Elementary,Shullsburg School District,Shullsburg,143,77,Yes participating without using any Provision or the CEO,false,Prekindergarten,5th Grade
551383001814,Shullsburg High,Shullsburg School District,Shullsburg,109,46,Yes participating without using any Provision or the CEO,false,9th Grade,12th Grade
551383002400,Shullsburg Junior High,Shullsburg School District,Shullsburg,73,37,Yes participating without using any Provision or the CEO,false,6th Grade,8th Grade
550960002744,Siefert Elementary,Milwaukee School District,Milwaukee,174,161,Yes under Community Eligibility Option (CEO),false,Prekindergarten,5th Grade
551089001422,Silver Lake Intermediate,Oconomowoc Area School District,Oconomowoc,633,119,Yes participating without using any Provision or the CEO,false,5th Grade,8th Grade
550603003118,Silver Spring Intermediate,Hamilton School District,Sussex,758,90,Yes participating without using any Provision or the CEO,false,5th Grade,6th Grade
551629002134,Silverbrook Intermediate,West Bend School District,West Bend,704,226,Yes participating without using any Provision or the CEO,false,5th Grade,6th Grade
551389001816,Siren Elementary,Siren School District,Siren,172,106,Yes under Community Eligibility Option (CEO),false,Prekindergarten,5th Grade
551389001817,Siren High,Siren School District,Siren,193,96,Yes under Community Eligibility Option (CEO),true,6th Grade,12th Grade
551395001819,Slinger Elementary,Slinger School District,Slinger,571,141,Yes participating without using any Provision or the CEO,false,Prekindergarten,5th Grade
551395001821,Slinger High,Slinger School District,Slinger,1065,157,Yes participating without using any Provision or the CEO,false,9th Grade,12th Grade
551395001820,Slinger Middle,Slinger School District,Slinger,740,126,Yes participating without using any Provision or the CEO,false,6th Grade,8th Grade
551398001911,Solon Springs School,Solon Springs School District,Solon Springs,173,72,Yes participating without using any Provision or the CEO,true,Prekindergarten,12th Grade
550732000824,Somers Elementary,Kenosha School District,Kenosha,560,303,Yes under Community Eligibility Option (CEO),false,Prekindergarten,5th Grade
551401001824,Somerset Elementary,Somerset School District,Somerset,577,134,Yes participating without using any Provision or the CEO,false,Prekindergarten,4th Grade
551401001825,Somerset High,Somerset School District,Somerset,453,99,Yes participating without using any Provision or the CEO,false,9th Grade,12th Grade
551401001108,Somerset Middle,Somerset School District,Somerset,415,95,Yes participating without using any Provision or the CEO,false,5th Grade,8th Grade
550960003057,South Accelerated Academy,Milwaukee School District,Milwaukee,57,49,Yes under Community Eligibility Option (CEO),true,9th Grade,12th Grade
550960001247,South Division High,Milwaukee School District,Milwaukee,923,772,Yes under Community Eligibility Option (CEO),true,9th Grade,12th Grade
550614002258,South Elementary,Hartland-Lakeside J3 School District,Hartland,332,51,Yes participating without using any Provision or the CEO,false,3rd Grade,5th Grade
551365001797,South High,Sheboygan Area School District,Sheboygan,1075,717,Yes under Community Eligibility Option (CEO),false,9th Grade,12th Grade
551578002025,South High,Waukesha School District,Waukesha,833,460,Yes participating without using any Provision or the CEO,false,9th Grade,12th Grade
550405002297,South Middle,Eau Claire Area School District,Eau Claire,797,266,Yes participating without using any Provision or the CEO,false,6th Grade,8th Grade
551404001832,South Milwaukee High,South Milwaukee School District,South Milwaukee,920,430,Yes participating without using any Provision or the CEO,true,9th Grade,12th Grade
551404001831,South Milwaukee Middle,South Milwaukee School District,South Milwaukee,610,325,Yes participating without using any Provision or the CEO,true,6th Grade,8th Grade
551590001409,South Mountain Elementary,Wausau School District,Wausau,235,49,Yes participating without using any Provision or the CEO,false,Kindergarten,5th Grade
551119001501,South Park Middle,Oshkosh Area School District,Oshkosh,354,156,Yes under Community Eligibility Option (CEO),false,6th Grade,8th Grade
551203001571,South Shore Elementary,South Shore School District,Port Wing,102,50,Yes participating without using any Provision or the CEO,false,Prekindergarten,6th Grade
551203001574,South Shore Jr/Sr High,South Shore School District,Port Wing,91,42,Yes participating without using any Provision or the CEO,true,7th Grade,12th Grade
550753000195,Southern Bluffs Elementary,La Crosse School District,La Crosse,333,119,Yes participating without using any Provision or the CEO,false,Prekindergarten,5th Grade
551413001833,Southern Door Elementary,Southern Door County School District,Brussels,482,194,Yes participating without using any Provision or the CEO,false,Prekindergarten,5th Grade
551413001834,Southern Door High,Southern Door County School District,Brussels,304,84,Yes participating without using any Provision or the CEO,false,9th Grade,12th Grade
551413001835,Southern Door Middle,Southern Door County School District,Brussels,205,66,Yes participating without using any Provision or the CEO,false,6th Grade,8th Grade
550732000825,Southport Elementary,Kenosha School District,Kenosha,438,298,Yes under Community Eligibility Option (CEO),false,Prekindergarten,5th Grade
551416001841,Southside Early Learning Center,Sparta Area School District,Sparta,268,142,Yes participating without using any Provision or the CEO,false,Prekindergarten,Kindergarten
550852000929,Southside Elementary School,Madison Metropolitan School District,Madison,336,254,Yes under Community Eligibility Option (CEO),false,Prekindergarten,5th Grade
550255002295,Southview Elementary,Chippewa Falls Area Unified School District,Chippewa Falls,286,127,Yes participating without using any Provision or the CEO,false,Kindergarten,5th Grade
550582000638,Southwest High,Green Bay Area Public School District,Green Bay,1025,490,Yes participating without using any Provision or the CEO,false,9th Grade,12th Grade
550630003097,Southwestern Wisconsin Community Middle,Southwestern Wisconsin School District,Hazel Green,96,29,Yes participating without using any Provision or the CEO,true,6th Grade,8th Grade
550630000695,Southwestern Wisconsin Elementary,Southwestern Wisconsin School District,Hazel Green,281,81,Yes participating without using any Provision or the CEO,false,Prekindergarten,5th Grade
550630000696,Southwestern Wisconsin High,Southwestern Wisconsin School District,Hazel Green,151,41,Yes participating without using any Provision or the CEO,false,9th Grade,12th Grade
550483000151,Southwood Glen Elementary,Franklin Public School District,Franklin,370,56,Yes participating without using any Provision or the CEO,false,Prekindergarten,5th Grade
551416002486,Sparta Alternative Independent Learning School,Sparta Area School District,Sparta,56,39,Yes participating without using any Provision or the CEO,true,9th Grade,12th Grade
551416001843,Sparta High,Sparta Area School District,Sparta,871,355,Yes participating without using any Provision or the CEO,false,9th Grade,12th Grade
551416001842,Sparta Meadowview Middle,Sparta Area School District,Sparta,687,342,Yes participating without using any Provision or the CEO,true,5th Grade,8th Grade
551416003358,Sparta Montessori School,Sparta Area School District,Sparta,161,48,Yes participating without using any Provision or the CEO,false,Prekindergarten,6th Grade
550753000859,Spence Elementary,La Crosse School District,La Crosse,329,180,Yes participating without using any Provision or the CEO,false,Prekindergarten,5th Grade
551419001844,Spencer Elementary,Spencer School District,Spencer,290,122,Yes participating without using any Provision or the CEO,false,Prekindergarten,5th Grade
551419001845,Spencer Junior High/High,Spencer School District,Spencer,329,110,Yes participating without using any Provision or the CEO,false,6th Grade,12th Grade
551422001846,Spooner Elementary,Spooner Area School District,Spooner,363,193,Yes participating without using any Provision or the CEO,false,Prekindergarten,4th Grade
551422001848,Spooner High,Spooner Area School District,Spooner,361,149,Yes participating without using any Provision or the CEO,false,9th Grade,12th Grade
551422001849,Spooner Middle,Spooner Area School District,Spooner,276,135,Yes participating without using any Provision or the CEO,true,5th Grade,8th Grade
550852000649,Spring Harbor Middle,Madison Metropolitan School District,Madison,269,74,Yes participating without using any Provision or the CEO,false,6th Grade,8th Grade
551704002201,Spring Hill Elementary,Wisconsin Dells School District,Wisconsin Dells,628,378,Yes participating without using any Provision or the CEO,false,Prekindergarten,5th Grade
551032001351,Spring Road Elementary,Neenah Joint School District,Neenah,299,109,Yes under Community Eligibility Option (CEO),false,Kindergarten,4th Grade
551434001862,Spring Valley Elementary,Spring Valley School District,Spring Valley,317,90,Yes participating without using any Provision or the CEO,false,Prekindergarten,5th Grade
551434001863,Spring Valley High,Spring Valley School District,Spring Valley,194,48,Yes participating without using any Provision or the CEO,false,9th Grade,12th Grade
551434000511,Spring Valley Middle,Spring Valley School District,Spring Valley,140,36,Yes participating without using any Provision or the CEO,false,6th Grade,8th Grade
551443002363,Stanley Elementary,Stanley-Boyd Area School District,Stanley,437,211,Yes participating without using any Provision or the CEO,false,Kindergarten,5th Grade
551443001867,Stanley-Boyd High,Stanley-Boyd Area School District,Stanley,341,128,Yes participating without using any Provision or the CEO,false,9th Grade,12th Grade
551443001866,Stanley-Boyd Middle,Stanley-Boyd Area School District,Stanley,223,93,Yes participating without using any Provision or the CEO,true,6th Grade,8th Grade
550762000883,Star Center Elementary,Lake Geneva J1 School District,Lake Geneva,339,153,Yes participating without using any Provision or the CEO,false,Prekindergarten,5th Grade
551236001639,Starbuck International School,Racine Unified School District,Racine,1133,707,Yes under Community Eligibility Option (CEO),false,Kindergarten,8th Grade
550960002442,Starms Discovery,Milwaukee School District,Milwaukee,268,262,Yes under Community Eligibility Option (CEO),true,1st Grade,8th Grade
550960001156,Starms Early Childhood,Milwaukee School District,Milwaukee,205,187,Yes under Community Eligibility Option (CEO),false,Prekindergarten,Kindergarten
550753000869,State Road Elementary,La Crosse School District,La Crosse,284,108,Yes participating without using any Provision or the CEO,false,Prekindergarten,5th Grade
550913001089,Steffen Middle,Mequon-Thiensville School District,Mequon,418,62,Yes participating without using any Provision or the CEO,false,6th Grade,8th Grade
550007603046,Stellar Collegiate Charter School,Carmen High School of Science and Technology Inc,Milwaukee,190,190,Yes under Community Eligibility Option (CEO),false,Prekindergarten,5th Grade
550039002639,Stephen Foster Elementary Charter,Appleton Area School District,Appleton,200,129,Yes under Community Eligibility Option (CEO),false,Prekindergarten,5th Grade
550852000932,Stephens Elementary,Madison Metropolitan School District,Madison,447,197,Yes participating without using any Provision or the CEO,false,Prekindergarten,5th Grade
550894001047,Stetsonville Elementary,Medford Area Public School District,Stetsonville,203,106,Yes participating without using any Provision or the CEO,false,Prekindergarten,4th Grade
551590002061,Stettin Elementary,Wausau School District,Wausau,327,124,Yes participating without using any Provision or the CEO,false,Kindergarten,5th Grade
551449001880,Stevens Point Area Senior High,Stevens Point Area Public School District,Stevens Point,1478,446,Yes participating without using any Provision or the CEO,false,10th Grade,12th Grade
550255000288,Stillson Elementary,Chippewa Falls Area Unified School District,Chippewa Falls,338,88,Yes participating without using any Provision or the CEO,false,Kindergarten,5th Grade
551452001882,Stockbridge Elementary,Stockbridge School District,Stockbridge,99,3,Yes participating without using any Provision or the CEO,false,Prekindergarten,5th Grade
551452001883,Stockbridge High,Stockbridge School District,Stockbridge,53,3,Yes participating without using any Provision or the CEO,false,9th Grade,12th Grade
551452002499,Stockbridge Middle,Stockbridge School District,Stockbridge,40,3,Yes participating without using any Provision or the CEO,false,6th Grade,8th Grade
550324000369,Stoddard Elementary,De Soto Area School District,Stoddard,105,25,Yes participating without using any Provision or the CEO,false,Prekindergarten,5th Grade
550939002270,Stone Bank Elementary,Stone Bank School District,Oconomowoc,241,23,Yes participating without using any Provision or the CEO,true,Prekindergarten,8th Grade
551533002376,Stoner Prairie Elementary,Verona Area School District,Fitchburg,407,119,Yes participating without using any Provision or the CEO,false,Kindergarten,5th Grade
550480000518,Stormonth Elementary,Fox Point J2 School District,Milwaukee,473,30,Yes participating without using any Provision or the CEO,false,Prekindergarten,4th Grade
550960001249,Story Elementary,Milwaukee School District,Milwaukee,365,349,Yes under Community Eligibility Option (CEO),true,Prekindergarten,8th Grade
551455001886,Stoughton High,Stoughton Area School District,Stoughton,834,220,Yes participating without using any Provision or the CEO,false,9th Grade,12th Grade
550732000826,Strange Elementary,Kenosha School District,Kenosha,522,428,Yes under Community Eligibility Option (CEO),false,Prekindergarten,5th Grade
551458000582,Stratford Elementary,Stratford School District,Stratford,328,94,Yes participating without using any Provision or the CEO,false,Prekindergarten,5th Grade
551458001891,Stratford High,Stratford School District,Stratford,277,63,Yes participating without using any Provision or the CEO,false,9th Grade,12th Grade
551458002939,Stratford Middle,Stratford School District,Stratford,163,40,Yes participating without using any Provision or the CEO,false,6th Grade,8th Grade
550960001250,Stuart Elementary,Milwaukee School District,Milwaukee,322,249,Yes under Community Eligibility Option (CEO),false,Prekindergarten,5th Grade
551461001894,Sturgeon Bay High,Sturgeon Bay School District,Sturgeon Bay,348,123,Yes participating without using any Provision or the CEO,false,9th Grade,12th Grade
550663000720,Suamico Elementary,Howard-Suamico School District,Green Bay,266,34,Yes participating without using any Provision or the CEO,false,Prekindergarten,4th Grade
551059001387,Sugar Bush Elementary,New London School District,New London,119,55,Yes participating without using any Provision or the CEO,false,Prekindergarten,4th Grade
551485001927,Sugar Camp Elementary,Three Lakes School District,Rhinelander,111,25,Yes participating without using any Provision or the CEO,false,Prekindergarten,6th Grade
551533001971,Sugar Creek Elementary,Verona Area School District,Verona,645,193,Yes participating without using any Provision or the CEO,false,Kindergarten,5th Grade
550489003106,Sugar Maple Nature School,Northern Ozaukee School District,Saukville,100,,No,false,Kindergarten,6th Grade
550582000639,Sullivan Elementary,Green Bay Area Public School District,Green Bay,662,483,Yes under Community Eligibility Option (CEO),false,Prekindergarten,5th Grade
550705000781,Sullivan Elementary,Jefferson School District,Sullivan,144,34,Yes participating without using any Provision or the CEO,false,Prekindergarten,5th Grade
551089001425,Summit Elementary,Oconomowoc Area School District,Oconomowoc,504,58,Yes participating without using any Provision or the CEO,false,Prekindergarten,4th Grade
550753000870,Summit Environmental School,La Crosse School District,La Crosse,295,152,Yes participating without using any Provision or the CEO,false,Prekindergarten,5th Grade
551578000261,Summit View Elementary,Waukesha School District,Waukesha,449,132,Yes participating without using any Provision or the CEO,false,Prekindergarten,5th Grade
551464001902,Sun Prairie East High,Sun Prairie Area School District,Sun Prairie,1340,364,Yes participating without using any Provision or the CEO,false,9th Grade,12th Grade
551464002761,Sun Prairie Four Kids,Sun Prairie Area School District,Sun Prairie,297,106,No,false,Prekindergarten,Prekindergarten
551464003162,Sun Prairie West High,Sun Prairie Area School District,Sun Prairie,1325,398,Yes participating without using any Provision or the CEO,false,9th Grade,12th Grade
551233001601,Sunnyside Elementary,Pulaski Community School District,Sobieski,497,46,Yes participating without using any Provision or the CEO,false,Prekindergarten,5th Grade
550747000732,Sunrise Elementary,Kimberly Area School District,Appleton,456,68,Yes participating without using any Provision or the CEO,false,Kindergarten,4th Grade
551461001895,Sunrise Elementary,Sturgeon Bay School District,Sturgeon Bay,214,106,Yes participating without using any Provision or the CEO,false,3rd Grade,5th Grade
550951000755,Sunset Ridge Elementary,Middleton-Cross Plains Area School District,Middleton,309,28,Yes participating without using any Provision or the CEO,false,Prekindergarten,4th Grade
551467002811,Superior Community Preschool,Superior School District,Superior,109,57,No,false,Prekindergarten,Prekindergarten
551467001918,Superior High,Superior School District,Superior,1256,,Yes participating without using any Provision or the CEO,false,9th Grade,12th Grade
551467001907,Superior Middle,Superior School District,Superior,888,,Yes participating without using any Provision or the CEO,true,6th Grade,8th Grade
551470001921,Suring Elementary,Suring Public School District,Suring,196,109,Yes participating without using any Provision or the CEO,true,Prekindergarten,8th Grade
551470001922,Suring High,Suring Public School District,Suring,118,60,Yes participating without using any Provision or the CEO,true,9th Grade,12th Grade
550321002668,Susie C Altmayer Elementary,De Pere School District,De Pere,525,127,Yes participating without using any Provision or the CEO,false,Prekindergarten,4th Grade
550924002267,Swallow Elementary,Swallow School District,Hartland,432,12,No,false,Prekindergarten,8th Grade
550177001217,Swanson Elementary,Elmbrook School District,Brookfield,778,102,Yes participating without using any Provision or the CEO,false,Prekindergarten,5th Grade
551032002995,Taft Elementary,Neenah Joint School District,Neenah,179,106,Yes under Community Eligibility Option (CEO),false,Kindergarten,4th Grade
551281000581,Tainter Elementary,Rice Lake Area School District,Rice Lake,445,251,Yes participating without using any Provision or the CEO,false,Prekindergarten,4th Grade
550981000682,Taylor Prairie Elementary,Monona Grove School District,Cottage Grove,264,55,Yes participating without using any Provision or the CEO,false,Prekindergarten,Kindergarten
550603000669,Templeton Middle,Hamilton School District,Sussex,766,103,Yes participating without using any Provision or the CEO,false,7th Grade,8th Grade
550007402637,Tenor High,Seeds of Health Inc,Milwaukee,651,431,Yes under Community Eligibility Option (CEO),true,9th Grade,12th Grade
550039002547,Tesla Engineering Charter School,Appleton Area School District,Appleton,147,32,Yes participating without using any Provision or the CEO,false,9th Grade,12th Grade
550009203146,The Lincoln Academy,The Lincoln Academy Inc,Beloit,727,463,Yes under Community Eligibility Option (CEO),false,Prekindergarten,12th Grade
550039003405,The Omolade Academy,Appleton Area School District,Appleton,23,17,Yes participating without using any Provision or the CEO,false,Kindergarten,3rd Grade
551236002471,The Real Sch,Racine Unified School District,Sturtevant,538,226,Yes under Community Eligibility Option (CEO),false,6th Grade,12th Grade
550468000505,Theisen Middle,Fond du Lac School District,Fond du Lac,431,192,Yes participating without using any Provision or the CEO,false,6th Grade,8th Grade
550444002552,Theodore Robinson Intermediate School,Evansville Community School District,Evansville,339,90,Yes participating without using any Provision or the CEO,false,3rd Grade,5th Grade
550822000910,Theresa Elementary,Lomira School District,Theresa,221,78,Yes participating without using any Provision or the CEO,false,Prekindergarten,4th Grade
551707002212,Think Academy-Together Helping Inspire Kids,Wisconsin Rapids School District,Rudolph,202,73,Yes participating without using any Provision or the CEO,false,Prekindergarten,5th Grade
551590002062,Thomas Jefferson Elementary,Wausau School District,Wausau,372,227,Yes under Community Eligibility Option (CEO),false,Prekindergarten,5th Grade
551200001570,Thomas Jefferson Middle,Port Washington-Saukville School District,Port Washington,677,186,Yes participating without using any Provision or the CEO,false,5th Grade,8th Grade
550852000964,Thoreau Elementary,Madison Metropolitan School District,Madison,403,175,Yes participating without using any Provision or the CEO,false,Prekindergarten,5th Grade
550960001255,Thoreau Elementary,Milwaukee School District,Milwaukee,353,338,Yes under Community Eligibility Option (CEO),true,Prekindergarten,8th Grade
551482001925,Thorp Elementary,Thorp School District,Thorp,321,173,Yes participating without using any Provision or the CEO,true,Prekindergarten,8th Grade
551482001926,Thorp High,Thorp School District,Thorp,181,105,Yes participating without using any Provision or the CEO,false,9th Grade,12th Grade
550246000272,Thorson Elementary,Cedarburg School District,Cedarburg,529,35,Yes participating without using any Provision or the CEO,false,Prekindergarten,5th Grade
551485001928,Three Lakes Elementary,Three Lakes School District,Three Lakes,160,67,Yes participating without using any Provision or the CEO,false,Prekindergarten,6th Grade
551485001929,Three Lakes High,Three Lakes School District,Three Lakes,156,47,Yes participating without using any Provision or the CEO,false,9th Grade,12th Grade
551485002954,Three Lakes Junior High,Three Lakes School District,Three Lakes,73,31,Yes participating without using any Provision or the CEO,false,7th Grade,8th Grade
550960002439,Thurston Woods Elementary,Milwaukee School District,Milwaukee,256,237,Yes under Community Eligibility Option (CEO),true,Prekindergarten,8th Grade
550429000461,Tibbets Elementary,Elkhorn Area School District,Elkhorn,431,103,Yes participating without using any Provision or the CEO,false,Prekindergarten,5th Grade
550159000201,Tiffany Creek Elementary,Boyceville Community School District,Boyceville,327,157,Yes participating without using any Provision or the CEO,false,Prekindergarten,5th Grade
551488001931,Tigerton Elementary,Tigerton School District,Tigerton,121,57,Yes under Community Eligibility Option (CEO),false,Prekindergarten,5th Grade
551488001932,Tigerton High,Tigerton School District,Tigerton,125,60,Yes under Community Eligibility Option (CEO),false,6th Grade,12th Grade
551491002797,Timber Pups Learning Center,Tomah Area School District,Tomah,32,19,Yes participating without using any Provision or the CEO,false,Prekindergarten,Prekindergarten
550591003347,Time 4 Learning Charter School,Greendale School District,Greendale,88,16,Yes participating without using any Provision or the CEO,false,Prekindergarten,Prekindergarten
551119001497,Tipler Middle,Oshkosh Area School District,Oshkosh,366,150,Yes under Community Eligibility Option (CEO),true,4th Grade,8th Grade
550105000153,Todd Elementary,Beloit School District,Beloit,471,326,Yes under Community Eligibility Option (CEO),false,Prekindergarten,5th Grade
551464003074,Token Springs Elementary,Sun Prairie Area School District,Sun Prairie,472,60,Yes participating without using any Provision or the CEO,false,Prekindergarten,5th Grade
550852000953,Toki Middle,Madison Metropolitan School District,Madison,487,224,Yes participating without using any Provision or the CEO,true,6th Grade,8th Grade
551491003028,Tomah Area Montessori School,Tomah Area School District,Tomah,72,23,Yes participating without using any Provision or the CEO,false,Prekindergarten,6th Grade
551491001939,Tomah High,Tomah Area School District,Tomah,882,306,Yes participating without using any Provision or the CEO,false,9th Grade,12th Grade
551491001938,Tomah Middle,Tomah Area School District,Tomah,663,290,Yes participating without using any Provision or the CEO,false,6th Grade,8th Grade
551494001946,Tomahawk Elementary,Tomahawk School District,Tomahawk,512,272,Yes participating without using any Provision or the CEO,false,Prekindergarten,5th Grade
551494001947,Tomahawk High,Tomahawk School District,Tomahawk,371,138,Yes participating without using any Provision or the CEO,false,9th Grade,12th Grade
551494001948,Tomahawk Middle,Tomahawk School District,Tomahawk,259,125,Yes participating without using any Provision or the CEO,false,6th Grade,8th Grade
550033002968,Tomorrow River Community Charter,Tomorrow River School District,Amherst Junction,184,60,Yes participating without using any Provision or the CEO,false,Prekindergarten,8th Grade
550033003063,Tomorrow River Virtual Charter School (Trvcs),Tomorrow River School District,Amherst Junction,66,,No,false,Prekindergarten,8th Grade
550177000227,Tonawanda Elementary,Elmbrook School District,Elm Grove,533,39,Yes participating without using any Provision or the CEO,false,Prekindergarten,5th Grade
551341001762,Tower Rock Elementary,Sauk Prairie School District,Prairie du Sac,213,93,Yes participating without using any Provision or the CEO,false,Prekindergarten,5th Grade
550960001258,Townsend Street Elementary,Milwaukee School District,Milwaukee,257,241,Yes under Community Eligibility Option (CEO),true,Prekindergarten,8th Grade
551119001359,Traeger Elementary,Oshkosh Area School District,Oshkosh,423,113,Yes participating without using any Provision or the CEO,false,Prekindergarten,5th Grade
551119001368,Traeger Middle,Oshkosh Area School District,Oshkosh,447,75,Yes participating without using any Provision or the CEO,false,6th Grade,8th Grade
551566002509,Trailside Elementary,Waterford Graded J1 School District,Waterford,331,107,Yes participating without using any Provision or the CEO,false,Prekindergarten,5th Grade
550960002760,Transition High,Milwaukee School District,Milwaukee,90,78,Yes under Community Eligibility Option (CEO),true,9th Grade,12th Grade
550804000898,Traver Elementary,Linn J4 School District,Lake Geneva,75,42,Yes participating without using any Provision or the CEO,true,Prekindergarten,8th Grade
551074003125,Treffert Way for the Exceptional Mind,North Fond du Lac School District,North Fond du Lac,60,39,Yes participating without using any Provision or the CEO,false,Kindergarten,8th Grade
550496000539,Trempealeau Elementary,Galesville-Ettrick-Trempealeau School District,Trempealeau,309,60,Yes participating without using any Provision or the CEO,false,Prekindergarten,5th Grade
550732000828,Tremper High,Kenosha School District,Kenosha,1417,627,Yes under Community Eligibility Option (CEO),true,9th Grade,12th Grade
550005202644,Trevor-Wilmot Grade,Trevor-Wilmot Consolidated School District,Trevor,455,,Yes participating without using any Provision or the CEO,false,Prekindergarten,8th Grade
551182001550,Tri-County Elementary,Tri-County Area School District,Plainfield,265,171,Yes participating without using any Provision or the CEO,false,Prekindergarten,5th Grade
551182001548,Tri-County High,Tri-County Area School District,Plainfield,180,102,Yes participating without using any Provision or the CEO,true,9th Grade,12th Grade
551182002620,Tri-County Middle,Tri-County Area School District,Plainfield,134,81,Yes participating without using any Provision or the CEO,true,6th Grade,8th Grade
550960001259,Trowbridge Street School of Great Lakes Studies,Milwaukee School District,Milwaukee,228,189,Yes under Community Eligibility Option (CEO),true,Prekindergarten,8th Grade
551032001353,Tullar Elementary,Neenah Joint School District,Neenah,343,70,Yes participating without using any Provision or the CEO,false,Kindergarten,4th Grade
550108000156,Turner High,Beloit Turner School District,Beloit,459,168,Yes participating without using any Provision or the CEO,false,9th Grade,12th Grade
550108000159,Turner Middle,Beloit Turner School District,Beloit,381,147,Yes participating without using any Provision or the CEO,false,6th Grade,8th Grade
550364000317,Turtle Creek Elementary,Delavan-Darien School District,Delavan,371,244,Yes participating without using any Provision or the CEO,false,Prekindergarten,2nd Grade
551506001955,Turtle Lake Elementary,Turtle Lake School District,Turtle Lake,215,102,Yes participating without using any Provision or the CEO,false,Prekindergarten,5th Grade
551506001956,Turtle Lake High,Turtle Lake School District,Turtle Lake,119,45,Yes participating without using any Provision or the CEO,false,9th Grade,12th Grade
551506003068,Turtle Lake Middle,Turtle Lake School District,Turtle Lake,96,38,Yes participating without using any Provision or the CEO,true,6th Grade,8th Grade
551512001962,Two Rivers High,Two Rivers Public School District,Two Rivers,471,156,Yes under Community Eligibility Option (CEO),false,9th Grade,12th Grade
550960001175,U S Grant School,Milwaukee School District,Milwaukee,585,564,Yes under Community Eligibility Option (CEO),true,Prekindergarten,8th Grade
551599002088,Underwood Elementary,Wauwatosa School District,Wauwatosa,315,131,Yes participating without using any Provision or the CEO,false,Prekindergarten,5th Grade
551518001964,Union Grove Elementary,Union Grove J1 School District,Union Grove,886,250,Yes participating without using any Provision or the CEO,true,Prekindergarten,8th Grade
551515001963,Union Grove High,Union Grove UHS School District,Union Grove,1032,121,No,false,9th Grade,12th Grade
550007703047,United Community Center Acosta Middle School,United Community Center Inc,Milwaukee,188,151,Yes under Community Eligibility Option (CEO),true,6th Grade,8th Grade
550075000097,Unity Elementary,Unity School District,Balsam Lake,385,205,Yes participating without using any Provision or the CEO,false,Prekindergarten,4th Grade
550075000098,Unity High,Unity School District,Balsam Lake,292,158,Yes participating without using any Provision or the CEO,false,9th Grade,12th Grade
550075000099,Unity Middle,Unity School District,Balsam Lake,238,120,Yes participating without using any Provision or the CEO,true,5th Grade,8th Grade
551365001798,Urban Middle,Sheboygan Area School District,Sheboygan,568,382,Yes under Community Eligibility Option (CEO),false,6th Grade,8th Grade
551521001966,Valders Elementary,Valders Area School District,Valders,411,120,Yes participating without using any Provision or the CEO,false,Prekindergarten,4th Grade
551521001967,Valders High,Valders Area School District,Valders,291,67,Yes participating without using any Provision or the CEO,false,9th Grade,12th Grade
551521001968,Valders Middle,Valders Area School District,Valders,259,58,Yes participating without using any Provision or the CEO,false,5th Grade,8th Grade
550039003341,Valley New School,Appleton Area School District,Appleton,68,22,Yes participating without using any Provision or the CEO,false,7th Grade,12th Grade
550054000085,Valley View Elementary,Ashwaubenon School District,Green Bay,660,264,Yes participating without using any Provision or the CEO,false,Kindergarten,5th Grade
550906000663,Valley View Elementary,Menomonee Falls School District,Menomonee Falls,369,75,Yes participating without using any Provision or the CEO,false,3rd Grade,5th Grade
550702000774,Van Buren Elementary,Janesville School District,Janesville,408,192,Yes under Community Eligibility Option (CEO),false,Prekindergarten,5th Grade
550852000965,Van Hise Elementary,Madison Metropolitan School District,Madison,396,66,Yes participating without using any Provision or the CEO,false,Kindergarten,5th Grade
550852000937,Vel Phillips Memorial High School,Madison Metropolitan School District,Madison,2004,850,Yes participating without using any Provision or the CEO,false,9th Grade,12th Grade
551119001492,Vel Phillips Middle School,Oshkosh Area School District,Oshkosh,832,518,Yes under Community Eligibility Option (CEO),true,6th Grade,8th Grade
551599002349,Vel R Phillips School,Wauwatosa School District,Wauwatosa,139,,No,true,Kindergarten,12th Grade
550007402496,Veritas High,Seeds of Health Inc,Milwaukee,256,192,Yes under Community Eligibility Option (CEO),true,9th Grade,12th Grade
551536002513,Vernon County Area Better Futures High,Viroqua Area School District,Viroqua,18,7,Yes participating without using any Provision or the CEO,false,9th Grade,12th Grade
551533001972,Verona Area High,Verona Area School District,Verona,1820,485,Yes participating without using any Provision or the CEO,false,9th Grade,12th Grade
551533002849,Verona Area International School,Verona Area School District,Verona,113,6,Yes participating without using any Provision or the CEO,false,Kindergarten,5th Grade
551533002890,Verona Area K4,Verona Area School District,Verona,292,3,No,false,Prekindergarten,Prekindergarten
550960001264,Victory Elementary,Milwaukee School District,Milwaukee,419,399,Yes under Community Eligibility Option (CEO),true,Prekindergarten,8th Grade
550960001265,Vieau Elementary,Milwaukee School District,Milwaukee,713,495,Yes under Community Eligibility Option (CEO),true,Prekindergarten,8th Grade
550366002936,Viking Academy,Denmark School District,Denmark,26,12,Yes participating without using any Provision or the CEO,false,6th Grade,12th Grade
550654002298,Viking Elementary,Holmen School District,Holmen,355,112,Yes participating without using any Provision or the CEO,false,Kindergarten,5th Grade
550072000096,Viking Middle,Baldwin-Woodville Area School District,Woodville,375,88,Yes participating without using any Provision or the CEO,false,6th Grade,8th Grade
550960003055,Vincent Accelerated Academy,Milwaukee School District,Milwaukee,53,50,Yes under Community Eligibility Option (CEO),true,9th Grade,12th Grade
551536002972,Viroqua Area Montessori School,Viroqua Area School District,Viroqua,147,41,Yes participating without using any Provision or the CEO,false,Prekindergarten,8th Grade
551536001975,Viroqua Elementary,Viroqua Area School District,Viroqua,276,125,Yes participating without using any Provision or the CEO,false,Prekindergarten,4th Grade
551536001976,Viroqua High,Viroqua Area School District,Viroqua,301,92,Yes participating without using any Provision or the CEO,false,9th Grade,12th Grade
551536001977,Viroqua Middle,Viroqua Area School District,Viroqua,253,96,Yes participating without using any Provision or the CEO,false,5th Grade,8th Grade
551539001978,Wabeno Elementary,Wabeno Area School District,Wabeno,196,110,Yes under Community Eligibility Option (CEO),false,Prekindergarten,5th Grade
551539001979,Wabeno High,Wabeno Area School District,Wabeno,193,119,Yes under Community Eligibility Option (CEO),false,6th Grade,12th Grade
551236001642,Wadewitz Elementary,Racine Unified School District,Racine,517,401,Yes under Community Eligibility Option (CEO),false,Prekindergarten,5th Grade
550909001072,Wakanda Elementary,Menomonie Area School District,Menomonie,351,156,Yes participating without using any Provision or the CEO,false,Prekindergarten,5th Grade
551236001644,Walden III High,Racine Unified School District,Racine,692,291,Yes under Community Eligibility Option (CEO),false,6th Grade,12th Grade
550351000380,Wales Elementary,Kettle Moraine School District,Wales,333,56,Yes participating without using any Provision or the CEO,false,Prekindergarten,5th Grade
551626002121,Walker Elementary,West Allis-West Milwaukee School District,West Allis,371,208,Yes under Community Eligibility Option (CEO),false,Prekindergarten,5th Grade
551461002322,Walker Middle,Sturgeon Bay School District,Sturgeon Bay,228,111,Yes participating without using any Provision or the CEO,true,6th Grade,8th Grade
550189000243,Waller Elementary,Burlington Area School District,Burlington,247,95,Yes participating without using any Provision or the CEO,false,Kindergarten,4th Grade
551545001981,Walworth Elementary,Walworth J1 School District,Walworth,409,195,Yes participating without using any Provision or the CEO,true,Prekindergarten,8th Grade
551491001940,Warrens Elementary,Tomah Area School District,Warrens,133,71,Yes participating without using any Provision or the CEO,false,Prekindergarten,5th Grade
551554002453,Washburn Elementary,Washburn School District,Washburn,285,107,Yes participating without using any Provision or the CEO,false,Prekindergarten,6th Grade
551554001985,Washburn High,Washburn School District,Washburn,182,71,Yes participating without using any Provision or the CEO,false,9th Grade,12th Grade
551554001984,Washburn Middle,Washburn School District,Washburn,80,34,Yes participating without using any Provision or the CEO,true,7th Grade,8th Grade
550096000129,Washington Elementary,Beaver Dam Unified School District,Beaver Dam,260,137,Yes participating without using any Provision or the CEO,false,Kindergarten,5th Grade
550702000775,Washington Elementary,Janesville School District,Janesville,410,233,Yes under Community Eligibility Option (CEO),false,Prekindergarten,5th Grade
550882001023,Washington Elementary,Marshfield Unified School District,Marshfield,316,104,Yes participating without using any Provision or the CEO,false,Prekindergarten,6th Grade
550921001103,Washington Elementary,Merrill Area School District,Merrill,257,143,Yes participating without using any Provision or the CEO,false,3rd Grade,4th Grade
551449001881,Washington Elementary,Stevens Point Area Public School District,Stevens Point,443,149,Yes participating without using any Provision or the CEO,false,Prekindergarten,6th Grade
551570001993,Washington Elementary,Washington-Caldwell School District,Waterford,192,22,Yes participating without using any Provision or the CEO,false,Prekindergarten,8th Grade
551599002089,Washington Elementary,Wauwatosa School District,Wauwatosa,285,51,Yes participating without using any Provision or the CEO,false,Prekindergarten,5th Grade
551668002181,Washington Elementary,Whitewater Unified School District,Whitewater,312,145,Yes participating without using any Provision or the CEO,false,Prekindergarten,5th Grade
551707002215,Washington Elementary,Wisconsin Rapids School District,Wisconsin Rapids,322,157,Yes under Community Eligibility Option (CEO),false,Kindergarten,5th Grade
551557001986,Washington Island Elementary,Washington Island School District,Washington Island,38,,No,true,Prekindergarten,8th Grade
551557001987,Washington Island High,Washington Island School District,Washington Island,23,,No,false,9th Grade,12th Grade
550582000641,Washington Middle,Green Bay Area Public School District,Green Bay,688,515,Yes under Community Eligibility Option (CEO),true,6th Grade,8th Grade
550732000831,Washington Middle,Kenosha School District,Kenosha,545,448,Yes under Community Eligibility Option (CEO),true,6th Grade,8th Grade
550861000980,Washington Middle,Manitowoc School District,Manitowoc,566,353,Yes under Community Eligibility Option (CEO),false,6th Grade,8th Grade
551095001438,Washington Middle,Oconto Falls Public School District,Oconto Falls,377,145,Yes participating without using any Provision or the CEO,false,6th Grade,8th Grade
551032001354,Washington School of Early Learning,Neenah Joint School District,Neenah,248,97,No,false,Prekindergarten,Prekindergarten
551629002666,Washington Street School,West Bend School District,West Bend,5,,No,false,4th Grade,12th Grade
551560001988,Waterford High,Waterford UHS School District,Waterford,889,120,No,false,9th Grade,12th Grade
551572001994,Waterloo Elementary,Waterloo School District,Waterloo,281,123,Yes participating without using any Provision or the CEO,false,Prekindergarten,4th Grade
551572001995,Waterloo High,Waterloo School District,Waterloo,232,88,Yes participating without using any Provision or the CEO,false,9th Grade,12th Grade
551572002628,Waterloo Intermediate,Waterloo School District,Waterloo,114,50,Yes participating without using any Provision or the CEO,false,5th Grade,6th Grade
551572001943,Waterloo Middle,Waterloo School District,Waterloo,118,52,Yes participating without using any Provision or the CEO,true,7th Grade,8th Grade
550468000506,Waters Elementary,Fond du Lac School District,Fond du Lac,389,180,Yes participating without using any Provision or the CEO,false,Prekindergarten,5th Grade
551575002661,Watertown 4 Kids,Watertown Unified School District,Watertown,155,83,No,false,Prekindergarten,Prekindergarten
551575002002,Watertown High,Watertown Unified School District,Watertown,1012,351,Yes participating without using any Provision or the CEO,false,9th Grade,12th Grade
550891002172,Waubesa Intermediate,McFarland School District,McFarland,489,86,Yes participating without using any Provision or the CEO,false,3rd Grade,5th Grade
551578003334,Waukesha Academy of Health Professions,Waukesha School District,Waukesha,112,38,Yes participating without using any Provision or the CEO,false,9th Grade,12th Grade
551578002502,Waukesha East Alternative School,Waukesha School District,Waukesha,74,58,Yes participating without using any Provision or the CEO,true,6th Grade,12th Grade
551578002688,Waukesha Engineering Preparatory Academy,Waukesha School District,Waukesha,144,32,Yes participating without using any Provision or the CEO,false,9th Grade,12th Grade
551578002023,Waukesha STEM Academy,Waukesha School District,Waukesha,580,145,Yes participating without using any Provision or the CEO,false,Kindergarten,8th Grade
551578002960,Waukesha Transition Academy,Waukesha School District,Waukesha,36,11,Yes participating without using any Provision or the CEO,false,12th Grade,12th Grade
551581002869,Waunakee Community 4K School,Waunakee Community School District,Waunakee,249,15,No,false,Prekindergarten,Prekindergarten
551581000269,Waunakee Heritage Elementary,Waunakee Community School District,Waunakee,537,84,No,false,Prekindergarten,4th Grade
551581002030,Waunakee High,Waunakee Community School District,Waunakee,1335,121,No,false,9th Grade,12th Grade
551581002029,Waunakee Intermediate,Waunakee Community School District,Waunakee,661,63,No,false,5th Grade,6th Grade
551581002031,Waunakee Middle,Waunakee Community School District,Waunakee,667,84,No,false,7th Grade,8th Grade
551581001198,Waunakee Prairie Elementary,Waunakee Community School District,Waunakee,531,28,No,false,Kindergarten,4th Grade
551584003007,Waupaca Community 4-Year Old Kindergarten,Waupaca School District,Waupaca,133,68,Yes participating without using any Provision or the CEO,false,Prekindergarten,Prekindergarten
551584002035,Waupaca High,Waupaca School District,Waupaca,623,229,Yes participating without using any Provision or the CEO,false,9th Grade,12th Grade
551584001203,Waupaca Learning Center Elementary,Waupaca School District,Waupaca,602,311,Yes participating without using any Provision or the CEO,false,Prekindergarten,4th Grade
551584002036,Waupaca Middle,Waupaca School District,Waupaca,546,237,Yes participating without using any Provision or the CEO,false,5th Grade,8th Grade
551587002045,Waupun Area Junior/Senior High School,Waupun School District,Waupun,832,276,Yes participating without using any Provision or the CEO,false,7th Grade,12th Grade
551590002629,Wausau Area Montessori Charter School,Wausau School District,Wausau,121,37,Yes participating without using any Provision or the CEO,false,Prekindergarten,8th Grade
551590003027,Wausau Area Virtual Education,Wausau School District,Wausau,152,24,No,false,Kindergarten,12th Grade
551593002067,Wausaukee Elementary,Wausaukee School District,Wausaukee,168,90,Yes under Community Eligibility Option (CEO),false,Prekindergarten,5th Grade
551593002068,Wausaukee High,Wausaukee School District,Wausaukee,123,59,Yes under Community Eligibility Option (CEO),false,9th Grade,12th Grade
551593002069,Wausaukee Middle,Wausaukee School District,Wausaukee,94,43,Yes under Community Eligibility Option (CEO),true,6th Grade,8th Grade
551596002074,Wautoma High,Wautoma Area School District,Wautoma,388,211,Yes participating without using any Provision or the CEO,false,9th Grade,12th Grade
551599002884,Wauwatosa Montessori School,Wauwatosa School District,Wauwatosa,176,18,Yes participating without using any Provision or the CEO,false,Prekindergarten,8th Grade
551599002728,Wauwatosa STEM,Wauwatosa School District,Wauwatosa,127,4,Yes participating without using any Provision or the CEO,false,Kindergarten,5th Grade
551599002921,Wauwatosa Virtual Academy,Wauwatosa School District,Wauwatosa,91,20,No,false,Kindergarten,12th Grade
551602002094,Wauzeka Elementary,Wauzeka-Steuben School District,Wauzeka,112,58,Yes participating without using any Provision or the CEO,false,Prekindergarten,5th Grade
551602002095,Wauzeka High,Wauzeka-Steuben School District,Wauzeka,83,44,Yes participating without using any Provision or the CEO,true,9th Grade,12th Grade
551602002738,Wauzeka Middle,Wauzeka-Steuben School District,Wauzeka,53,26,Yes participating without using any Provision or the CEO,true,6th Grade,8th Grade
551206002283,Wayne Bartels Middle,Portage Community School District,Portage,422,169,Yes under Community Eligibility Option (CEO),false,6th Grade,8th Grade
551266001665,Webb Middle,Reedsburg School District,Reedsburg,572,234,Yes participating without using any Provision or the CEO,true,6th Grade,8th Grade
550582000642,Webster Elementary,Green Bay Area Public School District,Green Bay,271,147,Yes under Community Eligibility Option (CEO),false,Prekindergarten,5th Grade
551575002003,Webster Elementary,Watertown Unified School District,Watertown,381,200,Yes participating without using any Provision or the CEO,false,Prekindergarten,5th Grade
551623002098,Webster Elementary,Webster School District,Webster,248,152,Yes participating without using any Provision or the CEO,false,Prekindergarten,4th Grade
551623002099,Webster High,Webster School District,Webster,186,95,Yes participating without using any Provision or the CEO,false,9th Grade,12th Grade
550246000273,Webster Middle,Cedarburg School District,Cedarburg,692,49,Yes participating without using any Provision or the CEO,false,6th Grade,8th Grade
551623002100,Webster Middle,Webster School District,Webster,184,98,Yes participating without using any Provision or the CEO,true,5th Grade,8th Grade
550960002737,Wedgewood Park School,Milwaukee School District,Milwaukee,541,420,Yes under Community Eligibility Option (CEO),true,6th Grade,8th Grade
551629003035,West Bend School District 4K,West Bend School District,West Bend,285,,No,false,Prekindergarten,Prekindergarten
551632002138,West De Pere High,West De Pere School District,De Pere,1050,207,Yes participating without using any Provision or the CEO,false,9th Grade,12th Grade
551632003147,West De Pere Intermediate School,West De Pere School District,De Pere,561,134,Yes participating without using any Provision or the CEO,false,5th Grade,6th Grade
551632000545,West De Pere Middle,West De Pere School District,De Pere,546,135,Yes participating without using any Provision or the CEO,false,7th Grade,8th Grade
550036000046,West Elementary,Antigo Unified School District,Antigo,185,117,Yes under Community Eligibility Option (CEO),false,Prekindergarten,3rd Grade
550705000780,West Elementary,Jefferson School District,Jefferson,233,145,Yes participating without using any Provision or the CEO,false,Kindergarten,5th Grade
550957001120,West Elementary,Milton School District,Milton,322,113,Yes participating without using any Provision or the CEO,false,Prekindergarten,3rd Grade
550081002587,West Elementary-Kindergarten Center,Baraboo School District,Baraboo,35,3,Yes under Community Eligibility Option (CEO),false,Prekindergarten,Kindergarten
550039000048,West High,Appleton Area School District,Appleton,1024,513,Yes under Community Eligibility Option (CEO),false,9th Grade,12th Grade
550582000644,West High,Green Bay Area Public School District,Green Bay,777,508,Yes under Community Eligibility Option (CEO),true,9th Grade,12th Grade
550852000967,West High,Madison Metropolitan School District,Madison,2222,761,Yes participating without using any Provision or the CEO,false,9th Grade,12th Grade
551119001496,West High,Oshkosh Area School District,Oshkosh,1623,470,Yes under Community Eligibility Option (CEO),false,9th Grade,12th Grade
551578000528,West High,Waukesha School District,Waukesha,1167,248,Yes participating without using any Provision or the CEO,false,9th Grade,12th Grade
551590002064,West High,Wausau School District,Wausau,1470,606,Yes participating without using any Provision or the CEO,false,9th Grade,12th Grade
551599002091,West High,Wauwatosa School District,Wauwatosa,986,291,Yes participating without using any Provision or the CEO,false,9th Grade,12th Grade
551629002135,West High,West Bend School District,West Bend,1085,281,Yes participating without using any Provision or the CEO,false,9th Grade,12th Grade
550951001113,West Middleton Elementary,Middleton-Cross Plains Area School District,Verona,334,52,Yes participating without using any Provision or the CEO,false,Prekindergarten,4th Grade
551626002106,West Milwaukee Intermediate,West Allis-West Milwaukee School District,West Milwaukee,378,290,Yes under Community Eligibility Option (CEO),true,6th Grade,8th Grade
551635002140,West Salem Elementary,West Salem School District,West Salem,677,163,Yes participating without using any Provision or the CEO,false,Prekindergarten,4th Grade
551635002141,West Salem High,West Salem School District,West Salem,603,112,Yes participating without using any Provision or the CEO,false,9th Grade,12th Grade
551635002324,West Salem Middle,West Salem School District,West Salem,534,124,Yes participating without using any Provision or the CEO,false,5th Grade,8th Grade
550429000462,West Side Elementary,Elkhorn Area School District,Elkhorn,406,149,Yes participating without using any Provision or the CEO,false,Prekindergarten,5th Grade
550885001027,West Side Elementary,Mauston School District,Mauston,256,175,Yes participating without using any Provision or the CEO,false,Prekindergarten,2nd Grade
551266001668,West Side Elementary,Reedsburg School District,Reedsburg,198,121,Yes participating without using any Provision or the CEO,false,Prekindergarten,2nd Grade
551641002145,Westby Elementary,Westby Area School District,Westby,277,108,Yes participating without using any Provision or the CEO,false,Prekindergarten,4th Grade
551641002146,Westby High,Westby Area School District,Westby,319,87,Yes participating without using any Provision or the CEO,false,9th Grade,12th Grade
551641001207,Westby Middle,Westby Area School District,Westby,272,88,Yes participating without using any Provision or the CEO,false,5th Grade,8th Grade
550435003121,Western Wisconsin Virtual Charter School (Wwvc),Elmwood School District,Elmwood,18,,No,false,Prekindergarten,12th Grade
551644002151,Westfield Area High,Westfield School District,Westfield,329,132,Yes participating without using any Provision or the CEO,false,9th Grade,12th Grade
551644002535,Westfield Area Middle,Westfield School District,Westfield,232,105,Yes participating without using any Provision or the CEO,true,6th Grade,8th Grade
551644002150,Westfield Elementary,Westfield School District,Westfield,275,153,Yes participating without using any Provision or the CEO,false,Prekindergarten,5th Grade
550246002403,Westlawn Elementary,Cedarburg School District,Cedarburg,297,44,Yes participating without using any Provision or the CEO,false,Prekindergarten,5th Grade
551647000548,Weston Elementary,Weston School District,Cazenovia,117,70,Yes under Community Eligibility Option (CEO),false,Prekindergarten,6th Grade
551317001741,Weston Elementary,D C Everest Area School District,Weston,519,301,Yes participating without using any Provision or the CEO,false,Prekindergarten,5th Grade
551647002156,Weston Jr High School,Weston School District,Cazenovia,41,20,Yes under Community Eligibility Option (CEO),true,7th Grade,8th Grade
551647002155,Weston Sr High School,Weston School District,Cazenovia,68,25,Yes under Community Eligibility Option (CEO),true,9th Grade,12th Grade
550960001512,Westside Academy,Milwaukee School District,Milwaukee,159,154,Yes under Community Eligibility Option (CEO),false,Prekindergarten,5th Grade
550747000851,Westside Elementary,Kimberly Area School District,Kimberly,408,125,Yes participating without using any Provision or the CEO,false,Kindergarten,4th Grade
551305001725,Westside Elementary,River Falls School District,River Falls,403,73,Yes participating without using any Provision or the CEO,false,Prekindergarten,5th Grade
551464001904,Westside Elementary,Sun Prairie Area School District,Sun Prairie,434,287,Yes under Community Eligibility Option (CEO),false,Prekindergarten,5th Grade
551185001555,Westview Elementary,Platteville School District,Platteville,443,194,Yes participating without using any Provision or the CEO,false,1st Grade,4th Grade
551632002139,Westwood Elementary,West De Pere School District,De Pere,623,189,Yes participating without using any Provision or the CEO,false,Prekindergarten,4th Grade
551650002158,Weyauwega Elementary,Weyauwega-Fremont School District,Weyauwega,257,134,Yes participating without using any Provision or the CEO,false,Prekindergarten,5th Grade
551650002159,Weyauwega High,Weyauwega-Fremont School District,Weyauwega,274,89,Yes participating without using any Provision or the CEO,false,9th Grade,12th Grade
551650002160,Weyauwega Middle,Weyauwega-Fremont School District,Weyauwega,153,67,Yes participating without using any Provision or the CEO,true,6th Grade,8th Grade
551656002163,Wheatland Center Elementary,Wheatland J1 School District,Burlington,644,213,Yes participating without using any Provision or the CEO,true,Prekindergarten,8th Grade
551659002164,White Lake Elementary,White Lake School District,White Lake,105,50,Yes under Community Eligibility Option (CEO),false,Prekindergarten,6th Grade
551659002165,White Lake High,White Lake School District,White Lake,44,24,Yes under Community Eligibility Option (CEO),true,9th Grade,12th Grade
551659003108,White Lake Middle,White Lake School District,White Lake,23,14,Yes under Community Eligibility Option (CEO),false,7th Grade,8th Grade
551578002926,White Rock Campus,Waukesha School District,Waukesha,167,54,No,false,Prekindergarten,Prekindergarten
551578002027,White Rock School,Waukesha School District,Waukesha,286,33,No,false,Prekindergarten,8th Grade
551662002170,Whitefish Bay High,Whitefish Bay School District,Whitefish Bay,945,,No,false,9th Grade,12th Grade
551662002402,Whitefish Bay Middle,Whitefish Bay School District,Whitefish Bay,612,,No,false,6th Grade,8th Grade
551665002175,Whitehall Memorial Elementary,Whitehall School District,Whitehall,439,222,Yes participating without using any Provision or the CEO,false,Prekindergarten,6th Grade
551665002176,Whitehall Memorial Junior/Senior High,Whitehall School District,Whitehall,321,139,Yes participating without using any Provision or the CEO,false,7th Grade,12th Grade
550852000934,Whitehorse Middle,Madison Metropolitan School District,Madison,415,245,Yes participating without using any Provision or the CEO,true,6th Grade,8th Grade
551668002834,Whitewater 4K,Whitewater Unified School District,Whitewater,14,3,No,false,Prekindergarten,Prekindergarten
551668002182,Whitewater High,Whitewater Unified School District,Whitewater,606,262,Yes participating without using any Provision or the CEO,false,9th Grade,12th Grade
551668002178,Whitewater Middle,Whitewater Unified School District,Whitewater,394,198,Yes participating without using any Provision or the CEO,true,6th Grade,8th Grade
550960001270,Whitman Elementary,Milwaukee School District,Milwaukee,339,242,Yes under Community Eligibility Option (CEO),true,Prekindergarten,8th Grade
551599002092,Whitman Middle,Wauwatosa School District,Wauwatosa,570,189,Yes participating without using any Provision or the CEO,false,6th Grade,8th Grade
550600000661,Whitnall High,Whitnall School District,Greenfield,821,234,Yes participating without using any Provision or the CEO,false,9th Grade,12th Grade
550600000662,Whitnall Middle,Whitnall School District,Greenfield,558,155,Yes participating without using any Provision or the CEO,true,6th Grade,8th Grade
550960001271,Whittier Elementary,Milwaukee School District,Milwaukee,146,79,Yes under Community Eligibility Option (CEO),false,Prekindergarten,5th Grade
550732000832,Whittier Elementary,Kenosha School District,Pleasant Prairie,459,170,Yes under Community Eligibility Option (CEO),false,Prekindergarten,5th Grade
550960002608,Whs Information Technology,Milwaukee School District,Milwaukee,402,343,Yes under Community Eligibility Option (CEO),true,9th Grade,12th Grade
551671002184,Wild Rose Elementary,Wild Rose School District,Wild Rose,276,130,Yes participating without using any Provision or the CEO,false,Prekindergarten,5th Grade
551671002185,Wild Rose High,Wild Rose School District,Wild Rose,287,124,Yes participating without using any Provision or the CEO,false,6th Grade,12th Grade
550582002406,Wilder Elementary,Green Bay Area Public School District,Green Bay,413,210,Yes participating without using any Provision or the CEO,false,Prekindergarten,5th Grade
550063002586,Wildlands Charter School,Augusta School District,Augusta,72,20,Yes participating without using any Provision or the CEO,false,6th Grade,12th Grade
551674002186,Williams Bay Elementary,Williams Bay School District,Williams Bay,282,64,Yes participating without using any Provision or the CEO,false,Prekindergarten,5th Grade
551674002187,Williams Bay High,Williams Bay School District,Williams Bay,170,54,Yes participating without using any Provision or the CEO,false,9th Grade,12th Grade
551674000277,Williams Bay Middle,Williams Bay School District,Williams Bay,145,33,Yes participating without using any Provision or the CEO,false,6th Grade,8th Grade
551326001750,Willow Glen Primary School,Saint Francis School District,Saint Francis,263,120,Yes participating without using any Provision or the CEO,false,Prekindergarten,3rd Grade
550669002332,Willow River Elementary,Hudson School District,Hudson,278,36,Yes participating without using any Provision or the CEO,false,Prekindergarten,5th Grade
550603002432,Willow Springs Learning Center,Hamilton School District,Menomonee Falls,279,24,No,false,Prekindergarten,Prekindergarten
550081000106,Willson Elementary,Baraboo School District,Baraboo,284,,Yes participating without using any Provision or the CEO,false,Prekindergarten,5th Grade
551677002188,Wilmot High,Wilmot UHS School District,Wilmot,840,,No,true,9th Grade,12th Grade
550096000130,Wilson Elementary,Beaver Dam Unified School District,Beaver Dam,41,31,Yes participating without using any Provision or the CEO,false,Prekindergarten,5th Grade
550702000776,Wilson Elementary,Janesville School District,Janesville,256,236,Yes under Community Eligibility Option (CEO),false,Prekindergarten,5th Grade
550913001090,Wilson Elementary,Mequon-Thiensville School District,Mequon,558,58,Yes participating without using any Provision or the CEO,false,Prekindergarten,5th Grade
551365001800,Wilson Elementary,Sheboygan Area School District,Sheboygan,472,334,Yes under Community Eligibility Option (CEO),false,Prekindergarten,5th Grade
551599002093,Wilson Elementary,Wauwatosa School District,Wauwatosa,218,48,Yes participating without using any Provision or the CEO,false,Prekindergarten,5th Grade
551626002124,Wilson Elementary,West Allis-West Milwaukee School District,West Allis,365,240,Yes under Community Eligibility Option (CEO),false,Prekindergarten,5th Grade
550039000065,Wilson Middle,Appleton Area School District,Appleton,587,339,Yes under Community Eligibility Option (CEO),true,6th Grade,8th Grade
550861000981,Wilson Middle,Manitowoc School District,Manitowoc,478,186,Yes under Community Eligibility Option (CEO),false,6th Grade,8th Grade
550318000360,Windsor Elementary,De Forest Area School District,Windsor,526,74,Yes participating without using any Provision or the CEO,false,Kindergarten,3rd Grade
550189000244,Winkler Elementary,Burlington Area School District,Burlington,207,102,Yes participating without using any Provision or the CEO,false,Kindergarten,4th Grade
551683002190,Winneconne Elementary,Winneconne Community School District,Winneconne,823,168,Yes participating without using any Provision or the CEO,false,Prekindergarten,5th Grade
551683002191,Winneconne High,Winneconne Community School District,Winneconne,487,89,Yes participating without using any Provision or the CEO,false,9th Grade,12th Grade
551683002192,Winneconne Middle,Winneconne Community School District,Winneconne,411,72,Yes participating without using any Provision or the CEO,false,6th Grade,8th Grade
550981002343,Winnequah School,Monona Grove School District,Monona,602,122,Yes participating without using any Provision or the CEO,false,Prekindergarten,5th Grade
550777000892,Winskill Elementary,Lancaster Community School District,Lancaster,435,168,Yes participating without using any Provision or the CEO,false,Prekindergarten,5th Grade
551686002194,Winter Elementary,Winter School District,Winter,93,63,Yes participating without using any Provision or the CEO,false,Prekindergarten,5th Grade
551686002195,Winter High,Winter School District,Winter,72,42,Yes participating without using any Provision or the CEO,false,9th Grade,12th Grade
551686002315,Winter Middle,Winter School District,Winter,41,26,Yes participating without using any Provision or the CEO,true,6th Grade,8th Grade
550189003388,Wisconsin Connect Charter School,Burlington Area School District,Burlington,78,30,No,false,Prekindergarten,12th Grade
550039002825,Wisconsin Connections Academy,Appleton Area School District,Appleton,743,321,Yes participating without using any Provision or the CEO,false,Prekindergarten,12th Grade
550960000681,Wisconsin Conservatory of Lifelong Learning,Milwaukee School District,Milwaukee,286,267,Yes under Community Eligibility Option (CEO),true,Prekindergarten,12th Grade
551704002200,Wisconsin Dells High,Wisconsin Dells School District,Wisconsin Dells,563,309,Yes participating without using any Provision or the CEO,false,9th Grade,12th Grade
551704002271,Wisconsin Dells Middle School,Wisconsin Dells School District,Wisconsin Dells,374,218,Yes participating without using any Provision or the CEO,true,6th Grade,8th Grade
550123000170,Wisconsin Heights Elementary,Wisconsin Heights School District,Mazomanie,391,107,Yes participating without using any Provision or the CEO,false,Prekindergarten,5th Grade
550123000172,Wisconsin Heights High,Wisconsin Heights School District,Mazomanie,238,62,Yes participating without using any Provision or the CEO,false,9th Grade,12th Grade
550123000609,Wisconsin Heights Middle,Wisconsin Heights School District,Mazomanie,153,43,Yes participating without using any Provision or the CEO,false,6th Grade,8th Grade
550177000228,Wisconsin Hills Middle,Elmbrook School District,Brookfield,812,75,Yes participating without using any Provision or the CEO,false,6th Grade,8th Grade
551707002216,Wisconsin Rapids Area Middle,Wisconsin Rapids School District,Wisconsin Rapids,943,435,Yes participating without using any Provision or the CEO,true,6th Grade,8th Grade
550891002975,Wisconsin Virtual Academy High (Wiva),McFarland School District,McFarland,1566,948,No,false,9th Grade,12th Grade
550891002973,Wisconsin Virtual Academy K-8 (Wiva),McFarland School District,McFarland,1393,949,No,true,Prekindergarten,8th Grade
550489002801,Wisconsin Virtual Learning,Northern Ozaukee School District,Fredonia,337,120,No,false,Prekindergarten,12th Grade
551038003089,Wise Academy,Nekoosa School District,Nekoosa,218,68,No,false,Prekindergarten,12th Grade
551710002223,Wittenberg Elementary,Wittenberg-Birnamwood School District,Wittenberg,449,205,Yes participating without using any Provision or the CEO,true,Prekindergarten,8th Grade
551710002222,Wittenberg-Birnamwood High,Wittenberg-Birnamwood School District,Wittenberg,343,143,Yes participating without using any Provision or the CEO,false,9th Grade,12th Grade
551713002224,Wonewoc-Center Elementary,Wonewoc-Union Center School District,Wonewoc,175,103,Yes participating without using any Provision or the CEO,false,Prekindergarten,5th Grade
551713002225,Wonewoc-Center High,Wonewoc-Union Center School District,Wonewoc,114,58,Yes participating without using any Provision or the CEO,false,9th Grade,12th Grade
551713002226,Wonewoc-Center Junior High,Wonewoc-Union Center School District,Wonewoc,68,39,Yes participating without using any Provision or the CEO,true,6th Grade,8th Grade
551713003059,Wonewoc-Center Virtual Academy,Wonewoc-Union Center School District,Wonewoc,5,,No,false,Kindergarten,12th Grade
551566002510,Woodfield Elementary,Waterford Graded J1 School District,Waterford,322,50,Yes participating without using any Provision or the CEO,false,Prekindergarten,5th Grade
550087000119,Woodland Elementary,Barron Area School District,Barron,324,210,Yes participating without using any Provision or the CEO,false,Prekindergarten,4th Grade
550747002824,Woodland Intermediate,Kimberly Area School District,Appleton,316,16,Yes participating without using any Provision or the CEO,false,5th Grade,6th Grade
550747002641,Woodland School,Kimberly Area School District,Appleton,478,27,Yes participating without using any Provision or the CEO,false,Kindergarten,4th Grade
550011303353,Woodlands School,Woodlands School Inc,Milwaukee,313,58,Yes participating without using any Provision or the CEO,false,Prekindergarten,8th Grade
550011302942,Woodlands School - State Street Campus,Woodlands School Inc,Milwaukee,175,16,Yes participating without using any Provision or the CEO,true,Prekindergarten,8th Grade
551206002711,Woodridge Elementary,Portage Community School District,Portage,201,94,Yes under Community Eligibility Option (CEO),false,Kindergarten,1st Grade
550510000546,Woods Elementary,Geneva J4 School District,Lake Geneva,148,47,Yes participating without using any Provision or the CEO,false,Prekindergarten,8th Grade
550603001676,Woodside Elementary,Hamilton School District,Sussex,456,48,Yes participating without using any Provision or the CEO,false,Kindergarten,4th Grade
551707002217,Woodside Elementary,Wisconsin Rapids School District,Wisconsin Rapids,354,143,Yes participating without using any Provision or the CEO,false,Prekindergarten,5th Grade
550561002250,Woodview Elementary,Grafton School District,Grafton,506,92,Yes participating without using any Provision or the CEO,false,Prekindergarten,5th Grade
550468002325,Woodworth Middle,Fond du Lac School District,Fond du Lac,413,223,Yes participating without using any Provision or the CEO,true,6th Grade,8th Grade
551719002228,Wrightstown Elementary,Wrightstown Community School District,Wrightstown,540,111,Yes participating without using any Provision or the CEO,false,Prekindergarten,4th Grade
551719002229,Wrightstown High,Wrightstown Community School District,Wrightstown,414,85,Yes participating without using any Provision or the CEO,false,9th Grade,12th Grade
551719000280,Wrightstown Middle,Wrightstown Community School District,Wrightstown,398,77,Yes participating without using any Provision or the CEO,false,5th Grade,8th Grade
551707003357,Wrps / Pitsch Early Learning,Wisconsin Rapids School District,Wisconsin Rapids,208,116,Yes under Community Eligibility Option (CEO),false,Prekindergarten,Prekindergarten
551491001941,Wyeville Elementary,Tomah Area School District,Wyeville,98,56,Yes under Community Eligibility Option (CEO),false,Kindergarten,5th Grade
550318000108,Yahara Elementary,De Forest Area School District,DeForest,329,51,Yes participating without using any Provision or the CEO,false,Kindergarten,3rd Grade
550411000446,Yahara Elementary,Edgerton School District,Edgerton,120,30,Yes participating without using any Provision or the CEO,false,Kindergarten,5th Grade
551722002230,Yorkville Elementary,Yorkville J2 School District,Union Grove,465,118,Yes participating without using any Provision or the CEO,false,Prekindergarten,8th Grade
550702002948,Youth Services Center,Janesville School District,Janesville,10,5,Yes participating without using any Provision or the CEO,false,Prekindergarten,12th Grade
550960002342,Zablocki Elementary,Milwaukee School District,Milwaukee,250,225,Yes under Community Eligibility Option (CEO),false,Prekindergarten,5th Grade
550744002333,Zielanis Elementary,Kiel Area School District,Kiel,412,97,Yes participating without using any Provision or the CEO,false,Prekindergarten,4th Grade
